sbjID,familiarity_score
0,63.333333333333336
1,63.333333333333336
2,66.66666666666667
3,60.0
4,60.0
5,46.66666666666667
6,56.66666666666667
7,66.66666666666667
