"rt","response","trial_type","trial_index","time_elapsed","internal_node_id","subject_id","study_id","session_id","stimulus","question_order","success","task","item","correct_response","testing_condition","correct","target","confound","name"
"318525","{""ID"":""697caee42ccb58f80bd052aa""}","survey-html-form","0","318528","0.0-0.0","697caee42ccb58f80bd052aa","69d7901e3430d13455efb336","69e637f6e1080e5e646a477f","","","","","","","","","","",""
"858642"," ","html-keyboard-response","1","1177173","0.0-1.0","697caee42ccb58f80bd052aa","69d7901e3430d13455efb336","69e637f6e1080e5e646a477f","<p style=""font-size: 30px;"">Before beginning, we ask that you read the consent information and confirm your agreement to participate in the experiment.</p>
      <p style=""font-size: 30px;""> We ask that you remember that this is a research project and that your participation is entirely voluntary. You can stop your participation at any time, without needing to provide any explanation. The study we're asking you to participate in aims at examining how readers process written words. You will be engaged in a session of apprximately 25-30 minutes, followed by a brief questionnaire. You will have the opportunity to take a few breaks during the experiment. You will be paid £4 for your participation, corresponding to a rate of £8/hour. While this experiment looks at cognitive faculties, this experiment doesn't constitute clinical proof of eventual pathologies.</p>
      <p style=""font-size: 30px;"">All of the information collected thanks to yours and others' participation will be held in a secure password-protected server, and will not be shared with anyone not authorised to view it. Your personal information will be kept with an arbitrary participant ID. Thanks to this data anonymity process, any researcher analysing the data won't be able to track the information back to a specific participant. Therefore, this process will make identifying you impossibile, even when results from the study will be published in scientific reviews, presented at congresses, or at any other public forum. More generally, the collected data will be treated in accordance with the laws on privacy and conformity to the Legislative Degree n. 196 ""Code regarding the protection of personal data"" of the 30th of June 2003 and to the European Regulation 2016/670 (General Data Protection Regulation - GDPR). The Data Protection Officer is Avv. Valentina Carollo, who can be contacted at the following email addresses: <a href=""mailto:dpo@sissa.it"">dpo@sissa.it</a> or <a href=""mailto:rpd@sissa.it"">rpd@sissa.it</a> - PEC: <a href=""mailto:protocollo@pec.sissa.it"">protocollo@pec.sissa.it</a>.</p>
      <p style=""font-size: 30px;""> Before expressing your consent to participate, we would like to remind you again that in case you need explanations on any aspect of the experimental procedure, the researcher is at your disposition (<a href=""mailto:aliebelt@sissa.it"">aliebelt@sissa.it</a>, <a href=""mailto:davide.crepaldi@sissa.it"">davide.crepaldi@sissa.it</a>). Please feel free to contact the researcher through the Messaging feature on Prolific if you have any questions or issues.</p>
      <p style=""font-size: 30px;"">If you would like to download the informed consent form, you can do so here: <a href=""BASL-Informed_Consent.pdf"" download>informed consent form</a>.</p>
      <p style=""font-size: 30px;"">We ask that you press the spacebar to proceed to the consent section.</p>","","","","","","","","","",""
"24393","{""consent1"":""YES"",""consent2"":""YES"",""consent3"":""YES"",""consent4"":""YES"",""consent5"":""YES"",""consent6"":""YES""}","survey-html-form","2","1201569","0.0-2.0","697caee42ccb58f80bd052aa","69d7901e3430d13455efb336","69e637f6e1080e5e646a477f","","","","","","","","","","",""
"69238","{""Languages"":[""Bengali"",""English"",""Hindi"",""Korean"",""Nepali""]}","survey-multi-select","3","1270928","0.0-3.0-0.0","697caee42ccb58f80bd052aa","69d7901e3430d13455efb336","69e637f6e1080e5e646a477f","","[0]","","","","","","","","",""
"4888","","fullscreen","4","1276822","0.0-4.0","697caee42ccb58f80bd052aa","69d7901e3430d13455efb336","69e637f6e1080e5e646a477f","","","true","","","","","","","",""
"228245"," ","html-keyboard-response","5","1505070","0.0-5.0","697caee42ccb58f80bd052aa","69d7901e3430d13455efb336","69e637f6e1080e5e646a477f","<p style=""font-size: 30px"">Welcome, and thank you very much for your time!</p>
      <p style=""font-size: 30px"">In this experiment, you'll be a language expert who's been asked to take a look at words that Earth has received in its first communication with aliens. Your task, in this first part of the experiment, is to pay close attention to the words you'll be shown; later, world leaders will ask you questions on what you saw. The words will be shown to you quite quickly; it seems that the aliens were in a hurry :-)</p>
      <p style=""font-size: 30px"">Press the spacebar to continue.<p>","","","","","","","","","",""
"null","null","html-keyboard-response","6","1505077","0.0-6.0","697caee42ccb58f80bd052aa","69d7901e3430d13455efb336","69e637f6e1080e5e646a477f","<p style=""font-size: 1px; font-family: FragmentMono""> x </p>","","","","","","","","","",""
"null","null","html-keyboard-response","7","1506079","0.0-7.0-0.0","697caee42ccb58f80bd052aa","69d7901e3430d13455efb336","69e637f6e1080e5e646a477f","<p style=""font-size: 60px; font-family: FragmentMono"">EXDTVXB</p>","","","training","","","","","","",""
"null","null","html-keyboard-response","8","1507091","0.0-7.0-0.1","697caee42ccb58f80bd052aa","69d7901e3430d13455efb336","69e637f6e1080e5e646a477f","<p style=""font-size: 60px; font-family: FragmentMono"">LMAZWHIK</p>","","","training","","","","","","",""
"null","null","html-keyboard-response","9","1508092","0.0-7.0-0.2","697caee42ccb58f80bd052aa","69d7901e3430d13455efb336","69e637f6e1080e5e646a477f","<p style=""font-size: 60px; font-family: FragmentMono"">HUVWUQRBJ</p>","","","training","","","","","","",""
"null","null","html-keyboard-response","10","1509097","0.0-7.0-0.3","697caee42ccb58f80bd052aa","69d7901e3430d13455efb336","69e637f6e1080e5e646a477f","<p style=""font-size: 60px; font-family: FragmentMono"">UWXVLYUFA</p>","","","training","","","","","","",""
"null","null","html-keyboard-response","11","1510098","0.0-7.0-0.4","697caee42ccb58f80bd052aa","69d7901e3430d13455efb336","69e637f6e1080e5e646a477f","<p style=""font-size: 60px; font-family: FragmentMono"">EZSJIHIK</p>","","","training","","","","","","",""
"null","null","html-keyboard-response","12","1511114","0.0-7.0-0.5","697caee42ccb58f80bd052aa","69d7901e3430d13455efb336","69e637f6e1080e5e646a477f","<p style=""font-size: 60px; font-family: FragmentMono"">GQFHXVEWG</p>","","","training","","","","","","",""
"null","null","html-keyboard-response","13","1512129","0.0-7.0-0.6","697caee42ccb58f80bd052aa","69d7901e3430d13455efb336","69e637f6e1080e5e646a477f","<p style=""font-size: 60px; font-family: FragmentMono"">EXDTBWGO</p>","","","training","","","","","","",""
"null","null","html-keyboard-response","14","1513144","0.0-7.0-0.7","697caee42ccb58f80bd052aa","69d7901e3430d13455efb336","69e637f6e1080e5e646a477f","<p style=""font-size: 60px; font-family: FragmentMono"">TNKDOVXB</p>","","","training","","","","","","",""
"null","null","html-keyboard-response","15","1514159","0.0-7.0-0.8","697caee42ccb58f80bd052aa","69d7901e3430d13455efb336","69e637f6e1080e5e646a477f","<p style=""font-size: 60px; font-family: FragmentMono"">CYFTQRBJ</p>","","","training","","","","","","",""
"null","null","html-keyboard-response","16","1515160","0.0-7.0-0.9","697caee42ccb58f80bd052aa","69d7901e3430d13455efb336","69e637f6e1080e5e646a477f","<p style=""font-size: 60px; font-family: FragmentMono"">KUQVMSVN</p>","","","training","","","","","","",""
"null","null","html-keyboard-response","17","1516164","0.0-7.0-0.10","697caee42ccb58f80bd052aa","69d7901e3430d13455efb336","69e637f6e1080e5e646a477f","<p style=""font-size: 60px; font-family: FragmentMono"">OTJMUBWGO</p>","","","training","","","","","","",""
"null","null","html-keyboard-response","18","1517179","0.0-7.0-0.11","697caee42ccb58f80bd052aa","69d7901e3430d13455efb336","69e637f6e1080e5e646a477f","<p style=""font-size: 60px; font-family: FragmentMono"">OGPGLSVN</p>","","","training","","","","","","",""
"null","null","html-keyboard-response","19","1518191","0.0-7.0-0.12","697caee42ccb58f80bd052aa","69d7901e3430d13455efb336","69e637f6e1080e5e646a477f","<p style=""font-size: 60px; font-family: FragmentMono"">XUFEVEWG</p>","","","training","","","","","","",""
"null","null","html-keyboard-response","20","1519195","0.0-7.0-0.13","697caee42ccb58f80bd052aa","69d7901e3430d13455efb336","69e637f6e1080e5e646a477f","<p style=""font-size: 60px; font-family: FragmentMono"">HTZXDVXB</p>","","","training","","","","","","",""
"null","null","html-keyboard-response","21","1520196","0.0-7.0-0.14","697caee42ccb58f80bd052aa","69d7901e3430d13455efb336","69e637f6e1080e5e646a477f","<p style=""font-size: 60px; font-family: FragmentMono"">LRYWHIK</p>","","","training","","","","","","",""
"null","null","html-keyboard-response","22","1521198","0.0-7.0-0.15","697caee42ccb58f80bd052aa","69d7901e3430d13455efb336","69e637f6e1080e5e646a477f","<p style=""font-size: 60px; font-family: FragmentMono"">UBSUBWGO</p>","","","training","","","","","","",""
"null","null","html-keyboard-response","23","1522200","0.0-7.0-0.16","697caee42ccb58f80bd052aa","69d7901e3430d13455efb336","69e637f6e1080e5e646a477f","<p style=""font-size: 60px; font-family: FragmentMono"">HTZXDVCEG</p>","","","training","","","","","","",""
"null","null","html-keyboard-response","24","1523213","0.0-7.0-0.17","697caee42ccb58f80bd052aa","69d7901e3430d13455efb336","69e637f6e1080e5e646a477f","<p style=""font-size: 60px; font-family: FragmentMono"">UWNPVXB</p>","","","training","","","","","","",""
"null","null","html-keyboard-response","25","1524227","0.0-7.0-0.18","697caee42ccb58f80bd052aa","69d7901e3430d13455efb336","69e637f6e1080e5e646a477f","<p style=""font-size: 60px; font-family: FragmentMono"">HUVWUVCEG</p>","","","training","","","","","","",""
"null","null","html-keyboard-response","26","1525229","0.0-7.0-0.19","697caee42ccb58f80bd052aa","69d7901e3430d13455efb336","69e637f6e1080e5e646a477f","<p style=""font-size: 60px; font-family: FragmentMono"">XUFEOKDV</p>","","","training","","","","","","",""
"null","null","html-keyboard-response","27","1526239","0.0-7.0-0.20","697caee42ccb58f80bd052aa","69d7901e3430d13455efb336","69e637f6e1080e5e646a477f","<p style=""font-size: 60px; font-family: FragmentMono"">EZSJITGPV</p>","","","training","","","","","","",""
"null","null","html-keyboard-response","28","1527245","0.0-7.0-0.21","697caee42ccb58f80bd052aa","69d7901e3430d13455efb336","69e637f6e1080e5e646a477f","<p style=""font-size: 60px; font-family: FragmentMono"">SBRCVEWG</p>","","","training","","","","","","",""
"null","null","html-keyboard-response","29","1528248","0.0-7.0-0.22","697caee42ccb58f80bd052aa","69d7901e3430d13455efb336","69e637f6e1080e5e646a477f","<p style=""font-size: 60px; font-family: FragmentMono"">VUWYKTGPV</p>","","","training","","","","","","",""
"null","null","html-keyboard-response","30","1529256","0.0-7.0-0.23","697caee42ccb58f80bd052aa","69d7901e3430d13455efb336","69e637f6e1080e5e646a477f","<p style=""font-size: 60px; font-family: FragmentMono"">OGPGLOKDV</p>","","","training","","","","","","",""
"null","null","html-keyboard-response","31","1530257","0.0-7.0-0.24","697caee42ccb58f80bd052aa","69d7901e3430d13455efb336","69e637f6e1080e5e646a477f","<p style=""font-size: 60px; font-family: FragmentMono"">TNKDOQRBJ</p>","","","training","","","","","","",""
"null","null","html-keyboard-response","32","1531264","0.0-7.0-0.25","697caee42ccb58f80bd052aa","69d7901e3430d13455efb336","69e637f6e1080e5e646a477f","<p style=""font-size: 60px; font-family: FragmentMono"">OGPGLVEWG</p>","","","training","","","","","","",""
"null","null","html-keyboard-response","33","1532274","0.0-7.0-0.26","697caee42ccb58f80bd052aa","69d7901e3430d13455efb336","69e637f6e1080e5e646a477f","<p style=""font-size: 60px; font-family: FragmentMono"">LMAZWOKDV</p>","","","training","","","","","","",""
"null","null","html-keyboard-response","34","1533275","0.0-7.0-0.27","697caee42ccb58f80bd052aa","69d7901e3430d13455efb336","69e637f6e1080e5e646a477f","<p style=""font-size: 60px; font-family: FragmentMono"">KUQVMTGPV</p>","","","training","","","","","","",""
"null","null","html-keyboard-response","35","1534291","0.0-7.0-0.28","697caee42ccb58f80bd052aa","69d7901e3430d13455efb336","69e637f6e1080e5e646a477f","<p style=""font-size: 60px; font-family: FragmentMono"">OTJMUVCEG</p>","","","training","","","","","","",""
"null","null","html-keyboard-response","36","1535295","0.0-7.0-0.29","697caee42ccb58f80bd052aa","69d7901e3430d13455efb336","69e637f6e1080e5e646a477f","<p style=""font-size: 60px; font-family: FragmentMono"">TNKDOBWGO</p>","","","training","","","","","","",""
"null","null","html-keyboard-response","37","1536311","0.0-7.0-0.30","697caee42ccb58f80bd052aa","69d7901e3430d13455efb336","69e637f6e1080e5e646a477f","<p style=""font-size: 60px; font-family: FragmentMono"">NAPYQOKDV</p>","","","training","","","","","","",""
"null","null","html-keyboard-response","38","1537327","0.0-7.0-0.31","697caee42ccb58f80bd052aa","69d7901e3430d13455efb336","69e637f6e1080e5e646a477f","<p style=""font-size: 60px; font-family: FragmentMono"">HTZXDQRBJ</p>","","","training","","","","","","",""
"null","null","html-keyboard-response","39","1538331","0.0-7.0-0.32","697caee42ccb58f80bd052aa","69d7901e3430d13455efb336","69e637f6e1080e5e646a477f","<p style=""font-size: 60px; font-family: FragmentMono"">UBSUYUFA</p>","","","training","","","","","","",""
"null","null","html-keyboard-response","40","1539347","0.0-7.0-0.33","697caee42ccb58f80bd052aa","69d7901e3430d13455efb336","69e637f6e1080e5e646a477f","<p style=""font-size: 60px; font-family: FragmentMono"">LMAZWTGPV</p>","","","training","","","","","","",""
"null","null","html-keyboard-response","41","1540356","0.0-7.0-0.34","697caee42ccb58f80bd052aa","69d7901e3430d13455efb336","69e637f6e1080e5e646a477f","<p style=""font-size: 60px; font-family: FragmentMono"">UWXVLBWGO</p>","","","training","","","","","","",""
"null","null","html-keyboard-response","42","1541373","0.0-7.0-0.35","697caee42ccb58f80bd052aa","69d7901e3430d13455efb336","69e637f6e1080e5e646a477f","<p style=""font-size: 60px; font-family: FragmentMono"">XUFEHIK</p>","","","training","","","","","","",""
"null","null","html-keyboard-response","43","1542389","0.0-7.0-0.36","697caee42ccb58f80bd052aa","69d7901e3430d13455efb336","69e637f6e1080e5e646a477f","<p style=""font-size: 60px; font-family: FragmentMono"">LMAZWVEWG</p>","","","training","","","","","","",""
"null","null","html-keyboard-response","44","1543398","0.0-7.0-0.37","697caee42ccb58f80bd052aa","69d7901e3430d13455efb336","69e637f6e1080e5e646a477f","<p style=""font-size: 60px; font-family: FragmentMono"">ERBYXYUFA</p>","","","training","","","","","","",""
"null","null","html-keyboard-response","45","1544408","0.0-7.0-0.38","697caee42ccb58f80bd052aa","69d7901e3430d13455efb336","69e637f6e1080e5e646a477f","<p style=""font-size: 60px; font-family: FragmentMono"">LRYWVEWG</p>","","","training","","","","","","",""
"null","null","html-keyboard-response","46","1545410","0.0-7.0-0.39","697caee42ccb58f80bd052aa","69d7901e3430d13455efb336","69e637f6e1080e5e646a477f","<p style=""font-size: 60px; font-family: FragmentMono"">UBSUVCEG</p>","","","training","","","","","","",""
"null","null","html-keyboard-response","47","1546424","0.0-7.0-0.40","697caee42ccb58f80bd052aa","69d7901e3430d13455efb336","69e637f6e1080e5e646a477f","<p style=""font-size: 60px; font-family: FragmentMono"">KUQVMOKDV</p>","","","training","","","","","","",""
"null","null","html-keyboard-response","48","1547428","0.0-7.0-0.41","697caee42ccb58f80bd052aa","69d7901e3430d13455efb336","69e637f6e1080e5e646a477f","<p style=""font-size: 60px; font-family: FragmentMono"">UWXVLVXB</p>","","","training","","","","","","",""
"null","null","html-keyboard-response","49","1548431","0.0-7.0-0.42","697caee42ccb58f80bd052aa","69d7901e3430d13455efb336","69e637f6e1080e5e646a477f","<p style=""font-size: 60px; font-family: FragmentMono"">LRYWSVN</p>","","","training","","","","","","",""
"null","null","html-keyboard-response","50","1549447","0.0-7.0-0.43","697caee42ccb58f80bd052aa","69d7901e3430d13455efb336","69e637f6e1080e5e646a477f","<p style=""font-size: 60px; font-family: FragmentMono"">ERBYXVCEG</p>","","","training","","","","","","",""
"null","null","html-keyboard-response","51","1550458","0.0-7.0-0.44","697caee42ccb58f80bd052aa","69d7901e3430d13455efb336","69e637f6e1080e5e646a477f","<p style=""font-size: 60px; font-family: FragmentMono"">SBRCHIK</p>","","","training","","","","","","",""
"null","null","html-keyboard-response","52","1551460","0.0-7.0-0.45","697caee42ccb58f80bd052aa","69d7901e3430d13455efb336","69e637f6e1080e5e646a477f","<p style=""font-size: 60px; font-family: FragmentMono"">EXDTYUFA</p>","","","training","","","","","","",""
"null","null","html-keyboard-response","53","1552464","0.0-7.0-0.46","697caee42ccb58f80bd052aa","69d7901e3430d13455efb336","69e637f6e1080e5e646a477f","<p style=""font-size: 60px; font-family: FragmentMono"">UWNPQRBJ</p>","","","training","","","","","","",""
"null","null","html-keyboard-response","54","1553466","0.0-7.0-0.47","697caee42ccb58f80bd052aa","69d7901e3430d13455efb336","69e637f6e1080e5e646a477f","<p style=""font-size: 60px; font-family: FragmentMono"">CYFTBWGO</p>","","","training","","","","","","",""
"null","null","html-keyboard-response","55","1554480","0.0-7.0-0.48","697caee42ccb58f80bd052aa","69d7901e3430d13455efb336","69e637f6e1080e5e646a477f","<p style=""font-size: 60px; font-family: FragmentMono"">GQFHXOKDV</p>","","","training","","","","","","",""
"null","null","html-keyboard-response","56","1555493","0.0-7.0-0.49","697caee42ccb58f80bd052aa","69d7901e3430d13455efb336","69e637f6e1080e5e646a477f","<p style=""font-size: 60px; font-family: FragmentMono"">OTJMUQRBJ</p>","","","training","","","","","","",""
"null","null","html-keyboard-response","57","1556503","0.0-7.0-0.50","697caee42ccb58f80bd052aa","69d7901e3430d13455efb336","69e637f6e1080e5e646a477f","<p style=""font-size: 60px; font-family: FragmentMono"">VUWYKHIK</p>","","","training","","","","","","",""
"null","null","html-keyboard-response","58","1557509","0.0-7.0-0.51","697caee42ccb58f80bd052aa","69d7901e3430d13455efb336","69e637f6e1080e5e646a477f","<p style=""font-size: 60px; font-family: FragmentMono"">HUVWUBWGO</p>","","","training","","","","","","",""
"null","null","html-keyboard-response","59","1558513","0.0-7.0-0.52","697caee42ccb58f80bd052aa","69d7901e3430d13455efb336","69e637f6e1080e5e646a477f","<p style=""font-size: 60px; font-family: FragmentMono"">UBSUVXB</p>","","","training","","","","","","",""
"null","null","html-keyboard-response","60","1559515","0.0-7.0-0.53","697caee42ccb58f80bd052aa","69d7901e3430d13455efb336","69e637f6e1080e5e646a477f","<p style=""font-size: 60px; font-family: FragmentMono"">SBRCTGPV</p>","","","training","","","","","","",""
"null","null","html-keyboard-response","61","1560524","0.0-7.0-0.54","697caee42ccb58f80bd052aa","69d7901e3430d13455efb336","69e637f6e1080e5e646a477f","<p style=""font-size: 60px; font-family: FragmentMono"">CYFTVXB</p>","","","training","","","","","","",""
"null","null","html-keyboard-response","62","1561531","0.0-7.0-0.55","697caee42ccb58f80bd052aa","69d7901e3430d13455efb336","69e637f6e1080e5e646a477f","<p style=""font-size: 60px; font-family: FragmentMono"">OGPGLTGPV</p>","","","training","","","","","","",""
"null","null","html-keyboard-response","63","1562532","0.0-7.0-0.56","697caee42ccb58f80bd052aa","69d7901e3430d13455efb336","69e637f6e1080e5e646a477f","<p style=""font-size: 60px; font-family: FragmentMono"">HTZXDYUFA</p>","","","training","","","","","","",""
"null","null","html-keyboard-response","64","1563540","0.0-7.0-0.57","697caee42ccb58f80bd052aa","69d7901e3430d13455efb336","69e637f6e1080e5e646a477f","<p style=""font-size: 60px; font-family: FragmentMono"">EZSJISVN</p>","","","training","","","","","","",""
"null","null","html-keyboard-response","65","1564548","0.0-7.0-0.58","697caee42ccb58f80bd052aa","69d7901e3430d13455efb336","69e637f6e1080e5e646a477f","<p style=""font-size: 60px; font-family: FragmentMono"">NAPYQHIK</p>","","","training","","","","","","",""
"null","null","html-keyboard-response","66","1565549","0.0-7.0-0.59","697caee42ccb58f80bd052aa","69d7901e3430d13455efb336","69e637f6e1080e5e646a477f","<p style=""font-size: 60px; font-family: FragmentMono"">ERBYXVXB</p>","","","training","","","","","","",""
"null","null","html-keyboard-response","67","1566550","0.0-7.0-0.60","697caee42ccb58f80bd052aa","69d7901e3430d13455efb336","69e637f6e1080e5e646a477f","<p style=""font-size: 60px; font-family: FragmentMono"">CYFTVCEG</p>","","","training","","","","","","",""
"null","null","html-keyboard-response","68","1567562","0.0-7.0-0.61","697caee42ccb58f80bd052aa","69d7901e3430d13455efb336","69e637f6e1080e5e646a477f","<p style=""font-size: 60px; font-family: FragmentMono"">XUFETGPV</p>","","","training","","","","","","",""
"null","null","html-keyboard-response","69","1568579","0.0-7.0-0.62","697caee42ccb58f80bd052aa","69d7901e3430d13455efb336","69e637f6e1080e5e646a477f","<p style=""font-size: 60px; font-family: FragmentMono"">VUWYKOKDV</p>","","","training","","","","","","",""
"null","null","html-keyboard-response","70","1569582","0.0-7.0-0.63","697caee42ccb58f80bd052aa","69d7901e3430d13455efb336","69e637f6e1080e5e646a477f","<p style=""font-size: 60px; font-family: FragmentMono"">OTJMUYUFA</p>","","","training","","","","","","",""
"null","null","html-keyboard-response","71","1570596","0.0-7.0-0.64","697caee42ccb58f80bd052aa","69d7901e3430d13455efb336","69e637f6e1080e5e646a477f","<p style=""font-size: 60px; font-family: FragmentMono"">KUQVMVEWG</p>","","","training","","","","","","",""
"null","null","html-keyboard-response","72","1571599","0.0-7.0-0.65","697caee42ccb58f80bd052aa","69d7901e3430d13455efb336","69e637f6e1080e5e646a477f","<p style=""font-size: 60px; font-family: FragmentMono"">UWNPVCEG</p>","","","training","","","","","","",""
"null","null","html-keyboard-response","73","1572613","0.0-7.0-0.66","697caee42ccb58f80bd052aa","69d7901e3430d13455efb336","69e637f6e1080e5e646a477f","<p style=""font-size: 60px; font-family: FragmentMono"">NAPYQVEWG</p>","","","training","","","","","","",""
"null","null","html-keyboard-response","74","1573616","0.0-7.0-0.67","697caee42ccb58f80bd052aa","69d7901e3430d13455efb336","69e637f6e1080e5e646a477f","<p style=""font-size: 60px; font-family: FragmentMono"">VUWYKSVN</p>","","","training","","","","","","",""
"null","null","html-keyboard-response","75","1574632","0.0-7.0-0.68","697caee42ccb58f80bd052aa","69d7901e3430d13455efb336","69e637f6e1080e5e646a477f","<p style=""font-size: 60px; font-family: FragmentMono"">EZSJIOKDV</p>","","","training","","","","","","",""
"null","null","html-keyboard-response","76","1575646","0.0-7.0-0.69","697caee42ccb58f80bd052aa","69d7901e3430d13455efb336","69e637f6e1080e5e646a477f","<p style=""font-size: 60px; font-family: FragmentMono"">HUVWUYUFA</p>","","","training","","","","","","",""
"null","null","html-keyboard-response","77","1576649","0.0-7.0-0.70","697caee42ccb58f80bd052aa","69d7901e3430d13455efb336","69e637f6e1080e5e646a477f","<p style=""font-size: 60px; font-family: FragmentMono"">GQFHXSVN</p>","","","training","","","","","","",""
"null","null","html-keyboard-response","78","1577665","0.0-7.0-0.71","697caee42ccb58f80bd052aa","69d7901e3430d13455efb336","69e637f6e1080e5e646a477f","<p style=""font-size: 60px; font-family: FragmentMono"">UWXVLQRBJ</p>","","","training","","","","","","",""
"null","null","html-keyboard-response","79","1578669","0.0-7.0-0.72","697caee42ccb58f80bd052aa","69d7901e3430d13455efb336","69e637f6e1080e5e646a477f","<p style=""font-size: 60px; font-family: FragmentMono"">TNKDOYUFA</p>","","","training","","","","","","",""
"null","null","html-keyboard-response","80","1579678","0.0-7.0-0.73","697caee42ccb58f80bd052aa","69d7901e3430d13455efb336","69e637f6e1080e5e646a477f","<p style=""font-size: 60px; font-family: FragmentMono"">GQFHXHIK</p>","","","training","","","","","","",""
"null","null","html-keyboard-response","81","1580691","0.0-7.0-0.74","697caee42ccb58f80bd052aa","69d7901e3430d13455efb336","69e637f6e1080e5e646a477f","<p style=""font-size: 60px; font-family: FragmentMono"">NAPYQSVN</p>","","","training","","","","","","",""
"null","null","html-keyboard-response","82","1581693","0.0-7.0-0.75","697caee42ccb58f80bd052aa","69d7901e3430d13455efb336","69e637f6e1080e5e646a477f","<p style=""font-size: 60px; font-family: FragmentMono"">UWNPBWGO</p>","","","training","","","","","","",""
"null","null","html-keyboard-response","83","1582707","0.0-7.0-0.76","697caee42ccb58f80bd052aa","69d7901e3430d13455efb336","69e637f6e1080e5e646a477f","<p style=""font-size: 60px; font-family: FragmentMono"">ERBYXQRBJ</p>","","","training","","","","","","",""
"null","null","html-keyboard-response","84","1583715","0.0-7.0-0.77","697caee42ccb58f80bd052aa","69d7901e3430d13455efb336","69e637f6e1080e5e646a477f","<p style=""font-size: 60px; font-family: FragmentMono"">LRYWTGPV</p>","","","training","","","","","","",""
"null","null","html-keyboard-response","85","1584727","0.0-7.0-0.78","697caee42ccb58f80bd052aa","69d7901e3430d13455efb336","69e637f6e1080e5e646a477f","<p style=""font-size: 60px; font-family: FragmentMono"">EXDTVCEG</p>","","","training","","","","","","",""
"null","null","html-keyboard-response","86","1585740","0.0-7.0-0.79","697caee42ccb58f80bd052aa","69d7901e3430d13455efb336","69e637f6e1080e5e646a477f","<p style=""font-size: 60px; font-family: FragmentMono"">SBRCSVN</p>","","","training","","","","","","",""
"10138"," ","html-keyboard-response","87","1595880","0.0-8.0","697caee42ccb58f80bd052aa","69d7901e3430d13455efb336","69e637f6e1080e5e646a477f","<p style=""font-size: 30px"">Great, you've seen the first block of words. You may now take a short break.</p>
      <p style=""font-size: 30px"">Press the spacebar when you're ready to continue.</p>","","","","","","","","","",""
"null","null","html-keyboard-response","88","1596883","0.0-9.0-0.0","697caee42ccb58f80bd052aa","69d7901e3430d13455efb336","69e637f6e1080e5e646a477f","<p style=""font-size: 60px; font-family: FragmentMono"">EZSJITGPV</p>","","","training","","","","","","",""
"null","null","html-keyboard-response","89","1597900","0.0-9.0-0.1","697caee42ccb58f80bd052aa","69d7901e3430d13455efb336","69e637f6e1080e5e646a477f","<p style=""font-size: 60px; font-family: FragmentMono"">CYFTQRBJ</p>","","","training","","","","","","",""
"null","null","html-keyboard-response","90","1598916","0.0-9.0-0.2","697caee42ccb58f80bd052aa","69d7901e3430d13455efb336","69e637f6e1080e5e646a477f","<p style=""font-size: 60px; font-family: FragmentMono"">LMAZWVEWG</p>","","","training","","","","","","",""
"null","null","html-keyboard-response","91","1599933","0.0-9.0-0.3","697caee42ccb58f80bd052aa","69d7901e3430d13455efb336","69e637f6e1080e5e646a477f","<p style=""font-size: 60px; font-family: FragmentMono"">LRYWHIK</p>","","","training","","","","","","",""
"null","null","html-keyboard-response","92","1600948","0.0-9.0-0.4","697caee42ccb58f80bd052aa","69d7901e3430d13455efb336","69e637f6e1080e5e646a477f","<p style=""font-size: 60px; font-family: FragmentMono"">UWNPBWGO</p>","","","training","","","","","","",""
"null","null","html-keyboard-response","93","1601958","0.0-9.0-0.5","697caee42ccb58f80bd052aa","69d7901e3430d13455efb336","69e637f6e1080e5e646a477f","<p style=""font-size: 60px; font-family: FragmentMono"">EXDTVXB</p>","","","training","","","","","","",""
"null","null","html-keyboard-response","94","1602967","0.0-9.0-0.6","697caee42ccb58f80bd052aa","69d7901e3430d13455efb336","69e637f6e1080e5e646a477f","<p style=""font-size: 60px; font-family: FragmentMono"">HUVWUQRBJ</p>","","","training","","","","","","",""
"null","null","html-keyboard-response","95","1603978","0.0-9.0-0.7","697caee42ccb58f80bd052aa","69d7901e3430d13455efb336","69e637f6e1080e5e646a477f","<p style=""font-size: 60px; font-family: FragmentMono"">EXDTYUFA</p>","","","training","","","","","","",""
"null","null","html-keyboard-response","96","1604982","0.0-9.0-0.8","697caee42ccb58f80bd052aa","69d7901e3430d13455efb336","69e637f6e1080e5e646a477f","<p style=""font-size: 60px; font-family: FragmentMono"">TNKDOVXB</p>","","","training","","","","","","",""
"null","null","html-keyboard-response","97","1605983","0.0-9.0-0.9","697caee42ccb58f80bd052aa","69d7901e3430d13455efb336","69e637f6e1080e5e646a477f","<p style=""font-size: 60px; font-family: FragmentMono"">NAPYQOKDV</p>","","","training","","","","","","",""
"null","null","html-keyboard-response","98","1606997","0.0-9.0-0.10","697caee42ccb58f80bd052aa","69d7901e3430d13455efb336","69e637f6e1080e5e646a477f","<p style=""font-size: 60px; font-family: FragmentMono"">GQFHXVEWG</p>","","","training","","","","","","",""
"null","null","html-keyboard-response","99","1608011","0.0-9.0-0.11","697caee42ccb58f80bd052aa","69d7901e3430d13455efb336","69e637f6e1080e5e646a477f","<p style=""font-size: 60px; font-family: FragmentMono"">HTZXDVCEG</p>","","","training","","","","","","",""
"null","null","html-keyboard-response","100","1609024","0.0-9.0-0.12","697caee42ccb58f80bd052aa","69d7901e3430d13455efb336","69e637f6e1080e5e646a477f","<p style=""font-size: 60px; font-family: FragmentMono"">NAPYQHIK</p>","","","training","","","","","","",""
"null","null","html-keyboard-response","101","1610037","0.0-9.0-0.13","697caee42ccb58f80bd052aa","69d7901e3430d13455efb336","69e637f6e1080e5e646a477f","<p style=""font-size: 60px; font-family: FragmentMono"">UBSUVCEG</p>","","","training","","","","","","",""
"null","null","html-keyboard-response","102","1611043","0.0-9.0-0.14","697caee42ccb58f80bd052aa","69d7901e3430d13455efb336","69e637f6e1080e5e646a477f","<p style=""font-size: 60px; font-family: FragmentMono"">TNKDOQRBJ</p>","","","training","","","","","","",""
"null","null","html-keyboard-response","103","1612049","0.0-9.0-0.15","697caee42ccb58f80bd052aa","69d7901e3430d13455efb336","69e637f6e1080e5e646a477f","<p style=""font-size: 60px; font-family: FragmentMono"">CYFTVXB</p>","","","training","","","","","","",""
"null","null","html-keyboard-response","104","1613066","0.0-9.0-0.16","697caee42ccb58f80bd052aa","69d7901e3430d13455efb336","69e637f6e1080e5e646a477f","<p style=""font-size: 60px; font-family: FragmentMono"">TNKDOYUFA</p>","","","training","","","","","","",""
"null","null","html-keyboard-response","105","1614080","0.0-9.0-0.17","697caee42ccb58f80bd052aa","69d7901e3430d13455efb336","69e637f6e1080e5e646a477f","<p style=""font-size: 60px; font-family: FragmentMono"">CYFTBWGO</p>","","","training","","","","","","",""
"null","null","html-keyboard-response","106","1615091","0.0-9.0-0.18","697caee42ccb58f80bd052aa","69d7901e3430d13455efb336","69e637f6e1080e5e646a477f","<p style=""font-size: 60px; font-family: FragmentMono"">VUWYKHIK</p>","","","training","","","","","","",""
"null","null","html-keyboard-response","107","1616107","0.0-9.0-0.19","697caee42ccb58f80bd052aa","69d7901e3430d13455efb336","69e637f6e1080e5e646a477f","<p style=""font-size: 60px; font-family: FragmentMono"">UWXVLBWGO</p>","","","training","","","","","","",""
"null","null","html-keyboard-response","108","1617108","0.0-9.0-0.20","697caee42ccb58f80bd052aa","69d7901e3430d13455efb336","69e637f6e1080e5e646a477f","<p style=""font-size: 60px; font-family: FragmentMono"">KUQVMSVN</p>","","","training","","","","","","",""
"null","null","html-keyboard-response","109","1618112","0.0-9.0-0.21","697caee42ccb58f80bd052aa","69d7901e3430d13455efb336","69e637f6e1080e5e646a477f","<p style=""font-size: 60px; font-family: FragmentMono"">HTZXDVXB</p>","","","training","","","","","","",""
"null","null","html-keyboard-response","110","1619116","0.0-9.0-0.22","697caee42ccb58f80bd052aa","69d7901e3430d13455efb336","69e637f6e1080e5e646a477f","<p style=""font-size: 60px; font-family: FragmentMono"">SBRCHIK</p>","","","training","","","","","","",""
"null","null","html-keyboard-response","111","1620117","0.0-9.0-0.23","697caee42ccb58f80bd052aa","69d7901e3430d13455efb336","69e637f6e1080e5e646a477f","<p style=""font-size: 60px; font-family: FragmentMono"">ERBYXQRBJ</p>","","","training","","","","","","",""
"null","null","html-keyboard-response","112","1621119","0.0-9.0-0.24","697caee42ccb58f80bd052aa","69d7901e3430d13455efb336","69e637f6e1080e5e646a477f","<p style=""font-size: 60px; font-family: FragmentMono"">UBSUVXB</p>","","","training","","","","","","",""
"null","null","html-keyboard-response","113","1622129","0.0-9.0-0.25","697caee42ccb58f80bd052aa","69d7901e3430d13455efb336","69e637f6e1080e5e646a477f","<p style=""font-size: 60px; font-family: FragmentMono"">LRYWTGPV</p>","","","training","","","","","","",""
"null","null","html-keyboard-response","114","1623146","0.0-9.0-0.26","697caee42ccb58f80bd052aa","69d7901e3430d13455efb336","69e637f6e1080e5e646a477f","<p style=""font-size: 60px; font-family: FragmentMono"">UWXVLVXB</p>","","","training","","","","","","",""
"null","null","html-keyboard-response","115","1624152","0.0-9.0-0.27","697caee42ccb58f80bd052aa","69d7901e3430d13455efb336","69e637f6e1080e5e646a477f","<p style=""font-size: 60px; font-family: FragmentMono"">KUQVMVEWG</p>","","","training","","","","","","",""
"null","null","html-keyboard-response","116","1625165","0.0-9.0-0.28","697caee42ccb58f80bd052aa","69d7901e3430d13455efb336","69e637f6e1080e5e646a477f","<p style=""font-size: 60px; font-family: FragmentMono"">UBSUBWGO</p>","","","training","","","","","","",""
"null","null","html-keyboard-response","117","1626177","0.0-9.0-0.29","697caee42ccb58f80bd052aa","69d7901e3430d13455efb336","69e637f6e1080e5e646a477f","<p style=""font-size: 60px; font-family: FragmentMono"">UWNPVCEG</p>","","","training","","","","","","",""
"null","null","html-keyboard-response","118","1627187","0.0-9.0-0.30","697caee42ccb58f80bd052aa","69d7901e3430d13455efb336","69e637f6e1080e5e646a477f","<p style=""font-size: 60px; font-family: FragmentMono"">NAPYQSVN</p>","","","training","","","","","","",""
"null","null","html-keyboard-response","119","1628194","0.0-9.0-0.31","697caee42ccb58f80bd052aa","69d7901e3430d13455efb336","69e637f6e1080e5e646a477f","<p style=""font-size: 60px; font-family: FragmentMono"">HUVWUBWGO</p>","","","training","","","","","","",""
"null","null","html-keyboard-response","120","1629206","0.0-9.0-0.32","697caee42ccb58f80bd052aa","69d7901e3430d13455efb336","69e637f6e1080e5e646a477f","<p style=""font-size: 60px; font-family: FragmentMono"">OGPGLVEWG</p>","","","training","","","","","","",""
"null","null","html-keyboard-response","121","1630216","0.0-9.0-0.33","697caee42ccb58f80bd052aa","69d7901e3430d13455efb336","69e637f6e1080e5e646a477f","<p style=""font-size: 60px; font-family: FragmentMono"">VUWYKSVN</p>","","","training","","","","","","",""
"null","null","html-keyboard-response","122","1631223","0.0-9.0-0.34","697caee42ccb58f80bd052aa","69d7901e3430d13455efb336","69e637f6e1080e5e646a477f","<p style=""font-size: 60px; font-family: FragmentMono"">OTJMUVCEG</p>","","","training","","","","","","",""
"null","null","html-keyboard-response","123","1632233","0.0-9.0-0.35","697caee42ccb58f80bd052aa","69d7901e3430d13455efb336","69e637f6e1080e5e646a477f","<p style=""font-size: 60px; font-family: FragmentMono"">HTZXDQRBJ</p>","","","training","","","","","","",""
"null","null","html-keyboard-response","124","1633238","0.0-9.0-0.36","697caee42ccb58f80bd052aa","69d7901e3430d13455efb336","69e637f6e1080e5e646a477f","<p style=""font-size: 60px; font-family: FragmentMono"">OTJMUYUFA</p>","","","training","","","","","","",""
"null","null","html-keyboard-response","125","1634250","0.0-9.0-0.37","697caee42ccb58f80bd052aa","69d7901e3430d13455efb336","69e637f6e1080e5e646a477f","<p style=""font-size: 60px; font-family: FragmentMono"">CYFTVCEG</p>","","","training","","","","","","",""
"null","null","html-keyboard-response","126","1635263","0.0-9.0-0.38","697caee42ccb58f80bd052aa","69d7901e3430d13455efb336","69e637f6e1080e5e646a477f","<p style=""font-size: 60px; font-family: FragmentMono"">ERBYXVXB</p>","","","training","","","","","","",""
"null","null","html-keyboard-response","127","1636267","0.0-9.0-0.39","697caee42ccb58f80bd052aa","69d7901e3430d13455efb336","69e637f6e1080e5e646a477f","<p style=""font-size: 60px; font-family: FragmentMono"">LMAZWTGPV</p>","","","training","","","","","","",""
"null","null","html-keyboard-response","128","1637283","0.0-9.0-0.40","697caee42ccb58f80bd052aa","69d7901e3430d13455efb336","69e637f6e1080e5e646a477f","<p style=""font-size: 60px; font-family: FragmentMono"">UBSUYUFA</p>","","","training","","","","","","",""
"null","null","html-keyboard-response","129","1638285","0.0-9.0-0.41","697caee42ccb58f80bd052aa","69d7901e3430d13455efb336","69e637f6e1080e5e646a477f","<p style=""font-size: 60px; font-family: FragmentMono"">KUQVMTGPV</p>","","","training","","","","","","",""
"null","null","html-keyboard-response","130","1639299","0.0-9.0-0.42","697caee42ccb58f80bd052aa","69d7901e3430d13455efb336","69e637f6e1080e5e646a477f","<p style=""font-size: 60px; font-family: FragmentMono"">ERBYXVCEG</p>","","","training","","","","","","",""
"null","null","html-keyboard-response","131","1640301","0.0-9.0-0.43","697caee42ccb58f80bd052aa","69d7901e3430d13455efb336","69e637f6e1080e5e646a477f","<p style=""font-size: 60px; font-family: FragmentMono"">GQFHXHIK</p>","","","training","","","","","","",""
"null","null","html-keyboard-response","132","1641317","0.0-9.0-0.44","697caee42ccb58f80bd052aa","69d7901e3430d13455efb336","69e637f6e1080e5e646a477f","<p style=""font-size: 60px; font-family: FragmentMono"">EZSJIOKDV</p>","","","training","","","","","","",""
"null","null","html-keyboard-response","133","1642318","0.0-9.0-0.45","697caee42ccb58f80bd052aa","69d7901e3430d13455efb336","69e637f6e1080e5e646a477f","<p style=""font-size: 60px; font-family: FragmentMono"">HUVWUYUFA</p>","","","training","","","","","","",""
"null","null","html-keyboard-response","134","1643333","0.0-9.0-0.46","697caee42ccb58f80bd052aa","69d7901e3430d13455efb336","69e637f6e1080e5e646a477f","<p style=""font-size: 60px; font-family: FragmentMono"">VUWYKTGPV</p>","","","training","","","","","","",""
"null","null","html-keyboard-response","135","1644334","0.0-9.0-0.47","697caee42ccb58f80bd052aa","69d7901e3430d13455efb336","69e637f6e1080e5e646a477f","<p style=""font-size: 60px; font-family: FragmentMono"">GQFHXOKDV</p>","","","training","","","","","","",""
"null","null","html-keyboard-response","136","1645344","0.0-9.0-0.48","697caee42ccb58f80bd052aa","69d7901e3430d13455efb336","69e637f6e1080e5e646a477f","<p style=""font-size: 60px; font-family: FragmentMono"">EZSJISVN</p>","","","training","","","","","","",""
"null","null","html-keyboard-response","137","1646349","0.0-9.0-0.49","697caee42ccb58f80bd052aa","69d7901e3430d13455efb336","69e637f6e1080e5e646a477f","<p style=""font-size: 60px; font-family: FragmentMono"">EXDTBWGO</p>","","","training","","","","","","",""
"null","null","html-keyboard-response","138","1647356","0.0-9.0-0.50","697caee42ccb58f80bd052aa","69d7901e3430d13455efb336","69e637f6e1080e5e646a477f","<p style=""font-size: 60px; font-family: FragmentMono"">UWNPQRBJ</p>","","","training","","","","","","",""
"null","null","html-keyboard-response","139","1648367","0.0-9.0-0.51","697caee42ccb58f80bd052aa","69d7901e3430d13455efb336","69e637f6e1080e5e646a477f","<p style=""font-size: 60px; font-family: FragmentMono"">OGPGLOKDV</p>","","","training","","","","","","",""
"null","null","html-keyboard-response","140","1649378","0.0-9.0-0.52","697caee42ccb58f80bd052aa","69d7901e3430d13455efb336","69e637f6e1080e5e646a477f","<p style=""font-size: 60px; font-family: FragmentMono"">XUFEHIK</p>","","","training","","","","","","",""
"null","null","html-keyboard-response","141","1650384","0.0-9.0-0.53","697caee42ccb58f80bd052aa","69d7901e3430d13455efb336","69e637f6e1080e5e646a477f","<p style=""font-size: 60px; font-family: FragmentMono"">GQFHXSVN</p>","","","training","","","","","","",""
"null","null","html-keyboard-response","142","1651385","0.0-9.0-0.54","697caee42ccb58f80bd052aa","69d7901e3430d13455efb336","69e637f6e1080e5e646a477f","<p style=""font-size: 60px; font-family: FragmentMono"">XUFEOKDV</p>","","","training","","","","","","",""
"null","null","html-keyboard-response","143","1652391","0.0-9.0-0.55","697caee42ccb58f80bd052aa","69d7901e3430d13455efb336","69e637f6e1080e5e646a477f","<p style=""font-size: 60px; font-family: FragmentMono"">SBRCTGPV</p>","","","training","","","","","","",""
"null","null","html-keyboard-response","144","1653407","0.0-9.0-0.56","697caee42ccb58f80bd052aa","69d7901e3430d13455efb336","69e637f6e1080e5e646a477f","<p style=""font-size: 60px; font-family: FragmentMono"">NAPYQVEWG</p>","","","training","","","","","","",""
"null","null","html-keyboard-response","145","1654415","0.0-9.0-0.57","697caee42ccb58f80bd052aa","69d7901e3430d13455efb336","69e637f6e1080e5e646a477f","<p style=""font-size: 60px; font-family: FragmentMono"">VUWYKOKDV</p>","","","training","","","","","","",""
"null","null","html-keyboard-response","146","1655431","0.0-9.0-0.58","697caee42ccb58f80bd052aa","69d7901e3430d13455efb336","69e637f6e1080e5e646a477f","<p style=""font-size: 60px; font-family: FragmentMono"">OTJMUBWGO</p>","","","training","","","","","","",""
"null","null","html-keyboard-response","147","1656434","0.0-9.0-0.59","697caee42ccb58f80bd052aa","69d7901e3430d13455efb336","69e637f6e1080e5e646a477f","<p style=""font-size: 60px; font-family: FragmentMono"">LRYWSVN</p>","","","training","","","","","","",""
"null","null","html-keyboard-response","148","1657448","0.0-9.0-0.60","697caee42ccb58f80bd052aa","69d7901e3430d13455efb336","69e637f6e1080e5e646a477f","<p style=""font-size: 60px; font-family: FragmentMono"">HTZXDYUFA</p>","","","training","","","","","","",""
"null","null","html-keyboard-response","149","1658452","0.0-9.0-0.61","697caee42ccb58f80bd052aa","69d7901e3430d13455efb336","69e637f6e1080e5e646a477f","<p style=""font-size: 60px; font-family: FragmentMono"">KUQVMOKDV</p>","","","training","","","","","","",""
"null","null","html-keyboard-response","150","1659467","0.0-9.0-0.62","697caee42ccb58f80bd052aa","69d7901e3430d13455efb336","69e637f6e1080e5e646a477f","<p style=""font-size: 60px; font-family: FragmentMono"">SBRCVEWG</p>","","","training","","","","","","",""
"null","null","html-keyboard-response","151","1660484","0.0-9.0-0.63","697caee42ccb58f80bd052aa","69d7901e3430d13455efb336","69e637f6e1080e5e646a477f","<p style=""font-size: 60px; font-family: FragmentMono"">UWXVLQRBJ</p>","","","training","","","","","","",""
"null","null","html-keyboard-response","152","1661501","0.0-9.0-0.64","697caee42ccb58f80bd052aa","69d7901e3430d13455efb336","69e637f6e1080e5e646a477f","<p style=""font-size: 60px; font-family: FragmentMono"">XUFEVEWG</p>","","","training","","","","","","",""
"null","null","html-keyboard-response","153","1662517","0.0-9.0-0.65","697caee42ccb58f80bd052aa","69d7901e3430d13455efb336","69e637f6e1080e5e646a477f","<p style=""font-size: 60px; font-family: FragmentMono"">SBRCSVN</p>","","","training","","","","","","",""
"null","null","html-keyboard-response","154","1663534","0.0-9.0-0.66","697caee42ccb58f80bd052aa","69d7901e3430d13455efb336","69e637f6e1080e5e646a477f","<p style=""font-size: 60px; font-family: FragmentMono"">ERBYXYUFA</p>","","","training","","","","","","",""
"null","null","html-keyboard-response","155","1664551","0.0-9.0-0.67","697caee42ccb58f80bd052aa","69d7901e3430d13455efb336","69e637f6e1080e5e646a477f","<p style=""font-size: 60px; font-family: FragmentMono"">EXDTVCEG</p>","","","training","","","","","","",""
"null","null","html-keyboard-response","156","1665560","0.0-9.0-0.68","697caee42ccb58f80bd052aa","69d7901e3430d13455efb336","69e637f6e1080e5e646a477f","<p style=""font-size: 60px; font-family: FragmentMono"">EZSJIHIK</p>","","","training","","","","","","",""
"null","null","html-keyboard-response","157","1666576","0.0-9.0-0.69","697caee42ccb58f80bd052aa","69d7901e3430d13455efb336","69e637f6e1080e5e646a477f","<p style=""font-size: 60px; font-family: FragmentMono"">LRYWVEWG</p>","","","training","","","","","","",""
"null","null","html-keyboard-response","158","1667584","0.0-9.0-0.70","697caee42ccb58f80bd052aa","69d7901e3430d13455efb336","69e637f6e1080e5e646a477f","<p style=""font-size: 60px; font-family: FragmentMono"">LMAZWHIK</p>","","","training","","","","","","",""
"null","null","html-keyboard-response","159","1668592","0.0-9.0-0.71","697caee42ccb58f80bd052aa","69d7901e3430d13455efb336","69e637f6e1080e5e646a477f","<p style=""font-size: 60px; font-family: FragmentMono"">OTJMUQRBJ</p>","","","training","","","","","","",""
"null","null","html-keyboard-response","160","1669608","0.0-9.0-0.72","697caee42ccb58f80bd052aa","69d7901e3430d13455efb336","69e637f6e1080e5e646a477f","<p style=""font-size: 60px; font-family: FragmentMono"">UWNPVXB</p>","","","training","","","","","","",""
"null","null","html-keyboard-response","161","1670617","0.0-9.0-0.73","697caee42ccb58f80bd052aa","69d7901e3430d13455efb336","69e637f6e1080e5e646a477f","<p style=""font-size: 60px; font-family: FragmentMono"">HUVWUVCEG</p>","","","training","","","","","","",""
"null","null","html-keyboard-response","162","1671627","0.0-9.0-0.74","697caee42ccb58f80bd052aa","69d7901e3430d13455efb336","69e637f6e1080e5e646a477f","<p style=""font-size: 60px; font-family: FragmentMono"">UWXVLYUFA</p>","","","training","","","","","","",""
"null","null","html-keyboard-response","163","1672634","0.0-9.0-0.75","697caee42ccb58f80bd052aa","69d7901e3430d13455efb336","69e637f6e1080e5e646a477f","<p style=""font-size: 60px; font-family: FragmentMono"">LMAZWOKDV</p>","","","training","","","","","","",""
"null","null","html-keyboard-response","164","1673635","0.0-9.0-0.76","697caee42ccb58f80bd052aa","69d7901e3430d13455efb336","69e637f6e1080e5e646a477f","<p style=""font-size: 60px; font-family: FragmentMono"">OGPGLSVN</p>","","","training","","","","","","",""
"null","null","html-keyboard-response","165","1674639","0.0-9.0-0.77","697caee42ccb58f80bd052aa","69d7901e3430d13455efb336","69e637f6e1080e5e646a477f","<p style=""font-size: 60px; font-family: FragmentMono"">XUFETGPV</p>","","","training","","","","","","",""
"null","null","html-keyboard-response","166","1675646","0.0-9.0-0.78","697caee42ccb58f80bd052aa","69d7901e3430d13455efb336","69e637f6e1080e5e646a477f","<p style=""font-size: 60px; font-family: FragmentMono"">TNKDOBWGO</p>","","","training","","","","","","",""
"null","null","html-keyboard-response","167","1676651","0.0-9.0-0.79","697caee42ccb58f80bd052aa","69d7901e3430d13455efb336","69e637f6e1080e5e646a477f","<p style=""font-size: 60px; font-family: FragmentMono"">OGPGLTGPV</p>","","","training","","","","","","",""
"86630"," ","html-keyboard-response","168","1763281","0.0-10.0","697caee42ccb58f80bd052aa","69d7901e3430d13455efb336","69e637f6e1080e5e646a477f","<p style=""font-size: 30px"">Great, you've seen the second block of words. You may now take a short break.</p>
      <p style=""font-size: 30px"">Press the spacebar when you're ready to continue.</p>","","","","","","","","","",""
"null","null","html-keyboard-response","169","1764284","0.0-11.0-0.0","697caee42ccb58f80bd052aa","69d7901e3430d13455efb336","69e637f6e1080e5e646a477f","<p style=""font-size: 60px; font-family: FragmentMono"">EZSJIOKDV</p>","","","training","","","","","","",""
"null","null","html-keyboard-response","170","1765293","0.0-11.0-0.1","697caee42ccb58f80bd052aa","69d7901e3430d13455efb336","69e637f6e1080e5e646a477f","<p style=""font-size: 60px; font-family: FragmentMono"">UWNPVXB</p>","","","training","","","","","","",""
"null","null","html-keyboard-response","171","1766304","0.0-11.0-0.2","697caee42ccb58f80bd052aa","69d7901e3430d13455efb336","69e637f6e1080e5e646a477f","<p style=""font-size: 60px; font-family: FragmentMono"">VUWYKSVN</p>","","","training","","","","","","",""
"null","null","html-keyboard-response","172","1767311","0.0-11.0-0.3","697caee42ccb58f80bd052aa","69d7901e3430d13455efb336","69e637f6e1080e5e646a477f","<p style=""font-size: 60px; font-family: FragmentMono"">UBSUYUFA</p>","","","training","","","","","","",""
"null","null","html-keyboard-response","173","1768313","0.0-11.0-0.4","697caee42ccb58f80bd052aa","69d7901e3430d13455efb336","69e637f6e1080e5e646a477f","<p style=""font-size: 60px; font-family: FragmentMono"">SBRCVEWG</p>","","","training","","","","","","",""
"null","null","html-keyboard-response","174","1769321","0.0-11.0-0.5","697caee42ccb58f80bd052aa","69d7901e3430d13455efb336","69e637f6e1080e5e646a477f","<p style=""font-size: 60px; font-family: FragmentMono"">ERBYXQRBJ</p>","","","training","","","","","","",""
"null","null","html-keyboard-response","175","1770327","0.0-11.0-0.6","697caee42ccb58f80bd052aa","69d7901e3430d13455efb336","69e637f6e1080e5e646a477f","<p style=""font-size: 60px; font-family: FragmentMono"">CYFTBWGO</p>","","","training","","","","","","",""
"null","null","html-keyboard-response","176","1771329","0.0-11.0-0.7","697caee42ccb58f80bd052aa","69d7901e3430d13455efb336","69e637f6e1080e5e646a477f","<p style=""font-size: 60px; font-family: FragmentMono"">TNKDOVXB</p>","","","training","","","","","","",""
"null","null","html-keyboard-response","177","1772345","0.0-11.0-0.8","697caee42ccb58f80bd052aa","69d7901e3430d13455efb336","69e637f6e1080e5e646a477f","<p style=""font-size: 60px; font-family: FragmentMono"">UBSUVCEG</p>","","","training","","","","","","",""
"null","null","html-keyboard-response","178","1773354","0.0-11.0-0.9","697caee42ccb58f80bd052aa","69d7901e3430d13455efb336","69e637f6e1080e5e646a477f","<p style=""font-size: 60px; font-family: FragmentMono"">LMAZWHIK</p>","","","training","","","","","","",""
"null","null","html-keyboard-response","179","1774355","0.0-11.0-0.10","697caee42ccb58f80bd052aa","69d7901e3430d13455efb336","69e637f6e1080e5e646a477f","<p style=""font-size: 60px; font-family: FragmentMono"">VUWYKTGPV</p>","","","training","","","","","","",""
"null","null","html-keyboard-response","180","1775371","0.0-11.0-0.11","697caee42ccb58f80bd052aa","69d7901e3430d13455efb336","69e637f6e1080e5e646a477f","<p style=""font-size: 60px; font-family: FragmentMono"">LRYWVEWG</p>","","","training","","","","","","",""
"null","null","html-keyboard-response","181","1776386","0.0-11.0-0.12","697caee42ccb58f80bd052aa","69d7901e3430d13455efb336","69e637f6e1080e5e646a477f","<p style=""font-size: 60px; font-family: FragmentMono"">UWXVLBWGO</p>","","","training","","","","","","",""
"null","null","html-keyboard-response","182","1777388","0.0-11.0-0.13","697caee42ccb58f80bd052aa","69d7901e3430d13455efb336","69e637f6e1080e5e646a477f","<p style=""font-size: 60px; font-family: FragmentMono"">EXDTVCEG</p>","","","training","","","","","","",""
"null","null","html-keyboard-response","183","1778404","0.0-11.0-0.14","697caee42ccb58f80bd052aa","69d7901e3430d13455efb336","69e637f6e1080e5e646a477f","<p style=""font-size: 60px; font-family: FragmentMono"">OTJMUBWGO</p>","","","training","","","","","","",""
"null","null","html-keyboard-response","184","1779418","0.0-11.0-0.15","697caee42ccb58f80bd052aa","69d7901e3430d13455efb336","69e637f6e1080e5e646a477f","<p style=""font-size: 60px; font-family: FragmentMono"">UWNPVCEG</p>","","","training","","","","","","",""
"null","null","html-keyboard-response","185","1780420","0.0-11.0-0.16","697caee42ccb58f80bd052aa","69d7901e3430d13455efb336","69e637f6e1080e5e646a477f","<p style=""font-size: 60px; font-family: FragmentMono"">OGPGLSVN</p>","","","training","","","","","","",""
"null","null","html-keyboard-response","186","1781422","0.0-11.0-0.17","697caee42ccb58f80bd052aa","69d7901e3430d13455efb336","69e637f6e1080e5e646a477f","<p style=""font-size: 60px; font-family: FragmentMono"">XUFEOKDV</p>","","","training","","","","","","",""
"null","null","html-keyboard-response","187","1782430","0.0-11.0-0.18","697caee42ccb58f80bd052aa","69d7901e3430d13455efb336","69e637f6e1080e5e646a477f","<p style=""font-size: 60px; font-family: FragmentMono"">GQFHXHIK</p>","","","training","","","","","","",""
"null","null","html-keyboard-response","188","1783437","0.0-11.0-0.19","697caee42ccb58f80bd052aa","69d7901e3430d13455efb336","69e637f6e1080e5e646a477f","<p style=""font-size: 60px; font-family: FragmentMono"">NAPYQOKDV</p>","","","training","","","","","","",""
"null","null","html-keyboard-response","189","1784454","0.0-11.0-0.20","697caee42ccb58f80bd052aa","69d7901e3430d13455efb336","69e637f6e1080e5e646a477f","<p style=""font-size: 60px; font-family: FragmentMono"">OGPGLTGPV</p>","","","training","","","","","","",""
"null","null","html-keyboard-response","190","1785463","0.0-11.0-0.21","697caee42ccb58f80bd052aa","69d7901e3430d13455efb336","69e637f6e1080e5e646a477f","<p style=""font-size: 60px; font-family: FragmentMono"">CYFTVXB</p>","","","training","","","","","","",""
"null","null","html-keyboard-response","191","1786468","0.0-11.0-0.22","697caee42ccb58f80bd052aa","69d7901e3430d13455efb336","69e637f6e1080e5e646a477f","<p style=""font-size: 60px; font-family: FragmentMono"">LRYWHIK</p>","","","training","","","","","","",""
"null","null","html-keyboard-response","192","1787470","0.0-11.0-0.23","697caee42ccb58f80bd052aa","69d7901e3430d13455efb336","69e637f6e1080e5e646a477f","<p style=""font-size: 60px; font-family: FragmentMono"">UWXVLVXB</p>","","","training","","","","","","",""
"null","null","html-keyboard-response","193","1788480","0.0-11.0-0.24","697caee42ccb58f80bd052aa","69d7901e3430d13455efb336","69e637f6e1080e5e646a477f","<p style=""font-size: 60px; font-family: FragmentMono"">EZSJIHIK</p>","","","training","","","","","","",""
"null","null","html-keyboard-response","194","1789493","0.0-11.0-0.25","697caee42ccb58f80bd052aa","69d7901e3430d13455efb336","69e637f6e1080e5e646a477f","<p style=""font-size: 60px; font-family: FragmentMono"">XUFEVEWG</p>","","","training","","","","","","",""
"null","null","html-keyboard-response","195","1790496","0.0-11.0-0.26","697caee42ccb58f80bd052aa","69d7901e3430d13455efb336","69e637f6e1080e5e646a477f","<p style=""font-size: 60px; font-family: FragmentMono"">GQFHXSVN</p>","","","training","","","","","","",""
"null","null","html-keyboard-response","196","1791497","0.0-11.0-0.27","697caee42ccb58f80bd052aa","69d7901e3430d13455efb336","69e637f6e1080e5e646a477f","<p style=""font-size: 60px; font-family: FragmentMono"">UWXVLYUFA</p>","","","training","","","","","","",""
"null","null","html-keyboard-response","197","1792501","0.0-11.0-0.28","697caee42ccb58f80bd052aa","69d7901e3430d13455efb336","69e637f6e1080e5e646a477f","<p style=""font-size: 60px; font-family: FragmentMono"">HUVWUVCEG</p>","","","training","","","","","","",""
"null","null","html-keyboard-response","198","1793516","0.0-11.0-0.29","697caee42ccb58f80bd052aa","69d7901e3430d13455efb336","69e637f6e1080e5e646a477f","<p style=""font-size: 60px; font-family: FragmentMono"">KUQVMVEWG</p>","","","training","","","","","","",""
"null","null","html-keyboard-response","199","1794529","0.0-11.0-0.30","697caee42ccb58f80bd052aa","69d7901e3430d13455efb336","69e637f6e1080e5e646a477f","<p style=""font-size: 60px; font-family: FragmentMono"">NAPYQHIK</p>","","","training","","","","","","",""
"null","null","html-keyboard-response","200","1795538","0.0-11.0-0.31","697caee42ccb58f80bd052aa","69d7901e3430d13455efb336","69e637f6e1080e5e646a477f","<p style=""font-size: 60px; font-family: FragmentMono"">LRYWTGPV</p>","","","training","","","","","","",""
"null","null","html-keyboard-response","201","1796541","0.0-11.0-0.32","697caee42ccb58f80bd052aa","69d7901e3430d13455efb336","69e637f6e1080e5e646a477f","<p style=""font-size: 60px; font-family: FragmentMono"">HUVWUQRBJ</p>","","","training","","","","","","",""
"null","null","html-keyboard-response","202","1797546","0.0-11.0-0.33","697caee42ccb58f80bd052aa","69d7901e3430d13455efb336","69e637f6e1080e5e646a477f","<p style=""font-size: 60px; font-family: FragmentMono"">UWNPBWGO</p>","","","training","","","","","","",""
"null","null","html-keyboard-response","203","1798552","0.0-11.0-0.34","697caee42ccb58f80bd052aa","69d7901e3430d13455efb336","69e637f6e1080e5e646a477f","<p style=""font-size: 60px; font-family: FragmentMono"">EXDTVXB</p>","","","training","","","","","","",""
"null","null","html-keyboard-response","204","1799557","0.0-11.0-0.35","697caee42ccb58f80bd052aa","69d7901e3430d13455efb336","69e637f6e1080e5e646a477f","<p style=""font-size: 60px; font-family: FragmentMono"">CYFTQRBJ</p>","","","training","","","","","","",""
"null","null","html-keyboard-response","205","1800571","0.0-11.0-0.36","697caee42ccb58f80bd052aa","69d7901e3430d13455efb336","69e637f6e1080e5e646a477f","<p style=""font-size: 60px; font-family: FragmentMono"">VUWYKOKDV</p>","","","training","","","","","","",""
"null","null","html-keyboard-response","206","1801573","0.0-11.0-0.37","697caee42ccb58f80bd052aa","69d7901e3430d13455efb336","69e637f6e1080e5e646a477f","<p style=""font-size: 60px; font-family: FragmentMono"">UWNPQRBJ</p>","","","training","","","","","","",""
"null","null","html-keyboard-response","207","1802577","0.0-11.0-0.38","697caee42ccb58f80bd052aa","69d7901e3430d13455efb336","69e637f6e1080e5e646a477f","<p style=""font-size: 60px; font-family: FragmentMono"">KUQVMTGPV</p>","","","training","","","","","","",""
"null","null","html-keyboard-response","208","1803586","0.0-11.0-0.39","697caee42ccb58f80bd052aa","69d7901e3430d13455efb336","69e637f6e1080e5e646a477f","<p style=""font-size: 60px; font-family: FragmentMono"">OGPGLVEWG</p>","","","training","","","","","","",""
"null","null","html-keyboard-response","209","1804588","0.0-11.0-0.40","697caee42ccb58f80bd052aa","69d7901e3430d13455efb336","69e637f6e1080e5e646a477f","<p style=""font-size: 60px; font-family: FragmentMono"">ERBYXVXB</p>","","","training","","","","","","",""
"null","null","html-keyboard-response","210","1805602","0.0-11.0-0.41","697caee42ccb58f80bd052aa","69d7901e3430d13455efb336","69e637f6e1080e5e646a477f","<p style=""font-size: 60px; font-family: FragmentMono"">LRYWSVN</p>","","","training","","","","","","",""
"null","null","html-keyboard-response","211","1806605","0.0-11.0-0.42","697caee42ccb58f80bd052aa","69d7901e3430d13455efb336","69e637f6e1080e5e646a477f","<p style=""font-size: 60px; font-family: FragmentMono"">SBRCHIK</p>","","","training","","","","","","",""
"null","null","html-keyboard-response","212","1807622","0.0-11.0-0.43","697caee42ccb58f80bd052aa","69d7901e3430d13455efb336","69e637f6e1080e5e646a477f","<p style=""font-size: 60px; font-family: FragmentMono"">OTJMUYUFA</p>","","","training","","","","","","",""
"null","null","html-keyboard-response","213","1808638","0.0-11.0-0.44","697caee42ccb58f80bd052aa","69d7901e3430d13455efb336","69e637f6e1080e5e646a477f","<p style=""font-size: 60px; font-family: FragmentMono"">HTZXDVCEG</p>","","","training","","","","","","",""
"null","null","html-keyboard-response","214","1809654","0.0-11.0-0.45","697caee42ccb58f80bd052aa","69d7901e3430d13455efb336","69e637f6e1080e5e646a477f","<p style=""font-size: 60px; font-family: FragmentMono"">XUFETGPV</p>","","","training","","","","","","",""
"null","null","html-keyboard-response","215","1810672","0.0-11.0-0.46","697caee42ccb58f80bd052aa","69d7901e3430d13455efb336","69e637f6e1080e5e646a477f","<p style=""font-size: 60px; font-family: FragmentMono"">TNKDOBWGO</p>","","","training","","","","","","",""
"null","null","html-keyboard-response","216","1811677","0.0-11.0-0.47","697caee42ccb58f80bd052aa","69d7901e3430d13455efb336","69e637f6e1080e5e646a477f","<p style=""font-size: 60px; font-family: FragmentMono"">UWXVLQRBJ</p>","","","training","","","","","","",""
"null","null","html-keyboard-response","217","1812684","0.0-11.0-0.48","697caee42ccb58f80bd052aa","69d7901e3430d13455efb336","69e637f6e1080e5e646a477f","<p style=""font-size: 60px; font-family: FragmentMono"">OTJMUVCEG</p>","","","training","","","","","","",""
"null","null","html-keyboard-response","218","1813688","0.0-11.0-0.49","697caee42ccb58f80bd052aa","69d7901e3430d13455efb336","69e637f6e1080e5e646a477f","<p style=""font-size: 60px; font-family: FragmentMono"">TNKDOQRBJ</p>","","","training","","","","","","",""
"null","null","html-keyboard-response","219","1814704","0.0-11.0-0.50","697caee42ccb58f80bd052aa","69d7901e3430d13455efb336","69e637f6e1080e5e646a477f","<p style=""font-size: 60px; font-family: FragmentMono"">LMAZWOKDV</p>","","","training","","","","","","",""
"null","null","html-keyboard-response","220","1815721","0.0-11.0-0.51","697caee42ccb58f80bd052aa","69d7901e3430d13455efb336","69e637f6e1080e5e646a477f","<p style=""font-size: 60px; font-family: FragmentMono"">HTZXDYUFA</p>","","","training","","","","","","",""
"null","null","html-keyboard-response","221","1816730","0.0-11.0-0.52","697caee42ccb58f80bd052aa","69d7901e3430d13455efb336","69e637f6e1080e5e646a477f","<p style=""font-size: 60px; font-family: FragmentMono"">VUWYKHIK</p>","","","training","","","","","","",""
"null","null","html-keyboard-response","222","1817736","0.0-11.0-0.53","697caee42ccb58f80bd052aa","69d7901e3430d13455efb336","69e637f6e1080e5e646a477f","<p style=""font-size: 60px; font-family: FragmentMono"">ERBYXVCEG</p>","","","training","","","","","","",""
"null","null","html-keyboard-response","223","1818739","0.0-11.0-0.54","697caee42ccb58f80bd052aa","69d7901e3430d13455efb336","69e637f6e1080e5e646a477f","<p style=""font-size: 60px; font-family: FragmentMono"">HTZXDQRBJ</p>","","","training","","","","","","",""
"null","null","html-keyboard-response","224","1819755","0.0-11.0-0.55","697caee42ccb58f80bd052aa","69d7901e3430d13455efb336","69e637f6e1080e5e646a477f","<p style=""font-size: 60px; font-family: FragmentMono"">KUQVMOKDV</p>","","","training","","","","","","",""
"null","null","html-keyboard-response","225","1820765","0.0-11.0-0.56","697caee42ccb58f80bd052aa","69d7901e3430d13455efb336","69e637f6e1080e5e646a477f","<p style=""font-size: 60px; font-family: FragmentMono"">EZSJITGPV</p>","","","training","","","","","","",""
"null","null","html-keyboard-response","226","1821772","0.0-11.0-0.57","697caee42ccb58f80bd052aa","69d7901e3430d13455efb336","69e637f6e1080e5e646a477f","<p style=""font-size: 60px; font-family: FragmentMono"">EXDTBWGO</p>","","","training","","","","","","",""
"null","null","html-keyboard-response","227","1822779","0.0-11.0-0.58","697caee42ccb58f80bd052aa","69d7901e3430d13455efb336","69e637f6e1080e5e646a477f","<p style=""font-size: 60px; font-family: FragmentMono"">HUVWUYUFA</p>","","","training","","","","","","",""
"null","null","html-keyboard-response","228","1823786","0.0-11.0-0.59","697caee42ccb58f80bd052aa","69d7901e3430d13455efb336","69e637f6e1080e5e646a477f","<p style=""font-size: 60px; font-family: FragmentMono"">OTJMUQRBJ</p>","","","training","","","","","","",""
"null","null","html-keyboard-response","229","1824796","0.0-11.0-0.60","697caee42ccb58f80bd052aa","69d7901e3430d13455efb336","69e637f6e1080e5e646a477f","<p style=""font-size: 60px; font-family: FragmentMono"">LMAZWTGPV</p>","","","training","","","","","","",""
"null","null","html-keyboard-response","230","1825802","0.0-11.0-0.61","697caee42ccb58f80bd052aa","69d7901e3430d13455efb336","69e637f6e1080e5e646a477f","<p style=""font-size: 60px; font-family: FragmentMono"">EZSJISVN</p>","","","training","","","","","","",""
"null","null","html-keyboard-response","231","1826806","0.0-11.0-0.62","697caee42ccb58f80bd052aa","69d7901e3430d13455efb336","69e637f6e1080e5e646a477f","<p style=""font-size: 60px; font-family: FragmentMono"">GQFHXVEWG</p>","","","training","","","","","","",""
"null","null","html-keyboard-response","232","1827823","0.0-11.0-0.63","697caee42ccb58f80bd052aa","69d7901e3430d13455efb336","69e637f6e1080e5e646a477f","<p style=""font-size: 60px; font-family: FragmentMono"">CYFTVCEG</p>","","","training","","","","","","",""
"null","null","html-keyboard-response","233","1828835","0.0-11.0-0.64","697caee42ccb58f80bd052aa","69d7901e3430d13455efb336","69e637f6e1080e5e646a477f","<p style=""font-size: 60px; font-family: FragmentMono"">SBRCTGPV</p>","","","training","","","","","","",""
"null","null","html-keyboard-response","234","1829840","0.0-11.0-0.65","697caee42ccb58f80bd052aa","69d7901e3430d13455efb336","69e637f6e1080e5e646a477f","<p style=""font-size: 60px; font-family: FragmentMono"">HUVWUBWGO</p>","","","training","","","","","","",""
"null","null","html-keyboard-response","235","1830854","0.0-11.0-0.66","697caee42ccb58f80bd052aa","69d7901e3430d13455efb336","69e637f6e1080e5e646a477f","<p style=""font-size: 60px; font-family: FragmentMono"">NAPYQVEWG</p>","","","training","","","","","","",""
"null","null","html-keyboard-response","236","1831856","0.0-11.0-0.67","697caee42ccb58f80bd052aa","69d7901e3430d13455efb336","69e637f6e1080e5e646a477f","<p style=""font-size: 60px; font-family: FragmentMono"">KUQVMSVN</p>","","","training","","","","","","",""
"null","null","html-keyboard-response","237","1832870","0.0-11.0-0.68","697caee42ccb58f80bd052aa","69d7901e3430d13455efb336","69e637f6e1080e5e646a477f","<p style=""font-size: 60px; font-family: FragmentMono"">UBSUBWGO</p>","","","training","","","","","","",""
"null","null","html-keyboard-response","238","1833873","0.0-11.0-0.69","697caee42ccb58f80bd052aa","69d7901e3430d13455efb336","69e637f6e1080e5e646a477f","<p style=""font-size: 60px; font-family: FragmentMono"">GQFHXOKDV</p>","","","training","","","","","","",""
"null","null","html-keyboard-response","239","1834886","0.0-11.0-0.70","697caee42ccb58f80bd052aa","69d7901e3430d13455efb336","69e637f6e1080e5e646a477f","<p style=""font-size: 60px; font-family: FragmentMono"">EXDTYUFA</p>","","","training","","","","","","",""
"null","null","html-keyboard-response","240","1835889","0.0-11.0-0.71","697caee42ccb58f80bd052aa","69d7901e3430d13455efb336","69e637f6e1080e5e646a477f","<p style=""font-size: 60px; font-family: FragmentMono"">UBSUVXB</p>","","","training","","","","","","",""
"null","null","html-keyboard-response","241","1836906","0.0-11.0-0.72","697caee42ccb58f80bd052aa","69d7901e3430d13455efb336","69e637f6e1080e5e646a477f","<p style=""font-size: 60px; font-family: FragmentMono"">NAPYQSVN</p>","","","training","","","","","","",""
"null","null","html-keyboard-response","242","1837923","0.0-11.0-0.73","697caee42ccb58f80bd052aa","69d7901e3430d13455efb336","69e637f6e1080e5e646a477f","<p style=""font-size: 60px; font-family: FragmentMono"">TNKDOYUFA</p>","","","training","","","","","","",""
"null","null","html-keyboard-response","243","1838938","0.0-11.0-0.74","697caee42ccb58f80bd052aa","69d7901e3430d13455efb336","69e637f6e1080e5e646a477f","<p style=""font-size: 60px; font-family: FragmentMono"">LMAZWVEWG</p>","","","training","","","","","","",""
"null","null","html-keyboard-response","244","1839940","0.0-11.0-0.75","697caee42ccb58f80bd052aa","69d7901e3430d13455efb336","69e637f6e1080e5e646a477f","<p style=""font-size: 60px; font-family: FragmentMono"">OGPGLOKDV</p>","","","training","","","","","","",""
"null","null","html-keyboard-response","245","1840954","0.0-11.0-0.76","697caee42ccb58f80bd052aa","69d7901e3430d13455efb336","69e637f6e1080e5e646a477f","<p style=""font-size: 60px; font-family: FragmentMono"">HTZXDVXB</p>","","","training","","","","","","",""
"null","null","html-keyboard-response","246","1841956","0.0-11.0-0.77","697caee42ccb58f80bd052aa","69d7901e3430d13455efb336","69e637f6e1080e5e646a477f","<p style=""font-size: 60px; font-family: FragmentMono"">ERBYXYUFA</p>","","","training","","","","","","",""
"null","null","html-keyboard-response","247","1842973","0.0-11.0-0.78","697caee42ccb58f80bd052aa","69d7901e3430d13455efb336","69e637f6e1080e5e646a477f","<p style=""font-size: 60px; font-family: FragmentMono"">XUFEHIK</p>","","","training","","","","","","",""
"null","null","html-keyboard-response","248","1843989","0.0-11.0-0.79","697caee42ccb58f80bd052aa","69d7901e3430d13455efb336","69e637f6e1080e5e646a477f","<p style=""font-size: 60px; font-family: FragmentMono"">SBRCSVN</p>","","","training","","","","","","",""
"103174"," ","html-keyboard-response","249","1947164","0.0-12.0","697caee42ccb58f80bd052aa","69d7901e3430d13455efb336","69e637f6e1080e5e646a477f","<p style=""font-size: 30px"">Great, you've seen the third block of words. You may now take a short break.</p>
      <p style=""font-size: 30px"">Press the spacebar when you're ready to continue.</p>","","","","","","","","","",""
"null","null","html-keyboard-response","250","1948168","0.0-13.0-0.0","697caee42ccb58f80bd052aa","69d7901e3430d13455efb336","69e637f6e1080e5e646a477f","<p style=""font-size: 60px; font-family: FragmentMono"">HTZXDQRBJ</p>","","","training","","","","","","",""
"null","null","html-keyboard-response","251","1949176","0.0-13.0-0.1","697caee42ccb58f80bd052aa","69d7901e3430d13455efb336","69e637f6e1080e5e646a477f","<p style=""font-size: 60px; font-family: FragmentMono"">EZSJIOKDV</p>","","","training","","","","","","",""
"null","null","html-keyboard-response","252","1950189","0.0-13.0-0.2","697caee42ccb58f80bd052aa","69d7901e3430d13455efb336","69e637f6e1080e5e646a477f","<p style=""font-size: 60px; font-family: FragmentMono"">TNKDOBWGO</p>","","","training","","","","","","",""
"null","null","html-keyboard-response","253","1951194","0.0-13.0-0.3","697caee42ccb58f80bd052aa","69d7901e3430d13455efb336","69e637f6e1080e5e646a477f","<p style=""font-size: 60px; font-family: FragmentMono"">EXDTYUFA</p>","","","training","","","","","","",""
"null","null","html-keyboard-response","254","1952209","0.0-13.0-0.4","697caee42ccb58f80bd052aa","69d7901e3430d13455efb336","69e637f6e1080e5e646a477f","<p style=""font-size: 60px; font-family: FragmentMono"">CYFTBWGO</p>","","","training","","","","","","",""
"null","null","html-keyboard-response","255","1953219","0.0-13.0-0.5","697caee42ccb58f80bd052aa","69d7901e3430d13455efb336","69e637f6e1080e5e646a477f","<p style=""font-size: 60px; font-family: FragmentMono"">EZSJIHIK</p>","","","training","","","","","","",""
"null","null","html-keyboard-response","256","1954225","0.0-13.0-0.6","697caee42ccb58f80bd052aa","69d7901e3430d13455efb336","69e637f6e1080e5e646a477f","<p style=""font-size: 60px; font-family: FragmentMono"">UWXVLBWGO</p>","","","training","","","","","","",""
"null","null","html-keyboard-response","257","1955234","0.0-13.0-0.7","697caee42ccb58f80bd052aa","69d7901e3430d13455efb336","69e637f6e1080e5e646a477f","<p style=""font-size: 60px; font-family: FragmentMono"">LMAZWHIK</p>","","","training","","","","","","",""
"null","null","html-keyboard-response","258","1956241","0.0-13.0-0.8","697caee42ccb58f80bd052aa","69d7901e3430d13455efb336","69e637f6e1080e5e646a477f","<p style=""font-size: 60px; font-family: FragmentMono"">UBSUYUFA</p>","","","training","","","","","","",""
"null","null","html-keyboard-response","259","1957242","0.0-13.0-0.9","697caee42ccb58f80bd052aa","69d7901e3430d13455efb336","69e637f6e1080e5e646a477f","<p style=""font-size: 60px; font-family: FragmentMono"">TNKDOQRBJ</p>","","","training","","","","","","",""
"null","null","html-keyboard-response","260","1958255","0.0-13.0-0.10","697caee42ccb58f80bd052aa","69d7901e3430d13455efb336","69e637f6e1080e5e646a477f","<p style=""font-size: 60px; font-family: FragmentMono"">NAPYQSVN</p>","","","training","","","","","","",""
"null","null","html-keyboard-response","261","1959258","0.0-13.0-0.11","697caee42ccb58f80bd052aa","69d7901e3430d13455efb336","69e637f6e1080e5e646a477f","<p style=""font-size: 60px; font-family: FragmentMono"">CYFTVCEG</p>","","","training","","","","","","",""
"null","null","html-keyboard-response","262","1960275","0.0-13.0-0.12","697caee42ccb58f80bd052aa","69d7901e3430d13455efb336","69e637f6e1080e5e646a477f","<p style=""font-size: 60px; font-family: FragmentMono"">SBRCTGPV</p>","","","training","","","","","","",""
"null","null","html-keyboard-response","263","1961282","0.0-13.0-0.13","697caee42ccb58f80bd052aa","69d7901e3430d13455efb336","69e637f6e1080e5e646a477f","<p style=""font-size: 60px; font-family: FragmentMono"">EZSJISVN</p>","","","training","","","","","","",""
"null","null","html-keyboard-response","264","1962293","0.0-13.0-0.14","697caee42ccb58f80bd052aa","69d7901e3430d13455efb336","69e637f6e1080e5e646a477f","<p style=""font-size: 60px; font-family: FragmentMono"">LMAZWTGPV</p>","","","training","","","","","","",""
"null","null","html-keyboard-response","265","1963309","0.0-13.0-0.15","697caee42ccb58f80bd052aa","69d7901e3430d13455efb336","69e637f6e1080e5e646a477f","<p style=""font-size: 60px; font-family: FragmentMono"">TNKDOYUFA</p>","","","training","","","","","","",""
"null","null","html-keyboard-response","266","1964325","0.0-13.0-0.16","697caee42ccb58f80bd052aa","69d7901e3430d13455efb336","69e637f6e1080e5e646a477f","<p style=""font-size: 60px; font-family: FragmentMono"">LMAZWOKDV</p>","","","training","","","","","","",""
"null","null","html-keyboard-response","267","1965326","0.0-13.0-0.17","697caee42ccb58f80bd052aa","69d7901e3430d13455efb336","69e637f6e1080e5e646a477f","<p style=""font-size: 60px; font-family: FragmentMono"">OTJMUVCEG</p>","","","training","","","","","","",""
"null","null","html-keyboard-response","268","1966328","0.0-13.0-0.18","697caee42ccb58f80bd052aa","69d7901e3430d13455efb336","69e637f6e1080e5e646a477f","<p style=""font-size: 60px; font-family: FragmentMono"">XUFETGPV</p>","","","training","","","","","","",""
"null","null","html-keyboard-response","269","1967344","0.0-13.0-0.19","697caee42ccb58f80bd052aa","69d7901e3430d13455efb336","69e637f6e1080e5e646a477f","<p style=""font-size: 60px; font-family: FragmentMono"">SBRCHIK</p>","","","training","","","","","","",""
"null","null","html-keyboard-response","270","1968359","0.0-13.0-0.20","697caee42ccb58f80bd052aa","69d7901e3430d13455efb336","69e637f6e1080e5e646a477f","<p style=""font-size: 60px; font-family: FragmentMono"">VUWYKOKDV</p>","","","training","","","","","","",""
"null","null","html-keyboard-response","271","1969376","0.0-13.0-0.21","697caee42ccb58f80bd052aa","69d7901e3430d13455efb336","69e637f6e1080e5e646a477f","<p style=""font-size: 60px; font-family: FragmentMono"">UWNPQRBJ</p>","","","training","","","","","","",""
"null","null","html-keyboard-response","272","1970385","0.0-13.0-0.22","697caee42ccb58f80bd052aa","69d7901e3430d13455efb336","69e637f6e1080e5e646a477f","<p style=""font-size: 60px; font-family: FragmentMono"">NAPYQHIK</p>","","","training","","","","","","",""
"null","null","html-keyboard-response","273","1971391","0.0-13.0-0.23","697caee42ccb58f80bd052aa","69d7901e3430d13455efb336","69e637f6e1080e5e646a477f","<p style=""font-size: 60px; font-family: FragmentMono"">GQFHXOKDV</p>","","","training","","","","","","",""
"null","null","html-keyboard-response","274","1972393","0.0-13.0-0.24","697caee42ccb58f80bd052aa","69d7901e3430d13455efb336","69e637f6e1080e5e646a477f","<p style=""font-size: 60px; font-family: FragmentMono"">VUWYKTGPV</p>","","","training","","","","","","",""
"null","null","html-keyboard-response","275","1973405","0.0-13.0-0.25","697caee42ccb58f80bd052aa","69d7901e3430d13455efb336","69e637f6e1080e5e646a477f","<p style=""font-size: 60px; font-family: FragmentMono"">GQFHXVEWG</p>","","","training","","","","","","",""
"null","null","html-keyboard-response","276","1974409","0.0-13.0-0.26","697caee42ccb58f80bd052aa","69d7901e3430d13455efb336","69e637f6e1080e5e646a477f","<p style=""font-size: 60px; font-family: FragmentMono"">KUQVMSVN</p>","","","training","","","","","","",""
"null","null","html-keyboard-response","277","1975424","0.0-13.0-0.27","697caee42ccb58f80bd052aa","69d7901e3430d13455efb336","69e637f6e1080e5e646a477f","<p style=""font-size: 60px; font-family: FragmentMono"">UWXVLQRBJ</p>","","","training","","","","","","",""
"null","null","html-keyboard-response","278","1976426","0.0-13.0-0.28","697caee42ccb58f80bd052aa","69d7901e3430d13455efb336","69e637f6e1080e5e646a477f","<p style=""font-size: 60px; font-family: FragmentMono"">XUFEHIK</p>","","","training","","","","","","",""
"null","null","html-keyboard-response","279","1977434","0.0-13.0-0.29","697caee42ccb58f80bd052aa","69d7901e3430d13455efb336","69e637f6e1080e5e646a477f","<p style=""font-size: 60px; font-family: FragmentMono"">OTJMUYUFA</p>","","","training","","","","","","",""
"null","null","html-keyboard-response","280","1978437","0.0-13.0-0.30","697caee42ccb58f80bd052aa","69d7901e3430d13455efb336","69e637f6e1080e5e646a477f","<p style=""font-size: 60px; font-family: FragmentMono"">LRYWSVN</p>","","","training","","","","","","",""
"null","null","html-keyboard-response","281","1979443","0.0-13.0-0.31","697caee42ccb58f80bd052aa","69d7901e3430d13455efb336","69e637f6e1080e5e646a477f","<p style=""font-size: 60px; font-family: FragmentMono"">OTJMUBWGO</p>","","","training","","","","","","",""
"null","null","html-keyboard-response","282","1980459","0.0-13.0-0.32","697caee42ccb58f80bd052aa","69d7901e3430d13455efb336","69e637f6e1080e5e646a477f","<p style=""font-size: 60px; font-family: FragmentMono"">HTZXDVCEG</p>","","","training","","","","","","",""
"null","null","html-keyboard-response","283","1981467","0.0-13.0-0.33","697caee42ccb58f80bd052aa","69d7901e3430d13455efb336","69e637f6e1080e5e646a477f","<p style=""font-size: 60px; font-family: FragmentMono"">UWXVLVXB</p>","","","training","","","","","","",""
"null","null","html-keyboard-response","284","1982476","0.0-13.0-0.34","697caee42ccb58f80bd052aa","69d7901e3430d13455efb336","69e637f6e1080e5e646a477f","<p style=""font-size: 60px; font-family: FragmentMono"">EXDTVCEG</p>","","","training","","","","","","",""
"null","null","html-keyboard-response","285","1983491","0.0-13.0-0.35","697caee42ccb58f80bd052aa","69d7901e3430d13455efb336","69e637f6e1080e5e646a477f","<p style=""font-size: 60px; font-family: FragmentMono"">ERBYXVXB</p>","","","training","","","","","","",""
"null","null","html-keyboard-response","286","1984493","0.0-13.0-0.36","697caee42ccb58f80bd052aa","69d7901e3430d13455efb336","69e637f6e1080e5e646a477f","<p style=""font-size: 60px; font-family: FragmentMono"">EXDTBWGO</p>","","","training","","","","","","",""
"null","null","html-keyboard-response","287","1985505","0.0-13.0-0.37","697caee42ccb58f80bd052aa","69d7901e3430d13455efb336","69e637f6e1080e5e646a477f","<p style=""font-size: 60px; font-family: FragmentMono"">ERBYXYUFA</p>","","","training","","","","","","",""
"null","null","html-keyboard-response","288","1986507","0.0-13.0-0.38","697caee42ccb58f80bd052aa","69d7901e3430d13455efb336","69e637f6e1080e5e646a477f","<p style=""font-size: 60px; font-family: FragmentMono"">HUVWUVCEG</p>","","","training","","","","","","",""
"null","null","html-keyboard-response","289","1987508","0.0-13.0-0.39","697caee42ccb58f80bd052aa","69d7901e3430d13455efb336","69e637f6e1080e5e646a477f","<p style=""font-size: 60px; font-family: FragmentMono"">XUFEVEWG</p>","","","training","","","","","","",""
"null","null","html-keyboard-response","290","1988519","0.0-13.0-0.40","697caee42ccb58f80bd052aa","69d7901e3430d13455efb336","69e637f6e1080e5e646a477f","<p style=""font-size: 60px; font-family: FragmentMono"">UBSUVXB</p>","","","training","","","","","","",""
"null","null","html-keyboard-response","291","1989524","0.0-13.0-0.41","697caee42ccb58f80bd052aa","69d7901e3430d13455efb336","69e637f6e1080e5e646a477f","<p style=""font-size: 60px; font-family: FragmentMono"">GQFHXHIK</p>","","","training","","","","","","",""
"null","null","html-keyboard-response","292","1990526","0.0-13.0-0.42","697caee42ccb58f80bd052aa","69d7901e3430d13455efb336","69e637f6e1080e5e646a477f","<p style=""font-size: 60px; font-family: FragmentMono"">OGPGLSVN</p>","","","training","","","","","","",""
"null","null","html-keyboard-response","293","1991536","0.0-13.0-0.43","697caee42ccb58f80bd052aa","69d7901e3430d13455efb336","69e637f6e1080e5e646a477f","<p style=""font-size: 60px; font-family: FragmentMono"">EZSJITGPV</p>","","","training","","","","","","",""
"null","null","html-keyboard-response","294","1992540","0.0-13.0-0.44","697caee42ccb58f80bd052aa","69d7901e3430d13455efb336","69e637f6e1080e5e646a477f","<p style=""font-size: 60px; font-family: FragmentMono"">NAPYQOKDV</p>","","","training","","","","","","",""
"null","null","html-keyboard-response","295","1993541","0.0-13.0-0.45","697caee42ccb58f80bd052aa","69d7901e3430d13455efb336","69e637f6e1080e5e646a477f","<p style=""font-size: 60px; font-family: FragmentMono"">LRYWTGPV</p>","","","training","","","","","","",""
"null","null","html-keyboard-response","296","1994557","0.0-13.0-0.46","697caee42ccb58f80bd052aa","69d7901e3430d13455efb336","69e637f6e1080e5e646a477f","<p style=""font-size: 60px; font-family: FragmentMono"">HUVWUBWGO</p>","","","training","","","","","","",""
"null","null","html-keyboard-response","297","1995561","0.0-13.0-0.47","697caee42ccb58f80bd052aa","69d7901e3430d13455efb336","69e637f6e1080e5e646a477f","<p style=""font-size: 60px; font-family: FragmentMono"">UWXVLYUFA</p>","","","training","","","","","","",""
"null","null","html-keyboard-response","298","1996574","0.0-13.0-0.48","697caee42ccb58f80bd052aa","69d7901e3430d13455efb336","69e637f6e1080e5e646a477f","<p style=""font-size: 60px; font-family: FragmentMono"">CYFTVXB</p>","","","training","","","","","","",""
"null","null","html-keyboard-response","299","1997583","0.0-13.0-0.49","697caee42ccb58f80bd052aa","69d7901e3430d13455efb336","69e637f6e1080e5e646a477f","<p style=""font-size: 60px; font-family: FragmentMono"">HUVWUYUFA</p>","","","training","","","","","","",""
"null","null","html-keyboard-response","300","1998594","0.0-13.0-0.50","697caee42ccb58f80bd052aa","69d7901e3430d13455efb336","69e637f6e1080e5e646a477f","<p style=""font-size: 60px; font-family: FragmentMono"">ERBYXQRBJ</p>","","","training","","","","","","",""
"null","null","html-keyboard-response","301","1999610","0.0-13.0-0.51","697caee42ccb58f80bd052aa","69d7901e3430d13455efb336","69e637f6e1080e5e646a477f","<p style=""font-size: 60px; font-family: FragmentMono"">LMAZWVEWG</p>","","","training","","","","","","",""
"null","null","html-keyboard-response","302","2000624","0.0-13.0-0.52","697caee42ccb58f80bd052aa","69d7901e3430d13455efb336","69e637f6e1080e5e646a477f","<p style=""font-size: 60px; font-family: FragmentMono"">SBRCSVN</p>","","","training","","","","","","",""
"null","null","html-keyboard-response","303","2001627","0.0-13.0-0.53","697caee42ccb58f80bd052aa","69d7901e3430d13455efb336","69e637f6e1080e5e646a477f","<p style=""font-size: 60px; font-family: FragmentMono"">HTZXDVXB</p>","","","training","","","","","","",""
"null","null","html-keyboard-response","304","2002643","0.0-13.0-0.54","697caee42ccb58f80bd052aa","69d7901e3430d13455efb336","69e637f6e1080e5e646a477f","<p style=""font-size: 60px; font-family: FragmentMono"">UBSUVCEG</p>","","","training","","","","","","",""
"null","null","html-keyboard-response","305","2003647","0.0-13.0-0.55","697caee42ccb58f80bd052aa","69d7901e3430d13455efb336","69e637f6e1080e5e646a477f","<p style=""font-size: 60px; font-family: FragmentMono"">VUWYKSVN</p>","","","training","","","","","","",""
"null","null","html-keyboard-response","306","2004660","0.0-13.0-0.56","697caee42ccb58f80bd052aa","69d7901e3430d13455efb336","69e637f6e1080e5e646a477f","<p style=""font-size: 60px; font-family: FragmentMono"">LRYWVEWG</p>","","","training","","","","","","",""
"null","null","html-keyboard-response","307","2005677","0.0-13.0-0.57","697caee42ccb58f80bd052aa","69d7901e3430d13455efb336","69e637f6e1080e5e646a477f","<p style=""font-size: 60px; font-family: FragmentMono"">HTZXDYUFA</p>","","","training","","","","","","",""
"null","null","html-keyboard-response","308","2006690","0.0-13.0-0.58","697caee42ccb58f80bd052aa","69d7901e3430d13455efb336","69e637f6e1080e5e646a477f","<p style=""font-size: 60px; font-family: FragmentMono"">GQFHXSVN</p>","","","training","","","","","","",""
"null","null","html-keyboard-response","309","2007707","0.0-13.0-0.59","697caee42ccb58f80bd052aa","69d7901e3430d13455efb336","69e637f6e1080e5e646a477f","<p style=""font-size: 60px; font-family: FragmentMono"">UWNPVCEG</p>","","","training","","","","","","",""
"null","null","html-keyboard-response","310","2008715","0.0-13.0-0.60","697caee42ccb58f80bd052aa","69d7901e3430d13455efb336","69e637f6e1080e5e646a477f","<p style=""font-size: 60px; font-family: FragmentMono"">LRYWHIK</p>","","","training","","","","","","",""
"null","null","html-keyboard-response","311","2009720","0.0-13.0-0.61","697caee42ccb58f80bd052aa","69d7901e3430d13455efb336","69e637f6e1080e5e646a477f","<p style=""font-size: 60px; font-family: FragmentMono"">TNKDOVXB</p>","","","training","","","","","","",""
"null","null","html-keyboard-response","312","2010726","0.0-13.0-0.62","697caee42ccb58f80bd052aa","69d7901e3430d13455efb336","69e637f6e1080e5e646a477f","<p style=""font-size: 60px; font-family: FragmentMono"">VUWYKHIK</p>","","","training","","","","","","",""
"null","null","html-keyboard-response","313","2011743","0.0-13.0-0.63","697caee42ccb58f80bd052aa","69d7901e3430d13455efb336","69e637f6e1080e5e646a477f","<p style=""font-size: 60px; font-family: FragmentMono"">OTJMUQRBJ</p>","","","training","","","","","","",""
"null","null","html-keyboard-response","314","2012744","0.0-13.0-0.64","697caee42ccb58f80bd052aa","69d7901e3430d13455efb336","69e637f6e1080e5e646a477f","<p style=""font-size: 60px; font-family: FragmentMono"">UWNPBWGO</p>","","","training","","","","","","",""
"null","null","html-keyboard-response","315","2013753","0.0-13.0-0.65","697caee42ccb58f80bd052aa","69d7901e3430d13455efb336","69e637f6e1080e5e646a477f","<p style=""font-size: 60px; font-family: FragmentMono"">SBRCVEWG</p>","","","training","","","","","","",""
"null","null","html-keyboard-response","316","2014761","0.0-13.0-0.66","697caee42ccb58f80bd052aa","69d7901e3430d13455efb336","69e637f6e1080e5e646a477f","<p style=""font-size: 60px; font-family: FragmentMono"">KUQVMTGPV</p>","","","training","","","","","","",""
"null","null","html-keyboard-response","317","2015777","0.0-13.0-0.67","697caee42ccb58f80bd052aa","69d7901e3430d13455efb336","69e637f6e1080e5e646a477f","<p style=""font-size: 60px; font-family: FragmentMono"">XUFEOKDV</p>","","","training","","","","","","",""
"null","null","html-keyboard-response","318","2016794","0.0-13.0-0.68","697caee42ccb58f80bd052aa","69d7901e3430d13455efb336","69e637f6e1080e5e646a477f","<p style=""font-size: 60px; font-family: FragmentMono"">CYFTQRBJ</p>","","","training","","","","","","",""
"null","null","html-keyboard-response","319","2017795","0.0-13.0-0.69","697caee42ccb58f80bd052aa","69d7901e3430d13455efb336","69e637f6e1080e5e646a477f","<p style=""font-size: 60px; font-family: FragmentMono"">NAPYQVEWG</p>","","","training","","","","","","",""
"null","null","html-keyboard-response","320","2018803","0.0-13.0-0.70","697caee42ccb58f80bd052aa","69d7901e3430d13455efb336","69e637f6e1080e5e646a477f","<p style=""font-size: 60px; font-family: FragmentMono"">HUVWUQRBJ</p>","","","training","","","","","","",""
"null","null","html-keyboard-response","321","2019811","0.0-13.0-0.71","697caee42ccb58f80bd052aa","69d7901e3430d13455efb336","69e637f6e1080e5e646a477f","<p style=""font-size: 60px; font-family: FragmentMono"">KUQVMVEWG</p>","","","training","","","","","","",""
"null","null","html-keyboard-response","322","2020827","0.0-13.0-0.72","697caee42ccb58f80bd052aa","69d7901e3430d13455efb336","69e637f6e1080e5e646a477f","<p style=""font-size: 60px; font-family: FragmentMono"">OGPGLTGPV</p>","","","training","","","","","","",""
"null","null","html-keyboard-response","323","2021828","0.0-13.0-0.73","697caee42ccb58f80bd052aa","69d7901e3430d13455efb336","69e637f6e1080e5e646a477f","<p style=""font-size: 60px; font-family: FragmentMono"">ERBYXVCEG</p>","","","training","","","","","","",""
"null","null","html-keyboard-response","324","2022835","0.0-13.0-0.74","697caee42ccb58f80bd052aa","69d7901e3430d13455efb336","69e637f6e1080e5e646a477f","<p style=""font-size: 60px; font-family: FragmentMono"">UWNPVXB</p>","","","training","","","","","","",""
"null","null","html-keyboard-response","325","2023841","0.0-13.0-0.75","697caee42ccb58f80bd052aa","69d7901e3430d13455efb336","69e637f6e1080e5e646a477f","<p style=""font-size: 60px; font-family: FragmentMono"">OGPGLOKDV</p>","","","training","","","","","","",""
"null","null","html-keyboard-response","326","2024858","0.0-13.0-0.76","697caee42ccb58f80bd052aa","69d7901e3430d13455efb336","69e637f6e1080e5e646a477f","<p style=""font-size: 60px; font-family: FragmentMono"">UBSUBWGO</p>","","","training","","","","","","",""
"null","null","html-keyboard-response","327","2025860","0.0-13.0-0.77","697caee42ccb58f80bd052aa","69d7901e3430d13455efb336","69e637f6e1080e5e646a477f","<p style=""font-size: 60px; font-family: FragmentMono"">OGPGLVEWG</p>","","","training","","","","","","",""
"null","null","html-keyboard-response","328","2026878","0.0-13.0-0.78","697caee42ccb58f80bd052aa","69d7901e3430d13455efb336","69e637f6e1080e5e646a477f","<p style=""font-size: 60px; font-family: FragmentMono"">EXDTVXB</p>","","","training","","","","","","",""
"null","null","html-keyboard-response","329","2027886","0.0-13.0-0.79","697caee42ccb58f80bd052aa","69d7901e3430d13455efb336","69e637f6e1080e5e646a477f","<p style=""font-size: 60px; font-family: FragmentMono"">KUQVMOKDV</p>","","","training","","","","","","",""
"103461"," ","html-keyboard-response","330","2131349","0.0-14.0","697caee42ccb58f80bd052aa","69d7901e3430d13455efb336","69e637f6e1080e5e646a477f","<p style=""font-size: 30px"">Great, you've seen the fourth block of words. You may now take a short break.</p>
      <p style=""font-size: 30px"">Press the spacebar when you're ready to continue.</p>","","","","","","","","","",""
"null","null","html-keyboard-response","331","2132353","0.0-15.0-0.0","697caee42ccb58f80bd052aa","69d7901e3430d13455efb336","69e637f6e1080e5e646a477f","<p style=""font-size: 60px; font-family: FragmentMono"">UWNPBWGO</p>","","","training","","","","","","",""
"null","null","html-keyboard-response","332","2133363","0.0-15.0-0.1","697caee42ccb58f80bd052aa","69d7901e3430d13455efb336","69e637f6e1080e5e646a477f","<p style=""font-size: 60px; font-family: FragmentMono"">NAPYQOKDV</p>","","","training","","","","","","",""
"null","null","html-keyboard-response","333","2134380","0.0-15.0-0.2","697caee42ccb58f80bd052aa","69d7901e3430d13455efb336","69e637f6e1080e5e646a477f","<p style=""font-size: 60px; font-family: FragmentMono"">HTZXDVCEG</p>","","","training","","","","","","",""
"null","null","html-keyboard-response","334","2135393","0.0-15.0-0.3","697caee42ccb58f80bd052aa","69d7901e3430d13455efb336","69e637f6e1080e5e646a477f","<p style=""font-size: 60px; font-family: FragmentMono"">GQFHXSVN</p>","","","training","","","","","","",""
"null","null","html-keyboard-response","335","2136397","0.0-15.0-0.4","697caee42ccb58f80bd052aa","69d7901e3430d13455efb336","69e637f6e1080e5e646a477f","<p style=""font-size: 60px; font-family: FragmentMono"">OTJMUYUFA</p>","","","training","","","","","","",""
"null","null","html-keyboard-response","336","2137413","0.0-15.0-0.5","697caee42ccb58f80bd052aa","69d7901e3430d13455efb336","69e637f6e1080e5e646a477f","<p style=""font-size: 60px; font-family: FragmentMono"">LRYWTGPV</p>","","","training","","","","","","",""
"null","null","html-keyboard-response","337","2138430","0.0-15.0-0.6","697caee42ccb58f80bd052aa","69d7901e3430d13455efb336","69e637f6e1080e5e646a477f","<p style=""font-size: 60px; font-family: FragmentMono"">GQFHXVEWG</p>","","","training","","","","","","",""
"null","null","html-keyboard-response","338","2139431","0.0-15.0-0.7","697caee42ccb58f80bd052aa","69d7901e3430d13455efb336","69e637f6e1080e5e646a477f","<p style=""font-size: 60px; font-family: FragmentMono"">NAPYQHIK</p>","","","training","","","","","","",""
"null","null","html-keyboard-response","339","2140441","0.0-15.0-0.8","697caee42ccb58f80bd052aa","69d7901e3430d13455efb336","69e637f6e1080e5e646a477f","<p style=""font-size: 60px; font-family: FragmentMono"">HUVWUQRBJ</p>","","","training","","","","","","",""
"null","null","html-keyboard-response","340","2141447","0.0-15.0-0.9","697caee42ccb58f80bd052aa","69d7901e3430d13455efb336","69e637f6e1080e5e646a477f","<p style=""font-size: 60px; font-family: FragmentMono"">ERBYXVCEG</p>","","","training","","","","","","",""
"null","null","html-keyboard-response","341","2142463","0.0-15.0-0.10","697caee42ccb58f80bd052aa","69d7901e3430d13455efb336","69e637f6e1080e5e646a477f","<p style=""font-size: 60px; font-family: FragmentMono"">KUQVMVEWG</p>","","","training","","","","","","",""
"null","null","html-keyboard-response","342","2143479","0.0-15.0-0.11","697caee42ccb58f80bd052aa","69d7901e3430d13455efb336","69e637f6e1080e5e646a477f","<p style=""font-size: 60px; font-family: FragmentMono"">LMAZWHIK</p>","","","training","","","","","","",""
"null","null","html-keyboard-response","343","2144489","0.0-15.0-0.12","697caee42ccb58f80bd052aa","69d7901e3430d13455efb336","69e637f6e1080e5e646a477f","<p style=""font-size: 60px; font-family: FragmentMono"">OGPGLVEWG</p>","","","training","","","","","","",""
"null","null","html-keyboard-response","344","2145493","0.0-15.0-0.13","697caee42ccb58f80bd052aa","69d7901e3430d13455efb336","69e637f6e1080e5e646a477f","<p style=""font-size: 60px; font-family: FragmentMono"">HUVWUVCEG</p>","","","training","","","","","","",""
"null","null","html-keyboard-response","345","2146497","0.0-15.0-0.14","697caee42ccb58f80bd052aa","69d7901e3430d13455efb336","69e637f6e1080e5e646a477f","<p style=""font-size: 60px; font-family: FragmentMono"">UWXVLBWGO</p>","","","training","","","","","","",""
"null","null","html-keyboard-response","346","2147503","0.0-15.0-0.15","697caee42ccb58f80bd052aa","69d7901e3430d13455efb336","69e637f6e1080e5e646a477f","<p style=""font-size: 60px; font-family: FragmentMono"">EXDTYUFA</p>","","","training","","","","","","",""
"null","null","html-keyboard-response","347","2148508","0.0-15.0-0.16","697caee42ccb58f80bd052aa","69d7901e3430d13455efb336","69e637f6e1080e5e646a477f","<p style=""font-size: 60px; font-family: FragmentMono"">NAPYQVEWG</p>","","","training","","","","","","",""
"null","null","html-keyboard-response","348","2149524","0.0-15.0-0.17","697caee42ccb58f80bd052aa","69d7901e3430d13455efb336","69e637f6e1080e5e646a477f","<p style=""font-size: 60px; font-family: FragmentMono"">OGPGLOKDV</p>","","","training","","","","","","",""
"null","null","html-keyboard-response","349","2150529","0.0-15.0-0.18","697caee42ccb58f80bd052aa","69d7901e3430d13455efb336","69e637f6e1080e5e646a477f","<p style=""font-size: 60px; font-family: FragmentMono"">HTZXDVXB</p>","","","training","","","","","","",""
"null","null","html-keyboard-response","350","2151538","0.0-15.0-0.19","697caee42ccb58f80bd052aa","69d7901e3430d13455efb336","69e637f6e1080e5e646a477f","<p style=""font-size: 60px; font-family: FragmentMono"">ERBYXQRBJ</p>","","","training","","","","","","",""
"null","null","html-keyboard-response","351","2152546","0.0-15.0-0.20","697caee42ccb58f80bd052aa","69d7901e3430d13455efb336","69e637f6e1080e5e646a477f","<p style=""font-size: 60px; font-family: FragmentMono"">UWNPVXB</p>","","","training","","","","","","",""
"null","null","html-keyboard-response","352","2153558","0.0-15.0-0.21","697caee42ccb58f80bd052aa","69d7901e3430d13455efb336","69e637f6e1080e5e646a477f","<p style=""font-size: 60px; font-family: FragmentMono"">OTJMUVCEG</p>","","","training","","","","","","",""
"null","null","html-keyboard-response","353","2154563","0.0-15.0-0.22","697caee42ccb58f80bd052aa","69d7901e3430d13455efb336","69e637f6e1080e5e646a477f","<p style=""font-size: 60px; font-family: FragmentMono"">TNKDOVXB</p>","","","training","","","","","","",""
"null","null","html-keyboard-response","354","2155573","0.0-15.0-0.23","697caee42ccb58f80bd052aa","69d7901e3430d13455efb336","69e637f6e1080e5e646a477f","<p style=""font-size: 60px; font-family: FragmentMono"">GQFHXOKDV</p>","","","training","","","","","","",""
"null","null","html-keyboard-response","355","2156580","0.0-15.0-0.24","697caee42ccb58f80bd052aa","69d7901e3430d13455efb336","69e637f6e1080e5e646a477f","<p style=""font-size: 60px; font-family: FragmentMono"">VUWYKSVN</p>","","","training","","","","","","",""
"null","null","html-keyboard-response","356","2157593","0.0-15.0-0.25","697caee42ccb58f80bd052aa","69d7901e3430d13455efb336","69e637f6e1080e5e646a477f","<p style=""font-size: 60px; font-family: FragmentMono"">ERBYXYUFA</p>","","","training","","","","","","",""
"null","null","html-keyboard-response","357","2158598","0.0-15.0-0.26","697caee42ccb58f80bd052aa","69d7901e3430d13455efb336","69e637f6e1080e5e646a477f","<p style=""font-size: 60px; font-family: FragmentMono"">XUFETGPV</p>","","","training","","","","","","",""
"null","null","html-keyboard-response","358","2159606","0.0-15.0-0.27","697caee42ccb58f80bd052aa","69d7901e3430d13455efb336","69e637f6e1080e5e646a477f","<p style=""font-size: 60px; font-family: FragmentMono"">VUWYKOKDV</p>","","","training","","","","","","",""
"null","null","html-keyboard-response","359","2160616","0.0-15.0-0.28","697caee42ccb58f80bd052aa","69d7901e3430d13455efb336","69e637f6e1080e5e646a477f","<p style=""font-size: 60px; font-family: FragmentMono"">SBRCVEWG</p>","","","training","","","","","","",""
"null","null","html-keyboard-response","360","2161630","0.0-15.0-0.29","697caee42ccb58f80bd052aa","69d7901e3430d13455efb336","69e637f6e1080e5e646a477f","<p style=""font-size: 60px; font-family: FragmentMono"">CYFTVCEG</p>","","","training","","","","","","",""
"null","null","html-keyboard-response","361","2162645","0.0-15.0-0.30","697caee42ccb58f80bd052aa","69d7901e3430d13455efb336","69e637f6e1080e5e646a477f","<p style=""font-size: 60px; font-family: FragmentMono"">OGPGLTGPV</p>","","","training","","","","","","",""
"null","null","html-keyboard-response","362","2163646","0.0-15.0-0.31","697caee42ccb58f80bd052aa","69d7901e3430d13455efb336","69e637f6e1080e5e646a477f","<p style=""font-size: 60px; font-family: FragmentMono"">UBSUYUFA</p>","","","training","","","","","","",""
"null","null","html-keyboard-response","363","2164654","0.0-15.0-0.32","697caee42ccb58f80bd052aa","69d7901e3430d13455efb336","69e637f6e1080e5e646a477f","<p style=""font-size: 60px; font-family: FragmentMono"">EZSJITGPV</p>","","","training","","","","","","",""
"null","null","html-keyboard-response","364","2165664","0.0-15.0-0.33","697caee42ccb58f80bd052aa","69d7901e3430d13455efb336","69e637f6e1080e5e646a477f","<p style=""font-size: 60px; font-family: FragmentMono"">CYFTVXB</p>","","","training","","","","","","",""
"null","null","html-keyboard-response","365","2166681","0.0-15.0-0.34","697caee42ccb58f80bd052aa","69d7901e3430d13455efb336","69e637f6e1080e5e646a477f","<p style=""font-size: 60px; font-family: FragmentMono"">HUVWUYUFA</p>","","","training","","","","","","",""
"null","null","html-keyboard-response","366","2167696","0.0-15.0-0.35","697caee42ccb58f80bd052aa","69d7901e3430d13455efb336","69e637f6e1080e5e646a477f","<p style=""font-size: 60px; font-family: FragmentMono"">XUFEVEWG</p>","","","training","","","","","","",""
"null","null","html-keyboard-response","367","2168703","0.0-15.0-0.36","697caee42ccb58f80bd052aa","69d7901e3430d13455efb336","69e637f6e1080e5e646a477f","<p style=""font-size: 60px; font-family: FragmentMono"">EZSJISVN</p>","","","training","","","","","","",""
"null","null","html-keyboard-response","368","2169715","0.0-15.0-0.37","697caee42ccb58f80bd052aa","69d7901e3430d13455efb336","69e637f6e1080e5e646a477f","<p style=""font-size: 60px; font-family: FragmentMono"">SBRCHIK</p>","","","training","","","","","","",""
"null","null","html-keyboard-response","369","2170730","0.0-15.0-0.38","697caee42ccb58f80bd052aa","69d7901e3430d13455efb336","69e637f6e1080e5e646a477f","<p style=""font-size: 60px; font-family: FragmentMono"">KUQVMSVN</p>","","","training","","","","","","",""
"null","null","html-keyboard-response","370","2171748","0.0-15.0-0.39","697caee42ccb58f80bd052aa","69d7901e3430d13455efb336","69e637f6e1080e5e646a477f","<p style=""font-size: 60px; font-family: FragmentMono"">OTJMUBWGO</p>","","","training","","","","","","",""
"null","null","html-keyboard-response","371","2172764","0.0-15.0-0.40","697caee42ccb58f80bd052aa","69d7901e3430d13455efb336","69e637f6e1080e5e646a477f","<p style=""font-size: 60px; font-family: FragmentMono"">UWXVLYUFA</p>","","","training","","","","","","",""
"null","null","html-keyboard-response","372","2173774","0.0-15.0-0.41","697caee42ccb58f80bd052aa","69d7901e3430d13455efb336","69e637f6e1080e5e646a477f","<p style=""font-size: 60px; font-family: FragmentMono"">LRYWVEWG</p>","","","training","","","","","","",""
"null","null","html-keyboard-response","373","2174782","0.0-15.0-0.42","697caee42ccb58f80bd052aa","69d7901e3430d13455efb336","69e637f6e1080e5e646a477f","<p style=""font-size: 60px; font-family: FragmentMono"">XUFEHIK</p>","","","training","","","","","","",""
"null","null","html-keyboard-response","374","2175798","0.0-15.0-0.43","697caee42ccb58f80bd052aa","69d7901e3430d13455efb336","69e637f6e1080e5e646a477f","<p style=""font-size: 60px; font-family: FragmentMono"">SBRCSVN</p>","","","training","","","","","","",""
"null","null","html-keyboard-response","375","2176799","0.0-15.0-0.44","697caee42ccb58f80bd052aa","69d7901e3430d13455efb336","69e637f6e1080e5e646a477f","<p style=""font-size: 60px; font-family: FragmentMono"">EXDTBWGO</p>","","","training","","","","","","",""
"null","null","html-keyboard-response","376","2177815","0.0-15.0-0.45","697caee42ccb58f80bd052aa","69d7901e3430d13455efb336","69e637f6e1080e5e646a477f","<p style=""font-size: 60px; font-family: FragmentMono"">EZSJIOKDV</p>","","","training","","","","","","",""
"null","null","html-keyboard-response","377","2178816","0.0-15.0-0.46","697caee42ccb58f80bd052aa","69d7901e3430d13455efb336","69e637f6e1080e5e646a477f","<p style=""font-size: 60px; font-family: FragmentMono"">UBSUVCEG</p>","","","training","","","","","","",""
"null","null","html-keyboard-response","378","2179831","0.0-15.0-0.47","697caee42ccb58f80bd052aa","69d7901e3430d13455efb336","69e637f6e1080e5e646a477f","<p style=""font-size: 60px; font-family: FragmentMono"">UWNPQRBJ</p>","","","training","","","","","","",""
"null","null","html-keyboard-response","379","2180848","0.0-15.0-0.48","697caee42ccb58f80bd052aa","69d7901e3430d13455efb336","69e637f6e1080e5e646a477f","<p style=""font-size: 60px; font-family: FragmentMono"">VUWYKHIK</p>","","","training","","","","","","",""
"null","null","html-keyboard-response","380","2181856","0.0-15.0-0.49","697caee42ccb58f80bd052aa","69d7901e3430d13455efb336","69e637f6e1080e5e646a477f","<p style=""font-size: 60px; font-family: FragmentMono"">ERBYXVXB</p>","","","training","","","","","","",""
"null","null","html-keyboard-response","381","2182864","0.0-15.0-0.50","697caee42ccb58f80bd052aa","69d7901e3430d13455efb336","69e637f6e1080e5e646a477f","<p style=""font-size: 60px; font-family: FragmentMono"">EZSJIHIK</p>","","","training","","","","","","",""
"null","null","html-keyboard-response","382","2183865","0.0-15.0-0.51","697caee42ccb58f80bd052aa","69d7901e3430d13455efb336","69e637f6e1080e5e646a477f","<p style=""font-size: 60px; font-family: FragmentMono"">EXDTVCEG</p>","","","training","","","","","","",""
"null","null","html-keyboard-response","383","2184882","0.0-15.0-0.52","697caee42ccb58f80bd052aa","69d7901e3430d13455efb336","69e637f6e1080e5e646a477f","<p style=""font-size: 60px; font-family: FragmentMono"">HTZXDYUFA</p>","","","training","","","","","","",""
"null","null","html-keyboard-response","384","2185897","0.0-15.0-0.53","697caee42ccb58f80bd052aa","69d7901e3430d13455efb336","69e637f6e1080e5e646a477f","<p style=""font-size: 60px; font-family: FragmentMono"">LRYWHIK</p>","","","training","","","","","","",""
"null","null","html-keyboard-response","385","2186899","0.0-15.0-0.54","697caee42ccb58f80bd052aa","69d7901e3430d13455efb336","69e637f6e1080e5e646a477f","<p style=""font-size: 60px; font-family: FragmentMono"">HTZXDQRBJ</p>","","","training","","","","","","",""
"null","null","html-keyboard-response","386","2187909","0.0-15.0-0.55","697caee42ccb58f80bd052aa","69d7901e3430d13455efb336","69e637f6e1080e5e646a477f","<p style=""font-size: 60px; font-family: FragmentMono"">TNKDOYUFA</p>","","","training","","","","","","",""
"null","null","html-keyboard-response","387","2188917","0.0-15.0-0.56","697caee42ccb58f80bd052aa","69d7901e3430d13455efb336","69e637f6e1080e5e646a477f","<p style=""font-size: 60px; font-family: FragmentMono"">LMAZWTGPV</p>","","","training","","","","","","",""
"null","null","html-keyboard-response","388","2189927","0.0-15.0-0.57","697caee42ccb58f80bd052aa","69d7901e3430d13455efb336","69e637f6e1080e5e646a477f","<p style=""font-size: 60px; font-family: FragmentMono"">KUQVMOKDV</p>","","","training","","","","","","",""
"null","null","html-keyboard-response","389","2190930","0.0-15.0-0.58","697caee42ccb58f80bd052aa","69d7901e3430d13455efb336","69e637f6e1080e5e646a477f","<p style=""font-size: 60px; font-family: FragmentMono"">OGPGLSVN</p>","","","training","","","","","","",""
"null","null","html-keyboard-response","390","2191940","0.0-15.0-0.59","697caee42ccb58f80bd052aa","69d7901e3430d13455efb336","69e637f6e1080e5e646a477f","<p style=""font-size: 60px; font-family: FragmentMono"">CYFTBWGO</p>","","","training","","","","","","",""
"null","null","html-keyboard-response","391","2192948","0.0-15.0-0.60","697caee42ccb58f80bd052aa","69d7901e3430d13455efb336","69e637f6e1080e5e646a477f","<p style=""font-size: 60px; font-family: FragmentMono"">LMAZWOKDV</p>","","","training","","","","","","",""
"null","null","html-keyboard-response","392","2193953","0.0-15.0-0.61","697caee42ccb58f80bd052aa","69d7901e3430d13455efb336","69e637f6e1080e5e646a477f","<p style=""font-size: 60px; font-family: FragmentMono"">KUQVMTGPV</p>","","","training","","","","","","",""
"null","null","html-keyboard-response","393","2194957","0.0-15.0-0.62","697caee42ccb58f80bd052aa","69d7901e3430d13455efb336","69e637f6e1080e5e646a477f","<p style=""font-size: 60px; font-family: FragmentMono"">TNKDOQRBJ</p>","","","training","","","","","","",""
"null","null","html-keyboard-response","394","2195964","0.0-15.0-0.63","697caee42ccb58f80bd052aa","69d7901e3430d13455efb336","69e637f6e1080e5e646a477f","<p style=""font-size: 60px; font-family: FragmentMono"">XUFEOKDV</p>","","","training","","","","","","",""
"null","null","html-keyboard-response","395","2196967","0.0-15.0-0.64","697caee42ccb58f80bd052aa","69d7901e3430d13455efb336","69e637f6e1080e5e646a477f","<p style=""font-size: 60px; font-family: FragmentMono"">UBSUVXB</p>","","","training","","","","","","",""
"null","null","html-keyboard-response","396","2197973","0.0-15.0-0.65","697caee42ccb58f80bd052aa","69d7901e3430d13455efb336","69e637f6e1080e5e646a477f","<p style=""font-size: 60px; font-family: FragmentMono"">SBRCTGPV</p>","","","training","","","","","","",""
"null","null","html-keyboard-response","397","2198974","0.0-15.0-0.66","697caee42ccb58f80bd052aa","69d7901e3430d13455efb336","69e637f6e1080e5e646a477f","<p style=""font-size: 60px; font-family: FragmentMono"">HUVWUBWGO</p>","","","training","","","","","","",""
"null","null","html-keyboard-response","398","2199982","0.0-15.0-0.67","697caee42ccb58f80bd052aa","69d7901e3430d13455efb336","69e637f6e1080e5e646a477f","<p style=""font-size: 60px; font-family: FragmentMono"">CYFTQRBJ</p>","","","training","","","","","","",""
"null","null","html-keyboard-response","399","2200996","0.0-15.0-0.68","697caee42ccb58f80bd052aa","69d7901e3430d13455efb336","69e637f6e1080e5e646a477f","<p style=""font-size: 60px; font-family: FragmentMono"">LRYWSVN</p>","","","training","","","","","","",""
"null","null","html-keyboard-response","400","2201999","0.0-15.0-0.69","697caee42ccb58f80bd052aa","69d7901e3430d13455efb336","69e637f6e1080e5e646a477f","<p style=""font-size: 60px; font-family: FragmentMono"">GQFHXHIK</p>","","","training","","","","","","",""
"null","null","html-keyboard-response","401","2203006","0.0-15.0-0.70","697caee42ccb58f80bd052aa","69d7901e3430d13455efb336","69e637f6e1080e5e646a477f","<p style=""font-size: 60px; font-family: FragmentMono"">EXDTVXB</p>","","","training","","","","","","",""
"null","null","html-keyboard-response","402","2204015","0.0-15.0-0.71","697caee42ccb58f80bd052aa","69d7901e3430d13455efb336","69e637f6e1080e5e646a477f","<p style=""font-size: 60px; font-family: FragmentMono"">OTJMUQRBJ</p>","","","training","","","","","","",""
"null","null","html-keyboard-response","403","2205024","0.0-15.0-0.72","697caee42ccb58f80bd052aa","69d7901e3430d13455efb336","69e637f6e1080e5e646a477f","<p style=""font-size: 60px; font-family: FragmentMono"">UBSUBWGO</p>","","","training","","","","","","",""
"null","null","html-keyboard-response","404","2206032","0.0-15.0-0.73","697caee42ccb58f80bd052aa","69d7901e3430d13455efb336","69e637f6e1080e5e646a477f","<p style=""font-size: 60px; font-family: FragmentMono"">UWXVLVXB</p>","","","training","","","","","","",""
"null","null","html-keyboard-response","405","2207049","0.0-15.0-0.74","697caee42ccb58f80bd052aa","69d7901e3430d13455efb336","69e637f6e1080e5e646a477f","<p style=""font-size: 60px; font-family: FragmentMono"">TNKDOBWGO</p>","","","training","","","","","","",""
"null","null","html-keyboard-response","406","2208054","0.0-15.0-0.75","697caee42ccb58f80bd052aa","69d7901e3430d13455efb336","69e637f6e1080e5e646a477f","<p style=""font-size: 60px; font-family: FragmentMono"">LMAZWVEWG</p>","","","training","","","","","","",""
"null","null","html-keyboard-response","407","2209058","0.0-15.0-0.76","697caee42ccb58f80bd052aa","69d7901e3430d13455efb336","69e637f6e1080e5e646a477f","<p style=""font-size: 60px; font-family: FragmentMono"">UWXVLQRBJ</p>","","","training","","","","","","",""
"null","null","html-keyboard-response","408","2210059","0.0-15.0-0.77","697caee42ccb58f80bd052aa","69d7901e3430d13455efb336","69e637f6e1080e5e646a477f","<p style=""font-size: 60px; font-family: FragmentMono"">NAPYQSVN</p>","","","training","","","","","","",""
"null","null","html-keyboard-response","409","2211063","0.0-15.0-0.78","697caee42ccb58f80bd052aa","69d7901e3430d13455efb336","69e637f6e1080e5e646a477f","<p style=""font-size: 60px; font-family: FragmentMono"">VUWYKTGPV</p>","","","training","","","","","","",""
"null","null","html-keyboard-response","410","2212075","0.0-15.0-0.79","697caee42ccb58f80bd052aa","69d7901e3430d13455efb336","69e637f6e1080e5e646a477f","<p style=""font-size: 60px; font-family: FragmentMono"">UWNPVCEG</p>","","","training","","","","","","",""
"2022"," ","html-keyboard-response","411","2214098","0.0-16.0","697caee42ccb58f80bd052aa","69d7901e3430d13455efb336","69e637f6e1080e5e646a477f","<p style=""font-size: 30px"">Great, you've seen the fifth block of words. You may now take a short break.</p>
      <p style=""font-size: 30px"">Press the spacebar when you're ready to continue.</p>","","","","","","","","","",""
"null","null","html-keyboard-response","412","2215108","0.0-17.0-0.0","697caee42ccb58f80bd052aa","69d7901e3430d13455efb336","69e637f6e1080e5e646a477f","<p style=""font-size: 60px; font-family: FragmentMono"">OTJMUBWGO</p>","","","training","","","","","","",""
"null","null","html-keyboard-response","413","2216116","0.0-17.0-0.1","697caee42ccb58f80bd052aa","69d7901e3430d13455efb336","69e637f6e1080e5e646a477f","<p style=""font-size: 60px; font-family: FragmentMono"">ERBYXYUFA</p>","","","training","","","","","","",""
"null","null","html-keyboard-response","414","2217130","0.0-17.0-0.2","697caee42ccb58f80bd052aa","69d7901e3430d13455efb336","69e637f6e1080e5e646a477f","<p style=""font-size: 60px; font-family: FragmentMono"">OTJMUVCEG</p>","","","training","","","","","","",""
"null","null","html-keyboard-response","415","2218133","0.0-17.0-0.3","697caee42ccb58f80bd052aa","69d7901e3430d13455efb336","69e637f6e1080e5e646a477f","<p style=""font-size: 60px; font-family: FragmentMono"">TNKDOQRBJ</p>","","","training","","","","","","",""
"null","null","html-keyboard-response","416","2219149","0.0-17.0-0.4","697caee42ccb58f80bd052aa","69d7901e3430d13455efb336","69e637f6e1080e5e646a477f","<p style=""font-size: 60px; font-family: FragmentMono"">EXDTVXB</p>","","","training","","","","","","",""
"null","null","html-keyboard-response","417","2220157","0.0-17.0-0.5","697caee42ccb58f80bd052aa","69d7901e3430d13455efb336","69e637f6e1080e5e646a477f","<p style=""font-size: 60px; font-family: FragmentMono"">GQFHXOKDV</p>","","","training","","","","","","",""
"null","null","html-keyboard-response","418","2221166","0.0-17.0-0.6","697caee42ccb58f80bd052aa","69d7901e3430d13455efb336","69e637f6e1080e5e646a477f","<p style=""font-size: 60px; font-family: FragmentMono"">OGPGLTGPV</p>","","","training","","","","","","",""
"null","null","html-keyboard-response","419","2222170","0.0-17.0-0.7","697caee42ccb58f80bd052aa","69d7901e3430d13455efb336","69e637f6e1080e5e646a477f","<p style=""font-size: 60px; font-family: FragmentMono"">HUVWUYUFA</p>","","","training","","","","","","",""
"null","null","html-keyboard-response","420","2223177","0.0-17.0-0.8","697caee42ccb58f80bd052aa","69d7901e3430d13455efb336","69e637f6e1080e5e646a477f","<p style=""font-size: 60px; font-family: FragmentMono"">UWXVLBWGO</p>","","","training","","","","","","",""
"null","null","html-keyboard-response","421","2224182","0.0-17.0-0.9","697caee42ccb58f80bd052aa","69d7901e3430d13455efb336","69e637f6e1080e5e646a477f","<p style=""font-size: 60px; font-family: FragmentMono"">GQFHXVEWG</p>","","","training","","","","","","",""
"null","null","html-keyboard-response","422","2225199","0.0-17.0-0.10","697caee42ccb58f80bd052aa","69d7901e3430d13455efb336","69e637f6e1080e5e646a477f","<p style=""font-size: 60px; font-family: FragmentMono"">EZSJIOKDV</p>","","","training","","","","","","",""
"null","null","html-keyboard-response","423","2226216","0.0-17.0-0.11","697caee42ccb58f80bd052aa","69d7901e3430d13455efb336","69e637f6e1080e5e646a477f","<p style=""font-size: 60px; font-family: FragmentMono"">KUQVMSVN</p>","","","training","","","","","","",""
"null","null","html-keyboard-response","424","2227217","0.0-17.0-0.12","697caee42ccb58f80bd052aa","69d7901e3430d13455efb336","69e637f6e1080e5e646a477f","<p style=""font-size: 60px; font-family: FragmentMono"">OGPGLOKDV</p>","","","training","","","","","","",""
"null","null","html-keyboard-response","425","2228223","0.0-17.0-0.13","697caee42ccb58f80bd052aa","69d7901e3430d13455efb336","69e637f6e1080e5e646a477f","<p style=""font-size: 60px; font-family: FragmentMono"">LRYWHIK</p>","","","training","","","","","","",""
"null","null","html-keyboard-response","426","2229231","0.0-17.0-0.14","697caee42ccb58f80bd052aa","69d7901e3430d13455efb336","69e637f6e1080e5e646a477f","<p style=""font-size: 60px; font-family: FragmentMono"">HTZXDVCEG</p>","","","training","","","","","","",""
"null","null","html-keyboard-response","427","2230232","0.0-17.0-0.15","697caee42ccb58f80bd052aa","69d7901e3430d13455efb336","69e637f6e1080e5e646a477f","<p style=""font-size: 60px; font-family: FragmentMono"">OGPGLSVN</p>","","","training","","","","","","",""
"null","null","html-keyboard-response","428","2231244","0.0-17.0-0.16","697caee42ccb58f80bd052aa","69d7901e3430d13455efb336","69e637f6e1080e5e646a477f","<p style=""font-size: 60px; font-family: FragmentMono"">HTZXDVXB</p>","","","training","","","","","","",""
"null","null","html-keyboard-response","429","2232249","0.0-17.0-0.17","697caee42ccb58f80bd052aa","69d7901e3430d13455efb336","69e637f6e1080e5e646a477f","<p style=""font-size: 60px; font-family: FragmentMono"">XUFEVEWG</p>","","","training","","","","","","",""
"null","null","html-keyboard-response","430","2233250","0.0-17.0-0.18","697caee42ccb58f80bd052aa","69d7901e3430d13455efb336","69e637f6e1080e5e646a477f","<p style=""font-size: 60px; font-family: FragmentMono"">UWNPVXB</p>","","","training","","","","","","",""
"null","null","html-keyboard-response","431","2234254","0.0-17.0-0.19","697caee42ccb58f80bd052aa","69d7901e3430d13455efb336","69e637f6e1080e5e646a477f","<p style=""font-size: 60px; font-family: FragmentMono"">NAPYQOKDV</p>","","","training","","","","","","",""
"null","null","html-keyboard-response","432","2235266","0.0-17.0-0.20","697caee42ccb58f80bd052aa","69d7901e3430d13455efb336","69e637f6e1080e5e646a477f","<p style=""font-size: 60px; font-family: FragmentMono"">UBSUBWGO</p>","","","training","","","","","","",""
"null","null","html-keyboard-response","433","2236276","0.0-17.0-0.21","697caee42ccb58f80bd052aa","69d7901e3430d13455efb336","69e637f6e1080e5e646a477f","<p style=""font-size: 60px; font-family: FragmentMono"">UWNPQRBJ</p>","","","training","","","","","","",""
"null","null","html-keyboard-response","434","2237283","0.0-17.0-0.22","697caee42ccb58f80bd052aa","69d7901e3430d13455efb336","69e637f6e1080e5e646a477f","<p style=""font-size: 60px; font-family: FragmentMono"">EXDTYUFA</p>","","","training","","","","","","",""
"null","null","html-keyboard-response","435","2238299","0.0-17.0-0.23","697caee42ccb58f80bd052aa","69d7901e3430d13455efb336","69e637f6e1080e5e646a477f","<p style=""font-size: 60px; font-family: FragmentMono"">EZSJITGPV</p>","","","training","","","","","","",""
"null","null","html-keyboard-response","436","2239308","0.0-17.0-0.24","697caee42ccb58f80bd052aa","69d7901e3430d13455efb336","69e637f6e1080e5e646a477f","<p style=""font-size: 60px; font-family: FragmentMono"">LRYWSVN</p>","","","training","","","","","","",""
"null","null","html-keyboard-response","437","2240324","0.0-17.0-0.25","697caee42ccb58f80bd052aa","69d7901e3430d13455efb336","69e637f6e1080e5e646a477f","<p style=""font-size: 60px; font-family: FragmentMono"">UBSUVCEG</p>","","","training","","","","","","",""
"null","null","html-keyboard-response","438","2241332","0.0-17.0-0.26","697caee42ccb58f80bd052aa","69d7901e3430d13455efb336","69e637f6e1080e5e646a477f","<p style=""font-size: 60px; font-family: FragmentMono"">LRYWTGPV</p>","","","training","","","","","","",""
"null","null","html-keyboard-response","439","2242339","0.0-17.0-0.27","697caee42ccb58f80bd052aa","69d7901e3430d13455efb336","69e637f6e1080e5e646a477f","<p style=""font-size: 60px; font-family: FragmentMono"">CYFTVCEG</p>","","","training","","","","","","",""
"null","null","html-keyboard-response","440","2243350","0.0-17.0-0.28","697caee42ccb58f80bd052aa","69d7901e3430d13455efb336","69e637f6e1080e5e646a477f","<p style=""font-size: 60px; font-family: FragmentMono"">UWXVLYUFA</p>","","","training","","","","","","",""
"null","null","html-keyboard-response","441","2244366","0.0-17.0-0.29","697caee42ccb58f80bd052aa","69d7901e3430d13455efb336","69e637f6e1080e5e646a477f","<p style=""font-size: 60px; font-family: FragmentMono"">SBRCSVN</p>","","","training","","","","","","",""
"null","null","html-keyboard-response","442","2245367","0.0-17.0-0.30","697caee42ccb58f80bd052aa","69d7901e3430d13455efb336","69e637f6e1080e5e646a477f","<p style=""font-size: 60px; font-family: FragmentMono"">UBSUYUFA</p>","","","training","","","","","","",""
"null","null","html-keyboard-response","443","2246368","0.0-17.0-0.31","697caee42ccb58f80bd052aa","69d7901e3430d13455efb336","69e637f6e1080e5e646a477f","<p style=""font-size: 60px; font-family: FragmentMono"">LRYWVEWG</p>","","","training","","","","","","",""
"null","null","html-keyboard-response","444","2247369","0.0-17.0-0.32","697caee42ccb58f80bd052aa","69d7901e3430d13455efb336","69e637f6e1080e5e646a477f","<p style=""font-size: 60px; font-family: FragmentMono"">TNKDOBWGO</p>","","","training","","","","","","",""
"null","null","html-keyboard-response","445","2248379","0.0-17.0-0.33","697caee42ccb58f80bd052aa","69d7901e3430d13455efb336","69e637f6e1080e5e646a477f","<p style=""font-size: 60px; font-family: FragmentMono"">VUWYKOKDV</p>","","","training","","","","","","",""
"null","null","html-keyboard-response","446","2249383","0.0-17.0-0.34","697caee42ccb58f80bd052aa","69d7901e3430d13455efb336","69e637f6e1080e5e646a477f","<p style=""font-size: 60px; font-family: FragmentMono"">HUVWUVCEG</p>","","","training","","","","","","",""
"null","null","html-keyboard-response","447","2250390","0.0-17.0-0.35","697caee42ccb58f80bd052aa","69d7901e3430d13455efb336","69e637f6e1080e5e646a477f","<p style=""font-size: 60px; font-family: FragmentMono"">CYFTQRBJ</p>","","","training","","","","","","",""
"null","null","html-keyboard-response","448","2251398","0.0-17.0-0.36","697caee42ccb58f80bd052aa","69d7901e3430d13455efb336","69e637f6e1080e5e646a477f","<p style=""font-size: 60px; font-family: FragmentMono"">KUQVMTGPV</p>","","","training","","","","","","",""
"null","null","html-keyboard-response","449","2252415","0.0-17.0-0.37","697caee42ccb58f80bd052aa","69d7901e3430d13455efb336","69e637f6e1080e5e646a477f","<p style=""font-size: 60px; font-family: FragmentMono"">HUVWUBWGO</p>","","","training","","","","","","",""
"null","null","html-keyboard-response","450","2253417","0.0-17.0-0.38","697caee42ccb58f80bd052aa","69d7901e3430d13455efb336","69e637f6e1080e5e646a477f","<p style=""font-size: 60px; font-family: FragmentMono"">OGPGLVEWG</p>","","","training","","","","","","",""
"null","null","html-keyboard-response","451","2254425","0.0-17.0-0.39","697caee42ccb58f80bd052aa","69d7901e3430d13455efb336","69e637f6e1080e5e646a477f","<p style=""font-size: 60px; font-family: FragmentMono"">CYFTVXB</p>","","","training","","","","","","",""
"null","null","html-keyboard-response","452","2255433","0.0-17.0-0.40","697caee42ccb58f80bd052aa","69d7901e3430d13455efb336","69e637f6e1080e5e646a477f","<p style=""font-size: 60px; font-family: FragmentMono"">XUFEOKDV</p>","","","training","","","","","","",""
"null","null","html-keyboard-response","453","2256445","0.0-17.0-0.41","697caee42ccb58f80bd052aa","69d7901e3430d13455efb336","69e637f6e1080e5e646a477f","<p style=""font-size: 60px; font-family: FragmentMono"">NAPYQHIK</p>","","","training","","","","","","",""
"null","null","html-keyboard-response","454","2257460","0.0-17.0-0.42","697caee42ccb58f80bd052aa","69d7901e3430d13455efb336","69e637f6e1080e5e646a477f","<p style=""font-size: 60px; font-family: FragmentMono"">UWNPVCEG</p>","","","training","","","","","","",""
"null","null","html-keyboard-response","455","2258467","0.0-17.0-0.43","697caee42ccb58f80bd052aa","69d7901e3430d13455efb336","69e637f6e1080e5e646a477f","<p style=""font-size: 60px; font-family: FragmentMono"">VUWYKHIK</p>","","","training","","","","","","",""
"null","null","html-keyboard-response","456","2259481","0.0-17.0-0.44","697caee42ccb58f80bd052aa","69d7901e3430d13455efb336","69e637f6e1080e5e646a477f","<p style=""font-size: 60px; font-family: FragmentMono"">HTZXDYUFA</p>","","","training","","","","","","",""
"null","null","html-keyboard-response","457","2260482","0.0-17.0-0.45","697caee42ccb58f80bd052aa","69d7901e3430d13455efb336","69e637f6e1080e5e646a477f","<p style=""font-size: 60px; font-family: FragmentMono"">EZSJISVN</p>","","","training","","","","","","",""
"null","null","html-keyboard-response","458","2261499","0.0-17.0-0.46","697caee42ccb58f80bd052aa","69d7901e3430d13455efb336","69e637f6e1080e5e646a477f","<p style=""font-size: 60px; font-family: FragmentMono"">VUWYKTGPV</p>","","","training","","","","","","",""
"null","null","html-keyboard-response","459","2262501","0.0-17.0-0.47","697caee42ccb58f80bd052aa","69d7901e3430d13455efb336","69e637f6e1080e5e646a477f","<p style=""font-size: 60px; font-family: FragmentMono"">EZSJIHIK</p>","","","training","","","","","","",""
"null","null","html-keyboard-response","460","2263517","0.0-17.0-0.48","697caee42ccb58f80bd052aa","69d7901e3430d13455efb336","69e637f6e1080e5e646a477f","<p style=""font-size: 60px; font-family: FragmentMono"">NAPYQVEWG</p>","","","training","","","","","","",""
"null","null","html-keyboard-response","461","2264518","0.0-17.0-0.49","697caee42ccb58f80bd052aa","69d7901e3430d13455efb336","69e637f6e1080e5e646a477f","<p style=""font-size: 60px; font-family: FragmentMono"">GQFHXSVN</p>","","","training","","","","","","",""
"null","null","html-keyboard-response","462","2265533","0.0-17.0-0.50","697caee42ccb58f80bd052aa","69d7901e3430d13455efb336","69e637f6e1080e5e646a477f","<p style=""font-size: 60px; font-family: FragmentMono"">LMAZWOKDV</p>","","","training","","","","","","",""
"null","null","html-keyboard-response","463","2266534","0.0-17.0-0.51","697caee42ccb58f80bd052aa","69d7901e3430d13455efb336","69e637f6e1080e5e646a477f","<p style=""font-size: 60px; font-family: FragmentMono"">SBRCTGPV</p>","","","training","","","","","","",""
"null","null","html-keyboard-response","464","2267541","0.0-17.0-0.52","697caee42ccb58f80bd052aa","69d7901e3430d13455efb336","69e637f6e1080e5e646a477f","<p style=""font-size: 60px; font-family: FragmentMono"">VUWYKSVN</p>","","","training","","","","","","",""
"null","null","html-keyboard-response","465","2268549","0.0-17.0-0.53","697caee42ccb58f80bd052aa","69d7901e3430d13455efb336","69e637f6e1080e5e646a477f","<p style=""font-size: 60px; font-family: FragmentMono"">KUQVMVEWG</p>","","","training","","","","","","",""
"null","null","html-keyboard-response","466","2269550","0.0-17.0-0.54","697caee42ccb58f80bd052aa","69d7901e3430d13455efb336","69e637f6e1080e5e646a477f","<p style=""font-size: 60px; font-family: FragmentMono"">ERBYXQRBJ</p>","","","training","","","","","","",""
"null","null","html-keyboard-response","467","2270567","0.0-17.0-0.55","697caee42ccb58f80bd052aa","69d7901e3430d13455efb336","69e637f6e1080e5e646a477f","<p style=""font-size: 60px; font-family: FragmentMono"">EXDTBWGO</p>","","","training","","","","","","",""
"null","null","html-keyboard-response","468","2271574","0.0-17.0-0.56","697caee42ccb58f80bd052aa","69d7901e3430d13455efb336","69e637f6e1080e5e646a477f","<p style=""font-size: 60px; font-family: FragmentMono"">LMAZWVEWG</p>","","","training","","","","","","",""
"null","null","html-keyboard-response","469","2272582","0.0-17.0-0.57","697caee42ccb58f80bd052aa","69d7901e3430d13455efb336","69e637f6e1080e5e646a477f","<p style=""font-size: 60px; font-family: FragmentMono"">NAPYQSVN</p>","","","training","","","","","","",""
"null","null","html-keyboard-response","470","2273589","0.0-17.0-0.58","697caee42ccb58f80bd052aa","69d7901e3430d13455efb336","69e637f6e1080e5e646a477f","<p style=""font-size: 60px; font-family: FragmentMono"">UBSUVXB</p>","","","training","","","","","","",""
"null","null","html-keyboard-response","471","2274600","0.0-17.0-0.59","697caee42ccb58f80bd052aa","69d7901e3430d13455efb336","69e637f6e1080e5e646a477f","<p style=""font-size: 60px; font-family: FragmentMono"">OTJMUQRBJ</p>","","","training","","","","","","",""
"null","null","html-keyboard-response","472","2275607","0.0-17.0-0.60","697caee42ccb58f80bd052aa","69d7901e3430d13455efb336","69e637f6e1080e5e646a477f","<p style=""font-size: 60px; font-family: FragmentMono"">CYFTBWGO</p>","","","training","","","","","","",""
"null","null","html-keyboard-response","473","2276616","0.0-17.0-0.61","697caee42ccb58f80bd052aa","69d7901e3430d13455efb336","69e637f6e1080e5e646a477f","<p style=""font-size: 60px; font-family: FragmentMono"">HTZXDQRBJ</p>","","","training","","","","","","",""
"null","null","html-keyboard-response","474","2277629","0.0-17.0-0.62","697caee42ccb58f80bd052aa","69d7901e3430d13455efb336","69e637f6e1080e5e646a477f","<p style=""font-size: 60px; font-family: FragmentMono"">ERBYXVCEG</p>","","","training","","","","","","",""
"null","null","html-keyboard-response","475","2278634","0.0-17.0-0.63","697caee42ccb58f80bd052aa","69d7901e3430d13455efb336","69e637f6e1080e5e646a477f","<p style=""font-size: 60px; font-family: FragmentMono"">SBRCHIK</p>","","","training","","","","","","",""
"null","null","html-keyboard-response","476","2279648","0.0-17.0-0.64","697caee42ccb58f80bd052aa","69d7901e3430d13455efb336","69e637f6e1080e5e646a477f","<p style=""font-size: 60px; font-family: FragmentMono"">LMAZWTGPV</p>","","","training","","","","","","",""
"null","null","html-keyboard-response","477","2280652","0.0-17.0-0.65","697caee42ccb58f80bd052aa","69d7901e3430d13455efb336","69e637f6e1080e5e646a477f","<p style=""font-size: 60px; font-family: FragmentMono"">UWXVLVXB</p>","","","training","","","","","","",""
"null","null","html-keyboard-response","478","2281667","0.0-17.0-0.66","697caee42ccb58f80bd052aa","69d7901e3430d13455efb336","69e637f6e1080e5e646a477f","<p style=""font-size: 60px; font-family: FragmentMono"">XUFEHIK</p>","","","training","","","","","","",""
"null","null","html-keyboard-response","479","2282679","0.0-17.0-0.67","697caee42ccb58f80bd052aa","69d7901e3430d13455efb336","69e637f6e1080e5e646a477f","<p style=""font-size: 60px; font-family: FragmentMono"">TNKDOVXB</p>","","","training","","","","","","",""
"null","null","html-keyboard-response","480","2283681","0.0-17.0-0.68","697caee42ccb58f80bd052aa","69d7901e3430d13455efb336","69e637f6e1080e5e646a477f","<p style=""font-size: 60px; font-family: FragmentMono"">SBRCVEWG</p>","","","training","","","","","","",""
"null","null","html-keyboard-response","481","2284684","0.0-17.0-0.69","697caee42ccb58f80bd052aa","69d7901e3430d13455efb336","69e637f6e1080e5e646a477f","<p style=""font-size: 60px; font-family: FragmentMono"">KUQVMOKDV</p>","","","training","","","","","","",""
"null","null","html-keyboard-response","482","2285691","0.0-17.0-0.70","697caee42ccb58f80bd052aa","69d7901e3430d13455efb336","69e637f6e1080e5e646a477f","<p style=""font-size: 60px; font-family: FragmentMono"">GQFHXHIK</p>","","","training","","","","","","",""
"null","null","html-keyboard-response","483","2286697","0.0-17.0-0.71","697caee42ccb58f80bd052aa","69d7901e3430d13455efb336","69e637f6e1080e5e646a477f","<p style=""font-size: 60px; font-family: FragmentMono"">XUFETGPV</p>","","","training","","","","","","",""
"null","null","html-keyboard-response","484","2287709","0.0-17.0-0.72","697caee42ccb58f80bd052aa","69d7901e3430d13455efb336","69e637f6e1080e5e646a477f","<p style=""font-size: 60px; font-family: FragmentMono"">UWXVLQRBJ</p>","","","training","","","","","","",""
"null","null","html-keyboard-response","485","2288718","0.0-17.0-0.73","697caee42ccb58f80bd052aa","69d7901e3430d13455efb336","69e637f6e1080e5e646a477f","<p style=""font-size: 60px; font-family: FragmentMono"">LMAZWHIK</p>","","","training","","","","","","",""
"null","null","html-keyboard-response","486","2289731","0.0-17.0-0.74","697caee42ccb58f80bd052aa","69d7901e3430d13455efb336","69e637f6e1080e5e646a477f","<p style=""font-size: 60px; font-family: FragmentMono"">OTJMUYUFA</p>","","","training","","","","","","",""
"null","null","html-keyboard-response","487","2290734","0.0-17.0-0.75","697caee42ccb58f80bd052aa","69d7901e3430d13455efb336","69e637f6e1080e5e646a477f","<p style=""font-size: 60px; font-family: FragmentMono"">HUVWUQRBJ</p>","","","training","","","","","","",""
"null","null","html-keyboard-response","488","2291751","0.0-17.0-0.76","697caee42ccb58f80bd052aa","69d7901e3430d13455efb336","69e637f6e1080e5e646a477f","<p style=""font-size: 60px; font-family: FragmentMono"">TNKDOYUFA</p>","","","training","","","","","","",""
"null","null","html-keyboard-response","489","2292763","0.0-17.0-0.77","697caee42ccb58f80bd052aa","69d7901e3430d13455efb336","69e637f6e1080e5e646a477f","<p style=""font-size: 60px; font-family: FragmentMono"">ERBYXVXB</p>","","","training","","","","","","",""
"null","null","html-keyboard-response","490","2293780","0.0-17.0-0.78","697caee42ccb58f80bd052aa","69d7901e3430d13455efb336","69e637f6e1080e5e646a477f","<p style=""font-size: 60px; font-family: FragmentMono"">EXDTVCEG</p>","","","training","","","","","","",""
"null","null","html-keyboard-response","491","2294797","0.0-17.0-0.79","697caee42ccb58f80bd052aa","69d7901e3430d13455efb336","69e637f6e1080e5e646a477f","<p style=""font-size: 60px; font-family: FragmentMono"">UWNPBWGO</p>","","","training","","","","","","",""
"131316"," ","html-keyboard-response","492","2426114","0.0-18.0","697caee42ccb58f80bd052aa","69d7901e3430d13455efb336","69e637f6e1080e5e646a477f","<p style=""font-size: 30px"">Great, you've seen the sixth block of words. You may now take a short break.</p>
      <p style=""font-size: 30px"">Press the spacebar when you're ready to continue.</p>","","","","","","","","","",""
"null","null","html-keyboard-response","493","2427120","0.0-19.0-0.0","697caee42ccb58f80bd052aa","69d7901e3430d13455efb336","69e637f6e1080e5e646a477f","<p style=""font-size: 60px; font-family: FragmentMono"">XUFEOKDV</p>","","","training","","","","","","",""
"null","null","html-keyboard-response","494","2428132","0.0-19.0-0.1","697caee42ccb58f80bd052aa","69d7901e3430d13455efb336","69e637f6e1080e5e646a477f","<p style=""font-size: 60px; font-family: FragmentMono"">TNKDOYUFA</p>","","","training","","","","","","",""
"null","null","html-keyboard-response","495","2429138","0.0-19.0-0.2","697caee42ccb58f80bd052aa","69d7901e3430d13455efb336","69e637f6e1080e5e646a477f","<p style=""font-size: 60px; font-family: FragmentMono"">OTJMUVCEG</p>","","","training","","","","","","",""
"null","null","html-keyboard-response","496","2430154","0.0-19.0-0.3","697caee42ccb58f80bd052aa","69d7901e3430d13455efb336","69e637f6e1080e5e646a477f","<p style=""font-size: 60px; font-family: FragmentMono"">LMAZWVEWG</p>","","","training","","","","","","",""
"null","null","html-keyboard-response","497","2431165","0.0-19.0-0.4","697caee42ccb58f80bd052aa","69d7901e3430d13455efb336","69e637f6e1080e5e646a477f","<p style=""font-size: 60px; font-family: FragmentMono"">EZSJISVN</p>","","","training","","","","","","",""
"null","null","html-keyboard-response","498","2432177","0.0-19.0-0.5","697caee42ccb58f80bd052aa","69d7901e3430d13455efb336","69e637f6e1080e5e646a477f","<p style=""font-size: 60px; font-family: FragmentMono"">SBRCHIK</p>","","","training","","","","","","",""
"null","null","html-keyboard-response","499","2433184","0.0-19.0-0.6","697caee42ccb58f80bd052aa","69d7901e3430d13455efb336","69e637f6e1080e5e646a477f","<p style=""font-size: 60px; font-family: FragmentMono"">UWNPQRBJ</p>","","","training","","","","","","",""
"null","null","html-keyboard-response","500","2434201","0.0-19.0-0.7","697caee42ccb58f80bd052aa","69d7901e3430d13455efb336","69e637f6e1080e5e646a477f","<p style=""font-size: 60px; font-family: FragmentMono"">SBRCSVN</p>","","","training","","","","","","",""
"null","null","html-keyboard-response","501","2435213","0.0-19.0-0.8","697caee42ccb58f80bd052aa","69d7901e3430d13455efb336","69e637f6e1080e5e646a477f","<p style=""font-size: 60px; font-family: FragmentMono"">OGPGLVEWG</p>","","","training","","","","","","",""
"null","null","html-keyboard-response","502","2436222","0.0-19.0-0.9","697caee42ccb58f80bd052aa","69d7901e3430d13455efb336","69e637f6e1080e5e646a477f","<p style=""font-size: 60px; font-family: FragmentMono"">EXDTBWGO</p>","","","training","","","","","","",""
"null","null","html-keyboard-response","503","2437238","0.0-19.0-0.10","697caee42ccb58f80bd052aa","69d7901e3430d13455efb336","69e637f6e1080e5e646a477f","<p style=""font-size: 60px; font-family: FragmentMono"">ERBYXVCEG</p>","","","training","","","","","","",""
"null","null","html-keyboard-response","504","2438253","0.0-19.0-0.11","697caee42ccb58f80bd052aa","69d7901e3430d13455efb336","69e637f6e1080e5e646a477f","<p style=""font-size: 60px; font-family: FragmentMono"">OGPGLSVN</p>","","","training","","","","","","",""
"null","null","html-keyboard-response","505","2439265","0.0-19.0-0.12","697caee42ccb58f80bd052aa","69d7901e3430d13455efb336","69e637f6e1080e5e646a477f","<p style=""font-size: 60px; font-family: FragmentMono"">XUFEHIK</p>","","","training","","","","","","",""
"null","null","html-keyboard-response","506","2440271","0.0-19.0-0.13","697caee42ccb58f80bd052aa","69d7901e3430d13455efb336","69e637f6e1080e5e646a477f","<p style=""font-size: 60px; font-family: FragmentMono"">HTZXDQRBJ</p>","","","training","","","","","","",""
"null","null","html-keyboard-response","507","2441288","0.0-19.0-0.14","697caee42ccb58f80bd052aa","69d7901e3430d13455efb336","69e637f6e1080e5e646a477f","<p style=""font-size: 60px; font-family: FragmentMono"">UBSUYUFA</p>","","","training","","","","","","",""
"null","null","html-keyboard-response","508","2442297","0.0-19.0-0.15","697caee42ccb58f80bd052aa","69d7901e3430d13455efb336","69e637f6e1080e5e646a477f","<p style=""font-size: 60px; font-family: FragmentMono"">UWXVLBWGO</p>","","","training","","","","","","",""
"null","null","html-keyboard-response","509","2443304","0.0-19.0-0.16","697caee42ccb58f80bd052aa","69d7901e3430d13455efb336","69e637f6e1080e5e646a477f","<p style=""font-size: 60px; font-family: FragmentMono"">KUQVMVEWG</p>","","","training","","","","","","",""
"null","null","html-keyboard-response","510","2444306","0.0-19.0-0.17","697caee42ccb58f80bd052aa","69d7901e3430d13455efb336","69e637f6e1080e5e646a477f","<p style=""font-size: 60px; font-family: FragmentMono"">GQFHXHIK</p>","","","training","","","","","","",""
"null","null","html-keyboard-response","511","2445319","0.0-19.0-0.18","697caee42ccb58f80bd052aa","69d7901e3430d13455efb336","69e637f6e1080e5e646a477f","<p style=""font-size: 60px; font-family: FragmentMono"">EXDTVCEG</p>","","","training","","","","","","",""
"null","null","html-keyboard-response","512","2446320","0.0-19.0-0.19","697caee42ccb58f80bd052aa","69d7901e3430d13455efb336","69e637f6e1080e5e646a477f","<p style=""font-size: 60px; font-family: FragmentMono"">SBRCTGPV</p>","","","training","","","","","","",""
"null","null","html-keyboard-response","513","2447322","0.0-19.0-0.20","697caee42ccb58f80bd052aa","69d7901e3430d13455efb336","69e637f6e1080e5e646a477f","<p style=""font-size: 60px; font-family: FragmentMono"">HTZXDYUFA</p>","","","training","","","","","","",""
"null","null","html-keyboard-response","514","2448324","0.0-19.0-0.21","697caee42ccb58f80bd052aa","69d7901e3430d13455efb336","69e637f6e1080e5e646a477f","<p style=""font-size: 60px; font-family: FragmentMono"">LRYWVEWG</p>","","","training","","","","","","",""
"null","null","html-keyboard-response","515","2449332","0.0-19.0-0.22","697caee42ccb58f80bd052aa","69d7901e3430d13455efb336","69e637f6e1080e5e646a477f","<p style=""font-size: 60px; font-family: FragmentMono"">UBSUVCEG</p>","","","training","","","","","","",""
"null","null","html-keyboard-response","516","2450338","0.0-19.0-0.23","697caee42ccb58f80bd052aa","69d7901e3430d13455efb336","69e637f6e1080e5e646a477f","<p style=""font-size: 60px; font-family: FragmentMono"">KUQVMTGPV</p>","","","training","","","","","","",""
"null","null","html-keyboard-response","517","2451339","0.0-19.0-0.24","697caee42ccb58f80bd052aa","69d7901e3430d13455efb336","69e637f6e1080e5e646a477f","<p style=""font-size: 60px; font-family: FragmentMono"">LMAZWOKDV</p>","","","training","","","","","","",""
"null","null","html-keyboard-response","518","2452355","0.0-19.0-0.25","697caee42ccb58f80bd052aa","69d7901e3430d13455efb336","69e637f6e1080e5e646a477f","<p style=""font-size: 60px; font-family: FragmentMono"">TNKDOBWGO</p>","","","training","","","","","","",""
"null","null","html-keyboard-response","519","2453364","0.0-19.0-0.26","697caee42ccb58f80bd052aa","69d7901e3430d13455efb336","69e637f6e1080e5e646a477f","<p style=""font-size: 60px; font-family: FragmentMono"">EXDTVXB</p>","","","training","","","","","","",""
"null","null","html-keyboard-response","520","2454368","0.0-19.0-0.27","697caee42ccb58f80bd052aa","69d7901e3430d13455efb336","69e637f6e1080e5e646a477f","<p style=""font-size: 60px; font-family: FragmentMono"">UWXVLQRBJ</p>","","","training","","","","","","",""
"null","null","html-keyboard-response","521","2455372","0.0-19.0-0.28","697caee42ccb58f80bd052aa","69d7901e3430d13455efb336","69e637f6e1080e5e646a477f","<p style=""font-size: 60px; font-family: FragmentMono"">CYFTBWGO</p>","","","training","","","","","","",""
"null","null","html-keyboard-response","522","2456387","0.0-19.0-0.29","697caee42ccb58f80bd052aa","69d7901e3430d13455efb336","69e637f6e1080e5e646a477f","<p style=""font-size: 60px; font-family: FragmentMono"">UWNPVXB</p>","","","training","","","","","","",""
"null","null","html-keyboard-response","523","2457389","0.0-19.0-0.30","697caee42ccb58f80bd052aa","69d7901e3430d13455efb336","69e637f6e1080e5e646a477f","<p style=""font-size: 60px; font-family: FragmentMono"">OGPGLOKDV</p>","","","training","","","","","","",""
"null","null","html-keyboard-response","524","2458393","0.0-19.0-0.31","697caee42ccb58f80bd052aa","69d7901e3430d13455efb336","69e637f6e1080e5e646a477f","<p style=""font-size: 60px; font-family: FragmentMono"">CYFTQRBJ</p>","","","training","","","","","","",""
"null","null","html-keyboard-response","525","2459405","0.0-19.0-0.32","697caee42ccb58f80bd052aa","69d7901e3430d13455efb336","69e637f6e1080e5e646a477f","<p style=""font-size: 60px; font-family: FragmentMono"">SBRCVEWG</p>","","","training","","","","","","",""
"null","null","html-keyboard-response","526","2460420","0.0-19.0-0.33","697caee42ccb58f80bd052aa","69d7901e3430d13455efb336","69e637f6e1080e5e646a477f","<p style=""font-size: 60px; font-family: FragmentMono"">KUQVMOKDV</p>","","","training","","","","","","",""
"null","null","html-keyboard-response","527","2461422","0.0-19.0-0.34","697caee42ccb58f80bd052aa","69d7901e3430d13455efb336","69e637f6e1080e5e646a477f","<p style=""font-size: 60px; font-family: FragmentMono"">XUFETGPV</p>","","","training","","","","","","",""
"null","null","html-keyboard-response","528","2462423","0.0-19.0-0.35","697caee42ccb58f80bd052aa","69d7901e3430d13455efb336","69e637f6e1080e5e646a477f","<p style=""font-size: 60px; font-family: FragmentMono"">HUVWUVCEG</p>","","","training","","","","","","",""
"null","null","html-keyboard-response","529","2463431","0.0-19.0-0.36","697caee42ccb58f80bd052aa","69d7901e3430d13455efb336","69e637f6e1080e5e646a477f","<p style=""font-size: 60px; font-family: FragmentMono"">VUWYKOKDV</p>","","","training","","","","","","",""
"null","null","html-keyboard-response","530","2464433","0.0-19.0-0.37","697caee42ccb58f80bd052aa","69d7901e3430d13455efb336","69e637f6e1080e5e646a477f","<p style=""font-size: 60px; font-family: FragmentMono"">UWNPBWGO</p>","","","training","","","","","","",""
"null","null","html-keyboard-response","531","2465449","0.0-19.0-0.38","697caee42ccb58f80bd052aa","69d7901e3430d13455efb336","69e637f6e1080e5e646a477f","<p style=""font-size: 60px; font-family: FragmentMono"">ERBYXYUFA</p>","","","training","","","","","","",""
"null","null","html-keyboard-response","532","2466455","0.0-19.0-0.39","697caee42ccb58f80bd052aa","69d7901e3430d13455efb336","69e637f6e1080e5e646a477f","<p style=""font-size: 60px; font-family: FragmentMono"">VUWYKSVN</p>","","","training","","","","","","",""
"null","null","html-keyboard-response","533","2467466","0.0-19.0-0.40","697caee42ccb58f80bd052aa","69d7901e3430d13455efb336","69e637f6e1080e5e646a477f","<p style=""font-size: 60px; font-family: FragmentMono"">GQFHXOKDV</p>","","","training","","","","","","",""
"null","null","html-keyboard-response","534","2468471","0.0-19.0-0.41","697caee42ccb58f80bd052aa","69d7901e3430d13455efb336","69e637f6e1080e5e646a477f","<p style=""font-size: 60px; font-family: FragmentMono"">HUVWUYUFA</p>","","","training","","","","","","",""
"null","null","html-keyboard-response","535","2469472","0.0-19.0-0.42","697caee42ccb58f80bd052aa","69d7901e3430d13455efb336","69e637f6e1080e5e646a477f","<p style=""font-size: 60px; font-family: FragmentMono"">ERBYXQRBJ</p>","","","training","","","","","","",""
"null","null","html-keyboard-response","536","2470488","0.0-19.0-0.43","697caee42ccb58f80bd052aa","69d7901e3430d13455efb336","69e637f6e1080e5e646a477f","<p style=""font-size: 60px; font-family: FragmentMono"">LRYWTGPV</p>","","","training","","","","","","",""
"null","null","html-keyboard-response","537","2471497","0.0-19.0-0.44","697caee42ccb58f80bd052aa","69d7901e3430d13455efb336","69e637f6e1080e5e646a477f","<p style=""font-size: 60px; font-family: FragmentMono"">NAPYQOKDV</p>","","","training","","","","","","",""
"null","null","html-keyboard-response","538","2472505","0.0-19.0-0.45","697caee42ccb58f80bd052aa","69d7901e3430d13455efb336","69e637f6e1080e5e646a477f","<p style=""font-size: 60px; font-family: FragmentMono"">CYFTVCEG</p>","","","training","","","","","","",""
"null","null","html-keyboard-response","539","2473507","0.0-19.0-0.46","697caee42ccb58f80bd052aa","69d7901e3430d13455efb336","69e637f6e1080e5e646a477f","<p style=""font-size: 60px; font-family: FragmentMono"">HTZXDVXB</p>","","","training","","","","","","",""
"null","null","html-keyboard-response","540","2474522","0.0-19.0-0.47","697caee42ccb58f80bd052aa","69d7901e3430d13455efb336","69e637f6e1080e5e646a477f","<p style=""font-size: 60px; font-family: FragmentMono"">LRYWHIK</p>","","","training","","","","","","",""
"null","null","html-keyboard-response","541","2475529","0.0-19.0-0.48","697caee42ccb58f80bd052aa","69d7901e3430d13455efb336","69e637f6e1080e5e646a477f","<p style=""font-size: 60px; font-family: FragmentMono"">UWNPVCEG</p>","","","training","","","","","","",""
"null","null","html-keyboard-response","542","2476533","0.0-19.0-0.49","697caee42ccb58f80bd052aa","69d7901e3430d13455efb336","69e637f6e1080e5e646a477f","<p style=""font-size: 60px; font-family: FragmentMono"">OTJMUQRBJ</p>","","","training","","","","","","",""
"null","null","html-keyboard-response","543","2477544","0.0-19.0-0.50","697caee42ccb58f80bd052aa","69d7901e3430d13455efb336","69e637f6e1080e5e646a477f","<p style=""font-size: 60px; font-family: FragmentMono"">UWXVLYUFA</p>","","","training","","","","","","",""
"null","null","html-keyboard-response","544","2478545","0.0-19.0-0.51","697caee42ccb58f80bd052aa","69d7901e3430d13455efb336","69e637f6e1080e5e646a477f","<p style=""font-size: 60px; font-family: FragmentMono"">EZSJIHIK</p>","","","training","","","","","","",""
"null","null","html-keyboard-response","545","2479551","0.0-19.0-0.52","697caee42ccb58f80bd052aa","69d7901e3430d13455efb336","69e637f6e1080e5e646a477f","<p style=""font-size: 60px; font-family: FragmentMono"">GQFHXSVN</p>","","","training","","","","","","",""
"null","null","html-keyboard-response","546","2480564","0.0-19.0-0.53","697caee42ccb58f80bd052aa","69d7901e3430d13455efb336","69e637f6e1080e5e646a477f","<p style=""font-size: 60px; font-family: FragmentMono"">TNKDOQRBJ</p>","","","training","","","","","","",""
"null","null","html-keyboard-response","547","2481573","0.0-19.0-0.54","697caee42ccb58f80bd052aa","69d7901e3430d13455efb336","69e637f6e1080e5e646a477f","<p style=""font-size: 60px; font-family: FragmentMono"">HTZXDVCEG</p>","","","training","","","","","","",""
"null","null","html-keyboard-response","548","2482588","0.0-19.0-0.55","697caee42ccb58f80bd052aa","69d7901e3430d13455efb336","69e637f6e1080e5e646a477f","<p style=""font-size: 60px; font-family: FragmentMono"">HUVWUQRBJ</p>","","","training","","","","","","",""
"null","null","html-keyboard-response","549","2483589","0.0-19.0-0.56","697caee42ccb58f80bd052aa","69d7901e3430d13455efb336","69e637f6e1080e5e646a477f","<p style=""font-size: 60px; font-family: FragmentMono"">OTJMUBWGO</p>","","","training","","","","","","",""
"null","null","html-keyboard-response","550","2484598","0.0-19.0-0.57","697caee42ccb58f80bd052aa","69d7901e3430d13455efb336","69e637f6e1080e5e646a477f","<p style=""font-size: 60px; font-family: FragmentMono"">NAPYQHIK</p>","","","training","","","","","","",""
"null","null","html-keyboard-response","551","2485600","0.0-19.0-0.58","697caee42ccb58f80bd052aa","69d7901e3430d13455efb336","69e637f6e1080e5e646a477f","<p style=""font-size: 60px; font-family: FragmentMono"">OTJMUYUFA</p>","","","training","","","","","","",""
"null","null","html-keyboard-response","552","2486604","0.0-19.0-0.59","697caee42ccb58f80bd052aa","69d7901e3430d13455efb336","69e637f6e1080e5e646a477f","<p style=""font-size: 60px; font-family: FragmentMono"">UWXVLVXB</p>","","","training","","","","","","",""
"null","null","html-keyboard-response","553","2487617","0.0-19.0-0.60","697caee42ccb58f80bd052aa","69d7901e3430d13455efb336","69e637f6e1080e5e646a477f","<p style=""font-size: 60px; font-family: FragmentMono"">EXDTYUFA</p>","","","training","","","","","","",""
"null","null","html-keyboard-response","554","2488622","0.0-19.0-0.61","697caee42ccb58f80bd052aa","69d7901e3430d13455efb336","69e637f6e1080e5e646a477f","<p style=""font-size: 60px; font-family: FragmentMono"">LMAZWHIK</p>","","","training","","","","","","",""
"null","null","html-keyboard-response","555","2489624","0.0-19.0-0.62","697caee42ccb58f80bd052aa","69d7901e3430d13455efb336","69e637f6e1080e5e646a477f","<p style=""font-size: 60px; font-family: FragmentMono"">XUFEVEWG</p>","","","training","","","","","","",""
"null","null","html-keyboard-response","556","2490628","0.0-19.0-0.63","697caee42ccb58f80bd052aa","69d7901e3430d13455efb336","69e637f6e1080e5e646a477f","<p style=""font-size: 60px; font-family: FragmentMono"">VUWYKTGPV</p>","","","training","","","","","","",""
"null","null","html-keyboard-response","557","2491632","0.0-19.0-0.64","697caee42ccb58f80bd052aa","69d7901e3430d13455efb336","69e637f6e1080e5e646a477f","<p style=""font-size: 60px; font-family: FragmentMono"">EZSJIOKDV</p>","","","training","","","","","","",""
"null","null","html-keyboard-response","558","2492634","0.0-19.0-0.65","697caee42ccb58f80bd052aa","69d7901e3430d13455efb336","69e637f6e1080e5e646a477f","<p style=""font-size: 60px; font-family: FragmentMono"">UBSUVXB</p>","","","training","","","","","","",""
"null","null","html-keyboard-response","559","2493639","0.0-19.0-0.66","697caee42ccb58f80bd052aa","69d7901e3430d13455efb336","69e637f6e1080e5e646a477f","<p style=""font-size: 60px; font-family: FragmentMono"">OGPGLTGPV</p>","","","training","","","","","","",""
"null","null","html-keyboard-response","560","2494646","0.0-19.0-0.67","697caee42ccb58f80bd052aa","69d7901e3430d13455efb336","69e637f6e1080e5e646a477f","<p style=""font-size: 60px; font-family: FragmentMono"">CYFTVXB</p>","","","training","","","","","","",""
"null","null","html-keyboard-response","561","2495653","0.0-19.0-0.68","697caee42ccb58f80bd052aa","69d7901e3430d13455efb336","69e637f6e1080e5e646a477f","<p style=""font-size: 60px; font-family: FragmentMono"">HUVWUBWGO</p>","","","training","","","","","","",""
"null","null","html-keyboard-response","562","2496666","0.0-19.0-0.69","697caee42ccb58f80bd052aa","69d7901e3430d13455efb336","69e637f6e1080e5e646a477f","<p style=""font-size: 60px; font-family: FragmentMono"">NAPYQSVN</p>","","","training","","","","","","",""
"null","null","html-keyboard-response","563","2497669","0.0-19.0-0.70","697caee42ccb58f80bd052aa","69d7901e3430d13455efb336","69e637f6e1080e5e646a477f","<p style=""font-size: 60px; font-family: FragmentMono"">GQFHXVEWG</p>","","","training","","","","","","",""
"null","null","html-keyboard-response","564","2498678","0.0-19.0-0.71","697caee42ccb58f80bd052aa","69d7901e3430d13455efb336","69e637f6e1080e5e646a477f","<p style=""font-size: 60px; font-family: FragmentMono"">KUQVMSVN</p>","","","training","","","","","","",""
"null","null","html-keyboard-response","565","2499686","0.0-19.0-0.72","697caee42ccb58f80bd052aa","69d7901e3430d13455efb336","69e637f6e1080e5e646a477f","<p style=""font-size: 60px; font-family: FragmentMono"">NAPYQVEWG</p>","","","training","","","","","","",""
"null","null","html-keyboard-response","566","2500691","0.0-19.0-0.73","697caee42ccb58f80bd052aa","69d7901e3430d13455efb336","69e637f6e1080e5e646a477f","<p style=""font-size: 60px; font-family: FragmentMono"">TNKDOVXB</p>","","","training","","","","","","",""
"null","null","html-keyboard-response","567","2501706","0.0-19.0-0.74","697caee42ccb58f80bd052aa","69d7901e3430d13455efb336","69e637f6e1080e5e646a477f","<p style=""font-size: 60px; font-family: FragmentMono"">EZSJITGPV</p>","","","training","","","","","","",""
"null","null","html-keyboard-response","568","2502715","0.0-19.0-0.75","697caee42ccb58f80bd052aa","69d7901e3430d13455efb336","69e637f6e1080e5e646a477f","<p style=""font-size: 60px; font-family: FragmentMono"">VUWYKHIK</p>","","","training","","","","","","",""
"null","null","html-keyboard-response","569","2503722","0.0-19.0-0.76","697caee42ccb58f80bd052aa","69d7901e3430d13455efb336","69e637f6e1080e5e646a477f","<p style=""font-size: 60px; font-family: FragmentMono"">LRYWSVN</p>","","","training","","","","","","",""
"null","null","html-keyboard-response","570","2504737","0.0-19.0-0.77","697caee42ccb58f80bd052aa","69d7901e3430d13455efb336","69e637f6e1080e5e646a477f","<p style=""font-size: 60px; font-family: FragmentMono"">UBSUBWGO</p>","","","training","","","","","","",""
"null","null","html-keyboard-response","571","2505752","0.0-19.0-0.78","697caee42ccb58f80bd052aa","69d7901e3430d13455efb336","69e637f6e1080e5e646a477f","<p style=""font-size: 60px; font-family: FragmentMono"">LMAZWTGPV</p>","","","training","","","","","","",""
"null","null","html-keyboard-response","572","2506758","0.0-19.0-0.79","697caee42ccb58f80bd052aa","69d7901e3430d13455efb336","69e637f6e1080e5e646a477f","<p style=""font-size: 60px; font-family: FragmentMono"">ERBYXVXB</p>","","","training","","","","","","",""
"2388"," ","html-keyboard-response","573","2509146","0.0-20.0","697caee42ccb58f80bd052aa","69d7901e3430d13455efb336","69e637f6e1080e5e646a477f","<p style=""font-size: 30px"">Great, you've seen the seventh block of words. You may now take a short break.</p>
      <p style=""font-size: 30px"">Press the spacebar when you're ready to continue.</p>","","","","","","","","","",""
"null","null","html-keyboard-response","574","2510148","0.0-21.0-0.0","697caee42ccb58f80bd052aa","69d7901e3430d13455efb336","69e637f6e1080e5e646a477f","<p style=""font-size: 60px; font-family: FragmentMono"">KUQVMVEWG</p>","","","training","","","","","","",""
"null","null","html-keyboard-response","575","2511156","0.0-21.0-0.1","697caee42ccb58f80bd052aa","69d7901e3430d13455efb336","69e637f6e1080e5e646a477f","<p style=""font-size: 60px; font-family: FragmentMono"">HTZXDVCEG</p>","","","training","","","","","","",""
"null","null","html-keyboard-response","576","2512157","0.0-21.0-0.2","697caee42ccb58f80bd052aa","69d7901e3430d13455efb336","69e637f6e1080e5e646a477f","<p style=""font-size: 60px; font-family: FragmentMono"">GQFHXOKDV</p>","","","training","","","","","","",""
"null","null","html-keyboard-response","577","2513160","0.0-21.0-0.3","697caee42ccb58f80bd052aa","69d7901e3430d13455efb336","69e637f6e1080e5e646a477f","<p style=""font-size: 60px; font-family: FragmentMono"">EXDTBWGO</p>","","","training","","","","","","",""
"null","null","html-keyboard-response","578","2514173","0.0-21.0-0.4","697caee42ccb58f80bd052aa","69d7901e3430d13455efb336","69e637f6e1080e5e646a477f","<p style=""font-size: 60px; font-family: FragmentMono"">XUFEVEWG</p>","","","training","","","","","","",""
"null","null","html-keyboard-response","579","2515190","0.0-21.0-0.5","697caee42ccb58f80bd052aa","69d7901e3430d13455efb336","69e637f6e1080e5e646a477f","<p style=""font-size: 60px; font-family: FragmentMono"">UBSUVXB</p>","","","training","","","","","","",""
"null","null","html-keyboard-response","580","2516191","0.0-21.0-0.6","697caee42ccb58f80bd052aa","69d7901e3430d13455efb336","69e637f6e1080e5e646a477f","<p style=""font-size: 60px; font-family: FragmentMono"">UWNPVCEG</p>","","","training","","","","","","",""
"null","null","html-keyboard-response","581","2517206","0.0-21.0-0.7","697caee42ccb58f80bd052aa","69d7901e3430d13455efb336","69e637f6e1080e5e646a477f","<p style=""font-size: 60px; font-family: FragmentMono"">VUWYKOKDV</p>","","","training","","","","","","",""
"null","null","html-keyboard-response","582","2518208","0.0-21.0-0.8","697caee42ccb58f80bd052aa","69d7901e3430d13455efb336","69e637f6e1080e5e646a477f","<p style=""font-size: 60px; font-family: FragmentMono"">OTJMUVCEG</p>","","","training","","","","","","",""
"null","null","html-keyboard-response","583","2519223","0.0-21.0-0.9","697caee42ccb58f80bd052aa","69d7901e3430d13455efb336","69e637f6e1080e5e646a477f","<p style=""font-size: 60px; font-family: FragmentMono"">KUQVMOKDV</p>","","","training","","","","","","",""
"null","null","html-keyboard-response","584","2520225","0.0-21.0-0.10","697caee42ccb58f80bd052aa","69d7901e3430d13455efb336","69e637f6e1080e5e646a477f","<p style=""font-size: 60px; font-family: FragmentMono"">EXDTVCEG</p>","","","training","","","","","","",""
"null","null","html-keyboard-response","585","2521233","0.0-21.0-0.11","697caee42ccb58f80bd052aa","69d7901e3430d13455efb336","69e637f6e1080e5e646a477f","<p style=""font-size: 60px; font-family: FragmentMono"">OGPGLTGPV</p>","","","training","","","","","","",""
"null","null","html-keyboard-response","586","2522236","0.0-21.0-0.12","697caee42ccb58f80bd052aa","69d7901e3430d13455efb336","69e637f6e1080e5e646a477f","<p style=""font-size: 60px; font-family: FragmentMono"">LMAZWOKDV</p>","","","training","","","","","","",""
"null","null","html-keyboard-response","587","2523237","0.0-21.0-0.13","697caee42ccb58f80bd052aa","69d7901e3430d13455efb336","69e637f6e1080e5e646a477f","<p style=""font-size: 60px; font-family: FragmentMono"">HTZXDYUFA</p>","","","training","","","","","","",""
"null","null","html-keyboard-response","588","2524245","0.0-21.0-0.14","697caee42ccb58f80bd052aa","69d7901e3430d13455efb336","69e637f6e1080e5e646a477f","<p style=""font-size: 60px; font-family: FragmentMono"">LRYWHIK</p>","","","training","","","","","","",""
"null","null","html-keyboard-response","589","2525247","0.0-21.0-0.15","697caee42ccb58f80bd052aa","69d7901e3430d13455efb336","69e637f6e1080e5e646a477f","<p style=""font-size: 60px; font-family: FragmentMono"">LMAZWTGPV</p>","","","training","","","","","","",""
"null","null","html-keyboard-response","590","2526249","0.0-21.0-0.16","697caee42ccb58f80bd052aa","69d7901e3430d13455efb336","69e637f6e1080e5e646a477f","<p style=""font-size: 60px; font-family: FragmentMono"">ERBYXVXB</p>","","","training","","","","","","",""
"null","null","html-keyboard-response","591","2527257","0.0-21.0-0.17","697caee42ccb58f80bd052aa","69d7901e3430d13455efb336","69e637f6e1080e5e646a477f","<p style=""font-size: 60px; font-family: FragmentMono"">KUQVMSVN</p>","","","training","","","","","","",""
"null","null","html-keyboard-response","592","2528265","0.0-21.0-0.18","697caee42ccb58f80bd052aa","69d7901e3430d13455efb336","69e637f6e1080e5e646a477f","<p style=""font-size: 60px; font-family: FragmentMono"">NAPYQOKDV</p>","","","training","","","","","","",""
"null","null","html-keyboard-response","593","2529279","0.0-21.0-0.19","697caee42ccb58f80bd052aa","69d7901e3430d13455efb336","69e637f6e1080e5e646a477f","<p style=""font-size: 60px; font-family: FragmentMono"">UWNPVXB</p>","","","training","","","","","","",""
"null","null","html-keyboard-response","594","2530290","0.0-21.0-0.20","697caee42ccb58f80bd052aa","69d7901e3430d13455efb336","69e637f6e1080e5e646a477f","<p style=""font-size: 60px; font-family: FragmentMono"">OGPGLVEWG</p>","","","training","","","","","","",""
"null","null","html-keyboard-response","595","2531297","0.0-21.0-0.21","697caee42ccb58f80bd052aa","69d7901e3430d13455efb336","69e637f6e1080e5e646a477f","<p style=""font-size: 60px; font-family: FragmentMono"">LRYWTGPV</p>","","","training","","","","","","",""
"null","null","html-keyboard-response","596","2532299","0.0-21.0-0.22","697caee42ccb58f80bd052aa","69d7901e3430d13455efb336","69e637f6e1080e5e646a477f","<p style=""font-size: 60px; font-family: FragmentMono"">UWNPBWGO</p>","","","training","","","","","","",""
"null","null","html-keyboard-response","597","2533307","0.0-21.0-0.23","697caee42ccb58f80bd052aa","69d7901e3430d13455efb336","69e637f6e1080e5e646a477f","<p style=""font-size: 60px; font-family: FragmentMono"">TNKDOVXB</p>","","","training","","","","","","",""
"null","null","html-keyboard-response","598","2534324","0.0-21.0-0.24","697caee42ccb58f80bd052aa","69d7901e3430d13455efb336","69e637f6e1080e5e646a477f","<p style=""font-size: 60px; font-family: FragmentMono"">OGPGLOKDV</p>","","","training","","","","","","",""
"null","null","html-keyboard-response","599","2535336","0.0-21.0-0.25","697caee42ccb58f80bd052aa","69d7901e3430d13455efb336","69e637f6e1080e5e646a477f","<p style=""font-size: 60px; font-family: FragmentMono"">TNKDOBWGO</p>","","","training","","","","","","",""
"null","null","html-keyboard-response","600","2536339","0.0-21.0-0.26","697caee42ccb58f80bd052aa","69d7901e3430d13455efb336","69e637f6e1080e5e646a477f","<p style=""font-size: 60px; font-family: FragmentMono"">ERBYXYUFA</p>","","","training","","","","","","",""
"null","null","html-keyboard-response","601","2537352","0.0-21.0-0.27","697caee42ccb58f80bd052aa","69d7901e3430d13455efb336","69e637f6e1080e5e646a477f","<p style=""font-size: 60px; font-family: FragmentMono"">HUVWUVCEG</p>","","","training","","","","","","",""
"null","null","html-keyboard-response","602","2538363","0.0-21.0-0.28","697caee42ccb58f80bd052aa","69d7901e3430d13455efb336","69e637f6e1080e5e646a477f","<p style=""font-size: 60px; font-family: FragmentMono"">UBSUYUFA</p>","","","training","","","","","","",""
"null","null","html-keyboard-response","603","2539366","0.0-21.0-0.29","697caee42ccb58f80bd052aa","69d7901e3430d13455efb336","69e637f6e1080e5e646a477f","<p style=""font-size: 60px; font-family: FragmentMono"">VUWYKHIK</p>","","","training","","","","","","",""
"null","null","html-keyboard-response","604","2540373","0.0-21.0-0.30","697caee42ccb58f80bd052aa","69d7901e3430d13455efb336","69e637f6e1080e5e646a477f","<p style=""font-size: 60px; font-family: FragmentMono"">UWNPQRBJ</p>","","","training","","","","","","",""
"null","null","html-keyboard-response","605","2541374","0.0-21.0-0.31","697caee42ccb58f80bd052aa","69d7901e3430d13455efb336","69e637f6e1080e5e646a477f","<p style=""font-size: 60px; font-family: FragmentMono"">TNKDOYUFA</p>","","","training","","","","","","",""
"null","null","html-keyboard-response","606","2542388","0.0-21.0-0.32","697caee42ccb58f80bd052aa","69d7901e3430d13455efb336","69e637f6e1080e5e646a477f","<p style=""font-size: 60px; font-family: FragmentMono"">NAPYQVEWG</p>","","","training","","","","","","",""
"null","null","html-keyboard-response","607","2543397","0.0-21.0-0.33","697caee42ccb58f80bd052aa","69d7901e3430d13455efb336","69e637f6e1080e5e646a477f","<p style=""font-size: 60px; font-family: FragmentMono"">EXDTVXB</p>","","","training","","","","","","",""
"null","null","html-keyboard-response","608","2544412","0.0-21.0-0.34","697caee42ccb58f80bd052aa","69d7901e3430d13455efb336","69e637f6e1080e5e646a477f","<p style=""font-size: 60px; font-family: FragmentMono"">SBRCSVN</p>","","","training","","","","","","",""
"null","null","html-keyboard-response","609","2545417","0.0-21.0-0.35","697caee42ccb58f80bd052aa","69d7901e3430d13455efb336","69e637f6e1080e5e646a477f","<p style=""font-size: 60px; font-family: FragmentMono"">LMAZWVEWG</p>","","","training","","","","","","",""
"null","null","html-keyboard-response","610","2546424","0.0-21.0-0.36","697caee42ccb58f80bd052aa","69d7901e3430d13455efb336","69e637f6e1080e5e646a477f","<p style=""font-size: 60px; font-family: FragmentMono"">ERBYXQRBJ</p>","","","training","","","","","","",""
"null","null","html-keyboard-response","611","2547440","0.0-21.0-0.37","697caee42ccb58f80bd052aa","69d7901e3430d13455efb336","69e637f6e1080e5e646a477f","<p style=""font-size: 60px; font-family: FragmentMono"">VUWYKSVN</p>","","","training","","","","","","",""
"null","null","html-keyboard-response","612","2548450","0.0-21.0-0.38","697caee42ccb58f80bd052aa","69d7901e3430d13455efb336","69e637f6e1080e5e646a477f","<p style=""font-size: 60px; font-family: FragmentMono"">CYFTVXB</p>","","","training","","","","","","",""
"null","null","html-keyboard-response","613","2549458","0.0-21.0-0.39","697caee42ccb58f80bd052aa","69d7901e3430d13455efb336","69e637f6e1080e5e646a477f","<p style=""font-size: 60px; font-family: FragmentMono"">HUVWUBWGO</p>","","","training","","","","","","",""
"null","null","html-keyboard-response","614","2550474","0.0-21.0-0.40","697caee42ccb58f80bd052aa","69d7901e3430d13455efb336","69e637f6e1080e5e646a477f","<p style=""font-size: 60px; font-family: FragmentMono"">OGPGLSVN</p>","","","training","","","","","","",""
"null","null","html-keyboard-response","615","2551487","0.0-21.0-0.41","697caee42ccb58f80bd052aa","69d7901e3430d13455efb336","69e637f6e1080e5e646a477f","<p style=""font-size: 60px; font-family: FragmentMono"">CYFTVCEG</p>","","","training","","","","","","",""
"null","null","html-keyboard-response","616","2552491","0.0-21.0-0.42","697caee42ccb58f80bd052aa","69d7901e3430d13455efb336","69e637f6e1080e5e646a477f","<p style=""font-size: 60px; font-family: FragmentMono"">LRYWVEWG</p>","","","training","","","","","","",""
"null","null","html-keyboard-response","617","2553508","0.0-21.0-0.43","697caee42ccb58f80bd052aa","69d7901e3430d13455efb336","69e637f6e1080e5e646a477f","<p style=""font-size: 60px; font-family: FragmentMono"">GQFHXSVN</p>","","","training","","","","","","",""
"null","null","html-keyboard-response","618","2554524","0.0-21.0-0.44","697caee42ccb58f80bd052aa","69d7901e3430d13455efb336","69e637f6e1080e5e646a477f","<p style=""font-size: 60px; font-family: FragmentMono"">NAPYQHIK</p>","","","training","","","","","","",""
"null","null","html-keyboard-response","619","2555541","0.0-21.0-0.45","697caee42ccb58f80bd052aa","69d7901e3430d13455efb336","69e637f6e1080e5e646a477f","<p style=""font-size: 60px; font-family: FragmentMono"">UBSUBWGO</p>","","","training","","","","","","",""
"null","null","html-keyboard-response","620","2556558","0.0-21.0-0.46","697caee42ccb58f80bd052aa","69d7901e3430d13455efb336","69e637f6e1080e5e646a477f","<p style=""font-size: 60px; font-family: FragmentMono"">HTZXDQRBJ</p>","","","training","","","","","","",""
"null","null","html-keyboard-response","621","2557571","0.0-21.0-0.47","697caee42ccb58f80bd052aa","69d7901e3430d13455efb336","69e637f6e1080e5e646a477f","<p style=""font-size: 60px; font-family: FragmentMono"">EZSJIHIK</p>","","","training","","","","","","",""
"null","null","html-keyboard-response","622","2558580","0.0-21.0-0.48","697caee42ccb58f80bd052aa","69d7901e3430d13455efb336","69e637f6e1080e5e646a477f","<p style=""font-size: 60px; font-family: FragmentMono"">CYFTQRBJ</p>","","","training","","","","","","",""
"null","null","html-keyboard-response","623","2559587","0.0-21.0-0.49","697caee42ccb58f80bd052aa","69d7901e3430d13455efb336","69e637f6e1080e5e646a477f","<p style=""font-size: 60px; font-family: FragmentMono"">XUFEOKDV</p>","","","training","","","","","","",""
"null","null","html-keyboard-response","624","2560604","0.0-21.0-0.50","697caee42ccb58f80bd052aa","69d7901e3430d13455efb336","69e637f6e1080e5e646a477f","<p style=""font-size: 60px; font-family: FragmentMono"">VUWYKTGPV</p>","","","training","","","","","","",""
"null","null","html-keyboard-response","625","2561614","0.0-21.0-0.51","697caee42ccb58f80bd052aa","69d7901e3430d13455efb336","69e637f6e1080e5e646a477f","<p style=""font-size: 60px; font-family: FragmentMono"">LMAZWHIK</p>","","","training","","","","","","",""
"null","null","html-keyboard-response","626","2562625","0.0-21.0-0.52","697caee42ccb58f80bd052aa","69d7901e3430d13455efb336","69e637f6e1080e5e646a477f","<p style=""font-size: 60px; font-family: FragmentMono"">ERBYXVCEG</p>","","","training","","","","","","",""
"null","null","html-keyboard-response","627","2563630","0.0-21.0-0.53","697caee42ccb58f80bd052aa","69d7901e3430d13455efb336","69e637f6e1080e5e646a477f","<p style=""font-size: 60px; font-family: FragmentMono"">UWXVLYUFA</p>","","","training","","","","","","",""
"null","null","html-keyboard-response","628","2564634","0.0-21.0-0.54","697caee42ccb58f80bd052aa","69d7901e3430d13455efb336","69e637f6e1080e5e646a477f","<p style=""font-size: 60px; font-family: FragmentMono"">SBRCTGPV</p>","","","training","","","","","","",""
"null","null","html-keyboard-response","629","2565641","0.0-21.0-0.55","697caee42ccb58f80bd052aa","69d7901e3430d13455efb336","69e637f6e1080e5e646a477f","<p style=""font-size: 60px; font-family: FragmentMono"">UWXVLBWGO</p>","","","training","","","","","","",""
"null","null","html-keyboard-response","630","2566657","0.0-21.0-0.56","697caee42ccb58f80bd052aa","69d7901e3430d13455efb336","69e637f6e1080e5e646a477f","<p style=""font-size: 60px; font-family: FragmentMono"">KUQVMTGPV</p>","","","training","","","","","","",""
"null","null","html-keyboard-response","631","2567667","0.0-21.0-0.57","697caee42ccb58f80bd052aa","69d7901e3430d13455efb336","69e637f6e1080e5e646a477f","<p style=""font-size: 60px; font-family: FragmentMono"">UWXVLVXB</p>","","","training","","","","","","",""
"null","null","html-keyboard-response","632","2568673","0.0-21.0-0.58","697caee42ccb58f80bd052aa","69d7901e3430d13455efb336","69e637f6e1080e5e646a477f","<p style=""font-size: 60px; font-family: FragmentMono"">TNKDOQRBJ</p>","","","training","","","","","","",""
"null","null","html-keyboard-response","633","2569674","0.0-21.0-0.59","697caee42ccb58f80bd052aa","69d7901e3430d13455efb336","69e637f6e1080e5e646a477f","<p style=""font-size: 60px; font-family: FragmentMono"">EXDTYUFA</p>","","","training","","","","","","",""
"null","null","html-keyboard-response","634","2570684","0.0-21.0-0.60","697caee42ccb58f80bd052aa","69d7901e3430d13455efb336","69e637f6e1080e5e646a477f","<p style=""font-size: 60px; font-family: FragmentMono"">CYFTBWGO</p>","","","training","","","","","","",""
"null","null","html-keyboard-response","635","2571692","0.0-21.0-0.61","697caee42ccb58f80bd052aa","69d7901e3430d13455efb336","69e637f6e1080e5e646a477f","<p style=""font-size: 60px; font-family: FragmentMono"">SBRCVEWG</p>","","","training","","","","","","",""
"null","null","html-keyboard-response","636","2572706","0.0-21.0-0.62","697caee42ccb58f80bd052aa","69d7901e3430d13455efb336","69e637f6e1080e5e646a477f","<p style=""font-size: 60px; font-family: FragmentMono"">HUVWUYUFA</p>","","","training","","","","","","",""
"null","null","html-keyboard-response","637","2573708","0.0-21.0-0.63","697caee42ccb58f80bd052aa","69d7901e3430d13455efb336","69e637f6e1080e5e646a477f","<p style=""font-size: 60px; font-family: FragmentMono"">UWXVLQRBJ</p>","","","training","","","","","","",""
"null","null","html-keyboard-response","638","2574725","0.0-21.0-0.64","697caee42ccb58f80bd052aa","69d7901e3430d13455efb336","69e637f6e1080e5e646a477f","<p style=""font-size: 60px; font-family: FragmentMono"">EZSJIOKDV</p>","","","training","","","","","","",""
"null","null","html-keyboard-response","639","2575739","0.0-21.0-0.65","697caee42ccb58f80bd052aa","69d7901e3430d13455efb336","69e637f6e1080e5e646a477f","<p style=""font-size: 60px; font-family: FragmentMono"">GQFHXVEWG</p>","","","training","","","","","","",""
"null","null","html-keyboard-response","640","2576742","0.0-21.0-0.66","697caee42ccb58f80bd052aa","69d7901e3430d13455efb336","69e637f6e1080e5e646a477f","<p style=""font-size: 60px; font-family: FragmentMono"">EZSJISVN</p>","","","training","","","","","","",""
"null","null","html-keyboard-response","641","2577759","0.0-21.0-0.67","697caee42ccb58f80bd052aa","69d7901e3430d13455efb336","69e637f6e1080e5e646a477f","<p style=""font-size: 60px; font-family: FragmentMono"">HUVWUQRBJ</p>","","","training","","","","","","",""
"null","null","html-keyboard-response","642","2578765","0.0-21.0-0.68","697caee42ccb58f80bd052aa","69d7901e3430d13455efb336","69e637f6e1080e5e646a477f","<p style=""font-size: 60px; font-family: FragmentMono"">OTJMUBWGO</p>","","","training","","","","","","",""
"null","null","html-keyboard-response","643","2579775","0.0-21.0-0.69","697caee42ccb58f80bd052aa","69d7901e3430d13455efb336","69e637f6e1080e5e646a477f","<p style=""font-size: 60px; font-family: FragmentMono"">XUFETGPV</p>","","","training","","","","","","",""
"null","null","html-keyboard-response","644","2580788","0.0-21.0-0.70","697caee42ccb58f80bd052aa","69d7901e3430d13455efb336","69e637f6e1080e5e646a477f","<p style=""font-size: 60px; font-family: FragmentMono"">UBSUVCEG</p>","","","training","","","","","","",""
"null","null","html-keyboard-response","645","2581793","0.0-21.0-0.71","697caee42ccb58f80bd052aa","69d7901e3430d13455efb336","69e637f6e1080e5e646a477f","<p style=""font-size: 60px; font-family: FragmentMono"">OTJMUQRBJ</p>","","","training","","","","","","",""
"null","null","html-keyboard-response","646","2582809","0.0-21.0-0.72","697caee42ccb58f80bd052aa","69d7901e3430d13455efb336","69e637f6e1080e5e646a477f","<p style=""font-size: 60px; font-family: FragmentMono"">EZSJITGPV</p>","","","training","","","","","","",""
"null","null","html-keyboard-response","647","2583817","0.0-21.0-0.73","697caee42ccb58f80bd052aa","69d7901e3430d13455efb336","69e637f6e1080e5e646a477f","<p style=""font-size: 60px; font-family: FragmentMono"">XUFEHIK</p>","","","training","","","","","","",""
"null","null","html-keyboard-response","648","2584826","0.0-21.0-0.74","697caee42ccb58f80bd052aa","69d7901e3430d13455efb336","69e637f6e1080e5e646a477f","<p style=""font-size: 60px; font-family: FragmentMono"">NAPYQSVN</p>","","","training","","","","","","",""
"null","null","html-keyboard-response","649","2585842","0.0-21.0-0.75","697caee42ccb58f80bd052aa","69d7901e3430d13455efb336","69e637f6e1080e5e646a477f","<p style=""font-size: 60px; font-family: FragmentMono"">GQFHXHIK</p>","","","training","","","","","","",""
"null","null","html-keyboard-response","650","2586856","0.0-21.0-0.76","697caee42ccb58f80bd052aa","69d7901e3430d13455efb336","69e637f6e1080e5e646a477f","<p style=""font-size: 60px; font-family: FragmentMono"">HTZXDVXB</p>","","","training","","","","","","",""
"null","null","html-keyboard-response","651","2587870","0.0-21.0-0.77","697caee42ccb58f80bd052aa","69d7901e3430d13455efb336","69e637f6e1080e5e646a477f","<p style=""font-size: 60px; font-family: FragmentMono"">OTJMUYUFA</p>","","","training","","","","","","",""
"null","null","html-keyboard-response","652","2588875","0.0-21.0-0.78","697caee42ccb58f80bd052aa","69d7901e3430d13455efb336","69e637f6e1080e5e646a477f","<p style=""font-size: 60px; font-family: FragmentMono"">SBRCHIK</p>","","","training","","","","","","",""
"null","null","html-keyboard-response","653","2589889","0.0-21.0-0.79","697caee42ccb58f80bd052aa","69d7901e3430d13455efb336","69e637f6e1080e5e646a477f","<p style=""font-size: 60px; font-family: FragmentMono"">LRYWSVN</p>","","","training","","","","","","",""
"17518"," ","html-keyboard-response","654","2607408","0.0-22.0","697caee42ccb58f80bd052aa","69d7901e3430d13455efb336","69e637f6e1080e5e646a477f","<p style=""font-size: 30px"">Great! You've seen all the words that we received from space.</p>
      <p style=""font-size: 30px"">Press the spacebar when you're ready to continue.</p>","","","","","","","","","",""
"60694"," ","html-keyboard-response","655","2668104","0.0-23.0","697caee42ccb58f80bd052aa","69d7901e3430d13455efb336","69e637f6e1080e5e646a477f","<p style=""font-size: 30px"">In this second part, you'll be given some words from a new communication from the same group of aliens, and others that belong to a communication from a different group of aliens. However, the two communications arrived at the same time, so the words are mixed up. Your task is to identify the words that belong to the same group of aliens as the communication you saw in the first part of the experiment.</p>
      <p style=""font-size: 30px"">This is a very tricky task, since both alien groups use the same characters. Your meeting with the world leaders starts very soon, so you won't have much time to decide; you need to work quickly. Try to do your best using your intuition; you don't have much time to spend thinking about each word.</p>
      <p style=""font-size: 30px"">Press <strong>k</strong> when you think that the word you're being shown is from the same group of aliens as before, and <strong>d</strong> when you think it's from a communication from the other alien group.</p><p>Press the spacebar when you're ready to begin.</p>","","","","","","","","","",""
"4639","d","html-keyboard-response","656","2672744","0.0-24.0-0.0","697caee42ccb58f80bd052aa","69d7901e3430d13455efb336","69e637f6e1080e5e646a477f","<p style=""font-size: 30px;"">Does this word come from the alien group you studied previously?</p><br><p style=""font-size: 60px; font-family: FragmentMono"">AQOZOBGI<p style=""font-size: 15px"">Press <strong>k</strong> for yes, <strong>d</strong> for no.</p>","","","testing","AQOZOBGI","d","[""morcodeXmorcode""]","true","","",""
"3708"," ","html-keyboard-response","657","2676454","0.0-24.0-1.0-0.0","697caee42ccb58f80bd052aa","69d7901e3430d13455efb336","69e637f6e1080e5e646a477f","<p style=""font-size: 30px; color: red"">Careful! You were too slow for this word.</p>
      <p style=""font-size: 30px; color: red"">Try to be faster.</p><p></p><p>Press the spacebar to continue.</p>","","","","","","","","","",""
"879","k","html-keyboard-response","658","2677334","0.0-24.0-0.1","697caee42ccb58f80bd052aa","69d7901e3430d13455efb336","69e637f6e1080e5e646a477f","<p style=""font-size: 30px;"">Does this word come from the alien group you studied previously?</p><br><p style=""font-size: 60px; font-family: FragmentMono"">EXDTQRBJ<p style=""font-size: 15px"">Press <strong>k</strong> for yes, <strong>d</strong> for no.</p>","","","testing","EXDTQRBJ","k","[""morphemeXmorpheme""]","true","","",""
"1730","k","html-keyboard-response","659","2679065","0.0-24.0-0.2","697caee42ccb58f80bd052aa","69d7901e3430d13455efb336","69e637f6e1080e5e646a477f","<p style=""font-size: 30px;"">Does this word come from the alien group you studied previously?</p><br><p style=""font-size: 60px; font-family: FragmentMono"">LMAZWOQW<p style=""font-size: 15px"">Press <strong>k</strong> for yes, <strong>d</strong> for no.</p>","","","testing","LMAZWOQW","k","[""morphemeXmorcode""]","true","","",""
"674","k","html-keyboard-response","660","2679740","0.0-24.0-0.3","697caee42ccb58f80bd052aa","69d7901e3430d13455efb336","69e637f6e1080e5e646a477f","<p style=""font-size: 30px"">&emsp;</p><br><p style=""font-size: 60px; font-family: FragmentMono"">HUVWUVXB<p style=""font-size: 15px"">Press <strong>k</strong> for yes, <strong>d</strong> for no.</p>","","","testing","HUVWUVXB","k","[""morphemeXmorpheme""]","true","","",""
"973","k","html-keyboard-response","661","2680714","0.0-24.0-0.4","697caee42ccb58f80bd052aa","69d7901e3430d13455efb336","69e637f6e1080e5e646a477f","<p style=""font-size: 30px"">&emsp;</p><br><p style=""font-size: 60px; font-family: FragmentMono"">EZSJITFRZ<p style=""font-size: 15px"">Press <strong>k</strong> for yes, <strong>d</strong> for no.</p>","","","testing","EZSJITFRZ","k","[""morphemeXmorcode""]","true","","",""
"701","d","html-keyboard-response","662","2681416","0.0-24.0-0.5","697caee42ccb58f80bd052aa","69d7901e3430d13455efb336","69e637f6e1080e5e646a477f","<p style=""font-size: 30px"">&emsp;</p><br><p style=""font-size: 60px; font-family: FragmentMono"">QCYKQTUZ<p style=""font-size: 15px"">Press <strong>k</strong> for yes, <strong>d</strong> for no.</p>","","","testing","QCYKQTUZ","d","[""morcodeXmorcode""]","true","","",""
"1704","d","html-keyboard-response","663","2683121","0.0-24.0-0.6","697caee42ccb58f80bd052aa","69d7901e3430d13455efb336","69e637f6e1080e5e646a477f","<p style=""font-size: 30px"">&emsp;</p><br><p style=""font-size: 60px; font-family: FragmentMono"">UYFNBHPZ<p style=""font-size: 15px"">Press <strong>k</strong> for yes, <strong>d</strong> for no.</p>","","","testing","UYFNBHPZ","d","[""morcodeXmorcode""]","true","","",""
"583","k","html-keyboard-response","664","2683705","0.0-24.0-0.7","697caee42ccb58f80bd052aa","69d7901e3430d13455efb336","69e637f6e1080e5e646a477f","<p style=""font-size: 30px"">&emsp;</p><br><p style=""font-size: 60px; font-family: FragmentMono"">TNKDOVCEG<p style=""font-size: 15px"">Press <strong>k</strong> for yes, <strong>d</strong> for no.</p>","","","testing","TNKDOVCEG","k","[""morphemeXmorpheme""]","true","","",""
"1457","d","html-keyboard-response","665","2685164","0.0-24.0-0.8","697caee42ccb58f80bd052aa","69d7901e3430d13455efb336","69e637f6e1080e5e646a477f","<p style=""font-size: 30px"">&emsp;</p><br><p style=""font-size: 60px; font-family: FragmentMono"">UWXVLQXUT<p style=""font-size: 15px"">Press <strong>k</strong> for yes, <strong>d</strong> for no.</p>","","","testing","UWXVLQXUT","k","[""morphemeXmorcode""]","false","","",""
"174","k","html-keyboard-response","666","2685339","0.0-24.0-0.9","697caee42ccb58f80bd052aa","69d7901e3430d13455efb336","69e637f6e1080e5e646a477f","<p style=""font-size: 30px"">&emsp;</p><br><p style=""font-size: 60px; font-family: FragmentMono"">UBSUQRBJ<p style=""font-size: 15px"">Press <strong>k</strong> for yes, <strong>d</strong> for no.</p>","","","testing","UBSUQRBJ","k","[""morphemeXmorpheme""]","true","","",""
"1387","k","html-keyboard-response","667","2686726","0.0-24.0-0.10","697caee42ccb58f80bd052aa","69d7901e3430d13455efb336","69e637f6e1080e5e646a477f","<p style=""font-size: 30px"">&emsp;</p><br><p style=""font-size: 60px; font-family: FragmentMono"">LYEAMVCM<p style=""font-size: 15px"">Press <strong>k</strong> for yes, <strong>d</strong> for no.</p>","","","testing","LYEAMVCM","d","[""morcodeXmorcode""]","false","","",""
"740","k","html-keyboard-response","668","2687467","0.0-24.0-0.11","697caee42ccb58f80bd052aa","69d7901e3430d13455efb336","69e637f6e1080e5e646a477f","<p style=""font-size: 30px"">&emsp;</p><br><p style=""font-size: 60px; font-family: FragmentMono"">VUWYKVEWG<p style=""font-size: 15px"">Press <strong>k</strong> for yes, <strong>d</strong> for no.</p>","","","testing","VUWYKVEWG","k","[""morphemeXmorpheme""]","true","","",""
"723","k","html-keyboard-response","669","2688191","0.0-24.0-0.12","697caee42ccb58f80bd052aa","69d7901e3430d13455efb336","69e637f6e1080e5e646a477f","<p style=""font-size: 30px"">&emsp;</p><br><p style=""font-size: 60px; font-family: FragmentMono"">OTJMUVXB<p style=""font-size: 15px"">Press <strong>k</strong> for yes, <strong>d</strong> for no.</p>","","","testing","OTJMUVXB","k","[""morphemeXmorpheme""]","true","","",""
"2626","d","html-keyboard-response","670","2690818","0.0-24.0-0.13","697caee42ccb58f80bd052aa","69d7901e3430d13455efb336","69e637f6e1080e5e646a477f","<p style=""font-size: 30px"">&emsp;</p><br><p style=""font-size: 60px; font-family: FragmentMono"">QVKNYUFA<p style=""font-size: 15px"">Press <strong>k</strong> for yes, <strong>d</strong> for no.</p>","","","testing","QVKNYUFA","k","[""morcodeXmorpheme""]","false","","",""
"8389"," ","html-keyboard-response","671","2699207","0.0-24.0-1.13-0.13","697caee42ccb58f80bd052aa","69d7901e3430d13455efb336","69e637f6e1080e5e646a477f","<p style=""font-size: 30px; color: red"">Careful! You were too slow for this word.</p>
      <p style=""font-size: 30px; color: red"">Try to be faster.</p><p></p><p>Press the spacebar to continue.</p>","","","","","","","","","",""
"1434","d","html-keyboard-response","672","2700642","0.0-24.0-0.14","697caee42ccb58f80bd052aa","69d7901e3430d13455efb336","69e637f6e1080e5e646a477f","<p style=""font-size: 30px"">&emsp;</p><br><p style=""font-size: 60px; font-family: FragmentMono"">UPHSUXJC<p style=""font-size: 15px"">Press <strong>k</strong> for yes, <strong>d</strong> for no.</p>","","","testing","UPHSUXJC","d","[""morcodeXmorcode""]","true","","",""
"788","k","html-keyboard-response","673","2701432","0.0-24.0-0.15","697caee42ccb58f80bd052aa","69d7901e3430d13455efb336","69e637f6e1080e5e646a477f","<p style=""font-size: 30px"">&emsp;</p><br><p style=""font-size: 60px; font-family: FragmentMono"">GQFHXVCEG<p style=""font-size: 15px"">Press <strong>k</strong> for yes, <strong>d</strong> for no.</p>","","","testing","GQFHXVCEG","d","[""morphemeXmorpheme""]","false","","",""
"822","k","html-keyboard-response","674","2702254","0.0-24.0-0.16","697caee42ccb58f80bd052aa","69d7901e3430d13455efb336","69e637f6e1080e5e646a477f","<p style=""font-size: 30px"">&emsp;</p><br><p style=""font-size: 60px; font-family: FragmentMono"">ERBYXVEWG<p style=""font-size: 15px"">Press <strong>k</strong> for yes, <strong>d</strong> for no.</p>","","","testing","ERBYXVEWG","d","[""morphemeXmorpheme""]","false","","",""
"1789","k","html-keyboard-response","675","2704044","0.0-24.0-0.17","697caee42ccb58f80bd052aa","69d7901e3430d13455efb336","69e637f6e1080e5e646a477f","<p style=""font-size: 30px"">&emsp;</p><br><p style=""font-size: 60px; font-family: FragmentMono"">GQFHXTGPV<p style=""font-size: 15px"">Press <strong>k</strong> for yes, <strong>d</strong> for no.</p>","","","testing","GQFHXTGPV","k","[""morphemeXmorpheme""]","true","","",""
"866","k","html-keyboard-response","676","2704911","0.0-24.0-0.18","697caee42ccb58f80bd052aa","69d7901e3430d13455efb336","69e637f6e1080e5e646a477f","<p style=""font-size: 30px"">&emsp;</p><br><p style=""font-size: 60px; font-family: FragmentMono"">EZSJIVEWG<p style=""font-size: 15px"">Press <strong>k</strong> for yes, <strong>d</strong> for no.</p>","","","testing","EZSJIVEWG","k","[""morphemeXmorpheme""]","true","","",""
"1057","k","html-keyboard-response","677","2705969","0.0-24.0-0.19","697caee42ccb58f80bd052aa","69d7901e3430d13455efb336","69e637f6e1080e5e646a477f","<p style=""font-size: 30px"">&emsp;</p><br><p style=""font-size: 60px; font-family: FragmentMono"">OXVJLBWGO<p style=""font-size: 15px"">Press <strong>k</strong> for yes, <strong>d</strong> for no.</p>","","","testing","OXVJLBWGO","k","[""morcodeXmorpheme""]","true","","",""
"649","k","html-keyboard-response","678","2706619","0.0-24.0-0.20","697caee42ccb58f80bd052aa","69d7901e3430d13455efb336","69e637f6e1080e5e646a477f","<p style=""font-size: 30px"">&emsp;</p><br><p style=""font-size: 60px; font-family: FragmentMono"">EXDTSVN<p style=""font-size: 15px"">Press <strong>k</strong> for yes, <strong>d</strong> for no.</p>","","","testing","EXDTSVN","d","[""morphemeXmorpheme""]","false","","",""
"627","k","html-keyboard-response","679","2707248","0.0-24.0-0.21","697caee42ccb58f80bd052aa","69d7901e3430d13455efb336","69e637f6e1080e5e646a477f","<p style=""font-size: 30px"">&emsp;</p><br><p style=""font-size: 60px; font-family: FragmentMono"">TNKDOTGPV<p style=""font-size: 15px"">Press <strong>k</strong> for yes, <strong>d</strong> for no.</p>","","","testing","TNKDOTGPV","d","[""morphemeXmorpheme""]","false","","",""
"1014","d","html-keyboard-response","680","2708263","0.0-24.0-0.22","697caee42ccb58f80bd052aa","69d7901e3430d13455efb336","69e637f6e1080e5e646a477f","<p style=""font-size: 30px"">&emsp;</p><br><p style=""font-size: 60px; font-family: FragmentMono"">CGYAMVCEG<p style=""font-size: 15px"">Press <strong>k</strong> for yes, <strong>d</strong> for no.</p>","","","testing","CGYAMVCEG","k","[""morcodeXmorpheme""]","false","","",""
"579","k","html-keyboard-response","681","2708843","0.0-24.0-0.23","697caee42ccb58f80bd052aa","69d7901e3430d13455efb336","69e637f6e1080e5e646a477f","<p style=""font-size: 30px"">&emsp;</p><br><p style=""font-size: 60px; font-family: FragmentMono"">SBRCYUFA<p style=""font-size: 15px"">Press <strong>k</strong> for yes, <strong>d</strong> for no.</p>","","","testing","SBRCYUFA","d","[""morphemeXmorpheme""]","false","","",""
"898","k","html-keyboard-response","682","2709742","0.0-24.0-0.24","697caee42ccb58f80bd052aa","69d7901e3430d13455efb336","69e637f6e1080e5e646a477f","<p style=""font-size: 30px"">&emsp;</p><br><p style=""font-size: 60px; font-family: FragmentMono"">THXINRPO<p style=""font-size: 15px"">Press <strong>k</strong> for yes, <strong>d</strong> for no.</p>","","","testing","THXINRPO","d","[""morcodeXmorcode""]","false","","",""
"734","d","html-keyboard-response","683","2710477","0.0-24.0-0.25","697caee42ccb58f80bd052aa","69d7901e3430d13455efb336","69e637f6e1080e5e646a477f","<p style=""font-size: 30px"">&emsp;</p><br><p style=""font-size: 60px; font-family: FragmentMono"">PGNXDWBCH<p style=""font-size: 15px"">Press <strong>k</strong> for yes, <strong>d</strong> for no.</p>","","","testing","PGNXDWBCH","d","[""morcodeXmorcode""]","true","","",""
"1241","d","html-keyboard-response","684","2711720","0.0-24.0-0.26","697caee42ccb58f80bd052aa","69d7901e3430d13455efb336","69e637f6e1080e5e646a477f","<p style=""font-size: 30px"">&emsp;</p><br><p style=""font-size: 60px; font-family: FragmentMono"">CEBGLHQ<p style=""font-size: 15px"">Press <strong>k</strong> for yes, <strong>d</strong> for no.</p>","","","testing","CEBGLHQ","d","[""morcodeXmorcode""]","true","","",""
"1175","d","html-keyboard-response","685","2712895","0.0-24.0-0.27","697caee42ccb58f80bd052aa","69d7901e3430d13455efb336","69e637f6e1080e5e646a477f","<p style=""font-size: 30px"">&emsp;</p><br><p style=""font-size: 60px; font-family: FragmentMono"">GOZHMVEWG<p style=""font-size: 15px"">Press <strong>k</strong> for yes, <strong>d</strong> for no.</p>","","","testing","GOZHMVEWG","k","[""morcodeXmorpheme""]","false","","",""
"775","d","html-keyboard-response","686","2713672","0.0-24.0-0.28","697caee42ccb58f80bd052aa","69d7901e3430d13455efb336","69e637f6e1080e5e646a477f","<p style=""font-size: 30px"">&emsp;</p><br><p style=""font-size: 60px; font-family: FragmentMono"">DNHQMJFN<p style=""font-size: 15px"">Press <strong>k</strong> for yes, <strong>d</strong> for no.</p>","","","testing","DNHQMJFN","d","[""morcodeXmorcode""]","true","","",""
"700","d","html-keyboard-response","687","2714373","0.0-24.0-0.29","697caee42ccb58f80bd052aa","69d7901e3430d13455efb336","69e637f6e1080e5e646a477f","<p style=""font-size: 30px"">&emsp;</p><br><p style=""font-size: 60px; font-family: FragmentMono"">DHNYOKDV<p style=""font-size: 15px"">Press <strong>k</strong> for yes, <strong>d</strong> for no.</p>","","","testing","DHNYOKDV","k","[""morcodeXmorpheme""]","false","","",""
"764","k","html-keyboard-response","688","2715139","0.0-24.0-0.30","697caee42ccb58f80bd052aa","69d7901e3430d13455efb336","69e637f6e1080e5e646a477f","<p style=""font-size: 30px"">&emsp;</p><br><p style=""font-size: 60px; font-family: FragmentMono"">EZSJIBWGO<p style=""font-size: 15px"">Press <strong>k</strong> for yes, <strong>d</strong> for no.</p>","","","testing","EZSJIBWGO","d","[""morphemeXmorpheme""]","false","","",""
"942","k","html-keyboard-response","689","2716082","0.0-24.0-0.31","697caee42ccb58f80bd052aa","69d7901e3430d13455efb336","69e637f6e1080e5e646a477f","<p style=""font-size: 30px"">&emsp;</p><br><p style=""font-size: 60px; font-family: FragmentMono"">LMAZWQRBJ<p style=""font-size: 15px"">Press <strong>k</strong> for yes, <strong>d</strong> for no.</p>","","","testing","LMAZWQRBJ","d","[""morphemeXmorpheme""]","false","","",""
"756","k","html-keyboard-response","690","2716839","0.0-24.0-0.32","697caee42ccb58f80bd052aa","69d7901e3430d13455efb336","69e637f6e1080e5e646a477f","<p style=""font-size: 30px"">&emsp;</p><br><p style=""font-size: 60px; font-family: FragmentMono"">CYFTYUFA<p style=""font-size: 15px"">Press <strong>k</strong> for yes, <strong>d</strong> for no.</p>","","","testing","CYFTYUFA","k","[""morphemeXmorpheme""]","true","","",""
"982","d","html-keyboard-response","691","2717822","0.0-24.0-0.33","697caee42ccb58f80bd052aa","69d7901e3430d13455efb336","69e637f6e1080e5e646a477f","<p style=""font-size: 30px"">&emsp;</p><br><p style=""font-size: 60px; font-family: FragmentMono"">UCSUSHSP<p style=""font-size: 15px"">Press <strong>k</strong> for yes, <strong>d</strong> for no.</p>","","","testing","UCSUSHSP","d","[""morcodeXmorcode""]","true","","",""
"1631","d","html-keyboard-response","692","2719454","0.0-24.0-0.34","697caee42ccb58f80bd052aa","69d7901e3430d13455efb336","69e637f6e1080e5e646a477f","<p style=""font-size: 30px"">&emsp;</p><br><p style=""font-size: 60px; font-family: FragmentMono"">VWLDOKDV<p style=""font-size: 15px"">Press <strong>k</strong> for yes, <strong>d</strong> for no.</p>","","","testing","VWLDOKDV","k","[""morcodeXmorpheme""]","false","","",""
"838","d","html-keyboard-response","693","2720293","0.0-24.0-0.35","697caee42ccb58f80bd052aa","69d7901e3430d13455efb336","69e637f6e1080e5e646a477f","<p style=""font-size: 30px"">&emsp;</p><br><p style=""font-size: 60px; font-family: FragmentMono"">ATWFGVXB<p style=""font-size: 15px"">Press <strong>k</strong> for yes, <strong>d</strong> for no.</p>","","","testing","ATWFGVXB","k","[""morcodeXmorpheme""]","false","","",""
"766","k","html-keyboard-response","694","2721060","0.0-24.0-0.36","697caee42ccb58f80bd052aa","69d7901e3430d13455efb336","69e637f6e1080e5e646a477f","<p style=""font-size: 30px"">&emsp;</p><br><p style=""font-size: 60px; font-family: FragmentMono"">ERBYXZSPY<p style=""font-size: 15px"">Press <strong>k</strong> for yes, <strong>d</strong> for no.</p>","","","testing","ERBYXZSPY","k","[""morphemeXmorcode""]","true","","",""
"1422","d","html-keyboard-response","695","2722483","0.0-24.0-0.37","697caee42ccb58f80bd052aa","69d7901e3430d13455efb336","69e637f6e1080e5e646a477f","<p style=""font-size: 30px"">&emsp;</p><br><p style=""font-size: 60px; font-family: FragmentMono"">CFDTAZFBJ<p style=""font-size: 15px"">Press <strong>k</strong> for yes, <strong>d</strong> for no.</p>","","","testing","CFDTAZFBJ","d","[""morcodeXmorcode""]","true","","",""
"1236","d","html-keyboard-response","696","2723719","0.0-24.0-0.38","697caee42ccb58f80bd052aa","69d7901e3430d13455efb336","69e637f6e1080e5e646a477f","<p style=""font-size: 30px"">&emsp;</p><br><p style=""font-size: 60px; font-family: FragmentMono"">XPWJFXTYQ<p style=""font-size: 15px"">Press <strong>k</strong> for yes, <strong>d</strong> for no.</p>","","","testing","XPWJFXTYQ","d","[""morcodeXmorcode""]","true","","",""
"823","d","html-keyboard-response","697","2724544","0.0-24.0-0.39","697caee42ccb58f80bd052aa","69d7901e3430d13455efb336","69e637f6e1080e5e646a477f","<p style=""font-size: 30px"">&emsp;</p><br><p style=""font-size: 60px; font-family: FragmentMono"">XMYCYNQY<p style=""font-size: 15px"">Press <strong>k</strong> for yes, <strong>d</strong> for no.</p>","","","testing","XMYCYNQY","d","[""morcodeXmorcode""]","true","","",""
"981","d","html-keyboard-response","698","2725526","0.0-24.0-0.40","697caee42ccb58f80bd052aa","69d7901e3430d13455efb336","69e637f6e1080e5e646a477f","<p style=""font-size: 30px"">&emsp;</p><br><p style=""font-size: 60px; font-family: FragmentMono"">NRGJSHSP<p style=""font-size: 15px"">Press <strong>k</strong> for yes, <strong>d</strong> for no.</p>","","","testing","NRGJSHSP","d","[""morcodeXmorcode""]","true","","",""
"760","d","html-keyboard-response","699","2726287","0.0-24.0-0.41","697caee42ccb58f80bd052aa","69d7901e3430d13455efb336","69e637f6e1080e5e646a477f","<p style=""font-size: 30px"">&emsp;</p><br><p style=""font-size: 60px; font-family: FragmentMono"">OBJAYUFA<p style=""font-size: 15px"">Press <strong>k</strong> for yes, <strong>d</strong> for no.</p>","","","testing","OBJAYUFA","k","[""morcodeXmorpheme""]","false","","",""
"624","k","html-keyboard-response","700","2726912","0.0-24.0-0.42","697caee42ccb58f80bd052aa","69d7901e3430d13455efb336","69e637f6e1080e5e646a477f","<p style=""font-size: 30px"">&emsp;</p><br><p style=""font-size: 60px; font-family: FragmentMono"">TNKDOTWYN<p style=""font-size: 15px"">Press <strong>k</strong> for yes, <strong>d</strong> for no.</p>","","","testing","TNKDOTWYN","k","[""morphemeXmorcode""]","true","","",""
"1219","k","html-keyboard-response","701","2728132","0.0-24.0-0.43","697caee42ccb58f80bd052aa","69d7901e3430d13455efb336","69e637f6e1080e5e646a477f","<p style=""font-size: 30px"">&emsp;</p><br><p style=""font-size: 60px; font-family: FragmentMono"">VBMTTHXI<p style=""font-size: 15px"">Press <strong>k</strong> for yes, <strong>d</strong> for no.</p>","","","testing","VBMTTHXI","d","[""morcodeXmorcode""]","false","","",""
"829","k","html-keyboard-response","702","2728962","0.0-24.0-0.44","697caee42ccb58f80bd052aa","69d7901e3430d13455efb336","69e637f6e1080e5e646a477f","<p style=""font-size: 30px"">&emsp;</p><br><p style=""font-size: 60px; font-family: FragmentMono"">LMAZWSVN<p style=""font-size: 15px"">Press <strong>k</strong> for yes, <strong>d</strong> for no.</p>","","","testing","LMAZWSVN","k","[""morphemeXmorpheme""]","true","","",""
"700","k","html-keyboard-response","703","2729663","0.0-24.0-0.45","697caee42ccb58f80bd052aa","69d7901e3430d13455efb336","69e637f6e1080e5e646a477f","<p style=""font-size: 30px"">&emsp;</p><br><p style=""font-size: 60px; font-family: FragmentMono"">OTJMUHIK<p style=""font-size: 15px"">Press <strong>k</strong> for yes, <strong>d</strong> for no.</p>","","","testing","OTJMUHIK","d","[""morphemeXmorpheme""]","false","","",""
"1470","d","html-keyboard-response","704","2731134","0.0-24.0-0.46","697caee42ccb58f80bd052aa","69d7901e3430d13455efb336","69e637f6e1080e5e646a477f","<p style=""font-size: 30px"">&emsp;</p><br><p style=""font-size: 60px; font-family: FragmentMono"">EKYAOQRBJ<p style=""font-size: 15px"">Press <strong>k</strong> for yes, <strong>d</strong> for no.</p>","","","testing","EKYAOQRBJ","k","[""morcodeXmorpheme""]","false","","",""
"1064","k","html-keyboard-response","705","2732199","0.0-24.0-0.47","697caee42ccb58f80bd052aa","69d7901e3430d13455efb336","69e637f6e1080e5e646a477f","<p style=""font-size: 30px"">&emsp;</p><br><p style=""font-size: 60px; font-family: FragmentMono"">KUQVMHIK<p style=""font-size: 15px"">Press <strong>k</strong> for yes, <strong>d</strong> for no.</p>","","","testing","KUQVMHIK","k","[""morphemeXmorpheme""]","true","","",""
"1036","k","html-keyboard-response","706","2733236","0.0-24.0-0.48","697caee42ccb58f80bd052aa","69d7901e3430d13455efb336","69e637f6e1080e5e646a477f","<p style=""font-size: 30px"">&emsp;</p><br><p style=""font-size: 60px; font-family: FragmentMono"">ERBYXBWGO<p style=""font-size: 15px"">Press <strong>k</strong> for yes, <strong>d</strong> for no.</p>","","","testing","ERBYXBWGO","k","[""morphemeXmorpheme""]","true","","",""
"850","k","html-keyboard-response","707","2734088","0.0-24.0-0.49","697caee42ccb58f80bd052aa","69d7901e3430d13455efb336","69e637f6e1080e5e646a477f","<p style=""font-size: 30px"">&emsp;</p><br><p style=""font-size: 60px; font-family: FragmentMono"">SBRCEGWA<p style=""font-size: 15px"">Press <strong>k</strong> for yes, <strong>d</strong> for no.</p>","","","testing","SBRCEGWA","k","[""morphemeXmorcode""]","true","","",""
"631","k","html-keyboard-response","708","2734720","0.0-24.0-0.50","697caee42ccb58f80bd052aa","69d7901e3430d13455efb336","69e637f6e1080e5e646a477f","<p style=""font-size: 30px"">&emsp;</p><br><p style=""font-size: 60px; font-family: FragmentMono"">HTZXDVEWG<p style=""font-size: 15px"">Press <strong>k</strong> for yes, <strong>d</strong> for no.</p>","","","testing","HTZXDVEWG","d","[""morphemeXmorpheme""]","false","","",""
"654","k","html-keyboard-response","709","2735375","0.0-24.0-0.51","697caee42ccb58f80bd052aa","69d7901e3430d13455efb336","69e637f6e1080e5e646a477f","<p style=""font-size: 30px"">&emsp;</p><br><p style=""font-size: 60px; font-family: FragmentMono"">UWNPYUFA<p style=""font-size: 15px"">Press <strong>k</strong> for yes, <strong>d</strong> for no.</p>","","","testing","UWNPYUFA","k","[""morphemeXmorpheme""]","true","","",""
"719","d","html-keyboard-response","710","2736095","0.0-24.0-0.52","697caee42ccb58f80bd052aa","69d7901e3430d13455efb336","69e637f6e1080e5e646a477f","<p style=""font-size: 30px"">&emsp;</p><br><p style=""font-size: 60px; font-family: FragmentMono"">KZLHIVEWG<p style=""font-size: 15px"">Press <strong>k</strong> for yes, <strong>d</strong> for no.</p>","","","testing","KZLHIVEWG","k","[""morcodeXmorpheme""]","false","","",""
"880","k","html-keyboard-response","711","2736975","0.0-24.0-0.53","697caee42ccb58f80bd052aa","69d7901e3430d13455efb336","69e637f6e1080e5e646a477f","<p style=""font-size: 30px"">&emsp;</p><br><p style=""font-size: 60px; font-family: FragmentMono"">CQMOSVN<p style=""font-size: 15px"">Press <strong>k</strong> for yes, <strong>d</strong> for no.</p>","","","testing","CQMOSVN","k","[""morcodeXmorpheme""]","true","","",""
"1634","k","html-keyboard-response","712","2738610","0.0-24.0-0.54","697caee42ccb58f80bd052aa","69d7901e3430d13455efb336","69e637f6e1080e5e646a477f","<p style=""font-size: 30px"">&emsp;</p><br><p style=""font-size: 60px; font-family: FragmentMono"">WZUYTCZPW<p style=""font-size: 15px"">Press <strong>k</strong> for yes, <strong>d</strong> for no.</p>","","","testing","WZUYTCZPW","d","[""morcodeXmorcode""]","false","","",""
"945","k","html-keyboard-response","713","2739557","0.0-24.0-0.55","697caee42ccb58f80bd052aa","69d7901e3430d13455efb336","69e637f6e1080e5e646a477f","<p style=""font-size: 30px"">&emsp;</p><br><p style=""font-size: 60px; font-family: FragmentMono"">TMZDNTPK<p style=""font-size: 15px"">Press <strong>k</strong> for yes, <strong>d</strong> for no.</p>","","","testing","TMZDNTPK","d","[""morcodeXmorcode""]","false","","",""
"1386","k","html-keyboard-response","714","2740944","0.0-24.0-0.56","697caee42ccb58f80bd052aa","69d7901e3430d13455efb336","69e637f6e1080e5e646a477f","<p style=""font-size: 30px"">&emsp;</p><br><p style=""font-size: 60px; font-family: FragmentMono"">HVFDAHIK<p style=""font-size: 15px"">Press <strong>k</strong> for yes, <strong>d</strong> for no.</p>","","","testing","HVFDAHIK","k","[""morcodeXmorpheme""]","true","","",""
"706","k","html-keyboard-response","715","2741652","0.0-24.0-0.57","697caee42ccb58f80bd052aa","69d7901e3430d13455efb336","69e637f6e1080e5e646a477f","<p style=""font-size: 30px"">&emsp;</p><br><p style=""font-size: 60px; font-family: FragmentMono"">CYFTOKDV<p style=""font-size: 15px"">Press <strong>k</strong> for yes, <strong>d</strong> for no.</p>","","","testing","CYFTOKDV","d","[""morphemeXmorpheme""]","false","","",""
"776","d","html-keyboard-response","716","2742429","0.0-24.0-0.58","697caee42ccb58f80bd052aa","69d7901e3430d13455efb336","69e637f6e1080e5e646a477f","<p style=""font-size: 30px"">&emsp;</p><br><p style=""font-size: 60px; font-family: FragmentMono"">CHASSMZAI<p style=""font-size: 15px"">Press <strong>k</strong> for yes, <strong>d</strong> for no.</p>","","","testing","CHASSMZAI","d","[""morcodeXmorcode""]","true","","",""
"1106","d","html-keyboard-response","717","2743536","0.0-24.0-0.59","697caee42ccb58f80bd052aa","69d7901e3430d13455efb336","69e637f6e1080e5e646a477f","<p style=""font-size: 30px"">&emsp;</p><br><p style=""font-size: 60px; font-family: FragmentMono"">EIEQNHIK<p style=""font-size: 15px"">Press <strong>k</strong> for yes, <strong>d</strong> for no.</p>","","","testing","EIEQNHIK","k","[""morcodeXmorpheme""]","false","","",""
"1031","k","html-keyboard-response","718","2744568","0.0-24.0-0.60","697caee42ccb58f80bd052aa","69d7901e3430d13455efb336","69e637f6e1080e5e646a477f","<p style=""font-size: 30px"">&emsp;</p><br><p style=""font-size: 60px; font-family: FragmentMono"">HTZXDEDMK<p style=""font-size: 15px"">Press <strong>k</strong> for yes, <strong>d</strong> for no.</p>","","","testing","HTZXDEDMK","k","[""morphemeXmorcode""]","true","","",""
"305","d","html-keyboard-response","719","2744874","0.0-24.0-0.61","697caee42ccb58f80bd052aa","69d7901e3430d13455efb336","69e637f6e1080e5e646a477f","<p style=""font-size: 30px"">&emsp;</p><br><p style=""font-size: 60px; font-family: FragmentMono"">VRIHBNOQI<p style=""font-size: 15px"">Press <strong>k</strong> for yes, <strong>d</strong> for no.</p>","","","testing","VRIHBNOQI","d","[""morcodeXmorcode""]","true","","",""
"1242","k","html-keyboard-response","720","2746117","0.0-24.0-0.62","697caee42ccb58f80bd052aa","69d7901e3430d13455efb336","69e637f6e1080e5e646a477f","<p style=""font-size: 30px"">&emsp;</p><br><p style=""font-size: 60px; font-family: FragmentMono"">OGPGLOFG<p style=""font-size: 15px"">Press <strong>k</strong> for yes, <strong>d</strong> for no.</p>","","","testing","OGPGLOFG","k","[""morphemeXmorcode""]","true","","",""
"933","d","html-keyboard-response","721","2747052","0.0-24.0-0.63","697caee42ccb58f80bd052aa","69d7901e3430d13455efb336","69e637f6e1080e5e646a477f","<p style=""font-size: 30px"">&emsp;</p><br><p style=""font-size: 60px; font-family: FragmentMono"">LDEGQAIT<p style=""font-size: 15px"">Press <strong>k</strong> for yes, <strong>d</strong> for no.</p>","","","testing","LDEGQAIT","d","[""morcodeXmorcode""]","true","","",""
"741","k","html-keyboard-response","722","2747794","0.0-24.0-0.64","697caee42ccb58f80bd052aa","69d7901e3430d13455efb336","69e637f6e1080e5e646a477f","<p style=""font-size: 30px"">&emsp;</p><br><p style=""font-size: 60px; font-family: FragmentMono"">XUFEBYM<p style=""font-size: 15px"">Press <strong>k</strong> for yes, <strong>d</strong> for no.</p>","","","testing","XUFEBYM","k","[""morphemeXmorcode""]","true","","",""
"909","k","html-keyboard-response","723","2748704","0.0-24.0-0.65","697caee42ccb58f80bd052aa","69d7901e3430d13455efb336","69e637f6e1080e5e646a477f","<p style=""font-size: 30px"">&emsp;</p><br><p style=""font-size: 60px; font-family: FragmentMono"">NAPYQOHRG<p style=""font-size: 15px"">Press <strong>k</strong> for yes, <strong>d</strong> for no.</p>","","","testing","NAPYQOHRG","k","[""morphemeXmorcode""]","true","","",""
"961","k","html-keyboard-response","724","2749667","0.0-24.0-0.66","697caee42ccb58f80bd052aa","69d7901e3430d13455efb336","69e637f6e1080e5e646a477f","<p style=""font-size: 30px"">&emsp;</p><br><p style=""font-size: 60px; font-family: FragmentMono"">KVAQWUYAF<p style=""font-size: 15px"">Press <strong>k</strong> for yes, <strong>d</strong> for no.</p>","","","testing","KVAQWUYAF","d","[""morcodeXmorcode""]","false","","",""
"1064","d","html-keyboard-response","725","2750731","0.0-24.0-0.67","697caee42ccb58f80bd052aa","69d7901e3430d13455efb336","69e637f6e1080e5e646a477f","<p style=""font-size: 30px"">&emsp;</p><br><p style=""font-size: 60px; font-family: FragmentMono"">PZKSWYZ<p style=""font-size: 15px"">Press <strong>k</strong> for yes, <strong>d</strong> for no.</p>","","","testing","PZKSWYZ","d","[""morcodeXmorcode""]","true","","",""
"816","k","html-keyboard-response","726","2751548","0.0-24.0-0.68","697caee42ccb58f80bd052aa","69d7901e3430d13455efb336","69e637f6e1080e5e646a477f","<p style=""font-size: 30px"">&emsp;</p><br><p style=""font-size: 60px; font-family: FragmentMono"">VUWYKVHGM<p style=""font-size: 15px"">Press <strong>k</strong> for yes, <strong>d</strong> for no.</p>","","","testing","VUWYKVHGM","k","[""morphemeXmorcode""]","true","","",""
"1183","k","html-keyboard-response","727","2752733","0.0-24.0-0.69","697caee42ccb58f80bd052aa","69d7901e3430d13455efb336","69e637f6e1080e5e646a477f","<p style=""font-size: 30px"">&emsp;</p><br><p style=""font-size: 60px; font-family: FragmentMono"">HUVWUHIK<p style=""font-size: 15px"">Press <strong>k</strong> for yes, <strong>d</strong> for no.</p>","","","testing","HUVWUHIK","d","[""morphemeXmorpheme""]","false","","",""
"773","d","html-keyboard-response","728","2753507","0.0-24.0-0.70","697caee42ccb58f80bd052aa","69d7901e3430d13455efb336","69e637f6e1080e5e646a477f","<p style=""font-size: 30px"">&emsp;</p><br><p style=""font-size: 60px; font-family: FragmentMono"">UBSUSVN<p style=""font-size: 15px"">Press <strong>k</strong> for yes, <strong>d</strong> for no.</p>","","","testing","UBSUSVN","d","[""morphemeXmorpheme""]","true","","",""
"1588","d","html-keyboard-response","729","2755097","0.0-24.0-0.71","697caee42ccb58f80bd052aa","69d7901e3430d13455efb336","69e637f6e1080e5e646a477f","<p style=""font-size: 30px"">&emsp;</p><br><p style=""font-size: 60px; font-family: FragmentMono"">QWBSJHDC<p style=""font-size: 15px"">Press <strong>k</strong> for yes, <strong>d</strong> for no.</p>","","","testing","QWBSJHDC","d","[""morcodeXmorcode""]","true","","",""
"1013","d","html-keyboard-response","730","2756110","0.0-24.0-0.72","697caee42ccb58f80bd052aa","69d7901e3430d13455efb336","69e637f6e1080e5e646a477f","<p style=""font-size: 30px"">&emsp;</p><br><p style=""font-size: 60px; font-family: FragmentMono"">ZKGBFTGPV<p style=""font-size: 15px"">Press <strong>k</strong> for yes, <strong>d</strong> for no.</p>","","","testing","ZKGBFTGPV","k","[""morcodeXmorpheme""]","false","","",""
"779","k","html-keyboard-response","731","2756891","0.0-24.0-0.73","697caee42ccb58f80bd052aa","69d7901e3430d13455efb336","69e637f6e1080e5e646a477f","<p style=""font-size: 30px"">&emsp;</p><br><p style=""font-size: 60px; font-family: FragmentMono"">EXDTGNWH<p style=""font-size: 15px"">Press <strong>k</strong> for yes, <strong>d</strong> for no.</p>","","","testing","EXDTGNWH","k","[""morphemeXmorcode""]","true","","",""
"1002","k","html-keyboard-response","732","2757894","0.0-24.0-0.74","697caee42ccb58f80bd052aa","69d7901e3430d13455efb336","69e637f6e1080e5e646a477f","<p style=""font-size: 30px"">&emsp;</p><br><p style=""font-size: 60px; font-family: FragmentMono"">THVXZJXV<p style=""font-size: 15px"">Press <strong>k</strong> for yes, <strong>d</strong> for no.</p>","","","testing","THVXZJXV","d","[""morcodeXmorcode""]","false","","",""
"872","k","html-keyboard-response","733","2758767","0.0-24.0-0.75","697caee42ccb58f80bd052aa","69d7901e3430d13455efb336","69e637f6e1080e5e646a477f","<p style=""font-size: 30px"">&emsp;</p><br><p style=""font-size: 60px; font-family: FragmentMono"">KUQVMLXG<p style=""font-size: 15px"">Press <strong>k</strong> for yes, <strong>d</strong> for no.</p>","","","testing","KUQVMLXG","k","[""morphemeXmorcode""]","true","","",""
"754","k","html-keyboard-response","734","2759522","0.0-24.0-0.76","697caee42ccb58f80bd052aa","69d7901e3430d13455efb336","69e637f6e1080e5e646a477f","<p style=""font-size: 30px"">&emsp;</p><br><p style=""font-size: 60px; font-family: FragmentMono"">NAPYQTGPV<p style=""font-size: 15px"">Press <strong>k</strong> for yes, <strong>d</strong> for no.</p>","","","testing","NAPYQTGPV","k","[""morphemeXmorpheme""]","true","","",""
"981","k","html-keyboard-response","735","2760504","0.0-24.0-0.77","697caee42ccb58f80bd052aa","69d7901e3430d13455efb336","69e637f6e1080e5e646a477f","<p style=""font-size: 30px"">&emsp;</p><br><p style=""font-size: 60px; font-family: FragmentMono"">NPVHKLNYV<p style=""font-size: 15px"">Press <strong>k</strong> for yes, <strong>d</strong> for no.</p>","","","testing","NPVHKLNYV","d","[""morcodeXmorcode""]","false","","",""
"1125","k","html-keyboard-response","736","2761630","0.0-24.0-0.78","697caee42ccb58f80bd052aa","69d7901e3430d13455efb336","69e637f6e1080e5e646a477f","<p style=""font-size: 30px"">&emsp;</p><br><p style=""font-size: 60px; font-family: FragmentMono"">OGPGLHIK<p style=""font-size: 15px"">Press <strong>k</strong> for yes, <strong>d</strong> for no.</p>","","","testing","OGPGLHIK","k","[""morphemeXmorpheme""]","true","","",""
"886","k","html-keyboard-response","737","2762518","0.0-24.0-0.79","697caee42ccb58f80bd052aa","69d7901e3430d13455efb336","69e637f6e1080e5e646a477f","<p style=""font-size: 30px"">&emsp;</p><br><p style=""font-size: 60px; font-family: FragmentMono"">XUFEQRBJ<p style=""font-size: 15px"">Press <strong>k</strong> for yes, <strong>d</strong> for no.</p>","","","testing","XUFEQRBJ","d","[""morphemeXmorpheme""]","false","","",""
"1294","d","html-keyboard-response","738","2763812","0.0-24.0-0.80","697caee42ccb58f80bd052aa","69d7901e3430d13455efb336","69e637f6e1080e5e646a477f","<p style=""font-size: 30px"">&emsp;</p><br><p style=""font-size: 60px; font-family: FragmentMono"">NVLXNVIRB<p style=""font-size: 15px"">Press <strong>k</strong> for yes, <strong>d</strong> for no.</p>","","","testing","NVLXNVIRB","d","[""morcodeXmorcode""]","true","","",""
"511","k","html-keyboard-response","739","2764325","0.0-24.0-0.81","697caee42ccb58f80bd052aa","69d7901e3430d13455efb336","69e637f6e1080e5e646a477f","<p style=""font-size: 30px"">&emsp;</p><br><p style=""font-size: 60px; font-family: FragmentMono"">NAPYQVCEG<p style=""font-size: 15px"">Press <strong>k</strong> for yes, <strong>d</strong> for no.</p>","","","testing","NAPYQVCEG","d","[""morphemeXmorpheme""]","false","","",""
"787","k","html-keyboard-response","740","2765113","0.0-24.0-0.82","697caee42ccb58f80bd052aa","69d7901e3430d13455efb336","69e637f6e1080e5e646a477f","<p style=""font-size: 30px"">&emsp;</p><br><p style=""font-size: 60px; font-family: FragmentMono"">LRYWYUFA<p style=""font-size: 15px"">Press <strong>k</strong> for yes, <strong>d</strong> for no.</p>","","","testing","LRYWYUFA","d","[""morphemeXmorpheme""]","false","","",""
"1900","k","html-keyboard-response","741","2767013","0.0-24.0-0.83","697caee42ccb58f80bd052aa","69d7901e3430d13455efb336","69e637f6e1080e5e646a477f","<p style=""font-size: 30px"">&emsp;</p><br><p style=""font-size: 60px; font-family: FragmentMono"">XUFESVN<p style=""font-size: 15px"">Press <strong>k</strong> for yes, <strong>d</strong> for no.</p>","","","testing","XUFESVN","k","[""morphemeXmorpheme""]","true","","",""
"686","k","html-keyboard-response","742","2767701","0.0-24.0-0.84","697caee42ccb58f80bd052aa","69d7901e3430d13455efb336","69e637f6e1080e5e646a477f","<p style=""font-size: 30px"">&emsp;</p><br><p style=""font-size: 60px; font-family: FragmentMono"">SBRCOKDV<p style=""font-size: 15px"">Press <strong>k</strong> for yes, <strong>d</strong> for no.</p>","","","testing","SBRCOKDV","k","[""morphemeXmorpheme""]","true","","",""
"762","d","html-keyboard-response","743","2768464","0.0-24.0-0.85","697caee42ccb58f80bd052aa","69d7901e3430d13455efb336","69e637f6e1080e5e646a477f","<p style=""font-size: 30px"">&emsp;</p><br><p style=""font-size: 60px; font-family: FragmentMono"">WZHGGPHZ<p style=""font-size: 15px"">Press <strong>k</strong> for yes, <strong>d</strong> for no.</p>","","","testing","WZHGGPHZ","d","[""morcodeXmorcode""]","true","","",""
"1135","k","html-keyboard-response","744","2769601","0.0-24.0-0.86","697caee42ccb58f80bd052aa","69d7901e3430d13455efb336","69e637f6e1080e5e646a477f","<p style=""font-size: 30px"">&emsp;</p><br><p style=""font-size: 60px; font-family: FragmentMono"">WRGAMJXV<p style=""font-size: 15px"">Press <strong>k</strong> for yes, <strong>d</strong> for no.</p>","","","testing","WRGAMJXV","d","[""morcodeXmorcode""]","false","","",""
"784","k","html-keyboard-response","745","2770386","0.0-24.0-0.87","697caee42ccb58f80bd052aa","69d7901e3430d13455efb336","69e637f6e1080e5e646a477f","<p style=""font-size: 30px"">&emsp;</p><br><p style=""font-size: 60px; font-family: FragmentMono"">KUQVMVXB<p style=""font-size: 15px"">Press <strong>k</strong> for yes, <strong>d</strong> for no.</p>","","","testing","KUQVMVXB","d","[""morphemeXmorpheme""]","false","","",""
"226","k","html-keyboard-response","746","2770613","0.0-24.0-0.88","697caee42ccb58f80bd052aa","69d7901e3430d13455efb336","69e637f6e1080e5e646a477f","<p style=""font-size: 30px"">&emsp;</p><br><p style=""font-size: 60px; font-family: FragmentMono"">LRYWFSZR<p style=""font-size: 15px"">Press <strong>k</strong> for yes, <strong>d</strong> for no.</p>","","","testing","LRYWFSZR","k","[""morphemeXmorcode""]","true","","",""
"1235","d","html-keyboard-response","747","2771849","0.0-24.0-0.89","697caee42ccb58f80bd052aa","69d7901e3430d13455efb336","69e637f6e1080e5e646a477f","<p style=""font-size: 30px"">&emsp;</p><br><p style=""font-size: 60px; font-family: FragmentMono"">ZTKEHSXD<p style=""font-size: 15px"">Press <strong>k</strong> for yes, <strong>d</strong> for no.</p>","","","testing","ZTKEHSXD","d","[""morcodeXmorcode""]","true","","",""
"700","k","html-keyboard-response","748","2772551","0.0-24.0-0.90","697caee42ccb58f80bd052aa","69d7901e3430d13455efb336","69e637f6e1080e5e646a477f","<p style=""font-size: 30px"">&emsp;</p><br><p style=""font-size: 60px; font-family: FragmentMono"">UWNPOKDV<p style=""font-size: 15px"">Press <strong>k</strong> for yes, <strong>d</strong> for no.</p>","","","testing","UWNPOKDV","d","[""morphemeXmorpheme""]","false","","",""
"1094","k","html-keyboard-response","749","2773645","0.0-24.0-0.91","697caee42ccb58f80bd052aa","69d7901e3430d13455efb336","69e637f6e1080e5e646a477f","<p style=""font-size: 30px"">&emsp;</p><br><p style=""font-size: 60px; font-family: FragmentMono"">MGALQRBJ<p style=""font-size: 15px"">Press <strong>k</strong> for yes, <strong>d</strong> for no.</p>","","","testing","MGALQRBJ","k","[""morcodeXmorpheme""]","true","","",""
"1204","k","html-keyboard-response","750","2774851","0.0-24.0-0.92","697caee42ccb58f80bd052aa","69d7901e3430d13455efb336","69e637f6e1080e5e646a477f","<p style=""font-size: 30px"">&emsp;</p><br><p style=""font-size: 60px; font-family: FragmentMono"">VUWYKBWGO<p style=""font-size: 15px"">Press <strong>k</strong> for yes, <strong>d</strong> for no.</p>","","","testing","VUWYKBWGO","d","[""morphemeXmorpheme""]","false","","",""
"826","d","html-keyboard-response","751","2775678","0.0-24.0-0.93","697caee42ccb58f80bd052aa","69d7901e3430d13455efb336","69e637f6e1080e5e646a477f","<p style=""font-size: 30px"">&emsp;</p><br><p style=""font-size: 60px; font-family: FragmentMono"">QFREPOHDB<p style=""font-size: 15px"">Press <strong>k</strong> for yes, <strong>d</strong> for no.</p>","","","testing","QFREPOHDB","d","[""morcodeXmorcode""]","true","","",""
"1143","d","html-keyboard-response","752","2776822","0.0-24.0-0.94","697caee42ccb58f80bd052aa","69d7901e3430d13455efb336","69e637f6e1080e5e646a477f","<p style=""font-size: 30px"">&emsp;</p><br><p style=""font-size: 60px; font-family: FragmentMono"">COVWCVCEG<p style=""font-size: 15px"">Press <strong>k</strong> for yes, <strong>d</strong> for no.</p>","","","testing","COVWCVCEG","k","[""morcodeXmorpheme""]","false","","",""
"1227","k","html-keyboard-response","753","2778051","0.0-24.0-0.95","697caee42ccb58f80bd052aa","69d7901e3430d13455efb336","69e637f6e1080e5e646a477f","<p style=""font-size: 30px"">&emsp;</p><br><p style=""font-size: 60px; font-family: FragmentMono"">HTZXDBWGO<p style=""font-size: 15px"">Press <strong>k</strong> for yes, <strong>d</strong> for no.</p>","","","testing","HTZXDBWGO","k","[""morphemeXmorpheme""]","true","","",""
"946","k","html-keyboard-response","754","2778998","0.0-24.0-0.96","697caee42ccb58f80bd052aa","69d7901e3430d13455efb336","69e637f6e1080e5e646a477f","<p style=""font-size: 30px"">&emsp;</p><br><p style=""font-size: 60px; font-family: FragmentMono"">UWNPIQYZ<p style=""font-size: 15px"">Press <strong>k</strong> for yes, <strong>d</strong> for no.</p>","","","testing","UWNPIQYZ","k","[""morphemeXmorcode""]","true","","",""
"676","d","html-keyboard-response","755","2779675","0.0-24.0-0.97","697caee42ccb58f80bd052aa","69d7901e3430d13455efb336","69e637f6e1080e5e646a477f","<p style=""font-size: 30px"">&emsp;</p><br><p style=""font-size: 60px; font-family: FragmentMono"">GEUHQVXB<p style=""font-size: 15px"">Press <strong>k</strong> for yes, <strong>d</strong> for no.</p>","","","testing","GEUHQVXB","k","[""morcodeXmorpheme""]","false","","",""
"712","k","html-keyboard-response","756","2780388","0.0-24.0-0.98","697caee42ccb58f80bd052aa","69d7901e3430d13455efb336","69e637f6e1080e5e646a477f","<p style=""font-size: 30px"">&emsp;</p><br><p style=""font-size: 60px; font-family: FragmentMono"">OTJMUHPS<p style=""font-size: 15px"">Press <strong>k</strong> for yes, <strong>d</strong> for no.</p>","","","testing","OTJMUHPS","k","[""morphemeXmorcode""]","true","","",""
"1104","d","html-keyboard-response","757","2781493","0.0-24.0-0.99","697caee42ccb58f80bd052aa","69d7901e3430d13455efb336","69e637f6e1080e5e646a477f","<p style=""font-size: 30px"">&emsp;</p><br><p style=""font-size: 60px; font-family: FragmentMono"">CDQBJIGU<p style=""font-size: 15px"">Press <strong>k</strong> for yes, <strong>d</strong> for no.</p>","","","testing","CDQBJIGU","d","[""morcodeXmorcode""]","true","","",""
"634","k","html-keyboard-response","758","2782129","0.0-24.0-0.100","697caee42ccb58f80bd052aa","69d7901e3430d13455efb336","69e637f6e1080e5e646a477f","<p style=""font-size: 30px"">&emsp;</p><br><p style=""font-size: 60px; font-family: FragmentMono"">CYFTOAYA<p style=""font-size: 15px"">Press <strong>k</strong> for yes, <strong>d</strong> for no.</p>","","","testing","CYFTOAYA","k","[""morphemeXmorcode""]","true","","",""
"1074","d","html-keyboard-response","759","2783204","0.0-24.0-0.101","697caee42ccb58f80bd052aa","69d7901e3430d13455efb336","69e637f6e1080e5e646a477f","<p style=""font-size: 30px"">&emsp;</p><br><p style=""font-size: 60px; font-family: FragmentMono"">NYOZSVN<p style=""font-size: 15px"">Press <strong>k</strong> for yes, <strong>d</strong> for no.</p>","","","testing","NYOZSVN","k","[""morcodeXmorpheme""]","false","","",""
"1030","d","html-keyboard-response","760","2784235","0.0-24.0-0.102","697caee42ccb58f80bd052aa","69d7901e3430d13455efb336","69e637f6e1080e5e646a477f","<p style=""font-size: 30px"">&emsp;</p><br><p style=""font-size: 60px; font-family: FragmentMono"">AFVRFNZGV<p style=""font-size: 15px"">Press <strong>k</strong> for yes, <strong>d</strong> for no.</p>","","","testing","AFVRFNZGV","d","[""morcodeXmorcode""]","true","","",""
"1088","k","html-keyboard-response","761","2785324","0.0-24.0-0.103","697caee42ccb58f80bd052aa","69d7901e3430d13455efb336","69e637f6e1080e5e646a477f","<p style=""font-size: 30px"">&emsp;</p><br><p style=""font-size: 60px; font-family: FragmentMono"">OGPGLVXB<p style=""font-size: 15px"">Press <strong>k</strong> for yes, <strong>d</strong> for no.</p>","","","testing","OGPGLVXB","d","[""morphemeXmorpheme""]","false","","",""
"929","d","html-keyboard-response","762","2786254","0.0-24.0-0.104","697caee42ccb58f80bd052aa","69d7901e3430d13455efb336","69e637f6e1080e5e646a477f","<p style=""font-size: 30px"">&emsp;</p><br><p style=""font-size: 60px; font-family: FragmentMono"">PQYCZYNQY<p style=""font-size: 15px"">Press <strong>k</strong> for yes, <strong>d</strong> for no.</p>","","","testing","PQYCZYNQY","d","[""morcodeXmorcode""]","true","","",""
"1326","d","html-keyboard-response","763","2787582","0.0-24.0-0.105","697caee42ccb58f80bd052aa","69d7901e3430d13455efb336","69e637f6e1080e5e646a477f","<p style=""font-size: 30px"">&emsp;</p><br><p style=""font-size: 60px; font-family: FragmentMono"">QHJGWJPXF<p style=""font-size: 15px"">Press <strong>k</strong> for yes, <strong>d</strong> for no.</p>","","","testing","QHJGWJPXF","d","[""morcodeXmorcode""]","true","","",""
"815","d","html-keyboard-response","764","2788398","0.0-24.0-0.106","697caee42ccb58f80bd052aa","69d7901e3430d13455efb336","69e637f6e1080e5e646a477f","<p style=""font-size: 30px"">&emsp;</p><br><p style=""font-size: 60px; font-family: FragmentMono"">PSZTQJVRU<p style=""font-size: 15px"">Press <strong>k</strong> for yes, <strong>d</strong> for no.</p>","","","testing","PSZTQJVRU","d","[""morcodeXmorcode""]","true","","",""
"653","k","html-keyboard-response","765","2789051","0.0-24.0-0.107","697caee42ccb58f80bd052aa","69d7901e3430d13455efb336","69e637f6e1080e5e646a477f","<p style=""font-size: 30px"">&emsp;</p><br><p style=""font-size: 60px; font-family: FragmentMono"">LRYWOKDV<p style=""font-size: 15px"">Press <strong>k</strong> for yes, <strong>d</strong> for no.</p>","","","testing","LRYWOKDV","k","[""morphemeXmorpheme""]","true","","",""
"968","d","html-keyboard-response","766","2790020","0.0-24.0-0.108","697caee42ccb58f80bd052aa","69d7901e3430d13455efb336","69e637f6e1080e5e646a477f","<p style=""font-size: 30px"">&emsp;</p><br><p style=""font-size: 60px; font-family: FragmentMono"">JRZVHTGPV<p style=""font-size: 15px"">Press <strong>k</strong> for yes, <strong>d</strong> for no.</p>","","","testing","JRZVHTGPV","k","[""morcodeXmorpheme""]","false","","",""
"643","k","html-keyboard-response","767","2790664","0.0-24.0-0.109","697caee42ccb58f80bd052aa","69d7901e3430d13455efb336","69e637f6e1080e5e646a477f","<p style=""font-size: 30px"">&emsp;</p><br><p style=""font-size: 60px; font-family: FragmentMono"">XUDJMMVH<p style=""font-size: 15px"">Press <strong>k</strong> for yes, <strong>d</strong> for no.</p>","","","testing","XUDJMMVH","d","[""morcodeXmorcode""]","false","","",""
"711","d","html-keyboard-response","768","2791377","0.0-24.0-0.110","697caee42ccb58f80bd052aa","69d7901e3430d13455efb336","69e637f6e1080e5e646a477f","<p style=""font-size: 30px"">&emsp;</p><br><p style=""font-size: 60px; font-family: FragmentMono"">GQFHXRXWK<p style=""font-size: 15px"">Press <strong>k</strong> for yes, <strong>d</strong> for no.</p>","","","testing","GQFHXRXWK","k","[""morphemeXmorcode""]","false","","",""
"1213","d","html-keyboard-response","769","2792591","0.0-24.0-0.111","697caee42ccb58f80bd052aa","69d7901e3430d13455efb336","69e637f6e1080e5e646a477f","<p style=""font-size: 30px"">&emsp;</p><br><p style=""font-size: 60px; font-family: FragmentMono"">XQTKWBWGO<p style=""font-size: 15px"">Press <strong>k</strong> for yes, <strong>d</strong> for no.</p>","","","testing","XQTKWBWGO","k","[""morcodeXmorpheme""]","false","","",""
"741","d","html-keyboard-response","770","2793333","0.0-24.0-0.112","697caee42ccb58f80bd052aa","69d7901e3430d13455efb336","69e637f6e1080e5e646a477f","<p style=""font-size: 30px"">&emsp;</p><br><p style=""font-size: 60px; font-family: FragmentMono"">QWVPXTQIT<p style=""font-size: 15px"">Press <strong>k</strong> for yes, <strong>d</strong> for no.</p>","","","testing","QWVPXTQIT","d","[""morcodeXmorcode""]","true","","",""
"765","d","html-keyboard-response","771","2794099","0.0-24.0-0.113","697caee42ccb58f80bd052aa","69d7901e3430d13455efb336","69e637f6e1080e5e646a477f","<p style=""font-size: 30px"">&emsp;</p><br><p style=""font-size: 60px; font-family: FragmentMono"">PQYCZXBQD<p style=""font-size: 15px"">Press <strong>k</strong> for yes, <strong>d</strong> for no.</p>","","","testing","PQYCZXBQD","d","[""morcodeXmorcode""]","true","","",""
"667","k","html-keyboard-response","772","2794767","0.0-24.0-0.114","697caee42ccb58f80bd052aa","69d7901e3430d13455efb336","69e637f6e1080e5e646a477f","<p style=""font-size: 30px"">&emsp;</p><br><p style=""font-size: 60px; font-family: FragmentMono"">UWXVLVCEG<p style=""font-size: 15px"">Press <strong>k</strong> for yes, <strong>d</strong> for no.</p>","","","testing","UWXVLVCEG","k","[""morphemeXmorpheme""]","true","","",""
"870","d","html-keyboard-response","773","2795638","0.0-24.0-0.115","697caee42ccb58f80bd052aa","69d7901e3430d13455efb336","69e637f6e1080e5e646a477f","<p style=""font-size: 30px"">&emsp;</p><br><p style=""font-size: 60px; font-family: FragmentMono"">HUVWUDJN<p style=""font-size: 15px"">Press <strong>k</strong> for yes, <strong>d</strong> for no.</p>","","","testing","HUVWUDJN","k","[""morphemeXmorcode""]","false","","",""
"1038","d","html-keyboard-response","774","2796677","0.0-24.0-0.116","697caee42ccb58f80bd052aa","69d7901e3430d13455efb336","69e637f6e1080e5e646a477f","<p style=""font-size: 30px"">&emsp;</p><br><p style=""font-size: 60px; font-family: FragmentMono"">UWXVLTGPV<p style=""font-size: 15px"">Press <strong>k</strong> for yes, <strong>d</strong> for no.</p>","","","testing","UWXVLTGPV","d","[""morphemeXmorpheme""]","true","","",""
"1056","d","html-keyboard-response","775","2797734","0.0-24.0-0.117","697caee42ccb58f80bd052aa","69d7901e3430d13455efb336","69e637f6e1080e5e646a477f","<p style=""font-size: 30px"">&emsp;</p><br><p style=""font-size: 60px; font-family: FragmentMono"">OGDSKYFHR<p style=""font-size: 15px"">Press <strong>k</strong> for yes, <strong>d</strong> for no.</p>","","","testing","OGDSKYFHR","d","[""morcodeXmorcode""]","true","","",""
"1042","d","html-keyboard-response","776","2798777","0.0-24.0-0.118","697caee42ccb58f80bd052aa","69d7901e3430d13455efb336","69e637f6e1080e5e646a477f","<p style=""font-size: 30px"">&emsp;</p><br><p style=""font-size: 60px; font-family: FragmentMono"">AEXJNLP<p style=""font-size: 15px"">Press <strong>k</strong> for yes, <strong>d</strong> for no.</p>","","","testing","AEXJNLP","d","[""morcodeXmorcode""]","true","","",""
"1086","d","html-keyboard-response","777","2799864","0.0-24.0-0.119","697caee42ccb58f80bd052aa","69d7901e3430d13455efb336","69e637f6e1080e5e646a477f","<p style=""font-size: 30px"">&emsp;</p><br><p style=""font-size: 60px; font-family: FragmentMono"">UBSUFZLF<p style=""font-size: 15px"">Press <strong>k</strong> for yes, <strong>d</strong> for no.</p>","","","testing","UBSUFZLF","k","[""morphemeXmorcode""]","false","","",""
"169199","{""testing_strategy"":""I tried to memorize or pronounce the first three letters of the word and occasionally the first and the last letters.""}","survey-html-form","778","2969065","0.0-25.0","697caee42ccb58f80bd052aa","69d7901e3430d13455efb336","69e637f6e1080e5e646a477f","","","","","","","","","","",""
"122026"," ","html-keyboard-response","779","3091093","0.0-26.0","697caee42ccb58f80bd052aa","69d7901e3430d13455efb336","69e637f6e1080e5e646a477f","<p style=""font-size: 30px"">You've made it to the meeting on time, fantastic! The world leaders want to write a message back to the aliens, and need you to help them recognise which letter combinations you saw in their language. You'll have the choice between 2 letter combinations: one which was in the communication you saw, and one that wasn't. It's important to be friendly with these aliens, so it's important that you make the right choice!</p>
      <p style=""font-size: 30px"">Press <strong>d</strong> if you think that the letter combination on the <strong>left</strong> is the one you saw, or <strong>k</strong> if you think that it's the one on the <strong>right</strong>.</p>
      <p style=""font-size: 30px"">Press the spacebar when you're ready to begin.</p>","","","","","","","","","",""
"8952","d","html-keyboard-response","780","3100046","0.0-27.0-0.0","697caee42ccb58f80bd052aa","69d7901e3430d13455efb336","69e637f6e1080e5e646a477f","<p style=""font-size: 30px;"">Which letter combination have you already seen?</p><br><p style=""font-size: 60px; font-family: FragmentMono"">OGPGL&emsp;&emsp;&emsp;&emsp;FHICD<p style=""font-size: 15px"">Press <strong>d</strong> for this letter combination&emsp;&emsp;&emsp;&emsp;&emsp;&emsp;&emsp;&emsp;&emsp;&emsp;&emsp;Press <strong>k</strong> for this letter combination</p>","","","familiarity","","d","","true","OGPGL","FHICD",""
"3101","d","html-keyboard-response","781","3103148","0.0-27.0-0.1","697caee42ccb58f80bd052aa","69d7901e3430d13455efb336","69e637f6e1080e5e646a477f","<p style=""font-size: 30px;"">Which letter combination have you already seen?</p><br><p style=""font-size: 60px; font-family: FragmentMono"">LMAZW&emsp;&emsp;&emsp;&emsp;WAEMI<p style=""font-size: 15px"">Press <strong>d</strong> for this letter combination&emsp;&emsp;&emsp;&emsp;&emsp;&emsp;&emsp;&emsp;&emsp;&emsp;&emsp;Press <strong>k</strong> for this letter combination</p>","","","familiarity","","d","","true","LMAZW","WAEMI",""
"3960","d","html-keyboard-response","782","3107109","0.0-27.0-0.2","697caee42ccb58f80bd052aa","69d7901e3430d13455efb336","69e637f6e1080e5e646a477f","<p style=""font-size: 30px;"">Which letter combination have you already seen?</p><br><p style=""font-size: 60px; font-family: FragmentMono"">QRBJ&emsp;&emsp;&emsp;&emsp;CPJS<p style=""font-size: 15px"">Press <strong>d</strong> for this letter combination&emsp;&emsp;&emsp;&emsp;&emsp;&emsp;&emsp;&emsp;&emsp;&emsp;&emsp;Press <strong>k</strong> for this letter combination</p>","","","familiarity","","d","","true","QRBJ","CPJS",""
"1905","d","html-keyboard-response","783","3109015","0.0-27.0-0.3","697caee42ccb58f80bd052aa","69d7901e3430d13455efb336","69e637f6e1080e5e646a477f","<p style=""font-size: 30px"">&emsp;</p><br><p style=""font-size: 60px; font-family: FragmentMono"">KUQVM&emsp;&emsp;&emsp;&emsp;CTSBI<p style=""font-size: 15px"">Press <strong>d</strong> for this letter combination&emsp;&emsp;&emsp;&emsp;&emsp;&emsp;&emsp;&emsp;&emsp;&emsp;Press <strong>k</strong> for this letter combination</p>","","","familiarity","","d","","true","KUQVM","CTSBI",""
"1330","k","html-keyboard-response","784","3110346","0.0-27.0-0.4","697caee42ccb58f80bd052aa","69d7901e3430d13455efb336","69e637f6e1080e5e646a477f","<p style=""font-size: 30px"">&emsp;</p><br><p style=""font-size: 60px; font-family: FragmentMono"">MSYC&emsp;&emsp;&emsp;&emsp;SBRC<p style=""font-size: 15px"">Press <strong>d</strong> for this letter combination&emsp;&emsp;&emsp;&emsp;&emsp;&emsp;&emsp;&emsp;&emsp;&emsp;Press <strong>k</strong> for this letter combination</p>","","","familiarity","","k","","true","SBRC","MSYC",""
"5750","d","html-keyboard-response","785","3116097","0.0-27.0-0.5","697caee42ccb58f80bd052aa","69d7901e3430d13455efb336","69e637f6e1080e5e646a477f","<p style=""font-size: 30px"">&emsp;</p><br><p style=""font-size: 60px; font-family: FragmentMono"">ZFUA&emsp;&emsp;&emsp;&emsp;TGPV<p style=""font-size: 15px"">Press <strong>d</strong> for this letter combination&emsp;&emsp;&emsp;&emsp;&emsp;&emsp;&emsp;&emsp;&emsp;&emsp;Press <strong>k</strong> for this letter combination</p>","","","familiarity","","k","","false","TGPV","ZFUA",""
"1493","k","html-keyboard-response","786","3117591","0.0-27.0-0.6","697caee42ccb58f80bd052aa","69d7901e3430d13455efb336","69e637f6e1080e5e646a477f","<p style=""font-size: 30px"">&emsp;</p><br><p style=""font-size: 60px; font-family: FragmentMono"">BNPNC&emsp;&emsp;&emsp;&emsp;NAPYQ<p style=""font-size: 15px"">Press <strong>d</strong> for this letter combination&emsp;&emsp;&emsp;&emsp;&emsp;&emsp;&emsp;&emsp;&emsp;&emsp;Press <strong>k</strong> for this letter combination</p>","","","familiarity","","k","","true","NAPYQ","BNPNC",""
"4213","k","html-keyboard-response","787","3121805","0.0-27.0-0.7","697caee42ccb58f80bd052aa","69d7901e3430d13455efb336","69e637f6e1080e5e646a477f","<p style=""font-size: 30px"">&emsp;</p><br><p style=""font-size: 60px; font-family: FragmentMono"">VEWG&emsp;&emsp;&emsp;&emsp;QZBP<p style=""font-size: 15px"">Press <strong>d</strong> for this letter combination&emsp;&emsp;&emsp;&emsp;&emsp;&emsp;&emsp;&emsp;&emsp;&emsp;Press <strong>k</strong> for this letter combination</p>","","","familiarity","","d","","false","VEWG","QZBP",""
"4286","d","html-keyboard-response","788","3126092","0.0-27.0-0.8","697caee42ccb58f80bd052aa","69d7901e3430d13455efb336","69e637f6e1080e5e646a477f","<p style=""font-size: 30px"">&emsp;</p><br><p style=""font-size: 60px; font-family: FragmentMono"">CYFT&emsp;&emsp;&emsp;&emsp;YWGO<p style=""font-size: 15px"">Press <strong>d</strong> for this letter combination&emsp;&emsp;&emsp;&emsp;&emsp;&emsp;&emsp;&emsp;&emsp;&emsp;Press <strong>k</strong> for this letter combination</p>","","","familiarity","","d","","true","CYFT","YWGO",""
"3141","d","html-keyboard-response","789","3129234","0.0-27.0-0.9","697caee42ccb58f80bd052aa","69d7901e3430d13455efb336","69e637f6e1080e5e646a477f","<p style=""font-size: 30px"">&emsp;</p><br><p style=""font-size: 60px; font-family: FragmentMono"">OKDV&emsp;&emsp;&emsp;&emsp;QKSP<p style=""font-size: 15px"">Press <strong>d</strong> for this letter combination&emsp;&emsp;&emsp;&emsp;&emsp;&emsp;&emsp;&emsp;&emsp;&emsp;Press <strong>k</strong> for this letter combination</p>","","","familiarity","","d","","true","OKDV","QKSP",""
"1386","d","html-keyboard-response","790","3130621","0.0-27.0-0.10","697caee42ccb58f80bd052aa","69d7901e3430d13455efb336","69e637f6e1080e5e646a477f","<p style=""font-size: 30px"">&emsp;</p><br><p style=""font-size: 60px; font-family: FragmentMono"">HUVWU&emsp;&emsp;&emsp;&emsp;IDCMU<p style=""font-size: 15px"">Press <strong>d</strong> for this letter combination&emsp;&emsp;&emsp;&emsp;&emsp;&emsp;&emsp;&emsp;&emsp;&emsp;Press <strong>k</strong> for this letter combination</p>","","","familiarity","","d","","true","HUVWU","IDCMU",""
"1124","k","html-keyboard-response","791","3131746","0.0-27.0-0.11","697caee42ccb58f80bd052aa","69d7901e3430d13455efb336","69e637f6e1080e5e646a477f","<p style=""font-size: 30px"">&emsp;</p><br><p style=""font-size: 60px; font-family: FragmentMono"">BZBJS&emsp;&emsp;&emsp;&emsp;HTZXD<p style=""font-size: 15px"">Press <strong>d</strong> for this letter combination&emsp;&emsp;&emsp;&emsp;&emsp;&emsp;&emsp;&emsp;&emsp;&emsp;Press <strong>k</strong> for this letter combination</p>","","","familiarity","","k","","true","HTZXD","BZBJS",""
"840","d","html-keyboard-response","792","3132587","0.0-27.0-0.12","697caee42ccb58f80bd052aa","69d7901e3430d13455efb336","69e637f6e1080e5e646a477f","<p style=""font-size: 30px"">&emsp;</p><br><p style=""font-size: 60px; font-family: FragmentMono"">EXDT&emsp;&emsp;&emsp;&emsp;GBMY<p style=""font-size: 15px"">Press <strong>d</strong> for this letter combination&emsp;&emsp;&emsp;&emsp;&emsp;&emsp;&emsp;&emsp;&emsp;&emsp;Press <strong>k</strong> for this letter combination</p>","","","familiarity","","d","","true","EXDT","GBMY",""
"2739","k","html-keyboard-response","793","3135328","0.0-27.0-0.13","697caee42ccb58f80bd052aa","69d7901e3430d13455efb336","69e637f6e1080e5e646a477f","<p style=""font-size: 30px"">&emsp;</p><br><p style=""font-size: 60px; font-family: FragmentMono"">HIK&emsp;&emsp;&emsp;&emsp;KYV<p style=""font-size: 15px"">Press <strong>d</strong> for this letter combination&emsp;&emsp;&emsp;&emsp;&emsp;&emsp;&emsp;&emsp;&emsp;&emsp;Press <strong>k</strong> for this letter combination</p>","","","familiarity","","d","","false","HIK","KYV",""
"1772","k","html-keyboard-response","794","3137101","0.0-27.0-0.14","697caee42ccb58f80bd052aa","69d7901e3430d13455efb336","69e637f6e1080e5e646a477f","<p style=""font-size: 30px"">&emsp;</p><br><p style=""font-size: 60px; font-family: FragmentMono"">UMGW&emsp;&emsp;&emsp;&emsp;UWNP<p style=""font-size: 15px"">Press <strong>d</strong> for this letter combination&emsp;&emsp;&emsp;&emsp;&emsp;&emsp;&emsp;&emsp;&emsp;&emsp;Press <strong>k</strong> for this letter combination</p>","","","familiarity","","k","","true","UWNP","UMGW",""
"1132","d","html-keyboard-response","795","3138234","0.0-27.0-0.15","697caee42ccb58f80bd052aa","69d7901e3430d13455efb336","69e637f6e1080e5e646a477f","<p style=""font-size: 30px"">&emsp;</p><br><p style=""font-size: 60px; font-family: FragmentMono"">LRYW&emsp;&emsp;&emsp;&emsp;KYNY<p style=""font-size: 15px"">Press <strong>d</strong> for this letter combination&emsp;&emsp;&emsp;&emsp;&emsp;&emsp;&emsp;&emsp;&emsp;&emsp;Press <strong>k</strong> for this letter combination</p>","","","familiarity","","d","","true","LRYW","KYNY",""
"2200","k","html-keyboard-response","796","3140436","0.0-27.0-0.16","697caee42ccb58f80bd052aa","69d7901e3430d13455efb336","69e637f6e1080e5e646a477f","<p style=""font-size: 30px"">&emsp;</p><br><p style=""font-size: 60px; font-family: FragmentMono"">DXLI&emsp;&emsp;&emsp;&emsp;UBSU<p style=""font-size: 15px"">Press <strong>d</strong> for this letter combination&emsp;&emsp;&emsp;&emsp;&emsp;&emsp;&emsp;&emsp;&emsp;&emsp;Press <strong>k</strong> for this letter combination</p>","","","familiarity","","k","","true","UBSU","DXLI",""
"1586","d","html-keyboard-response","797","3142023","0.0-27.0-0.17","697caee42ccb58f80bd052aa","69d7901e3430d13455efb336","69e637f6e1080e5e646a477f","<p style=""font-size: 30px"">&emsp;</p><br><p style=""font-size: 60px; font-family: FragmentMono"">ERBYX&emsp;&emsp;&emsp;&emsp;STCKM<p style=""font-size: 15px"">Press <strong>d</strong> for this letter combination&emsp;&emsp;&emsp;&emsp;&emsp;&emsp;&emsp;&emsp;&emsp;&emsp;Press <strong>k</strong> for this letter combination</p>","","","familiarity","","d","","true","ERBYX","STCKM",""
"2210","d","html-keyboard-response","798","3144234","0.0-27.0-0.18","697caee42ccb58f80bd052aa","69d7901e3430d13455efb336","69e637f6e1080e5e646a477f","<p style=""font-size: 30px"">&emsp;</p><br><p style=""font-size: 60px; font-family: FragmentMono"">VXB&emsp;&emsp;&emsp;&emsp;KSL<p style=""font-size: 15px"">Press <strong>d</strong> for this letter combination&emsp;&emsp;&emsp;&emsp;&emsp;&emsp;&emsp;&emsp;&emsp;&emsp;Press <strong>k</strong> for this letter combination</p>","","","familiarity","","d","","true","VXB","KSL",""
"2590","k","html-keyboard-response","799","3146825","0.0-27.0-0.19","697caee42ccb58f80bd052aa","69d7901e3430d13455efb336","69e637f6e1080e5e646a477f","<p style=""font-size: 30px"">&emsp;</p><br><p style=""font-size: 60px; font-family: FragmentMono"">SVN&emsp;&emsp;&emsp;&emsp;LSF<p style=""font-size: 15px"">Press <strong>d</strong> for this letter combination&emsp;&emsp;&emsp;&emsp;&emsp;&emsp;&emsp;&emsp;&emsp;&emsp;Press <strong>k</strong> for this letter combination</p>","","","familiarity","","d","","false","SVN","LSF",""
"1658","k","html-keyboard-response","800","3148485","0.0-27.0-0.20","697caee42ccb58f80bd052aa","69d7901e3430d13455efb336","69e637f6e1080e5e646a477f","<p style=""font-size: 30px"">&emsp;</p><br><p style=""font-size: 60px; font-family: FragmentMono"">MVIVI&emsp;&emsp;&emsp;&emsp;EZSJI<p style=""font-size: 15px"">Press <strong>d</strong> for this letter combination&emsp;&emsp;&emsp;&emsp;&emsp;&emsp;&emsp;&emsp;&emsp;&emsp;Press <strong>k</strong> for this letter combination</p>","","","familiarity","","k","","true","EZSJI","MVIVI",""
"5839","k","html-keyboard-response","801","3154325","0.0-27.0-0.21","697caee42ccb58f80bd052aa","69d7901e3430d13455efb336","69e637f6e1080e5e646a477f","<p style=""font-size: 30px"">&emsp;</p><br><p style=""font-size: 60px; font-family: FragmentMono"">YUFA&emsp;&emsp;&emsp;&emsp;XZQF<p style=""font-size: 15px"">Press <strong>d</strong> for this letter combination&emsp;&emsp;&emsp;&emsp;&emsp;&emsp;&emsp;&emsp;&emsp;&emsp;Press <strong>k</strong> for this letter combination</p>","","","familiarity","","d","","false","YUFA","XZQF",""
"1276","d","html-keyboard-response","802","3155602","0.0-27.0-0.22","697caee42ccb58f80bd052aa","69d7901e3430d13455efb336","69e637f6e1080e5e646a477f","<p style=""font-size: 30px"">&emsp;</p><br><p style=""font-size: 60px; font-family: FragmentMono"">TNKDO&emsp;&emsp;&emsp;&emsp;APQHT<p style=""font-size: 15px"">Press <strong>d</strong> for this letter combination&emsp;&emsp;&emsp;&emsp;&emsp;&emsp;&emsp;&emsp;&emsp;&emsp;Press <strong>k</strong> for this letter combination</p>","","","familiarity","","d","","true","TNKDO","APQHT",""
"1613","k","html-keyboard-response","803","3157216","0.0-27.0-0.23","697caee42ccb58f80bd052aa","69d7901e3430d13455efb336","69e637f6e1080e5e646a477f","<p style=""font-size: 30px"">&emsp;</p><br><p style=""font-size: 60px; font-family: FragmentMono"">VPKWH&emsp;&emsp;&emsp;&emsp;UWXVL<p style=""font-size: 15px"">Press <strong>d</strong> for this letter combination&emsp;&emsp;&emsp;&emsp;&emsp;&emsp;&emsp;&emsp;&emsp;&emsp;Press <strong>k</strong> for this letter combination</p>","","","familiarity","","k","","true","UWXVL","VPKWH",""
"1614","k","html-keyboard-response","804","3158830","0.0-27.0-0.24","697caee42ccb58f80bd052aa","69d7901e3430d13455efb336","69e637f6e1080e5e646a477f","<p style=""font-size: 30px"">&emsp;</p><br><p style=""font-size: 60px; font-family: FragmentMono"">BABT&emsp;&emsp;&emsp;&emsp;BWGO<p style=""font-size: 15px"">Press <strong>d</strong> for this letter combination&emsp;&emsp;&emsp;&emsp;&emsp;&emsp;&emsp;&emsp;&emsp;&emsp;Press <strong>k</strong> for this letter combination</p>","","","familiarity","","k","","true","BWGO","BABT",""
"2232","d","html-keyboard-response","805","3161063","0.0-27.0-0.25","697caee42ccb58f80bd052aa","69d7901e3430d13455efb336","69e637f6e1080e5e646a477f","<p style=""font-size: 30px"">&emsp;</p><br><p style=""font-size: 60px; font-family: FragmentMono"">XUFE&emsp;&emsp;&emsp;&emsp;ZDOZ<p style=""font-size: 15px"">Press <strong>d</strong> for this letter combination&emsp;&emsp;&emsp;&emsp;&emsp;&emsp;&emsp;&emsp;&emsp;&emsp;Press <strong>k</strong> for this letter combination</p>","","","familiarity","","d","","true","XUFE","ZDOZ",""
"2178","d","html-keyboard-response","806","3163243","0.0-27.0-0.26","697caee42ccb58f80bd052aa","69d7901e3430d13455efb336","69e637f6e1080e5e646a477f","<p style=""font-size: 30px"">&emsp;</p><br><p style=""font-size: 60px; font-family: FragmentMono"">GQFHX&emsp;&emsp;&emsp;&emsp;UNYZC<p style=""font-size: 15px"">Press <strong>d</strong> for this letter combination&emsp;&emsp;&emsp;&emsp;&emsp;&emsp;&emsp;&emsp;&emsp;&emsp;Press <strong>k</strong> for this letter combination</p>","","","familiarity","","d","","true","GQFHX","UNYZC",""
"1731","k","html-keyboard-response","807","3164975","0.0-27.0-0.27","697caee42ccb58f80bd052aa","69d7901e3430d13455efb336","69e637f6e1080e5e646a477f","<p style=""font-size: 30px"">&emsp;</p><br><p style=""font-size: 60px; font-family: FragmentMono"">XQXQF&emsp;&emsp;&emsp;&emsp;VUWYK<p style=""font-size: 15px"">Press <strong>d</strong> for this letter combination&emsp;&emsp;&emsp;&emsp;&emsp;&emsp;&emsp;&emsp;&emsp;&emsp;Press <strong>k</strong> for this letter combination</p>","","","familiarity","","k","","true","VUWYK","XQXQF",""
"1297","k","html-keyboard-response","808","3166272","0.0-27.0-0.28","697caee42ccb58f80bd052aa","69d7901e3430d13455efb336","69e637f6e1080e5e646a477f","<p style=""font-size: 30px"">&emsp;</p><br><p style=""font-size: 60px; font-family: FragmentMono"">IDEUB&emsp;&emsp;&emsp;&emsp;OTJMU<p style=""font-size: 15px"">Press <strong>d</strong> for this letter combination&emsp;&emsp;&emsp;&emsp;&emsp;&emsp;&emsp;&emsp;&emsp;&emsp;Press <strong>k</strong> for this letter combination</p>","","","familiarity","","k","","true","OTJMU","IDEUB",""
"2981","k","html-keyboard-response","809","3169255","0.0-27.0-0.29","697caee42ccb58f80bd052aa","69d7901e3430d13455efb336","69e637f6e1080e5e646a477f","<p style=""font-size: 30px"">&emsp;</p><br><p style=""font-size: 60px; font-family: FragmentMono"">VCEG&emsp;&emsp;&emsp;&emsp;XGNE<p style=""font-size: 15px"">Press <strong>d</strong> for this letter combination&emsp;&emsp;&emsp;&emsp;&emsp;&emsp;&emsp;&emsp;&emsp;&emsp;Press <strong>k</strong> for this letter combination</p>","","","familiarity","","d","","false","VCEG","XGNE",""
"19258"," ","html-keyboard-response","810","3188513","0.0-28.0","697caee42ccb58f80bd052aa","69d7901e3430d13455efb336","69e637f6e1080e5e646a477f","<p style=""font-size: 30px"">Thank you for your help deciphering these alien communications! In this final part, we'd like you to answer the following questions on your history, use, proficiency, and attitudes towards your own languages.</p>
      <p style=""font-size: 30px"">The questionnaire contains 19 questions and will take only 10 minutes. Please answer every question honestly: this way we'll be able to guarantee a good outcome for this experiment.</p>
      <p style=""font-size: 30px"">Press the spacebar to begin.</p>","","","","","","","","","",""
"60941","{""Age"":""25"",""Gender"":""Woman"",""Education"":""Masters"",""L1"":""Nepali"",""L2"":""English"",""L3"":""Hindi"",""L4"":""Bengali"",""otherLs"":""Korean""}","survey-html-form","811","3249457","0.0-29.0","697caee42ccb58f80bd052aa","69d7901e3430d13455efb336","69e637f6e1080e5e646a477f","","","","","","","","","","","bio_info"
"305388","{""AoAL1"":""0"",""AoAL2"":""2"",""AoAL3"":""4"",""AoAL4"":""10"",""AoEaseL1"":""0"",""AoEaseL2"":""4"",""AoEaseL3"":""6"",""AoEaseL4"":""19"",""yearsEduL1"":""0"",""yearsEduL2"":""20+"",""yearsEduL3"":""17"",""yearsEduL4"":""4"",""yearsCountryL1"":""20+"",""yearsCountryL2"":""20+"",""yearsCountryL3"":""20+"",""yearsCountryL4"":""20+"",""yearsFamilyL1"":""20+"",""yearsFamilyL2"":""20+"",""yearsFamilyL3"":""20+"",""yearsFamilyL4"":""7"",""yearsWorkL1"":""0"",""yearsWorkL2"":""3"",""yearsWorkL3"":""3"",""yearsWorkL4"":""3""}","survey-html-form","812","3554900","0.0-30.0","697caee42ccb58f80bd052aa","69d7901e3430d13455efb336","69e637f6e1080e5e646a477f","","","","","","","","","","","history_info"
"239764","{""PercFriendsL1"":""20"",""PercFriendsL2"":""70"",""PercFriendsL3"":""10"",""PercFriendsL4"":""0"",""PercFamilyL1"":""70"",""PercFamilyL2"":""30"",""PercFamilyL3"":""0"",""PercFamilyL4"":""0"",""PercWorkL1"":""0"",""PercWorkL2"":""90"",""PercWorkL3"":""10"",""PercWorkL4"":""0"",""PercSelfL1"":""20"",""PercSelfL2"":""80"",""PercSelfL3"":""0"",""PercSelfL4"":""0"",""PercCountL1"":""10"",""PercCountL2"":""90"",""PercCountL3"":""0"",""PercCountL4"":""0""}","survey-html-form","813","3794686","0.0-31.0-0.0-0.0","697caee42ccb58f80bd052aa","69d7901e3430d13455efb336","69e637f6e1080e5e646a477f","","","","","","","","","","","use_info"
"54119","{""ProfSpeakL1"":""6"",""ProfSpeakL2"":""6"",""ProfSpeakL3"":""6"",""ProfSpeakL4"":""4"",""ProfUnderstandL1"":""6"",""ProfUnderstandL2"":""6"",""ProfUnderstandL3"":""6"",""ProfUnderstandL4"":""5"",""ProfReadL1"":""6"",""ProfReadL2"":""6"",""ProfReadL3"":""6"",""ProfReadL4"":""4"",""AttentionL1"":""2"",""AttentionL2"":""2"",""AttentionL3"":""2"",""AttentionL4"":""2"",""ProfWriteL1"":""6"",""ProfWriteL2"":""6"",""ProfWriteL3"":""6"",""ProfWriteL4"":""3""}","survey-html-form","814","3848824","0.0-32.0","697caee42ccb58f80bd052aa","69d7901e3430d13455efb336","69e637f6e1080e5e646a477f","","","","","","","","","","","proficiency_info"
"107540","{""AttSelfL1"":""5"",""AttSelfL2"":""6"",""AttSelfL3"":""4"",""AttSelfL4"":""2"",""AttCultureL1"":""6"",""AttCultureL2"":""0"",""AttCultureL3"":""0"",""AttCultureL4"":""0"",""AttNativeLevelL1"":""6"",""AttNativeLevelL2"":""6"",""AttNativeLevelL3"":""6"",""AttNativeLevelL4"":""4"",""AttMothertongueL1"":""6"",""AttMothertongueL2"":""6"",""AttMothertongueL3"":""6"",""AttMothertongueL4"":""1""}","survey-html-form","815","3956379","0.0-33.0","697caee42ccb58f80bd052aa","69d7901e3430d13455efb336","69e637f6e1080e5e646a477f","","","","","","","","","","","attitudes_info"
"17893"," ","html-keyboard-response","816","3974274","0.0-34.0","697caee42ccb58f80bd052aa","69d7901e3430d13455efb336","69e637f6e1080e5e646a477f","<p style=""font-size: 30px""><u>Goal of the study:</u> This experiment intends to test if people with more experience with more languages are more capable of unconsciously processing statistical information of new words. The alien words you saw at the beginning of the study belonged to two different languages, and this difference was displayed in how word parts were assembled together. Thank you for your participation!</p>
      <p style=""font-size: 30px"">Data upload will take a few seconds. Please wait briefly, then you will be redirected to Prolific with your completion code. Press any key now to do so.</p>","","","","","","","","","",""
