"rt","response","trial_type","trial_index","time_elapsed","internal_node_id","subject_id","study_id","session_id","stimulus","question_order","success","task","item","correct_response","testing_condition","correct","target","confound","name"
"6805","{""ID"":""697a79efb4f34a8176d66d2b""}","survey-html-form","0","6807","0.0-0.0","697a79efb4f34a8176d66d2b","69d7901e3430d13455efb336","69e8e574478f22ea99f7eb3f","","","","","","","","","","",""
"10384"," ","html-keyboard-response","1","17192","0.0-1.0","697a79efb4f34a8176d66d2b","69d7901e3430d13455efb336","69e8e574478f22ea99f7eb3f","<p style=""font-size: 30px;"">Before beginning, we ask that you read the consent information and confirm your agreement to participate in the experiment.</p>
      <p style=""font-size: 30px;""> We ask that you remember that this is a research project and that your participation is entirely voluntary. You can stop your participation at any time, without needing to provide any explanation. The study we're asking you to participate in aims at examining how readers process written words. You will be engaged in a session of apprximately 25-30 minutes, followed by a brief questionnaire. You will have the opportunity to take a few breaks during the experiment. You will be paid £4 for your participation, corresponding to a rate of £8/hour. While this experiment looks at cognitive faculties, this experiment doesn't constitute clinical proof of eventual pathologies.</p>
      <p style=""font-size: 30px;"">All of the information collected thanks to yours and others' participation will be held in a secure password-protected server, and will not be shared with anyone not authorised to view it. Your personal information will be kept with an arbitrary participant ID. Thanks to this data anonymity process, any researcher analysing the data won't be able to track the information back to a specific participant. Therefore, this process will make identifying you impossibile, even when results from the study will be published in scientific reviews, presented at congresses, or at any other public forum. More generally, the collected data will be treated in accordance with the laws on privacy and conformity to the Legislative Degree n. 196 ""Code regarding the protection of personal data"" of the 30th of June 2003 and to the European Regulation 2016/670 (General Data Protection Regulation - GDPR). The Data Protection Officer is Avv. Valentina Carollo, who can be contacted at the following email addresses: <a href=""mailto:dpo@sissa.it"">dpo@sissa.it</a> or <a href=""mailto:rpd@sissa.it"">rpd@sissa.it</a> - PEC: <a href=""mailto:protocollo@pec.sissa.it"">protocollo@pec.sissa.it</a>.</p>
      <p style=""font-size: 30px;""> Before expressing your consent to participate, we would like to remind you again that in case you need explanations on any aspect of the experimental procedure, the researcher is at your disposition (<a href=""mailto:aliebelt@sissa.it"">aliebelt@sissa.it</a>, <a href=""mailto:davide.crepaldi@sissa.it"">davide.crepaldi@sissa.it</a>). Please feel free to contact the researcher through the Messaging feature on Prolific if you have any questions or issues.</p>
      <p style=""font-size: 30px;"">If you would like to download the informed consent form, you can do so here: <a href=""BASL-Informed_Consent.pdf"" download>informed consent form</a>.</p>
      <p style=""font-size: 30px;"">We ask that you press the spacebar to proceed to the consent section.</p>","","","","","","","","","",""
"16885","{""consent1"":""YES"",""consent2"":""YES"",""consent3"":""YES"",""consent4"":""YES"",""consent5"":""YES"",""consent6"":""YES""}","survey-html-form","2","34078","0.0-2.0","697a79efb4f34a8176d66d2b","69d7901e3430d13455efb336","69e8e574478f22ea99f7eb3f","","","","","","","","","","",""
"660800","{""Languages"":[""English"",""Portuguese"",""Spanish""]}","survey-multi-select","3","694906","0.0-3.0-0.0","697a79efb4f34a8176d66d2b","69d7901e3430d13455efb336","69e8e574478f22ea99f7eb3f","","[0]","","","","","","","","",""
"2065","","fullscreen","4","697974","0.0-4.0","697a79efb4f34a8176d66d2b","69d7901e3430d13455efb336","69e8e574478f22ea99f7eb3f","","","true","","","","","","","",""
"18813"," ","html-keyboard-response","5","716787","0.0-5.0","697a79efb4f34a8176d66d2b","69d7901e3430d13455efb336","69e8e574478f22ea99f7eb3f","<p style=""font-size: 30px"">Welcome, and thank you very much for your time!</p>
      <p style=""font-size: 30px"">In this experiment, you'll be a language expert who's been asked to take a look at words that Earth has received in its first communication with aliens. Your task, in this first part of the experiment, is to pay close attention to the words you'll be shown; later, world leaders will ask you questions on what you saw. The words will be shown to you quite quickly; it seems that the aliens were in a hurry :-)</p>
      <p style=""font-size: 30px"">Press the spacebar to continue.<p>","","","","","","","","","",""
"null","null","html-keyboard-response","6","716791","0.0-6.0","697a79efb4f34a8176d66d2b","69d7901e3430d13455efb336","69e8e574478f22ea99f7eb3f","<p style=""font-size: 1px; font-family: FragmentMono""> x </p>","","","","","","","","","",""
"null","null","html-keyboard-response","7","717804","0.0-7.0-0.0","697a79efb4f34a8176d66d2b","69d7901e3430d13455efb336","69e8e574478f22ea99f7eb3f","<p style=""font-size: 60px; font-family: FragmentMono"">PKCBHPBKN</p>","","","training","","","","","","",""
"null","null","html-keyboard-response","8","718819","0.0-7.0-0.1","697a79efb4f34a8176d66d2b","69d7901e3430d13455efb336","69e8e574478f22ea99f7eb3f","<p style=""font-size: 60px; font-family: FragmentMono"">HECNWTPK</p>","","","training","","","","","","",""
"null","null","html-keyboard-response","9","719835","0.0-7.0-0.2","697a79efb4f34a8176d66d2b","69d7901e3430d13455efb336","69e8e574478f22ea99f7eb3f","<p style=""font-size: 60px; font-family: FragmentMono"">PKCBHJWTI</p>","","","training","","","","","","",""
"null","null","html-keyboard-response","10","720851","0.0-7.0-0.3","697a79efb4f34a8176d66d2b","69d7901e3430d13455efb336","69e8e574478f22ea99f7eb3f","<p style=""font-size: 60px; font-family: FragmentMono"">HSTDKEYLH</p>","","","training","","","","","","",""
"null","null","html-keyboard-response","11","721860","0.0-7.0-0.4","697a79efb4f34a8176d66d2b","69d7901e3430d13455efb336","69e8e574478f22ea99f7eb3f","<p style=""font-size: 60px; font-family: FragmentMono"">UBSUXILS</p>","","","training","","","","","","",""
"null","null","html-keyboard-response","12","722873","0.0-7.0-0.5","697a79efb4f34a8176d66d2b","69d7901e3430d13455efb336","69e8e574478f22ea99f7eb3f","<p style=""font-size: 60px; font-family: FragmentMono"">EKYAOVWLD</p>","","","training","","","","","","",""
"null","null","html-keyboard-response","13","723885","0.0-7.0-0.6","697a79efb4f34a8176d66d2b","69d7901e3430d13455efb336","69e8e574478f22ea99f7eb3f","<p style=""font-size: 60px; font-family: FragmentMono"">BWVFPBKN</p>","","","training","","","","","","",""
"null","null","html-keyboard-response","14","724898","0.0-7.0-0.7","697a79efb4f34a8176d66d2b","69d7901e3430d13455efb336","69e8e574478f22ea99f7eb3f","<p style=""font-size: 60px; font-family: FragmentMono"">UBSUJWTI</p>","","","training","","","","","","",""
"null","null","html-keyboard-response","15","725914","0.0-7.0-0.8","697a79efb4f34a8176d66d2b","69d7901e3430d13455efb336","69e8e574478f22ea99f7eb3f","<p style=""font-size: 60px; font-family: FragmentMono"">HECNWVEWG</p>","","","training","","","","","","",""
"null","null","html-keyboard-response","16","726916","0.0-7.0-0.9","697a79efb4f34a8176d66d2b","69d7901e3430d13455efb336","69e8e574478f22ea99f7eb3f","<p style=""font-size: 60px; font-family: FragmentMono"">ESDZQEYLH</p>","","","training","","","","","","",""
"null","null","html-keyboard-response","17","727918","0.0-7.0-0.10","697a79efb4f34a8176d66d2b","69d7901e3430d13455efb336","69e8e574478f22ea99f7eb3f","<p style=""font-size: 60px; font-family: FragmentMono"">HSTDKJWTI</p>","","","training","","","","","","",""
"null","null","html-keyboard-response","18","728932","0.0-7.0-0.11","697a79efb4f34a8176d66d2b","69d7901e3430d13455efb336","69e8e574478f22ea99f7eb3f","<p style=""font-size: 60px; font-family: FragmentMono"">BWVFXILS</p>","","","training","","","","","","",""
"null","null","html-keyboard-response","19","729943","0.0-7.0-0.12","697a79efb4f34a8176d66d2b","69d7901e3430d13455efb336","69e8e574478f22ea99f7eb3f","<p style=""font-size: 60px; font-family: FragmentMono"">DNHQMHIK</p>","","","training","","","","","","",""
"null","null","html-keyboard-response","20","730944","0.0-7.0-0.13","697a79efb4f34a8176d66d2b","69d7901e3430d13455efb336","69e8e574478f22ea99f7eb3f","<p style=""font-size: 60px; font-family: FragmentMono"">WMBWYVN</p>","","","training","","","","","","",""
"null","null","html-keyboard-response","21","731948","0.0-7.0-0.14","697a79efb4f34a8176d66d2b","69d7901e3430d13455efb336","69e8e574478f22ea99f7eb3f","<p style=""font-size: 60px; font-family: FragmentMono"">ESDZQDBM</p>","","","training","","","","","","",""
"null","null","html-keyboard-response","22","732952","0.0-7.0-0.15","697a79efb4f34a8176d66d2b","69d7901e3430d13455efb336","69e8e574478f22ea99f7eb3f","<p style=""font-size: 60px; font-family: FragmentMono"">RWEQMHIK</p>","","","training","","","","","","",""
"null","null","html-keyboard-response","23","733961","0.0-7.0-0.16","697a79efb4f34a8176d66d2b","69d7901e3430d13455efb336","69e8e574478f22ea99f7eb3f","<p style=""font-size: 60px; font-family: FragmentMono"">PKCBHXILS</p>","","","training","","","","","","",""
"null","null","html-keyboard-response","24","734973","0.0-7.0-0.17","697a79efb4f34a8176d66d2b","69d7901e3430d13455efb336","69e8e574478f22ea99f7eb3f","<p style=""font-size: 60px; font-family: FragmentMono"">DNHQMVEWG</p>","","","training","","","","","","",""
"null","null","html-keyboard-response","25","735988","0.0-7.0-0.18","697a79efb4f34a8176d66d2b","69d7901e3430d13455efb336","69e8e574478f22ea99f7eb3f","<p style=""font-size: 60px; font-family: FragmentMono"">WMBWVWLD</p>","","","training","","","","","","",""
"null","null","html-keyboard-response","26","736988","0.0-7.0-0.19","697a79efb4f34a8176d66d2b","69d7901e3430d13455efb336","69e8e574478f22ea99f7eb3f","<p style=""font-size: 60px; font-family: FragmentMono"">IMJRFEYLH</p>","","","training","","","","","","",""
"null","null","html-keyboard-response","27","738004","0.0-7.0-0.20","697a79efb4f34a8176d66d2b","69d7901e3430d13455efb336","69e8e574478f22ea99f7eb3f","<p style=""font-size: 60px; font-family: FragmentMono"">GHRJQXILS</p>","","","training","","","","","","",""
"null","null","html-keyboard-response","28","739006","0.0-7.0-0.21","697a79efb4f34a8176d66d2b","69d7901e3430d13455efb336","69e8e574478f22ea99f7eb3f","<p style=""font-size: 60px; font-family: FragmentMono"">THVXZYVN</p>","","","training","","","","","","",""
"null","null","html-keyboard-response","29","740008","0.0-7.0-0.22","697a79efb4f34a8176d66d2b","69d7901e3430d13455efb336","69e8e574478f22ea99f7eb3f","<p style=""font-size: 60px; font-family: FragmentMono"">TREHDBM</p>","","","training","","","","","","",""
"null","null","html-keyboard-response","30","741018","0.0-7.0-0.23","697a79efb4f34a8176d66d2b","69d7901e3430d13455efb336","69e8e574478f22ea99f7eb3f","<p style=""font-size: 60px; font-family: FragmentMono"">TEKUEYLH</p>","","","training","","","","","","",""
"null","null","html-keyboard-response","31","742033","0.0-7.0-0.24","697a79efb4f34a8176d66d2b","69d7901e3430d13455efb336","69e8e574478f22ea99f7eb3f","<p style=""font-size: 60px; font-family: FragmentMono"">EKYAOTPK</p>","","","training","","","","","","",""
"null","null","html-keyboard-response","32","743053","0.0-7.0-0.25","697a79efb4f34a8176d66d2b","69d7901e3430d13455efb336","69e8e574478f22ea99f7eb3f","<p style=""font-size: 60px; font-family: FragmentMono"">HECNWHIK</p>","","","training","","","","","","",""
"null","null","html-keyboard-response","33","744066","0.0-7.0-0.26","697a79efb4f34a8176d66d2b","69d7901e3430d13455efb336","69e8e574478f22ea99f7eb3f","<p style=""font-size: 60px; font-family: FragmentMono"">HSTDKXILS</p>","","","training","","","","","","",""
"null","null","html-keyboard-response","34","745069","0.0-7.0-0.27","697a79efb4f34a8176d66d2b","69d7901e3430d13455efb336","69e8e574478f22ea99f7eb3f","<p style=""font-size: 60px; font-family: FragmentMono"">EZSJIYVN</p>","","","training","","","","","","",""
"null","null","html-keyboard-response","35","746085","0.0-7.0-0.28","697a79efb4f34a8176d66d2b","69d7901e3430d13455efb336","69e8e574478f22ea99f7eb3f","<p style=""font-size: 60px; font-family: FragmentMono"">BWVFJWTI</p>","","","training","","","","","","",""
"null","null","html-keyboard-response","36","747098","0.0-7.0-0.29","697a79efb4f34a8176d66d2b","69d7901e3430d13455efb336","69e8e574478f22ea99f7eb3f","<p style=""font-size: 60px; font-family: FragmentMono"">EZSJITPK</p>","","","training","","","","","","",""
"null","null","html-keyboard-response","37","748101","0.0-7.0-0.30","697a79efb4f34a8176d66d2b","69d7901e3430d13455efb336","69e8e574478f22ea99f7eb3f","<p style=""font-size: 60px; font-family: FragmentMono"">DNHQMVWLD</p>","","","training","","","","","","",""
"null","null","html-keyboard-response","38","749111","0.0-7.0-0.31","697a79efb4f34a8176d66d2b","69d7901e3430d13455efb336","69e8e574478f22ea99f7eb3f","<p style=""font-size: 60px; font-family: FragmentMono"">RWEQMVEWG</p>","","","training","","","","","","",""
"null","null","html-keyboard-response","39","750115","0.0-7.0-0.32","697a79efb4f34a8176d66d2b","69d7901e3430d13455efb336","69e8e574478f22ea99f7eb3f","<p style=""font-size: 60px; font-family: FragmentMono"">THVXZVWLD</p>","","","training","","","","","","",""
"null","null","html-keyboard-response","40","751124","0.0-7.0-0.33","697a79efb4f34a8176d66d2b","69d7901e3430d13455efb336","69e8e574478f22ea99f7eb3f","<p style=""font-size: 60px; font-family: FragmentMono"">SHXVKHIK</p>","","","training","","","","","","",""
"null","null","html-keyboard-response","41","752140","0.0-7.0-0.34","697a79efb4f34a8176d66d2b","69d7901e3430d13455efb336","69e8e574478f22ea99f7eb3f","<p style=""font-size: 60px; font-family: FragmentMono"">EZSJIVEWG</p>","","","training","","","","","","",""
"null","null","html-keyboard-response","42","753141","0.0-7.0-0.35","697a79efb4f34a8176d66d2b","69d7901e3430d13455efb336","69e8e574478f22ea99f7eb3f","<p style=""font-size: 60px; font-family: FragmentMono"">SHXVKVWLD</p>","","","training","","","","","","",""
"null","null","html-keyboard-response","43","754150","0.0-7.0-0.36","697a79efb4f34a8176d66d2b","69d7901e3430d13455efb336","69e8e574478f22ea99f7eb3f","<p style=""font-size: 60px; font-family: FragmentMono"">TREHPBKN</p>","","","training","","","","","","",""
"null","null","html-keyboard-response","44","755163","0.0-7.0-0.37","697a79efb4f34a8176d66d2b","69d7901e3430d13455efb336","69e8e574478f22ea99f7eb3f","<p style=""font-size: 60px; font-family: FragmentMono"">EDMKEYLH</p>","","","training","","","","","","",""
"null","null","html-keyboard-response","45","756178","0.0-7.0-0.38","697a79efb4f34a8176d66d2b","69d7901e3430d13455efb336","69e8e574478f22ea99f7eb3f","<p style=""font-size: 60px; font-family: FragmentMono"">SLHUOYVN</p>","","","training","","","","","","",""
"null","null","html-keyboard-response","46","757186","0.0-7.0-0.39","697a79efb4f34a8176d66d2b","69d7901e3430d13455efb336","69e8e574478f22ea99f7eb3f","<p style=""font-size: 60px; font-family: FragmentMono"">EDMKDBM</p>","","","training","","","","","","",""
"null","null","html-keyboard-response","47","758202","0.0-7.0-0.40","697a79efb4f34a8176d66d2b","69d7901e3430d13455efb336","69e8e574478f22ea99f7eb3f","<p style=""font-size: 60px; font-family: FragmentMono"">EKYAOYVN</p>","","","training","","","","","","",""
"null","null","html-keyboard-response","48","759203","0.0-7.0-0.41","697a79efb4f34a8176d66d2b","69d7901e3430d13455efb336","69e8e574478f22ea99f7eb3f","<p style=""font-size: 60px; font-family: FragmentMono"">SLHUOHIK</p>","","","training","","","","","","",""
"null","null","html-keyboard-response","49","760219","0.0-7.0-0.42","697a79efb4f34a8176d66d2b","69d7901e3430d13455efb336","69e8e574478f22ea99f7eb3f","<p style=""font-size: 60px; font-family: FragmentMono"">GHRJQJWTI</p>","","","training","","","","","","",""
"null","null","html-keyboard-response","50","761233","0.0-7.0-0.43","697a79efb4f34a8176d66d2b","69d7901e3430d13455efb336","69e8e574478f22ea99f7eb3f","<p style=""font-size: 60px; font-family: FragmentMono"">PVNDEHIK</p>","","","training","","","","","","",""
"null","null","html-keyboard-response","51","762233","0.0-7.0-0.44","697a79efb4f34a8176d66d2b","69d7901e3430d13455efb336","69e8e574478f22ea99f7eb3f","<p style=""font-size: 60px; font-family: FragmentMono"">TEKUDBM</p>","","","training","","","","","","",""
"null","null","html-keyboard-response","52","763234","0.0-7.0-0.45","697a79efb4f34a8176d66d2b","69d7901e3430d13455efb336","69e8e574478f22ea99f7eb3f","<p style=""font-size: 60px; font-family: FragmentMono"">EDMKPBKN</p>","","","training","","","","","","",""
"null","null","html-keyboard-response","53","764237","0.0-7.0-0.46","697a79efb4f34a8176d66d2b","69d7901e3430d13455efb336","69e8e574478f22ea99f7eb3f","<p style=""font-size: 60px; font-family: FragmentMono"">UBSUEYLH</p>","","","training","","","","","","",""
"null","null","html-keyboard-response","54","765247","0.0-7.0-0.47","697a79efb4f34a8176d66d2b","69d7901e3430d13455efb336","69e8e574478f22ea99f7eb3f","<p style=""font-size: 60px; font-family: FragmentMono"">THVXZVEWG</p>","","","training","","","","","","",""
"null","null","html-keyboard-response","55","766264","0.0-7.0-0.48","697a79efb4f34a8176d66d2b","69d7901e3430d13455efb336","69e8e574478f22ea99f7eb3f","<p style=""font-size: 60px; font-family: FragmentMono"">ESDZQJWTI</p>","","","training","","","","","","",""
"null","null","html-keyboard-response","56","767266","0.0-7.0-0.49","697a79efb4f34a8176d66d2b","69d7901e3430d13455efb336","69e8e574478f22ea99f7eb3f","<p style=""font-size: 60px; font-family: FragmentMono"">GHRJQEYLH</p>","","","training","","","","","","",""
"null","null","html-keyboard-response","57","768267","0.0-7.0-0.50","697a79efb4f34a8176d66d2b","69d7901e3430d13455efb336","69e8e574478f22ea99f7eb3f","<p style=""font-size: 60px; font-family: FragmentMono"">EZSJIHIK</p>","","","training","","","","","","",""
"null","null","html-keyboard-response","58","769278","0.0-7.0-0.51","697a79efb4f34a8176d66d2b","69d7901e3430d13455efb336","69e8e574478f22ea99f7eb3f","<p style=""font-size: 60px; font-family: FragmentMono"">IMJRFJWTI</p>","","","training","","","","","","",""
"null","null","html-keyboard-response","59","770286","0.0-7.0-0.52","697a79efb4f34a8176d66d2b","69d7901e3430d13455efb336","69e8e574478f22ea99f7eb3f","<p style=""font-size: 60px; font-family: FragmentMono"">WMBWVEWG</p>","","","training","","","","","","",""
"null","null","html-keyboard-response","60","771300","0.0-7.0-0.53","697a79efb4f34a8176d66d2b","69d7901e3430d13455efb336","69e8e574478f22ea99f7eb3f","<p style=""font-size: 60px; font-family: FragmentMono"">PVNDEVWLD</p>","","","training","","","","","","",""
"null","null","html-keyboard-response","61","772311","0.0-7.0-0.54","697a79efb4f34a8176d66d2b","69d7901e3430d13455efb336","69e8e574478f22ea99f7eb3f","<p style=""font-size: 60px; font-family: FragmentMono"">PKCBHEYLH</p>","","","training","","","","","","",""
"null","null","html-keyboard-response","62","773313","0.0-7.0-0.55","697a79efb4f34a8176d66d2b","69d7901e3430d13455efb336","69e8e574478f22ea99f7eb3f","<p style=""font-size: 60px; font-family: FragmentMono"">PVNDEVEWG</p>","","","training","","","","","","",""
"null","null","html-keyboard-response","63","774324","0.0-7.0-0.56","697a79efb4f34a8176d66d2b","69d7901e3430d13455efb336","69e8e574478f22ea99f7eb3f","<p style=""font-size: 60px; font-family: FragmentMono"">ESDZQPBKN</p>","","","training","","","","","","",""
"null","null","html-keyboard-response","64","775340","0.0-7.0-0.57","697a79efb4f34a8176d66d2b","69d7901e3430d13455efb336","69e8e574478f22ea99f7eb3f","<p style=""font-size: 60px; font-family: FragmentMono"">THVXZTPK</p>","","","training","","","","","","",""
"null","null","html-keyboard-response","65","776355","0.0-7.0-0.58","697a79efb4f34a8176d66d2b","69d7901e3430d13455efb336","69e8e574478f22ea99f7eb3f","<p style=""font-size: 60px; font-family: FragmentMono"">IMJRFPBKN</p>","","","training","","","","","","",""
"null","null","html-keyboard-response","66","777370","0.0-7.0-0.59","697a79efb4f34a8176d66d2b","69d7901e3430d13455efb336","69e8e574478f22ea99f7eb3f","<p style=""font-size: 60px; font-family: FragmentMono"">SLHUOVEWG</p>","","","training","","","","","","",""
"null","null","html-keyboard-response","67","778378","0.0-7.0-0.60","697a79efb4f34a8176d66d2b","69d7901e3430d13455efb336","69e8e574478f22ea99f7eb3f","<p style=""font-size: 60px; font-family: FragmentMono"">EKYAOHIK</p>","","","training","","","","","","",""
"null","null","html-keyboard-response","68","779392","0.0-7.0-0.61","697a79efb4f34a8176d66d2b","69d7901e3430d13455efb336","69e8e574478f22ea99f7eb3f","<p style=""font-size: 60px; font-family: FragmentMono"">IMJRFDBM</p>","","","training","","","","","","",""
"null","null","html-keyboard-response","69","780407","0.0-7.0-0.62","697a79efb4f34a8176d66d2b","69d7901e3430d13455efb336","69e8e574478f22ea99f7eb3f","<p style=""font-size: 60px; font-family: FragmentMono"">DNHQMYVN</p>","","","training","","","","","","",""
"null","null","html-keyboard-response","70","781422","0.0-7.0-0.63","697a79efb4f34a8176d66d2b","69d7901e3430d13455efb336","69e8e574478f22ea99f7eb3f","<p style=""font-size: 60px; font-family: FragmentMono"">RWEQMVWLD</p>","","","training","","","","","","",""
"null","null","html-keyboard-response","71","782434","0.0-7.0-0.64","697a79efb4f34a8176d66d2b","69d7901e3430d13455efb336","69e8e574478f22ea99f7eb3f","<p style=""font-size: 60px; font-family: FragmentMono"">EDMKXILS</p>","","","training","","","","","","",""
"null","null","html-keyboard-response","72","783437","0.0-7.0-0.65","697a79efb4f34a8176d66d2b","69d7901e3430d13455efb336","69e8e574478f22ea99f7eb3f","<p style=""font-size: 60px; font-family: FragmentMono"">PVNDETPK</p>","","","training","","","","","","",""
"null","null","html-keyboard-response","73","784448","0.0-7.0-0.66","697a79efb4f34a8176d66d2b","69d7901e3430d13455efb336","69e8e574478f22ea99f7eb3f","<p style=""font-size: 60px; font-family: FragmentMono"">TREHJWTI</p>","","","training","","","","","","",""
"null","null","html-keyboard-response","74","785464","0.0-7.0-0.67","697a79efb4f34a8176d66d2b","69d7901e3430d13455efb336","69e8e574478f22ea99f7eb3f","<p style=""font-size: 60px; font-family: FragmentMono"">SLHUOVWLD</p>","","","training","","","","","","",""
"null","null","html-keyboard-response","75","786478","0.0-7.0-0.68","697a79efb4f34a8176d66d2b","69d7901e3430d13455efb336","69e8e574478f22ea99f7eb3f","<p style=""font-size: 60px; font-family: FragmentMono"">TEKUXILS</p>","","","training","","","","","","",""
"null","null","html-keyboard-response","76","787484","0.0-7.0-0.69","697a79efb4f34a8176d66d2b","69d7901e3430d13455efb336","69e8e574478f22ea99f7eb3f","<p style=""font-size: 60px; font-family: FragmentMono"">UBSUDBM</p>","","","training","","","","","","",""
"null","null","html-keyboard-response","77","788498","0.0-7.0-0.70","697a79efb4f34a8176d66d2b","69d7901e3430d13455efb336","69e8e574478f22ea99f7eb3f","<p style=""font-size: 60px; font-family: FragmentMono"">WMBWTPK</p>","","","training","","","","","","",""
"null","null","html-keyboard-response","78","789499","0.0-7.0-0.71","697a79efb4f34a8176d66d2b","69d7901e3430d13455efb336","69e8e574478f22ea99f7eb3f","<p style=""font-size: 60px; font-family: FragmentMono"">BWVFDBM</p>","","","training","","","","","","",""
"null","null","html-keyboard-response","79","790512","0.0-7.0-0.72","697a79efb4f34a8176d66d2b","69d7901e3430d13455efb336","69e8e574478f22ea99f7eb3f","<p style=""font-size: 60px; font-family: FragmentMono"">TREHXILS</p>","","","training","","","","","","",""
"null","null","html-keyboard-response","80","791525","0.0-7.0-0.73","697a79efb4f34a8176d66d2b","69d7901e3430d13455efb336","69e8e574478f22ea99f7eb3f","<p style=""font-size: 60px; font-family: FragmentMono"">TEKUPBKN</p>","","","training","","","","","","",""
"null","null","html-keyboard-response","81","792540","0.0-7.0-0.74","697a79efb4f34a8176d66d2b","69d7901e3430d13455efb336","69e8e574478f22ea99f7eb3f","<p style=""font-size: 60px; font-family: FragmentMono"">RWEQMTPK</p>","","","training","","","","","","",""
"null","null","html-keyboard-response","82","793557","0.0-7.0-0.75","697a79efb4f34a8176d66d2b","69d7901e3430d13455efb336","69e8e574478f22ea99f7eb3f","<p style=""font-size: 60px; font-family: FragmentMono"">HECNWYVN</p>","","","training","","","","","","",""
"null","null","html-keyboard-response","83","794571","0.0-7.0-0.76","697a79efb4f34a8176d66d2b","69d7901e3430d13455efb336","69e8e574478f22ea99f7eb3f","<p style=""font-size: 60px; font-family: FragmentMono"">SHXVKTPK</p>","","","training","","","","","","",""
"null","null","html-keyboard-response","84","795577","0.0-7.0-0.77","697a79efb4f34a8176d66d2b","69d7901e3430d13455efb336","69e8e574478f22ea99f7eb3f","<p style=""font-size: 60px; font-family: FragmentMono"">HSTDKPBKN</p>","","","training","","","","","","",""
"null","null","html-keyboard-response","85","796590","0.0-7.0-0.78","697a79efb4f34a8176d66d2b","69d7901e3430d13455efb336","69e8e574478f22ea99f7eb3f","<p style=""font-size: 60px; font-family: FragmentMono"">SHXVKYVN</p>","","","training","","","","","","",""
"null","null","html-keyboard-response","86","797592","0.0-7.0-0.79","697a79efb4f34a8176d66d2b","69d7901e3430d13455efb336","69e8e574478f22ea99f7eb3f","<p style=""font-size: 60px; font-family: FragmentMono"">GHRJQDBM</p>","","","training","","","","","","",""
"4338"," ","html-keyboard-response","87","801931","0.0-8.0","697a79efb4f34a8176d66d2b","69d7901e3430d13455efb336","69e8e574478f22ea99f7eb3f","<p style=""font-size: 30px"">Great, you've seen the first block of words. You may now take a short break.</p>
      <p style=""font-size: 30px"">Press the spacebar when you're ready to continue.</p>","","","","","","","","","",""
"null","null","html-keyboard-response","88","802932","0.0-9.0-0.0","697a79efb4f34a8176d66d2b","69d7901e3430d13455efb336","69e8e574478f22ea99f7eb3f","<p style=""font-size: 60px; font-family: FragmentMono"">SLHUOHIK</p>","","","training","","","","","","",""
"null","null","html-keyboard-response","89","803934","0.0-9.0-0.1","697a79efb4f34a8176d66d2b","69d7901e3430d13455efb336","69e8e574478f22ea99f7eb3f","<p style=""font-size: 60px; font-family: FragmentMono"">HECNWYVN</p>","","","training","","","","","","",""
"null","null","html-keyboard-response","90","804935","0.0-9.0-0.2","697a79efb4f34a8176d66d2b","69d7901e3430d13455efb336","69e8e574478f22ea99f7eb3f","<p style=""font-size: 60px; font-family: FragmentMono"">ESDZQDBM</p>","","","training","","","","","","",""
"null","null","html-keyboard-response","91","805946","0.0-9.0-0.3","697a79efb4f34a8176d66d2b","69d7901e3430d13455efb336","69e8e574478f22ea99f7eb3f","<p style=""font-size: 60px; font-family: FragmentMono"">THVXZYVN</p>","","","training","","","","","","",""
"null","null","html-keyboard-response","92","806950","0.0-9.0-0.4","697a79efb4f34a8176d66d2b","69d7901e3430d13455efb336","69e8e574478f22ea99f7eb3f","<p style=""font-size: 60px; font-family: FragmentMono"">DNHQMVEWG</p>","","","training","","","","","","",""
"null","null","html-keyboard-response","93","807966","0.0-9.0-0.5","697a79efb4f34a8176d66d2b","69d7901e3430d13455efb336","69e8e574478f22ea99f7eb3f","<p style=""font-size: 60px; font-family: FragmentMono"">UBSUXILS</p>","","","training","","","","","","",""
"null","null","html-keyboard-response","94","808981","0.0-9.0-0.6","697a79efb4f34a8176d66d2b","69d7901e3430d13455efb336","69e8e574478f22ea99f7eb3f","<p style=""font-size: 60px; font-family: FragmentMono"">THVXZVWLD</p>","","","training","","","","","","",""
"null","null","html-keyboard-response","95","809995","0.0-9.0-0.7","697a79efb4f34a8176d66d2b","69d7901e3430d13455efb336","69e8e574478f22ea99f7eb3f","<p style=""font-size: 60px; font-family: FragmentMono"">HECNWTPK</p>","","","training","","","","","","",""
"null","null","html-keyboard-response","96","811008","0.0-9.0-0.8","697a79efb4f34a8176d66d2b","69d7901e3430d13455efb336","69e8e574478f22ea99f7eb3f","<p style=""font-size: 60px; font-family: FragmentMono"">SLHUOVWLD</p>","","","training","","","","","","",""
"null","null","html-keyboard-response","97","812009","0.0-9.0-0.9","697a79efb4f34a8176d66d2b","69d7901e3430d13455efb336","69e8e574478f22ea99f7eb3f","<p style=""font-size: 60px; font-family: FragmentMono"">GHRJQEYLH</p>","","","training","","","","","","",""
"null","null","html-keyboard-response","98","813023","0.0-9.0-0.10","697a79efb4f34a8176d66d2b","69d7901e3430d13455efb336","69e8e574478f22ea99f7eb3f","<p style=""font-size: 60px; font-family: FragmentMono"">PVNDETPK</p>","","","training","","","","","","",""
"null","null","html-keyboard-response","99","814024","0.0-9.0-0.11","697a79efb4f34a8176d66d2b","69d7901e3430d13455efb336","69e8e574478f22ea99f7eb3f","<p style=""font-size: 60px; font-family: FragmentMono"">ESDZQJWTI</p>","","","training","","","","","","",""
"null","null","html-keyboard-response","100","815038","0.0-9.0-0.12","697a79efb4f34a8176d66d2b","69d7901e3430d13455efb336","69e8e574478f22ea99f7eb3f","<p style=""font-size: 60px; font-family: FragmentMono"">EZSJIYVN</p>","","","training","","","","","","",""
"null","null","html-keyboard-response","101","816054","0.0-9.0-0.13","697a79efb4f34a8176d66d2b","69d7901e3430d13455efb336","69e8e574478f22ea99f7eb3f","<p style=""font-size: 60px; font-family: FragmentMono"">ESDZQEYLH</p>","","","training","","","","","","",""
"null","null","html-keyboard-response","102","817061","0.0-9.0-0.14","697a79efb4f34a8176d66d2b","69d7901e3430d13455efb336","69e8e574478f22ea99f7eb3f","<p style=""font-size: 60px; font-family: FragmentMono"">EDMKDBM</p>","","","training","","","","","","",""
"null","null","html-keyboard-response","103","818074","0.0-9.0-0.15","697a79efb4f34a8176d66d2b","69d7901e3430d13455efb336","69e8e574478f22ea99f7eb3f","<p style=""font-size: 60px; font-family: FragmentMono"">PKCBHJWTI</p>","","","training","","","","","","",""
"null","null","html-keyboard-response","104","819084","0.0-9.0-0.16","697a79efb4f34a8176d66d2b","69d7901e3430d13455efb336","69e8e574478f22ea99f7eb3f","<p style=""font-size: 60px; font-family: FragmentMono"">UBSUEYLH</p>","","","training","","","","","","",""
"null","null","html-keyboard-response","105","820101","0.0-9.0-0.17","697a79efb4f34a8176d66d2b","69d7901e3430d13455efb336","69e8e574478f22ea99f7eb3f","<p style=""font-size: 60px; font-family: FragmentMono"">BWVFJWTI</p>","","","training","","","","","","",""
"null","null","html-keyboard-response","106","821116","0.0-9.0-0.18","697a79efb4f34a8176d66d2b","69d7901e3430d13455efb336","69e8e574478f22ea99f7eb3f","<p style=""font-size: 60px; font-family: FragmentMono"">TREHXILS</p>","","","training","","","","","","",""
"null","null","html-keyboard-response","107","822130","0.0-9.0-0.19","697a79efb4f34a8176d66d2b","69d7901e3430d13455efb336","69e8e574478f22ea99f7eb3f","<p style=""font-size: 60px; font-family: FragmentMono"">PKCBHPBKN</p>","","","training","","","","","","",""
"null","null","html-keyboard-response","108","823134","0.0-9.0-0.20","697a79efb4f34a8176d66d2b","69d7901e3430d13455efb336","69e8e574478f22ea99f7eb3f","<p style=""font-size: 60px; font-family: FragmentMono"">EZSJIHIK</p>","","","training","","","","","","",""
"null","null","html-keyboard-response","109","824151","0.0-9.0-0.21","697a79efb4f34a8176d66d2b","69d7901e3430d13455efb336","69e8e574478f22ea99f7eb3f","<p style=""font-size: 60px; font-family: FragmentMono"">BWVFDBM</p>","","","training","","","","","","",""
"null","null","html-keyboard-response","110","825166","0.0-9.0-0.22","697a79efb4f34a8176d66d2b","69d7901e3430d13455efb336","69e8e574478f22ea99f7eb3f","<p style=""font-size: 60px; font-family: FragmentMono"">SHXVKTPK</p>","","","training","","","","","","",""
"null","null","html-keyboard-response","111","826185","0.0-9.0-0.23","697a79efb4f34a8176d66d2b","69d7901e3430d13455efb336","69e8e574478f22ea99f7eb3f","<p style=""font-size: 60px; font-family: FragmentMono"">PKCBHEYLH</p>","","","training","","","","","","",""
"null","null","html-keyboard-response","112","827201","0.0-9.0-0.24","697a79efb4f34a8176d66d2b","69d7901e3430d13455efb336","69e8e574478f22ea99f7eb3f","<p style=""font-size: 60px; font-family: FragmentMono"">PVNDEHIK</p>","","","training","","","","","","",""
"null","null","html-keyboard-response","113","828210","0.0-9.0-0.25","697a79efb4f34a8176d66d2b","69d7901e3430d13455efb336","69e8e574478f22ea99f7eb3f","<p style=""font-size: 60px; font-family: FragmentMono"">RWEQMVWLD</p>","","","training","","","","","","",""
"null","null","html-keyboard-response","114","829215","0.0-9.0-0.26","697a79efb4f34a8176d66d2b","69d7901e3430d13455efb336","69e8e574478f22ea99f7eb3f","<p style=""font-size: 60px; font-family: FragmentMono"">SHXVKHIK</p>","","","training","","","","","","",""
"null","null","html-keyboard-response","115","830226","0.0-9.0-0.27","697a79efb4f34a8176d66d2b","69d7901e3430d13455efb336","69e8e574478f22ea99f7eb3f","<p style=""font-size: 60px; font-family: FragmentMono"">PVNDEVEWG</p>","","","training","","","","","","",""
"null","null","html-keyboard-response","116","831226","0.0-9.0-0.28","697a79efb4f34a8176d66d2b","69d7901e3430d13455efb336","69e8e574478f22ea99f7eb3f","<p style=""font-size: 60px; font-family: FragmentMono"">TREHJWTI</p>","","","training","","","","","","",""
"null","null","html-keyboard-response","117","832227","0.0-9.0-0.29","697a79efb4f34a8176d66d2b","69d7901e3430d13455efb336","69e8e574478f22ea99f7eb3f","<p style=""font-size: 60px; font-family: FragmentMono"">DNHQMHIK</p>","","","training","","","","","","",""
"null","null","html-keyboard-response","118","833248","0.0-9.0-0.30","697a79efb4f34a8176d66d2b","69d7901e3430d13455efb336","69e8e574478f22ea99f7eb3f","<p style=""font-size: 60px; font-family: FragmentMono"">THVXZVEWG</p>","","","training","","","","","","",""
"null","null","html-keyboard-response","119","834259","0.0-9.0-0.31","697a79efb4f34a8176d66d2b","69d7901e3430d13455efb336","69e8e574478f22ea99f7eb3f","<p style=""font-size: 60px; font-family: FragmentMono"">HSTDKXILS</p>","","","training","","","","","","",""
"null","null","html-keyboard-response","120","835271","0.0-9.0-0.32","697a79efb4f34a8176d66d2b","69d7901e3430d13455efb336","69e8e574478f22ea99f7eb3f","<p style=""font-size: 60px; font-family: FragmentMono"">UBSUDBM</p>","","","training","","","","","","",""
"null","null","html-keyboard-response","121","836287","0.0-9.0-0.33","697a79efb4f34a8176d66d2b","69d7901e3430d13455efb336","69e8e574478f22ea99f7eb3f","<p style=""font-size: 60px; font-family: FragmentMono"">WMBWVWLD</p>","","","training","","","","","","",""
"null","null","html-keyboard-response","122","837302","0.0-9.0-0.34","697a79efb4f34a8176d66d2b","69d7901e3430d13455efb336","69e8e574478f22ea99f7eb3f","<p style=""font-size: 60px; font-family: FragmentMono"">EDMKXILS</p>","","","training","","","","","","",""
"null","null","html-keyboard-response","123","838318","0.0-9.0-0.35","697a79efb4f34a8176d66d2b","69d7901e3430d13455efb336","69e8e574478f22ea99f7eb3f","<p style=""font-size: 60px; font-family: FragmentMono"">IMJRFEYLH</p>","","","training","","","","","","",""
"null","null","html-keyboard-response","124","839334","0.0-9.0-0.36","697a79efb4f34a8176d66d2b","69d7901e3430d13455efb336","69e8e574478f22ea99f7eb3f","<p style=""font-size: 60px; font-family: FragmentMono"">TREHPBKN</p>","","","training","","","","","","",""
"null","null","html-keyboard-response","125","840339","0.0-9.0-0.37","697a79efb4f34a8176d66d2b","69d7901e3430d13455efb336","69e8e574478f22ea99f7eb3f","<p style=""font-size: 60px; font-family: FragmentMono"">HSTDKEYLH</p>","","","training","","","","","","",""
"null","null","html-keyboard-response","126","841351","0.0-9.0-0.38","697a79efb4f34a8176d66d2b","69d7901e3430d13455efb336","69e8e574478f22ea99f7eb3f","<p style=""font-size: 60px; font-family: FragmentMono"">DNHQMVWLD</p>","","","training","","","","","","",""
"null","null","html-keyboard-response","127","842356","0.0-9.0-0.39","697a79efb4f34a8176d66d2b","69d7901e3430d13455efb336","69e8e574478f22ea99f7eb3f","<p style=""font-size: 60px; font-family: FragmentMono"">WMBWVEWG</p>","","","training","","","","","","",""
"null","null","html-keyboard-response","128","843367","0.0-9.0-0.40","697a79efb4f34a8176d66d2b","69d7901e3430d13455efb336","69e8e574478f22ea99f7eb3f","<p style=""font-size: 60px; font-family: FragmentMono"">BWVFPBKN</p>","","","training","","","","","","",""
"null","null","html-keyboard-response","129","844374","0.0-9.0-0.41","697a79efb4f34a8176d66d2b","69d7901e3430d13455efb336","69e8e574478f22ea99f7eb3f","<p style=""font-size: 60px; font-family: FragmentMono"">RWEQMVEWG</p>","","","training","","","","","","",""
"null","null","html-keyboard-response","130","845382","0.0-9.0-0.42","697a79efb4f34a8176d66d2b","69d7901e3430d13455efb336","69e8e574478f22ea99f7eb3f","<p style=""font-size: 60px; font-family: FragmentMono"">UBSUJWTI</p>","","","training","","","","","","",""
"null","null","html-keyboard-response","131","846386","0.0-9.0-0.43","697a79efb4f34a8176d66d2b","69d7901e3430d13455efb336","69e8e574478f22ea99f7eb3f","<p style=""font-size: 60px; font-family: FragmentMono"">EKYAOHIK</p>","","","training","","","","","","",""
"null","null","html-keyboard-response","132","847399","0.0-9.0-0.44","697a79efb4f34a8176d66d2b","69d7901e3430d13455efb336","69e8e574478f22ea99f7eb3f","<p style=""font-size: 60px; font-family: FragmentMono"">PVNDEVWLD</p>","","","training","","","","","","",""
"null","null","html-keyboard-response","133","848414","0.0-9.0-0.45","697a79efb4f34a8176d66d2b","69d7901e3430d13455efb336","69e8e574478f22ea99f7eb3f","<p style=""font-size: 60px; font-family: FragmentMono"">EZSJITPK</p>","","","training","","","","","","",""
"null","null","html-keyboard-response","134","849428","0.0-9.0-0.46","697a79efb4f34a8176d66d2b","69d7901e3430d13455efb336","69e8e574478f22ea99f7eb3f","<p style=""font-size: 60px; font-family: FragmentMono"">EKYAOVWLD</p>","","","training","","","","","","",""
"null","null","html-keyboard-response","135","850431","0.0-9.0-0.47","697a79efb4f34a8176d66d2b","69d7901e3430d13455efb336","69e8e574478f22ea99f7eb3f","<p style=""font-size: 60px; font-family: FragmentMono"">WMBWTPK</p>","","","training","","","","","","",""
"null","null","html-keyboard-response","136","851445","0.0-9.0-0.48","697a79efb4f34a8176d66d2b","69d7901e3430d13455efb336","69e8e574478f22ea99f7eb3f","<p style=""font-size: 60px; font-family: FragmentMono"">IMJRFDBM</p>","","","training","","","","","","",""
"null","null","html-keyboard-response","137","852456","0.0-9.0-0.49","697a79efb4f34a8176d66d2b","69d7901e3430d13455efb336","69e8e574478f22ea99f7eb3f","<p style=""font-size: 60px; font-family: FragmentMono"">EKYAOTPK</p>","","","training","","","","","","",""
"null","null","html-keyboard-response","138","853469","0.0-9.0-0.50","697a79efb4f34a8176d66d2b","69d7901e3430d13455efb336","69e8e574478f22ea99f7eb3f","<p style=""font-size: 60px; font-family: FragmentMono"">IMJRFPBKN</p>","","","training","","","","","","",""
"null","null","html-keyboard-response","139","854472","0.0-9.0-0.51","697a79efb4f34a8176d66d2b","69d7901e3430d13455efb336","69e8e574478f22ea99f7eb3f","<p style=""font-size: 60px; font-family: FragmentMono"">HSTDKJWTI</p>","","","training","","","","","","",""
"null","null","html-keyboard-response","140","855487","0.0-9.0-0.52","697a79efb4f34a8176d66d2b","69d7901e3430d13455efb336","69e8e574478f22ea99f7eb3f","<p style=""font-size: 60px; font-family: FragmentMono"">WMBWYVN</p>","","","training","","","","","","",""
"null","null","html-keyboard-response","141","856491","0.0-9.0-0.53","697a79efb4f34a8176d66d2b","69d7901e3430d13455efb336","69e8e574478f22ea99f7eb3f","<p style=""font-size: 60px; font-family: FragmentMono"">GHRJQXILS</p>","","","training","","","","","","",""
"null","null","html-keyboard-response","142","857506","0.0-9.0-0.54","697a79efb4f34a8176d66d2b","69d7901e3430d13455efb336","69e8e574478f22ea99f7eb3f","<p style=""font-size: 60px; font-family: FragmentMono"">HSTDKPBKN</p>","","","training","","","","","","",""
"null","null","html-keyboard-response","143","858507","0.0-9.0-0.55","697a79efb4f34a8176d66d2b","69d7901e3430d13455efb336","69e8e574478f22ea99f7eb3f","<p style=""font-size: 60px; font-family: FragmentMono"">HECNWVEWG</p>","","","training","","","","","","",""
"null","null","html-keyboard-response","144","859517","0.0-9.0-0.56","697a79efb4f34a8176d66d2b","69d7901e3430d13455efb336","69e8e574478f22ea99f7eb3f","<p style=""font-size: 60px; font-family: FragmentMono"">IMJRFJWTI</p>","","","training","","","","","","",""
"null","null","html-keyboard-response","145","860533","0.0-9.0-0.57","697a79efb4f34a8176d66d2b","69d7901e3430d13455efb336","69e8e574478f22ea99f7eb3f","<p style=""font-size: 60px; font-family: FragmentMono"">THVXZTPK</p>","","","training","","","","","","",""
"null","null","html-keyboard-response","146","861534","0.0-9.0-0.58","697a79efb4f34a8176d66d2b","69d7901e3430d13455efb336","69e8e574478f22ea99f7eb3f","<p style=""font-size: 60px; font-family: FragmentMono"">EKYAOYVN</p>","","","training","","","","","","",""
"null","null","html-keyboard-response","147","862537","0.0-9.0-0.59","697a79efb4f34a8176d66d2b","69d7901e3430d13455efb336","69e8e574478f22ea99f7eb3f","<p style=""font-size: 60px; font-family: FragmentMono"">GHRJQDBM</p>","","","training","","","","","","",""
"null","null","html-keyboard-response","148","863547","0.0-9.0-0.60","697a79efb4f34a8176d66d2b","69d7901e3430d13455efb336","69e8e574478f22ea99f7eb3f","<p style=""font-size: 60px; font-family: FragmentMono"">SLHUOVEWG</p>","","","training","","","","","","",""
"null","null","html-keyboard-response","149","864550","0.0-9.0-0.61","697a79efb4f34a8176d66d2b","69d7901e3430d13455efb336","69e8e574478f22ea99f7eb3f","<p style=""font-size: 60px; font-family: FragmentMono"">TEKUXILS</p>","","","training","","","","","","",""
"null","null","html-keyboard-response","150","865554","0.0-9.0-0.62","697a79efb4f34a8176d66d2b","69d7901e3430d13455efb336","69e8e574478f22ea99f7eb3f","<p style=""font-size: 60px; font-family: FragmentMono"">EDMKPBKN</p>","","","training","","","","","","",""
"null","null","html-keyboard-response","151","866566","0.0-9.0-0.63","697a79efb4f34a8176d66d2b","69d7901e3430d13455efb336","69e8e574478f22ea99f7eb3f","<p style=""font-size: 60px; font-family: FragmentMono"">TEKUDBM</p>","","","training","","","","","","",""
"null","null","html-keyboard-response","152","867570","0.0-9.0-0.64","697a79efb4f34a8176d66d2b","69d7901e3430d13455efb336","69e8e574478f22ea99f7eb3f","<p style=""font-size: 60px; font-family: FragmentMono"">DNHQMYVN</p>","","","training","","","","","","",""
"null","null","html-keyboard-response","153","868578","0.0-9.0-0.65","697a79efb4f34a8176d66d2b","69d7901e3430d13455efb336","69e8e574478f22ea99f7eb3f","<p style=""font-size: 60px; font-family: FragmentMono"">GHRJQJWTI</p>","","","training","","","","","","",""
"null","null","html-keyboard-response","154","869579","0.0-9.0-0.66","697a79efb4f34a8176d66d2b","69d7901e3430d13455efb336","69e8e574478f22ea99f7eb3f","<p style=""font-size: 60px; font-family: FragmentMono"">BWVFXILS</p>","","","training","","","","","","",""
"null","null","html-keyboard-response","155","870590","0.0-9.0-0.67","697a79efb4f34a8176d66d2b","69d7901e3430d13455efb336","69e8e574478f22ea99f7eb3f","<p style=""font-size: 60px; font-family: FragmentMono"">HECNWHIK</p>","","","training","","","","","","",""
"null","null","html-keyboard-response","156","871591","0.0-9.0-0.68","697a79efb4f34a8176d66d2b","69d7901e3430d13455efb336","69e8e574478f22ea99f7eb3f","<p style=""font-size: 60px; font-family: FragmentMono"">RWEQMTPK</p>","","","training","","","","","","",""
"null","null","html-keyboard-response","157","872596","0.0-9.0-0.69","697a79efb4f34a8176d66d2b","69d7901e3430d13455efb336","69e8e574478f22ea99f7eb3f","<p style=""font-size: 60px; font-family: FragmentMono"">EZSJIVEWG</p>","","","training","","","","","","",""
"null","null","html-keyboard-response","158","873596","0.0-9.0-0.70","697a79efb4f34a8176d66d2b","69d7901e3430d13455efb336","69e8e574478f22ea99f7eb3f","<p style=""font-size: 60px; font-family: FragmentMono"">SHXVKVWLD</p>","","","training","","","","","","",""
"null","null","html-keyboard-response","159","874605","0.0-9.0-0.71","697a79efb4f34a8176d66d2b","69d7901e3430d13455efb336","69e8e574478f22ea99f7eb3f","<p style=""font-size: 60px; font-family: FragmentMono"">TREHDBM</p>","","","training","","","","","","",""
"null","null","html-keyboard-response","160","875618","0.0-9.0-0.72","697a79efb4f34a8176d66d2b","69d7901e3430d13455efb336","69e8e574478f22ea99f7eb3f","<p style=""font-size: 60px; font-family: FragmentMono"">SHXVKYVN</p>","","","training","","","","","","",""
"null","null","html-keyboard-response","161","876635","0.0-9.0-0.73","697a79efb4f34a8176d66d2b","69d7901e3430d13455efb336","69e8e574478f22ea99f7eb3f","<p style=""font-size: 60px; font-family: FragmentMono"">PKCBHXILS</p>","","","training","","","","","","",""
"null","null","html-keyboard-response","162","877651","0.0-9.0-0.74","697a79efb4f34a8176d66d2b","69d7901e3430d13455efb336","69e8e574478f22ea99f7eb3f","<p style=""font-size: 60px; font-family: FragmentMono"">TEKUEYLH</p>","","","training","","","","","","",""
"null","null","html-keyboard-response","163","878656","0.0-9.0-0.75","697a79efb4f34a8176d66d2b","69d7901e3430d13455efb336","69e8e574478f22ea99f7eb3f","<p style=""font-size: 60px; font-family: FragmentMono"">ESDZQPBKN</p>","","","training","","","","","","",""
"null","null","html-keyboard-response","164","879667","0.0-9.0-0.76","697a79efb4f34a8176d66d2b","69d7901e3430d13455efb336","69e8e574478f22ea99f7eb3f","<p style=""font-size: 60px; font-family: FragmentMono"">RWEQMHIK</p>","","","training","","","","","","",""
"null","null","html-keyboard-response","165","880674","0.0-9.0-0.77","697a79efb4f34a8176d66d2b","69d7901e3430d13455efb336","69e8e574478f22ea99f7eb3f","<p style=""font-size: 60px; font-family: FragmentMono"">SLHUOYVN</p>","","","training","","","","","","",""
"null","null","html-keyboard-response","166","881675","0.0-9.0-0.78","697a79efb4f34a8176d66d2b","69d7901e3430d13455efb336","69e8e574478f22ea99f7eb3f","<p style=""font-size: 60px; font-family: FragmentMono"">EDMKEYLH</p>","","","training","","","","","","",""
"null","null","html-keyboard-response","167","882685","0.0-9.0-0.79","697a79efb4f34a8176d66d2b","69d7901e3430d13455efb336","69e8e574478f22ea99f7eb3f","<p style=""font-size: 60px; font-family: FragmentMono"">TEKUPBKN</p>","","","training","","","","","","",""
"104433"," ","html-keyboard-response","168","987119","0.0-10.0","697a79efb4f34a8176d66d2b","69d7901e3430d13455efb336","69e8e574478f22ea99f7eb3f","<p style=""font-size: 30px"">Great, you've seen the second block of words. You may now take a short break.</p>
      <p style=""font-size: 30px"">Press the spacebar when you're ready to continue.</p>","","","","","","","","","",""
"null","null","html-keyboard-response","169","988128","0.0-11.0-0.0","697a79efb4f34a8176d66d2b","69d7901e3430d13455efb336","69e8e574478f22ea99f7eb3f","<p style=""font-size: 60px; font-family: FragmentMono"">TREHDBM</p>","","","training","","","","","","",""
"null","null","html-keyboard-response","170","989128","0.0-11.0-0.1","697a79efb4f34a8176d66d2b","69d7901e3430d13455efb336","69e8e574478f22ea99f7eb3f","<p style=""font-size: 60px; font-family: FragmentMono"">EDMKPBKN</p>","","","training","","","","","","",""
"null","null","html-keyboard-response","171","990141","0.0-11.0-0.2","697a79efb4f34a8176d66d2b","69d7901e3430d13455efb336","69e8e574478f22ea99f7eb3f","<p style=""font-size: 60px; font-family: FragmentMono"">SLHUOVWLD</p>","","","training","","","","","","",""
"null","null","html-keyboard-response","172","991144","0.0-11.0-0.3","697a79efb4f34a8176d66d2b","69d7901e3430d13455efb336","69e8e574478f22ea99f7eb3f","<p style=""font-size: 60px; font-family: FragmentMono"">IMJRFJWTI</p>","","","training","","","","","","",""
"null","null","html-keyboard-response","173","992154","0.0-11.0-0.4","697a79efb4f34a8176d66d2b","69d7901e3430d13455efb336","69e8e574478f22ea99f7eb3f","<p style=""font-size: 60px; font-family: FragmentMono"">SLHUOVEWG</p>","","","training","","","","","","",""
"null","null","html-keyboard-response","174","993155","0.0-11.0-0.5","697a79efb4f34a8176d66d2b","69d7901e3430d13455efb336","69e8e574478f22ea99f7eb3f","<p style=""font-size: 60px; font-family: FragmentMono"">IMJRFEYLH</p>","","","training","","","","","","",""
"null","null","html-keyboard-response","175","994170","0.0-11.0-0.6","697a79efb4f34a8176d66d2b","69d7901e3430d13455efb336","69e8e574478f22ea99f7eb3f","<p style=""font-size: 60px; font-family: FragmentMono"">EKYAOYVN</p>","","","training","","","","","","",""
"null","null","html-keyboard-response","176","995178","0.0-11.0-0.7","697a79efb4f34a8176d66d2b","69d7901e3430d13455efb336","69e8e574478f22ea99f7eb3f","<p style=""font-size: 60px; font-family: FragmentMono"">RWEQMVWLD</p>","","","training","","","","","","",""
"null","null","html-keyboard-response","177","996190","0.0-11.0-0.8","697a79efb4f34a8176d66d2b","69d7901e3430d13455efb336","69e8e574478f22ea99f7eb3f","<p style=""font-size: 60px; font-family: FragmentMono"">SLHUOHIK</p>","","","training","","","","","","",""
"null","null","html-keyboard-response","178","997205","0.0-11.0-0.9","697a79efb4f34a8176d66d2b","69d7901e3430d13455efb336","69e8e574478f22ea99f7eb3f","<p style=""font-size: 60px; font-family: FragmentMono"">BWVFJWTI</p>","","","training","","","","","","",""
"null","null","html-keyboard-response","179","998206","0.0-11.0-0.10","697a79efb4f34a8176d66d2b","69d7901e3430d13455efb336","69e8e574478f22ea99f7eb3f","<p style=""font-size: 60px; font-family: FragmentMono"">EZSJIHIK</p>","","","training","","","","","","",""
"null","null","html-keyboard-response","180","999215","0.0-11.0-0.11","697a79efb4f34a8176d66d2b","69d7901e3430d13455efb336","69e8e574478f22ea99f7eb3f","<p style=""font-size: 60px; font-family: FragmentMono"">TREHPBKN</p>","","","training","","","","","","",""
"null","null","html-keyboard-response","181","1000218","0.0-11.0-0.12","697a79efb4f34a8176d66d2b","69d7901e3430d13455efb336","69e8e574478f22ea99f7eb3f","<p style=""font-size: 60px; font-family: FragmentMono"">EZSJIYVN</p>","","","training","","","","","","",""
"null","null","html-keyboard-response","182","1001234","0.0-11.0-0.13","697a79efb4f34a8176d66d2b","69d7901e3430d13455efb336","69e8e574478f22ea99f7eb3f","<p style=""font-size: 60px; font-family: FragmentMono"">BWVFPBKN</p>","","","training","","","","","","",""
"null","null","html-keyboard-response","183","1002245","0.0-11.0-0.14","697a79efb4f34a8176d66d2b","69d7901e3430d13455efb336","69e8e574478f22ea99f7eb3f","<p style=""font-size: 60px; font-family: FragmentMono"">PVNDETPK</p>","","","training","","","","","","",""
"null","null","html-keyboard-response","184","1003250","0.0-11.0-0.15","697a79efb4f34a8176d66d2b","69d7901e3430d13455efb336","69e8e574478f22ea99f7eb3f","<p style=""font-size: 60px; font-family: FragmentMono"">GHRJQDBM</p>","","","training","","","","","","",""
"null","null","html-keyboard-response","185","1004263","0.0-11.0-0.16","697a79efb4f34a8176d66d2b","69d7901e3430d13455efb336","69e8e574478f22ea99f7eb3f","<p style=""font-size: 60px; font-family: FragmentMono"">PVNDEHIK</p>","","","training","","","","","","",""
"null","null","html-keyboard-response","186","1005269","0.0-11.0-0.17","697a79efb4f34a8176d66d2b","69d7901e3430d13455efb336","69e8e574478f22ea99f7eb3f","<p style=""font-size: 60px; font-family: FragmentMono"">GHRJQEYLH</p>","","","training","","","","","","",""
"null","null","html-keyboard-response","187","1006275","0.0-11.0-0.18","697a79efb4f34a8176d66d2b","69d7901e3430d13455efb336","69e8e574478f22ea99f7eb3f","<p style=""font-size: 60px; font-family: FragmentMono"">EDMKXILS</p>","","","training","","","","","","",""
"null","null","html-keyboard-response","188","1007291","0.0-11.0-0.19","697a79efb4f34a8176d66d2b","69d7901e3430d13455efb336","69e8e574478f22ea99f7eb3f","<p style=""font-size: 60px; font-family: FragmentMono"">HSTDKEYLH</p>","","","training","","","","","","",""
"null","null","html-keyboard-response","189","1008306","0.0-11.0-0.20","697a79efb4f34a8176d66d2b","69d7901e3430d13455efb336","69e8e574478f22ea99f7eb3f","<p style=""font-size: 60px; font-family: FragmentMono"">IMJRFDBM</p>","","","training","","","","","","",""
"null","null","html-keyboard-response","190","1009321","0.0-11.0-0.21","697a79efb4f34a8176d66d2b","69d7901e3430d13455efb336","69e8e574478f22ea99f7eb3f","<p style=""font-size: 60px; font-family: FragmentMono"">ESDZQEYLH</p>","","","training","","","","","","",""
"null","null","html-keyboard-response","191","1010323","0.0-11.0-0.22","697a79efb4f34a8176d66d2b","69d7901e3430d13455efb336","69e8e574478f22ea99f7eb3f","<p style=""font-size: 60px; font-family: FragmentMono"">WMBWYVN</p>","","","training","","","","","","",""
"null","null","html-keyboard-response","192","1011336","0.0-11.0-0.23","697a79efb4f34a8176d66d2b","69d7901e3430d13455efb336","69e8e574478f22ea99f7eb3f","<p style=""font-size: 60px; font-family: FragmentMono"">IMJRFPBKN</p>","","","training","","","","","","",""
"null","null","html-keyboard-response","193","1012340","0.0-11.0-0.24","697a79efb4f34a8176d66d2b","69d7901e3430d13455efb336","69e8e574478f22ea99f7eb3f","<p style=""font-size: 60px; font-family: FragmentMono"">SHXVKVWLD</p>","","","training","","","","","","",""
"null","null","html-keyboard-response","194","1013346","0.0-11.0-0.25","697a79efb4f34a8176d66d2b","69d7901e3430d13455efb336","69e8e574478f22ea99f7eb3f","<p style=""font-size: 60px; font-family: FragmentMono"">TEKUPBKN</p>","","","training","","","","","","",""
"null","null","html-keyboard-response","195","1014361","0.0-11.0-0.26","697a79efb4f34a8176d66d2b","69d7901e3430d13455efb336","69e8e574478f22ea99f7eb3f","<p style=""font-size: 60px; font-family: FragmentMono"">WMBWVEWG</p>","","","training","","","","","","",""
"null","null","html-keyboard-response","196","1015373","0.0-11.0-0.27","697a79efb4f34a8176d66d2b","69d7901e3430d13455efb336","69e8e574478f22ea99f7eb3f","<p style=""font-size: 60px; font-family: FragmentMono"">ESDZQJWTI</p>","","","training","","","","","","",""
"null","null","html-keyboard-response","197","1016384","0.0-11.0-0.28","697a79efb4f34a8176d66d2b","69d7901e3430d13455efb336","69e8e574478f22ea99f7eb3f","<p style=""font-size: 60px; font-family: FragmentMono"">THVXZVWLD</p>","","","training","","","","","","",""
"null","null","html-keyboard-response","198","1017398","0.0-11.0-0.29","697a79efb4f34a8176d66d2b","69d7901e3430d13455efb336","69e8e574478f22ea99f7eb3f","<p style=""font-size: 60px; font-family: FragmentMono"">RWEQMHIK</p>","","","training","","","","","","",""
"null","null","html-keyboard-response","199","1018400","0.0-11.0-0.30","697a79efb4f34a8176d66d2b","69d7901e3430d13455efb336","69e8e574478f22ea99f7eb3f","<p style=""font-size: 60px; font-family: FragmentMono"">PVNDEVWLD</p>","","","training","","","","","","",""
"null","null","html-keyboard-response","200","1019402","0.0-11.0-0.31","697a79efb4f34a8176d66d2b","69d7901e3430d13455efb336","69e8e574478f22ea99f7eb3f","<p style=""font-size: 60px; font-family: FragmentMono"">PKCBHXILS</p>","","","training","","","","","","",""
"null","null","html-keyboard-response","201","1020404","0.0-11.0-0.32","697a79efb4f34a8176d66d2b","69d7901e3430d13455efb336","69e8e574478f22ea99f7eb3f","<p style=""font-size: 60px; font-family: FragmentMono"">HSTDKPBKN</p>","","","training","","","","","","",""
"null","null","html-keyboard-response","202","1021417","0.0-11.0-0.33","697a79efb4f34a8176d66d2b","69d7901e3430d13455efb336","69e8e574478f22ea99f7eb3f","<p style=""font-size: 60px; font-family: FragmentMono"">UBSUXILS</p>","","","training","","","","","","",""
"null","null","html-keyboard-response","203","1022418","0.0-11.0-0.34","697a79efb4f34a8176d66d2b","69d7901e3430d13455efb336","69e8e574478f22ea99f7eb3f","<p style=""font-size: 60px; font-family: FragmentMono"">SHXVKHIK</p>","","","training","","","","","","",""
"null","null","html-keyboard-response","204","1023432","0.0-11.0-0.35","697a79efb4f34a8176d66d2b","69d7901e3430d13455efb336","69e8e574478f22ea99f7eb3f","<p style=""font-size: 60px; font-family: FragmentMono"">TEKUEYLH</p>","","","training","","","","","","",""
"null","null","html-keyboard-response","205","1024443","0.0-11.0-0.36","697a79efb4f34a8176d66d2b","69d7901e3430d13455efb336","69e8e574478f22ea99f7eb3f","<p style=""font-size: 60px; font-family: FragmentMono"">HSTDKXILS</p>","","","training","","","","","","",""
"null","null","html-keyboard-response","206","1025445","0.0-11.0-0.37","697a79efb4f34a8176d66d2b","69d7901e3430d13455efb336","69e8e574478f22ea99f7eb3f","<p style=""font-size: 60px; font-family: FragmentMono"">TREHJWTI</p>","","","training","","","","","","",""
"null","null","html-keyboard-response","207","1026459","0.0-11.0-0.38","697a79efb4f34a8176d66d2b","69d7901e3430d13455efb336","69e8e574478f22ea99f7eb3f","<p style=""font-size: 60px; font-family: FragmentMono"">RWEQMVEWG</p>","","","training","","","","","","",""
"null","null","html-keyboard-response","208","1027475","0.0-11.0-0.39","697a79efb4f34a8176d66d2b","69d7901e3430d13455efb336","69e8e574478f22ea99f7eb3f","<p style=""font-size: 60px; font-family: FragmentMono"">HECNWHIK</p>","","","training","","","","","","",""
"null","null","html-keyboard-response","209","1028482","0.0-11.0-0.40","697a79efb4f34a8176d66d2b","69d7901e3430d13455efb336","69e8e574478f22ea99f7eb3f","<p style=""font-size: 60px; font-family: FragmentMono"">THVXZVEWG</p>","","","training","","","","","","",""
"null","null","html-keyboard-response","210","1029494","0.0-11.0-0.41","697a79efb4f34a8176d66d2b","69d7901e3430d13455efb336","69e8e574478f22ea99f7eb3f","<p style=""font-size: 60px; font-family: FragmentMono"">EKYAOVWLD</p>","","","training","","","","","","",""
"null","null","html-keyboard-response","211","1030504","0.0-11.0-0.42","697a79efb4f34a8176d66d2b","69d7901e3430d13455efb336","69e8e574478f22ea99f7eb3f","<p style=""font-size: 60px; font-family: FragmentMono"">DNHQMHIK</p>","","","training","","","","","","",""
"null","null","html-keyboard-response","212","1031520","0.0-11.0-0.43","697a79efb4f34a8176d66d2b","69d7901e3430d13455efb336","69e8e574478f22ea99f7eb3f","<p style=""font-size: 60px; font-family: FragmentMono"">UBSUJWTI</p>","","","training","","","","","","",""
"null","null","html-keyboard-response","213","1032535","0.0-11.0-0.44","697a79efb4f34a8176d66d2b","69d7901e3430d13455efb336","69e8e574478f22ea99f7eb3f","<p style=""font-size: 60px; font-family: FragmentMono"">BWVFDBM</p>","","","training","","","","","","",""
"null","null","html-keyboard-response","214","1033550","0.0-11.0-0.45","697a79efb4f34a8176d66d2b","69d7901e3430d13455efb336","69e8e574478f22ea99f7eb3f","<p style=""font-size: 60px; font-family: FragmentMono"">GHRJQJWTI</p>","","","training","","","","","","",""
"null","null","html-keyboard-response","215","1034551","0.0-11.0-0.46","697a79efb4f34a8176d66d2b","69d7901e3430d13455efb336","69e8e574478f22ea99f7eb3f","<p style=""font-size: 60px; font-family: FragmentMono"">PKCBHEYLH</p>","","","training","","","","","","",""
"null","null","html-keyboard-response","216","1035555","0.0-11.0-0.47","697a79efb4f34a8176d66d2b","69d7901e3430d13455efb336","69e8e574478f22ea99f7eb3f","<p style=""font-size: 60px; font-family: FragmentMono"">TREHXILS</p>","","","training","","","","","","",""
"null","null","html-keyboard-response","217","1036557","0.0-11.0-0.48","697a79efb4f34a8176d66d2b","69d7901e3430d13455efb336","69e8e574478f22ea99f7eb3f","<p style=""font-size: 60px; font-family: FragmentMono"">EZSJITPK</p>","","","training","","","","","","",""
"null","null","html-keyboard-response","218","1037570","0.0-11.0-0.49","697a79efb4f34a8176d66d2b","69d7901e3430d13455efb336","69e8e574478f22ea99f7eb3f","<p style=""font-size: 60px; font-family: FragmentMono"">HSTDKJWTI</p>","","","training","","","","","","",""
"null","null","html-keyboard-response","219","1038586","0.0-11.0-0.50","697a79efb4f34a8176d66d2b","69d7901e3430d13455efb336","69e8e574478f22ea99f7eb3f","<p style=""font-size: 60px; font-family: FragmentMono"">SLHUOYVN</p>","","","training","","","","","","",""
"null","null","html-keyboard-response","220","1039602","0.0-11.0-0.51","697a79efb4f34a8176d66d2b","69d7901e3430d13455efb336","69e8e574478f22ea99f7eb3f","<p style=""font-size: 60px; font-family: FragmentMono"">GHRJQXILS</p>","","","training","","","","","","",""
"null","null","html-keyboard-response","221","1040617","0.0-11.0-0.52","697a79efb4f34a8176d66d2b","69d7901e3430d13455efb336","69e8e574478f22ea99f7eb3f","<p style=""font-size: 60px; font-family: FragmentMono"">WMBWVWLD</p>","","","training","","","","","","",""
"null","null","html-keyboard-response","222","1041628","0.0-11.0-0.53","697a79efb4f34a8176d66d2b","69d7901e3430d13455efb336","69e8e574478f22ea99f7eb3f","<p style=""font-size: 60px; font-family: FragmentMono"">TEKUXILS</p>","","","training","","","","","","",""
"null","null","html-keyboard-response","223","1042644","0.0-11.0-0.54","697a79efb4f34a8176d66d2b","69d7901e3430d13455efb336","69e8e574478f22ea99f7eb3f","<p style=""font-size: 60px; font-family: FragmentMono"">HECNWTPK</p>","","","training","","","","","","",""
"null","null","html-keyboard-response","224","1043649","0.0-11.0-0.55","697a79efb4f34a8176d66d2b","69d7901e3430d13455efb336","69e8e574478f22ea99f7eb3f","<p style=""font-size: 60px; font-family: FragmentMono"">EDMKEYLH</p>","","","training","","","","","","",""
"null","null","html-keyboard-response","225","1044664","0.0-11.0-0.56","697a79efb4f34a8176d66d2b","69d7901e3430d13455efb336","69e8e574478f22ea99f7eb3f","<p style=""font-size: 60px; font-family: FragmentMono"">RWEQMTPK</p>","","","training","","","","","","",""
"null","null","html-keyboard-response","226","1045666","0.0-11.0-0.57","697a79efb4f34a8176d66d2b","69d7901e3430d13455efb336","69e8e574478f22ea99f7eb3f","<p style=""font-size: 60px; font-family: FragmentMono"">BWVFXILS</p>","","","training","","","","","","",""
"null","null","html-keyboard-response","227","1046680","0.0-11.0-0.58","697a79efb4f34a8176d66d2b","69d7901e3430d13455efb336","69e8e574478f22ea99f7eb3f","<p style=""font-size: 60px; font-family: FragmentMono"">THVXZTPK</p>","","","training","","","","","","",""
"null","null","html-keyboard-response","228","1047691","0.0-11.0-0.59","697a79efb4f34a8176d66d2b","69d7901e3430d13455efb336","69e8e574478f22ea99f7eb3f","<p style=""font-size: 60px; font-family: FragmentMono"">PKCBHPBKN</p>","","","training","","","","","","",""
"null","null","html-keyboard-response","229","1048694","0.0-11.0-0.60","697a79efb4f34a8176d66d2b","69d7901e3430d13455efb336","69e8e574478f22ea99f7eb3f","<p style=""font-size: 60px; font-family: FragmentMono"">PVNDEVEWG</p>","","","training","","","","","","",""
"null","null","html-keyboard-response","230","1049710","0.0-11.0-0.61","697a79efb4f34a8176d66d2b","69d7901e3430d13455efb336","69e8e574478f22ea99f7eb3f","<p style=""font-size: 60px; font-family: FragmentMono"">EDMKDBM</p>","","","training","","","","","","",""
"null","null","html-keyboard-response","231","1050722","0.0-11.0-0.62","697a79efb4f34a8176d66d2b","69d7901e3430d13455efb336","69e8e574478f22ea99f7eb3f","<p style=""font-size: 60px; font-family: FragmentMono"">SHXVKYVN</p>","","","training","","","","","","",""
"null","null","html-keyboard-response","232","1051736","0.0-11.0-0.63","697a79efb4f34a8176d66d2b","69d7901e3430d13455efb336","69e8e574478f22ea99f7eb3f","<p style=""font-size: 60px; font-family: FragmentMono"">DNHQMVWLD</p>","","","training","","","","","","",""
"null","null","html-keyboard-response","233","1052753","0.0-11.0-0.64","697a79efb4f34a8176d66d2b","69d7901e3430d13455efb336","69e8e574478f22ea99f7eb3f","<p style=""font-size: 60px; font-family: FragmentMono"">PKCBHJWTI</p>","","","training","","","","","","",""
"null","null","html-keyboard-response","234","1053756","0.0-11.0-0.65","697a79efb4f34a8176d66d2b","69d7901e3430d13455efb336","69e8e574478f22ea99f7eb3f","<p style=""font-size: 60px; font-family: FragmentMono"">UBSUDBM</p>","","","training","","","","","","",""
"null","null","html-keyboard-response","235","1054763","0.0-11.0-0.66","697a79efb4f34a8176d66d2b","69d7901e3430d13455efb336","69e8e574478f22ea99f7eb3f","<p style=""font-size: 60px; font-family: FragmentMono"">EZSJIVEWG</p>","","","training","","","","","","",""
"null","null","html-keyboard-response","236","1055772","0.0-11.0-0.67","697a79efb4f34a8176d66d2b","69d7901e3430d13455efb336","69e8e574478f22ea99f7eb3f","<p style=""font-size: 60px; font-family: FragmentMono"">HECNWYVN</p>","","","training","","","","","","",""
"null","null","html-keyboard-response","237","1056783","0.0-11.0-0.68","697a79efb4f34a8176d66d2b","69d7901e3430d13455efb336","69e8e574478f22ea99f7eb3f","<p style=""font-size: 60px; font-family: FragmentMono"">ESDZQDBM</p>","","","training","","","","","","",""
"null","null","html-keyboard-response","238","1057798","0.0-11.0-0.69","697a79efb4f34a8176d66d2b","69d7901e3430d13455efb336","69e8e574478f22ea99f7eb3f","<p style=""font-size: 60px; font-family: FragmentMono"">HECNWVEWG</p>","","","training","","","","","","",""
"null","null","html-keyboard-response","239","1058813","0.0-11.0-0.70","697a79efb4f34a8176d66d2b","69d7901e3430d13455efb336","69e8e574478f22ea99f7eb3f","<p style=""font-size: 60px; font-family: FragmentMono"">ESDZQPBKN</p>","","","training","","","","","","",""
"null","null","html-keyboard-response","240","1059818","0.0-11.0-0.71","697a79efb4f34a8176d66d2b","69d7901e3430d13455efb336","69e8e574478f22ea99f7eb3f","<p style=""font-size: 60px; font-family: FragmentMono"">SHXVKTPK</p>","","","training","","","","","","",""
"null","null","html-keyboard-response","241","1060830","0.0-11.0-0.72","697a79efb4f34a8176d66d2b","69d7901e3430d13455efb336","69e8e574478f22ea99f7eb3f","<p style=""font-size: 60px; font-family: FragmentMono"">DNHQMYVN</p>","","","training","","","","","","",""
"null","null","html-keyboard-response","242","1061845","0.0-11.0-0.73","697a79efb4f34a8176d66d2b","69d7901e3430d13455efb336","69e8e574478f22ea99f7eb3f","<p style=""font-size: 60px; font-family: FragmentMono"">UBSUEYLH</p>","","","training","","","","","","",""
"null","null","html-keyboard-response","243","1062847","0.0-11.0-0.74","697a79efb4f34a8176d66d2b","69d7901e3430d13455efb336","69e8e574478f22ea99f7eb3f","<p style=""font-size: 60px; font-family: FragmentMono"">EKYAOHIK</p>","","","training","","","","","","",""
"null","null","html-keyboard-response","244","1063853","0.0-11.0-0.75","697a79efb4f34a8176d66d2b","69d7901e3430d13455efb336","69e8e574478f22ea99f7eb3f","<p style=""font-size: 60px; font-family: FragmentMono"">WMBWTPK</p>","","","training","","","","","","",""
"null","null","html-keyboard-response","245","1064866","0.0-11.0-0.76","697a79efb4f34a8176d66d2b","69d7901e3430d13455efb336","69e8e574478f22ea99f7eb3f","<p style=""font-size: 60px; font-family: FragmentMono"">THVXZYVN</p>","","","training","","","","","","",""
"null","null","html-keyboard-response","246","1065875","0.0-11.0-0.77","697a79efb4f34a8176d66d2b","69d7901e3430d13455efb336","69e8e574478f22ea99f7eb3f","<p style=""font-size: 60px; font-family: FragmentMono"">TEKUDBM</p>","","","training","","","","","","",""
"null","null","html-keyboard-response","247","1066891","0.0-11.0-0.78","697a79efb4f34a8176d66d2b","69d7901e3430d13455efb336","69e8e574478f22ea99f7eb3f","<p style=""font-size: 60px; font-family: FragmentMono"">DNHQMVEWG</p>","","","training","","","","","","",""
"null","null","html-keyboard-response","248","1067895","0.0-11.0-0.79","697a79efb4f34a8176d66d2b","69d7901e3430d13455efb336","69e8e574478f22ea99f7eb3f","<p style=""font-size: 60px; font-family: FragmentMono"">EKYAOTPK</p>","","","training","","","","","","",""
"31672"," ","html-keyboard-response","249","1099567","0.0-12.0","697a79efb4f34a8176d66d2b","69d7901e3430d13455efb336","69e8e574478f22ea99f7eb3f","<p style=""font-size: 30px"">Great, you've seen the third block of words. You may now take a short break.</p>
      <p style=""font-size: 30px"">Press the spacebar when you're ready to continue.</p>","","","","","","","","","",""
"null","null","html-keyboard-response","250","1100568","0.0-13.0-0.0","697a79efb4f34a8176d66d2b","69d7901e3430d13455efb336","69e8e574478f22ea99f7eb3f","<p style=""font-size: 60px; font-family: FragmentMono"">UBSUDBM</p>","","","training","","","","","","",""
"null","null","html-keyboard-response","251","1101578","0.0-13.0-0.1","697a79efb4f34a8176d66d2b","69d7901e3430d13455efb336","69e8e574478f22ea99f7eb3f","<p style=""font-size: 60px; font-family: FragmentMono"">GHRJQJWTI</p>","","","training","","","","","","",""
"null","null","html-keyboard-response","252","1102593","0.0-13.0-0.2","697a79efb4f34a8176d66d2b","69d7901e3430d13455efb336","69e8e574478f22ea99f7eb3f","<p style=""font-size: 60px; font-family: FragmentMono"">DNHQMHIK</p>","","","training","","","","","","",""
"null","null","html-keyboard-response","253","1103598","0.0-13.0-0.3","697a79efb4f34a8176d66d2b","69d7901e3430d13455efb336","69e8e574478f22ea99f7eb3f","<p style=""font-size: 60px; font-family: FragmentMono"">WMBWYVN</p>","","","training","","","","","","",""
"null","null","html-keyboard-response","254","1104613","0.0-13.0-0.4","697a79efb4f34a8176d66d2b","69d7901e3430d13455efb336","69e8e574478f22ea99f7eb3f","<p style=""font-size: 60px; font-family: FragmentMono"">HSTDKXILS</p>","","","training","","","","","","",""
"null","null","html-keyboard-response","255","1105623","0.0-13.0-0.5","697a79efb4f34a8176d66d2b","69d7901e3430d13455efb336","69e8e574478f22ea99f7eb3f","<p style=""font-size: 60px; font-family: FragmentMono"">EZSJIYVN</p>","","","training","","","","","","",""
"null","null","html-keyboard-response","256","1106639","0.0-13.0-0.6","697a79efb4f34a8176d66d2b","69d7901e3430d13455efb336","69e8e574478f22ea99f7eb3f","<p style=""font-size: 60px; font-family: FragmentMono"">SLHUOVWLD</p>","","","training","","","","","","",""
"null","null","html-keyboard-response","257","1107656","0.0-13.0-0.7","697a79efb4f34a8176d66d2b","69d7901e3430d13455efb336","69e8e574478f22ea99f7eb3f","<p style=""font-size: 60px; font-family: FragmentMono"">EZSJIHIK</p>","","","training","","","","","","",""
"null","null","html-keyboard-response","258","1108665","0.0-13.0-0.8","697a79efb4f34a8176d66d2b","69d7901e3430d13455efb336","69e8e574478f22ea99f7eb3f","<p style=""font-size: 60px; font-family: FragmentMono"">EKYAOVWLD</p>","","","training","","","","","","",""
"null","null","html-keyboard-response","259","1109671","0.0-13.0-0.9","697a79efb4f34a8176d66d2b","69d7901e3430d13455efb336","69e8e574478f22ea99f7eb3f","<p style=""font-size: 60px; font-family: FragmentMono"">BWVFDBM</p>","","","training","","","","","","",""
"null","null","html-keyboard-response","260","1110676","0.0-13.0-0.10","697a79efb4f34a8176d66d2b","69d7901e3430d13455efb336","69e8e574478f22ea99f7eb3f","<p style=""font-size: 60px; font-family: FragmentMono"">RWEQMVWLD</p>","","","training","","","","","","",""
"null","null","html-keyboard-response","261","1111688","0.0-13.0-0.11","697a79efb4f34a8176d66d2b","69d7901e3430d13455efb336","69e8e574478f22ea99f7eb3f","<p style=""font-size: 60px; font-family: FragmentMono"">THVXZYVN</p>","","","training","","","","","","",""
"null","null","html-keyboard-response","262","1112690","0.0-13.0-0.12","697a79efb4f34a8176d66d2b","69d7901e3430d13455efb336","69e8e574478f22ea99f7eb3f","<p style=""font-size: 60px; font-family: FragmentMono"">ESDZQJWTI</p>","","","training","","","","","","",""
"null","null","html-keyboard-response","263","1113702","0.0-13.0-0.13","697a79efb4f34a8176d66d2b","69d7901e3430d13455efb336","69e8e574478f22ea99f7eb3f","<p style=""font-size: 60px; font-family: FragmentMono"">PKCBHPBKN</p>","","","training","","","","","","",""
"null","null","html-keyboard-response","264","1114717","0.0-13.0-0.14","697a79efb4f34a8176d66d2b","69d7901e3430d13455efb336","69e8e574478f22ea99f7eb3f","<p style=""font-size: 60px; font-family: FragmentMono"">TREHJWTI</p>","","","training","","","","","","",""
"null","null","html-keyboard-response","265","1115732","0.0-13.0-0.15","697a79efb4f34a8176d66d2b","69d7901e3430d13455efb336","69e8e574478f22ea99f7eb3f","<p style=""font-size: 60px; font-family: FragmentMono"">BWVFPBKN</p>","","","training","","","","","","",""
"null","null","html-keyboard-response","266","1116753","0.0-13.0-0.16","697a79efb4f34a8176d66d2b","69d7901e3430d13455efb336","69e8e574478f22ea99f7eb3f","<p style=""font-size: 60px; font-family: FragmentMono"">GHRJQDBM</p>","","","training","","","","","","",""
"null","null","html-keyboard-response","267","1117754","0.0-13.0-0.17","697a79efb4f34a8176d66d2b","69d7901e3430d13455efb336","69e8e574478f22ea99f7eb3f","<p style=""font-size: 60px; font-family: FragmentMono"">ESDZQEYLH</p>","","","training","","","","","","",""
"null","null","html-keyboard-response","268","1118763","0.0-13.0-0.18","697a79efb4f34a8176d66d2b","69d7901e3430d13455efb336","69e8e574478f22ea99f7eb3f","<p style=""font-size: 60px; font-family: FragmentMono"">HSTDKJWTI</p>","","","training","","","","","","",""
"null","null","html-keyboard-response","269","1119766","0.0-13.0-0.19","697a79efb4f34a8176d66d2b","69d7901e3430d13455efb336","69e8e574478f22ea99f7eb3f","<p style=""font-size: 60px; font-family: FragmentMono"">THVXZTPK</p>","","","training","","","","","","",""
"null","null","html-keyboard-response","270","1120771","0.0-13.0-0.20","697a79efb4f34a8176d66d2b","69d7901e3430d13455efb336","69e8e574478f22ea99f7eb3f","<p style=""font-size: 60px; font-family: FragmentMono"">EDMKEYLH</p>","","","training","","","","","","",""
"null","null","html-keyboard-response","271","1121782","0.0-13.0-0.21","697a79efb4f34a8176d66d2b","69d7901e3430d13455efb336","69e8e574478f22ea99f7eb3f","<p style=""font-size: 60px; font-family: FragmentMono"">IMJRFPBKN</p>","","","training","","","","","","",""
"null","null","html-keyboard-response","272","1122798","0.0-13.0-0.22","697a79efb4f34a8176d66d2b","69d7901e3430d13455efb336","69e8e574478f22ea99f7eb3f","<p style=""font-size: 60px; font-family: FragmentMono"">HECNWHIK</p>","","","training","","","","","","",""
"null","null","html-keyboard-response","273","1123810","0.0-13.0-0.23","697a79efb4f34a8176d66d2b","69d7901e3430d13455efb336","69e8e574478f22ea99f7eb3f","<p style=""font-size: 60px; font-family: FragmentMono"">HSTDKPBKN</p>","","","training","","","","","","",""
"null","null","html-keyboard-response","274","1124812","0.0-13.0-0.24","697a79efb4f34a8176d66d2b","69d7901e3430d13455efb336","69e8e574478f22ea99f7eb3f","<p style=""font-size: 60px; font-family: FragmentMono"">SHXVKTPK</p>","","","training","","","","","","",""
"null","null","html-keyboard-response","275","1125823","0.0-13.0-0.25","697a79efb4f34a8176d66d2b","69d7901e3430d13455efb336","69e8e574478f22ea99f7eb3f","<p style=""font-size: 60px; font-family: FragmentMono"">HSTDKEYLH</p>","","","training","","","","","","",""
"null","null","html-keyboard-response","276","1126838","0.0-13.0-0.26","697a79efb4f34a8176d66d2b","69d7901e3430d13455efb336","69e8e574478f22ea99f7eb3f","<p style=""font-size: 60px; font-family: FragmentMono"">EKYAOTPK</p>","","","training","","","","","","",""
"null","null","html-keyboard-response","277","1127846","0.0-13.0-0.27","697a79efb4f34a8176d66d2b","69d7901e3430d13455efb336","69e8e574478f22ea99f7eb3f","<p style=""font-size: 60px; font-family: FragmentMono"">TREHPBKN</p>","","","training","","","","","","",""
"null","null","html-keyboard-response","278","1128847","0.0-13.0-0.28","697a79efb4f34a8176d66d2b","69d7901e3430d13455efb336","69e8e574478f22ea99f7eb3f","<p style=""font-size: 60px; font-family: FragmentMono"">DNHQMVWLD</p>","","","training","","","","","","",""
"null","null","html-keyboard-response","279","1129848","0.0-13.0-0.29","697a79efb4f34a8176d66d2b","69d7901e3430d13455efb336","69e8e574478f22ea99f7eb3f","<p style=""font-size: 60px; font-family: FragmentMono"">HECNWYVN</p>","","","training","","","","","","",""
"null","null","html-keyboard-response","280","1130851","0.0-13.0-0.30","697a79efb4f34a8176d66d2b","69d7901e3430d13455efb336","69e8e574478f22ea99f7eb3f","<p style=""font-size: 60px; font-family: FragmentMono"">TEKUEYLH</p>","","","training","","","","","","",""
"null","null","html-keyboard-response","281","1131868","0.0-13.0-0.31","697a79efb4f34a8176d66d2b","69d7901e3430d13455efb336","69e8e574478f22ea99f7eb3f","<p style=""font-size: 60px; font-family: FragmentMono"">SLHUOHIK</p>","","","training","","","","","","",""
"null","null","html-keyboard-response","282","1132883","0.0-13.0-0.32","697a79efb4f34a8176d66d2b","69d7901e3430d13455efb336","69e8e574478f22ea99f7eb3f","<p style=""font-size: 60px; font-family: FragmentMono"">WMBWVEWG</p>","","","training","","","","","","",""
"null","null","html-keyboard-response","283","1133887","0.0-13.0-0.33","697a79efb4f34a8176d66d2b","69d7901e3430d13455efb336","69e8e574478f22ea99f7eb3f","<p style=""font-size: 60px; font-family: FragmentMono"">SHXVKYVN</p>","","","training","","","","","","",""
"null","null","html-keyboard-response","284","1134889","0.0-13.0-0.34","697a79efb4f34a8176d66d2b","69d7901e3430d13455efb336","69e8e574478f22ea99f7eb3f","<p style=""font-size: 60px; font-family: FragmentMono"">UBSUEYLH</p>","","","training","","","","","","",""
"null","null","html-keyboard-response","285","1135905","0.0-13.0-0.35","697a79efb4f34a8176d66d2b","69d7901e3430d13455efb336","69e8e574478f22ea99f7eb3f","<p style=""font-size: 60px; font-family: FragmentMono"">SLHUOVEWG</p>","","","training","","","","","","",""
"null","null","html-keyboard-response","286","1136920","0.0-13.0-0.36","697a79efb4f34a8176d66d2b","69d7901e3430d13455efb336","69e8e574478f22ea99f7eb3f","<p style=""font-size: 60px; font-family: FragmentMono"">HECNWTPK</p>","","","training","","","","","","",""
"null","null","html-keyboard-response","287","1137921","0.0-13.0-0.37","697a79efb4f34a8176d66d2b","69d7901e3430d13455efb336","69e8e574478f22ea99f7eb3f","<p style=""font-size: 60px; font-family: FragmentMono"">UBSUJWTI</p>","","","training","","","","","","",""
"null","null","html-keyboard-response","288","1138935","0.0-13.0-0.38","697a79efb4f34a8176d66d2b","69d7901e3430d13455efb336","69e8e574478f22ea99f7eb3f","<p style=""font-size: 60px; font-family: FragmentMono"">WMBWTPK</p>","","","training","","","","","","",""
"null","null","html-keyboard-response","289","1139954","0.0-13.0-0.39","697a79efb4f34a8176d66d2b","69d7901e3430d13455efb336","69e8e574478f22ea99f7eb3f","<p style=""font-size: 60px; font-family: FragmentMono"">ESDZQDBM</p>","","","training","","","","","","",""
"null","null","html-keyboard-response","290","1140961","0.0-13.0-0.40","697a79efb4f34a8176d66d2b","69d7901e3430d13455efb336","69e8e574478f22ea99f7eb3f","<p style=""font-size: 60px; font-family: FragmentMono"">RWEQMVEWG</p>","","","training","","","","","","",""
"null","null","html-keyboard-response","291","1141966","0.0-13.0-0.41","697a79efb4f34a8176d66d2b","69d7901e3430d13455efb336","69e8e574478f22ea99f7eb3f","<p style=""font-size: 60px; font-family: FragmentMono"">DNHQMYVN</p>","","","training","","","","","","",""
"null","null","html-keyboard-response","292","1142975","0.0-13.0-0.42","697a79efb4f34a8176d66d2b","69d7901e3430d13455efb336","69e8e574478f22ea99f7eb3f","<p style=""font-size: 60px; font-family: FragmentMono"">UBSUXILS</p>","","","training","","","","","","",""
"null","null","html-keyboard-response","293","1143983","0.0-13.0-0.43","697a79efb4f34a8176d66d2b","69d7901e3430d13455efb336","69e8e574478f22ea99f7eb3f","<p style=""font-size: 60px; font-family: FragmentMono"">TEKUDBM</p>","","","training","","","","","","",""
"null","null","html-keyboard-response","294","1144996","0.0-13.0-0.44","697a79efb4f34a8176d66d2b","69d7901e3430d13455efb336","69e8e574478f22ea99f7eb3f","<p style=""font-size: 60px; font-family: FragmentMono"">PKCBHEYLH</p>","","","training","","","","","","",""
"null","null","html-keyboard-response","295","1146010","0.0-13.0-0.45","697a79efb4f34a8176d66d2b","69d7901e3430d13455efb336","69e8e574478f22ea99f7eb3f","<p style=""font-size: 60px; font-family: FragmentMono"">EZSJITPK</p>","","","training","","","","","","",""
"null","null","html-keyboard-response","296","1147022","0.0-13.0-0.46","697a79efb4f34a8176d66d2b","69d7901e3430d13455efb336","69e8e574478f22ea99f7eb3f","<p style=""font-size: 60px; font-family: FragmentMono"">EDMKDBM</p>","","","training","","","","","","",""
"null","null","html-keyboard-response","297","1148037","0.0-13.0-0.47","697a79efb4f34a8176d66d2b","69d7901e3430d13455efb336","69e8e574478f22ea99f7eb3f","<p style=""font-size: 60px; font-family: FragmentMono"">IMJRFJWTI</p>","","","training","","","","","","",""
"null","null","html-keyboard-response","298","1149038","0.0-13.0-0.48","697a79efb4f34a8176d66d2b","69d7901e3430d13455efb336","69e8e574478f22ea99f7eb3f","<p style=""font-size: 60px; font-family: FragmentMono"">THVXZVWLD</p>","","","training","","","","","","",""
"null","null","html-keyboard-response","299","1150051","0.0-13.0-0.49","697a79efb4f34a8176d66d2b","69d7901e3430d13455efb336","69e8e574478f22ea99f7eb3f","<p style=""font-size: 60px; font-family: FragmentMono"">EDMKXILS</p>","","","training","","","","","","",""
"null","null","html-keyboard-response","300","1151067","0.0-13.0-0.50","697a79efb4f34a8176d66d2b","69d7901e3430d13455efb336","69e8e574478f22ea99f7eb3f","<p style=""font-size: 60px; font-family: FragmentMono"">PVNDETPK</p>","","","training","","","","","","",""
"null","null","html-keyboard-response","301","1152069","0.0-13.0-0.51","697a79efb4f34a8176d66d2b","69d7901e3430d13455efb336","69e8e574478f22ea99f7eb3f","<p style=""font-size: 60px; font-family: FragmentMono"">SLHUOYVN</p>","","","training","","","","","","",""
"null","null","html-keyboard-response","302","1153075","0.0-13.0-0.52","697a79efb4f34a8176d66d2b","69d7901e3430d13455efb336","69e8e574478f22ea99f7eb3f","<p style=""font-size: 60px; font-family: FragmentMono"">WMBWVWLD</p>","","","training","","","","","","",""
"null","null","html-keyboard-response","303","1154076","0.0-13.0-0.53","697a79efb4f34a8176d66d2b","69d7901e3430d13455efb336","69e8e574478f22ea99f7eb3f","<p style=""font-size: 60px; font-family: FragmentMono"">TEKUPBKN</p>","","","training","","","","","","",""
"null","null","html-keyboard-response","304","1155084","0.0-13.0-0.54","697a79efb4f34a8176d66d2b","69d7901e3430d13455efb336","69e8e574478f22ea99f7eb3f","<p style=""font-size: 60px; font-family: FragmentMono"">DNHQMVEWG</p>","","","training","","","","","","",""
"null","null","html-keyboard-response","305","1156086","0.0-13.0-0.55","697a79efb4f34a8176d66d2b","69d7901e3430d13455efb336","69e8e574478f22ea99f7eb3f","<p style=""font-size: 60px; font-family: FragmentMono"">TREHDBM</p>","","","training","","","","","","",""
"null","null","html-keyboard-response","306","1157101","0.0-13.0-0.56","697a79efb4f34a8176d66d2b","69d7901e3430d13455efb336","69e8e574478f22ea99f7eb3f","<p style=""font-size: 60px; font-family: FragmentMono"">PKCBHXILS</p>","","","training","","","","","","",""
"null","null","html-keyboard-response","307","1158111","0.0-13.0-0.57","697a79efb4f34a8176d66d2b","69d7901e3430d13455efb336","69e8e574478f22ea99f7eb3f","<p style=""font-size: 60px; font-family: FragmentMono"">PVNDEVEWG</p>","","","training","","","","","","",""
"null","null","html-keyboard-response","308","1159127","0.0-13.0-0.58","697a79efb4f34a8176d66d2b","69d7901e3430d13455efb336","69e8e574478f22ea99f7eb3f","<p style=""font-size: 60px; font-family: FragmentMono"">TREHXILS</p>","","","training","","","","","","",""
"null","null","html-keyboard-response","309","1160136","0.0-13.0-0.59","697a79efb4f34a8176d66d2b","69d7901e3430d13455efb336","69e8e574478f22ea99f7eb3f","<p style=""font-size: 60px; font-family: FragmentMono"">ESDZQPBKN</p>","","","training","","","","","","",""
"null","null","html-keyboard-response","310","1161153","0.0-13.0-0.60","697a79efb4f34a8176d66d2b","69d7901e3430d13455efb336","69e8e574478f22ea99f7eb3f","<p style=""font-size: 60px; font-family: FragmentMono"">GHRJQXILS</p>","","","training","","","","","","",""
"null","null","html-keyboard-response","311","1162164","0.0-13.0-0.61","697a79efb4f34a8176d66d2b","69d7901e3430d13455efb336","69e8e574478f22ea99f7eb3f","<p style=""font-size: 60px; font-family: FragmentMono"">EKYAOHIK</p>","","","training","","","","","","",""
"null","null","html-keyboard-response","312","1163180","0.0-13.0-0.62","697a79efb4f34a8176d66d2b","69d7901e3430d13455efb336","69e8e574478f22ea99f7eb3f","<p style=""font-size: 60px; font-family: FragmentMono"">SHXVKVWLD</p>","","","training","","","","","","",""
"null","null","html-keyboard-response","313","1164191","0.0-13.0-0.63","697a79efb4f34a8176d66d2b","69d7901e3430d13455efb336","69e8e574478f22ea99f7eb3f","<p style=""font-size: 60px; font-family: FragmentMono"">RWEQMHIK</p>","","","training","","","","","","",""
"null","null","html-keyboard-response","314","1165206","0.0-13.0-0.64","697a79efb4f34a8176d66d2b","69d7901e3430d13455efb336","69e8e574478f22ea99f7eb3f","<p style=""font-size: 60px; font-family: FragmentMono"">BWVFXILS</p>","","","training","","","","","","",""
"null","null","html-keyboard-response","315","1166207","0.0-13.0-0.65","697a79efb4f34a8176d66d2b","69d7901e3430d13455efb336","69e8e574478f22ea99f7eb3f","<p style=""font-size: 60px; font-family: FragmentMono"">RWEQMTPK</p>","","","training","","","","","","",""
"null","null","html-keyboard-response","316","1167221","0.0-13.0-0.66","697a79efb4f34a8176d66d2b","69d7901e3430d13455efb336","69e8e574478f22ea99f7eb3f","<p style=""font-size: 60px; font-family: FragmentMono"">TEKUXILS</p>","","","training","","","","","","",""
"null","null","html-keyboard-response","317","1168224","0.0-13.0-0.67","697a79efb4f34a8176d66d2b","69d7901e3430d13455efb336","69e8e574478f22ea99f7eb3f","<p style=""font-size: 60px; font-family: FragmentMono"">BWVFJWTI</p>","","","training","","","","","","",""
"null","null","html-keyboard-response","318","1169226","0.0-13.0-0.68","697a79efb4f34a8176d66d2b","69d7901e3430d13455efb336","69e8e574478f22ea99f7eb3f","<p style=""font-size: 60px; font-family: FragmentMono"">THVXZVEWG</p>","","","training","","","","","","",""
"null","null","html-keyboard-response","319","1170240","0.0-13.0-0.69","697a79efb4f34a8176d66d2b","69d7901e3430d13455efb336","69e8e574478f22ea99f7eb3f","<p style=""font-size: 60px; font-family: FragmentMono"">PKCBHJWTI</p>","","","training","","","","","","",""
"null","null","html-keyboard-response","320","1171252","0.0-13.0-0.70","697a79efb4f34a8176d66d2b","69d7901e3430d13455efb336","69e8e574478f22ea99f7eb3f","<p style=""font-size: 60px; font-family: FragmentMono"">PVNDEVWLD</p>","","","training","","","","","","",""
"null","null","html-keyboard-response","321","1172267","0.0-13.0-0.71","697a79efb4f34a8176d66d2b","69d7901e3430d13455efb336","69e8e574478f22ea99f7eb3f","<p style=""font-size: 60px; font-family: FragmentMono"">HECNWVEWG</p>","","","training","","","","","","",""
"null","null","html-keyboard-response","322","1173280","0.0-13.0-0.72","697a79efb4f34a8176d66d2b","69d7901e3430d13455efb336","69e8e574478f22ea99f7eb3f","<p style=""font-size: 60px; font-family: FragmentMono"">IMJRFEYLH</p>","","","training","","","","","","",""
"null","null","html-keyboard-response","323","1174287","0.0-13.0-0.73","697a79efb4f34a8176d66d2b","69d7901e3430d13455efb336","69e8e574478f22ea99f7eb3f","<p style=""font-size: 60px; font-family: FragmentMono"">PVNDEHIK</p>","","","training","","","","","","",""
"null","null","html-keyboard-response","324","1175303","0.0-13.0-0.74","697a79efb4f34a8176d66d2b","69d7901e3430d13455efb336","69e8e574478f22ea99f7eb3f","<p style=""font-size: 60px; font-family: FragmentMono"">EKYAOYVN</p>","","","training","","","","","","",""
"null","null","html-keyboard-response","325","1176320","0.0-13.0-0.75","697a79efb4f34a8176d66d2b","69d7901e3430d13455efb336","69e8e574478f22ea99f7eb3f","<p style=""font-size: 60px; font-family: FragmentMono"">IMJRFDBM</p>","","","training","","","","","","",""
"null","null","html-keyboard-response","326","1177333","0.0-13.0-0.76","697a79efb4f34a8176d66d2b","69d7901e3430d13455efb336","69e8e574478f22ea99f7eb3f","<p style=""font-size: 60px; font-family: FragmentMono"">SHXVKHIK</p>","","","training","","","","","","",""
"null","null","html-keyboard-response","327","1178336","0.0-13.0-0.77","697a79efb4f34a8176d66d2b","69d7901e3430d13455efb336","69e8e574478f22ea99f7eb3f","<p style=""font-size: 60px; font-family: FragmentMono"">EZSJIVEWG</p>","","","training","","","","","","",""
"null","null","html-keyboard-response","328","1179350","0.0-13.0-0.78","697a79efb4f34a8176d66d2b","69d7901e3430d13455efb336","69e8e574478f22ea99f7eb3f","<p style=""font-size: 60px; font-family: FragmentMono"">GHRJQEYLH</p>","","","training","","","","","","",""
"null","null","html-keyboard-response","329","1180361","0.0-13.0-0.79","697a79efb4f34a8176d66d2b","69d7901e3430d13455efb336","69e8e574478f22ea99f7eb3f","<p style=""font-size: 60px; font-family: FragmentMono"">EDMKPBKN</p>","","","training","","","","","","",""
"10334"," ","html-keyboard-response","330","1190695","0.0-14.0","697a79efb4f34a8176d66d2b","69d7901e3430d13455efb336","69e8e574478f22ea99f7eb3f","<p style=""font-size: 30px"">Great, you've seen the fourth block of words. You may now take a short break.</p>
      <p style=""font-size: 30px"">Press the spacebar when you're ready to continue.</p>","","","","","","","","","",""
"null","null","html-keyboard-response","331","1191701","0.0-15.0-0.0","697a79efb4f34a8176d66d2b","69d7901e3430d13455efb336","69e8e574478f22ea99f7eb3f","<p style=""font-size: 60px; font-family: FragmentMono"">EKYAOHIK</p>","","","training","","","","","","",""
"null","null","html-keyboard-response","332","1192702","0.0-15.0-0.1","697a79efb4f34a8176d66d2b","69d7901e3430d13455efb336","69e8e574478f22ea99f7eb3f","<p style=""font-size: 60px; font-family: FragmentMono"">HSTDKXILS</p>","","","training","","","","","","",""
"null","null","html-keyboard-response","333","1193716","0.0-15.0-0.2","697a79efb4f34a8176d66d2b","69d7901e3430d13455efb336","69e8e574478f22ea99f7eb3f","<p style=""font-size: 60px; font-family: FragmentMono"">IMJRFDBM</p>","","","training","","","","","","",""
"null","null","html-keyboard-response","334","1194731","0.0-15.0-0.3","697a79efb4f34a8176d66d2b","69d7901e3430d13455efb336","69e8e574478f22ea99f7eb3f","<p style=""font-size: 60px; font-family: FragmentMono"">EZSJITPK</p>","","","training","","","","","","",""
"null","null","html-keyboard-response","335","1195750","0.0-15.0-0.4","697a79efb4f34a8176d66d2b","69d7901e3430d13455efb336","69e8e574478f22ea99f7eb3f","<p style=""font-size: 60px; font-family: FragmentMono"">RWEQMVEWG</p>","","","training","","","","","","",""
"null","null","html-keyboard-response","336","1196763","0.0-15.0-0.5","697a79efb4f34a8176d66d2b","69d7901e3430d13455efb336","69e8e574478f22ea99f7eb3f","<p style=""font-size: 60px; font-family: FragmentMono"">BWVFDBM</p>","","","training","","","","","","",""
"null","null","html-keyboard-response","337","1197769","0.0-15.0-0.6","697a79efb4f34a8176d66d2b","69d7901e3430d13455efb336","69e8e574478f22ea99f7eb3f","<p style=""font-size: 60px; font-family: FragmentMono"">DNHQMVWLD</p>","","","training","","","","","","",""
"null","null","html-keyboard-response","338","1198769","0.0-15.0-0.7","697a79efb4f34a8176d66d2b","69d7901e3430d13455efb336","69e8e574478f22ea99f7eb3f","<p style=""font-size: 60px; font-family: FragmentMono"">PVNDEVEWG</p>","","","training","","","","","","",""
"null","null","html-keyboard-response","339","1199781","0.0-15.0-0.8","697a79efb4f34a8176d66d2b","69d7901e3430d13455efb336","69e8e574478f22ea99f7eb3f","<p style=""font-size: 60px; font-family: FragmentMono"">GHRJQJWTI</p>","","","training","","","","","","",""
"null","null","html-keyboard-response","340","1200793","0.0-15.0-0.9","697a79efb4f34a8176d66d2b","69d7901e3430d13455efb336","69e8e574478f22ea99f7eb3f","<p style=""font-size: 60px; font-family: FragmentMono"">EDMKEYLH</p>","","","training","","","","","","",""
"null","null","html-keyboard-response","341","1201807","0.0-15.0-0.10","697a79efb4f34a8176d66d2b","69d7901e3430d13455efb336","69e8e574478f22ea99f7eb3f","<p style=""font-size: 60px; font-family: FragmentMono"">HECNWTPK</p>","","","training","","","","","","",""
"null","null","html-keyboard-response","342","1202809","0.0-15.0-0.11","697a79efb4f34a8176d66d2b","69d7901e3430d13455efb336","69e8e574478f22ea99f7eb3f","<p style=""font-size: 60px; font-family: FragmentMono"">UBSUXILS</p>","","","training","","","","","","",""
"null","null","html-keyboard-response","343","1203822","0.0-15.0-0.12","697a79efb4f34a8176d66d2b","69d7901e3430d13455efb336","69e8e574478f22ea99f7eb3f","<p style=""font-size: 60px; font-family: FragmentMono"">ESDZQJWTI</p>","","","training","","","","","","",""
"null","null","html-keyboard-response","344","1204828","0.0-15.0-0.13","697a79efb4f34a8176d66d2b","69d7901e3430d13455efb336","69e8e574478f22ea99f7eb3f","<p style=""font-size: 60px; font-family: FragmentMono"">EDMKPBKN</p>","","","training","","","","","","",""
"null","null","html-keyboard-response","345","1205829","0.0-15.0-0.14","697a79efb4f34a8176d66d2b","69d7901e3430d13455efb336","69e8e574478f22ea99f7eb3f","<p style=""font-size: 60px; font-family: FragmentMono"">SLHUOVEWG</p>","","","training","","","","","","",""
"null","null","html-keyboard-response","346","1206846","0.0-15.0-0.15","697a79efb4f34a8176d66d2b","69d7901e3430d13455efb336","69e8e574478f22ea99f7eb3f","<p style=""font-size: 60px; font-family: FragmentMono"">PVNDEHIK</p>","","","training","","","","","","",""
"null","null","html-keyboard-response","347","1207852","0.0-15.0-0.16","697a79efb4f34a8176d66d2b","69d7901e3430d13455efb336","69e8e574478f22ea99f7eb3f","<p style=""font-size: 60px; font-family: FragmentMono"">PKCBHPBKN</p>","","","training","","","","","","",""
"null","null","html-keyboard-response","348","1208869","0.0-15.0-0.17","697a79efb4f34a8176d66d2b","69d7901e3430d13455efb336","69e8e574478f22ea99f7eb3f","<p style=""font-size: 60px; font-family: FragmentMono"">DNHQMHIK</p>","","","training","","","","","","",""
"null","null","html-keyboard-response","349","1209883","0.0-15.0-0.18","697a79efb4f34a8176d66d2b","69d7901e3430d13455efb336","69e8e574478f22ea99f7eb3f","<p style=""font-size: 60px; font-family: FragmentMono"">SHXVKYVN</p>","","","training","","","","","","",""
"null","null","html-keyboard-response","350","1210900","0.0-15.0-0.19","697a79efb4f34a8176d66d2b","69d7901e3430d13455efb336","69e8e574478f22ea99f7eb3f","<p style=""font-size: 60px; font-family: FragmentMono"">RWEQMHIK</p>","","","training","","","","","","",""
"null","null","html-keyboard-response","351","1211905","0.0-15.0-0.20","697a79efb4f34a8176d66d2b","69d7901e3430d13455efb336","69e8e574478f22ea99f7eb3f","<p style=""font-size: 60px; font-family: FragmentMono"">EKYAOVWLD</p>","","","training","","","","","","",""
"null","null","html-keyboard-response","352","1212916","0.0-15.0-0.21","697a79efb4f34a8176d66d2b","69d7901e3430d13455efb336","69e8e574478f22ea99f7eb3f","<p style=""font-size: 60px; font-family: FragmentMono"">TEKUDBM</p>","","","training","","","","","","",""
"null","null","html-keyboard-response","353","1213918","0.0-15.0-0.22","697a79efb4f34a8176d66d2b","69d7901e3430d13455efb336","69e8e574478f22ea99f7eb3f","<p style=""font-size: 60px; font-family: FragmentMono"">HECNWHIK</p>","","","training","","","","","","",""
"null","null","html-keyboard-response","354","1214920","0.0-15.0-0.23","697a79efb4f34a8176d66d2b","69d7901e3430d13455efb336","69e8e574478f22ea99f7eb3f","<p style=""font-size: 60px; font-family: FragmentMono"">TREHDBM</p>","","","training","","","","","","",""
"null","null","html-keyboard-response","355","1215929","0.0-15.0-0.24","697a79efb4f34a8176d66d2b","69d7901e3430d13455efb336","69e8e574478f22ea99f7eb3f","<p style=""font-size: 60px; font-family: FragmentMono"">GHRJQEYLH</p>","","","training","","","","","","",""
"null","null","html-keyboard-response","356","1216939","0.0-15.0-0.25","697a79efb4f34a8176d66d2b","69d7901e3430d13455efb336","69e8e574478f22ea99f7eb3f","<p style=""font-size: 60px; font-family: FragmentMono"">TREHXILS</p>","","","training","","","","","","",""
"null","null","html-keyboard-response","357","1217953","0.0-15.0-0.26","697a79efb4f34a8176d66d2b","69d7901e3430d13455efb336","69e8e574478f22ea99f7eb3f","<p style=""font-size: 60px; font-family: FragmentMono"">UBSUDBM</p>","","","training","","","","","","",""
"null","null","html-keyboard-response","358","1218961","0.0-15.0-0.27","697a79efb4f34a8176d66d2b","69d7901e3430d13455efb336","69e8e574478f22ea99f7eb3f","<p style=""font-size: 60px; font-family: FragmentMono"">THVXZYVN</p>","","","training","","","","","","",""
"null","null","html-keyboard-response","359","1219965","0.0-15.0-0.28","697a79efb4f34a8176d66d2b","69d7901e3430d13455efb336","69e8e574478f22ea99f7eb3f","<p style=""font-size: 60px; font-family: FragmentMono"">PVNDETPK</p>","","","training","","","","","","",""
"null","null","html-keyboard-response","360","1220981","0.0-15.0-0.29","697a79efb4f34a8176d66d2b","69d7901e3430d13455efb336","69e8e574478f22ea99f7eb3f","<p style=""font-size: 60px; font-family: FragmentMono"">HSTDKJWTI</p>","","","training","","","","","","",""
"null","null","html-keyboard-response","361","1221983","0.0-15.0-0.30","697a79efb4f34a8176d66d2b","69d7901e3430d13455efb336","69e8e574478f22ea99f7eb3f","<p style=""font-size: 60px; font-family: FragmentMono"">SLHUOHIK</p>","","","training","","","","","","",""
"null","null","html-keyboard-response","362","1222998","0.0-15.0-0.31","697a79efb4f34a8176d66d2b","69d7901e3430d13455efb336","69e8e574478f22ea99f7eb3f","<p style=""font-size: 60px; font-family: FragmentMono"">THVXZTPK</p>","","","training","","","","","","",""
"null","null","html-keyboard-response","363","1224006","0.0-15.0-0.32","697a79efb4f34a8176d66d2b","69d7901e3430d13455efb336","69e8e574478f22ea99f7eb3f","<p style=""font-size: 60px; font-family: FragmentMono"">HSTDKEYLH</p>","","","training","","","","","","",""
"null","null","html-keyboard-response","364","1225008","0.0-15.0-0.33","697a79efb4f34a8176d66d2b","69d7901e3430d13455efb336","69e8e574478f22ea99f7eb3f","<p style=""font-size: 60px; font-family: FragmentMono"">EDMKDBM</p>","","","training","","","","","","",""
"null","null","html-keyboard-response","365","1226021","0.0-15.0-0.34","697a79efb4f34a8176d66d2b","69d7901e3430d13455efb336","69e8e574478f22ea99f7eb3f","<p style=""font-size: 60px; font-family: FragmentMono"">RWEQMVWLD</p>","","","training","","","","","","",""
"null","null","html-keyboard-response","366","1227022","0.0-15.0-0.35","697a79efb4f34a8176d66d2b","69d7901e3430d13455efb336","69e8e574478f22ea99f7eb3f","<p style=""font-size: 60px; font-family: FragmentMono"">PKCBHXILS</p>","","","training","","","","","","",""
"null","null","html-keyboard-response","367","1228036","0.0-15.0-0.36","697a79efb4f34a8176d66d2b","69d7901e3430d13455efb336","69e8e574478f22ea99f7eb3f","<p style=""font-size: 60px; font-family: FragmentMono"">ESDZQPBKN</p>","","","training","","","","","","",""
"null","null","html-keyboard-response","368","1229043","0.0-15.0-0.37","697a79efb4f34a8176d66d2b","69d7901e3430d13455efb336","69e8e574478f22ea99f7eb3f","<p style=""font-size: 60px; font-family: FragmentMono"">PKCBHJWTI</p>","","","training","","","","","","",""
"null","null","html-keyboard-response","369","1230045","0.0-15.0-0.38","697a79efb4f34a8176d66d2b","69d7901e3430d13455efb336","69e8e574478f22ea99f7eb3f","<p style=""font-size: 60px; font-family: FragmentMono"">DNHQMYVN</p>","","","training","","","","","","",""
"null","null","html-keyboard-response","370","1231056","0.0-15.0-0.39","697a79efb4f34a8176d66d2b","69d7901e3430d13455efb336","69e8e574478f22ea99f7eb3f","<p style=""font-size: 60px; font-family: FragmentMono"">IMJRFPBKN</p>","","","training","","","","","","",""
"null","null","html-keyboard-response","371","1232060","0.0-15.0-0.40","697a79efb4f34a8176d66d2b","69d7901e3430d13455efb336","69e8e574478f22ea99f7eb3f","<p style=""font-size: 60px; font-family: FragmentMono"">EZSJIYVN</p>","","","training","","","","","","",""
"null","null","html-keyboard-response","372","1233070","0.0-15.0-0.41","697a79efb4f34a8176d66d2b","69d7901e3430d13455efb336","69e8e574478f22ea99f7eb3f","<p style=""font-size: 60px; font-family: FragmentMono"">THVXZVWLD</p>","","","training","","","","","","",""
"null","null","html-keyboard-response","373","1234085","0.0-15.0-0.42","697a79efb4f34a8176d66d2b","69d7901e3430d13455efb336","69e8e574478f22ea99f7eb3f","<p style=""font-size: 60px; font-family: FragmentMono"">UBSUEYLH</p>","","","training","","","","","","",""
"null","null","html-keyboard-response","374","1235101","0.0-15.0-0.43","697a79efb4f34a8176d66d2b","69d7901e3430d13455efb336","69e8e574478f22ea99f7eb3f","<p style=""font-size: 60px; font-family: FragmentMono"">DNHQMVEWG</p>","","","training","","","","","","",""
"null","null","html-keyboard-response","375","1236113","0.0-15.0-0.44","697a79efb4f34a8176d66d2b","69d7901e3430d13455efb336","69e8e574478f22ea99f7eb3f","<p style=""font-size: 60px; font-family: FragmentMono"">UBSUJWTI</p>","","","training","","","","","","",""
"null","null","html-keyboard-response","376","1237116","0.0-15.0-0.45","697a79efb4f34a8176d66d2b","69d7901e3430d13455efb336","69e8e574478f22ea99f7eb3f","<p style=""font-size: 60px; font-family: FragmentMono"">SHXVKHIK</p>","","","training","","","","","","",""
"null","null","html-keyboard-response","377","1238131","0.0-15.0-0.46","697a79efb4f34a8176d66d2b","69d7901e3430d13455efb336","69e8e574478f22ea99f7eb3f","<p style=""font-size: 60px; font-family: FragmentMono"">IMJRFEYLH</p>","","","training","","","","","","",""
"null","null","html-keyboard-response","378","1239132","0.0-15.0-0.47","697a79efb4f34a8176d66d2b","69d7901e3430d13455efb336","69e8e574478f22ea99f7eb3f","<p style=""font-size: 60px; font-family: FragmentMono"">WMBWYVN</p>","","","training","","","","","","",""
"null","null","html-keyboard-response","379","1240142","0.0-15.0-0.48","697a79efb4f34a8176d66d2b","69d7901e3430d13455efb336","69e8e574478f22ea99f7eb3f","<p style=""font-size: 60px; font-family: FragmentMono"">RWEQMTPK</p>","","","training","","","","","","",""
"null","null","html-keyboard-response","380","1241158","0.0-15.0-0.49","697a79efb4f34a8176d66d2b","69d7901e3430d13455efb336","69e8e574478f22ea99f7eb3f","<p style=""font-size: 60px; font-family: FragmentMono"">GHRJQXILS</p>","","","training","","","","","","",""
"null","null","html-keyboard-response","381","1242158","0.0-15.0-0.50","697a79efb4f34a8176d66d2b","69d7901e3430d13455efb336","69e8e574478f22ea99f7eb3f","<p style=""font-size: 60px; font-family: FragmentMono"">EKYAOYVN</p>","","","training","","","","","","",""
"null","null","html-keyboard-response","382","1243173","0.0-15.0-0.51","697a79efb4f34a8176d66d2b","69d7901e3430d13455efb336","69e8e574478f22ea99f7eb3f","<p style=""font-size: 60px; font-family: FragmentMono"">HSTDKPBKN</p>","","","training","","","","","","",""
"null","null","html-keyboard-response","383","1244189","0.0-15.0-0.52","697a79efb4f34a8176d66d2b","69d7901e3430d13455efb336","69e8e574478f22ea99f7eb3f","<p style=""font-size: 60px; font-family: FragmentMono"">ESDZQDBM</p>","","","training","","","","","","",""
"null","null","html-keyboard-response","384","1245197","0.0-15.0-0.53","697a79efb4f34a8176d66d2b","69d7901e3430d13455efb336","69e8e574478f22ea99f7eb3f","<p style=""font-size: 60px; font-family: FragmentMono"">TEKUEYLH</p>","","","training","","","","","","",""
"null","null","html-keyboard-response","385","1246209","0.0-15.0-0.54","697a79efb4f34a8176d66d2b","69d7901e3430d13455efb336","69e8e574478f22ea99f7eb3f","<p style=""font-size: 60px; font-family: FragmentMono"">WMBWVWLD</p>","","","training","","","","","","",""
"null","null","html-keyboard-response","386","1247220","0.0-15.0-0.55","697a79efb4f34a8176d66d2b","69d7901e3430d13455efb336","69e8e574478f22ea99f7eb3f","<p style=""font-size: 60px; font-family: FragmentMono"">SHXVKTPK</p>","","","training","","","","","","",""
"null","null","html-keyboard-response","387","1248236","0.0-15.0-0.56","697a79efb4f34a8176d66d2b","69d7901e3430d13455efb336","69e8e574478f22ea99f7eb3f","<p style=""font-size: 60px; font-family: FragmentMono"">TREHJWTI</p>","","","training","","","","","","",""
"null","null","html-keyboard-response","388","1249250","0.0-15.0-0.57","697a79efb4f34a8176d66d2b","69d7901e3430d13455efb336","69e8e574478f22ea99f7eb3f","<p style=""font-size: 60px; font-family: FragmentMono"">HECNWVEWG</p>","","","training","","","","","","",""
"null","null","html-keyboard-response","389","1250255","0.0-15.0-0.58","697a79efb4f34a8176d66d2b","69d7901e3430d13455efb336","69e8e574478f22ea99f7eb3f","<p style=""font-size: 60px; font-family: FragmentMono"">ESDZQEYLH</p>","","","training","","","","","","",""
"null","null","html-keyboard-response","390","1251266","0.0-15.0-0.59","697a79efb4f34a8176d66d2b","69d7901e3430d13455efb336","69e8e574478f22ea99f7eb3f","<p style=""font-size: 60px; font-family: FragmentMono"">GHRJQDBM</p>","","","training","","","","","","",""
"null","null","html-keyboard-response","391","1252270","0.0-15.0-0.60","697a79efb4f34a8176d66d2b","69d7901e3430d13455efb336","69e8e574478f22ea99f7eb3f","<p style=""font-size: 60px; font-family: FragmentMono"">BWVFXILS</p>","","","training","","","","","","",""
"null","null","html-keyboard-response","392","1253273","0.0-15.0-0.61","697a79efb4f34a8176d66d2b","69d7901e3430d13455efb336","69e8e574478f22ea99f7eb3f","<p style=""font-size: 60px; font-family: FragmentMono"">PVNDEVWLD</p>","","","training","","","","","","",""
"null","null","html-keyboard-response","393","1254286","0.0-15.0-0.62","697a79efb4f34a8176d66d2b","69d7901e3430d13455efb336","69e8e574478f22ea99f7eb3f","<p style=""font-size: 60px; font-family: FragmentMono"">HECNWYVN</p>","","","training","","","","","","",""
"null","null","html-keyboard-response","394","1255302","0.0-15.0-0.63","697a79efb4f34a8176d66d2b","69d7901e3430d13455efb336","69e8e574478f22ea99f7eb3f","<p style=""font-size: 60px; font-family: FragmentMono"">WMBWVEWG</p>","","","training","","","","","","",""
"null","null","html-keyboard-response","395","1256317","0.0-15.0-0.64","697a79efb4f34a8176d66d2b","69d7901e3430d13455efb336","69e8e574478f22ea99f7eb3f","<p style=""font-size: 60px; font-family: FragmentMono"">BWVFPBKN</p>","","","training","","","","","","",""
"null","null","html-keyboard-response","396","1257333","0.0-15.0-0.65","697a79efb4f34a8176d66d2b","69d7901e3430d13455efb336","69e8e574478f22ea99f7eb3f","<p style=""font-size: 60px; font-family: FragmentMono"">EKYAOTPK</p>","","","training","","","","","","",""
"null","null","html-keyboard-response","397","1258343","0.0-15.0-0.66","697a79efb4f34a8176d66d2b","69d7901e3430d13455efb336","69e8e574478f22ea99f7eb3f","<p style=""font-size: 60px; font-family: FragmentMono"">EZSJIVEWG</p>","","","training","","","","","","",""
"null","null","html-keyboard-response","398","1259348","0.0-15.0-0.67","697a79efb4f34a8176d66d2b","69d7901e3430d13455efb336","69e8e574478f22ea99f7eb3f","<p style=""font-size: 60px; font-family: FragmentMono"">SLHUOYVN</p>","","","training","","","","","","",""
"null","null","html-keyboard-response","399","1260359","0.0-15.0-0.68","697a79efb4f34a8176d66d2b","69d7901e3430d13455efb336","69e8e574478f22ea99f7eb3f","<p style=""font-size: 60px; font-family: FragmentMono"">PKCBHEYLH</p>","","","training","","","","","","",""
"null","null","html-keyboard-response","400","1261365","0.0-15.0-0.69","697a79efb4f34a8176d66d2b","69d7901e3430d13455efb336","69e8e574478f22ea99f7eb3f","<p style=""font-size: 60px; font-family: FragmentMono"">IMJRFJWTI</p>","","","training","","","","","","",""
"null","null","html-keyboard-response","401","1262366","0.0-15.0-0.70","697a79efb4f34a8176d66d2b","69d7901e3430d13455efb336","69e8e574478f22ea99f7eb3f","<p style=""font-size: 60px; font-family: FragmentMono"">EZSJIHIK</p>","","","training","","","","","","",""
"null","null","html-keyboard-response","402","1263379","0.0-15.0-0.71","697a79efb4f34a8176d66d2b","69d7901e3430d13455efb336","69e8e574478f22ea99f7eb3f","<p style=""font-size: 60px; font-family: FragmentMono"">TREHPBKN</p>","","","training","","","","","","",""
"null","null","html-keyboard-response","403","1264390","0.0-15.0-0.72","697a79efb4f34a8176d66d2b","69d7901e3430d13455efb336","69e8e574478f22ea99f7eb3f","<p style=""font-size: 60px; font-family: FragmentMono"">SLHUOVWLD</p>","","","training","","","","","","",""
"null","null","html-keyboard-response","404","1265403","0.0-15.0-0.73","697a79efb4f34a8176d66d2b","69d7901e3430d13455efb336","69e8e574478f22ea99f7eb3f","<p style=""font-size: 60px; font-family: FragmentMono"">TEKUXILS</p>","","","training","","","","","","",""
"null","null","html-keyboard-response","405","1266404","0.0-15.0-0.74","697a79efb4f34a8176d66d2b","69d7901e3430d13455efb336","69e8e574478f22ea99f7eb3f","<p style=""font-size: 60px; font-family: FragmentMono"">SHXVKVWLD</p>","","","training","","","","","","",""
"null","null","html-keyboard-response","406","1267420","0.0-15.0-0.75","697a79efb4f34a8176d66d2b","69d7901e3430d13455efb336","69e8e574478f22ea99f7eb3f","<p style=""font-size: 60px; font-family: FragmentMono"">TEKUPBKN</p>","","","training","","","","","","",""
"null","null","html-keyboard-response","407","1268440","0.0-15.0-0.76","697a79efb4f34a8176d66d2b","69d7901e3430d13455efb336","69e8e574478f22ea99f7eb3f","<p style=""font-size: 60px; font-family: FragmentMono"">THVXZVEWG</p>","","","training","","","","","","",""
"null","null","html-keyboard-response","408","1269454","0.0-15.0-0.77","697a79efb4f34a8176d66d2b","69d7901e3430d13455efb336","69e8e574478f22ea99f7eb3f","<p style=""font-size: 60px; font-family: FragmentMono"">EDMKXILS</p>","","","training","","","","","","",""
"null","null","html-keyboard-response","409","1270459","0.0-15.0-0.78","697a79efb4f34a8176d66d2b","69d7901e3430d13455efb336","69e8e574478f22ea99f7eb3f","<p style=""font-size: 60px; font-family: FragmentMono"">WMBWTPK</p>","","","training","","","","","","",""
"null","null","html-keyboard-response","410","1271471","0.0-15.0-0.79","697a79efb4f34a8176d66d2b","69d7901e3430d13455efb336","69e8e574478f22ea99f7eb3f","<p style=""font-size: 60px; font-family: FragmentMono"">BWVFJWTI</p>","","","training","","","","","","",""
"2244"," ","html-keyboard-response","411","1273715","0.0-16.0","697a79efb4f34a8176d66d2b","69d7901e3430d13455efb336","69e8e574478f22ea99f7eb3f","<p style=""font-size: 30px"">Great, you've seen the fifth block of words. You may now take a short break.</p>
      <p style=""font-size: 30px"">Press the spacebar when you're ready to continue.</p>","","","","","","","","","",""
"null","null","html-keyboard-response","412","1274716","0.0-17.0-0.0","697a79efb4f34a8176d66d2b","69d7901e3430d13455efb336","69e8e574478f22ea99f7eb3f","<p style=""font-size: 60px; font-family: FragmentMono"">ESDZQJWTI</p>","","","training","","","","","","",""
"null","null","html-keyboard-response","413","1275716","0.0-17.0-0.1","697a79efb4f34a8176d66d2b","69d7901e3430d13455efb336","69e8e574478f22ea99f7eb3f","<p style=""font-size: 60px; font-family: FragmentMono"">EZSJIVEWG</p>","","","training","","","","","","",""
"null","null","html-keyboard-response","414","1276731","0.0-17.0-0.2","697a79efb4f34a8176d66d2b","69d7901e3430d13455efb336","69e8e574478f22ea99f7eb3f","<p style=""font-size: 60px; font-family: FragmentMono"">TEKUEYLH</p>","","","training","","","","","","",""
"null","null","html-keyboard-response","415","1277744","0.0-17.0-0.3","697a79efb4f34a8176d66d2b","69d7901e3430d13455efb336","69e8e574478f22ea99f7eb3f","<p style=""font-size: 60px; font-family: FragmentMono"">EKYAOVWLD</p>","","","training","","","","","","",""
"null","null","html-keyboard-response","416","1278744","0.0-17.0-0.4","697a79efb4f34a8176d66d2b","69d7901e3430d13455efb336","69e8e574478f22ea99f7eb3f","<p style=""font-size: 60px; font-family: FragmentMono"">THVXZVEWG</p>","","","training","","","","","","",""
"null","null","html-keyboard-response","417","1279759","0.0-17.0-0.5","697a79efb4f34a8176d66d2b","69d7901e3430d13455efb336","69e8e574478f22ea99f7eb3f","<p style=""font-size: 60px; font-family: FragmentMono"">IMJRFPBKN</p>","","","training","","","","","","",""
"null","null","html-keyboard-response","418","1280767","0.0-17.0-0.6","697a79efb4f34a8176d66d2b","69d7901e3430d13455efb336","69e8e574478f22ea99f7eb3f","<p style=""font-size: 60px; font-family: FragmentMono"">TEKUXILS</p>","","","training","","","","","","",""
"null","null","html-keyboard-response","419","1281780","0.0-17.0-0.7","697a79efb4f34a8176d66d2b","69d7901e3430d13455efb336","69e8e574478f22ea99f7eb3f","<p style=""font-size: 60px; font-family: FragmentMono"">DNHQMYVN</p>","","","training","","","","","","",""
"null","null","html-keyboard-response","420","1282790","0.0-17.0-0.8","697a79efb4f34a8176d66d2b","69d7901e3430d13455efb336","69e8e574478f22ea99f7eb3f","<p style=""font-size: 60px; font-family: FragmentMono"">SLHUOVWLD</p>","","","training","","","","","","",""
"null","null","html-keyboard-response","421","1283791","0.0-17.0-0.9","697a79efb4f34a8176d66d2b","69d7901e3430d13455efb336","69e8e574478f22ea99f7eb3f","<p style=""font-size: 60px; font-family: FragmentMono"">PVNDEHIK</p>","","","training","","","","","","",""
"null","null","html-keyboard-response","422","1284806","0.0-17.0-0.10","697a79efb4f34a8176d66d2b","69d7901e3430d13455efb336","69e8e574478f22ea99f7eb3f","<p style=""font-size: 60px; font-family: FragmentMono"">TREHXILS</p>","","","training","","","","","","",""
"null","null","html-keyboard-response","423","1285821","0.0-17.0-0.11","697a79efb4f34a8176d66d2b","69d7901e3430d13455efb336","69e8e574478f22ea99f7eb3f","<p style=""font-size: 60px; font-family: FragmentMono"">SHXVKTPK</p>","","","training","","","","","","",""
"null","null","html-keyboard-response","424","1286837","0.0-17.0-0.12","697a79efb4f34a8176d66d2b","69d7901e3430d13455efb336","69e8e574478f22ea99f7eb3f","<p style=""font-size: 60px; font-family: FragmentMono"">HSTDKJWTI</p>","","","training","","","","","","",""
"null","null","html-keyboard-response","425","1287852","0.0-17.0-0.13","697a79efb4f34a8176d66d2b","69d7901e3430d13455efb336","69e8e574478f22ea99f7eb3f","<p style=""font-size: 60px; font-family: FragmentMono"">HECNWHIK</p>","","","training","","","","","","",""
"null","null","html-keyboard-response","426","1288858","0.0-17.0-0.14","697a79efb4f34a8176d66d2b","69d7901e3430d13455efb336","69e8e574478f22ea99f7eb3f","<p style=""font-size: 60px; font-family: FragmentMono"">TREHPBKN</p>","","","training","","","","","","",""
"null","null","html-keyboard-response","427","1289872","0.0-17.0-0.15","697a79efb4f34a8176d66d2b","69d7901e3430d13455efb336","69e8e574478f22ea99f7eb3f","<p style=""font-size: 60px; font-family: FragmentMono"">HECNWYVN</p>","","","training","","","","","","",""
"null","null","html-keyboard-response","428","1290888","0.0-17.0-0.16","697a79efb4f34a8176d66d2b","69d7901e3430d13455efb336","69e8e574478f22ea99f7eb3f","<p style=""font-size: 60px; font-family: FragmentMono"">ESDZQEYLH</p>","","","training","","","","","","",""
"null","null","html-keyboard-response","429","1291900","0.0-17.0-0.17","697a79efb4f34a8176d66d2b","69d7901e3430d13455efb336","69e8e574478f22ea99f7eb3f","<p style=""font-size: 60px; font-family: FragmentMono"">WMBWTPK</p>","","","training","","","","","","",""
"null","null","html-keyboard-response","430","1292915","0.0-17.0-0.18","697a79efb4f34a8176d66d2b","69d7901e3430d13455efb336","69e8e574478f22ea99f7eb3f","<p style=""font-size: 60px; font-family: FragmentMono"">EZSJIYVN</p>","","","training","","","","","","",""
"null","null","html-keyboard-response","431","1293931","0.0-17.0-0.19","697a79efb4f34a8176d66d2b","69d7901e3430d13455efb336","69e8e574478f22ea99f7eb3f","<p style=""font-size: 60px; font-family: FragmentMono"">IMJRFJWTI</p>","","","training","","","","","","",""
"null","null","html-keyboard-response","432","1294932","0.0-17.0-0.20","697a79efb4f34a8176d66d2b","69d7901e3430d13455efb336","69e8e574478f22ea99f7eb3f","<p style=""font-size: 60px; font-family: FragmentMono"">EKYAOTPK</p>","","","training","","","","","","",""
"null","null","html-keyboard-response","433","1295934","0.0-17.0-0.21","697a79efb4f34a8176d66d2b","69d7901e3430d13455efb336","69e8e574478f22ea99f7eb3f","<p style=""font-size: 60px; font-family: FragmentMono"">IMJRFDBM</p>","","","training","","","","","","",""
"null","null","html-keyboard-response","434","1296949","0.0-17.0-0.22","697a79efb4f34a8176d66d2b","69d7901e3430d13455efb336","69e8e574478f22ea99f7eb3f","<p style=""font-size: 60px; font-family: FragmentMono"">SLHUOHIK</p>","","","training","","","","","","",""
"null","null","html-keyboard-response","435","1297952","0.0-17.0-0.23","697a79efb4f34a8176d66d2b","69d7901e3430d13455efb336","69e8e574478f22ea99f7eb3f","<p style=""font-size: 60px; font-family: FragmentMono"">THVXZTPK</p>","","","training","","","","","","",""
"null","null","html-keyboard-response","436","1298969","0.0-17.0-0.24","697a79efb4f34a8176d66d2b","69d7901e3430d13455efb336","69e8e574478f22ea99f7eb3f","<p style=""font-size: 60px; font-family: FragmentMono"">EKYAOYVN</p>","","","training","","","","","","",""
"null","null","html-keyboard-response","437","1299976","0.0-17.0-0.25","697a79efb4f34a8176d66d2b","69d7901e3430d13455efb336","69e8e574478f22ea99f7eb3f","<p style=""font-size: 60px; font-family: FragmentMono"">BWVFJWTI</p>","","","training","","","","","","",""
"null","null","html-keyboard-response","438","1300992","0.0-17.0-0.26","697a79efb4f34a8176d66d2b","69d7901e3430d13455efb336","69e8e574478f22ea99f7eb3f","<p style=""font-size: 60px; font-family: FragmentMono"">RWEQMTPK</p>","","","training","","","","","","",""
"null","null","html-keyboard-response","439","1302008","0.0-17.0-0.27","697a79efb4f34a8176d66d2b","69d7901e3430d13455efb336","69e8e574478f22ea99f7eb3f","<p style=""font-size: 60px; font-family: FragmentMono"">IMJRFEYLH</p>","","","training","","","","","","",""
"null","null","html-keyboard-response","440","1303023","0.0-17.0-0.28","697a79efb4f34a8176d66d2b","69d7901e3430d13455efb336","69e8e574478f22ea99f7eb3f","<p style=""font-size: 60px; font-family: FragmentMono"">BWVFDBM</p>","","","training","","","","","","",""
"null","null","html-keyboard-response","441","1304038","0.0-17.0-0.29","697a79efb4f34a8176d66d2b","69d7901e3430d13455efb336","69e8e574478f22ea99f7eb3f","<p style=""font-size: 60px; font-family: FragmentMono"">SHXVKVWLD</p>","","","training","","","","","","",""
"null","null","html-keyboard-response","442","1305054","0.0-17.0-0.30","697a79efb4f34a8176d66d2b","69d7901e3430d13455efb336","69e8e574478f22ea99f7eb3f","<p style=""font-size: 60px; font-family: FragmentMono"">UBSUDBM</p>","","","training","","","","","","",""
"null","null","html-keyboard-response","443","1306061","0.0-17.0-0.31","697a79efb4f34a8176d66d2b","69d7901e3430d13455efb336","69e8e574478f22ea99f7eb3f","<p style=""font-size: 60px; font-family: FragmentMono"">RWEQMVEWG</p>","","","training","","","","","","",""
"null","null","html-keyboard-response","444","1307076","0.0-17.0-0.32","697a79efb4f34a8176d66d2b","69d7901e3430d13455efb336","69e8e574478f22ea99f7eb3f","<p style=""font-size: 60px; font-family: FragmentMono"">PKCBHEYLH</p>","","","training","","","","","","",""
"null","null","html-keyboard-response","445","1308084","0.0-17.0-0.33","697a79efb4f34a8176d66d2b","69d7901e3430d13455efb336","69e8e574478f22ea99f7eb3f","<p style=""font-size: 60px; font-family: FragmentMono"">HSTDKPBKN</p>","","","training","","","","","","",""
"null","null","html-keyboard-response","446","1309086","0.0-17.0-0.34","697a79efb4f34a8176d66d2b","69d7901e3430d13455efb336","69e8e574478f22ea99f7eb3f","<p style=""font-size: 60px; font-family: FragmentMono"">UBSUXILS</p>","","","training","","","","","","",""
"null","null","html-keyboard-response","447","1310101","0.0-17.0-0.35","697a79efb4f34a8176d66d2b","69d7901e3430d13455efb336","69e8e574478f22ea99f7eb3f","<p style=""font-size: 60px; font-family: FragmentMono"">SLHUOVEWG</p>","","","training","","","","","","",""
"null","null","html-keyboard-response","448","1311116","0.0-17.0-0.36","697a79efb4f34a8176d66d2b","69d7901e3430d13455efb336","69e8e574478f22ea99f7eb3f","<p style=""font-size: 60px; font-family: FragmentMono"">TREHDBM</p>","","","training","","","","","","",""
"null","null","html-keyboard-response","449","1312117","0.0-17.0-0.37","697a79efb4f34a8176d66d2b","69d7901e3430d13455efb336","69e8e574478f22ea99f7eb3f","<p style=""font-size: 60px; font-family: FragmentMono"">RWEQMHIK</p>","","","training","","","","","","",""
"null","null","html-keyboard-response","450","1313131","0.0-17.0-0.38","697a79efb4f34a8176d66d2b","69d7901e3430d13455efb336","69e8e574478f22ea99f7eb3f","<p style=""font-size: 60px; font-family: FragmentMono"">DNHQMVWLD</p>","","","training","","","","","","",""
"null","null","html-keyboard-response","451","1314134","0.0-17.0-0.39","697a79efb4f34a8176d66d2b","69d7901e3430d13455efb336","69e8e574478f22ea99f7eb3f","<p style=""font-size: 60px; font-family: FragmentMono"">GHRJQJWTI</p>","","","training","","","","","","",""
"null","null","html-keyboard-response","452","1315135","0.0-17.0-0.40","697a79efb4f34a8176d66d2b","69d7901e3430d13455efb336","69e8e574478f22ea99f7eb3f","<p style=""font-size: 60px; font-family: FragmentMono"">EKYAOHIK</p>","","","training","","","","","","",""
"null","null","html-keyboard-response","453","1316146","0.0-17.0-0.41","697a79efb4f34a8176d66d2b","69d7901e3430d13455efb336","69e8e574478f22ea99f7eb3f","<p style=""font-size: 60px; font-family: FragmentMono"">EZSJITPK</p>","","","training","","","","","","",""
"null","null","html-keyboard-response","454","1317150","0.0-17.0-0.42","697a79efb4f34a8176d66d2b","69d7901e3430d13455efb336","69e8e574478f22ea99f7eb3f","<p style=""font-size: 60px; font-family: FragmentMono"">SHXVKYVN</p>","","","training","","","","","","",""
"null","null","html-keyboard-response","455","1318165","0.0-17.0-0.43","697a79efb4f34a8176d66d2b","69d7901e3430d13455efb336","69e8e574478f22ea99f7eb3f","<p style=""font-size: 60px; font-family: FragmentMono"">THVXZVWLD</p>","","","training","","","","","","",""
"null","null","html-keyboard-response","456","1319167","0.0-17.0-0.44","697a79efb4f34a8176d66d2b","69d7901e3430d13455efb336","69e8e574478f22ea99f7eb3f","<p style=""font-size: 60px; font-family: FragmentMono"">ESDZQDBM</p>","","","training","","","","","","",""
"null","null","html-keyboard-response","457","1320180","0.0-17.0-0.45","697a79efb4f34a8176d66d2b","69d7901e3430d13455efb336","69e8e574478f22ea99f7eb3f","<p style=""font-size: 60px; font-family: FragmentMono"">WMBWVEWG</p>","","","training","","","","","","",""
"null","null","html-keyboard-response","458","1321191","0.0-17.0-0.46","697a79efb4f34a8176d66d2b","69d7901e3430d13455efb336","69e8e574478f22ea99f7eb3f","<p style=""font-size: 60px; font-family: FragmentMono"">PKCBHJWTI</p>","","","training","","","","","","",""
"null","null","html-keyboard-response","459","1322192","0.0-17.0-0.47","697a79efb4f34a8176d66d2b","69d7901e3430d13455efb336","69e8e574478f22ea99f7eb3f","<p style=""font-size: 60px; font-family: FragmentMono"">EDMKXILS</p>","","","training","","","","","","",""
"null","null","html-keyboard-response","460","1323195","0.0-17.0-0.48","697a79efb4f34a8176d66d2b","69d7901e3430d13455efb336","69e8e574478f22ea99f7eb3f","<p style=""font-size: 60px; font-family: FragmentMono"">GHRJQEYLH</p>","","","training","","","","","","",""
"null","null","html-keyboard-response","461","1324203","0.0-17.0-0.49","697a79efb4f34a8176d66d2b","69d7901e3430d13455efb336","69e8e574478f22ea99f7eb3f","<p style=""font-size: 60px; font-family: FragmentMono"">SLHUOYVN</p>","","","training","","","","","","",""
"null","null","html-keyboard-response","462","1325203","0.0-17.0-0.50","697a79efb4f34a8176d66d2b","69d7901e3430d13455efb336","69e8e574478f22ea99f7eb3f","<p style=""font-size: 60px; font-family: FragmentMono"">RWEQMVWLD</p>","","","training","","","","","","",""
"null","null","html-keyboard-response","463","1326219","0.0-17.0-0.51","697a79efb4f34a8176d66d2b","69d7901e3430d13455efb336","69e8e574478f22ea99f7eb3f","<p style=""font-size: 60px; font-family: FragmentMono"">TEKUDBM</p>","","","training","","","","","","",""
"null","null","html-keyboard-response","464","1327220","0.0-17.0-0.52","697a79efb4f34a8176d66d2b","69d7901e3430d13455efb336","69e8e574478f22ea99f7eb3f","<p style=""font-size: 60px; font-family: FragmentMono"">EDMKEYLH</p>","","","training","","","","","","",""
"null","null","html-keyboard-response","465","1328233","0.0-17.0-0.53","697a79efb4f34a8176d66d2b","69d7901e3430d13455efb336","69e8e574478f22ea99f7eb3f","<p style=""font-size: 60px; font-family: FragmentMono"">DNHQMVEWG</p>","","","training","","","","","","",""
"null","null","html-keyboard-response","466","1329249","0.0-17.0-0.54","697a79efb4f34a8176d66d2b","69d7901e3430d13455efb336","69e8e574478f22ea99f7eb3f","<p style=""font-size: 60px; font-family: FragmentMono"">GHRJQXILS</p>","","","training","","","","","","",""
"null","null","html-keyboard-response","467","1330258","0.0-17.0-0.55","697a79efb4f34a8176d66d2b","69d7901e3430d13455efb336","69e8e574478f22ea99f7eb3f","<p style=""font-size: 60px; font-family: FragmentMono"">UBSUEYLH</p>","","","training","","","","","","",""
"null","null","html-keyboard-response","468","1331271","0.0-17.0-0.56","697a79efb4f34a8176d66d2b","69d7901e3430d13455efb336","69e8e574478f22ea99f7eb3f","<p style=""font-size: 60px; font-family: FragmentMono"">ESDZQPBKN</p>","","","training","","","","","","",""
"null","null","html-keyboard-response","469","1332280","0.0-17.0-0.57","697a79efb4f34a8176d66d2b","69d7901e3430d13455efb336","69e8e574478f22ea99f7eb3f","<p style=""font-size: 60px; font-family: FragmentMono"">BWVFXILS</p>","","","training","","","","","","",""
"null","null","html-keyboard-response","470","1333287","0.0-17.0-0.58","697a79efb4f34a8176d66d2b","69d7901e3430d13455efb336","69e8e574478f22ea99f7eb3f","<p style=""font-size: 60px; font-family: FragmentMono"">PKCBHPBKN</p>","","","training","","","","","","",""
"null","null","html-keyboard-response","471","1334301","0.0-17.0-0.59","697a79efb4f34a8176d66d2b","69d7901e3430d13455efb336","69e8e574478f22ea99f7eb3f","<p style=""font-size: 60px; font-family: FragmentMono"">HECNWTPK</p>","","","training","","","","","","",""
"null","null","html-keyboard-response","472","1335311","0.0-17.0-0.60","697a79efb4f34a8176d66d2b","69d7901e3430d13455efb336","69e8e574478f22ea99f7eb3f","<p style=""font-size: 60px; font-family: FragmentMono"">SHXVKHIK</p>","","","training","","","","","","",""
"null","null","html-keyboard-response","473","1336312","0.0-17.0-0.61","697a79efb4f34a8176d66d2b","69d7901e3430d13455efb336","69e8e574478f22ea99f7eb3f","<p style=""font-size: 60px; font-family: FragmentMono"">UBSUJWTI</p>","","","training","","","","","","",""
"null","null","html-keyboard-response","474","1337317","0.0-17.0-0.62","697a79efb4f34a8176d66d2b","69d7901e3430d13455efb336","69e8e574478f22ea99f7eb3f","<p style=""font-size: 60px; font-family: FragmentMono"">TEKUPBKN</p>","","","training","","","","","","",""
"null","null","html-keyboard-response","475","1338329","0.0-17.0-0.63","697a79efb4f34a8176d66d2b","69d7901e3430d13455efb336","69e8e574478f22ea99f7eb3f","<p style=""font-size: 60px; font-family: FragmentMono"">WMBWYVN</p>","","","training","","","","","","",""
"null","null","html-keyboard-response","476","1339331","0.0-17.0-0.64","697a79efb4f34a8176d66d2b","69d7901e3430d13455efb336","69e8e574478f22ea99f7eb3f","<p style=""font-size: 60px; font-family: FragmentMono"">PKCBHXILS</p>","","","training","","","","","","",""
"null","null","html-keyboard-response","477","1340345","0.0-17.0-0.65","697a79efb4f34a8176d66d2b","69d7901e3430d13455efb336","69e8e574478f22ea99f7eb3f","<p style=""font-size: 60px; font-family: FragmentMono"">BWVFPBKN</p>","","","training","","","","","","",""
"null","null","html-keyboard-response","478","1341350","0.0-17.0-0.66","697a79efb4f34a8176d66d2b","69d7901e3430d13455efb336","69e8e574478f22ea99f7eb3f","<p style=""font-size: 60px; font-family: FragmentMono"">GHRJQDBM</p>","","","training","","","","","","",""
"null","null","html-keyboard-response","479","1342355","0.0-17.0-0.67","697a79efb4f34a8176d66d2b","69d7901e3430d13455efb336","69e8e574478f22ea99f7eb3f","<p style=""font-size: 60px; font-family: FragmentMono"">PVNDETPK</p>","","","training","","","","","","",""
"null","null","html-keyboard-response","480","1343370","0.0-17.0-0.68","697a79efb4f34a8176d66d2b","69d7901e3430d13455efb336","69e8e574478f22ea99f7eb3f","<p style=""font-size: 60px; font-family: FragmentMono"">EZSJIHIK</p>","","","training","","","","","","",""
"null","null","html-keyboard-response","481","1344372","0.0-17.0-0.69","697a79efb4f34a8176d66d2b","69d7901e3430d13455efb336","69e8e574478f22ea99f7eb3f","<p style=""font-size: 60px; font-family: FragmentMono"">PVNDEVEWG</p>","","","training","","","","","","",""
"null","null","html-keyboard-response","482","1345376","0.0-17.0-0.70","697a79efb4f34a8176d66d2b","69d7901e3430d13455efb336","69e8e574478f22ea99f7eb3f","<p style=""font-size: 60px; font-family: FragmentMono"">HSTDKEYLH</p>","","","training","","","","","","",""
"null","null","html-keyboard-response","483","1346378","0.0-17.0-0.71","697a79efb4f34a8176d66d2b","69d7901e3430d13455efb336","69e8e574478f22ea99f7eb3f","<p style=""font-size: 60px; font-family: FragmentMono"">EDMKPBKN</p>","","","training","","","","","","",""
"null","null","html-keyboard-response","484","1347392","0.0-17.0-0.72","697a79efb4f34a8176d66d2b","69d7901e3430d13455efb336","69e8e574478f22ea99f7eb3f","<p style=""font-size: 60px; font-family: FragmentMono"">PVNDEVWLD</p>","","","training","","","","","","",""
"null","null","html-keyboard-response","485","1348400","0.0-17.0-0.73","697a79efb4f34a8176d66d2b","69d7901e3430d13455efb336","69e8e574478f22ea99f7eb3f","<p style=""font-size: 60px; font-family: FragmentMono"">HECNWVEWG</p>","","","training","","","","","","",""
"null","null","html-keyboard-response","486","1349416","0.0-17.0-0.74","697a79efb4f34a8176d66d2b","69d7901e3430d13455efb336","69e8e574478f22ea99f7eb3f","<p style=""font-size: 60px; font-family: FragmentMono"">HSTDKXILS</p>","","","training","","","","","","",""
"null","null","html-keyboard-response","487","1350420","0.0-17.0-0.75","697a79efb4f34a8176d66d2b","69d7901e3430d13455efb336","69e8e574478f22ea99f7eb3f","<p style=""font-size: 60px; font-family: FragmentMono"">THVXZYVN</p>","","","training","","","","","","",""
"null","null","html-keyboard-response","488","1351431","0.0-17.0-0.76","697a79efb4f34a8176d66d2b","69d7901e3430d13455efb336","69e8e574478f22ea99f7eb3f","<p style=""font-size: 60px; font-family: FragmentMono"">EDMKDBM</p>","","","training","","","","","","",""
"null","null","html-keyboard-response","489","1352447","0.0-17.0-0.77","697a79efb4f34a8176d66d2b","69d7901e3430d13455efb336","69e8e574478f22ea99f7eb3f","<p style=""font-size: 60px; font-family: FragmentMono"">WMBWVWLD</p>","","","training","","","","","","",""
"null","null","html-keyboard-response","490","1353452","0.0-17.0-0.78","697a79efb4f34a8176d66d2b","69d7901e3430d13455efb336","69e8e574478f22ea99f7eb3f","<p style=""font-size: 60px; font-family: FragmentMono"">DNHQMHIK</p>","","","training","","","","","","",""
"null","null","html-keyboard-response","491","1354466","0.0-17.0-0.79","697a79efb4f34a8176d66d2b","69d7901e3430d13455efb336","69e8e574478f22ea99f7eb3f","<p style=""font-size: 60px; font-family: FragmentMono"">TREHJWTI</p>","","","training","","","","","","",""
"20665"," ","html-keyboard-response","492","1375131","0.0-18.0","697a79efb4f34a8176d66d2b","69d7901e3430d13455efb336","69e8e574478f22ea99f7eb3f","<p style=""font-size: 30px"">Great, you've seen the sixth block of words. You may now take a short break.</p>
      <p style=""font-size: 30px"">Press the spacebar when you're ready to continue.</p>","","","","","","","","","",""
"null","null","html-keyboard-response","493","1376132","0.0-19.0-0.0","697a79efb4f34a8176d66d2b","69d7901e3430d13455efb336","69e8e574478f22ea99f7eb3f","<p style=""font-size: 60px; font-family: FragmentMono"">THVXZYVN</p>","","","training","","","","","","",""
"null","null","html-keyboard-response","494","1377152","0.0-19.0-0.1","697a79efb4f34a8176d66d2b","69d7901e3430d13455efb336","69e8e574478f22ea99f7eb3f","<p style=""font-size: 60px; font-family: FragmentMono"">BWVFJWTI</p>","","","training","","","","","","",""
"null","null","html-keyboard-response","495","1378165","0.0-19.0-0.2","697a79efb4f34a8176d66d2b","69d7901e3430d13455efb336","69e8e574478f22ea99f7eb3f","<p style=""font-size: 60px; font-family: FragmentMono"">SHXVKHIK</p>","","","training","","","","","","",""
"null","null","html-keyboard-response","496","1379178","0.0-19.0-0.3","697a79efb4f34a8176d66d2b","69d7901e3430d13455efb336","69e8e574478f22ea99f7eb3f","<p style=""font-size: 60px; font-family: FragmentMono"">PVNDEVWLD</p>","","","training","","","","","","",""
"null","null","html-keyboard-response","497","1380180","0.0-19.0-0.4","697a79efb4f34a8176d66d2b","69d7901e3430d13455efb336","69e8e574478f22ea99f7eb3f","<p style=""font-size: 60px; font-family: FragmentMono"">DNHQMYVN</p>","","","training","","","","","","",""
"null","null","html-keyboard-response","498","1381192","0.0-19.0-0.5","697a79efb4f34a8176d66d2b","69d7901e3430d13455efb336","69e8e574478f22ea99f7eb3f","<p style=""font-size: 60px; font-family: FragmentMono"">THVXZTPK</p>","","","training","","","","","","",""
"null","null","html-keyboard-response","499","1382207","0.0-19.0-0.6","697a79efb4f34a8176d66d2b","69d7901e3430d13455efb336","69e8e574478f22ea99f7eb3f","<p style=""font-size: 60px; font-family: FragmentMono"">ESDZQDBM</p>","","","training","","","","","","",""
"null","null","html-keyboard-response","500","1383221","0.0-19.0-0.7","697a79efb4f34a8176d66d2b","69d7901e3430d13455efb336","69e8e574478f22ea99f7eb3f","<p style=""font-size: 60px; font-family: FragmentMono"">IMJRFJWTI</p>","","","training","","","","","","",""
"null","null","html-keyboard-response","501","1384237","0.0-19.0-0.8","697a79efb4f34a8176d66d2b","69d7901e3430d13455efb336","69e8e574478f22ea99f7eb3f","<p style=""font-size: 60px; font-family: FragmentMono"">ESDZQEYLH</p>","","","training","","","","","","",""
"null","null","html-keyboard-response","502","1385238","0.0-19.0-0.9","697a79efb4f34a8176d66d2b","69d7901e3430d13455efb336","69e8e574478f22ea99f7eb3f","<p style=""font-size: 60px; font-family: FragmentMono"">UBSUDBM</p>","","","training","","","","","","",""
"null","null","html-keyboard-response","503","1386241","0.0-19.0-0.10","697a79efb4f34a8176d66d2b","69d7901e3430d13455efb336","69e8e574478f22ea99f7eb3f","<p style=""font-size: 60px; font-family: FragmentMono"">RWEQMHIK</p>","","","training","","","","","","",""
"null","null","html-keyboard-response","504","1387245","0.0-19.0-0.11","697a79efb4f34a8176d66d2b","69d7901e3430d13455efb336","69e8e574478f22ea99f7eb3f","<p style=""font-size: 60px; font-family: FragmentMono"">THVXZVEWG</p>","","","training","","","","","","",""
"null","null","html-keyboard-response","505","1388256","0.0-19.0-0.12","697a79efb4f34a8176d66d2b","69d7901e3430d13455efb336","69e8e574478f22ea99f7eb3f","<p style=""font-size: 60px; font-family: FragmentMono"">ESDZQPBKN</p>","","","training","","","","","","",""
"null","null","html-keyboard-response","506","1389266","0.0-19.0-0.13","697a79efb4f34a8176d66d2b","69d7901e3430d13455efb336","69e8e574478f22ea99f7eb3f","<p style=""font-size: 60px; font-family: FragmentMono"">GHRJQXILS</p>","","","training","","","","","","",""
"null","null","html-keyboard-response","507","1390270","0.0-19.0-0.14","697a79efb4f34a8176d66d2b","69d7901e3430d13455efb336","69e8e574478f22ea99f7eb3f","<p style=""font-size: 60px; font-family: FragmentMono"">EDMKPBKN</p>","","","training","","","","","","",""
"null","null","html-keyboard-response","508","1391286","0.0-19.0-0.15","697a79efb4f34a8176d66d2b","69d7901e3430d13455efb336","69e8e574478f22ea99f7eb3f","<p style=""font-size: 60px; font-family: FragmentMono"">HECNWYVN</p>","","","training","","","","","","",""
"null","null","html-keyboard-response","509","1392296","0.0-19.0-0.16","697a79efb4f34a8176d66d2b","69d7901e3430d13455efb336","69e8e574478f22ea99f7eb3f","<p style=""font-size: 60px; font-family: FragmentMono"">EZSJIHIK</p>","","","training","","","","","","",""
"null","null","html-keyboard-response","510","1393297","0.0-19.0-0.17","697a79efb4f34a8176d66d2b","69d7901e3430d13455efb336","69e8e574478f22ea99f7eb3f","<p style=""font-size: 60px; font-family: FragmentMono"">TEKUDBM</p>","","","training","","","","","","",""
"null","null","html-keyboard-response","511","1394298","0.0-19.0-0.18","697a79efb4f34a8176d66d2b","69d7901e3430d13455efb336","69e8e574478f22ea99f7eb3f","<p style=""font-size: 60px; font-family: FragmentMono"">SLHUOYVN</p>","","","training","","","","","","",""
"null","null","html-keyboard-response","512","1395300","0.0-19.0-0.19","697a79efb4f34a8176d66d2b","69d7901e3430d13455efb336","69e8e574478f22ea99f7eb3f","<p style=""font-size: 60px; font-family: FragmentMono"">PVNDEHIK</p>","","","training","","","","","","",""
"null","null","html-keyboard-response","513","1396315","0.0-19.0-0.20","697a79efb4f34a8176d66d2b","69d7901e3430d13455efb336","69e8e574478f22ea99f7eb3f","<p style=""font-size: 60px; font-family: FragmentMono"">EDMKDBM</p>","","","training","","","","","","",""
"null","null","html-keyboard-response","514","1397325","0.0-19.0-0.21","697a79efb4f34a8176d66d2b","69d7901e3430d13455efb336","69e8e574478f22ea99f7eb3f","<p style=""font-size: 60px; font-family: FragmentMono"">UBSUXILS</p>","","","training","","","","","","",""
"null","null","html-keyboard-response","515","1398341","0.0-19.0-0.22","697a79efb4f34a8176d66d2b","69d7901e3430d13455efb336","69e8e574478f22ea99f7eb3f","<p style=""font-size: 60px; font-family: FragmentMono"">PKCBHJWTI</p>","","","training","","","","","","",""
"null","null","html-keyboard-response","516","1399357","0.0-19.0-0.23","697a79efb4f34a8176d66d2b","69d7901e3430d13455efb336","69e8e574478f22ea99f7eb3f","<p style=""font-size: 60px; font-family: FragmentMono"">EKYAOTPK</p>","","","training","","","","","","",""
"null","null","html-keyboard-response","517","1400373","0.0-19.0-0.24","697a79efb4f34a8176d66d2b","69d7901e3430d13455efb336","69e8e574478f22ea99f7eb3f","<p style=""font-size: 60px; font-family: FragmentMono"">WMBWVEWG</p>","","","training","","","","","","",""
"null","null","html-keyboard-response","518","1401378","0.0-19.0-0.25","697a79efb4f34a8176d66d2b","69d7901e3430d13455efb336","69e8e574478f22ea99f7eb3f","<p style=""font-size: 60px; font-family: FragmentMono"">EZSJIYVN</p>","","","training","","","","","","",""
"null","null","html-keyboard-response","519","1402381","0.0-19.0-0.26","697a79efb4f34a8176d66d2b","69d7901e3430d13455efb336","69e8e574478f22ea99f7eb3f","<p style=""font-size: 60px; font-family: FragmentMono"">EKYAOVWLD</p>","","","training","","","","","","",""
"null","null","html-keyboard-response","520","1403393","0.0-19.0-0.27","697a79efb4f34a8176d66d2b","69d7901e3430d13455efb336","69e8e574478f22ea99f7eb3f","<p style=""font-size: 60px; font-family: FragmentMono"">TREHJWTI</p>","","","training","","","","","","",""
"null","null","html-keyboard-response","521","1404403","0.0-19.0-0.28","697a79efb4f34a8176d66d2b","69d7901e3430d13455efb336","69e8e574478f22ea99f7eb3f","<p style=""font-size: 60px; font-family: FragmentMono"">RWEQMTPK</p>","","","training","","","","","","",""
"null","null","html-keyboard-response","522","1405419","0.0-19.0-0.29","697a79efb4f34a8176d66d2b","69d7901e3430d13455efb336","69e8e574478f22ea99f7eb3f","<p style=""font-size: 60px; font-family: FragmentMono"">EDMKEYLH</p>","","","training","","","","","","",""
"null","null","html-keyboard-response","523","1406424","0.0-19.0-0.30","697a79efb4f34a8176d66d2b","69d7901e3430d13455efb336","69e8e574478f22ea99f7eb3f","<p style=""font-size: 60px; font-family: FragmentMono"">THVXZVWLD</p>","","","training","","","","","","",""
"null","null","html-keyboard-response","524","1407445","0.0-19.0-0.31","697a79efb4f34a8176d66d2b","69d7901e3430d13455efb336","69e8e574478f22ea99f7eb3f","<p style=""font-size: 60px; font-family: FragmentMono"">GHRJQEYLH</p>","","","training","","","","","","",""
"null","null","html-keyboard-response","525","1408460","0.0-19.0-0.32","697a79efb4f34a8176d66d2b","69d7901e3430d13455efb336","69e8e574478f22ea99f7eb3f","<p style=""font-size: 60px; font-family: FragmentMono"">SHXVKVWLD</p>","","","training","","","","","","",""
"null","null","html-keyboard-response","526","1409467","0.0-19.0-0.33","697a79efb4f34a8176d66d2b","69d7901e3430d13455efb336","69e8e574478f22ea99f7eb3f","<p style=""font-size: 60px; font-family: FragmentMono"">HECNWHIK</p>","","","training","","","","","","",""
"null","null","html-keyboard-response","527","1410470","0.0-19.0-0.34","697a79efb4f34a8176d66d2b","69d7901e3430d13455efb336","69e8e574478f22ea99f7eb3f","<p style=""font-size: 60px; font-family: FragmentMono"">SHXVKYVN</p>","","","training","","","","","","",""
"null","null","html-keyboard-response","528","1411483","0.0-19.0-0.35","697a79efb4f34a8176d66d2b","69d7901e3430d13455efb336","69e8e574478f22ea99f7eb3f","<p style=""font-size: 60px; font-family: FragmentMono"">SLHUOVEWG</p>","","","training","","","","","","",""
"null","null","html-keyboard-response","529","1412485","0.0-19.0-0.36","697a79efb4f34a8176d66d2b","69d7901e3430d13455efb336","69e8e574478f22ea99f7eb3f","<p style=""font-size: 60px; font-family: FragmentMono"">EDMKXILS</p>","","","training","","","","","","",""
"null","null","html-keyboard-response","530","1413494","0.0-19.0-0.37","697a79efb4f34a8176d66d2b","69d7901e3430d13455efb336","69e8e574478f22ea99f7eb3f","<p style=""font-size: 60px; font-family: FragmentMono"">IMJRFDBM</p>","","","training","","","","","","",""
"null","null","html-keyboard-response","531","1414500","0.0-19.0-0.38","697a79efb4f34a8176d66d2b","69d7901e3430d13455efb336","69e8e574478f22ea99f7eb3f","<p style=""font-size: 60px; font-family: FragmentMono"">EZSJITPK</p>","","","training","","","","","","",""
"null","null","html-keyboard-response","532","1415512","0.0-19.0-0.39","697a79efb4f34a8176d66d2b","69d7901e3430d13455efb336","69e8e574478f22ea99f7eb3f","<p style=""font-size: 60px; font-family: FragmentMono"">EKYAOYVN</p>","","","training","","","","","","",""
"null","null","html-keyboard-response","533","1416525","0.0-19.0-0.40","697a79efb4f34a8176d66d2b","69d7901e3430d13455efb336","69e8e574478f22ea99f7eb3f","<p style=""font-size: 60px; font-family: FragmentMono"">RWEQMVEWG</p>","","","training","","","","","","",""
"null","null","html-keyboard-response","534","1417542","0.0-19.0-0.41","697a79efb4f34a8176d66d2b","69d7901e3430d13455efb336","69e8e574478f22ea99f7eb3f","<p style=""font-size: 60px; font-family: FragmentMono"">DNHQMVWLD</p>","","","training","","","","","","",""
"null","null","html-keyboard-response","535","1418544","0.0-19.0-0.42","697a79efb4f34a8176d66d2b","69d7901e3430d13455efb336","69e8e574478f22ea99f7eb3f","<p style=""font-size: 60px; font-family: FragmentMono"">WMBWYVN</p>","","","training","","","","","","",""
"null","null","html-keyboard-response","536","1419545","0.0-19.0-0.43","697a79efb4f34a8176d66d2b","69d7901e3430d13455efb336","69e8e574478f22ea99f7eb3f","<p style=""font-size: 60px; font-family: FragmentMono"">EKYAOHIK</p>","","","training","","","","","","",""
"null","null","html-keyboard-response","537","1420555","0.0-19.0-0.44","697a79efb4f34a8176d66d2b","69d7901e3430d13455efb336","69e8e574478f22ea99f7eb3f","<p style=""font-size: 60px; font-family: FragmentMono"">BWVFPBKN</p>","","","training","","","","","","",""
"null","null","html-keyboard-response","538","1421556","0.0-19.0-0.45","697a79efb4f34a8176d66d2b","69d7901e3430d13455efb336","69e8e574478f22ea99f7eb3f","<p style=""font-size: 60px; font-family: FragmentMono"">HSTDKEYLH</p>","","","training","","","","","","",""
"null","null","html-keyboard-response","539","1422570","0.0-19.0-0.46","697a79efb4f34a8176d66d2b","69d7901e3430d13455efb336","69e8e574478f22ea99f7eb3f","<p style=""font-size: 60px; font-family: FragmentMono"">PKCBHXILS</p>","","","training","","","","","","",""
"null","null","html-keyboard-response","540","1423571","0.0-19.0-0.47","697a79efb4f34a8176d66d2b","69d7901e3430d13455efb336","69e8e574478f22ea99f7eb3f","<p style=""font-size: 60px; font-family: FragmentMono"">HSTDKPBKN</p>","","","training","","","","","","",""
"null","null","html-keyboard-response","541","1424585","0.0-19.0-0.48","697a79efb4f34a8176d66d2b","69d7901e3430d13455efb336","69e8e574478f22ea99f7eb3f","<p style=""font-size: 60px; font-family: FragmentMono"">GHRJQJWTI</p>","","","training","","","","","","",""
"null","null","html-keyboard-response","542","1425601","0.0-19.0-0.49","697a79efb4f34a8176d66d2b","69d7901e3430d13455efb336","69e8e574478f22ea99f7eb3f","<p style=""font-size: 60px; font-family: FragmentMono"">HECNWTPK</p>","","","training","","","","","","",""
"null","null","html-keyboard-response","543","1426603","0.0-19.0-0.50","697a79efb4f34a8176d66d2b","69d7901e3430d13455efb336","69e8e574478f22ea99f7eb3f","<p style=""font-size: 60px; font-family: FragmentMono"">UBSUJWTI</p>","","","training","","","","","","",""
"null","null","html-keyboard-response","544","1427606","0.0-19.0-0.51","697a79efb4f34a8176d66d2b","69d7901e3430d13455efb336","69e8e574478f22ea99f7eb3f","<p style=""font-size: 60px; font-family: FragmentMono"">TEKUPBKN</p>","","","training","","","","","","",""
"null","null","html-keyboard-response","545","1428607","0.0-19.0-0.52","697a79efb4f34a8176d66d2b","69d7901e3430d13455efb336","69e8e574478f22ea99f7eb3f","<p style=""font-size: 60px; font-family: FragmentMono"">SHXVKTPK</p>","","","training","","","","","","",""
"null","null","html-keyboard-response","546","1429615","0.0-19.0-0.53","697a79efb4f34a8176d66d2b","69d7901e3430d13455efb336","69e8e574478f22ea99f7eb3f","<p style=""font-size: 60px; font-family: FragmentMono"">DNHQMHIK</p>","","","training","","","","","","",""
"null","null","html-keyboard-response","547","1430631","0.0-19.0-0.54","697a79efb4f34a8176d66d2b","69d7901e3430d13455efb336","69e8e574478f22ea99f7eb3f","<p style=""font-size: 60px; font-family: FragmentMono"">BWVFXILS</p>","","","training","","","","","","",""
"null","null","html-keyboard-response","548","1431635","0.0-19.0-0.55","697a79efb4f34a8176d66d2b","69d7901e3430d13455efb336","69e8e574478f22ea99f7eb3f","<p style=""font-size: 60px; font-family: FragmentMono"">IMJRFPBKN</p>","","","training","","","","","","",""
"null","null","html-keyboard-response","549","1432653","0.0-19.0-0.56","697a79efb4f34a8176d66d2b","69d7901e3430d13455efb336","69e8e574478f22ea99f7eb3f","<p style=""font-size: 60px; font-family: FragmentMono"">PVNDETPK</p>","","","training","","","","","","",""
"null","null","html-keyboard-response","550","1433669","0.0-19.0-0.57","697a79efb4f34a8176d66d2b","69d7901e3430d13455efb336","69e8e574478f22ea99f7eb3f","<p style=""font-size: 60px; font-family: FragmentMono"">HECNWVEWG</p>","","","training","","","","","","",""
"null","null","html-keyboard-response","551","1434683","0.0-19.0-0.58","697a79efb4f34a8176d66d2b","69d7901e3430d13455efb336","69e8e574478f22ea99f7eb3f","<p style=""font-size: 60px; font-family: FragmentMono"">PKCBHEYLH</p>","","","training","","","","","","",""
"null","null","html-keyboard-response","552","1435695","0.0-19.0-0.59","697a79efb4f34a8176d66d2b","69d7901e3430d13455efb336","69e8e574478f22ea99f7eb3f","<p style=""font-size: 60px; font-family: FragmentMono"">HSTDKXILS</p>","","","training","","","","","","",""
"null","null","html-keyboard-response","553","1436699","0.0-19.0-0.60","697a79efb4f34a8176d66d2b","69d7901e3430d13455efb336","69e8e574478f22ea99f7eb3f","<p style=""font-size: 60px; font-family: FragmentMono"">UBSUEYLH</p>","","","training","","","","","","",""
"null","null","html-keyboard-response","554","1437708","0.0-19.0-0.61","697a79efb4f34a8176d66d2b","69d7901e3430d13455efb336","69e8e574478f22ea99f7eb3f","<p style=""font-size: 60px; font-family: FragmentMono"">GHRJQDBM</p>","","","training","","","","","","",""
"null","null","html-keyboard-response","555","1438725","0.0-19.0-0.62","697a79efb4f34a8176d66d2b","69d7901e3430d13455efb336","69e8e574478f22ea99f7eb3f","<p style=""font-size: 60px; font-family: FragmentMono"">SLHUOHIK</p>","","","training","","","","","","",""
"null","null","html-keyboard-response","556","1439740","0.0-19.0-0.63","697a79efb4f34a8176d66d2b","69d7901e3430d13455efb336","69e8e574478f22ea99f7eb3f","<p style=""font-size: 60px; font-family: FragmentMono"">HSTDKJWTI</p>","","","training","","","","","","",""
"null","null","html-keyboard-response","557","1440745","0.0-19.0-0.64","697a79efb4f34a8176d66d2b","69d7901e3430d13455efb336","69e8e574478f22ea99f7eb3f","<p style=""font-size: 60px; font-family: FragmentMono"">IMJRFEYLH</p>","","","training","","","","","","",""
"null","null","html-keyboard-response","558","1441756","0.0-19.0-0.65","697a79efb4f34a8176d66d2b","69d7901e3430d13455efb336","69e8e574478f22ea99f7eb3f","<p style=""font-size: 60px; font-family: FragmentMono"">TREHXILS</p>","","","training","","","","","","",""
"null","null","html-keyboard-response","559","1442761","0.0-19.0-0.66","697a79efb4f34a8176d66d2b","69d7901e3430d13455efb336","69e8e574478f22ea99f7eb3f","<p style=""font-size: 60px; font-family: FragmentMono"">SLHUOVWLD</p>","","","training","","","","","","",""
"null","null","html-keyboard-response","560","1443776","0.0-19.0-0.67","697a79efb4f34a8176d66d2b","69d7901e3430d13455efb336","69e8e574478f22ea99f7eb3f","<p style=""font-size: 60px; font-family: FragmentMono"">BWVFDBM</p>","","","training","","","","","","",""
"null","null","html-keyboard-response","561","1444790","0.0-19.0-0.68","697a79efb4f34a8176d66d2b","69d7901e3430d13455efb336","69e8e574478f22ea99f7eb3f","<p style=""font-size: 60px; font-family: FragmentMono"">WMBWVWLD</p>","","","training","","","","","","",""
"null","null","html-keyboard-response","562","1445801","0.0-19.0-0.69","697a79efb4f34a8176d66d2b","69d7901e3430d13455efb336","69e8e574478f22ea99f7eb3f","<p style=""font-size: 60px; font-family: FragmentMono"">DNHQMVEWG</p>","","","training","","","","","","",""
"null","null","html-keyboard-response","563","1446801","0.0-19.0-0.70","697a79efb4f34a8176d66d2b","69d7901e3430d13455efb336","69e8e574478f22ea99f7eb3f","<p style=""font-size: 60px; font-family: FragmentMono"">RWEQMVWLD</p>","","","training","","","","","","",""
"null","null","html-keyboard-response","564","1447816","0.0-19.0-0.71","697a79efb4f34a8176d66d2b","69d7901e3430d13455efb336","69e8e574478f22ea99f7eb3f","<p style=""font-size: 60px; font-family: FragmentMono"">PKCBHPBKN</p>","","","training","","","","","","",""
"null","null","html-keyboard-response","565","1448818","0.0-19.0-0.72","697a79efb4f34a8176d66d2b","69d7901e3430d13455efb336","69e8e574478f22ea99f7eb3f","<p style=""font-size: 60px; font-family: FragmentMono"">PVNDEVEWG</p>","","","training","","","","","","",""
"null","null","html-keyboard-response","566","1449830","0.0-19.0-0.73","697a79efb4f34a8176d66d2b","69d7901e3430d13455efb336","69e8e574478f22ea99f7eb3f","<p style=""font-size: 60px; font-family: FragmentMono"">TEKUEYLH</p>","","","training","","","","","","",""
"null","null","html-keyboard-response","567","1450832","0.0-19.0-0.74","697a79efb4f34a8176d66d2b","69d7901e3430d13455efb336","69e8e574478f22ea99f7eb3f","<p style=""font-size: 60px; font-family: FragmentMono"">EZSJIVEWG</p>","","","training","","","","","","",""
"null","null","html-keyboard-response","568","1451834","0.0-19.0-0.75","697a79efb4f34a8176d66d2b","69d7901e3430d13455efb336","69e8e574478f22ea99f7eb3f","<p style=""font-size: 60px; font-family: FragmentMono"">TREHPBKN</p>","","","training","","","","","","",""
"null","null","html-keyboard-response","569","1452851","0.0-19.0-0.76","697a79efb4f34a8176d66d2b","69d7901e3430d13455efb336","69e8e574478f22ea99f7eb3f","<p style=""font-size: 60px; font-family: FragmentMono"">WMBWTPK</p>","","","training","","","","","","",""
"null","null","html-keyboard-response","570","1453854","0.0-19.0-0.77","697a79efb4f34a8176d66d2b","69d7901e3430d13455efb336","69e8e574478f22ea99f7eb3f","<p style=""font-size: 60px; font-family: FragmentMono"">TREHDBM</p>","","","training","","","","","","",""
"null","null","html-keyboard-response","571","1454858","0.0-19.0-0.78","697a79efb4f34a8176d66d2b","69d7901e3430d13455efb336","69e8e574478f22ea99f7eb3f","<p style=""font-size: 60px; font-family: FragmentMono"">ESDZQJWTI</p>","","","training","","","","","","",""
"null","null","html-keyboard-response","572","1455860","0.0-19.0-0.79","697a79efb4f34a8176d66d2b","69d7901e3430d13455efb336","69e8e574478f22ea99f7eb3f","<p style=""font-size: 60px; font-family: FragmentMono"">TEKUXILS</p>","","","training","","","","","","",""
"27211"," ","html-keyboard-response","573","1483071","0.0-20.0","697a79efb4f34a8176d66d2b","69d7901e3430d13455efb336","69e8e574478f22ea99f7eb3f","<p style=""font-size: 30px"">Great, you've seen the seventh block of words. You may now take a short break.</p>
      <p style=""font-size: 30px"">Press the spacebar when you're ready to continue.</p>","","","","","","","","","",""
"null","null","html-keyboard-response","574","1484087","0.0-21.0-0.0","697a79efb4f34a8176d66d2b","69d7901e3430d13455efb336","69e8e574478f22ea99f7eb3f","<p style=""font-size: 60px; font-family: FragmentMono"">WMBWTPK</p>","","","training","","","","","","",""
"null","null","html-keyboard-response","575","1485090","0.0-21.0-0.1","697a79efb4f34a8176d66d2b","69d7901e3430d13455efb336","69e8e574478f22ea99f7eb3f","<p style=""font-size: 60px; font-family: FragmentMono"">GHRJQXILS</p>","","","training","","","","","","",""
"null","null","html-keyboard-response","576","1486101","0.0-21.0-0.2","697a79efb4f34a8176d66d2b","69d7901e3430d13455efb336","69e8e574478f22ea99f7eb3f","<p style=""font-size: 60px; font-family: FragmentMono"">HECNWHIK</p>","","","training","","","","","","",""
"null","null","html-keyboard-response","577","1487115","0.0-21.0-0.3","697a79efb4f34a8176d66d2b","69d7901e3430d13455efb336","69e8e574478f22ea99f7eb3f","<p style=""font-size: 60px; font-family: FragmentMono"">EKYAOTPK</p>","","","training","","","","","","",""
"null","null","html-keyboard-response","578","1488116","0.0-21.0-0.4","697a79efb4f34a8176d66d2b","69d7901e3430d13455efb336","69e8e574478f22ea99f7eb3f","<p style=""font-size: 60px; font-family: FragmentMono"">GHRJQEYLH</p>","","","training","","","","","","",""
"null","null","html-keyboard-response","579","1489131","0.0-21.0-0.5","697a79efb4f34a8176d66d2b","69d7901e3430d13455efb336","69e8e574478f22ea99f7eb3f","<p style=""font-size: 60px; font-family: FragmentMono"">PKCBHPBKN</p>","","","training","","","","","","",""
"null","null","html-keyboard-response","580","1490136","0.0-21.0-0.6","697a79efb4f34a8176d66d2b","69d7901e3430d13455efb336","69e8e574478f22ea99f7eb3f","<p style=""font-size: 60px; font-family: FragmentMono"">TREHJWTI</p>","","","training","","","","","","",""
"null","null","html-keyboard-response","581","1491136","0.0-21.0-0.7","697a79efb4f34a8176d66d2b","69d7901e3430d13455efb336","69e8e574478f22ea99f7eb3f","<p style=""font-size: 60px; font-family: FragmentMono"">PVNDETPK</p>","","","training","","","","","","",""
"null","null","html-keyboard-response","582","1492153","0.0-21.0-0.8","697a79efb4f34a8176d66d2b","69d7901e3430d13455efb336","69e8e574478f22ea99f7eb3f","<p style=""font-size: 60px; font-family: FragmentMono"">HSTDKJWTI</p>","","","training","","","","","","",""
"null","null","html-keyboard-response","583","1493165","0.0-21.0-0.9","697a79efb4f34a8176d66d2b","69d7901e3430d13455efb336","69e8e574478f22ea99f7eb3f","<p style=""font-size: 60px; font-family: FragmentMono"">SHXVKVWLD</p>","","","training","","","","","","",""
"null","null","html-keyboard-response","584","1494167","0.0-21.0-0.10","697a79efb4f34a8176d66d2b","69d7901e3430d13455efb336","69e8e574478f22ea99f7eb3f","<p style=""font-size: 60px; font-family: FragmentMono"">HECNWTPK</p>","","","training","","","","","","",""
"null","null","html-keyboard-response","585","1495174","0.0-21.0-0.11","697a79efb4f34a8176d66d2b","69d7901e3430d13455efb336","69e8e574478f22ea99f7eb3f","<p style=""font-size: 60px; font-family: FragmentMono"">EZSJIYVN</p>","","","training","","","","","","",""
"null","null","html-keyboard-response","586","1496175","0.0-21.0-0.12","697a79efb4f34a8176d66d2b","69d7901e3430d13455efb336","69e8e574478f22ea99f7eb3f","<p style=""font-size: 60px; font-family: FragmentMono"">HSTDKXILS</p>","","","training","","","","","","",""
"null","null","html-keyboard-response","587","1497192","0.0-21.0-0.13","697a79efb4f34a8176d66d2b","69d7901e3430d13455efb336","69e8e574478f22ea99f7eb3f","<p style=""font-size: 60px; font-family: FragmentMono"">TREHPBKN</p>","","","training","","","","","","",""
"null","null","html-keyboard-response","588","1498211","0.0-21.0-0.14","697a79efb4f34a8176d66d2b","69d7901e3430d13455efb336","69e8e574478f22ea99f7eb3f","<p style=""font-size: 60px; font-family: FragmentMono"">SHXVKYVN</p>","","","training","","","","","","",""
"null","null","html-keyboard-response","589","1499222","0.0-21.0-0.15","697a79efb4f34a8176d66d2b","69d7901e3430d13455efb336","69e8e574478f22ea99f7eb3f","<p style=""font-size: 60px; font-family: FragmentMono"">PVNDEVEWG</p>","","","training","","","","","","",""
"null","null","html-keyboard-response","590","1500223","0.0-21.0-0.16","697a79efb4f34a8176d66d2b","69d7901e3430d13455efb336","69e8e574478f22ea99f7eb3f","<p style=""font-size: 60px; font-family: FragmentMono"">IMJRFPBKN</p>","","","training","","","","","","",""
"null","null","html-keyboard-response","591","1501229","0.0-21.0-0.17","697a79efb4f34a8176d66d2b","69d7901e3430d13455efb336","69e8e574478f22ea99f7eb3f","<p style=""font-size: 60px; font-family: FragmentMono"">SLHUOVEWG</p>","","","training","","","","","","",""
"null","null","html-keyboard-response","592","1502242","0.0-21.0-0.18","697a79efb4f34a8176d66d2b","69d7901e3430d13455efb336","69e8e574478f22ea99f7eb3f","<p style=""font-size: 60px; font-family: FragmentMono"">ESDZQPBKN</p>","","","training","","","","","","",""
"null","null","html-keyboard-response","593","1503253","0.0-21.0-0.19","697a79efb4f34a8176d66d2b","69d7901e3430d13455efb336","69e8e574478f22ea99f7eb3f","<p style=""font-size: 60px; font-family: FragmentMono"">UBSUJWTI</p>","","","training","","","","","","",""
"null","null","html-keyboard-response","594","1504269","0.0-21.0-0.20","697a79efb4f34a8176d66d2b","69d7901e3430d13455efb336","69e8e574478f22ea99f7eb3f","<p style=""font-size: 60px; font-family: FragmentMono"">DNHQMHIK</p>","","","training","","","","","","",""
"null","null","html-keyboard-response","595","1505283","0.0-21.0-0.21","697a79efb4f34a8176d66d2b","69d7901e3430d13455efb336","69e8e574478f22ea99f7eb3f","<p style=""font-size: 60px; font-family: FragmentMono"">EDMKEYLH</p>","","","training","","","","","","",""
"null","null","html-keyboard-response","596","1506286","0.0-21.0-0.22","697a79efb4f34a8176d66d2b","69d7901e3430d13455efb336","69e8e574478f22ea99f7eb3f","<p style=""font-size: 60px; font-family: FragmentMono"">DNHQMVWLD</p>","","","training","","","","","","",""
"null","null","html-keyboard-response","597","1507287","0.0-21.0-0.23","697a79efb4f34a8176d66d2b","69d7901e3430d13455efb336","69e8e574478f22ea99f7eb3f","<p style=""font-size: 60px; font-family: FragmentMono"">HECNWYVN</p>","","","training","","","","","","",""
"null","null","html-keyboard-response","598","1508289","0.0-21.0-0.24","697a79efb4f34a8176d66d2b","69d7901e3430d13455efb336","69e8e574478f22ea99f7eb3f","<p style=""font-size: 60px; font-family: FragmentMono"">EKYAOVWLD</p>","","","training","","","","","","",""
"null","null","html-keyboard-response","599","1509301","0.0-21.0-0.25","697a79efb4f34a8176d66d2b","69d7901e3430d13455efb336","69e8e574478f22ea99f7eb3f","<p style=""font-size: 60px; font-family: FragmentMono"">SHXVKTPK</p>","","","training","","","","","","",""
"null","null","html-keyboard-response","600","1510319","0.0-21.0-0.26","697a79efb4f34a8176d66d2b","69d7901e3430d13455efb336","69e8e574478f22ea99f7eb3f","<p style=""font-size: 60px; font-family: FragmentMono"">TREHXILS</p>","","","training","","","","","","",""
"null","null","html-keyboard-response","601","1511330","0.0-21.0-0.27","697a79efb4f34a8176d66d2b","69d7901e3430d13455efb336","69e8e574478f22ea99f7eb3f","<p style=""font-size: 60px; font-family: FragmentMono"">THVXZVEWG</p>","","","training","","","","","","",""
"null","null","html-keyboard-response","602","1512332","0.0-21.0-0.28","697a79efb4f34a8176d66d2b","69d7901e3430d13455efb336","69e8e574478f22ea99f7eb3f","<p style=""font-size: 60px; font-family: FragmentMono"">ESDZQJWTI</p>","","","training","","","","","","",""
"null","null","html-keyboard-response","603","1513347","0.0-21.0-0.29","697a79efb4f34a8176d66d2b","69d7901e3430d13455efb336","69e8e574478f22ea99f7eb3f","<p style=""font-size: 60px; font-family: FragmentMono"">TEKUXILS</p>","","","training","","","","","","",""
"null","null","html-keyboard-response","604","1514359","0.0-21.0-0.30","697a79efb4f34a8176d66d2b","69d7901e3430d13455efb336","69e8e574478f22ea99f7eb3f","<p style=""font-size: 60px; font-family: FragmentMono"">EDMKPBKN</p>","","","training","","","","","","",""
"null","null","html-keyboard-response","605","1515375","0.0-21.0-0.31","697a79efb4f34a8176d66d2b","69d7901e3430d13455efb336","69e8e574478f22ea99f7eb3f","<p style=""font-size: 60px; font-family: FragmentMono"">DNHQMVEWG</p>","","","training","","","","","","",""
"null","null","html-keyboard-response","606","1516376","0.0-21.0-0.32","697a79efb4f34a8176d66d2b","69d7901e3430d13455efb336","69e8e574478f22ea99f7eb3f","<p style=""font-size: 60px; font-family: FragmentMono"">TEKUPBKN</p>","","","training","","","","","","",""
"null","null","html-keyboard-response","607","1517378","0.0-21.0-0.33","697a79efb4f34a8176d66d2b","69d7901e3430d13455efb336","69e8e574478f22ea99f7eb3f","<p style=""font-size: 60px; font-family: FragmentMono"">SHXVKHIK</p>","","","training","","","","","","",""
"null","null","html-keyboard-response","608","1518380","0.0-21.0-0.34","697a79efb4f34a8176d66d2b","69d7901e3430d13455efb336","69e8e574478f22ea99f7eb3f","<p style=""font-size: 60px; font-family: FragmentMono"">SLHUOVWLD</p>","","","training","","","","","","",""
"null","null","html-keyboard-response","609","1519388","0.0-21.0-0.35","697a79efb4f34a8176d66d2b","69d7901e3430d13455efb336","69e8e574478f22ea99f7eb3f","<p style=""font-size: 60px; font-family: FragmentMono"">PKCBHXILS</p>","","","training","","","","","","",""
"null","null","html-keyboard-response","610","1520396","0.0-21.0-0.36","697a79efb4f34a8176d66d2b","69d7901e3430d13455efb336","69e8e574478f22ea99f7eb3f","<p style=""font-size: 60px; font-family: FragmentMono"">EZSJITPK</p>","","","training","","","","","","",""
"null","null","html-keyboard-response","611","1521403","0.0-21.0-0.37","697a79efb4f34a8176d66d2b","69d7901e3430d13455efb336","69e8e574478f22ea99f7eb3f","<p style=""font-size: 60px; font-family: FragmentMono"">PVNDEVWLD</p>","","","training","","","","","","",""
"null","null","html-keyboard-response","612","1522404","0.0-21.0-0.38","697a79efb4f34a8176d66d2b","69d7901e3430d13455efb336","69e8e574478f22ea99f7eb3f","<p style=""font-size: 60px; font-family: FragmentMono"">IMJRFJWTI</p>","","","training","","","","","","",""
"null","null","html-keyboard-response","613","1523404","0.0-21.0-0.39","697a79efb4f34a8176d66d2b","69d7901e3430d13455efb336","69e8e574478f22ea99f7eb3f","<p style=""font-size: 60px; font-family: FragmentMono"">UBSUXILS</p>","","","training","","","","","","",""
"null","null","html-keyboard-response","614","1524419","0.0-21.0-0.40","697a79efb4f34a8176d66d2b","69d7901e3430d13455efb336","69e8e574478f22ea99f7eb3f","<p style=""font-size: 60px; font-family: FragmentMono"">IMJRFEYLH</p>","","","training","","","","","","",""
"null","null","html-keyboard-response","615","1525428","0.0-21.0-0.41","697a79efb4f34a8176d66d2b","69d7901e3430d13455efb336","69e8e574478f22ea99f7eb3f","<p style=""font-size: 60px; font-family: FragmentMono"">RWEQMVWLD</p>","","","training","","","","","","",""
"null","null","html-keyboard-response","616","1526438","0.0-21.0-0.42","697a79efb4f34a8176d66d2b","69d7901e3430d13455efb336","69e8e574478f22ea99f7eb3f","<p style=""font-size: 60px; font-family: FragmentMono"">WMBWVEWG</p>","","","training","","","","","","",""
"null","null","html-keyboard-response","617","1527453","0.0-21.0-0.43","697a79efb4f34a8176d66d2b","69d7901e3430d13455efb336","69e8e574478f22ea99f7eb3f","<p style=""font-size: 60px; font-family: FragmentMono"">EZSJIHIK</p>","","","training","","","","","","",""
"null","null","html-keyboard-response","618","1528453","0.0-21.0-0.44","697a79efb4f34a8176d66d2b","69d7901e3430d13455efb336","69e8e574478f22ea99f7eb3f","<p style=""font-size: 60px; font-family: FragmentMono"">UBSUDBM</p>","","","training","","","","","","",""
"null","null","html-keyboard-response","619","1529466","0.0-21.0-0.45","697a79efb4f34a8176d66d2b","69d7901e3430d13455efb336","69e8e574478f22ea99f7eb3f","<p style=""font-size: 60px; font-family: FragmentMono"">GHRJQJWTI</p>","","","training","","","","","","",""
"null","null","html-keyboard-response","620","1530469","0.0-21.0-0.46","697a79efb4f34a8176d66d2b","69d7901e3430d13455efb336","69e8e574478f22ea99f7eb3f","<p style=""font-size: 60px; font-family: FragmentMono"">WMBWVWLD</p>","","","training","","","","","","",""
"null","null","html-keyboard-response","621","1531484","0.0-21.0-0.47","697a79efb4f34a8176d66d2b","69d7901e3430d13455efb336","69e8e574478f22ea99f7eb3f","<p style=""font-size: 60px; font-family: FragmentMono"">THVXZYVN</p>","","","training","","","","","","",""
"null","null","html-keyboard-response","622","1532497","0.0-21.0-0.48","697a79efb4f34a8176d66d2b","69d7901e3430d13455efb336","69e8e574478f22ea99f7eb3f","<p style=""font-size: 60px; font-family: FragmentMono"">HSTDKEYLH</p>","","","training","","","","","","",""
"null","null","html-keyboard-response","623","1533513","0.0-21.0-0.49","697a79efb4f34a8176d66d2b","69d7901e3430d13455efb336","69e8e574478f22ea99f7eb3f","<p style=""font-size: 60px; font-family: FragmentMono"">RWEQMTPK</p>","","","training","","","","","","",""
"null","null","html-keyboard-response","624","1534516","0.0-21.0-0.50","697a79efb4f34a8176d66d2b","69d7901e3430d13455efb336","69e8e574478f22ea99f7eb3f","<p style=""font-size: 60px; font-family: FragmentMono"">EZSJIVEWG</p>","","","training","","","","","","",""
"null","null","html-keyboard-response","625","1535524","0.0-21.0-0.51","697a79efb4f34a8176d66d2b","69d7901e3430d13455efb336","69e8e574478f22ea99f7eb3f","<p style=""font-size: 60px; font-family: FragmentMono"">RWEQMHIK</p>","","","training","","","","","","",""
"null","null","html-keyboard-response","626","1536525","0.0-21.0-0.52","697a79efb4f34a8176d66d2b","69d7901e3430d13455efb336","69e8e574478f22ea99f7eb3f","<p style=""font-size: 60px; font-family: FragmentMono"">SLHUOYVN</p>","","","training","","","","","","",""
"null","null","html-keyboard-response","627","1537541","0.0-21.0-0.53","697a79efb4f34a8176d66d2b","69d7901e3430d13455efb336","69e8e574478f22ea99f7eb3f","<p style=""font-size: 60px; font-family: FragmentMono"">IMJRFDBM</p>","","","training","","","","","","",""
"null","null","html-keyboard-response","628","1538554","0.0-21.0-0.54","697a79efb4f34a8176d66d2b","69d7901e3430d13455efb336","69e8e574478f22ea99f7eb3f","<p style=""font-size: 60px; font-family: FragmentMono"">HSTDKPBKN</p>","","","training","","","","","","",""
"null","null","html-keyboard-response","629","1539556","0.0-21.0-0.55","697a79efb4f34a8176d66d2b","69d7901e3430d13455efb336","69e8e574478f22ea99f7eb3f","<p style=""font-size: 60px; font-family: FragmentMono"">EDMKDBM</p>","","","training","","","","","","",""
"null","null","html-keyboard-response","630","1540562","0.0-21.0-0.56","697a79efb4f34a8176d66d2b","69d7901e3430d13455efb336","69e8e574478f22ea99f7eb3f","<p style=""font-size: 60px; font-family: FragmentMono"">PVNDEHIK</p>","","","training","","","","","","",""
"null","null","html-keyboard-response","631","1541576","0.0-21.0-0.57","697a79efb4f34a8176d66d2b","69d7901e3430d13455efb336","69e8e574478f22ea99f7eb3f","<p style=""font-size: 60px; font-family: FragmentMono"">EKYAOYVN</p>","","","training","","","","","","",""
"null","null","html-keyboard-response","632","1542585","0.0-21.0-0.58","697a79efb4f34a8176d66d2b","69d7901e3430d13455efb336","69e8e574478f22ea99f7eb3f","<p style=""font-size: 60px; font-family: FragmentMono"">GHRJQDBM</p>","","","training","","","","","","",""
"null","null","html-keyboard-response","633","1543601","0.0-21.0-0.59","697a79efb4f34a8176d66d2b","69d7901e3430d13455efb336","69e8e574478f22ea99f7eb3f","<p style=""font-size: 60px; font-family: FragmentMono"">PKCBHEYLH</p>","","","training","","","","","","",""
"null","null","html-keyboard-response","634","1544607","0.0-21.0-0.60","697a79efb4f34a8176d66d2b","69d7901e3430d13455efb336","69e8e574478f22ea99f7eb3f","<p style=""font-size: 60px; font-family: FragmentMono"">EKYAOHIK</p>","","","training","","","","","","",""
"null","null","html-keyboard-response","635","1545622","0.0-21.0-0.61","697a79efb4f34a8176d66d2b","69d7901e3430d13455efb336","69e8e574478f22ea99f7eb3f","<p style=""font-size: 60px; font-family: FragmentMono"">UBSUEYLH</p>","","","training","","","","","","",""
"null","null","html-keyboard-response","636","1546638","0.0-21.0-0.62","697a79efb4f34a8176d66d2b","69d7901e3430d13455efb336","69e8e574478f22ea99f7eb3f","<p style=""font-size: 60px; font-family: FragmentMono"">BWVFPBKN</p>","","","training","","","","","","",""
"null","null","html-keyboard-response","637","1547654","0.0-21.0-0.63","697a79efb4f34a8176d66d2b","69d7901e3430d13455efb336","69e8e574478f22ea99f7eb3f","<p style=""font-size: 60px; font-family: FragmentMono"">ESDZQEYLH</p>","","","training","","","","","","",""
"null","null","html-keyboard-response","638","1548670","0.0-21.0-0.64","697a79efb4f34a8176d66d2b","69d7901e3430d13455efb336","69e8e574478f22ea99f7eb3f","<p style=""font-size: 60px; font-family: FragmentMono"">EDMKXILS</p>","","","training","","","","","","",""
"null","null","html-keyboard-response","639","1549672","0.0-21.0-0.65","697a79efb4f34a8176d66d2b","69d7901e3430d13455efb336","69e8e574478f22ea99f7eb3f","<p style=""font-size: 60px; font-family: FragmentMono"">RWEQMVEWG</p>","","","training","","","","","","",""
"null","null","html-keyboard-response","640","1550683","0.0-21.0-0.66","697a79efb4f34a8176d66d2b","69d7901e3430d13455efb336","69e8e574478f22ea99f7eb3f","<p style=""font-size: 60px; font-family: FragmentMono"">TEKUDBM</p>","","","training","","","","","","",""
"null","null","html-keyboard-response","641","1551684","0.0-21.0-0.67","697a79efb4f34a8176d66d2b","69d7901e3430d13455efb336","69e8e574478f22ea99f7eb3f","<p style=""font-size: 60px; font-family: FragmentMono"">PKCBHJWTI</p>","","","training","","","","","","",""
"null","null","html-keyboard-response","642","1552696","0.0-21.0-0.68","697a79efb4f34a8176d66d2b","69d7901e3430d13455efb336","69e8e574478f22ea99f7eb3f","<p style=""font-size: 60px; font-family: FragmentMono"">WMBWYVN</p>","","","training","","","","","","",""
"null","null","html-keyboard-response","643","1553711","0.0-21.0-0.69","697a79efb4f34a8176d66d2b","69d7901e3430d13455efb336","69e8e574478f22ea99f7eb3f","<p style=""font-size: 60px; font-family: FragmentMono"">SLHUOHIK</p>","","","training","","","","","","",""
"null","null","html-keyboard-response","644","1554725","0.0-21.0-0.70","697a79efb4f34a8176d66d2b","69d7901e3430d13455efb336","69e8e574478f22ea99f7eb3f","<p style=""font-size: 60px; font-family: FragmentMono"">BWVFXILS</p>","","","training","","","","","","",""
"null","null","html-keyboard-response","645","1555740","0.0-21.0-0.71","697a79efb4f34a8176d66d2b","69d7901e3430d13455efb336","69e8e574478f22ea99f7eb3f","<p style=""font-size: 60px; font-family: FragmentMono"">HECNWVEWG</p>","","","training","","","","","","",""
"null","null","html-keyboard-response","646","1556751","0.0-21.0-0.72","697a79efb4f34a8176d66d2b","69d7901e3430d13455efb336","69e8e574478f22ea99f7eb3f","<p style=""font-size: 60px; font-family: FragmentMono"">TREHDBM</p>","","","training","","","","","","",""
"null","null","html-keyboard-response","647","1557764","0.0-21.0-0.73","697a79efb4f34a8176d66d2b","69d7901e3430d13455efb336","69e8e574478f22ea99f7eb3f","<p style=""font-size: 60px; font-family: FragmentMono"">BWVFJWTI</p>","","","training","","","","","","",""
"null","null","html-keyboard-response","648","1558776","0.0-21.0-0.74","697a79efb4f34a8176d66d2b","69d7901e3430d13455efb336","69e8e574478f22ea99f7eb3f","<p style=""font-size: 60px; font-family: FragmentMono"">THVXZVWLD</p>","","","training","","","","","","",""
"null","null","html-keyboard-response","649","1559777","0.0-21.0-0.75","697a79efb4f34a8176d66d2b","69d7901e3430d13455efb336","69e8e574478f22ea99f7eb3f","<p style=""font-size: 60px; font-family: FragmentMono"">BWVFDBM</p>","","","training","","","","","","",""
"null","null","html-keyboard-response","650","1560788","0.0-21.0-0.76","697a79efb4f34a8176d66d2b","69d7901e3430d13455efb336","69e8e574478f22ea99f7eb3f","<p style=""font-size: 60px; font-family: FragmentMono"">THVXZTPK</p>","","","training","","","","","","",""
"null","null","html-keyboard-response","651","1561801","0.0-21.0-0.77","697a79efb4f34a8176d66d2b","69d7901e3430d13455efb336","69e8e574478f22ea99f7eb3f","<p style=""font-size: 60px; font-family: FragmentMono"">ESDZQDBM</p>","","","training","","","","","","",""
"null","null","html-keyboard-response","652","1562820","0.0-21.0-0.78","697a79efb4f34a8176d66d2b","69d7901e3430d13455efb336","69e8e574478f22ea99f7eb3f","<p style=""font-size: 60px; font-family: FragmentMono"">TEKUEYLH</p>","","","training","","","","","","",""
"null","null","html-keyboard-response","653","1563822","0.0-21.0-0.79","697a79efb4f34a8176d66d2b","69d7901e3430d13455efb336","69e8e574478f22ea99f7eb3f","<p style=""font-size: 60px; font-family: FragmentMono"">DNHQMYVN</p>","","","training","","","","","","",""
"2761"," ","html-keyboard-response","654","1566583","0.0-22.0","697a79efb4f34a8176d66d2b","69d7901e3430d13455efb336","69e8e574478f22ea99f7eb3f","<p style=""font-size: 30px"">Great! You've seen all the words that we received from space.</p>
      <p style=""font-size: 30px"">Press the spacebar when you're ready to continue.</p>","","","","","","","","","",""
"29759"," ","html-keyboard-response","655","1596343","0.0-23.0","697a79efb4f34a8176d66d2b","69d7901e3430d13455efb336","69e8e574478f22ea99f7eb3f","<p style=""font-size: 30px"">In this second part, you'll be given some words from a new communication from the same group of aliens, and others that belong to a communication from a different group of aliens. However, the two communications arrived at the same time, so the words are mixed up. Your task is to identify the words that belong to the same group of aliens as the communication you saw in the first part of the experiment.</p>
      <p style=""font-size: 30px"">This is a very tricky task, since both alien groups use the same characters. Your meeting with the world leaders starts very soon, so you won't have much time to decide; you need to work quickly. Try to do your best using your intuition; you don't have much time to spend thinking about each word.</p>
      <p style=""font-size: 30px"">Press <strong>k</strong> when you think that the word you're being shown is from the same group of aliens as before, and <strong>d</strong> when you think it's from a communication from the other alien group.</p><p>Press the spacebar when you're ready to begin.</p>","","","","","","","","","",""
"1891","k","html-keyboard-response","656","1598235","0.0-24.0-0.0","697a79efb4f34a8176d66d2b","69d7901e3430d13455efb336","69e8e574478f22ea99f7eb3f","<p style=""font-size: 30px;"">Does this word come from the alien group you studied previously?</p><br><p style=""font-size: 60px; font-family: FragmentMono"">DNHQMAFN<p style=""font-size: 15px"">Press <strong>k</strong> for yes, <strong>d</strong> for no.</p>","","","testing","DNHQMAFN","k","[""morphemeXmorcode""]","true","","",""
"964","d","html-keyboard-response","657","1599198","0.0-24.0-0.1","697a79efb4f34a8176d66d2b","69d7901e3430d13455efb336","69e8e574478f22ea99f7eb3f","<p style=""font-size: 30px;"">Does this word come from the alien group you studied previously?</p><br><p style=""font-size: 60px; font-family: FragmentMono"">ZCPBUVHGM<p style=""font-size: 15px"">Press <strong>k</strong> for yes, <strong>d</strong> for no.</p>","","","testing","ZCPBUVHGM","d","[""morcodeXmorcode""]","true","","",""
"1248","k","html-keyboard-response","658","1600446","0.0-24.0-0.2","697a79efb4f34a8176d66d2b","69d7901e3430d13455efb336","69e8e574478f22ea99f7eb3f","<p style=""font-size: 30px;"">Does this word come from the alien group you studied previously?</p><br><p style=""font-size: 60px; font-family: FragmentMono"">SHXVKDJZJ<p style=""font-size: 15px"">Press <strong>k</strong> for yes, <strong>d</strong> for no.</p>","","","testing","SHXVKDJZJ","k","[""morphemeXmorcode""]","true","","",""
"1100","d","html-keyboard-response","659","1601547","0.0-24.0-0.3","697a79efb4f34a8176d66d2b","69d7901e3430d13455efb336","69e8e574478f22ea99f7eb3f","<p style=""font-size: 30px"">&emsp;</p><br><p style=""font-size: 60px; font-family: FragmentMono"">LQUJOVWLD<p style=""font-size: 15px"">Press <strong>k</strong> for yes, <strong>d</strong> for no.</p>","","","testing","LQUJOVWLD","k","[""morcodeXmorpheme""]","false","","",""
"1099","d","html-keyboard-response","660","1602646","0.0-24.0-0.4","697a79efb4f34a8176d66d2b","69d7901e3430d13455efb336","69e8e574478f22ea99f7eb3f","<p style=""font-size: 30px"">&emsp;</p><br><p style=""font-size: 60px; font-family: FragmentMono"">ZBTFWXM<p style=""font-size: 15px"">Press <strong>k</strong> for yes, <strong>d</strong> for no.</p>","","","testing","ZBTFWXM","d","[""morcodeXmorcode""]","true","","",""
"1044","d","html-keyboard-response","661","1603691","0.0-24.0-0.5","697a79efb4f34a8176d66d2b","69d7901e3430d13455efb336","69e8e574478f22ea99f7eb3f","<p style=""font-size: 30px"">&emsp;</p><br><p style=""font-size: 60px; font-family: FragmentMono"">VDISPSU<p style=""font-size: 15px"">Press <strong>k</strong> for yes, <strong>d</strong> for no.</p>","","","testing","VDISPSU","d","[""morcodeXmorcode""]","true","","",""
"739","d","html-keyboard-response","662","1604430","0.0-24.0-0.6","697a79efb4f34a8176d66d2b","69d7901e3430d13455efb336","69e8e574478f22ea99f7eb3f","<p style=""font-size: 30px"">&emsp;</p><br><p style=""font-size: 60px; font-family: FragmentMono"">NVSZPJWTI<p style=""font-size: 15px"">Press <strong>k</strong> for yes, <strong>d</strong> for no.</p>","","","testing","NVSZPJWTI","k","[""morcodeXmorpheme""]","false","","",""
"900","d","html-keyboard-response","663","1605330","0.0-24.0-0.7","697a79efb4f34a8176d66d2b","69d7901e3430d13455efb336","69e8e574478f22ea99f7eb3f","<p style=""font-size: 30px"">&emsp;</p><br><p style=""font-size: 60px; font-family: FragmentMono"">BABJOQG<p style=""font-size: 15px"">Press <strong>k</strong> for yes, <strong>d</strong> for no.</p>","","","testing","BABJOQG","d","[""morcodeXmorcode""]","true","","",""
"912","k","html-keyboard-response","664","1606242","0.0-24.0-0.8","697a79efb4f34a8176d66d2b","69d7901e3430d13455efb336","69e8e574478f22ea99f7eb3f","<p style=""font-size: 30px"">&emsp;</p><br><p style=""font-size: 60px; font-family: FragmentMono"">YKJSIVWLD<p style=""font-size: 15px"">Press <strong>k</strong> for yes, <strong>d</strong> for no.</p>","","","testing","YKJSIVWLD","k","[""morcodeXmorpheme""]","true","","",""
"1952","d","html-keyboard-response","665","1608194","0.0-24.0-0.9","697a79efb4f34a8176d66d2b","69d7901e3430d13455efb336","69e8e574478f22ea99f7eb3f","<p style=""font-size: 30px"">&emsp;</p><br><p style=""font-size: 60px; font-family: FragmentMono"">VNJVSEYLH<p style=""font-size: 15px"">Press <strong>k</strong> for yes, <strong>d</strong> for no.</p>","","","testing","VNJVSEYLH","k","[""morcodeXmorpheme""]","false","","",""
"1127","d","html-keyboard-response","666","1609322","0.0-24.0-0.10","697a79efb4f34a8176d66d2b","69d7901e3430d13455efb336","69e8e574478f22ea99f7eb3f","<p style=""font-size: 30px"">&emsp;</p><br><p style=""font-size: 60px; font-family: FragmentMono"">RWEQMSXD<p style=""font-size: 15px"">Press <strong>k</strong> for yes, <strong>d</strong> for no.</p>","","","testing","RWEQMSXD","k","[""morphemeXmorcode""]","false","","",""
"672","k","html-keyboard-response","667","1609994","0.0-24.0-0.11","697a79efb4f34a8176d66d2b","69d7901e3430d13455efb336","69e8e574478f22ea99f7eb3f","<p style=""font-size: 30px"">&emsp;</p><br><p style=""font-size: 60px; font-family: FragmentMono"">PKCBHVWLD<p style=""font-size: 15px"">Press <strong>k</strong> for yes, <strong>d</strong> for no.</p>","","","testing","PKCBHVWLD","d","[""morphemeXmorpheme""]","false","","",""
"772","k","html-keyboard-response","668","1610766","0.0-24.0-0.12","697a79efb4f34a8176d66d2b","69d7901e3430d13455efb336","69e8e574478f22ea99f7eb3f","<p style=""font-size: 30px"">&emsp;</p><br><p style=""font-size: 60px; font-family: FragmentMono"">EKYAOVEWG<p style=""font-size: 15px"">Press <strong>k</strong> for yes, <strong>d</strong> for no.</p>","","","testing","EKYAOVEWG","k","[""morphemeXmorpheme""]","true","","",""
"692","k","html-keyboard-response","669","1611459","0.0-24.0-0.13","697a79efb4f34a8176d66d2b","69d7901e3430d13455efb336","69e8e574478f22ea99f7eb3f","<p style=""font-size: 30px"">&emsp;</p><br><p style=""font-size: 60px; font-family: FragmentMono"">TEKUTPK<p style=""font-size: 15px"">Press <strong>k</strong> for yes, <strong>d</strong> for no.</p>","","","testing","TEKUTPK","d","[""morphemeXmorpheme""]","false","","",""
"1148","k","html-keyboard-response","670","1612606","0.0-24.0-0.14","697a79efb4f34a8176d66d2b","69d7901e3430d13455efb336","69e8e574478f22ea99f7eb3f","<p style=""font-size: 30px"">&emsp;</p><br><p style=""font-size: 60px; font-family: FragmentMono"">GHRJQVRZA<p style=""font-size: 15px"">Press <strong>k</strong> for yes, <strong>d</strong> for no.</p>","","","testing","GHRJQVRZA","k","[""morphemeXmorcode""]","true","","",""
"1175","k","html-keyboard-response","671","1613782","0.0-24.0-0.15","697a79efb4f34a8176d66d2b","69d7901e3430d13455efb336","69e8e574478f22ea99f7eb3f","<p style=""font-size: 30px"">&emsp;</p><br><p style=""font-size: 60px; font-family: FragmentMono"">ESDZQXILS<p style=""font-size: 15px"">Press <strong>k</strong> for yes, <strong>d</strong> for no.</p>","","","testing","ESDZQXILS","k","[""morphemeXmorpheme""]","true","","",""
"1597","k","html-keyboard-response","672","1615379","0.0-24.0-0.16","697a79efb4f34a8176d66d2b","69d7901e3430d13455efb336","69e8e574478f22ea99f7eb3f","<p style=""font-size: 30px"">&emsp;</p><br><p style=""font-size: 60px; font-family: FragmentMono"">EZSJIVWLD<p style=""font-size: 15px"">Press <strong>k</strong> for yes, <strong>d</strong> for no.</p>","","","testing","EZSJIVWLD","k","[""morphemeXmorpheme""]","true","","",""
"1504","d","html-keyboard-response","673","1616882","0.0-24.0-0.17","697a79efb4f34a8176d66d2b","69d7901e3430d13455efb336","69e8e574478f22ea99f7eb3f","<p style=""font-size: 30px"">&emsp;</p><br><p style=""font-size: 60px; font-family: FragmentMono"">VRVJSQBU<p style=""font-size: 15px"">Press <strong>k</strong> for yes, <strong>d</strong> for no.</p>","","","testing","VRVJSQBU","d","[""morcodeXmorcode""]","true","","",""
"1023","d","html-keyboard-response","674","1617906","0.0-24.0-0.18","697a79efb4f34a8176d66d2b","69d7901e3430d13455efb336","69e8e574478f22ea99f7eb3f","<p style=""font-size: 30px"">&emsp;</p><br><p style=""font-size: 60px; font-family: FragmentMono"">JZPMTUZ<p style=""font-size: 15px"">Press <strong>k</strong> for yes, <strong>d</strong> for no.</p>","","","testing","JZPMTUZ","d","[""morcodeXmorcode""]","true","","",""
"864","k","html-keyboard-response","675","1618770","0.0-24.0-0.19","697a79efb4f34a8176d66d2b","69d7901e3430d13455efb336","69e8e574478f22ea99f7eb3f","<p style=""font-size: 30px"">&emsp;</p><br><p style=""font-size: 60px; font-family: FragmentMono"">RCIJKUCSU<p style=""font-size: 15px"">Press <strong>k</strong> for yes, <strong>d</strong> for no.</p>","","","testing","RCIJKUCSU","d","[""morcodeXmorcode""]","false","","",""
"800","k","html-keyboard-response","676","1619570","0.0-24.0-0.20","697a79efb4f34a8176d66d2b","69d7901e3430d13455efb336","69e8e574478f22ea99f7eb3f","<p style=""font-size: 30px"">&emsp;</p><br><p style=""font-size: 60px; font-family: FragmentMono"">TREHEYLH<p style=""font-size: 15px"">Press <strong>k</strong> for yes, <strong>d</strong> for no.</p>","","","testing","TREHEYLH","k","[""morphemeXmorpheme""]","true","","",""
"1012","k","html-keyboard-response","677","1620582","0.0-24.0-0.21","697a79efb4f34a8176d66d2b","69d7901e3430d13455efb336","69e8e574478f22ea99f7eb3f","<p style=""font-size: 30px"">&emsp;</p><br><p style=""font-size: 60px; font-family: FragmentMono"">EZSJIDBM<p style=""font-size: 15px"">Press <strong>k</strong> for yes, <strong>d</strong> for no.</p>","","","testing","EZSJIDBM","d","[""morphemeXmorpheme""]","false","","",""
"804","d","html-keyboard-response","678","1621386","0.0-24.0-0.22","697a79efb4f34a8176d66d2b","69d7901e3430d13455efb336","69e8e574478f22ea99f7eb3f","<p style=""font-size: 30px"">&emsp;</p><br><p style=""font-size: 60px; font-family: FragmentMono"">CTSBIEYLH<p style=""font-size: 15px"">Press <strong>k</strong> for yes, <strong>d</strong> for no.</p>","","","testing","CTSBIEYLH","k","[""morcodeXmorpheme""]","false","","",""
"1107","k","html-keyboard-response","679","1622494","0.0-24.0-0.23","697a79efb4f34a8176d66d2b","69d7901e3430d13455efb336","69e8e574478f22ea99f7eb3f","<p style=""font-size: 30px"">&emsp;</p><br><p style=""font-size: 60px; font-family: FragmentMono"">BWVFOKDV<p style=""font-size: 15px"">Press <strong>k</strong> for yes, <strong>d</strong> for no.</p>","","","testing","BWVFOKDV","k","[""morphemeXmorcode""]","true","","",""
"956","k","html-keyboard-response","680","1623450","0.0-24.0-0.24","697a79efb4f34a8176d66d2b","69d7901e3430d13455efb336","69e8e574478f22ea99f7eb3f","<p style=""font-size: 30px"">&emsp;</p><br><p style=""font-size: 60px; font-family: FragmentMono"">ECKFXVEWG<p style=""font-size: 15px"">Press <strong>k</strong> for yes, <strong>d</strong> for no.</p>","","","testing","ECKFXVEWG","k","[""morcodeXmorpheme""]","true","","",""
"975","d","html-keyboard-response","681","1624426","0.0-24.0-0.25","697a79efb4f34a8176d66d2b","69d7901e3430d13455efb336","69e8e574478f22ea99f7eb3f","<p style=""font-size: 30px"">&emsp;</p><br><p style=""font-size: 60px; font-family: FragmentMono"">TREHOHRG<p style=""font-size: 15px"">Press <strong>k</strong> for yes, <strong>d</strong> for no.</p>","","","testing","TREHOHRG","k","[""morphemeXmorcode""]","false","","",""
"888","d","html-keyboard-response","682","1625314","0.0-24.0-0.26","697a79efb4f34a8176d66d2b","69d7901e3430d13455efb336","69e8e574478f22ea99f7eb3f","<p style=""font-size: 30px"">&emsp;</p><br><p style=""font-size: 60px; font-family: FragmentMono"">REAHUFQD<p style=""font-size: 15px"">Press <strong>k</strong> for yes, <strong>d</strong> for no.</p>","","","testing","REAHUFQD","d","[""morcodeXmorcode""]","true","","",""
"1779","d","html-keyboard-response","683","1627094","0.0-24.0-0.27","697a79efb4f34a8176d66d2b","69d7901e3430d13455efb336","69e8e574478f22ea99f7eb3f","<p style=""font-size: 30px"">&emsp;</p><br><p style=""font-size: 60px; font-family: FragmentMono"">EQVFHIK<p style=""font-size: 15px"">Press <strong>k</strong> for yes, <strong>d</strong> for no.</p>","","","testing","EQVFHIK","k","[""morcodeXmorpheme""]","false","","",""
"1076","k","html-keyboard-response","684","1628170","0.0-24.0-0.28","697a79efb4f34a8176d66d2b","69d7901e3430d13455efb336","69e8e574478f22ea99f7eb3f","<p style=""font-size: 30px"">&emsp;</p><br><p style=""font-size: 60px; font-family: FragmentMono"">RKSFYVN<p style=""font-size: 15px"">Press <strong>k</strong> for yes, <strong>d</strong> for no.</p>","","","testing","RKSFYVN","k","[""morcodeXmorpheme""]","true","","",""
"1000","k","html-keyboard-response","685","1629170","0.0-24.0-0.29","697a79efb4f34a8176d66d2b","69d7901e3430d13455efb336","69e8e574478f22ea99f7eb3f","<p style=""font-size: 30px"">&emsp;</p><br><p style=""font-size: 60px; font-family: FragmentMono"">SLHUOJWTI<p style=""font-size: 15px"">Press <strong>k</strong> for yes, <strong>d</strong> for no.</p>","","","testing","SLHUOJWTI","d","[""morphemeXmorpheme""]","false","","",""
"1172","d","html-keyboard-response","686","1630342","0.0-24.0-0.30","697a79efb4f34a8176d66d2b","69d7901e3430d13455efb336","69e8e574478f22ea99f7eb3f","<p style=""font-size: 30px"">&emsp;</p><br><p style=""font-size: 60px; font-family: FragmentMono"">TLCHGZOWZ<p style=""font-size: 15px"">Press <strong>k</strong> for yes, <strong>d</strong> for no.</p>","","","testing","TLCHGZOWZ","d","[""morcodeXmorcode""]","true","","",""
"1016","k","html-keyboard-response","687","1631358","0.0-24.0-0.31","697a79efb4f34a8176d66d2b","69d7901e3430d13455efb336","69e8e574478f22ea99f7eb3f","<p style=""font-size: 30px"">&emsp;</p><br><p style=""font-size: 60px; font-family: FragmentMono"">HSTDKNLP<p style=""font-size: 15px"">Press <strong>k</strong> for yes, <strong>d</strong> for no.</p>","","","testing","HSTDKNLP","k","[""morphemeXmorcode""]","true","","",""
"1124","d","html-keyboard-response","688","1632482","0.0-24.0-0.32","697a79efb4f34a8176d66d2b","69d7901e3430d13455efb336","69e8e574478f22ea99f7eb3f","<p style=""font-size: 30px"">&emsp;</p><br><p style=""font-size: 60px; font-family: FragmentMono"">LMAZWHPWY<p style=""font-size: 15px"">Press <strong>k</strong> for yes, <strong>d</strong> for no.</p>","","","testing","LMAZWHPWY","d","[""morcodeXmorcode""]","true","","",""
"840","k","html-keyboard-response","689","1633322","0.0-24.0-0.33","697a79efb4f34a8176d66d2b","69d7901e3430d13455efb336","69e8e574478f22ea99f7eb3f","<p style=""font-size: 30px"">&emsp;</p><br><p style=""font-size: 60px; font-family: FragmentMono"">BWVFYVN<p style=""font-size: 15px"">Press <strong>k</strong> for yes, <strong>d</strong> for no.</p>","","","testing","BWVFYVN","d","[""morphemeXmorpheme""]","false","","",""
"948","k","html-keyboard-response","690","1634270","0.0-24.0-0.34","697a79efb4f34a8176d66d2b","69d7901e3430d13455efb336","69e8e574478f22ea99f7eb3f","<p style=""font-size: 30px"">&emsp;</p><br><p style=""font-size: 60px; font-family: FragmentMono"">TEKUJWTI<p style=""font-size: 15px"">Press <strong>k</strong> for yes, <strong>d</strong> for no.</p>","","","testing","TEKUJWTI","k","[""morphemeXmorpheme""]","true","","",""
"1243","k","html-keyboard-response","691","1635514","0.0-24.0-0.35","697a79efb4f34a8176d66d2b","69d7901e3430d13455efb336","69e8e574478f22ea99f7eb3f","<p style=""font-size: 30px"">&emsp;</p><br><p style=""font-size: 60px; font-family: FragmentMono"">PVNDEYVN<p style=""font-size: 15px"">Press <strong>k</strong> for yes, <strong>d</strong> for no.</p>","","","testing","PVNDEYVN","k","[""morphemeXmorpheme""]","true","","",""
"952","k","html-keyboard-response","692","1636467","0.0-24.0-0.36","697a79efb4f34a8176d66d2b","69d7901e3430d13455efb336","69e8e574478f22ea99f7eb3f","<p style=""font-size: 30px"">&emsp;</p><br><p style=""font-size: 60px; font-family: FragmentMono"">GHRJQPBKN<p style=""font-size: 15px"">Press <strong>k</strong> for yes, <strong>d</strong> for no.</p>","","","testing","GHRJQPBKN","k","[""morphemeXmorpheme""]","true","","",""
"1460","d","html-keyboard-response","693","1637926","0.0-24.0-0.37","697a79efb4f34a8176d66d2b","69d7901e3430d13455efb336","69e8e574478f22ea99f7eb3f","<p style=""font-size: 30px"">&emsp;</p><br><p style=""font-size: 60px; font-family: FragmentMono"">LSZGATHW<p style=""font-size: 15px"">Press <strong>k</strong> for yes, <strong>d</strong> for no.</p>","","","testing","LSZGATHW","d","[""morcodeXmorcode""]","true","","",""
"1400","k","html-keyboard-response","694","1639327","0.0-24.0-0.38","697a79efb4f34a8176d66d2b","69d7901e3430d13455efb336","69e8e574478f22ea99f7eb3f","<p style=""font-size: 30px"">&emsp;</p><br><p style=""font-size: 60px; font-family: FragmentMono"">THVXZPBKN<p style=""font-size: 15px"">Press <strong>k</strong> for yes, <strong>d</strong> for no.</p>","","","testing","THVXZPBKN","d","[""morphemeXmorpheme""]","false","","",""
"1203","d","html-keyboard-response","695","1640530","0.0-24.0-0.39","697a79efb4f34a8176d66d2b","69d7901e3430d13455efb336","69e8e574478f22ea99f7eb3f","<p style=""font-size: 30px"">&emsp;</p><br><p style=""font-size: 60px; font-family: FragmentMono"">SJNXFXDST<p style=""font-size: 15px"">Press <strong>k</strong> for yes, <strong>d</strong> for no.</p>","","","testing","SJNXFXDST","d","[""morcodeXmorcode""]","true","","",""
"1556","d","html-keyboard-response","696","1642086","0.0-24.0-0.40","697a79efb4f34a8176d66d2b","69d7901e3430d13455efb336","69e8e574478f22ea99f7eb3f","<p style=""font-size: 30px"">&emsp;</p><br><p style=""font-size: 60px; font-family: FragmentMono"">AKYSTPK<p style=""font-size: 15px"">Press <strong>k</strong> for yes, <strong>d</strong> for no.</p>","","","testing","AKYSTPK","k","[""morcodeXmorpheme""]","false","","",""
"1559","d","html-keyboard-response","697","1643646","0.0-24.0-0.41","697a79efb4f34a8176d66d2b","69d7901e3430d13455efb336","69e8e574478f22ea99f7eb3f","<p style=""font-size: 30px"">&emsp;</p><br><p style=""font-size: 60px; font-family: FragmentMono"">UWQEOPBKN<p style=""font-size: 15px"">Press <strong>k</strong> for yes, <strong>d</strong> for no.</p>","","","testing","UWQEOPBKN","k","[""morcodeXmorpheme""]","false","","",""
"844","k","html-keyboard-response","698","1644490","0.0-24.0-0.42","697a79efb4f34a8176d66d2b","69d7901e3430d13455efb336","69e8e574478f22ea99f7eb3f","<p style=""font-size: 30px"">&emsp;</p><br><p style=""font-size: 60px; font-family: FragmentMono"">PKCBHZKY<p style=""font-size: 15px"">Press <strong>k</strong> for yes, <strong>d</strong> for no.</p>","","","testing","PKCBHZKY","k","[""morphemeXmorcode""]","true","","",""
"1164","k","html-keyboard-response","699","1645654","0.0-24.0-0.43","697a79efb4f34a8176d66d2b","69d7901e3430d13455efb336","69e8e574478f22ea99f7eb3f","<p style=""font-size: 30px"">&emsp;</p><br><p style=""font-size: 60px; font-family: FragmentMono"">EDMKFCJS<p style=""font-size: 15px"">Press <strong>k</strong> for yes, <strong>d</strong> for no.</p>","","","testing","EDMKFCJS","k","[""morphemeXmorcode""]","true","","",""
"1084","d","html-keyboard-response","700","1646738","0.0-24.0-0.44","697a79efb4f34a8176d66d2b","69d7901e3430d13455efb336","69e8e574478f22ea99f7eb3f","<p style=""font-size: 30px"">&emsp;</p><br><p style=""font-size: 60px; font-family: FragmentMono"">OXZKVEHK<p style=""font-size: 15px"">Press <strong>k</strong> for yes, <strong>d</strong> for no.</p>","","","testing","OXZKVEHK","d","[""morcodeXmorcode""]","true","","",""
"1368","k","html-keyboard-response","701","1648106","0.0-24.0-0.45","697a79efb4f34a8176d66d2b","69d7901e3430d13455efb336","69e8e574478f22ea99f7eb3f","<p style=""font-size: 30px"">&emsp;</p><br><p style=""font-size: 60px; font-family: FragmentMono"">HECNWQPMY<p style=""font-size: 15px"">Press <strong>k</strong> for yes, <strong>d</strong> for no.</p>","","","testing","HECNWQPMY","k","[""morphemeXmorcode""]","true","","",""
"979","k","html-keyboard-response","702","1649086","0.0-24.0-0.46","697a79efb4f34a8176d66d2b","69d7901e3430d13455efb336","69e8e574478f22ea99f7eb3f","<p style=""font-size: 30px"">&emsp;</p><br><p style=""font-size: 60px; font-family: FragmentMono"">BWVFEYLH<p style=""font-size: 15px"">Press <strong>k</strong> for yes, <strong>d</strong> for no.</p>","","","testing","BWVFEYLH","k","[""morphemeXmorpheme""]","true","","",""
"1221","k","html-keyboard-response","703","1650307","0.0-24.0-0.47","697a79efb4f34a8176d66d2b","69d7901e3430d13455efb336","69e8e574478f22ea99f7eb3f","<p style=""font-size: 30px"">&emsp;</p><br><p style=""font-size: 60px; font-family: FragmentMono"">FHICDJWTI<p style=""font-size: 15px"">Press <strong>k</strong> for yes, <strong>d</strong> for no.</p>","","","testing","FHICDJWTI","k","[""morcodeXmorpheme""]","true","","",""
"639","d","html-keyboard-response","704","1650947","0.0-24.0-0.48","697a79efb4f34a8176d66d2b","69d7901e3430d13455efb336","69e8e574478f22ea99f7eb3f","<p style=""font-size: 30px"">&emsp;</p><br><p style=""font-size: 60px; font-family: FragmentMono"">YIDUNSWOJ<p style=""font-size: 15px"">Press <strong>k</strong> for yes, <strong>d</strong> for no.</p>","","","testing","YIDUNSWOJ","d","[""morcodeXmorcode""]","true","","",""
"1072","d","html-keyboard-response","705","1652019","0.0-24.0-0.49","697a79efb4f34a8176d66d2b","69d7901e3430d13455efb336","69e8e574478f22ea99f7eb3f","<p style=""font-size: 30px"">&emsp;</p><br><p style=""font-size: 60px; font-family: FragmentMono"">THVXZHIK<p style=""font-size: 15px"">Press <strong>k</strong> for yes, <strong>d</strong> for no.</p>","","","testing","THVXZHIK","k","[""morphemeXmorpheme""]","false","","",""
"1127","k","html-keyboard-response","706","1653146","0.0-24.0-0.50","697a79efb4f34a8176d66d2b","69d7901e3430d13455efb336","69e8e574478f22ea99f7eb3f","<p style=""font-size: 30px"">&emsp;</p><br><p style=""font-size: 60px; font-family: FragmentMono"">WMBWPBKN<p style=""font-size: 15px"">Press <strong>k</strong> for yes, <strong>d</strong> for no.</p>","","","testing","WMBWPBKN","d","[""morphemeXmorpheme""]","false","","",""
"980","k","html-keyboard-response","707","1654126","0.0-24.0-0.51","697a79efb4f34a8176d66d2b","69d7901e3430d13455efb336","69e8e574478f22ea99f7eb3f","<p style=""font-size: 30px"">&emsp;</p><br><p style=""font-size: 60px; font-family: FragmentMono"">IMJRFAEXJ<p style=""font-size: 15px"">Press <strong>k</strong> for yes, <strong>d</strong> for no.</p>","","","testing","IMJRFAEXJ","k","[""morphemeXmorcode""]","true","","",""
"940","d","html-keyboard-response","708","1655067","0.0-24.0-0.52","697a79efb4f34a8176d66d2b","69d7901e3430d13455efb336","69e8e574478f22ea99f7eb3f","<p style=""font-size: 30px"">&emsp;</p><br><p style=""font-size: 60px; font-family: FragmentMono"">NQEFMOLHX<p style=""font-size: 15px"">Press <strong>k</strong> for yes, <strong>d</strong> for no.</p>","","","testing","NQEFMOLHX","d","[""morcodeXmorcode""]","true","","",""
"896","k","html-keyboard-response","709","1655962","0.0-24.0-0.53","697a79efb4f34a8176d66d2b","69d7901e3430d13455efb336","69e8e574478f22ea99f7eb3f","<p style=""font-size: 30px"">&emsp;</p><br><p style=""font-size: 60px; font-family: FragmentMono"">GHRJQHIK<p style=""font-size: 15px"">Press <strong>k</strong> for yes, <strong>d</strong> for no.</p>","","","testing","GHRJQHIK","d","[""morphemeXmorpheme""]","false","","",""
"1060","d","html-keyboard-response","710","1657023","0.0-24.0-0.54","697a79efb4f34a8176d66d2b","69d7901e3430d13455efb336","69e8e574478f22ea99f7eb3f","<p style=""font-size: 30px"">&emsp;</p><br><p style=""font-size: 60px; font-family: FragmentMono"">PVNDEZRT<p style=""font-size: 15px"">Press <strong>k</strong> for yes, <strong>d</strong> for no.</p>","","","testing","PVNDEZRT","k","[""morphemeXmorcode""]","false","","",""
"1019","d","html-keyboard-response","711","1658042","0.0-24.0-0.55","697a79efb4f34a8176d66d2b","69d7901e3430d13455efb336","69e8e574478f22ea99f7eb3f","<p style=""font-size: 30px"">&emsp;</p><br><p style=""font-size: 60px; font-family: FragmentMono"">FDMJCDRBW<p style=""font-size: 15px"">Press <strong>k</strong> for yes, <strong>d</strong> for no.</p>","","","testing","FDMJCDRBW","d","[""morcodeXmorcode""]","true","","",""
"836","d","html-keyboard-response","712","1658878","0.0-24.0-0.56","697a79efb4f34a8176d66d2b","69d7901e3430d13455efb336","69e8e574478f22ea99f7eb3f","<p style=""font-size: 30px"">&emsp;</p><br><p style=""font-size: 60px; font-family: FragmentMono"">QHJGWXILS<p style=""font-size: 15px"">Press <strong>k</strong> for yes, <strong>d</strong> for no.</p>","","","testing","QHJGWXILS","k","[""morcodeXmorpheme""]","false","","",""
"1548","d","html-keyboard-response","713","1660426","0.0-24.0-0.57","697a79efb4f34a8176d66d2b","69d7901e3430d13455efb336","69e8e574478f22ea99f7eb3f","<p style=""font-size: 30px"">&emsp;</p><br><p style=""font-size: 60px; font-family: FragmentMono"">FWTPNDBM<p style=""font-size: 15px"">Press <strong>k</strong> for yes, <strong>d</strong> for no.</p>","","","testing","FWTPNDBM","k","[""morcodeXmorpheme""]","false","","",""
"960","k","html-keyboard-response","714","1661386","0.0-24.0-0.58","697a79efb4f34a8176d66d2b","69d7901e3430d13455efb336","69e8e574478f22ea99f7eb3f","<p style=""font-size: 30px"">&emsp;</p><br><p style=""font-size: 60px; font-family: FragmentMono"">HVFDAGPHZ<p style=""font-size: 15px"">Press <strong>k</strong> for yes, <strong>d</strong> for no.</p>","","","testing","HVFDAGPHZ","d","[""morcodeXmorcode""]","false","","",""
"1072","k","html-keyboard-response","715","1662458","0.0-24.0-0.59","697a79efb4f34a8176d66d2b","69d7901e3430d13455efb336","69e8e574478f22ea99f7eb3f","<p style=""font-size: 30px"">&emsp;</p><br><p style=""font-size: 60px; font-family: FragmentMono"">EKYAOTFRZ<p style=""font-size: 15px"">Press <strong>k</strong> for yes, <strong>d</strong> for no.</p>","","","testing","EKYAOTFRZ","k","[""morphemeXmorcode""]","true","","",""
"1168","d","html-keyboard-response","716","1663626","0.0-24.0-0.60","697a79efb4f34a8176d66d2b","69d7901e3430d13455efb336","69e8e574478f22ea99f7eb3f","<p style=""font-size: 30px"">&emsp;</p><br><p style=""font-size: 60px; font-family: FragmentMono"">XBQDUXWL<p style=""font-size: 15px"">Press <strong>k</strong> for yes, <strong>d</strong> for no.</p>","","","testing","XBQDUXWL","d","[""morcodeXmorcode""]","true","","",""
"920","k","html-keyboard-response","717","1664546","0.0-24.0-0.61","697a79efb4f34a8176d66d2b","69d7901e3430d13455efb336","69e8e574478f22ea99f7eb3f","<p style=""font-size: 30px"">&emsp;</p><br><p style=""font-size: 60px; font-family: FragmentMono"">THVXZMVH<p style=""font-size: 15px"">Press <strong>k</strong> for yes, <strong>d</strong> for no.</p>","","","testing","THVXZMVH","k","[""morphemeXmorcode""]","true","","",""
"1028","d","html-keyboard-response","718","1665574","0.0-24.0-0.62","697a79efb4f34a8176d66d2b","69d7901e3430d13455efb336","69e8e574478f22ea99f7eb3f","<p style=""font-size: 30px"">&emsp;</p><br><p style=""font-size: 60px; font-family: FragmentMono"">EYAEYZQA<p style=""font-size: 15px"">Press <strong>k</strong> for yes, <strong>d</strong> for no.</p>","","","testing","EYAEYZQA","d","[""morcodeXmorcode""]","true","","",""
"867","k","html-keyboard-response","719","1666442","0.0-24.0-0.63","697a79efb4f34a8176d66d2b","69d7901e3430d13455efb336","69e8e574478f22ea99f7eb3f","<p style=""font-size: 30px"">&emsp;</p><br><p style=""font-size: 60px; font-family: FragmentMono"">UBSUPBKN<p style=""font-size: 15px"">Press <strong>k</strong> for yes, <strong>d</strong> for no.</p>","","","testing","UBSUPBKN","k","[""morphemeXmorpheme""]","true","","",""
"1264","d","html-keyboard-response","720","1667706","0.0-24.0-0.64","697a79efb4f34a8176d66d2b","69d7901e3430d13455efb336","69e8e574478f22ea99f7eb3f","<p style=""font-size: 30px"">&emsp;</p><br><p style=""font-size: 60px; font-family: FragmentMono"">YIDUNULUJ<p style=""font-size: 15px"">Press <strong>k</strong> for yes, <strong>d</strong> for no.</p>","","","testing","YIDUNULUJ","d","[""morcodeXmorcode""]","true","","",""
"1075","k","html-keyboard-response","721","1668781","0.0-24.0-0.65","697a79efb4f34a8176d66d2b","69d7901e3430d13455efb336","69e8e574478f22ea99f7eb3f","<p style=""font-size: 30px"">&emsp;</p><br><p style=""font-size: 60px; font-family: FragmentMono"">WMBWHIK<p style=""font-size: 15px"">Press <strong>k</strong> for yes, <strong>d</strong> for no.</p>","","","testing","WMBWHIK","k","[""morphemeXmorpheme""]","true","","",""
"1629","d","html-keyboard-response","722","1670410","0.0-24.0-0.66","697a79efb4f34a8176d66d2b","69d7901e3430d13455efb336","69e8e574478f22ea99f7eb3f","<p style=""font-size: 30px"">&emsp;</p><br><p style=""font-size: 60px; font-family: FragmentMono"">JXTJXMEBM<p style=""font-size: 15px"">Press <strong>k</strong> for yes, <strong>d</strong> for no.</p>","","","testing","JXTJXMEBM","d","[""morcodeXmorcode""]","true","","",""
"1044","k","html-keyboard-response","723","1671455","0.0-24.0-0.67","697a79efb4f34a8176d66d2b","69d7901e3430d13455efb336","69e8e574478f22ea99f7eb3f","<p style=""font-size: 30px"">&emsp;</p><br><p style=""font-size: 60px; font-family: FragmentMono"">SLHUOTPK<p style=""font-size: 15px"">Press <strong>k</strong> for yes, <strong>d</strong> for no.</p>","","","testing","SLHUOTPK","k","[""morphemeXmorpheme""]","true","","",""
"1139","k","html-keyboard-response","724","1672594","0.0-24.0-0.68","697a79efb4f34a8176d66d2b","69d7901e3430d13455efb336","69e8e574478f22ea99f7eb3f","<p style=""font-size: 30px"">&emsp;</p><br><p style=""font-size: 60px; font-family: FragmentMono"">VFZKDPRQ<p style=""font-size: 15px"">Press <strong>k</strong> for yes, <strong>d</strong> for no.</p>","","","testing","VFZKDPRQ","d","[""morcodeXmorcode""]","false","","",""
"1084","k","html-keyboard-response","725","1673678","0.0-24.0-0.69","697a79efb4f34a8176d66d2b","69d7901e3430d13455efb336","69e8e574478f22ea99f7eb3f","<p style=""font-size: 30px"">&emsp;</p><br><p style=""font-size: 60px; font-family: FragmentMono"">SLHUOLXG<p style=""font-size: 15px"">Press <strong>k</strong> for yes, <strong>d</strong> for no.</p>","","","testing","SLHUOLXG","k","[""morphemeXmorcode""]","true","","",""
"1171","k","html-keyboard-response","726","1674850","0.0-24.0-0.70","697a79efb4f34a8176d66d2b","69d7901e3430d13455efb336","69e8e574478f22ea99f7eb3f","<p style=""font-size: 30px"">&emsp;</p><br><p style=""font-size: 60px; font-family: FragmentMono"">ESDZQFZLF<p style=""font-size: 15px"">Press <strong>k</strong> for yes, <strong>d</strong> for no.</p>","","","testing","ESDZQFZLF","k","[""morphemeXmorcode""]","true","","",""
"992","k","html-keyboard-response","727","1675843","0.0-24.0-0.71","697a79efb4f34a8176d66d2b","69d7901e3430d13455efb336","69e8e574478f22ea99f7eb3f","<p style=""font-size: 30px"">&emsp;</p><br><p style=""font-size: 60px; font-family: FragmentMono"">EDMKJWTI<p style=""font-size: 15px"">Press <strong>k</strong> for yes, <strong>d</strong> for no.</p>","","","testing","EDMKJWTI","k","[""morphemeXmorpheme""]","true","","",""
"1115","k","html-keyboard-response","728","1676958","0.0-24.0-0.72","697a79efb4f34a8176d66d2b","69d7901e3430d13455efb336","69e8e574478f22ea99f7eb3f","<p style=""font-size: 30px"">&emsp;</p><br><p style=""font-size: 60px; font-family: FragmentMono"">FYDVTPK<p style=""font-size: 15px"">Press <strong>k</strong> for yes, <strong>d</strong> for no.</p>","","","testing","FYDVTPK","k","[""morcodeXmorpheme""]","true","","",""
"848","d","html-keyboard-response","729","1677806","0.0-24.0-0.73","697a79efb4f34a8176d66d2b","69d7901e3430d13455efb336","69e8e574478f22ea99f7eb3f","<p style=""font-size: 30px"">&emsp;</p><br><p style=""font-size: 60px; font-family: FragmentMono"">XNJUYVN<p style=""font-size: 15px"">Press <strong>k</strong> for yes, <strong>d</strong> for no.</p>","","","testing","XNJUYVN","k","[""morcodeXmorpheme""]","false","","",""
"820","d","html-keyboard-response","730","1678627","0.0-24.0-0.74","697a79efb4f34a8176d66d2b","69d7901e3430d13455efb336","69e8e574478f22ea99f7eb3f","<p style=""font-size: 30px"">&emsp;</p><br><p style=""font-size: 60px; font-family: FragmentMono"">LUCWDXAYA<p style=""font-size: 15px"">Press <strong>k</strong> for yes, <strong>d</strong> for no.</p>","","","testing","LUCWDXAYA","d","[""morcodeXmorcode""]","true","","",""
"1515","d","html-keyboard-response","731","1680142","0.0-24.0-0.75","697a79efb4f34a8176d66d2b","69d7901e3430d13455efb336","69e8e574478f22ea99f7eb3f","<p style=""font-size: 30px"">&emsp;</p><br><p style=""font-size: 60px; font-family: FragmentMono"">VJGQJVBMT<p style=""font-size: 15px"">Press <strong>k</strong> for yes, <strong>d</strong> for no.</p>","","","testing","VJGQJVBMT","d","[""morcodeXmorcode""]","true","","",""
"944","d","html-keyboard-response","732","1681086","0.0-24.0-0.76","697a79efb4f34a8176d66d2b","69d7901e3430d13455efb336","69e8e574478f22ea99f7eb3f","<p style=""font-size: 30px"">&emsp;</p><br><p style=""font-size: 60px; font-family: FragmentMono"">HJZOGUCSU<p style=""font-size: 15px"">Press <strong>k</strong> for yes, <strong>d</strong> for no.</p>","","","testing","HJZOGUCSU","d","[""morcodeXmorcode""]","true","","",""
"1037","k","html-keyboard-response","733","1682123","0.0-24.0-0.77","697a79efb4f34a8176d66d2b","69d7901e3430d13455efb336","69e8e574478f22ea99f7eb3f","<p style=""font-size: 30px"">&emsp;</p><br><p style=""font-size: 60px; font-family: FragmentMono"">HSTDKDBM<p style=""font-size: 15px"">Press <strong>k</strong> for yes, <strong>d</strong> for no.</p>","","","testing","HSTDKDBM","k","[""morphemeXmorpheme""]","true","","",""
"922","k","html-keyboard-response","734","1683046","0.0-24.0-0.78","697a79efb4f34a8176d66d2b","69d7901e3430d13455efb336","69e8e574478f22ea99f7eb3f","<p style=""font-size: 30px"">&emsp;</p><br><p style=""font-size: 60px; font-family: FragmentMono"">TEKURZSV<p style=""font-size: 15px"">Press <strong>k</strong> for yes, <strong>d</strong> for no.</p>","","","testing","TEKURZSV","k","[""morphemeXmorcode""]","true","","",""
"1124","k","html-keyboard-response","735","1684170","0.0-24.0-0.79","697a79efb4f34a8176d66d2b","69d7901e3430d13455efb336","69e8e574478f22ea99f7eb3f","<p style=""font-size: 30px"">&emsp;</p><br><p style=""font-size: 60px; font-family: FragmentMono"">CZPWYIUG<p style=""font-size: 15px"">Press <strong>k</strong> for yes, <strong>d</strong> for no.</p>","","","testing","CZPWYIUG","d","[""morcodeXmorcode""]","false","","",""
"2316","d","html-keyboard-response","736","1686486","0.0-24.0-0.80","697a79efb4f34a8176d66d2b","69d7901e3430d13455efb336","69e8e574478f22ea99f7eb3f","<p style=""font-size: 30px"">&emsp;</p><br><p style=""font-size: 60px; font-family: FragmentMono"">ISLNPBKN<p style=""font-size: 15px"">Press <strong>k</strong> for yes, <strong>d</strong> for no.</p>","","","testing","ISLNPBKN","k","[""morcodeXmorpheme""]","false","","",""
"3015"," ","html-keyboard-response","737","1689502","0.0-24.0-1.80-0.80","697a79efb4f34a8176d66d2b","69d7901e3430d13455efb336","69e8e574478f22ea99f7eb3f","<p style=""font-size: 30px; color: red"">Careful! You were too slow for this word.</p>
      <p style=""font-size: 30px; color: red"">Try to be faster.</p><p></p><p>Press the spacebar to continue.</p>","","","","","","","","","",""
"684","k","html-keyboard-response","738","1690186","0.0-24.0-0.81","697a79efb4f34a8176d66d2b","69d7901e3430d13455efb336","69e8e574478f22ea99f7eb3f","<p style=""font-size: 30px"">&emsp;</p><br><p style=""font-size: 60px; font-family: FragmentMono"">XUFELHQ<p style=""font-size: 15px"">Press <strong>k</strong> for yes, <strong>d</strong> for no.</p>","","","testing","XUFELHQ","d","[""morcodeXmorcode""]","false","","",""
"1020","d","html-keyboard-response","739","1691206","0.0-24.0-0.82","697a79efb4f34a8176d66d2b","69d7901e3430d13455efb336","69e8e574478f22ea99f7eb3f","<p style=""font-size: 30px"">&emsp;</p><br><p style=""font-size: 60px; font-family: FragmentMono"">SYJEOVEWG<p style=""font-size: 15px"">Press <strong>k</strong> for yes, <strong>d</strong> for no.</p>","","","testing","SYJEOVEWG","k","[""morcodeXmorpheme""]","false","","",""
"584","k","html-keyboard-response","740","1691790","0.0-24.0-0.83","697a79efb4f34a8176d66d2b","69d7901e3430d13455efb336","69e8e574478f22ea99f7eb3f","<p style=""font-size: 30px"">&emsp;</p><br><p style=""font-size: 60px; font-family: FragmentMono"">IMJRFXILS<p style=""font-size: 15px"">Press <strong>k</strong> for yes, <strong>d</strong> for no.</p>","","","testing","IMJRFXILS","k","[""morphemeXmorpheme""]","true","","",""
"935","d","html-keyboard-response","741","1692726","0.0-24.0-0.84","697a79efb4f34a8176d66d2b","69d7901e3430d13455efb336","69e8e574478f22ea99f7eb3f","<p style=""font-size: 30px"">&emsp;</p><br><p style=""font-size: 60px; font-family: FragmentMono"">RWEQMYVN<p style=""font-size: 15px"">Press <strong>k</strong> for yes, <strong>d</strong> for no.</p>","","","testing","RWEQMYVN","k","[""morphemeXmorpheme""]","false","","",""
"651","k","html-keyboard-response","742","1693378","0.0-24.0-0.85","697a79efb4f34a8176d66d2b","69d7901e3430d13455efb336","69e8e574478f22ea99f7eb3f","<p style=""font-size: 30px"">&emsp;</p><br><p style=""font-size: 60px; font-family: FragmentMono"">UBSUHIK<p style=""font-size: 15px"">Press <strong>k</strong> for yes, <strong>d</strong> for no.</p>","","","testing","UBSUHIK","d","[""morphemeXmorpheme""]","false","","",""
"804","k","html-keyboard-response","743","1694182","0.0-24.0-0.86","697a79efb4f34a8176d66d2b","69d7901e3430d13455efb336","69e8e574478f22ea99f7eb3f","<p style=""font-size: 30px"">&emsp;</p><br><p style=""font-size: 60px; font-family: FragmentMono"">EKYAOXILS<p style=""font-size: 15px"">Press <strong>k</strong> for yes, <strong>d</strong> for no.</p>","","","testing","EKYAOXILS","d","[""morphemeXmorpheme""]","false","","",""
"844","k","html-keyboard-response","744","1695026","0.0-24.0-0.87","697a79efb4f34a8176d66d2b","69d7901e3430d13455efb336","69e8e574478f22ea99f7eb3f","<p style=""font-size: 30px"">&emsp;</p><br><p style=""font-size: 60px; font-family: FragmentMono"">DNHQMTPK<p style=""font-size: 15px"">Press <strong>k</strong> for yes, <strong>d</strong> for no.</p>","","","testing","DNHQMTPK","k","[""morphemeXmorpheme""]","true","","",""
"852","k","html-keyboard-response","745","1695879","0.0-24.0-0.88","697a79efb4f34a8176d66d2b","69d7901e3430d13455efb336","69e8e574478f22ea99f7eb3f","<p style=""font-size: 30px"">&emsp;</p><br><p style=""font-size: 60px; font-family: FragmentMono"">HSXWWHIK<p style=""font-size: 15px"">Press <strong>k</strong> for yes, <strong>d</strong> for no.</p>","","","testing","HSXWWHIK","k","[""morcodeXmorpheme""]","true","","",""
"715","d","html-keyboard-response","746","1696594","0.0-24.0-0.89","697a79efb4f34a8176d66d2b","69d7901e3430d13455efb336","69e8e574478f22ea99f7eb3f","<p style=""font-size: 30px"">&emsp;</p><br><p style=""font-size: 60px; font-family: FragmentMono"">WMBWUZO<p style=""font-size: 15px"">Press <strong>k</strong> for yes, <strong>d</strong> for no.</p>","","","testing","WMBWUZO","k","[""morphemeXmorcode""]","false","","",""
"884","d","html-keyboard-response","747","1697478","0.0-24.0-0.90","697a79efb4f34a8176d66d2b","69d7901e3430d13455efb336","69e8e574478f22ea99f7eb3f","<p style=""font-size: 30px"">&emsp;</p><br><p style=""font-size: 60px; font-family: FragmentMono"">ERBYXDBM<p style=""font-size: 15px"">Press <strong>k</strong> for yes, <strong>d</strong> for no.</p>","","","testing","ERBYXDBM","k","[""morcodeXmorpheme""]","false","","",""
"712","k","html-keyboard-response","748","1698190","0.0-24.0-0.91","697a79efb4f34a8176d66d2b","69d7901e3430d13455efb336","69e8e574478f22ea99f7eb3f","<p style=""font-size: 30px"">&emsp;</p><br><p style=""font-size: 60px; font-family: FragmentMono"">IDKYXGUVR<p style=""font-size: 15px"">Press <strong>k</strong> for yes, <strong>d</strong> for no.</p>","","","testing","IDKYXGUVR","d","[""morcodeXmorcode""]","false","","",""
"960","d","html-keyboard-response","749","1699150","0.0-24.0-0.92","697a79efb4f34a8176d66d2b","69d7901e3430d13455efb336","69e8e574478f22ea99f7eb3f","<p style=""font-size: 30px"">&emsp;</p><br><p style=""font-size: 60px; font-family: FragmentMono"">HECNWDBM<p style=""font-size: 15px"">Press <strong>k</strong> for yes, <strong>d</strong> for no.</p>","","","testing","HECNWDBM","d","[""morphemeXmorpheme""]","true","","",""
"847","d","html-keyboard-response","750","1699997","0.0-24.0-0.93","697a79efb4f34a8176d66d2b","69d7901e3430d13455efb336","69e8e574478f22ea99f7eb3f","<p style=""font-size: 30px"">&emsp;</p><br><p style=""font-size: 60px; font-family: FragmentMono"">RKXAHURO<p style=""font-size: 15px"">Press <strong>k</strong> for yes, <strong>d</strong> for no.</p>","","","testing","RKXAHURO","d","[""morcodeXmorcode""]","true","","",""
"777","k","html-keyboard-response","751","1700775","0.0-24.0-0.94","697a79efb4f34a8176d66d2b","69d7901e3430d13455efb336","69e8e574478f22ea99f7eb3f","<p style=""font-size: 30px"">&emsp;</p><br><p style=""font-size: 60px; font-family: FragmentMono"">SHXVKVEWG<p style=""font-size: 15px"">Press <strong>k</strong> for yes, <strong>d</strong> for no.</p>","","","testing","SHXVKVEWG","k","[""morphemeXmorpheme""]","true","","",""
"695","k","html-keyboard-response","752","1701470","0.0-24.0-0.95","697a79efb4f34a8176d66d2b","69d7901e3430d13455efb336","69e8e574478f22ea99f7eb3f","<p style=""font-size: 30px"">&emsp;</p><br><p style=""font-size: 60px; font-family: FragmentMono"">EZSJICEKG<p style=""font-size: 15px"">Press <strong>k</strong> for yes, <strong>d</strong> for no.</p>","","","testing","EZSJICEKG","k","[""morphemeXmorcode""]","true","","",""
"1008","k","html-keyboard-response","753","1702478","0.0-24.0-0.96","697a79efb4f34a8176d66d2b","69d7901e3430d13455efb336","69e8e574478f22ea99f7eb3f","<p style=""font-size: 30px"">&emsp;</p><br><p style=""font-size: 60px; font-family: FragmentMono"">UXJCNOQI<p style=""font-size: 15px"">Press <strong>k</strong> for yes, <strong>d</strong> for no.</p>","","","testing","UXJCNOQI","d","[""morcodeXmorcode""]","false","","",""
"1304","k","html-keyboard-response","754","1703783","0.0-24.0-0.97","697a79efb4f34a8176d66d2b","69d7901e3430d13455efb336","69e8e574478f22ea99f7eb3f","<p style=""font-size: 30px"">&emsp;</p><br><p style=""font-size: 60px; font-family: FragmentMono"">VFCGBYCY<p style=""font-size: 15px"">Press <strong>k</strong> for yes, <strong>d</strong> for no.</p>","","","testing","VFCGBYCY","d","[""morcodeXmorcode""]","false","","",""
"770","d","html-keyboard-response","755","1704554","0.0-24.0-0.98","697a79efb4f34a8176d66d2b","69d7901e3430d13455efb336","69e8e574478f22ea99f7eb3f","<p style=""font-size: 30px"">&emsp;</p><br><p style=""font-size: 60px; font-family: FragmentMono"">WAEMIXEMO<p style=""font-size: 15px"">Press <strong>k</strong> for yes, <strong>d</strong> for no.</p>","","","testing","WAEMIXEMO","d","[""morcodeXmorcode""]","true","","",""
"860","d","html-keyboard-response","756","1705414","0.0-24.0-0.99","697a79efb4f34a8176d66d2b","69d7901e3430d13455efb336","69e8e574478f22ea99f7eb3f","<p style=""font-size: 30px"">&emsp;</p><br><p style=""font-size: 60px; font-family: FragmentMono"">QWBSJUVBH<p style=""font-size: 15px"">Press <strong>k</strong> for yes, <strong>d</strong> for no.</p>","","","testing","QWBSJUVBH","d","[""morcodeXmorcode""]","true","","",""
"811","d","html-keyboard-response","757","1706226","0.0-24.0-0.100","697a79efb4f34a8176d66d2b","69d7901e3430d13455efb336","69e8e574478f22ea99f7eb3f","<p style=""font-size: 30px"">&emsp;</p><br><p style=""font-size: 60px; font-family: FragmentMono"">EDMKTPK<p style=""font-size: 15px"">Press <strong>k</strong> for yes, <strong>d</strong> for no.</p>","","","testing","EDMKTPK","d","[""morphemeXmorpheme""]","true","","",""
"596","d","html-keyboard-response","758","1706822","0.0-24.0-0.101","697a79efb4f34a8176d66d2b","69d7901e3430d13455efb336","69e8e574478f22ea99f7eb3f","<p style=""font-size: 30px"">&emsp;</p><br><p style=""font-size: 60px; font-family: FragmentMono"">ESDZQVEWG<p style=""font-size: 15px"">Press <strong>k</strong> for yes, <strong>d</strong> for no.</p>","","","testing","ESDZQVEWG","d","[""morphemeXmorpheme""]","true","","",""
"856","d","html-keyboard-response","759","1707678","0.0-24.0-0.102","697a79efb4f34a8176d66d2b","69d7901e3430d13455efb336","69e8e574478f22ea99f7eb3f","<p style=""font-size: 30px"">&emsp;</p><br><p style=""font-size: 60px; font-family: FragmentMono"">HSTDKVWLD<p style=""font-size: 15px"">Press <strong>k</strong> for yes, <strong>d</strong> for no.</p>","","","testing","HSTDKVWLD","d","[""morphemeXmorpheme""]","true","","",""
"700","k","html-keyboard-response","760","1708378","0.0-24.0-0.103","697a79efb4f34a8176d66d2b","69d7901e3430d13455efb336","69e8e574478f22ea99f7eb3f","<p style=""font-size: 30px"">&emsp;</p><br><p style=""font-size: 60px; font-family: FragmentMono"">UBSUHRDY<p style=""font-size: 15px"">Press <strong>k</strong> for yes, <strong>d</strong> for no.</p>","","","testing","UBSUHRDY","k","[""morphemeXmorcode""]","true","","",""
"928","d","html-keyboard-response","761","1709306","0.0-24.0-0.104","697a79efb4f34a8176d66d2b","69d7901e3430d13455efb336","69e8e574478f22ea99f7eb3f","<p style=""font-size: 30px"">&emsp;</p><br><p style=""font-size: 60px; font-family: FragmentMono"">RWEQMEYLH<p style=""font-size: 15px"">Press <strong>k</strong> for yes, <strong>d</strong> for no.</p>","","","testing","RWEQMEYLH","d","[""morphemeXmorpheme""]","true","","",""
"851","d","html-keyboard-response","762","1710158","0.0-24.0-0.105","697a79efb4f34a8176d66d2b","69d7901e3430d13455efb336","69e8e574478f22ea99f7eb3f","<p style=""font-size: 30px"">&emsp;</p><br><p style=""font-size: 60px; font-family: FragmentMono"">OSHEZUVBH<p style=""font-size: 15px"">Press <strong>k</strong> for yes, <strong>d</strong> for no.</p>","","","testing","OSHEZUVBH","d","[""morcodeXmorcode""]","true","","",""
"704","d","html-keyboard-response","763","1710862","0.0-24.0-0.106","697a79efb4f34a8176d66d2b","69d7901e3430d13455efb336","69e8e574478f22ea99f7eb3f","<p style=""font-size: 30px"">&emsp;</p><br><p style=""font-size: 60px; font-family: FragmentMono"">HECNWVWLD<p style=""font-size: 15px"">Press <strong>k</strong> for yes, <strong>d</strong> for no.</p>","","","testing","HECNWVWLD","k","[""morphemeXmorpheme""]","false","","",""
"888","d","html-keyboard-response","764","1711750","0.0-24.0-0.107","697a79efb4f34a8176d66d2b","69d7901e3430d13455efb336","69e8e574478f22ea99f7eb3f","<p style=""font-size: 30px"">&emsp;</p><br><p style=""font-size: 60px; font-family: FragmentMono"">CEBGROFW<p style=""font-size: 15px"">Press <strong>k</strong> for yes, <strong>d</strong> for no.</p>","","","testing","CEBGROFW","d","[""morcodeXmorcode""]","true","","",""
"856","d","html-keyboard-response","765","1712606","0.0-24.0-0.108","697a79efb4f34a8176d66d2b","69d7901e3430d13455efb336","69e8e574478f22ea99f7eb3f","<p style=""font-size: 30px"">&emsp;</p><br><p style=""font-size: 60px; font-family: FragmentMono"">VEVCHURO<p style=""font-size: 15px"">Press <strong>k</strong> for yes, <strong>d</strong> for no.</p>","","","testing","VEVCHURO","d","[""morcodeXmorcode""]","true","","",""
"1292","k","html-keyboard-response","766","1713898","0.0-24.0-0.109","697a79efb4f34a8176d66d2b","69d7901e3430d13455efb336","69e8e574478f22ea99f7eb3f","<p style=""font-size: 30px"">&emsp;</p><br><p style=""font-size: 60px; font-family: FragmentMono"">TREHYVN<p style=""font-size: 15px"">Press <strong>k</strong> for yes, <strong>d</strong> for no.</p>","","","testing","TREHYVN","d","[""morphemeXmorpheme""]","false","","",""
"867","k","html-keyboard-response","767","1714766","0.0-24.0-0.110","697a79efb4f34a8176d66d2b","69d7901e3430d13455efb336","69e8e574478f22ea99f7eb3f","<p style=""font-size: 30px"">&emsp;</p><br><p style=""font-size: 60px; font-family: FragmentMono"">PKCBHDBM<p style=""font-size: 15px"">Press <strong>k</strong> for yes, <strong>d</strong> for no.</p>","","","testing","PKCBHDBM","k","[""morphemeXmorpheme""]","true","","",""
"932","d","html-keyboard-response","768","1715698","0.0-24.0-0.111","697a79efb4f34a8176d66d2b","69d7901e3430d13455efb336","69e8e574478f22ea99f7eb3f","<p style=""font-size: 30px"">&emsp;</p><br><p style=""font-size: 60px; font-family: FragmentMono"">ZKGBFKSN<p style=""font-size: 15px"">Press <strong>k</strong> for yes, <strong>d</strong> for no.</p>","","","testing","ZKGBFKSN","d","[""morcodeXmorcode""]","true","","",""
"1059","d","html-keyboard-response","769","1716758","0.0-24.0-0.112","697a79efb4f34a8176d66d2b","69d7901e3430d13455efb336","69e8e574478f22ea99f7eb3f","<p style=""font-size: 30px"">&emsp;</p><br><p style=""font-size: 60px; font-family: FragmentMono"">ZIKMOKYV<p style=""font-size: 15px"">Press <strong>k</strong> for yes, <strong>d</strong> for no.</p>","","","testing","ZIKMOKYV","d","[""morcodeXmorcode""]","true","","",""
"744","k","html-keyboard-response","770","1717502","0.0-24.0-0.113","697a79efb4f34a8176d66d2b","69d7901e3430d13455efb336","69e8e574478f22ea99f7eb3f","<p style=""font-size: 30px"">&emsp;</p><br><p style=""font-size: 60px; font-family: FragmentMono"">DNHQMJWTI<p style=""font-size: 15px"">Press <strong>k</strong> for yes, <strong>d</strong> for no.</p>","","","testing","DNHQMJWTI","d","[""morphemeXmorpheme""]","false","","",""
"720","k","html-keyboard-response","771","1718222","0.0-24.0-0.114","697a79efb4f34a8176d66d2b","69d7901e3430d13455efb336","69e8e574478f22ea99f7eb3f","<p style=""font-size: 30px"">&emsp;</p><br><p style=""font-size: 60px; font-family: FragmentMono"">CQBFSXILS<p style=""font-size: 15px"">Press <strong>k</strong> for yes, <strong>d</strong> for no.</p>","","","testing","CQBFSXILS","k","[""morcodeXmorpheme""]","true","","",""
"640","d","html-keyboard-response","772","1718862","0.0-24.0-0.115","697a79efb4f34a8176d66d2b","69d7901e3430d13455efb336","69e8e574478f22ea99f7eb3f","<p style=""font-size: 30px"">&emsp;</p><br><p style=""font-size: 60px; font-family: FragmentMono"">PVNDEEYLH<p style=""font-size: 15px"">Press <strong>k</strong> for yes, <strong>d</strong> for no.</p>","","","testing","PVNDEEYLH","d","[""morphemeXmorpheme""]","true","","",""
"947","k","html-keyboard-response","773","1719810","0.0-24.0-0.116","697a79efb4f34a8176d66d2b","69d7901e3430d13455efb336","69e8e574478f22ea99f7eb3f","<p style=""font-size: 30px"">&emsp;</p><br><p style=""font-size: 60px; font-family: FragmentMono"">IMJRFVEWG<p style=""font-size: 15px"">Press <strong>k</strong> for yes, <strong>d</strong> for no.</p>","","","testing","IMJRFVEWG","d","[""morphemeXmorpheme""]","false","","",""
"708","d","html-keyboard-response","774","1720518","0.0-24.0-0.117","697a79efb4f34a8176d66d2b","69d7901e3430d13455efb336","69e8e574478f22ea99f7eb3f","<p style=""font-size: 30px"">&emsp;</p><br><p style=""font-size: 60px; font-family: FragmentMono"">WMZMMAJE<p style=""font-size: 15px"">Press <strong>k</strong> for yes, <strong>d</strong> for no.</p>","","","testing","WMZMMAJE","d","[""morcodeXmorcode""]","true","","",""
"655","d","html-keyboard-response","775","1721174","0.0-24.0-0.118","697a79efb4f34a8176d66d2b","69d7901e3430d13455efb336","69e8e574478f22ea99f7eb3f","<p style=""font-size: 30px"">&emsp;</p><br><p style=""font-size: 60px; font-family: FragmentMono"">OWJBDJN<p style=""font-size: 15px"">Press <strong>k</strong> for yes, <strong>d</strong> for no.</p>","","","testing","OWJBDJN","d","[""morcodeXmorcode""]","true","","",""
"608","d","html-keyboard-response","776","1721782","0.0-24.0-0.119","697a79efb4f34a8176d66d2b","69d7901e3430d13455efb336","69e8e574478f22ea99f7eb3f","<p style=""font-size: 30px"">&emsp;</p><br><p style=""font-size: 60px; font-family: FragmentMono"">SHXVKXILS<p style=""font-size: 15px"">Press <strong>k</strong> for yes, <strong>d</strong> for no.</p>","","","testing","SHXVKXILS","d","[""morphemeXmorpheme""]","true","","",""
"24350","{""testing_strategy"":""i tried to see if the patters alligned with the words that were shown to me""}","survey-html-form","777","1746132","0.0-25.0","697a79efb4f34a8176d66d2b","69d7901e3430d13455efb336","69e8e574478f22ea99f7eb3f","","","","","","","","","","",""
"21542"," ","html-keyboard-response","778","1767674","0.0-26.0","697a79efb4f34a8176d66d2b","69d7901e3430d13455efb336","69e8e574478f22ea99f7eb3f","<p style=""font-size: 30px"">You've made it to the meeting on time, fantastic! The world leaders want to write a message back to the aliens, and need you to help them recognise which letter combinations you saw in their language. You'll have the choice between 2 letter combinations: one which was in the communication you saw, and one that wasn't. It's important to be friendly with these aliens, so it's important that you make the right choice!</p>
      <p style=""font-size: 30px"">Press <strong>d</strong> if you think that the letter combination on the <strong>left</strong> is the one you saw, or <strong>k</strong> if you think that it's the one on the <strong>right</strong>.</p>
      <p style=""font-size: 30px"">Press the spacebar when you're ready to begin.</p>","","","","","","","","","",""
"1659","k","html-keyboard-response","779","1769334","0.0-27.0-0.0","697a79efb4f34a8176d66d2b","69d7901e3430d13455efb336","69e8e574478f22ea99f7eb3f","<p style=""font-size: 30px;"">Which letter combination have you already seen?</p><br><p style=""font-size: 60px; font-family: FragmentMono"">ZKWO&emsp;&emsp;&emsp;&emsp;UBSU<p style=""font-size: 15px"">Press <strong>d</strong> for this letter combination&emsp;&emsp;&emsp;&emsp;&emsp;&emsp;&emsp;&emsp;&emsp;&emsp;&emsp;Press <strong>k</strong> for this letter combination</p>","","","familiarity","","k","","true","UBSU","ZKWO",""
"1132","d","html-keyboard-response","780","1770466","0.0-27.0-0.1","697a79efb4f34a8176d66d2b","69d7901e3430d13455efb336","69e8e574478f22ea99f7eb3f","<p style=""font-size: 30px;"">Which letter combination have you already seen?</p><br><p style=""font-size: 60px; font-family: FragmentMono"">DBM&emsp;&emsp;&emsp;&emsp;KSL<p style=""font-size: 15px"">Press <strong>d</strong> for this letter combination&emsp;&emsp;&emsp;&emsp;&emsp;&emsp;&emsp;&emsp;&emsp;&emsp;&emsp;Press <strong>k</strong> for this letter combination</p>","","","familiarity","","d","","true","DBM","KSL",""
"960","d","html-keyboard-response","781","1771426","0.0-27.0-0.2","697a79efb4f34a8176d66d2b","69d7901e3430d13455efb336","69e8e574478f22ea99f7eb3f","<p style=""font-size: 30px;"">Which letter combination have you already seen?</p><br><p style=""font-size: 60px; font-family: FragmentMono"">GHRJQ&emsp;&emsp;&emsp;&emsp;AQOZO<p style=""font-size: 15px"">Press <strong>d</strong> for this letter combination&emsp;&emsp;&emsp;&emsp;&emsp;&emsp;&emsp;&emsp;&emsp;&emsp;&emsp;Press <strong>k</strong> for this letter combination</p>","","","familiarity","","d","","true","GHRJQ","AQOZO",""
"1387","d","html-keyboard-response","782","1772814","0.0-27.0-0.3","697a79efb4f34a8176d66d2b","69d7901e3430d13455efb336","69e8e574478f22ea99f7eb3f","<p style=""font-size: 30px"">&emsp;</p><br><p style=""font-size: 60px; font-family: FragmentMono"">EZSJI&emsp;&emsp;&emsp;&emsp;IBDLL<p style=""font-size: 15px"">Press <strong>d</strong> for this letter combination&emsp;&emsp;&emsp;&emsp;&emsp;&emsp;&emsp;&emsp;&emsp;&emsp;Press <strong>k</strong> for this letter combination</p>","","","familiarity","","d","","true","EZSJI","IBDLL",""
"1472","d","html-keyboard-response","783","1774286","0.0-27.0-0.4","697a79efb4f34a8176d66d2b","69d7901e3430d13455efb336","69e8e574478f22ea99f7eb3f","<p style=""font-size: 30px"">&emsp;</p><br><p style=""font-size: 60px; font-family: FragmentMono"">YNQY&emsp;&emsp;&emsp;&emsp;TEKU<p style=""font-size: 15px"">Press <strong>d</strong> for this letter combination&emsp;&emsp;&emsp;&emsp;&emsp;&emsp;&emsp;&emsp;&emsp;&emsp;Press <strong>k</strong> for this letter combination</p>","","","familiarity","","k","","false","TEKU","YNQY",""
"952","d","html-keyboard-response","784","1775239","0.0-27.0-0.5","697a79efb4f34a8176d66d2b","69d7901e3430d13455efb336","69e8e574478f22ea99f7eb3f","<p style=""font-size: 30px"">&emsp;</p><br><p style=""font-size: 60px; font-family: FragmentMono"">ESDZQ&emsp;&emsp;&emsp;&emsp;EODBA<p style=""font-size: 15px"">Press <strong>d</strong> for this letter combination&emsp;&emsp;&emsp;&emsp;&emsp;&emsp;&emsp;&emsp;&emsp;&emsp;Press <strong>k</strong> for this letter combination</p>","","","familiarity","","d","","true","ESDZQ","EODBA",""
"1367","k","html-keyboard-response","785","1776606","0.0-27.0-0.6","697a79efb4f34a8176d66d2b","69d7901e3430d13455efb336","69e8e574478f22ea99f7eb3f","<p style=""font-size: 30px"">&emsp;</p><br><p style=""font-size: 60px; font-family: FragmentMono"">VEWG&emsp;&emsp;&emsp;&emsp;JOEX<p style=""font-size: 15px"">Press <strong>d</strong> for this letter combination&emsp;&emsp;&emsp;&emsp;&emsp;&emsp;&emsp;&emsp;&emsp;&emsp;Press <strong>k</strong> for this letter combination</p>","","","familiarity","","d","","false","VEWG","JOEX",""
"1249","d","html-keyboard-response","786","1777855","0.0-27.0-0.7","697a79efb4f34a8176d66d2b","69d7901e3430d13455efb336","69e8e574478f22ea99f7eb3f","<p style=""font-size: 30px"">&emsp;</p><br><p style=""font-size: 60px; font-family: FragmentMono"">KZLHI&emsp;&emsp;&emsp;&emsp;PVNDE<p style=""font-size: 15px"">Press <strong>d</strong> for this letter combination&emsp;&emsp;&emsp;&emsp;&emsp;&emsp;&emsp;&emsp;&emsp;&emsp;Press <strong>k</strong> for this letter combination</p>","","","familiarity","","k","","false","PVNDE","KZLHI",""
"1491","k","html-keyboard-response","787","1779346","0.0-27.0-0.8","697a79efb4f34a8176d66d2b","69d7901e3430d13455efb336","69e8e574478f22ea99f7eb3f","<p style=""font-size: 30px"">&emsp;</p><br><p style=""font-size: 60px; font-family: FragmentMono"">VUWYK&emsp;&emsp;&emsp;&emsp;DNHQM<p style=""font-size: 15px"">Press <strong>d</strong> for this letter combination&emsp;&emsp;&emsp;&emsp;&emsp;&emsp;&emsp;&emsp;&emsp;&emsp;Press <strong>k</strong> for this letter combination</p>","","","familiarity","","k","","true","DNHQM","VUWYK",""
"1084","d","html-keyboard-response","788","1780430","0.0-27.0-0.9","697a79efb4f34a8176d66d2b","69d7901e3430d13455efb336","69e8e574478f22ea99f7eb3f","<p style=""font-size: 30px"">&emsp;</p><br><p style=""font-size: 60px; font-family: FragmentMono"">PBKN&emsp;&emsp;&emsp;&emsp;MZJH<p style=""font-size: 15px"">Press <strong>d</strong> for this letter combination&emsp;&emsp;&emsp;&emsp;&emsp;&emsp;&emsp;&emsp;&emsp;&emsp;Press <strong>k</strong> for this letter combination</p>","","","familiarity","","d","","true","PBKN","MZJH",""
"976","k","html-keyboard-response","789","1781406","0.0-27.0-0.10","697a79efb4f34a8176d66d2b","69d7901e3430d13455efb336","69e8e574478f22ea99f7eb3f","<p style=""font-size: 30px"">&emsp;</p><br><p style=""font-size: 60px; font-family: FragmentMono"">DOFTB&emsp;&emsp;&emsp;&emsp;THVXZ<p style=""font-size: 15px"">Press <strong>d</strong> for this letter combination&emsp;&emsp;&emsp;&emsp;&emsp;&emsp;&emsp;&emsp;&emsp;&emsp;Press <strong>k</strong> for this letter combination</p>","","","familiarity","","k","","true","THVXZ","DOFTB",""
"848","k","html-keyboard-response","790","1782254","0.0-27.0-0.11","697a79efb4f34a8176d66d2b","69d7901e3430d13455efb336","69e8e574478f22ea99f7eb3f","<p style=""font-size: 30px"">&emsp;</p><br><p style=""font-size: 60px; font-family: FragmentMono"">ZFBJ&emsp;&emsp;&emsp;&emsp;TREH<p style=""font-size: 15px"">Press <strong>d</strong> for this letter combination&emsp;&emsp;&emsp;&emsp;&emsp;&emsp;&emsp;&emsp;&emsp;&emsp;Press <strong>k</strong> for this letter combination</p>","","","familiarity","","k","","true","TREH","ZFBJ",""
"1095","d","html-keyboard-response","791","1783350","0.0-27.0-0.12","697a79efb4f34a8176d66d2b","69d7901e3430d13455efb336","69e8e574478f22ea99f7eb3f","<p style=""font-size: 30px"">&emsp;</p><br><p style=""font-size: 60px; font-family: FragmentMono"">WMBW&emsp;&emsp;&emsp;&emsp;OIWO<p style=""font-size: 15px"">Press <strong>d</strong> for this letter combination&emsp;&emsp;&emsp;&emsp;&emsp;&emsp;&emsp;&emsp;&emsp;&emsp;Press <strong>k</strong> for this letter combination</p>","","","familiarity","","d","","true","WMBW","OIWO",""
"1092","k","html-keyboard-response","792","1784442","0.0-27.0-0.13","697a79efb4f34a8176d66d2b","69d7901e3430d13455efb336","69e8e574478f22ea99f7eb3f","<p style=""font-size: 30px"">&emsp;</p><br><p style=""font-size: 60px; font-family: FragmentMono"">PGF&emsp;&emsp;&emsp;&emsp;HIK<p style=""font-size: 15px"">Press <strong>d</strong> for this letter combination&emsp;&emsp;&emsp;&emsp;&emsp;&emsp;&emsp;&emsp;&emsp;&emsp;Press <strong>k</strong> for this letter combination</p>","","","familiarity","","k","","true","HIK","PGF",""
"1527","d","html-keyboard-response","793","1785970","0.0-27.0-0.14","697a79efb4f34a8176d66d2b","69d7901e3430d13455efb336","69e8e574478f22ea99f7eb3f","<p style=""font-size: 30px"">&emsp;</p><br><p style=""font-size: 60px; font-family: FragmentMono"">JWTI&emsp;&emsp;&emsp;&emsp;QXUT<p style=""font-size: 15px"">Press <strong>d</strong> for this letter combination&emsp;&emsp;&emsp;&emsp;&emsp;&emsp;&emsp;&emsp;&emsp;&emsp;Press <strong>k</strong> for this letter combination</p>","","","familiarity","","d","","true","JWTI","QXUT",""
"1172","k","html-keyboard-response","794","1787142","0.0-27.0-0.15","697a79efb4f34a8176d66d2b","69d7901e3430d13455efb336","69e8e574478f22ea99f7eb3f","<p style=""font-size: 30px"">&emsp;</p><br><p style=""font-size: 60px; font-family: FragmentMono"">NBTVO&emsp;&emsp;&emsp;&emsp;HSTDK<p style=""font-size: 15px"">Press <strong>d</strong> for this letter combination&emsp;&emsp;&emsp;&emsp;&emsp;&emsp;&emsp;&emsp;&emsp;&emsp;Press <strong>k</strong> for this letter combination</p>","","","familiarity","","k","","true","HSTDK","NBTVO",""
"1132","d","html-keyboard-response","795","1788275","0.0-27.0-0.16","697a79efb4f34a8176d66d2b","69d7901e3430d13455efb336","69e8e574478f22ea99f7eb3f","<p style=""font-size: 30px"">&emsp;</p><br><p style=""font-size: 60px; font-family: FragmentMono"">VWLD&emsp;&emsp;&emsp;&emsp;DXLI<p style=""font-size: 15px"">Press <strong>d</strong> for this letter combination&emsp;&emsp;&emsp;&emsp;&emsp;&emsp;&emsp;&emsp;&emsp;&emsp;Press <strong>k</strong> for this letter combination</p>","","","familiarity","","d","","true","VWLD","DXLI",""
"979","k","html-keyboard-response","796","1789254","0.0-27.0-0.17","697a79efb4f34a8176d66d2b","69d7901e3430d13455efb336","69e8e574478f22ea99f7eb3f","<p style=""font-size: 30px"">&emsp;</p><br><p style=""font-size: 60px; font-family: FragmentMono"">HNCXA&emsp;&emsp;&emsp;&emsp;IMJRF<p style=""font-size: 15px"">Press <strong>d</strong> for this letter combination&emsp;&emsp;&emsp;&emsp;&emsp;&emsp;&emsp;&emsp;&emsp;&emsp;Press <strong>k</strong> for this letter combination</p>","","","familiarity","","k","","true","IMJRF","HNCXA",""
"1087","d","html-keyboard-response","797","1790342","0.0-27.0-0.18","697a79efb4f34a8176d66d2b","69d7901e3430d13455efb336","69e8e574478f22ea99f7eb3f","<p style=""font-size: 30px"">&emsp;</p><br><p style=""font-size: 60px; font-family: FragmentMono"">TPK&emsp;&emsp;&emsp;&emsp;ZTE<p style=""font-size: 15px"">Press <strong>d</strong> for this letter combination&emsp;&emsp;&emsp;&emsp;&emsp;&emsp;&emsp;&emsp;&emsp;&emsp;Press <strong>k</strong> for this letter combination</p>","","","familiarity","","d","","true","TPK","ZTE",""
"1188","d","html-keyboard-response","798","1791530","0.0-27.0-0.19","697a79efb4f34a8176d66d2b","69d7901e3430d13455efb336","69e8e574478f22ea99f7eb3f","<p style=""font-size: 30px"">&emsp;</p><br><p style=""font-size: 60px; font-family: FragmentMono"">ILGF&emsp;&emsp;&emsp;&emsp;EYLH<p style=""font-size: 15px"">Press <strong>d</strong> for this letter combination&emsp;&emsp;&emsp;&emsp;&emsp;&emsp;&emsp;&emsp;&emsp;&emsp;Press <strong>k</strong> for this letter combination</p>","","","familiarity","","k","","false","EYLH","ILGF",""
"1903","d","html-keyboard-response","799","1793434","0.0-27.0-0.20","697a79efb4f34a8176d66d2b","69d7901e3430d13455efb336","69e8e574478f22ea99f7eb3f","<p style=""font-size: 30px"">&emsp;</p><br><p style=""font-size: 60px; font-family: FragmentMono"">SHXVK&emsp;&emsp;&emsp;&emsp;WDZBS<p style=""font-size: 15px"">Press <strong>d</strong> for this letter combination&emsp;&emsp;&emsp;&emsp;&emsp;&emsp;&emsp;&emsp;&emsp;&emsp;Press <strong>k</strong> for this letter combination</p>","","","familiarity","","d","","true","SHXVK","WDZBS",""
"2471","k","html-keyboard-response","800","1795906","0.0-27.0-0.21","697a79efb4f34a8176d66d2b","69d7901e3430d13455efb336","69e8e574478f22ea99f7eb3f","<p style=""font-size: 30px"">&emsp;</p><br><p style=""font-size: 60px; font-family: FragmentMono"">PBIQU&emsp;&emsp;&emsp;&emsp;RWEQM<p style=""font-size: 15px"">Press <strong>d</strong> for this letter combination&emsp;&emsp;&emsp;&emsp;&emsp;&emsp;&emsp;&emsp;&emsp;&emsp;Press <strong>k</strong> for this letter combination</p>","","","familiarity","","k","","true","RWEQM","PBIQU",""
"1336","d","html-keyboard-response","801","1797243","0.0-27.0-0.22","697a79efb4f34a8176d66d2b","69d7901e3430d13455efb336","69e8e574478f22ea99f7eb3f","<p style=""font-size: 30px"">&emsp;</p><br><p style=""font-size: 60px; font-family: FragmentMono"">GYV&emsp;&emsp;&emsp;&emsp;YVN<p style=""font-size: 15px"">Press <strong>d</strong> for this letter combination&emsp;&emsp;&emsp;&emsp;&emsp;&emsp;&emsp;&emsp;&emsp;&emsp;Press <strong>k</strong> for this letter combination</p>","","","familiarity","","k","","false","YVN","GYV",""
"1372","k","html-keyboard-response","802","1798615","0.0-27.0-0.23","697a79efb4f34a8176d66d2b","69d7901e3430d13455efb336","69e8e574478f22ea99f7eb3f","<p style=""font-size: 30px"">&emsp;</p><br><p style=""font-size: 60px; font-family: FragmentMono"">EKYAO&emsp;&emsp;&emsp;&emsp;WLXCM<p style=""font-size: 15px"">Press <strong>d</strong> for this letter combination&emsp;&emsp;&emsp;&emsp;&emsp;&emsp;&emsp;&emsp;&emsp;&emsp;Press <strong>k</strong> for this letter combination</p>","","","familiarity","","d","","false","EKYAO","WLXCM",""
"1135","k","html-keyboard-response","803","1799750","0.0-27.0-0.24","697a79efb4f34a8176d66d2b","69d7901e3430d13455efb336","69e8e574478f22ea99f7eb3f","<p style=""font-size: 30px"">&emsp;</p><br><p style=""font-size: 60px; font-family: FragmentMono"">XILS&emsp;&emsp;&emsp;&emsp;ZFGC<p style=""font-size: 15px"">Press <strong>d</strong> for this letter combination&emsp;&emsp;&emsp;&emsp;&emsp;&emsp;&emsp;&emsp;&emsp;&emsp;Press <strong>k</strong> for this letter combination</p>","","","familiarity","","d","","false","XILS","ZFGC",""
"1764","d","html-keyboard-response","804","1801514","0.0-27.0-0.25","697a79efb4f34a8176d66d2b","69d7901e3430d13455efb336","69e8e574478f22ea99f7eb3f","<p style=""font-size: 30px"">&emsp;</p><br><p style=""font-size: 60px; font-family: FragmentMono"">OGDSK&emsp;&emsp;&emsp;&emsp;SLHUO<p style=""font-size: 15px"">Press <strong>d</strong> for this letter combination&emsp;&emsp;&emsp;&emsp;&emsp;&emsp;&emsp;&emsp;&emsp;&emsp;Press <strong>k</strong> for this letter combination</p>","","","familiarity","","k","","false","SLHUO","OGDSK",""
"1316","k","html-keyboard-response","805","1802830","0.0-27.0-0.26","697a79efb4f34a8176d66d2b","69d7901e3430d13455efb336","69e8e574478f22ea99f7eb3f","<p style=""font-size: 30px"">&emsp;</p><br><p style=""font-size: 60px; font-family: FragmentMono"">PKCBH&emsp;&emsp;&emsp;&emsp;MKCIY<p style=""font-size: 15px"">Press <strong>d</strong> for this letter combination&emsp;&emsp;&emsp;&emsp;&emsp;&emsp;&emsp;&emsp;&emsp;&emsp;Press <strong>k</strong> for this letter combination</p>","","","familiarity","","d","","false","PKCBH","MKCIY",""
"1299","k","html-keyboard-response","806","1804130","0.0-27.0-0.27","697a79efb4f34a8176d66d2b","69d7901e3430d13455efb336","69e8e574478f22ea99f7eb3f","<p style=""font-size: 30px"">&emsp;</p><br><p style=""font-size: 60px; font-family: FragmentMono"">GJVMZ&emsp;&emsp;&emsp;&emsp;HECNW<p style=""font-size: 15px"">Press <strong>d</strong> for this letter combination&emsp;&emsp;&emsp;&emsp;&emsp;&emsp;&emsp;&emsp;&emsp;&emsp;Press <strong>k</strong> for this letter combination</p>","","","familiarity","","k","","true","HECNW","GJVMZ",""
"1344","d","html-keyboard-response","807","1805474","0.0-27.0-0.28","697a79efb4f34a8176d66d2b","69d7901e3430d13455efb336","69e8e574478f22ea99f7eb3f","<p style=""font-size: 30px"">&emsp;</p><br><p style=""font-size: 60px; font-family: FragmentMono"">EDMK&emsp;&emsp;&emsp;&emsp;LDEG<p style=""font-size: 15px"">Press <strong>d</strong> for this letter combination&emsp;&emsp;&emsp;&emsp;&emsp;&emsp;&emsp;&emsp;&emsp;&emsp;Press <strong>k</strong> for this letter combination</p>","","","familiarity","","d","","true","EDMK","LDEG",""
"1336","k","html-keyboard-response","808","1806810","0.0-27.0-0.29","697a79efb4f34a8176d66d2b","69d7901e3430d13455efb336","69e8e574478f22ea99f7eb3f","<p style=""font-size: 30px"">&emsp;</p><br><p style=""font-size: 60px; font-family: FragmentMono"">VPOC&emsp;&emsp;&emsp;&emsp;BWVF<p style=""font-size: 15px"">Press <strong>d</strong> for this letter combination&emsp;&emsp;&emsp;&emsp;&emsp;&emsp;&emsp;&emsp;&emsp;&emsp;Press <strong>k</strong> for this letter combination</p>","","","familiarity","","k","","true","BWVF","VPOC",""
"3661"," ","html-keyboard-response","809","1810471","0.0-28.0","697a79efb4f34a8176d66d2b","69d7901e3430d13455efb336","69e8e574478f22ea99f7eb3f","<p style=""font-size: 30px"">Thank you for your help deciphering these alien communications! In this final part, we'd like you to answer the following questions on your history, use, proficiency, and attitudes towards your own languages.</p>
      <p style=""font-size: 30px"">The questionnaire contains 19 questions and will take only 10 minutes. Please answer every question honestly: this way we'll be able to guarantee a good outcome for this experiment.</p>
      <p style=""font-size: 30px"">Press the spacebar to begin.</p>","","","","","","","","","",""
"23335","{""Age"":""21"",""Gender"":""Woman"",""Education"":""MinusCollege"",""L1"":""Portuguese"",""L2"":""English"",""L3"":""Spanish"",""L4"":""n/a"",""otherLs"":""No""}","survey-html-form","810","1833806","0.0-29.0","697a79efb4f34a8176d66d2b","69d7901e3430d13455efb336","69e8e574478f22ea99f7eb3f","","","","","","","","","","","bio_info"
"43404","{""AoAL1"":""0"",""AoAL2"":""5"",""AoAL3"":""10"",""AoEaseL1"":""0"",""AoEaseL2"":""12"",""AoEaseL3"":""18"",""yearsEduL1"":""18"",""yearsEduL2"":""10"",""yearsEduL3"":""4"",""yearsCountryL1"":""20+"",""yearsCountryL2"":""0"",""yearsCountryL3"":""0"",""yearsFamilyL1"":""20+"",""yearsFamilyL2"":""0"",""yearsFamilyL3"":""0"",""yearsWorkL1"":""20+"",""yearsWorkL2"":""0"",""yearsWorkL3"":""0""}","survey-html-form","811","1877221","0.0-30.0","697a79efb4f34a8176d66d2b","69d7901e3430d13455efb336","69e8e574478f22ea99f7eb3f","","","","","","","","","","","history_info"
"26140","{""PercFriendsL1"":""80"",""PercFriendsL2"":""20"",""PercFriendsL3"":""0"",""PercFamilyL1"":""100"",""PercFamilyL2"":""0"",""PercFamilyL3"":""0"",""PercWorkL1"":""70"",""PercWorkL2"":""30"",""PercWorkL3"":""0"",""PercSelfL1"":""60"",""PercSelfL2"":""40"",""PercSelfL3"":""0"",""PercCountL1"":""100"",""PercCountL2"":""0"",""PercCountL3"":""0""}","survey-html-form","812","1903364","0.0-31.0-0.0-0.0","697a79efb4f34a8176d66d2b","69d7901e3430d13455efb336","69e8e574478f22ea99f7eb3f","","","","","","","","","","","use_info"
"14884","{""ProfSpeakL1"":""6"",""ProfSpeakL2"":""6"",""ProfSpeakL3"":""4"",""ProfUnderstandL1"":""6"",""ProfUnderstandL2"":""6"",""ProfUnderstandL3"":""6"",""ProfReadL1"":""6"",""ProfReadL2"":""6"",""ProfReadL3"":""6"",""AttentionL1"":""2"",""AttentionL2"":""2"",""AttentionL3"":""2"",""ProfWriteL1"":""6"",""ProfWriteL2"":""6"",""ProfWriteL3"":""2""}","survey-html-form","813","1918252","0.0-32.0","697a79efb4f34a8176d66d2b","69d7901e3430d13455efb336","69e8e574478f22ea99f7eb3f","","","","","","","","","","","proficiency_info"
"19805","{""AttSelfL1"":""6"",""AttSelfL2"":""6"",""AttSelfL3"":""2"",""AttCultureL1"":""6"",""AttCultureL2"":""2"",""AttCultureL3"":""6"",""AttNativeLevelL1"":""6"",""AttNativeLevelL2"":""6"",""AttNativeLevelL3"":""0"",""AttMothertongueL1"":""6"",""AttMothertongueL2"":""6"",""AttMothertongueL3"":""0""}","survey-html-form","814","1938060","0.0-33.0","697a79efb4f34a8176d66d2b","69d7901e3430d13455efb336","69e8e574478f22ea99f7eb3f","","","","","","","","","","","attitudes_info"
"6042"," ","html-keyboard-response","815","1944102","0.0-34.0","697a79efb4f34a8176d66d2b","69d7901e3430d13455efb336","69e8e574478f22ea99f7eb3f","<p style=""font-size: 30px""><u>Goal of the study:</u> This experiment intends to test if people with more experience with more languages are more capable of unconsciously processing statistical information of new words. The alien words you saw at the beginning of the study belonged to two different languages, and this difference was displayed in how word parts were assembled together. Thank you for your participation!</p>
      <p style=""font-size: 30px"">Data upload will take a few seconds. Please wait briefly, then you will be redirected to Prolific with your completion code. Press any key now to do so.</p>","","","","","","","","","",""
