"rt","response","trial_type","trial_index","time_elapsed","internal_node_id","subject_id","study_id","session_id","stimulus","question_order","success","task","item","correct_response","testing_condition","correct","target","confound","name","view_history"
"19331","{""ID"":""65fad6c874ac75642ffc254b""}","survey-html-form","0","19337","0.0-0.0","65fad6c874ac75642ffc254b","69de1b11a980ed2dab60a60c","69dfbf73db50084e9ea4c1a0","","","","","","","","","","","",""
"18185"," ","html-keyboard-response","1","37526","0.0-1.0","65fad6c874ac75642ffc254b","69de1b11a980ed2dab60a60c","69dfbf73db50084e9ea4c1a0","<p style=""font-size: 30px;"">Before beginning, we ask that you read the consent information and confirm your agreement to participate in the experiment.</p>
      <p style=""font-size: 30px;""> We ask that you remember that this is a research project and that your participation is entirely voluntary. You can stop your participation at any time, without needing to provide any explanation. The study we're asking you to participate in aims at examining how readers process written words. You will be engaged in a session of apprximately 25-30 minutes, followed by a brief questionnaire. You will have the opportunity to take a few breaks during the experiment. You will be paid £4 for your participation, corresponding to a rate of £8/hour. While this experiment looks at cognitive faculties, this experiment doesn't constitute clinical proof of eventual pathologies.</p>
      <p style=""font-size: 30px;"">All of the information collected thanks to yours and others' participation will be held in a secure password-protected server, and will not be shared with anyone not authorised to view it. Your personal information will be kept with an arbitrary participant ID. Thanks to this data anonymity process, any researcher analysing the data won't be able to track the information back to a specific participant. Therefore, this process will make identifying you impossibile, even when results from the study will be published in scientific reviews, presented at congresses, or at any other public forum. More generally, the collected data will be treated in accordance with the laws on privacy and conformity to the Legislative Degree n. 196 ""Code regarding the protection of personal data"" of the 30th of June 2003 and to the European Regulation 2016/670 (General Data Protection Regulation - GDPR). The Data Protection Officer is Avv. Valentina Carollo, who can be contacted at the following email addresses: <a href=""mailto:dpo@sissa.it"">dpo@sissa.it</a> or <a href=""mailto:rpd@sissa.it"">rpd@sissa.it</a> - PEC: <a href=""mailto:protocollo@pec.sissa.it"">protocollo@pec.sissa.it</a>.</p>
      <p style=""font-size: 30px;""> Before expressing your consent to participate, we would like to remind you again that in case you need explanations on any aspect of the experimental procedure, the researcher is at your disposition (<a href=""mailto:aliebelt@sissa.it"">aliebelt@sissa.it</a>, <a href=""mailto:davide.crepaldi@sissa.it"">davide.crepaldi@sissa.it</a>). Please feel free to contact the researcher through the Messaging feature on Prolific if you have any questions or issues.</p>
      <p style=""font-size: 30px;"">If you would like to download the informed consent form, you can do so here: <a href=""BASL-Informed_Consent.pdf"" download>informed consent form</a>.</p>
      <p style=""font-size: 30px;"">We ask that you press the spacebar to proceed to the consent section.</p>","","","","","","","","","","",""
"96632","{""consent1"":""YES"",""consent2"":""YES"",""consent3"":""YES"",""consent4"":""YES"",""consent5"":""YES"",""consent6"":""YES""}","survey-html-form","2","134161","0.0-2.0","65fad6c874ac75642ffc254b","69de1b11a980ed2dab60a60c","69dfbf73db50084e9ea4c1a0","","","","","","","","","","","",""
"45774","{""Languages"":[""English"",""Hindi"",""Telugu"",""Urdu""]}","survey-multi-select","3","180084","0.0-3.0-0.0","65fad6c874ac75642ffc254b","69de1b11a980ed2dab60a60c","69dfbf73db50084e9ea4c1a0","","[0]","","","","","","","","","",""
"17489","","fullscreen","4","198587","0.0-4.0","65fad6c874ac75642ffc254b","69de1b11a980ed2dab60a60c","69dfbf73db50084e9ea4c1a0","","","true","","","","","","","","",""
"81285"," ","html-keyboard-response","5","279869","0.0-5.0","65fad6c874ac75642ffc254b","69de1b11a980ed2dab60a60c","69dfbf73db50084e9ea4c1a0","<p style=""font-size: 30px"">Welcome, and thank you very much for your time!</p>
      <p style=""font-size: 30px"">In this experiment, you'll be a language expert who's been asked to take a look at words that Earth has received in its first communication with aliens. Your task, in this first part of the experiment, is to pay close attention to the words you'll be shown; later, world leaders will ask you questions on what you saw. The words will be shown to you quite quickly; it seems that the aliens were in a hurry :-)</p>
      <p style=""font-size: 30px"">Press the spacebar to continue.<p>","","","","","","","","","","",""
"null","null","html-keyboard-response","6","279883","0.0-6.0","65fad6c874ac75642ffc254b","69de1b11a980ed2dab60a60c","69dfbf73db50084e9ea4c1a0","<p style=""font-size: 1px; font-family: FragmentMono""> x </p>","","","","","","","","","","",""
"null","null","html-keyboard-response","7","280901","0.0-7.0-0.0","65fad6c874ac75642ffc254b","69de1b11a980ed2dab60a60c","69dfbf73db50084e9ea4c1a0","<p style=""font-size: 60px; font-family: FragmentMono"">JKGDZBG</p>","","","training","","","","","","","",""
"null","null","html-keyboard-response","8","281911","0.0-7.0-0.1","65fad6c874ac75642ffc254b","69de1b11a980ed2dab60a60c","69dfbf73db50084e9ea4c1a0","<p style=""font-size: 60px; font-family: FragmentMono"">SCEIXILS</p>","","","training","","","","","","","",""
"null","null","html-keyboard-response","9","282926","0.0-7.0-0.2","65fad6c874ac75642ffc254b","69de1b11a980ed2dab60a60c","69dfbf73db50084e9ea4c1a0","<p style=""font-size: 60px; font-family: FragmentMono"">XFSVMWYP</p>","","","training","","","","","","","",""
"null","null","html-keyboard-response","10","283928","0.0-7.0-0.3","65fad6c874ac75642ffc254b","69de1b11a980ed2dab60a60c","69dfbf73db50084e9ea4c1a0","<p style=""font-size: 60px; font-family: FragmentMono"">XQTKWDXLI</p>","","","training","","","","","","","",""
"null","null","html-keyboard-response","11","284942","0.0-7.0-0.4","65fad6c874ac75642ffc254b","69de1b11a980ed2dab60a60c","69dfbf73db50084e9ea4c1a0","<p style=""font-size: 60px; font-family: FragmentMono"">GEUHQMWYP</p>","","","training","","","","","","","",""
"null","null","html-keyboard-response","12","285945","0.0-7.0-0.5","65fad6c874ac75642ffc254b","69de1b11a980ed2dab60a60c","69dfbf73db50084e9ea4c1a0","<p style=""font-size: 60px; font-family: FragmentMono"">SCEIDXLI</p>","","","training","","","","","","","",""
"null","null","html-keyboard-response","13","286946","0.0-7.0-0.6","65fad6c874ac75642ffc254b","69de1b11a980ed2dab60a60c","69dfbf73db50084e9ea4c1a0","<p style=""font-size: 60px; font-family: FragmentMono"">NOQIMWYP</p>","","","training","","","","","","","",""
"null","null","html-keyboard-response","14","287962","0.0-7.0-0.7","65fad6c874ac75642ffc254b","69de1b11a980ed2dab60a60c","69dfbf73db50084e9ea4c1a0","<p style=""font-size: 60px; font-family: FragmentMono"">UXVTIXILS</p>","","","training","","","","","","","",""
"null","null","html-keyboard-response","15","288965","0.0-7.0-0.8","65fad6c874ac75642ffc254b","69de1b11a980ed2dab60a60c","69dfbf73db50084e9ea4c1a0","<p style=""font-size: 60px; font-family: FragmentMono"">GUVRZBG</p>","","","training","","","","","","","",""
"null","null","html-keyboard-response","16","289979","0.0-7.0-0.9","65fad6c874ac75642ffc254b","69de1b11a980ed2dab60a60c","69dfbf73db50084e9ea4c1a0","<p style=""font-size: 60px; font-family: FragmentMono"">XVELSXILS</p>","","","training","","","","","","","",""
"null","null","html-keyboard-response","17","290996","0.0-7.0-0.10","65fad6c874ac75642ffc254b","69de1b11a980ed2dab60a60c","69dfbf73db50084e9ea4c1a0","<p style=""font-size: 60px; font-family: FragmentMono"">OGDSKCAVY</p>","","","training","","","","","","","",""
"null","null","html-keyboard-response","18","292013","0.0-7.0-0.11","65fad6c874ac75642ffc254b","69de1b11a980ed2dab60a60c","69dfbf73db50084e9ea4c1a0","<p style=""font-size: 60px; font-family: FragmentMono"">XRJWCWV</p>","","","training","","","","","","","",""
"null","null","html-keyboard-response","19","293015","0.0-7.0-0.12","65fad6c874ac75642ffc254b","69de1b11a980ed2dab60a60c","69dfbf73db50084e9ea4c1a0","<p style=""font-size: 60px; font-family: FragmentMono"">OGPGLMWYP</p>","","","training","","","","","","","",""
"null","null","html-keyboard-response","20","294024","0.0-7.0-0.13","65fad6c874ac75642ffc254b","69de1b11a980ed2dab60a60c","69dfbf73db50084e9ea4c1a0","<p style=""font-size: 60px; font-family: FragmentMono"">EKCYGYAHE</p>","","","training","","","","","","","",""
"null","null","html-keyboard-response","21","295031","0.0-7.0-0.14","65fad6c874ac75642ffc254b","69de1b11a980ed2dab60a60c","69dfbf73db50084e9ea4c1a0","<p style=""font-size: 60px; font-family: FragmentMono"">XEMOSQBU</p>","","","training","","","","","","","",""
"null","null","html-keyboard-response","22","296045","0.0-7.0-0.15","65fad6c874ac75642ffc254b","69de1b11a980ed2dab60a60c","69dfbf73db50084e9ea4c1a0","<p style=""font-size: 60px; font-family: FragmentMono"">XUFEZBG</p>","","","training","","","","","","","",""
"null","null","html-keyboard-response","23","297048","0.0-7.0-0.16","65fad6c874ac75642ffc254b","69de1b11a980ed2dab60a60c","69dfbf73db50084e9ea4c1a0","<p style=""font-size: 60px; font-family: FragmentMono"">JKGDSQBU</p>","","","training","","","","","","","",""
"null","null","html-keyboard-response","24","298057","0.0-7.0-0.17","65fad6c874ac75642ffc254b","69de1b11a980ed2dab60a60c","69dfbf73db50084e9ea4c1a0","<p style=""font-size: 60px; font-family: FragmentMono"">PKCBHXHO</p>","","","training","","","","","","","",""
"null","null","html-keyboard-response","25","299068","0.0-7.0-0.18","65fad6c874ac75642ffc254b","69de1b11a980ed2dab60a60c","69dfbf73db50084e9ea4c1a0","<p style=""font-size: 60px; font-family: FragmentMono"">XUFESQBU</p>","","","training","","","","","","","",""
"null","null","html-keyboard-response","26","300082","0.0-7.0-0.19","65fad6c874ac75642ffc254b","69de1b11a980ed2dab60a60c","69dfbf73db50084e9ea4c1a0","<p style=""font-size: 60px; font-family: FragmentMono"">OGPGLCAVY</p>","","","training","","","","","","","",""
"null","null","html-keyboard-response","27","301091","0.0-7.0-0.20","65fad6c874ac75642ffc254b","69de1b11a980ed2dab60a60c","69dfbf73db50084e9ea4c1a0","<p style=""font-size: 60px; font-family: FragmentMono"">XRJWXHO</p>","","","training","","","","","","","",""
"null","null","html-keyboard-response","28","302100","0.0-7.0-0.21","65fad6c874ac75642ffc254b","69de1b11a980ed2dab60a60c","69dfbf73db50084e9ea4c1a0","<p style=""font-size: 60px; font-family: FragmentMono"">PKCBHDXLI</p>","","","training","","","","","","","",""
"null","null","html-keyboard-response","29","303103","0.0-7.0-0.22","65fad6c874ac75642ffc254b","69de1b11a980ed2dab60a60c","69dfbf73db50084e9ea4c1a0","<p style=""font-size: 60px; font-family: FragmentMono"">OGPGLSQBU</p>","","","training","","","","","","","",""
"null","null","html-keyboard-response","30","304116","0.0-7.0-0.23","65fad6c874ac75642ffc254b","69de1b11a980ed2dab60a60c","69dfbf73db50084e9ea4c1a0","<p style=""font-size: 60px; font-family: FragmentMono"">ULUJDXLI</p>","","","training","","","","","","","",""
"null","null","html-keyboard-response","31","305134","0.0-7.0-0.24","65fad6c874ac75642ffc254b","69de1b11a980ed2dab60a60c","69dfbf73db50084e9ea4c1a0","<p style=""font-size: 60px; font-family: FragmentMono"">XEMOYAHE</p>","","","training","","","","","","","",""
"null","null","html-keyboard-response","32","306143","0.0-7.0-0.25","65fad6c874ac75642ffc254b","69de1b11a980ed2dab60a60c","69dfbf73db50084e9ea4c1a0","<p style=""font-size: 60px; font-family: FragmentMono"">UXVTIXHO</p>","","","training","","","","","","","",""
"null","null","html-keyboard-response","33","307152","0.0-7.0-0.26","65fad6c874ac75642ffc254b","69de1b11a980ed2dab60a60c","69dfbf73db50084e9ea4c1a0","<p style=""font-size: 60px; font-family: FragmentMono"">PKCBHPYB</p>","","","training","","","","","","","",""
"null","null","html-keyboard-response","34","308169","0.0-7.0-0.27","65fad6c874ac75642ffc254b","69de1b11a980ed2dab60a60c","69dfbf73db50084e9ea4c1a0","<p style=""font-size: 60px; font-family: FragmentMono"">XEMOZBG</p>","","","training","","","","","","","",""
"null","null","html-keyboard-response","35","309185","0.0-7.0-0.28","65fad6c874ac75642ffc254b","69de1b11a980ed2dab60a60c","69dfbf73db50084e9ea4c1a0","<p style=""font-size: 60px; font-family: FragmentMono"">SCEIXHO</p>","","","training","","","","","","","",""
"null","null","html-keyboard-response","36","310187","0.0-7.0-0.29","65fad6c874ac75642ffc254b","69de1b11a980ed2dab60a60c","69dfbf73db50084e9ea4c1a0","<p style=""font-size: 60px; font-family: FragmentMono"">ULUJPYB</p>","","","training","","","","","","","",""
"null","null","html-keyboard-response","37","311195","0.0-7.0-0.30","65fad6c874ac75642ffc254b","69de1b11a980ed2dab60a60c","69dfbf73db50084e9ea4c1a0","<p style=""font-size: 60px; font-family: FragmentMono"">ILGFDXLI</p>","","","training","","","","","","","",""
"null","null","html-keyboard-response","38","312205","0.0-7.0-0.31","65fad6c874ac75642ffc254b","69de1b11a980ed2dab60a60c","69dfbf73db50084e9ea4c1a0","<p style=""font-size: 60px; font-family: FragmentMono"">OGDSKZBG</p>","","","training","","","","","","","",""
"null","null","html-keyboard-response","39","313215","0.0-7.0-0.32","65fad6c874ac75642ffc254b","69de1b11a980ed2dab60a60c","69dfbf73db50084e9ea4c1a0","<p style=""font-size: 60px; font-family: FragmentMono"">EKCYGCAVY</p>","","","training","","","","","","","",""
"null","null","html-keyboard-response","40","314221","0.0-7.0-0.33","65fad6c874ac75642ffc254b","69de1b11a980ed2dab60a60c","69dfbf73db50084e9ea4c1a0","<p style=""font-size: 60px; font-family: FragmentMono"">TREHXILS</p>","","","training","","","","","","","",""
"null","null","html-keyboard-response","41","315231","0.0-7.0-0.34","65fad6c874ac75642ffc254b","69de1b11a980ed2dab60a60c","69dfbf73db50084e9ea4c1a0","<p style=""font-size: 60px; font-family: FragmentMono"">UXVTICWV</p>","","","training","","","","","","","",""
"null","null","html-keyboard-response","42","316249","0.0-7.0-0.35","65fad6c874ac75642ffc254b","69de1b11a980ed2dab60a60c","69dfbf73db50084e9ea4c1a0","<p style=""font-size: 60px; font-family: FragmentMono"">OAYAXILS</p>","","","training","","","","","","","",""
"null","null","html-keyboard-response","43","317264","0.0-7.0-0.36","65fad6c874ac75642ffc254b","69de1b11a980ed2dab60a60c","69dfbf73db50084e9ea4c1a0","<p style=""font-size: 60px; font-family: FragmentMono"">XFSVZBG</p>","","","training","","","","","","","",""
"null","null","html-keyboard-response","44","318273","0.0-7.0-0.37","65fad6c874ac75642ffc254b","69de1b11a980ed2dab60a60c","69dfbf73db50084e9ea4c1a0","<p style=""font-size: 60px; font-family: FragmentMono"">ULUJXHO</p>","","","training","","","","","","","",""
"null","null","html-keyboard-response","45","319290","0.0-7.0-0.38","65fad6c874ac75642ffc254b","69de1b11a980ed2dab60a60c","69dfbf73db50084e9ea4c1a0","<p style=""font-size: 60px; font-family: FragmentMono"">EKCYGMWYP</p>","","","training","","","","","","","",""
"null","null","html-keyboard-response","46","320307","0.0-7.0-0.39","65fad6c874ac75642ffc254b","69de1b11a980ed2dab60a60c","69dfbf73db50084e9ea4c1a0","<p style=""font-size: 60px; font-family: FragmentMono"">TREHPYB</p>","","","training","","","","","","","",""
"null","null","html-keyboard-response","47","321309","0.0-7.0-0.40","65fad6c874ac75642ffc254b","69de1b11a980ed2dab60a60c","69dfbf73db50084e9ea4c1a0","<p style=""font-size: 60px; font-family: FragmentMono"">XUFEYAHE</p>","","","training","","","","","","","",""
"null","null","html-keyboard-response","48","322326","0.0-7.0-0.41","65fad6c874ac75642ffc254b","69de1b11a980ed2dab60a60c","69dfbf73db50084e9ea4c1a0","<p style=""font-size: 60px; font-family: FragmentMono"">NOQIZBG</p>","","","training","","","","","","","",""
"null","null","html-keyboard-response","49","323344","0.0-7.0-0.42","65fad6c874ac75642ffc254b","69de1b11a980ed2dab60a60c","69dfbf73db50084e9ea4c1a0","<p style=""font-size: 60px; font-family: FragmentMono"">XRJWPYB</p>","","","training","","","","","","","",""
"null","null","html-keyboard-response","50","324349","0.0-7.0-0.43","65fad6c874ac75642ffc254b","69de1b11a980ed2dab60a60c","69dfbf73db50084e9ea4c1a0","<p style=""font-size: 60px; font-family: FragmentMono"">OGPGLYAHE</p>","","","training","","","","","","","",""
"null","null","html-keyboard-response","51","325357","0.0-7.0-0.44","65fad6c874ac75642ffc254b","69de1b11a980ed2dab60a60c","69dfbf73db50084e9ea4c1a0","<p style=""font-size: 60px; font-family: FragmentMono"">SCEIPYB</p>","","","training","","","","","","","",""
"null","null","html-keyboard-response","52","326362","0.0-7.0-0.45","65fad6c874ac75642ffc254b","69de1b11a980ed2dab60a60c","69dfbf73db50084e9ea4c1a0","<p style=""font-size: 60px; font-family: FragmentMono"">GEUHQZBG</p>","","","training","","","","","","","",""
"null","null","html-keyboard-response","53","327369","0.0-7.0-0.46","65fad6c874ac75642ffc254b","69de1b11a980ed2dab60a60c","69dfbf73db50084e9ea4c1a0","<p style=""font-size: 60px; font-family: FragmentMono"">XEMOMWYP</p>","","","training","","","","","","","",""
"null","null","html-keyboard-response","54","328385","0.0-7.0-0.47","65fad6c874ac75642ffc254b","69de1b11a980ed2dab60a60c","69dfbf73db50084e9ea4c1a0","<p style=""font-size: 60px; font-family: FragmentMono"">TREHDXLI</p>","","","training","","","","","","","",""
"null","null","html-keyboard-response","55","329394","0.0-7.0-0.48","65fad6c874ac75642ffc254b","69de1b11a980ed2dab60a60c","69dfbf73db50084e9ea4c1a0","<p style=""font-size: 60px; font-family: FragmentMono"">GEUHQYAHE</p>","","","training","","","","","","","",""
"null","null","html-keyboard-response","56","330403","0.0-7.0-0.49","65fad6c874ac75642ffc254b","69de1b11a980ed2dab60a60c","69dfbf73db50084e9ea4c1a0","<p style=""font-size: 60px; font-family: FragmentMono"">OAYAPYB</p>","","","training","","","","","","","",""
"null","null","html-keyboard-response","57","331420","0.0-7.0-0.50","65fad6c874ac75642ffc254b","69de1b11a980ed2dab60a60c","69dfbf73db50084e9ea4c1a0","<p style=""font-size: 60px; font-family: FragmentMono"">ULUJXILS</p>","","","training","","","","","","","",""
"null","null","html-keyboard-response","58","332429","0.0-7.0-0.51","65fad6c874ac75642ffc254b","69de1b11a980ed2dab60a60c","69dfbf73db50084e9ea4c1a0","<p style=""font-size: 60px; font-family: FragmentMono"">OGDSKSQBU</p>","","","training","","","","","","","",""
"null","null","html-keyboard-response","59","333438","0.0-7.0-0.52","65fad6c874ac75642ffc254b","69de1b11a980ed2dab60a60c","69dfbf73db50084e9ea4c1a0","<p style=""font-size: 60px; font-family: FragmentMono"">XVELSDXLI</p>","","","training","","","","","","","",""
"null","null","html-keyboard-response","60","334446","0.0-7.0-0.53","65fad6c874ac75642ffc254b","69de1b11a980ed2dab60a60c","69dfbf73db50084e9ea4c1a0","<p style=""font-size: 60px; font-family: FragmentMono"">JKGDMWYP</p>","","","training","","","","","","","",""
"null","null","html-keyboard-response","61","335455","0.0-7.0-0.54","65fad6c874ac75642ffc254b","69de1b11a980ed2dab60a60c","69dfbf73db50084e9ea4c1a0","<p style=""font-size: 60px; font-family: FragmentMono"">XRJWXILS</p>","","","training","","","","","","","",""
"null","null","html-keyboard-response","62","336472","0.0-7.0-0.55","65fad6c874ac75642ffc254b","69de1b11a980ed2dab60a60c","69dfbf73db50084e9ea4c1a0","<p style=""font-size: 60px; font-family: FragmentMono"">OAYACWV</p>","","","training","","","","","","","",""
"null","null","html-keyboard-response","63","337489","0.0-7.0-0.56","65fad6c874ac75642ffc254b","69de1b11a980ed2dab60a60c","69dfbf73db50084e9ea4c1a0","<p style=""font-size: 60px; font-family: FragmentMono"">GEUHQSQBU</p>","","","training","","","","","","","",""
"null","null","html-keyboard-response","64","338506","0.0-7.0-0.57","65fad6c874ac75642ffc254b","69de1b11a980ed2dab60a60c","69dfbf73db50084e9ea4c1a0","<p style=""font-size: 60px; font-family: FragmentMono"">XQTKWCWV</p>","","","training","","","","","","","",""
"null","null","html-keyboard-response","65","339510","0.0-7.0-0.58","65fad6c874ac75642ffc254b","69de1b11a980ed2dab60a60c","69dfbf73db50084e9ea4c1a0","<p style=""font-size: 60px; font-family: FragmentMono"">JKGDCAVY</p>","","","training","","","","","","","",""
"null","null","html-keyboard-response","66","340528","0.0-7.0-0.59","65fad6c874ac75642ffc254b","69de1b11a980ed2dab60a60c","69dfbf73db50084e9ea4c1a0","<p style=""font-size: 60px; font-family: FragmentMono"">XVELSXHO</p>","","","training","","","","","","","",""
"null","null","html-keyboard-response","67","341533","0.0-7.0-0.60","65fad6c874ac75642ffc254b","69de1b11a980ed2dab60a60c","69dfbf73db50084e9ea4c1a0","<p style=""font-size: 60px; font-family: FragmentMono"">XUFECAVY</p>","","","training","","","","","","","",""
"null","null","html-keyboard-response","68","342547","0.0-7.0-0.61","65fad6c874ac75642ffc254b","69de1b11a980ed2dab60a60c","69dfbf73db50084e9ea4c1a0","<p style=""font-size: 60px; font-family: FragmentMono"">OGDSKYAHE</p>","","","training","","","","","","","",""
"null","null","html-keyboard-response","69","343552","0.0-7.0-0.62","65fad6c874ac75642ffc254b","69de1b11a980ed2dab60a60c","69dfbf73db50084e9ea4c1a0","<p style=""font-size: 60px; font-family: FragmentMono"">XQTKWPYB</p>","","","training","","","","","","","",""
"null","null","html-keyboard-response","70","344564","0.0-7.0-0.63","65fad6c874ac75642ffc254b","69de1b11a980ed2dab60a60c","69dfbf73db50084e9ea4c1a0","<p style=""font-size: 60px; font-family: FragmentMono"">TREHCWV</p>","","","training","","","","","","","",""
"null","null","html-keyboard-response","71","345581","0.0-7.0-0.64","65fad6c874ac75642ffc254b","69de1b11a980ed2dab60a60c","69dfbf73db50084e9ea4c1a0","<p style=""font-size: 60px; font-family: FragmentMono"">GUVRCAVY</p>","","","training","","","","","","","",""
"null","null","html-keyboard-response","72","346590","0.0-7.0-0.65","65fad6c874ac75642ffc254b","69de1b11a980ed2dab60a60c","69dfbf73db50084e9ea4c1a0","<p style=""font-size: 60px; font-family: FragmentMono"">UXVTIDXLI</p>","","","training","","","","","","","",""
"null","null","html-keyboard-response","73","347599","0.0-7.0-0.66","65fad6c874ac75642ffc254b","69de1b11a980ed2dab60a60c","69dfbf73db50084e9ea4c1a0","<p style=""font-size: 60px; font-family: FragmentMono"">ILGFXILS</p>","","","training","","","","","","","",""
"null","null","html-keyboard-response","74","348606","0.0-7.0-0.67","65fad6c874ac75642ffc254b","69de1b11a980ed2dab60a60c","69dfbf73db50084e9ea4c1a0","<p style=""font-size: 60px; font-family: FragmentMono"">XVELSCWV</p>","","","training","","","","","","","",""
"null","null","html-keyboard-response","75","349610","0.0-7.0-0.68","65fad6c874ac75642ffc254b","69de1b11a980ed2dab60a60c","69dfbf73db50084e9ea4c1a0","<p style=""font-size: 60px; font-family: FragmentMono"">ILGFPYB</p>","","","training","","","","","","","",""
"null","null","html-keyboard-response","76","350615","0.0-7.0-0.69","65fad6c874ac75642ffc254b","69de1b11a980ed2dab60a60c","69dfbf73db50084e9ea4c1a0","<p style=""font-size: 60px; font-family: FragmentMono"">NOQICAVY</p>","","","training","","","","","","","",""
"null","null","html-keyboard-response","77","351625","0.0-7.0-0.70","65fad6c874ac75642ffc254b","69de1b11a980ed2dab60a60c","69dfbf73db50084e9ea4c1a0","<p style=""font-size: 60px; font-family: FragmentMono"">OAYAXHO</p>","","","training","","","","","","","",""
"null","null","html-keyboard-response","78","352627","0.0-7.0-0.71","65fad6c874ac75642ffc254b","69de1b11a980ed2dab60a60c","69dfbf73db50084e9ea4c1a0","<p style=""font-size: 60px; font-family: FragmentMono"">XFSVYAHE</p>","","","training","","","","","","","",""
"null","null","html-keyboard-response","79","353643","0.0-7.0-0.72","65fad6c874ac75642ffc254b","69de1b11a980ed2dab60a60c","69dfbf73db50084e9ea4c1a0","<p style=""font-size: 60px; font-family: FragmentMono"">GUVRMWYP</p>","","","training","","","","","","","",""
"null","null","html-keyboard-response","80","354658","0.0-7.0-0.73","65fad6c874ac75642ffc254b","69de1b11a980ed2dab60a60c","69dfbf73db50084e9ea4c1a0","<p style=""font-size: 60px; font-family: FragmentMono"">EKCYGSQBU</p>","","","training","","","","","","","",""
"null","null","html-keyboard-response","81","355660","0.0-7.0-0.74","65fad6c874ac75642ffc254b","69de1b11a980ed2dab60a60c","69dfbf73db50084e9ea4c1a0","<p style=""font-size: 60px; font-family: FragmentMono"">PKCBHCWV</p>","","","training","","","","","","","",""
"null","null","html-keyboard-response","82","356675","0.0-7.0-0.75","65fad6c874ac75642ffc254b","69de1b11a980ed2dab60a60c","69dfbf73db50084e9ea4c1a0","<p style=""font-size: 60px; font-family: FragmentMono"">XFSVCAVY</p>","","","training","","","","","","","",""
"null","null","html-keyboard-response","83","357678","0.0-7.0-0.76","65fad6c874ac75642ffc254b","69de1b11a980ed2dab60a60c","69dfbf73db50084e9ea4c1a0","<p style=""font-size: 60px; font-family: FragmentMono"">XQTKWXHO</p>","","","training","","","","","","","",""
"null","null","html-keyboard-response","84","358692","0.0-7.0-0.77","65fad6c874ac75642ffc254b","69de1b11a980ed2dab60a60c","69dfbf73db50084e9ea4c1a0","<p style=""font-size: 60px; font-family: FragmentMono"">ILGFCWV</p>","","","training","","","","","","","",""
"null","null","html-keyboard-response","85","359696","0.0-7.0-0.78","65fad6c874ac75642ffc254b","69de1b11a980ed2dab60a60c","69dfbf73db50084e9ea4c1a0","<p style=""font-size: 60px; font-family: FragmentMono"">NOQIYAHE</p>","","","training","","","","","","","",""
"null","null","html-keyboard-response","86","360711","0.0-7.0-0.79","65fad6c874ac75642ffc254b","69de1b11a980ed2dab60a60c","69dfbf73db50084e9ea4c1a0","<p style=""font-size: 60px; font-family: FragmentMono"">GUVRSQBU</p>","","","training","","","","","","","",""
"16608"," ","html-keyboard-response","87","377320","0.0-8.0","65fad6c874ac75642ffc254b","69de1b11a980ed2dab60a60c","69dfbf73db50084e9ea4c1a0","<p style=""font-size: 30px"">Great, you've seen the first block of words. You may now take a short break.</p>
      <p style=""font-size: 30px"">Press the spacebar when you're ready to continue.</p>","","","","","","","","","","",""
"null","null","html-keyboard-response","88","378335","0.0-9.0-0.0","65fad6c874ac75642ffc254b","69de1b11a980ed2dab60a60c","69dfbf73db50084e9ea4c1a0","<p style=""font-size: 60px; font-family: FragmentMono"">GUVRSQBU</p>","","","training","","","","","","","",""
"null","null","html-keyboard-response","89","379351","0.0-9.0-0.1","65fad6c874ac75642ffc254b","69de1b11a980ed2dab60a60c","69dfbf73db50084e9ea4c1a0","<p style=""font-size: 60px; font-family: FragmentMono"">PKCBHDXLI</p>","","","training","","","","","","","",""
"null","null","html-keyboard-response","90","380361","0.0-9.0-0.2","65fad6c874ac75642ffc254b","69de1b11a980ed2dab60a60c","69dfbf73db50084e9ea4c1a0","<p style=""font-size: 60px; font-family: FragmentMono"">XRJWXILS</p>","","","training","","","","","","","",""
"null","null","html-keyboard-response","91","381378","0.0-9.0-0.3","65fad6c874ac75642ffc254b","69de1b11a980ed2dab60a60c","69dfbf73db50084e9ea4c1a0","<p style=""font-size: 60px; font-family: FragmentMono"">NOQICAVY</p>","","","training","","","","","","","",""
"null","null","html-keyboard-response","92","382387","0.0-9.0-0.4","65fad6c874ac75642ffc254b","69de1b11a980ed2dab60a60c","69dfbf73db50084e9ea4c1a0","<p style=""font-size: 60px; font-family: FragmentMono"">XRJWXHO</p>","","","training","","","","","","","",""
"null","null","html-keyboard-response","93","383395","0.0-9.0-0.5","65fad6c874ac75642ffc254b","69de1b11a980ed2dab60a60c","69dfbf73db50084e9ea4c1a0","<p style=""font-size: 60px; font-family: FragmentMono"">TREHXILS</p>","","","training","","","","","","","",""
"null","null","html-keyboard-response","94","384412","0.0-9.0-0.6","65fad6c874ac75642ffc254b","69de1b11a980ed2dab60a60c","69dfbf73db50084e9ea4c1a0","<p style=""font-size: 60px; font-family: FragmentMono"">XUFESQBU</p>","","","training","","","","","","","",""
"null","null","html-keyboard-response","95","385425","0.0-9.0-0.7","65fad6c874ac75642ffc254b","69de1b11a980ed2dab60a60c","69dfbf73db50084e9ea4c1a0","<p style=""font-size: 60px; font-family: FragmentMono"">GUVRZBG</p>","","","training","","","","","","","",""
"null","null","html-keyboard-response","96","386432","0.0-9.0-0.8","65fad6c874ac75642ffc254b","69de1b11a980ed2dab60a60c","69dfbf73db50084e9ea4c1a0","<p style=""font-size: 60px; font-family: FragmentMono"">JKGDMWYP</p>","","","training","","","","","","","",""
"null","null","html-keyboard-response","97","387440","0.0-9.0-0.9","65fad6c874ac75642ffc254b","69de1b11a980ed2dab60a60c","69dfbf73db50084e9ea4c1a0","<p style=""font-size: 60px; font-family: FragmentMono"">OAYAXILS</p>","","","training","","","","","","","",""
"null","null","html-keyboard-response","98","388442","0.0-9.0-0.10","65fad6c874ac75642ffc254b","69de1b11a980ed2dab60a60c","69dfbf73db50084e9ea4c1a0","<p style=""font-size: 60px; font-family: FragmentMono"">NOQIZBG</p>","","","training","","","","","","","",""
"null","null","html-keyboard-response","99","389457","0.0-9.0-0.11","65fad6c874ac75642ffc254b","69de1b11a980ed2dab60a60c","69dfbf73db50084e9ea4c1a0","<p style=""font-size: 60px; font-family: FragmentMono"">GEUHQMWYP</p>","","","training","","","","","","","",""
"null","null","html-keyboard-response","100","390466","0.0-9.0-0.12","65fad6c874ac75642ffc254b","69de1b11a980ed2dab60a60c","69dfbf73db50084e9ea4c1a0","<p style=""font-size: 60px; font-family: FragmentMono"">UXVTIDXLI</p>","","","training","","","","","","","",""
"null","null","html-keyboard-response","101","391471","0.0-9.0-0.13","65fad6c874ac75642ffc254b","69de1b11a980ed2dab60a60c","69dfbf73db50084e9ea4c1a0","<p style=""font-size: 60px; font-family: FragmentMono"">OGPGLMWYP</p>","","","training","","","","","","","",""
"null","null","html-keyboard-response","102","392472","0.0-9.0-0.14","65fad6c874ac75642ffc254b","69de1b11a980ed2dab60a60c","69dfbf73db50084e9ea4c1a0","<p style=""font-size: 60px; font-family: FragmentMono"">XFSVCAVY</p>","","","training","","","","","","","",""
"null","null","html-keyboard-response","103","393476","0.0-9.0-0.15","65fad6c874ac75642ffc254b","69de1b11a980ed2dab60a60c","69dfbf73db50084e9ea4c1a0","<p style=""font-size: 60px; font-family: FragmentMono"">ULUJXHO</p>","","","training","","","","","","","",""
"null","null","html-keyboard-response","104","394492","0.0-9.0-0.16","65fad6c874ac75642ffc254b","69de1b11a980ed2dab60a60c","69dfbf73db50084e9ea4c1a0","<p style=""font-size: 60px; font-family: FragmentMono"">OGDSKYAHE</p>","","","training","","","","","","","",""
"null","null","html-keyboard-response","105","395508","0.0-9.0-0.17","65fad6c874ac75642ffc254b","69de1b11a980ed2dab60a60c","69dfbf73db50084e9ea4c1a0","<p style=""font-size: 60px; font-family: FragmentMono"">ILGFPYB</p>","","","training","","","","","","","",""
"null","null","html-keyboard-response","106","396517","0.0-9.0-0.18","65fad6c874ac75642ffc254b","69de1b11a980ed2dab60a60c","69dfbf73db50084e9ea4c1a0","<p style=""font-size: 60px; font-family: FragmentMono"">UXVTIXILS</p>","","","training","","","","","","","",""
"null","null","html-keyboard-response","107","397525","0.0-9.0-0.19","65fad6c874ac75642ffc254b","69de1b11a980ed2dab60a60c","69dfbf73db50084e9ea4c1a0","<p style=""font-size: 60px; font-family: FragmentMono"">XEMOSQBU</p>","","","training","","","","","","","",""
"null","null","html-keyboard-response","108","398528","0.0-9.0-0.20","65fad6c874ac75642ffc254b","69de1b11a980ed2dab60a60c","69dfbf73db50084e9ea4c1a0","<p style=""font-size: 60px; font-family: FragmentMono"">GUVRCAVY</p>","","","training","","","","","","","",""
"null","null","html-keyboard-response","109","399543","0.0-9.0-0.21","65fad6c874ac75642ffc254b","69de1b11a980ed2dab60a60c","69dfbf73db50084e9ea4c1a0","<p style=""font-size: 60px; font-family: FragmentMono"">UXVTICWV</p>","","","training","","","","","","","",""
"null","null","html-keyboard-response","110","400545","0.0-9.0-0.22","65fad6c874ac75642ffc254b","69de1b11a980ed2dab60a60c","69dfbf73db50084e9ea4c1a0","<p style=""font-size: 60px; font-family: FragmentMono"">XQTKWDXLI</p>","","","training","","","","","","","",""
"null","null","html-keyboard-response","111","401562","0.0-9.0-0.23","65fad6c874ac75642ffc254b","69de1b11a980ed2dab60a60c","69dfbf73db50084e9ea4c1a0","<p style=""font-size: 60px; font-family: FragmentMono"">NOQIYAHE</p>","","","training","","","","","","","",""
"null","null","html-keyboard-response","112","402578","0.0-9.0-0.24","65fad6c874ac75642ffc254b","69de1b11a980ed2dab60a60c","69dfbf73db50084e9ea4c1a0","<p style=""font-size: 60px; font-family: FragmentMono"">GEUHQSQBU</p>","","","training","","","","","","","",""
"null","null","html-keyboard-response","113","403584","0.0-9.0-0.25","65fad6c874ac75642ffc254b","69de1b11a980ed2dab60a60c","69dfbf73db50084e9ea4c1a0","<p style=""font-size: 60px; font-family: FragmentMono"">ULUJDXLI</p>","","","training","","","","","","","",""
"null","null","html-keyboard-response","114","404596","0.0-9.0-0.26","65fad6c874ac75642ffc254b","69de1b11a980ed2dab60a60c","69dfbf73db50084e9ea4c1a0","<p style=""font-size: 60px; font-family: FragmentMono"">GEUHQYAHE</p>","","","training","","","","","","","",""
"null","null","html-keyboard-response","115","405604","0.0-9.0-0.27","65fad6c874ac75642ffc254b","69de1b11a980ed2dab60a60c","69dfbf73db50084e9ea4c1a0","<p style=""font-size: 60px; font-family: FragmentMono"">OAYACWV</p>","","","training","","","","","","","",""
"null","null","html-keyboard-response","116","406614","0.0-9.0-0.28","65fad6c874ac75642ffc254b","69de1b11a980ed2dab60a60c","69dfbf73db50084e9ea4c1a0","<p style=""font-size: 60px; font-family: FragmentMono"">EKCYGYAHE</p>","","","training","","","","","","","",""
"null","null","html-keyboard-response","117","407628","0.0-9.0-0.29","65fad6c874ac75642ffc254b","69de1b11a980ed2dab60a60c","69dfbf73db50084e9ea4c1a0","<p style=""font-size: 60px; font-family: FragmentMono"">XVELSXHO</p>","","","training","","","","","","","",""
"null","null","html-keyboard-response","118","408632","0.0-9.0-0.30","65fad6c874ac75642ffc254b","69de1b11a980ed2dab60a60c","69dfbf73db50084e9ea4c1a0","<p style=""font-size: 60px; font-family: FragmentMono"">XEMOYAHE</p>","","","training","","","","","","","",""
"null","null","html-keyboard-response","119","409640","0.0-9.0-0.31","65fad6c874ac75642ffc254b","69de1b11a980ed2dab60a60c","69dfbf73db50084e9ea4c1a0","<p style=""font-size: 60px; font-family: FragmentMono"">OGDSKCAVY</p>","","","training","","","","","","","",""
"null","null","html-keyboard-response","120","410656","0.0-9.0-0.32","65fad6c874ac75642ffc254b","69de1b11a980ed2dab60a60c","69dfbf73db50084e9ea4c1a0","<p style=""font-size: 60px; font-family: FragmentMono"">XQTKWCWV</p>","","","training","","","","","","","",""
"null","null","html-keyboard-response","121","411666","0.0-9.0-0.33","65fad6c874ac75642ffc254b","69de1b11a980ed2dab60a60c","69dfbf73db50084e9ea4c1a0","<p style=""font-size: 60px; font-family: FragmentMono"">XFSVMWYP</p>","","","training","","","","","","","",""
"null","null","html-keyboard-response","122","412681","0.0-9.0-0.34","65fad6c874ac75642ffc254b","69de1b11a980ed2dab60a60c","69dfbf73db50084e9ea4c1a0","<p style=""font-size: 60px; font-family: FragmentMono"">GEUHQZBG</p>","","","training","","","","","","","",""
"null","null","html-keyboard-response","123","413698","0.0-9.0-0.35","65fad6c874ac75642ffc254b","69de1b11a980ed2dab60a60c","69dfbf73db50084e9ea4c1a0","<p style=""font-size: 60px; font-family: FragmentMono"">XEMOMWYP</p>","","","training","","","","","","","",""
"null","null","html-keyboard-response","124","414714","0.0-9.0-0.36","65fad6c874ac75642ffc254b","69de1b11a980ed2dab60a60c","69dfbf73db50084e9ea4c1a0","<p style=""font-size: 60px; font-family: FragmentMono"">PKCBHPYB</p>","","","training","","","","","","","",""
"null","null","html-keyboard-response","125","415715","0.0-9.0-0.37","65fad6c874ac75642ffc254b","69de1b11a980ed2dab60a60c","69dfbf73db50084e9ea4c1a0","<p style=""font-size: 60px; font-family: FragmentMono"">JKGDZBG</p>","","","training","","","","","","","",""
"null","null","html-keyboard-response","126","416725","0.0-9.0-0.38","65fad6c874ac75642ffc254b","69de1b11a980ed2dab60a60c","69dfbf73db50084e9ea4c1a0","<p style=""font-size: 60px; font-family: FragmentMono"">TREHCWV</p>","","","training","","","","","","","",""
"null","null","html-keyboard-response","127","417733","0.0-9.0-0.39","65fad6c874ac75642ffc254b","69de1b11a980ed2dab60a60c","69dfbf73db50084e9ea4c1a0","<p style=""font-size: 60px; font-family: FragmentMono"">UXVTIXHO</p>","","","training","","","","","","","",""
"null","null","html-keyboard-response","128","418742","0.0-9.0-0.40","65fad6c874ac75642ffc254b","69de1b11a980ed2dab60a60c","69dfbf73db50084e9ea4c1a0","<p style=""font-size: 60px; font-family: FragmentMono"">SCEIPYB</p>","","","training","","","","","","","",""
"null","null","html-keyboard-response","129","419759","0.0-9.0-0.41","65fad6c874ac75642ffc254b","69de1b11a980ed2dab60a60c","69dfbf73db50084e9ea4c1a0","<p style=""font-size: 60px; font-family: FragmentMono"">OGDSKZBG</p>","","","training","","","","","","","",""
"null","null","html-keyboard-response","130","420776","0.0-9.0-0.42","65fad6c874ac75642ffc254b","69de1b11a980ed2dab60a60c","69dfbf73db50084e9ea4c1a0","<p style=""font-size: 60px; font-family: FragmentMono"">NOQIMWYP</p>","","","training","","","","","","","",""
"null","null","html-keyboard-response","131","421784","0.0-9.0-0.43","65fad6c874ac75642ffc254b","69de1b11a980ed2dab60a60c","69dfbf73db50084e9ea4c1a0","<p style=""font-size: 60px; font-family: FragmentMono"">ULUJPYB</p>","","","training","","","","","","","",""
"null","null","html-keyboard-response","132","422787","0.0-9.0-0.44","65fad6c874ac75642ffc254b","69de1b11a980ed2dab60a60c","69dfbf73db50084e9ea4c1a0","<p style=""font-size: 60px; font-family: FragmentMono"">JKGDCAVY</p>","","","training","","","","","","","",""
"null","null","html-keyboard-response","133","423800","0.0-9.0-0.45","65fad6c874ac75642ffc254b","69de1b11a980ed2dab60a60c","69dfbf73db50084e9ea4c1a0","<p style=""font-size: 60px; font-family: FragmentMono"">ILGFXILS</p>","","","training","","","","","","","",""
"null","null","html-keyboard-response","134","424802","0.0-9.0-0.46","65fad6c874ac75642ffc254b","69de1b11a980ed2dab60a60c","69dfbf73db50084e9ea4c1a0","<p style=""font-size: 60px; font-family: FragmentMono"">GUVRMWYP</p>","","","training","","","","","","","",""
"null","null","html-keyboard-response","135","425806","0.0-9.0-0.47","65fad6c874ac75642ffc254b","69de1b11a980ed2dab60a60c","69dfbf73db50084e9ea4c1a0","<p style=""font-size: 60px; font-family: FragmentMono"">OAYAPYB</p>","","","training","","","","","","","",""
"null","null","html-keyboard-response","136","426811","0.0-9.0-0.48","65fad6c874ac75642ffc254b","69de1b11a980ed2dab60a60c","69dfbf73db50084e9ea4c1a0","<p style=""font-size: 60px; font-family: FragmentMono"">OGPGLYAHE</p>","","","training","","","","","","","",""
"null","null","html-keyboard-response","137","427823","0.0-9.0-0.49","65fad6c874ac75642ffc254b","69de1b11a980ed2dab60a60c","69dfbf73db50084e9ea4c1a0","<p style=""font-size: 60px; font-family: FragmentMono"">XVELSDXLI</p>","","","training","","","","","","","",""
"null","null","html-keyboard-response","138","428830","0.0-9.0-0.50","65fad6c874ac75642ffc254b","69de1b11a980ed2dab60a60c","69dfbf73db50084e9ea4c1a0","<p style=""font-size: 60px; font-family: FragmentMono"">TREHPYB</p>","","","training","","","","","","","",""
"null","null","html-keyboard-response","139","429838","0.0-9.0-0.51","65fad6c874ac75642ffc254b","69de1b11a980ed2dab60a60c","69dfbf73db50084e9ea4c1a0","<p style=""font-size: 60px; font-family: FragmentMono"">EKCYGMWYP</p>","","","training","","","","","","","",""
"null","null","html-keyboard-response","140","430847","0.0-9.0-0.52","65fad6c874ac75642ffc254b","69de1b11a980ed2dab60a60c","69dfbf73db50084e9ea4c1a0","<p style=""font-size: 60px; font-family: FragmentMono"">XUFEZBG</p>","","","training","","","","","","","",""
"null","null","html-keyboard-response","141","431861","0.0-9.0-0.53","65fad6c874ac75642ffc254b","69de1b11a980ed2dab60a60c","69dfbf73db50084e9ea4c1a0","<p style=""font-size: 60px; font-family: FragmentMono"">SCEIDXLI</p>","","","training","","","","","","","",""
"null","null","html-keyboard-response","142","432864","0.0-9.0-0.54","65fad6c874ac75642ffc254b","69de1b11a980ed2dab60a60c","69dfbf73db50084e9ea4c1a0","<p style=""font-size: 60px; font-family: FragmentMono"">EKCYGSQBU</p>","","","training","","","","","","","",""
"null","null","html-keyboard-response","143","433873","0.0-9.0-0.55","65fad6c874ac75642ffc254b","69de1b11a980ed2dab60a60c","69dfbf73db50084e9ea4c1a0","<p style=""font-size: 60px; font-family: FragmentMono"">XRJWPYB</p>","","","training","","","","","","","",""
"null","null","html-keyboard-response","144","434874","0.0-9.0-0.56","65fad6c874ac75642ffc254b","69de1b11a980ed2dab60a60c","69dfbf73db50084e9ea4c1a0","<p style=""font-size: 60px; font-family: FragmentMono"">PKCBHCWV</p>","","","training","","","","","","","",""
"null","null","html-keyboard-response","145","435882","0.0-9.0-0.57","65fad6c874ac75642ffc254b","69de1b11a980ed2dab60a60c","69dfbf73db50084e9ea4c1a0","<p style=""font-size: 60px; font-family: FragmentMono"">XEMOZBG</p>","","","training","","","","","","","",""
"null","null","html-keyboard-response","146","436899","0.0-9.0-0.58","65fad6c874ac75642ffc254b","69de1b11a980ed2dab60a60c","69dfbf73db50084e9ea4c1a0","<p style=""font-size: 60px; font-family: FragmentMono"">OGPGLSQBU</p>","","","training","","","","","","","",""
"null","null","html-keyboard-response","147","437915","0.0-9.0-0.59","65fad6c874ac75642ffc254b","69de1b11a980ed2dab60a60c","69dfbf73db50084e9ea4c1a0","<p style=""font-size: 60px; font-family: FragmentMono"">XUFEYAHE</p>","","","training","","","","","","","",""
"null","null","html-keyboard-response","148","438932","0.0-9.0-0.60","65fad6c874ac75642ffc254b","69de1b11a980ed2dab60a60c","69dfbf73db50084e9ea4c1a0","<p style=""font-size: 60px; font-family: FragmentMono"">SCEIXILS</p>","","","training","","","","","","","",""
"null","null","html-keyboard-response","149","439941","0.0-9.0-0.61","65fad6c874ac75642ffc254b","69de1b11a980ed2dab60a60c","69dfbf73db50084e9ea4c1a0","<p style=""font-size: 60px; font-family: FragmentMono"">PKCBHXHO</p>","","","training","","","","","","","",""
"null","null","html-keyboard-response","150","440943","0.0-9.0-0.62","65fad6c874ac75642ffc254b","69de1b11a980ed2dab60a60c","69dfbf73db50084e9ea4c1a0","<p style=""font-size: 60px; font-family: FragmentMono"">JKGDSQBU</p>","","","training","","","","","","","",""
"null","null","html-keyboard-response","151","441958","0.0-9.0-0.63","65fad6c874ac75642ffc254b","69de1b11a980ed2dab60a60c","69dfbf73db50084e9ea4c1a0","<p style=""font-size: 60px; font-family: FragmentMono"">EKCYGCAVY</p>","","","training","","","","","","","",""
"null","null","html-keyboard-response","152","442976","0.0-9.0-0.64","65fad6c874ac75642ffc254b","69de1b11a980ed2dab60a60c","69dfbf73db50084e9ea4c1a0","<p style=""font-size: 60px; font-family: FragmentMono"">XVELSXILS</p>","","","training","","","","","","","",""
"null","null","html-keyboard-response","153","443985","0.0-9.0-0.65","65fad6c874ac75642ffc254b","69de1b11a980ed2dab60a60c","69dfbf73db50084e9ea4c1a0","<p style=""font-size: 60px; font-family: FragmentMono"">XFSVZBG</p>","","","training","","","","","","","",""
"null","null","html-keyboard-response","154","444993","0.0-9.0-0.66","65fad6c874ac75642ffc254b","69de1b11a980ed2dab60a60c","69dfbf73db50084e9ea4c1a0","<p style=""font-size: 60px; font-family: FragmentMono"">ILGFCWV</p>","","","training","","","","","","","",""
"null","null","html-keyboard-response","155","446003","0.0-9.0-0.67","65fad6c874ac75642ffc254b","69de1b11a980ed2dab60a60c","69dfbf73db50084e9ea4c1a0","<p style=""font-size: 60px; font-family: FragmentMono"">XQTKWXHO</p>","","","training","","","","","","","",""
"null","null","html-keyboard-response","156","447019","0.0-9.0-0.68","65fad6c874ac75642ffc254b","69de1b11a980ed2dab60a60c","69dfbf73db50084e9ea4c1a0","<p style=""font-size: 60px; font-family: FragmentMono"">XFSVYAHE</p>","","","training","","","","","","","",""
"null","null","html-keyboard-response","157","448028","0.0-9.0-0.69","65fad6c874ac75642ffc254b","69de1b11a980ed2dab60a60c","69dfbf73db50084e9ea4c1a0","<p style=""font-size: 60px; font-family: FragmentMono"">XRJWCWV</p>","","","training","","","","","","","",""
"null","null","html-keyboard-response","158","449045","0.0-9.0-0.70","65fad6c874ac75642ffc254b","69de1b11a980ed2dab60a60c","69dfbf73db50084e9ea4c1a0","<p style=""font-size: 60px; font-family: FragmentMono"">XUFECAVY</p>","","","training","","","","","","","",""
"null","null","html-keyboard-response","159","450061","0.0-9.0-0.71","65fad6c874ac75642ffc254b","69de1b11a980ed2dab60a60c","69dfbf73db50084e9ea4c1a0","<p style=""font-size: 60px; font-family: FragmentMono"">TREHDXLI</p>","","","training","","","","","","","",""
"null","null","html-keyboard-response","160","451071","0.0-9.0-0.72","65fad6c874ac75642ffc254b","69de1b11a980ed2dab60a60c","69dfbf73db50084e9ea4c1a0","<p style=""font-size: 60px; font-family: FragmentMono"">OGDSKSQBU</p>","","","training","","","","","","","",""
"null","null","html-keyboard-response","161","452079","0.0-9.0-0.73","65fad6c874ac75642ffc254b","69de1b11a980ed2dab60a60c","69dfbf73db50084e9ea4c1a0","<p style=""font-size: 60px; font-family: FragmentMono"">OAYAXHO</p>","","","training","","","","","","","",""
"null","null","html-keyboard-response","162","453081","0.0-9.0-0.74","65fad6c874ac75642ffc254b","69de1b11a980ed2dab60a60c","69dfbf73db50084e9ea4c1a0","<p style=""font-size: 60px; font-family: FragmentMono"">XQTKWPYB</p>","","","training","","","","","","","",""
"null","null","html-keyboard-response","163","454089","0.0-9.0-0.75","65fad6c874ac75642ffc254b","69de1b11a980ed2dab60a60c","69dfbf73db50084e9ea4c1a0","<p style=""font-size: 60px; font-family: FragmentMono"">SCEIXHO</p>","","","training","","","","","","","",""
"null","null","html-keyboard-response","164","455106","0.0-9.0-0.76","65fad6c874ac75642ffc254b","69de1b11a980ed2dab60a60c","69dfbf73db50084e9ea4c1a0","<p style=""font-size: 60px; font-family: FragmentMono"">OGPGLCAVY</p>","","","training","","","","","","","",""
"null","null","html-keyboard-response","165","456123","0.0-9.0-0.77","65fad6c874ac75642ffc254b","69de1b11a980ed2dab60a60c","69dfbf73db50084e9ea4c1a0","<p style=""font-size: 60px; font-family: FragmentMono"">ILGFDXLI</p>","","","training","","","","","","","",""
"null","null","html-keyboard-response","166","457129","0.0-9.0-0.78","65fad6c874ac75642ffc254b","69de1b11a980ed2dab60a60c","69dfbf73db50084e9ea4c1a0","<p style=""font-size: 60px; font-family: FragmentMono"">ULUJXILS</p>","","","training","","","","","","","",""
"null","null","html-keyboard-response","167","458132","0.0-9.0-0.79","65fad6c874ac75642ffc254b","69de1b11a980ed2dab60a60c","69dfbf73db50084e9ea4c1a0","<p style=""font-size: 60px; font-family: FragmentMono"">XVELSCWV</p>","","","training","","","","","","","",""
"3918"," ","html-keyboard-response","168","462046","0.0-10.0","65fad6c874ac75642ffc254b","69de1b11a980ed2dab60a60c","69dfbf73db50084e9ea4c1a0","<p style=""font-size: 30px"">Great, you've seen the second block of words. You may now take a short break.</p>
      <p style=""font-size: 30px"">Press the spacebar when you're ready to continue.</p>","","","","","","","","","","",""
"null","null","html-keyboard-response","169","463055","0.0-11.0-0.0","65fad6c874ac75642ffc254b","69de1b11a980ed2dab60a60c","69dfbf73db50084e9ea4c1a0","<p style=""font-size: 60px; font-family: FragmentMono"">EKCYGMWYP</p>","","","training","","","","","","","",""
"null","null","html-keyboard-response","170","464062","0.0-11.0-0.1","65fad6c874ac75642ffc254b","69de1b11a980ed2dab60a60c","69dfbf73db50084e9ea4c1a0","<p style=""font-size: 60px; font-family: FragmentMono"">XEMOZBG</p>","","","training","","","","","","","",""
"null","null","html-keyboard-response","171","465064","0.0-11.0-0.2","65fad6c874ac75642ffc254b","69de1b11a980ed2dab60a60c","69dfbf73db50084e9ea4c1a0","<p style=""font-size: 60px; font-family: FragmentMono"">TREHDXLI</p>","","","training","","","","","","","",""
"null","null","html-keyboard-response","172","466072","0.0-11.0-0.3","65fad6c874ac75642ffc254b","69de1b11a980ed2dab60a60c","69dfbf73db50084e9ea4c1a0","<p style=""font-size: 60px; font-family: FragmentMono"">EKCYGSQBU</p>","","","training","","","","","","","",""
"null","null","html-keyboard-response","173","467081","0.0-11.0-0.4","65fad6c874ac75642ffc254b","69de1b11a980ed2dab60a60c","69dfbf73db50084e9ea4c1a0","<p style=""font-size: 60px; font-family: FragmentMono"">XFSVMWYP</p>","","","training","","","","","","","",""
"null","null","html-keyboard-response","174","468083","0.0-11.0-0.5","65fad6c874ac75642ffc254b","69de1b11a980ed2dab60a60c","69dfbf73db50084e9ea4c1a0","<p style=""font-size: 60px; font-family: FragmentMono"">ULUJPYB</p>","","","training","","","","","","","",""
"null","null","html-keyboard-response","175","469084","0.0-11.0-0.6","65fad6c874ac75642ffc254b","69de1b11a980ed2dab60a60c","69dfbf73db50084e9ea4c1a0","<p style=""font-size: 60px; font-family: FragmentMono"">JKGDMWYP</p>","","","training","","","","","","","",""
"null","null","html-keyboard-response","176","470090","0.0-11.0-0.7","65fad6c874ac75642ffc254b","69de1b11a980ed2dab60a60c","69dfbf73db50084e9ea4c1a0","<p style=""font-size: 60px; font-family: FragmentMono"">OGPGLYAHE</p>","","","training","","","","","","","",""
"null","null","html-keyboard-response","177","471099","0.0-11.0-0.8","65fad6c874ac75642ffc254b","69de1b11a980ed2dab60a60c","69dfbf73db50084e9ea4c1a0","<p style=""font-size: 60px; font-family: FragmentMono"">JKGDCAVY</p>","","","training","","","","","","","",""
"null","null","html-keyboard-response","178","472100","0.0-11.0-0.9","65fad6c874ac75642ffc254b","69de1b11a980ed2dab60a60c","69dfbf73db50084e9ea4c1a0","<p style=""font-size: 60px; font-family: FragmentMono"">XVELSXHO</p>","","","training","","","","","","","",""
"null","null","html-keyboard-response","179","473117","0.0-11.0-0.10","65fad6c874ac75642ffc254b","69de1b11a980ed2dab60a60c","69dfbf73db50084e9ea4c1a0","<p style=""font-size: 60px; font-family: FragmentMono"">OAYAXILS</p>","","","training","","","","","","","",""
"null","null","html-keyboard-response","180","474125","0.0-11.0-0.11","65fad6c874ac75642ffc254b","69de1b11a980ed2dab60a60c","69dfbf73db50084e9ea4c1a0","<p style=""font-size: 60px; font-family: FragmentMono"">PKCBHDXLI</p>","","","training","","","","","","","",""
"null","null","html-keyboard-response","181","475134","0.0-11.0-0.12","65fad6c874ac75642ffc254b","69de1b11a980ed2dab60a60c","69dfbf73db50084e9ea4c1a0","<p style=""font-size: 60px; font-family: FragmentMono"">GEUHQYAHE</p>","","","training","","","","","","","",""
"null","null","html-keyboard-response","182","476136","0.0-11.0-0.13","65fad6c874ac75642ffc254b","69de1b11a980ed2dab60a60c","69dfbf73db50084e9ea4c1a0","<p style=""font-size: 60px; font-family: FragmentMono"">OGDSKSQBU</p>","","","training","","","","","","","",""
"null","null","html-keyboard-response","183","477151","0.0-11.0-0.14","65fad6c874ac75642ffc254b","69de1b11a980ed2dab60a60c","69dfbf73db50084e9ea4c1a0","<p style=""font-size: 60px; font-family: FragmentMono"">XVELSDXLI</p>","","","training","","","","","","","",""
"null","null","html-keyboard-response","184","478152","0.0-11.0-0.15","65fad6c874ac75642ffc254b","69de1b11a980ed2dab60a60c","69dfbf73db50084e9ea4c1a0","<p style=""font-size: 60px; font-family: FragmentMono"">UXVTIXILS</p>","","","training","","","","","","","",""
"null","null","html-keyboard-response","185","479168","0.0-11.0-0.16","65fad6c874ac75642ffc254b","69de1b11a980ed2dab60a60c","69dfbf73db50084e9ea4c1a0","<p style=""font-size: 60px; font-family: FragmentMono"">JKGDSQBU</p>","","","training","","","","","","","",""
"null","null","html-keyboard-response","186","480169","0.0-11.0-0.17","65fad6c874ac75642ffc254b","69de1b11a980ed2dab60a60c","69dfbf73db50084e9ea4c1a0","<p style=""font-size: 60px; font-family: FragmentMono"">EKCYGYAHE</p>","","","training","","","","","","","",""
"null","null","html-keyboard-response","187","481186","0.0-11.0-0.18","65fad6c874ac75642ffc254b","69de1b11a980ed2dab60a60c","69dfbf73db50084e9ea4c1a0","<p style=""font-size: 60px; font-family: FragmentMono"">GUVRZBG</p>","","","training","","","","","","","",""
"null","null","html-keyboard-response","188","482195","0.0-11.0-0.19","65fad6c874ac75642ffc254b","69de1b11a980ed2dab60a60c","69dfbf73db50084e9ea4c1a0","<p style=""font-size: 60px; font-family: FragmentMono"">OAYAXHO</p>","","","training","","","","","","","",""
"null","null","html-keyboard-response","189","483203","0.0-11.0-0.20","65fad6c874ac75642ffc254b","69de1b11a980ed2dab60a60c","69dfbf73db50084e9ea4c1a0","<p style=""font-size: 60px; font-family: FragmentMono"">NOQICAVY</p>","","","training","","","","","","","",""
"null","null","html-keyboard-response","190","484221","0.0-11.0-0.21","65fad6c874ac75642ffc254b","69de1b11a980ed2dab60a60c","69dfbf73db50084e9ea4c1a0","<p style=""font-size: 60px; font-family: FragmentMono"">ILGFCWV</p>","","","training","","","","","","","",""
"null","null","html-keyboard-response","191","485229","0.0-11.0-0.22","65fad6c874ac75642ffc254b","69de1b11a980ed2dab60a60c","69dfbf73db50084e9ea4c1a0","<p style=""font-size: 60px; font-family: FragmentMono"">SCEIXHO</p>","","","training","","","","","","","",""
"null","null","html-keyboard-response","192","486245","0.0-11.0-0.23","65fad6c874ac75642ffc254b","69de1b11a980ed2dab60a60c","69dfbf73db50084e9ea4c1a0","<p style=""font-size: 60px; font-family: FragmentMono"">XUFEZBG</p>","","","training","","","","","","","",""
"null","null","html-keyboard-response","193","487255","0.0-11.0-0.24","65fad6c874ac75642ffc254b","69de1b11a980ed2dab60a60c","69dfbf73db50084e9ea4c1a0","<p style=""font-size: 60px; font-family: FragmentMono"">ULUJXHO</p>","","","training","","","","","","","",""
"null","null","html-keyboard-response","194","488263","0.0-11.0-0.25","65fad6c874ac75642ffc254b","69de1b11a980ed2dab60a60c","69dfbf73db50084e9ea4c1a0","<p style=""font-size: 60px; font-family: FragmentMono"">OAYAPYB</p>","","","training","","","","","","","",""
"null","null","html-keyboard-response","195","489280","0.0-11.0-0.26","65fad6c874ac75642ffc254b","69de1b11a980ed2dab60a60c","69dfbf73db50084e9ea4c1a0","<p style=""font-size: 60px; font-family: FragmentMono"">XUFECAVY</p>","","","training","","","","","","","",""
"null","null","html-keyboard-response","196","490289","0.0-11.0-0.27","65fad6c874ac75642ffc254b","69de1b11a980ed2dab60a60c","69dfbf73db50084e9ea4c1a0","<p style=""font-size: 60px; font-family: FragmentMono"">ILGFPYB</p>","","","training","","","","","","","",""
"null","null","html-keyboard-response","197","491306","0.0-11.0-0.28","65fad6c874ac75642ffc254b","69de1b11a980ed2dab60a60c","69dfbf73db50084e9ea4c1a0","<p style=""font-size: 60px; font-family: FragmentMono"">XVELSXILS</p>","","","training","","","","","","","",""
"null","null","html-keyboard-response","198","492308","0.0-11.0-0.29","65fad6c874ac75642ffc254b","69de1b11a980ed2dab60a60c","69dfbf73db50084e9ea4c1a0","<p style=""font-size: 60px; font-family: FragmentMono"">PKCBHXHO</p>","","","training","","","","","","","",""
"null","null","html-keyboard-response","199","493317","0.0-11.0-0.30","65fad6c874ac75642ffc254b","69de1b11a980ed2dab60a60c","69dfbf73db50084e9ea4c1a0","<p style=""font-size: 60px; font-family: FragmentMono"">XQTKWCWV</p>","","","training","","","","","","","",""
"null","null","html-keyboard-response","200","494322","0.0-11.0-0.31","65fad6c874ac75642ffc254b","69de1b11a980ed2dab60a60c","69dfbf73db50084e9ea4c1a0","<p style=""font-size: 60px; font-family: FragmentMono"">GUVRCAVY</p>","","","training","","","","","","","",""
"null","null","html-keyboard-response","201","495324","0.0-11.0-0.32","65fad6c874ac75642ffc254b","69de1b11a980ed2dab60a60c","69dfbf73db50084e9ea4c1a0","<p style=""font-size: 60px; font-family: FragmentMono"">OGPGLSQBU</p>","","","training","","","","","","","",""
"null","null","html-keyboard-response","202","496340","0.0-11.0-0.33","65fad6c874ac75642ffc254b","69de1b11a980ed2dab60a60c","69dfbf73db50084e9ea4c1a0","<p style=""font-size: 60px; font-family: FragmentMono"">NOQIMWYP</p>","","","training","","","","","","","",""
"null","null","html-keyboard-response","203","497350","0.0-11.0-0.34","65fad6c874ac75642ffc254b","69de1b11a980ed2dab60a60c","69dfbf73db50084e9ea4c1a0","<p style=""font-size: 60px; font-family: FragmentMono"">ULUJXILS</p>","","","training","","","","","","","",""
"null","null","html-keyboard-response","204","498358","0.0-11.0-0.35","65fad6c874ac75642ffc254b","69de1b11a980ed2dab60a60c","69dfbf73db50084e9ea4c1a0","<p style=""font-size: 60px; font-family: FragmentMono"">SCEIPYB</p>","","","training","","","","","","","",""
"null","null","html-keyboard-response","205","499361","0.0-11.0-0.36","65fad6c874ac75642ffc254b","69de1b11a980ed2dab60a60c","69dfbf73db50084e9ea4c1a0","<p style=""font-size: 60px; font-family: FragmentMono"">ILGFXILS</p>","","","training","","","","","","","",""
"null","null","html-keyboard-response","206","500377","0.0-11.0-0.37","65fad6c874ac75642ffc254b","69de1b11a980ed2dab60a60c","69dfbf73db50084e9ea4c1a0","<p style=""font-size: 60px; font-family: FragmentMono"">EKCYGCAVY</p>","","","training","","","","","","","",""
"null","null","html-keyboard-response","207","501391","0.0-11.0-0.38","65fad6c874ac75642ffc254b","69de1b11a980ed2dab60a60c","69dfbf73db50084e9ea4c1a0","<p style=""font-size: 60px; font-family: FragmentMono"">UXVTIDXLI</p>","","","training","","","","","","","",""
"null","null","html-keyboard-response","208","502395","0.0-11.0-0.39","65fad6c874ac75642ffc254b","69de1b11a980ed2dab60a60c","69dfbf73db50084e9ea4c1a0","<p style=""font-size: 60px; font-family: FragmentMono"">XRJWXHO</p>","","","training","","","","","","","",""
"null","null","html-keyboard-response","209","503402","0.0-11.0-0.40","65fad6c874ac75642ffc254b","69de1b11a980ed2dab60a60c","69dfbf73db50084e9ea4c1a0","<p style=""font-size: 60px; font-family: FragmentMono"">GEUHQZBG</p>","","","training","","","","","","","",""
"null","null","html-keyboard-response","210","504403","0.0-11.0-0.41","65fad6c874ac75642ffc254b","69de1b11a980ed2dab60a60c","69dfbf73db50084e9ea4c1a0","<p style=""font-size: 60px; font-family: FragmentMono"">GUVRMWYP</p>","","","training","","","","","","","",""
"null","null","html-keyboard-response","211","505420","0.0-11.0-0.42","65fad6c874ac75642ffc254b","69de1b11a980ed2dab60a60c","69dfbf73db50084e9ea4c1a0","<p style=""font-size: 60px; font-family: FragmentMono"">XQTKWPYB</p>","","","training","","","","","","","",""
"null","null","html-keyboard-response","212","506428","0.0-11.0-0.43","65fad6c874ac75642ffc254b","69de1b11a980ed2dab60a60c","69dfbf73db50084e9ea4c1a0","<p style=""font-size: 60px; font-family: FragmentMono"">XEMOSQBU</p>","","","training","","","","","","","",""
"null","null","html-keyboard-response","213","507435","0.0-11.0-0.44","65fad6c874ac75642ffc254b","69de1b11a980ed2dab60a60c","69dfbf73db50084e9ea4c1a0","<p style=""font-size: 60px; font-family: FragmentMono"">OGPGLMWYP</p>","","","training","","","","","","","",""
"null","null","html-keyboard-response","214","508445","0.0-11.0-0.45","65fad6c874ac75642ffc254b","69de1b11a980ed2dab60a60c","69dfbf73db50084e9ea4c1a0","<p style=""font-size: 60px; font-family: FragmentMono"">XEMOYAHE</p>","","","training","","","","","","","",""
"null","null","html-keyboard-response","215","509450","0.0-11.0-0.46","65fad6c874ac75642ffc254b","69de1b11a980ed2dab60a60c","69dfbf73db50084e9ea4c1a0","<p style=""font-size: 60px; font-family: FragmentMono"">TREHPYB</p>","","","training","","","","","","","",""
"null","null","html-keyboard-response","216","510462","0.0-11.0-0.47","65fad6c874ac75642ffc254b","69de1b11a980ed2dab60a60c","69dfbf73db50084e9ea4c1a0","<p style=""font-size: 60px; font-family: FragmentMono"">XRJWXILS</p>","","","training","","","","","","","",""
"null","null","html-keyboard-response","217","511472","0.0-11.0-0.48","65fad6c874ac75642ffc254b","69de1b11a980ed2dab60a60c","69dfbf73db50084e9ea4c1a0","<p style=""font-size: 60px; font-family: FragmentMono"">XFSVZBG</p>","","","training","","","","","","","",""
"null","null","html-keyboard-response","218","512482","0.0-11.0-0.49","65fad6c874ac75642ffc254b","69de1b11a980ed2dab60a60c","69dfbf73db50084e9ea4c1a0","<p style=""font-size: 60px; font-family: FragmentMono"">SCEIXILS</p>","","","training","","","","","","","",""
"null","null","html-keyboard-response","219","513490","0.0-11.0-0.50","65fad6c874ac75642ffc254b","69de1b11a980ed2dab60a60c","69dfbf73db50084e9ea4c1a0","<p style=""font-size: 60px; font-family: FragmentMono"">UXVTIXHO</p>","","","training","","","","","","","",""
"null","null","html-keyboard-response","220","514497","0.0-11.0-0.51","65fad6c874ac75642ffc254b","69de1b11a980ed2dab60a60c","69dfbf73db50084e9ea4c1a0","<p style=""font-size: 60px; font-family: FragmentMono"">GEUHQSQBU</p>","","","training","","","","","","","",""
"null","null","html-keyboard-response","221","515499","0.0-11.0-0.52","65fad6c874ac75642ffc254b","69de1b11a980ed2dab60a60c","69dfbf73db50084e9ea4c1a0","<p style=""font-size: 60px; font-family: FragmentMono"">XEMOMWYP</p>","","","training","","","","","","","",""
"null","null","html-keyboard-response","222","516516","0.0-11.0-0.53","65fad6c874ac75642ffc254b","69de1b11a980ed2dab60a60c","69dfbf73db50084e9ea4c1a0","<p style=""font-size: 60px; font-family: FragmentMono"">TREHXILS</p>","","","training","","","","","","","",""
"null","null","html-keyboard-response","223","517533","0.0-11.0-0.54","65fad6c874ac75642ffc254b","69de1b11a980ed2dab60a60c","69dfbf73db50084e9ea4c1a0","<p style=""font-size: 60px; font-family: FragmentMono"">XQTKWDXLI</p>","","","training","","","","","","","",""
"null","null","html-keyboard-response","224","518544","0.0-11.0-0.55","65fad6c874ac75642ffc254b","69de1b11a980ed2dab60a60c","69dfbf73db50084e9ea4c1a0","<p style=""font-size: 60px; font-family: FragmentMono"">GUVRSQBU</p>","","","training","","","","","","","",""
"null","null","html-keyboard-response","225","519550","0.0-11.0-0.56","65fad6c874ac75642ffc254b","69de1b11a980ed2dab60a60c","69dfbf73db50084e9ea4c1a0","<p style=""font-size: 60px; font-family: FragmentMono"">OGDSKYAHE</p>","","","training","","","","","","","",""
"null","null","html-keyboard-response","226","520554","0.0-11.0-0.57","65fad6c874ac75642ffc254b","69de1b11a980ed2dab60a60c","69dfbf73db50084e9ea4c1a0","<p style=""font-size: 60px; font-family: FragmentMono"">XRJWCWV</p>","","","training","","","","","","","",""
"null","null","html-keyboard-response","227","521560","0.0-11.0-0.58","65fad6c874ac75642ffc254b","69de1b11a980ed2dab60a60c","69dfbf73db50084e9ea4c1a0","<p style=""font-size: 60px; font-family: FragmentMono"">XQTKWXHO</p>","","","training","","","","","","","",""
"null","null","html-keyboard-response","228","522582","0.0-11.0-0.59","65fad6c874ac75642ffc254b","69de1b11a980ed2dab60a60c","69dfbf73db50084e9ea4c1a0","<p style=""font-size: 60px; font-family: FragmentMono"">TREHCWV</p>","","","training","","","","","","","",""
"null","null","html-keyboard-response","229","523589","0.0-11.0-0.60","65fad6c874ac75642ffc254b","69de1b11a980ed2dab60a60c","69dfbf73db50084e9ea4c1a0","<p style=""font-size: 60px; font-family: FragmentMono"">NOQIZBG</p>","","","training","","","","","","","",""
"null","null","html-keyboard-response","230","524607","0.0-11.0-0.61","65fad6c874ac75642ffc254b","69de1b11a980ed2dab60a60c","69dfbf73db50084e9ea4c1a0","<p style=""font-size: 60px; font-family: FragmentMono"">PKCBHCWV</p>","","","training","","","","","","","",""
"null","null","html-keyboard-response","231","525623","0.0-11.0-0.62","65fad6c874ac75642ffc254b","69de1b11a980ed2dab60a60c","69dfbf73db50084e9ea4c1a0","<p style=""font-size: 60px; font-family: FragmentMono"">XFSVYAHE</p>","","","training","","","","","","","",""
"null","null","html-keyboard-response","232","526626","0.0-11.0-0.63","65fad6c874ac75642ffc254b","69de1b11a980ed2dab60a60c","69dfbf73db50084e9ea4c1a0","<p style=""font-size: 60px; font-family: FragmentMono"">OGPGLCAVY</p>","","","training","","","","","","","",""
"null","null","html-keyboard-response","233","527641","0.0-11.0-0.64","65fad6c874ac75642ffc254b","69de1b11a980ed2dab60a60c","69dfbf73db50084e9ea4c1a0","<p style=""font-size: 60px; font-family: FragmentMono"">NOQIYAHE</p>","","","training","","","","","","","",""
"null","null","html-keyboard-response","234","528644","0.0-11.0-0.65","65fad6c874ac75642ffc254b","69de1b11a980ed2dab60a60c","69dfbf73db50084e9ea4c1a0","<p style=""font-size: 60px; font-family: FragmentMono"">OGDSKCAVY</p>","","","training","","","","","","","",""
"null","null","html-keyboard-response","235","529647","0.0-11.0-0.66","65fad6c874ac75642ffc254b","69de1b11a980ed2dab60a60c","69dfbf73db50084e9ea4c1a0","<p style=""font-size: 60px; font-family: FragmentMono"">PKCBHPYB</p>","","","training","","","","","","","",""
"null","null","html-keyboard-response","236","530649","0.0-11.0-0.67","65fad6c874ac75642ffc254b","69de1b11a980ed2dab60a60c","69dfbf73db50084e9ea4c1a0","<p style=""font-size: 60px; font-family: FragmentMono"">OGDSKZBG</p>","","","training","","","","","","","",""
"null","null","html-keyboard-response","237","531658","0.0-11.0-0.68","65fad6c874ac75642ffc254b","69de1b11a980ed2dab60a60c","69dfbf73db50084e9ea4c1a0","<p style=""font-size: 60px; font-family: FragmentMono"">ULUJDXLI</p>","","","training","","","","","","","",""
"null","null","html-keyboard-response","238","532662","0.0-11.0-0.69","65fad6c874ac75642ffc254b","69de1b11a980ed2dab60a60c","69dfbf73db50084e9ea4c1a0","<p style=""font-size: 60px; font-family: FragmentMono"">GEUHQMWYP</p>","","","training","","","","","","","",""
"null","null","html-keyboard-response","239","533678","0.0-11.0-0.70","65fad6c874ac75642ffc254b","69de1b11a980ed2dab60a60c","69dfbf73db50084e9ea4c1a0","<p style=""font-size: 60px; font-family: FragmentMono"">XVELSCWV</p>","","","training","","","","","","","",""
"null","null","html-keyboard-response","240","534686","0.0-11.0-0.71","65fad6c874ac75642ffc254b","69de1b11a980ed2dab60a60c","69dfbf73db50084e9ea4c1a0","<p style=""font-size: 60px; font-family: FragmentMono"">XUFEYAHE</p>","","","training","","","","","","","",""
"null","null","html-keyboard-response","241","535696","0.0-11.0-0.72","65fad6c874ac75642ffc254b","69de1b11a980ed2dab60a60c","69dfbf73db50084e9ea4c1a0","<p style=""font-size: 60px; font-family: FragmentMono"">SCEIDXLI</p>","","","training","","","","","","","",""
"null","null","html-keyboard-response","242","536712","0.0-11.0-0.73","65fad6c874ac75642ffc254b","69de1b11a980ed2dab60a60c","69dfbf73db50084e9ea4c1a0","<p style=""font-size: 60px; font-family: FragmentMono"">XRJWPYB</p>","","","training","","","","","","","",""
"null","null","html-keyboard-response","243","537721","0.0-11.0-0.74","65fad6c874ac75642ffc254b","69de1b11a980ed2dab60a60c","69dfbf73db50084e9ea4c1a0","<p style=""font-size: 60px; font-family: FragmentMono"">XFSVCAVY</p>","","","training","","","","","","","",""
"null","null","html-keyboard-response","244","538737","0.0-11.0-0.75","65fad6c874ac75642ffc254b","69de1b11a980ed2dab60a60c","69dfbf73db50084e9ea4c1a0","<p style=""font-size: 60px; font-family: FragmentMono"">UXVTICWV</p>","","","training","","","","","","","",""
"null","null","html-keyboard-response","245","539747","0.0-11.0-0.76","65fad6c874ac75642ffc254b","69de1b11a980ed2dab60a60c","69dfbf73db50084e9ea4c1a0","<p style=""font-size: 60px; font-family: FragmentMono"">ILGFDXLI</p>","","","training","","","","","","","",""
"null","null","html-keyboard-response","246","540764","0.0-11.0-0.77","65fad6c874ac75642ffc254b","69de1b11a980ed2dab60a60c","69dfbf73db50084e9ea4c1a0","<p style=""font-size: 60px; font-family: FragmentMono"">OAYACWV</p>","","","training","","","","","","","",""
"null","null","html-keyboard-response","247","541781","0.0-11.0-0.78","65fad6c874ac75642ffc254b","69de1b11a980ed2dab60a60c","69dfbf73db50084e9ea4c1a0","<p style=""font-size: 60px; font-family: FragmentMono"">XUFESQBU</p>","","","training","","","","","","","",""
"null","null","html-keyboard-response","248","542798","0.0-11.0-0.79","65fad6c874ac75642ffc254b","69de1b11a980ed2dab60a60c","69dfbf73db50084e9ea4c1a0","<p style=""font-size: 60px; font-family: FragmentMono"">JKGDZBG</p>","","","training","","","","","","","",""
"5721"," ","html-keyboard-response","249","548520","0.0-12.0","65fad6c874ac75642ffc254b","69de1b11a980ed2dab60a60c","69dfbf73db50084e9ea4c1a0","<p style=""font-size: 30px"">Great, you've seen the third block of words. You may now take a short break.</p>
      <p style=""font-size: 30px"">Press the spacebar when you're ready to continue.</p>","","","","","","","","","","",""
"null","null","html-keyboard-response","250","549533","0.0-13.0-0.0","65fad6c874ac75642ffc254b","69de1b11a980ed2dab60a60c","69dfbf73db50084e9ea4c1a0","<p style=""font-size: 60px; font-family: FragmentMono"">XRJWXHO</p>","","","training","","","","","","","",""
"null","null","html-keyboard-response","251","550539","0.0-13.0-0.1","65fad6c874ac75642ffc254b","69de1b11a980ed2dab60a60c","69dfbf73db50084e9ea4c1a0","<p style=""font-size: 60px; font-family: FragmentMono"">XQTKWCWV</p>","","","training","","","","","","","",""
"null","null","html-keyboard-response","252","551544","0.0-13.0-0.2","65fad6c874ac75642ffc254b","69de1b11a980ed2dab60a60c","69dfbf73db50084e9ea4c1a0","<p style=""font-size: 60px; font-family: FragmentMono"">SCEIDXLI</p>","","","training","","","","","","","",""
"null","null","html-keyboard-response","253","552560","0.0-13.0-0.3","65fad6c874ac75642ffc254b","69de1b11a980ed2dab60a60c","69dfbf73db50084e9ea4c1a0","<p style=""font-size: 60px; font-family: FragmentMono"">OGDSKSQBU</p>","","","training","","","","","","","",""
"null","null","html-keyboard-response","254","553565","0.0-13.0-0.4","65fad6c874ac75642ffc254b","69de1b11a980ed2dab60a60c","69dfbf73db50084e9ea4c1a0","<p style=""font-size: 60px; font-family: FragmentMono"">PKCBHPYB</p>","","","training","","","","","","","",""
"null","null","html-keyboard-response","255","554566","0.0-13.0-0.5","65fad6c874ac75642ffc254b","69de1b11a980ed2dab60a60c","69dfbf73db50084e9ea4c1a0","<p style=""font-size: 60px; font-family: FragmentMono"">XRJWCWV</p>","","","training","","","","","","","",""
"null","null","html-keyboard-response","256","555569","0.0-13.0-0.6","65fad6c874ac75642ffc254b","69de1b11a980ed2dab60a60c","69dfbf73db50084e9ea4c1a0","<p style=""font-size: 60px; font-family: FragmentMono"">XEMOYAHE</p>","","","training","","","","","","","",""
"null","null","html-keyboard-response","257","556571","0.0-13.0-0.7","65fad6c874ac75642ffc254b","69de1b11a980ed2dab60a60c","69dfbf73db50084e9ea4c1a0","<p style=""font-size: 60px; font-family: FragmentMono"">NOQIMWYP</p>","","","training","","","","","","","",""
"null","null","html-keyboard-response","258","557579","0.0-13.0-0.8","65fad6c874ac75642ffc254b","69de1b11a980ed2dab60a60c","69dfbf73db50084e9ea4c1a0","<p style=""font-size: 60px; font-family: FragmentMono"">XEMOZBG</p>","","","training","","","","","","","",""
"null","null","html-keyboard-response","259","558592","0.0-13.0-0.9","65fad6c874ac75642ffc254b","69de1b11a980ed2dab60a60c","69dfbf73db50084e9ea4c1a0","<p style=""font-size: 60px; font-family: FragmentMono"">EKCYGMWYP</p>","","","training","","","","","","","",""
"null","null","html-keyboard-response","260","559598","0.0-13.0-0.10","65fad6c874ac75642ffc254b","69de1b11a980ed2dab60a60c","69dfbf73db50084e9ea4c1a0","<p style=""font-size: 60px; font-family: FragmentMono"">XFSVZBG</p>","","","training","","","","","","","",""
"null","null","html-keyboard-response","261","560610","0.0-13.0-0.11","65fad6c874ac75642ffc254b","69de1b11a980ed2dab60a60c","69dfbf73db50084e9ea4c1a0","<p style=""font-size: 60px; font-family: FragmentMono"">UXVTIDXLI</p>","","","training","","","","","","","",""
"null","null","html-keyboard-response","262","561621","0.0-13.0-0.12","65fad6c874ac75642ffc254b","69de1b11a980ed2dab60a60c","69dfbf73db50084e9ea4c1a0","<p style=""font-size: 60px; font-family: FragmentMono"">OAYAXHO</p>","","","training","","","","","","","",""
"null","null","html-keyboard-response","263","562637","0.0-13.0-0.13","65fad6c874ac75642ffc254b","69de1b11a980ed2dab60a60c","69dfbf73db50084e9ea4c1a0","<p style=""font-size: 60px; font-family: FragmentMono"">JKGDZBG</p>","","","training","","","","","","","",""
"null","null","html-keyboard-response","264","563651","0.0-13.0-0.14","65fad6c874ac75642ffc254b","69de1b11a980ed2dab60a60c","69dfbf73db50084e9ea4c1a0","<p style=""font-size: 60px; font-family: FragmentMono"">ILGFPYB</p>","","","training","","","","","","","",""
"null","null","html-keyboard-response","265","564658","0.0-13.0-0.15","65fad6c874ac75642ffc254b","69de1b11a980ed2dab60a60c","69dfbf73db50084e9ea4c1a0","<p style=""font-size: 60px; font-family: FragmentMono"">GUVRSQBU</p>","","","training","","","","","","","",""
"null","null","html-keyboard-response","266","565675","0.0-13.0-0.16","65fad6c874ac75642ffc254b","69de1b11a980ed2dab60a60c","69dfbf73db50084e9ea4c1a0","<p style=""font-size: 60px; font-family: FragmentMono"">XVELSXILS</p>","","","training","","","","","","","",""
"null","null","html-keyboard-response","267","566689","0.0-13.0-0.17","65fad6c874ac75642ffc254b","69de1b11a980ed2dab60a60c","69dfbf73db50084e9ea4c1a0","<p style=""font-size: 60px; font-family: FragmentMono"">EKCYGYAHE</p>","","","training","","","","","","","",""
"null","null","html-keyboard-response","268","567699","0.0-13.0-0.18","65fad6c874ac75642ffc254b","69de1b11a980ed2dab60a60c","69dfbf73db50084e9ea4c1a0","<p style=""font-size: 60px; font-family: FragmentMono"">XRJWXILS</p>","","","training","","","","","","","",""
"null","null","html-keyboard-response","269","568716","0.0-13.0-0.19","65fad6c874ac75642ffc254b","69de1b11a980ed2dab60a60c","69dfbf73db50084e9ea4c1a0","<p style=""font-size: 60px; font-family: FragmentMono"">SCEIXHO</p>","","","training","","","","","","","",""
"null","null","html-keyboard-response","270","569719","0.0-13.0-0.20","65fad6c874ac75642ffc254b","69de1b11a980ed2dab60a60c","69dfbf73db50084e9ea4c1a0","<p style=""font-size: 60px; font-family: FragmentMono"">GUVRCAVY</p>","","","training","","","","","","","",""
"null","null","html-keyboard-response","271","570725","0.0-13.0-0.21","65fad6c874ac75642ffc254b","69de1b11a980ed2dab60a60c","69dfbf73db50084e9ea4c1a0","<p style=""font-size: 60px; font-family: FragmentMono"">EKCYGSQBU</p>","","","training","","","","","","","",""
"null","null","html-keyboard-response","272","571742","0.0-13.0-0.22","65fad6c874ac75642ffc254b","69de1b11a980ed2dab60a60c","69dfbf73db50084e9ea4c1a0","<p style=""font-size: 60px; font-family: FragmentMono"">PKCBHXHO</p>","","","training","","","","","","","",""
"null","null","html-keyboard-response","273","572751","0.0-13.0-0.23","65fad6c874ac75642ffc254b","69de1b11a980ed2dab60a60c","69dfbf73db50084e9ea4c1a0","<p style=""font-size: 60px; font-family: FragmentMono"">ULUJXILS</p>","","","training","","","","","","","",""
"null","null","html-keyboard-response","274","573761","0.0-13.0-0.24","65fad6c874ac75642ffc254b","69de1b11a980ed2dab60a60c","69dfbf73db50084e9ea4c1a0","<p style=""font-size: 60px; font-family: FragmentMono"">OGDSKZBG</p>","","","training","","","","","","","",""
"null","null","html-keyboard-response","275","574778","0.0-13.0-0.25","65fad6c874ac75642ffc254b","69de1b11a980ed2dab60a60c","69dfbf73db50084e9ea4c1a0","<p style=""font-size: 60px; font-family: FragmentMono"">GEUHQSQBU</p>","","","training","","","","","","","",""
"null","null","html-keyboard-response","276","575793","0.0-13.0-0.26","65fad6c874ac75642ffc254b","69de1b11a980ed2dab60a60c","69dfbf73db50084e9ea4c1a0","<p style=""font-size: 60px; font-family: FragmentMono"">XQTKWDXLI</p>","","","training","","","","","","","",""
"null","null","html-keyboard-response","277","576809","0.0-13.0-0.27","65fad6c874ac75642ffc254b","69de1b11a980ed2dab60a60c","69dfbf73db50084e9ea4c1a0","<p style=""font-size: 60px; font-family: FragmentMono"">SCEIPYB</p>","","","training","","","","","","","",""
"null","null","html-keyboard-response","278","577812","0.0-13.0-0.28","65fad6c874ac75642ffc254b","69de1b11a980ed2dab60a60c","69dfbf73db50084e9ea4c1a0","<p style=""font-size: 60px; font-family: FragmentMono"">ULUJXHO</p>","","","training","","","","","","","",""
"null","null","html-keyboard-response","279","578828","0.0-13.0-0.29","65fad6c874ac75642ffc254b","69de1b11a980ed2dab60a60c","69dfbf73db50084e9ea4c1a0","<p style=""font-size: 60px; font-family: FragmentMono"">TREHPYB</p>","","","training","","","","","","","",""
"null","null","html-keyboard-response","280","579843","0.0-13.0-0.30","65fad6c874ac75642ffc254b","69de1b11a980ed2dab60a60c","69dfbf73db50084e9ea4c1a0","<p style=""font-size: 60px; font-family: FragmentMono"">UXVTICWV</p>","","","training","","","","","","","",""
"null","null","html-keyboard-response","281","580861","0.0-13.0-0.31","65fad6c874ac75642ffc254b","69de1b11a980ed2dab60a60c","69dfbf73db50084e9ea4c1a0","<p style=""font-size: 60px; font-family: FragmentMono"">OAYAXILS</p>","","","training","","","","","","","",""
"null","null","html-keyboard-response","282","581872","0.0-13.0-0.32","65fad6c874ac75642ffc254b","69de1b11a980ed2dab60a60c","69dfbf73db50084e9ea4c1a0","<p style=""font-size: 60px; font-family: FragmentMono"">JKGDMWYP</p>","","","training","","","","","","","",""
"null","null","html-keyboard-response","283","582888","0.0-13.0-0.33","65fad6c874ac75642ffc254b","69de1b11a980ed2dab60a60c","69dfbf73db50084e9ea4c1a0","<p style=""font-size: 60px; font-family: FragmentMono"">ILGFCWV</p>","","","training","","","","","","","",""
"null","null","html-keyboard-response","284","583905","0.0-13.0-0.34","65fad6c874ac75642ffc254b","69de1b11a980ed2dab60a60c","69dfbf73db50084e9ea4c1a0","<p style=""font-size: 60px; font-family: FragmentMono"">TREHXILS</p>","","","training","","","","","","","",""
"null","null","html-keyboard-response","285","584912","0.0-13.0-0.35","65fad6c874ac75642ffc254b","69de1b11a980ed2dab60a60c","69dfbf73db50084e9ea4c1a0","<p style=""font-size: 60px; font-family: FragmentMono"">OGPGLMWYP</p>","","","training","","","","","","","",""
"null","null","html-keyboard-response","286","585913","0.0-13.0-0.36","65fad6c874ac75642ffc254b","69de1b11a980ed2dab60a60c","69dfbf73db50084e9ea4c1a0","<p style=""font-size: 60px; font-family: FragmentMono"">XEMOSQBU</p>","","","training","","","","","","","",""
"null","null","html-keyboard-response","287","586914","0.0-13.0-0.37","65fad6c874ac75642ffc254b","69de1b11a980ed2dab60a60c","69dfbf73db50084e9ea4c1a0","<p style=""font-size: 60px; font-family: FragmentMono"">XFSVYAHE</p>","","","training","","","","","","","",""
"null","null","html-keyboard-response","288","587918","0.0-13.0-0.38","65fad6c874ac75642ffc254b","69de1b11a980ed2dab60a60c","69dfbf73db50084e9ea4c1a0","<p style=""font-size: 60px; font-family: FragmentMono"">OGDSKCAVY</p>","","","training","","","","","","","",""
"null","null","html-keyboard-response","289","588931","0.0-13.0-0.39","65fad6c874ac75642ffc254b","69de1b11a980ed2dab60a60c","69dfbf73db50084e9ea4c1a0","<p style=""font-size: 60px; font-family: FragmentMono"">ULUJDXLI</p>","","","training","","","","","","","",""
"null","null","html-keyboard-response","290","589941","0.0-13.0-0.40","65fad6c874ac75642ffc254b","69de1b11a980ed2dab60a60c","69dfbf73db50084e9ea4c1a0","<p style=""font-size: 60px; font-family: FragmentMono"">GEUHQMWYP</p>","","","training","","","","","","","",""
"null","null","html-keyboard-response","291","590957","0.0-13.0-0.41","65fad6c874ac75642ffc254b","69de1b11a980ed2dab60a60c","69dfbf73db50084e9ea4c1a0","<p style=""font-size: 60px; font-family: FragmentMono"">PKCBHCWV</p>","","","training","","","","","","","",""
"null","null","html-keyboard-response","292","591966","0.0-13.0-0.42","65fad6c874ac75642ffc254b","69de1b11a980ed2dab60a60c","69dfbf73db50084e9ea4c1a0","<p style=""font-size: 60px; font-family: FragmentMono"">TREHDXLI</p>","","","training","","","","","","","",""
"null","null","html-keyboard-response","293","592983","0.0-13.0-0.43","65fad6c874ac75642ffc254b","69de1b11a980ed2dab60a60c","69dfbf73db50084e9ea4c1a0","<p style=""font-size: 60px; font-family: FragmentMono"">OGDSKYAHE</p>","","","training","","","","","","","",""
"null","null","html-keyboard-response","294","593998","0.0-13.0-0.44","65fad6c874ac75642ffc254b","69de1b11a980ed2dab60a60c","69dfbf73db50084e9ea4c1a0","<p style=""font-size: 60px; font-family: FragmentMono"">XFSVCAVY</p>","","","training","","","","","","","",""
"null","null","html-keyboard-response","295","595010","0.0-13.0-0.45","65fad6c874ac75642ffc254b","69de1b11a980ed2dab60a60c","69dfbf73db50084e9ea4c1a0","<p style=""font-size: 60px; font-family: FragmentMono"">ILGFDXLI</p>","","","training","","","","","","","",""
"null","null","html-keyboard-response","296","596026","0.0-13.0-0.46","65fad6c874ac75642ffc254b","69de1b11a980ed2dab60a60c","69dfbf73db50084e9ea4c1a0","<p style=""font-size: 60px; font-family: FragmentMono"">XQTKWPYB</p>","","","training","","","","","","","",""
"null","null","html-keyboard-response","297","597035","0.0-13.0-0.47","65fad6c874ac75642ffc254b","69de1b11a980ed2dab60a60c","69dfbf73db50084e9ea4c1a0","<p style=""font-size: 60px; font-family: FragmentMono"">JKGDSQBU</p>","","","training","","","","","","","",""
"null","null","html-keyboard-response","298","598045","0.0-13.0-0.48","65fad6c874ac75642ffc254b","69de1b11a980ed2dab60a60c","69dfbf73db50084e9ea4c1a0","<p style=""font-size: 60px; font-family: FragmentMono"">OAYAPYB</p>","","","training","","","","","","","",""
"null","null","html-keyboard-response","299","599053","0.0-13.0-0.49","65fad6c874ac75642ffc254b","69de1b11a980ed2dab60a60c","69dfbf73db50084e9ea4c1a0","<p style=""font-size: 60px; font-family: FragmentMono"">XUFEYAHE</p>","","","training","","","","","","","",""
"null","null","html-keyboard-response","300","600066","0.0-13.0-0.50","65fad6c874ac75642ffc254b","69de1b11a980ed2dab60a60c","69dfbf73db50084e9ea4c1a0","<p style=""font-size: 60px; font-family: FragmentMono"">OAYACWV</p>","","","training","","","","","","","",""
"null","null","html-keyboard-response","301","601076","0.0-13.0-0.51","65fad6c874ac75642ffc254b","69de1b11a980ed2dab60a60c","69dfbf73db50084e9ea4c1a0","<p style=""font-size: 60px; font-family: FragmentMono"">GEUHQZBG</p>","","","training","","","","","","","",""
"null","null","html-keyboard-response","302","602083","0.0-13.0-0.52","65fad6c874ac75642ffc254b","69de1b11a980ed2dab60a60c","69dfbf73db50084e9ea4c1a0","<p style=""font-size: 60px; font-family: FragmentMono"">UXVTIXHO</p>","","","training","","","","","","","",""
"null","null","html-keyboard-response","303","603090","0.0-13.0-0.53","65fad6c874ac75642ffc254b","69de1b11a980ed2dab60a60c","69dfbf73db50084e9ea4c1a0","<p style=""font-size: 60px; font-family: FragmentMono"">OGPGLCAVY</p>","","","training","","","","","","","",""
"null","null","html-keyboard-response","304","604107","0.0-13.0-0.54","65fad6c874ac75642ffc254b","69de1b11a980ed2dab60a60c","69dfbf73db50084e9ea4c1a0","<p style=""font-size: 60px; font-family: FragmentMono"">XUFEZBG</p>","","","training","","","","","","","",""
"null","null","html-keyboard-response","305","605122","0.0-13.0-0.55","65fad6c874ac75642ffc254b","69de1b11a980ed2dab60a60c","69dfbf73db50084e9ea4c1a0","<p style=""font-size: 60px; font-family: FragmentMono"">EKCYGCAVY</p>","","","training","","","","","","","",""
"null","null","html-keyboard-response","306","606132","0.0-13.0-0.56","65fad6c874ac75642ffc254b","69de1b11a980ed2dab60a60c","69dfbf73db50084e9ea4c1a0","<p style=""font-size: 60px; font-family: FragmentMono"">NOQIZBG</p>","","","training","","","","","","","",""
"null","null","html-keyboard-response","307","607147","0.0-13.0-0.57","65fad6c874ac75642ffc254b","69de1b11a980ed2dab60a60c","69dfbf73db50084e9ea4c1a0","<p style=""font-size: 60px; font-family: FragmentMono"">XRJWPYB</p>","","","training","","","","","","","",""
"null","null","html-keyboard-response","308","608157","0.0-13.0-0.58","65fad6c874ac75642ffc254b","69de1b11a980ed2dab60a60c","69dfbf73db50084e9ea4c1a0","<p style=""font-size: 60px; font-family: FragmentMono"">JKGDCAVY</p>","","","training","","","","","","","",""
"null","null","html-keyboard-response","309","609164","0.0-13.0-0.59","65fad6c874ac75642ffc254b","69de1b11a980ed2dab60a60c","69dfbf73db50084e9ea4c1a0","<p style=""font-size: 60px; font-family: FragmentMono"">XVELSCWV</p>","","","training","","","","","","","",""
"null","null","html-keyboard-response","310","610174","0.0-13.0-0.60","65fad6c874ac75642ffc254b","69de1b11a980ed2dab60a60c","69dfbf73db50084e9ea4c1a0","<p style=""font-size: 60px; font-family: FragmentMono"">UXVTIXILS</p>","","","training","","","","","","","",""
"null","null","html-keyboard-response","311","611189","0.0-13.0-0.61","65fad6c874ac75642ffc254b","69de1b11a980ed2dab60a60c","69dfbf73db50084e9ea4c1a0","<p style=""font-size: 60px; font-family: FragmentMono"">XUFESQBU</p>","","","training","","","","","","","",""
"null","null","html-keyboard-response","312","612199","0.0-13.0-0.62","65fad6c874ac75642ffc254b","69de1b11a980ed2dab60a60c","69dfbf73db50084e9ea4c1a0","<p style=""font-size: 60px; font-family: FragmentMono"">XEMOMWYP</p>","","","training","","","","","","","",""
"null","null","html-keyboard-response","313","613210","0.0-13.0-0.63","65fad6c874ac75642ffc254b","69de1b11a980ed2dab60a60c","69dfbf73db50084e9ea4c1a0","<p style=""font-size: 60px; font-family: FragmentMono"">NOQICAVY</p>","","","training","","","","","","","",""
"null","null","html-keyboard-response","314","614225","0.0-13.0-0.64","65fad6c874ac75642ffc254b","69de1b11a980ed2dab60a60c","69dfbf73db50084e9ea4c1a0","<p style=""font-size: 60px; font-family: FragmentMono"">XVELSDXLI</p>","","","training","","","","","","","",""
"null","null","html-keyboard-response","315","615231","0.0-13.0-0.65","65fad6c874ac75642ffc254b","69de1b11a980ed2dab60a60c","69dfbf73db50084e9ea4c1a0","<p style=""font-size: 60px; font-family: FragmentMono"">XUFECAVY</p>","","","training","","","","","","","",""
"null","null","html-keyboard-response","316","616234","0.0-13.0-0.66","65fad6c874ac75642ffc254b","69de1b11a980ed2dab60a60c","69dfbf73db50084e9ea4c1a0","<p style=""font-size: 60px; font-family: FragmentMono"">PKCBHDXLI</p>","","","training","","","","","","","",""
"null","null","html-keyboard-response","317","617251","0.0-13.0-0.67","65fad6c874ac75642ffc254b","69de1b11a980ed2dab60a60c","69dfbf73db50084e9ea4c1a0","<p style=""font-size: 60px; font-family: FragmentMono"">XFSVMWYP</p>","","","training","","","","","","","",""
"null","null","html-keyboard-response","318","618268","0.0-13.0-0.68","65fad6c874ac75642ffc254b","69de1b11a980ed2dab60a60c","69dfbf73db50084e9ea4c1a0","<p style=""font-size: 60px; font-family: FragmentMono"">GUVRZBG</p>","","","training","","","","","","","",""
"null","null","html-keyboard-response","319","619276","0.0-13.0-0.69","65fad6c874ac75642ffc254b","69de1b11a980ed2dab60a60c","69dfbf73db50084e9ea4c1a0","<p style=""font-size: 60px; font-family: FragmentMono"">SCEIXILS</p>","","","training","","","","","","","",""
"null","null","html-keyboard-response","320","620293","0.0-13.0-0.70","65fad6c874ac75642ffc254b","69de1b11a980ed2dab60a60c","69dfbf73db50084e9ea4c1a0","<p style=""font-size: 60px; font-family: FragmentMono"">OGPGLYAHE</p>","","","training","","","","","","","",""
"null","null","html-keyboard-response","321","621302","0.0-13.0-0.71","65fad6c874ac75642ffc254b","69de1b11a980ed2dab60a60c","69dfbf73db50084e9ea4c1a0","<p style=""font-size: 60px; font-family: FragmentMono"">GUVRMWYP</p>","","","training","","","","","","","",""
"null","null","html-keyboard-response","322","622311","0.0-13.0-0.72","65fad6c874ac75642ffc254b","69de1b11a980ed2dab60a60c","69dfbf73db50084e9ea4c1a0","<p style=""font-size: 60px; font-family: FragmentMono"">ULUJPYB</p>","","","training","","","","","","","",""
"null","null","html-keyboard-response","323","623327","0.0-13.0-0.73","65fad6c874ac75642ffc254b","69de1b11a980ed2dab60a60c","69dfbf73db50084e9ea4c1a0","<p style=""font-size: 60px; font-family: FragmentMono"">ILGFXILS</p>","","","training","","","","","","","",""
"null","null","html-keyboard-response","324","624337","0.0-13.0-0.74","65fad6c874ac75642ffc254b","69de1b11a980ed2dab60a60c","69dfbf73db50084e9ea4c1a0","<p style=""font-size: 60px; font-family: FragmentMono"">NOQIYAHE</p>","","","training","","","","","","","",""
"null","null","html-keyboard-response","325","625354","0.0-13.0-0.75","65fad6c874ac75642ffc254b","69de1b11a980ed2dab60a60c","69dfbf73db50084e9ea4c1a0","<p style=""font-size: 60px; font-family: FragmentMono"">OGPGLSQBU</p>","","","training","","","","","","","",""
"null","null","html-keyboard-response","326","626363","0.0-13.0-0.76","65fad6c874ac75642ffc254b","69de1b11a980ed2dab60a60c","69dfbf73db50084e9ea4c1a0","<p style=""font-size: 60px; font-family: FragmentMono"">GEUHQYAHE</p>","","","training","","","","","","","",""
"null","null","html-keyboard-response","327","627364","0.0-13.0-0.77","65fad6c874ac75642ffc254b","69de1b11a980ed2dab60a60c","69dfbf73db50084e9ea4c1a0","<p style=""font-size: 60px; font-family: FragmentMono"">XQTKWXHO</p>","","","training","","","","","","","",""
"null","null","html-keyboard-response","328","628379","0.0-13.0-0.78","65fad6c874ac75642ffc254b","69de1b11a980ed2dab60a60c","69dfbf73db50084e9ea4c1a0","<p style=""font-size: 60px; font-family: FragmentMono"">TREHCWV</p>","","","training","","","","","","","",""
"null","null","html-keyboard-response","329","629381","0.0-13.0-0.79","65fad6c874ac75642ffc254b","69de1b11a980ed2dab60a60c","69dfbf73db50084e9ea4c1a0","<p style=""font-size: 60px; font-family: FragmentMono"">XVELSXHO</p>","","","training","","","","","","","",""
"121425"," ","html-keyboard-response","330","750793","0.0-14.0","65fad6c874ac75642ffc254b","69de1b11a980ed2dab60a60c","69dfbf73db50084e9ea4c1a0","<p style=""font-size: 30px"">Great, you've seen the fourth block of words. You may now take a short break.</p>
      <p style=""font-size: 30px"">Press the spacebar when you're ready to continue.</p>","","","","","","","","","","",""
"null","null","html-keyboard-response","331","751798","0.0-15.0-0.0","65fad6c874ac75642ffc254b","69de1b11a980ed2dab60a60c","69dfbf73db50084e9ea4c1a0","<p style=""font-size: 60px; font-family: FragmentMono"">UXVTIXHO</p>","","","training","","","","","","","",""
"null","null","html-keyboard-response","332","752812","0.0-15.0-0.1","65fad6c874ac75642ffc254b","69de1b11a980ed2dab60a60c","69dfbf73db50084e9ea4c1a0","<p style=""font-size: 60px; font-family: FragmentMono"">XQTKWDXLI</p>","","","training","","","","","","","",""
"null","null","html-keyboard-response","333","753814","0.0-15.0-0.2","65fad6c874ac75642ffc254b","69de1b11a980ed2dab60a60c","69dfbf73db50084e9ea4c1a0","<p style=""font-size: 60px; font-family: FragmentMono"">NOQIMWYP</p>","","","training","","","","","","","",""
"null","null","html-keyboard-response","334","754830","0.0-15.0-0.3","65fad6c874ac75642ffc254b","69de1b11a980ed2dab60a60c","69dfbf73db50084e9ea4c1a0","<p style=""font-size: 60px; font-family: FragmentMono"">JKGDZBG</p>","","","training","","","","","","","",""
"null","null","html-keyboard-response","335","755841","0.0-15.0-0.4","65fad6c874ac75642ffc254b","69de1b11a980ed2dab60a60c","69dfbf73db50084e9ea4c1a0","<p style=""font-size: 60px; font-family: FragmentMono"">EKCYGYAHE</p>","","","training","","","","","","","",""
"null","null","html-keyboard-response","336","756851","0.0-15.0-0.5","65fad6c874ac75642ffc254b","69de1b11a980ed2dab60a60c","69dfbf73db50084e9ea4c1a0","<p style=""font-size: 60px; font-family: FragmentMono"">OAYAPYB</p>","","","training","","","","","","","",""
"null","null","html-keyboard-response","337","757865","0.0-15.0-0.6","65fad6c874ac75642ffc254b","69de1b11a980ed2dab60a60c","69dfbf73db50084e9ea4c1a0","<p style=""font-size: 60px; font-family: FragmentMono"">EKCYGCAVY</p>","","","training","","","","","","","",""
"null","null","html-keyboard-response","338","758876","0.0-15.0-0.7","65fad6c874ac75642ffc254b","69de1b11a980ed2dab60a60c","69dfbf73db50084e9ea4c1a0","<p style=""font-size: 60px; font-family: FragmentMono"">SCEIXILS</p>","","","training","","","","","","","",""
"null","null","html-keyboard-response","339","759883","0.0-15.0-0.8","65fad6c874ac75642ffc254b","69de1b11a980ed2dab60a60c","69dfbf73db50084e9ea4c1a0","<p style=""font-size: 60px; font-family: FragmentMono"">GEUHQSQBU</p>","","","training","","","","","","","",""
"null","null","html-keyboard-response","340","760885","0.0-15.0-0.9","65fad6c874ac75642ffc254b","69de1b11a980ed2dab60a60c","69dfbf73db50084e9ea4c1a0","<p style=""font-size: 60px; font-family: FragmentMono"">GUVRCAVY</p>","","","training","","","","","","","",""
"null","null","html-keyboard-response","341","761892","0.0-15.0-0.10","65fad6c874ac75642ffc254b","69de1b11a980ed2dab60a60c","69dfbf73db50084e9ea4c1a0","<p style=""font-size: 60px; font-family: FragmentMono"">UXVTIXILS</p>","","","training","","","","","","","",""
"null","null","html-keyboard-response","342","762902","0.0-15.0-0.11","65fad6c874ac75642ffc254b","69de1b11a980ed2dab60a60c","69dfbf73db50084e9ea4c1a0","<p style=""font-size: 60px; font-family: FragmentMono"">OGDSKZBG</p>","","","training","","","","","","","",""
"null","null","html-keyboard-response","343","763919","0.0-15.0-0.12","65fad6c874ac75642ffc254b","69de1b11a980ed2dab60a60c","69dfbf73db50084e9ea4c1a0","<p style=""font-size: 60px; font-family: FragmentMono"">NOQICAVY</p>","","","training","","","","","","","",""
"null","null","html-keyboard-response","344","764920","0.0-15.0-0.13","65fad6c874ac75642ffc254b","69de1b11a980ed2dab60a60c","69dfbf73db50084e9ea4c1a0","<p style=""font-size: 60px; font-family: FragmentMono"">XUFEZBG</p>","","","training","","","","","","","",""
"null","null","html-keyboard-response","345","765928","0.0-15.0-0.14","65fad6c874ac75642ffc254b","69de1b11a980ed2dab60a60c","69dfbf73db50084e9ea4c1a0","<p style=""font-size: 60px; font-family: FragmentMono"">UXVTICWV</p>","","","training","","","","","","","",""
"null","null","html-keyboard-response","346","766945","0.0-15.0-0.15","65fad6c874ac75642ffc254b","69de1b11a980ed2dab60a60c","69dfbf73db50084e9ea4c1a0","<p style=""font-size: 60px; font-family: FragmentMono"">EKCYGSQBU</p>","","","training","","","","","","","",""
"null","null","html-keyboard-response","347","767962","0.0-15.0-0.16","65fad6c874ac75642ffc254b","69de1b11a980ed2dab60a60c","69dfbf73db50084e9ea4c1a0","<p style=""font-size: 60px; font-family: FragmentMono"">GUVRZBG</p>","","","training","","","","","","","",""
"null","null","html-keyboard-response","348","768970","0.0-15.0-0.17","65fad6c874ac75642ffc254b","69de1b11a980ed2dab60a60c","69dfbf73db50084e9ea4c1a0","<p style=""font-size: 60px; font-family: FragmentMono"">ILGFDXLI</p>","","","training","","","","","","","",""
"null","null","html-keyboard-response","349","769972","0.0-15.0-0.18","65fad6c874ac75642ffc254b","69de1b11a980ed2dab60a60c","69dfbf73db50084e9ea4c1a0","<p style=""font-size: 60px; font-family: FragmentMono"">ULUJXILS</p>","","","training","","","","","","","",""
"null","null","html-keyboard-response","350","770980","0.0-15.0-0.19","65fad6c874ac75642ffc254b","69de1b11a980ed2dab60a60c","69dfbf73db50084e9ea4c1a0","<p style=""font-size: 60px; font-family: FragmentMono"">XQTKWPYB</p>","","","training","","","","","","","",""
"null","null","html-keyboard-response","351","771997","0.0-15.0-0.20","65fad6c874ac75642ffc254b","69de1b11a980ed2dab60a60c","69dfbf73db50084e9ea4c1a0","<p style=""font-size: 60px; font-family: FragmentMono"">ILGFXILS</p>","","","training","","","","","","","",""
"null","null","html-keyboard-response","352","773006","0.0-15.0-0.21","65fad6c874ac75642ffc254b","69de1b11a980ed2dab60a60c","69dfbf73db50084e9ea4c1a0","<p style=""font-size: 60px; font-family: FragmentMono"">XEMOSQBU</p>","","","training","","","","","","","",""
"null","null","html-keyboard-response","353","774022","0.0-15.0-0.22","65fad6c874ac75642ffc254b","69de1b11a980ed2dab60a60c","69dfbf73db50084e9ea4c1a0","<p style=""font-size: 60px; font-family: FragmentMono"">XVELSXILS</p>","","","training","","","","","","","",""
"null","null","html-keyboard-response","354","775032","0.0-15.0-0.23","65fad6c874ac75642ffc254b","69de1b11a980ed2dab60a60c","69dfbf73db50084e9ea4c1a0","<p style=""font-size: 60px; font-family: FragmentMono"">ULUJXHO</p>","","","training","","","","","","","",""
"null","null","html-keyboard-response","355","776048","0.0-15.0-0.24","65fad6c874ac75642ffc254b","69de1b11a980ed2dab60a60c","69dfbf73db50084e9ea4c1a0","<p style=""font-size: 60px; font-family: FragmentMono"">TREHXILS</p>","","","training","","","","","","","",""
"null","null","html-keyboard-response","356","777058","0.0-15.0-0.25","65fad6c874ac75642ffc254b","69de1b11a980ed2dab60a60c","69dfbf73db50084e9ea4c1a0","<p style=""font-size: 60px; font-family: FragmentMono"">XVELSXHO</p>","","","training","","","","","","","",""
"null","null","html-keyboard-response","357","778074","0.0-15.0-0.26","65fad6c874ac75642ffc254b","69de1b11a980ed2dab60a60c","69dfbf73db50084e9ea4c1a0","<p style=""font-size: 60px; font-family: FragmentMono"">TREHCWV</p>","","","training","","","","","","","",""
"null","null","html-keyboard-response","358","779089","0.0-15.0-0.27","65fad6c874ac75642ffc254b","69de1b11a980ed2dab60a60c","69dfbf73db50084e9ea4c1a0","<p style=""font-size: 60px; font-family: FragmentMono"">OGPGLSQBU</p>","","","training","","","","","","","",""
"null","null","html-keyboard-response","359","780100","0.0-15.0-0.28","65fad6c874ac75642ffc254b","69de1b11a980ed2dab60a60c","69dfbf73db50084e9ea4c1a0","<p style=""font-size: 60px; font-family: FragmentMono"">XRJWXHO</p>","","","training","","","","","","","",""
"null","null","html-keyboard-response","360","781108","0.0-15.0-0.29","65fad6c874ac75642ffc254b","69de1b11a980ed2dab60a60c","69dfbf73db50084e9ea4c1a0","<p style=""font-size: 60px; font-family: FragmentMono"">TREHDXLI</p>","","","training","","","","","","","",""
"null","null","html-keyboard-response","361","782110","0.0-15.0-0.30","65fad6c874ac75642ffc254b","69de1b11a980ed2dab60a60c","69dfbf73db50084e9ea4c1a0","<p style=""font-size: 60px; font-family: FragmentMono"">XRJWXILS</p>","","","training","","","","","","","",""
"null","null","html-keyboard-response","362","783118","0.0-15.0-0.31","65fad6c874ac75642ffc254b","69de1b11a980ed2dab60a60c","69dfbf73db50084e9ea4c1a0","<p style=""font-size: 60px; font-family: FragmentMono"">ILGFPYB</p>","","","training","","","","","","","",""
"null","null","html-keyboard-response","363","784134","0.0-15.0-0.32","65fad6c874ac75642ffc254b","69de1b11a980ed2dab60a60c","69dfbf73db50084e9ea4c1a0","<p style=""font-size: 60px; font-family: FragmentMono"">SCEIDXLI</p>","","","training","","","","","","","",""
"null","null","html-keyboard-response","364","785142","0.0-15.0-0.33","65fad6c874ac75642ffc254b","69de1b11a980ed2dab60a60c","69dfbf73db50084e9ea4c1a0","<p style=""font-size: 60px; font-family: FragmentMono"">OGPGLMWYP</p>","","","training","","","","","","","",""
"null","null","html-keyboard-response","365","786145","0.0-15.0-0.34","65fad6c874ac75642ffc254b","69de1b11a980ed2dab60a60c","69dfbf73db50084e9ea4c1a0","<p style=""font-size: 60px; font-family: FragmentMono"">JKGDCAVY</p>","","","training","","","","","","","",""
"null","null","html-keyboard-response","366","787153","0.0-15.0-0.35","65fad6c874ac75642ffc254b","69de1b11a980ed2dab60a60c","69dfbf73db50084e9ea4c1a0","<p style=""font-size: 60px; font-family: FragmentMono"">OAYAXHO</p>","","","training","","","","","","","",""
"null","null","html-keyboard-response","367","788157","0.0-15.0-0.36","65fad6c874ac75642ffc254b","69de1b11a980ed2dab60a60c","69dfbf73db50084e9ea4c1a0","<p style=""font-size: 60px; font-family: FragmentMono"">OGPGLYAHE</p>","","","training","","","","","","","",""
"null","null","html-keyboard-response","368","789170","0.0-15.0-0.37","65fad6c874ac75642ffc254b","69de1b11a980ed2dab60a60c","69dfbf73db50084e9ea4c1a0","<p style=""font-size: 60px; font-family: FragmentMono"">NOQIZBG</p>","","","training","","","","","","","",""
"null","null","html-keyboard-response","369","790178","0.0-15.0-0.38","65fad6c874ac75642ffc254b","69de1b11a980ed2dab60a60c","69dfbf73db50084e9ea4c1a0","<p style=""font-size: 60px; font-family: FragmentMono"">XUFEYAHE</p>","","","training","","","","","","","",""
"null","null","html-keyboard-response","370","791180","0.0-15.0-0.39","65fad6c874ac75642ffc254b","69de1b11a980ed2dab60a60c","69dfbf73db50084e9ea4c1a0","<p style=""font-size: 60px; font-family: FragmentMono"">OAYACWV</p>","","","training","","","","","","","",""
"null","null","html-keyboard-response","371","792194","0.0-15.0-0.40","65fad6c874ac75642ffc254b","69de1b11a980ed2dab60a60c","69dfbf73db50084e9ea4c1a0","<p style=""font-size: 60px; font-family: FragmentMono"">JKGDSQBU</p>","","","training","","","","","","","",""
"null","null","html-keyboard-response","372","793196","0.0-15.0-0.41","65fad6c874ac75642ffc254b","69de1b11a980ed2dab60a60c","69dfbf73db50084e9ea4c1a0","<p style=""font-size: 60px; font-family: FragmentMono"">XFSVMWYP</p>","","","training","","","","","","","",""
"null","null","html-keyboard-response","373","794205","0.0-15.0-0.42","65fad6c874ac75642ffc254b","69de1b11a980ed2dab60a60c","69dfbf73db50084e9ea4c1a0","<p style=""font-size: 60px; font-family: FragmentMono"">NOQIYAHE</p>","","","training","","","","","","","",""
"null","null","html-keyboard-response","374","795215","0.0-15.0-0.43","65fad6c874ac75642ffc254b","69de1b11a980ed2dab60a60c","69dfbf73db50084e9ea4c1a0","<p style=""font-size: 60px; font-family: FragmentMono"">XUFECAVY</p>","","","training","","","","","","","",""
"null","null","html-keyboard-response","375","796224","0.0-15.0-0.44","65fad6c874ac75642ffc254b","69de1b11a980ed2dab60a60c","69dfbf73db50084e9ea4c1a0","<p style=""font-size: 60px; font-family: FragmentMono"">XEMOYAHE</p>","","","training","","","","","","","",""
"null","null","html-keyboard-response","376","797232","0.0-15.0-0.45","65fad6c874ac75642ffc254b","69de1b11a980ed2dab60a60c","69dfbf73db50084e9ea4c1a0","<p style=""font-size: 60px; font-family: FragmentMono"">UXVTIDXLI</p>","","","training","","","","","","","",""
"null","null","html-keyboard-response","377","798240","0.0-15.0-0.46","65fad6c874ac75642ffc254b","69de1b11a980ed2dab60a60c","69dfbf73db50084e9ea4c1a0","<p style=""font-size: 60px; font-family: FragmentMono"">XEMOZBG</p>","","","training","","","","","","","",""
"null","null","html-keyboard-response","378","799249","0.0-15.0-0.47","65fad6c874ac75642ffc254b","69de1b11a980ed2dab60a60c","69dfbf73db50084e9ea4c1a0","<p style=""font-size: 60px; font-family: FragmentMono"">PKCBHXHO</p>","","","training","","","","","","","",""
"null","null","html-keyboard-response","379","800263","0.0-15.0-0.48","65fad6c874ac75642ffc254b","69de1b11a980ed2dab60a60c","69dfbf73db50084e9ea4c1a0","<p style=""font-size: 60px; font-family: FragmentMono"">JKGDMWYP</p>","","","training","","","","","","","",""
"null","null","html-keyboard-response","380","801270","0.0-15.0-0.49","65fad6c874ac75642ffc254b","69de1b11a980ed2dab60a60c","69dfbf73db50084e9ea4c1a0","<p style=""font-size: 60px; font-family: FragmentMono"">XRJWPYB</p>","","","training","","","","","","","",""
"null","null","html-keyboard-response","381","802284","0.0-15.0-0.50","65fad6c874ac75642ffc254b","69de1b11a980ed2dab60a60c","69dfbf73db50084e9ea4c1a0","<p style=""font-size: 60px; font-family: FragmentMono"">XFSVYAHE</p>","","","training","","","","","","","",""
"null","null","html-keyboard-response","382","803299","0.0-15.0-0.51","65fad6c874ac75642ffc254b","69de1b11a980ed2dab60a60c","69dfbf73db50084e9ea4c1a0","<p style=""font-size: 60px; font-family: FragmentMono"">OGPGLCAVY</p>","","","training","","","","","","","",""
"null","null","html-keyboard-response","383","804316","0.0-15.0-0.52","65fad6c874ac75642ffc254b","69de1b11a980ed2dab60a60c","69dfbf73db50084e9ea4c1a0","<p style=""font-size: 60px; font-family: FragmentMono"">XVELSCWV</p>","","","training","","","","","","","",""
"null","null","html-keyboard-response","384","805319","0.0-15.0-0.53","65fad6c874ac75642ffc254b","69de1b11a980ed2dab60a60c","69dfbf73db50084e9ea4c1a0","<p style=""font-size: 60px; font-family: FragmentMono"">XEMOMWYP</p>","","","training","","","","","","","",""
"null","null","html-keyboard-response","385","806333","0.0-15.0-0.54","65fad6c874ac75642ffc254b","69de1b11a980ed2dab60a60c","69dfbf73db50084e9ea4c1a0","<p style=""font-size: 60px; font-family: FragmentMono"">SCEIXHO</p>","","","training","","","","","","","",""
"null","null","html-keyboard-response","386","807338","0.0-15.0-0.55","65fad6c874ac75642ffc254b","69de1b11a980ed2dab60a60c","69dfbf73db50084e9ea4c1a0","<p style=""font-size: 60px; font-family: FragmentMono"">XFSVCAVY</p>","","","training","","","","","","","",""
"null","null","html-keyboard-response","387","808351","0.0-15.0-0.56","65fad6c874ac75642ffc254b","69de1b11a980ed2dab60a60c","69dfbf73db50084e9ea4c1a0","<p style=""font-size: 60px; font-family: FragmentMono"">ULUJDXLI</p>","","","training","","","","","","","",""
"null","null","html-keyboard-response","388","809353","0.0-15.0-0.57","65fad6c874ac75642ffc254b","69de1b11a980ed2dab60a60c","69dfbf73db50084e9ea4c1a0","<p style=""font-size: 60px; font-family: FragmentMono"">GEUHQZBG</p>","","","training","","","","","","","",""
"null","null","html-keyboard-response","389","810361","0.0-15.0-0.58","65fad6c874ac75642ffc254b","69de1b11a980ed2dab60a60c","69dfbf73db50084e9ea4c1a0","<p style=""font-size: 60px; font-family: FragmentMono"">EKCYGMWYP</p>","","","training","","","","","","","",""
"null","null","html-keyboard-response","390","811376","0.0-15.0-0.59","65fad6c874ac75642ffc254b","69de1b11a980ed2dab60a60c","69dfbf73db50084e9ea4c1a0","<p style=""font-size: 60px; font-family: FragmentMono"">XVELSDXLI</p>","","","training","","","","","","","",""
"null","null","html-keyboard-response","391","812383","0.0-15.0-0.60","65fad6c874ac75642ffc254b","69de1b11a980ed2dab60a60c","69dfbf73db50084e9ea4c1a0","<p style=""font-size: 60px; font-family: FragmentMono"">PKCBHPYB</p>","","","training","","","","","","","",""
"null","null","html-keyboard-response","392","813393","0.0-15.0-0.61","65fad6c874ac75642ffc254b","69de1b11a980ed2dab60a60c","69dfbf73db50084e9ea4c1a0","<p style=""font-size: 60px; font-family: FragmentMono"">XFSVZBG</p>","","","training","","","","","","","",""
"null","null","html-keyboard-response","393","814409","0.0-15.0-0.62","65fad6c874ac75642ffc254b","69de1b11a980ed2dab60a60c","69dfbf73db50084e9ea4c1a0","<p style=""font-size: 60px; font-family: FragmentMono"">SCEIPYB</p>","","","training","","","","","","","",""
"null","null","html-keyboard-response","394","815411","0.0-15.0-0.63","65fad6c874ac75642ffc254b","69de1b11a980ed2dab60a60c","69dfbf73db50084e9ea4c1a0","<p style=""font-size: 60px; font-family: FragmentMono"">XUFESQBU</p>","","","training","","","","","","","",""
"null","null","html-keyboard-response","395","816427","0.0-15.0-0.64","65fad6c874ac75642ffc254b","69de1b11a980ed2dab60a60c","69dfbf73db50084e9ea4c1a0","<p style=""font-size: 60px; font-family: FragmentMono"">GUVRMWYP</p>","","","training","","","","","","","",""
"null","null","html-keyboard-response","396","817429","0.0-15.0-0.65","65fad6c874ac75642ffc254b","69de1b11a980ed2dab60a60c","69dfbf73db50084e9ea4c1a0","<p style=""font-size: 60px; font-family: FragmentMono"">ILGFCWV</p>","","","training","","","","","","","",""
"null","null","html-keyboard-response","397","818436","0.0-15.0-0.66","65fad6c874ac75642ffc254b","69de1b11a980ed2dab60a60c","69dfbf73db50084e9ea4c1a0","<p style=""font-size: 60px; font-family: FragmentMono"">OAYAXILS</p>","","","training","","","","","","","",""
"null","null","html-keyboard-response","398","819445","0.0-15.0-0.67","65fad6c874ac75642ffc254b","69de1b11a980ed2dab60a60c","69dfbf73db50084e9ea4c1a0","<p style=""font-size: 60px; font-family: FragmentMono"">GEUHQMWYP</p>","","","training","","","","","","","",""
"null","null","html-keyboard-response","399","820462","0.0-15.0-0.68","65fad6c874ac75642ffc254b","69de1b11a980ed2dab60a60c","69dfbf73db50084e9ea4c1a0","<p style=""font-size: 60px; font-family: FragmentMono"">OGDSKYAHE</p>","","","training","","","","","","","",""
"null","null","html-keyboard-response","400","821470","0.0-15.0-0.69","65fad6c874ac75642ffc254b","69de1b11a980ed2dab60a60c","69dfbf73db50084e9ea4c1a0","<p style=""font-size: 60px; font-family: FragmentMono"">ULUJPYB</p>","","","training","","","","","","","",""
"null","null","html-keyboard-response","401","822487","0.0-15.0-0.70","65fad6c874ac75642ffc254b","69de1b11a980ed2dab60a60c","69dfbf73db50084e9ea4c1a0","<p style=""font-size: 60px; font-family: FragmentMono"">PKCBHDXLI</p>","","","training","","","","","","","",""
"null","null","html-keyboard-response","402","823489","0.0-15.0-0.71","65fad6c874ac75642ffc254b","69de1b11a980ed2dab60a60c","69dfbf73db50084e9ea4c1a0","<p style=""font-size: 60px; font-family: FragmentMono"">TREHPYB</p>","","","training","","","","","","","",""
"null","null","html-keyboard-response","403","824504","0.0-15.0-0.72","65fad6c874ac75642ffc254b","69de1b11a980ed2dab60a60c","69dfbf73db50084e9ea4c1a0","<p style=""font-size: 60px; font-family: FragmentMono"">PKCBHCWV</p>","","","training","","","","","","","",""
"null","null","html-keyboard-response","404","825521","0.0-15.0-0.73","65fad6c874ac75642ffc254b","69de1b11a980ed2dab60a60c","69dfbf73db50084e9ea4c1a0","<p style=""font-size: 60px; font-family: FragmentMono"">OGDSKCAVY</p>","","","training","","","","","","","",""
"null","null","html-keyboard-response","405","826537","0.0-15.0-0.74","65fad6c874ac75642ffc254b","69de1b11a980ed2dab60a60c","69dfbf73db50084e9ea4c1a0","<p style=""font-size: 60px; font-family: FragmentMono"">XQTKWCWV</p>","","","training","","","","","","","",""
"null","null","html-keyboard-response","406","827549","0.0-15.0-0.75","65fad6c874ac75642ffc254b","69de1b11a980ed2dab60a60c","69dfbf73db50084e9ea4c1a0","<p style=""font-size: 60px; font-family: FragmentMono"">OGDSKSQBU</p>","","","training","","","","","","","",""
"null","null","html-keyboard-response","407","828565","0.0-15.0-0.76","65fad6c874ac75642ffc254b","69de1b11a980ed2dab60a60c","69dfbf73db50084e9ea4c1a0","<p style=""font-size: 60px; font-family: FragmentMono"">XRJWCWV</p>","","","training","","","","","","","",""
"null","null","html-keyboard-response","408","829574","0.0-15.0-0.77","65fad6c874ac75642ffc254b","69de1b11a980ed2dab60a60c","69dfbf73db50084e9ea4c1a0","<p style=""font-size: 60px; font-family: FragmentMono"">GEUHQYAHE</p>","","","training","","","","","","","",""
"null","null","html-keyboard-response","409","830591","0.0-15.0-0.78","65fad6c874ac75642ffc254b","69de1b11a980ed2dab60a60c","69dfbf73db50084e9ea4c1a0","<p style=""font-size: 60px; font-family: FragmentMono"">GUVRSQBU</p>","","","training","","","","","","","",""
"null","null","html-keyboard-response","410","831605","0.0-15.0-0.79","65fad6c874ac75642ffc254b","69de1b11a980ed2dab60a60c","69dfbf73db50084e9ea4c1a0","<p style=""font-size: 60px; font-family: FragmentMono"">XQTKWXHO</p>","","","training","","","","","","","",""
"114415"," ","html-keyboard-response","411","946021","0.0-16.0","65fad6c874ac75642ffc254b","69de1b11a980ed2dab60a60c","69dfbf73db50084e9ea4c1a0","<p style=""font-size: 30px"">Great, you've seen the fifth block of words. You may now take a short break.</p>
      <p style=""font-size: 30px"">Press the spacebar when you're ready to continue.</p>","","","","","","","","","","",""
"null","null","html-keyboard-response","412","947022","0.0-17.0-0.0","65fad6c874ac75642ffc254b","69de1b11a980ed2dab60a60c","69dfbf73db50084e9ea4c1a0","<p style=""font-size: 60px; font-family: FragmentMono"">GEUHQYAHE</p>","","","training","","","","","","","",""
"null","null","html-keyboard-response","413","948036","0.0-17.0-0.1","65fad6c874ac75642ffc254b","69de1b11a980ed2dab60a60c","69dfbf73db50084e9ea4c1a0","<p style=""font-size: 60px; font-family: FragmentMono"">XVELSDXLI</p>","","","training","","","","","","","",""
"null","null","html-keyboard-response","414","949044","0.0-17.0-0.2","65fad6c874ac75642ffc254b","69de1b11a980ed2dab60a60c","69dfbf73db50084e9ea4c1a0","<p style=""font-size: 60px; font-family: FragmentMono"">UXVTIXHO</p>","","","training","","","","","","","",""
"null","null","html-keyboard-response","415","950047","0.0-17.0-0.3","65fad6c874ac75642ffc254b","69de1b11a980ed2dab60a60c","69dfbf73db50084e9ea4c1a0","<p style=""font-size: 60px; font-family: FragmentMono"">NOQIYAHE</p>","","","training","","","","","","","",""
"null","null","html-keyboard-response","416","951054","0.0-17.0-0.4","65fad6c874ac75642ffc254b","69de1b11a980ed2dab60a60c","69dfbf73db50084e9ea4c1a0","<p style=""font-size: 60px; font-family: FragmentMono"">JKGDMWYP</p>","","","training","","","","","","","",""
"null","null","html-keyboard-response","417","952063","0.0-17.0-0.5","65fad6c874ac75642ffc254b","69de1b11a980ed2dab60a60c","69dfbf73db50084e9ea4c1a0","<p style=""font-size: 60px; font-family: FragmentMono"">OAYAXHO</p>","","","training","","","","","","","",""
"null","null","html-keyboard-response","418","953073","0.0-17.0-0.6","65fad6c874ac75642ffc254b","69de1b11a980ed2dab60a60c","69dfbf73db50084e9ea4c1a0","<p style=""font-size: 60px; font-family: FragmentMono"">SCEIDXLI</p>","","","training","","","","","","","",""
"null","null","html-keyboard-response","419","954089","0.0-17.0-0.7","65fad6c874ac75642ffc254b","69de1b11a980ed2dab60a60c","69dfbf73db50084e9ea4c1a0","<p style=""font-size: 60px; font-family: FragmentMono"">XEMOMWYP</p>","","","training","","","","","","","",""
"null","null","html-keyboard-response","420","955102","0.0-17.0-0.8","65fad6c874ac75642ffc254b","69de1b11a980ed2dab60a60c","69dfbf73db50084e9ea4c1a0","<p style=""font-size: 60px; font-family: FragmentMono"">XQTKWCWV</p>","","","training","","","","","","","",""
"null","null","html-keyboard-response","421","956104","0.0-17.0-0.9","65fad6c874ac75642ffc254b","69de1b11a980ed2dab60a60c","69dfbf73db50084e9ea4c1a0","<p style=""font-size: 60px; font-family: FragmentMono"">JKGDCAVY</p>","","","training","","","","","","","",""
"null","null","html-keyboard-response","422","957105","0.0-17.0-0.10","65fad6c874ac75642ffc254b","69de1b11a980ed2dab60a60c","69dfbf73db50084e9ea4c1a0","<p style=""font-size: 60px; font-family: FragmentMono"">XRJWXHO</p>","","","training","","","","","","","",""
"null","null","html-keyboard-response","423","958121","0.0-17.0-0.11","65fad6c874ac75642ffc254b","69de1b11a980ed2dab60a60c","69dfbf73db50084e9ea4c1a0","<p style=""font-size: 60px; font-family: FragmentMono"">XQTKWPYB</p>","","","training","","","","","","","",""
"null","null","html-keyboard-response","424","959125","0.0-17.0-0.12","65fad6c874ac75642ffc254b","69de1b11a980ed2dab60a60c","69dfbf73db50084e9ea4c1a0","<p style=""font-size: 60px; font-family: FragmentMono"">ULUJXHO</p>","","","training","","","","","","","",""
"null","null","html-keyboard-response","425","960128","0.0-17.0-0.13","65fad6c874ac75642ffc254b","69de1b11a980ed2dab60a60c","69dfbf73db50084e9ea4c1a0","<p style=""font-size: 60px; font-family: FragmentMono"">NOQICAVY</p>","","","training","","","","","","","",""
"null","null","html-keyboard-response","426","961130","0.0-17.0-0.14","65fad6c874ac75642ffc254b","69de1b11a980ed2dab60a60c","69dfbf73db50084e9ea4c1a0","<p style=""font-size: 60px; font-family: FragmentMono"">UXVTIXILS</p>","","","training","","","","","","","",""
"null","null","html-keyboard-response","427","962133","0.0-17.0-0.15","65fad6c874ac75642ffc254b","69de1b11a980ed2dab60a60c","69dfbf73db50084e9ea4c1a0","<p style=""font-size: 60px; font-family: FragmentMono"">JKGDSQBU</p>","","","training","","","","","","","",""
"null","null","html-keyboard-response","428","963141","0.0-17.0-0.16","65fad6c874ac75642ffc254b","69de1b11a980ed2dab60a60c","69dfbf73db50084e9ea4c1a0","<p style=""font-size: 60px; font-family: FragmentMono"">XQTKWXHO</p>","","","training","","","","","","","",""
"null","null","html-keyboard-response","429","964144","0.0-17.0-0.17","65fad6c874ac75642ffc254b","69de1b11a980ed2dab60a60c","69dfbf73db50084e9ea4c1a0","<p style=""font-size: 60px; font-family: FragmentMono"">OGPGLMWYP</p>","","","training","","","","","","","",""
"null","null","html-keyboard-response","430","965151","0.0-17.0-0.18","65fad6c874ac75642ffc254b","69de1b11a980ed2dab60a60c","69dfbf73db50084e9ea4c1a0","<p style=""font-size: 60px; font-family: FragmentMono"">TREHPYB</p>","","","training","","","","","","","",""
"null","null","html-keyboard-response","431","966159","0.0-17.0-0.19","65fad6c874ac75642ffc254b","69de1b11a980ed2dab60a60c","69dfbf73db50084e9ea4c1a0","<p style=""font-size: 60px; font-family: FragmentMono"">XRJWCWV</p>","","","training","","","","","","","",""
"null","null","html-keyboard-response","432","967161","0.0-17.0-0.20","65fad6c874ac75642ffc254b","69de1b11a980ed2dab60a60c","69dfbf73db50084e9ea4c1a0","<p style=""font-size: 60px; font-family: FragmentMono"">OGPGLCAVY</p>","","","training","","","","","","","",""
"null","null","html-keyboard-response","433","968166","0.0-17.0-0.21","65fad6c874ac75642ffc254b","69de1b11a980ed2dab60a60c","69dfbf73db50084e9ea4c1a0","<p style=""font-size: 60px; font-family: FragmentMono"">ILGFCWV</p>","","","training","","","","","","","",""
"null","null","html-keyboard-response","434","969182","0.0-17.0-0.22","65fad6c874ac75642ffc254b","69de1b11a980ed2dab60a60c","69dfbf73db50084e9ea4c1a0","<p style=""font-size: 60px; font-family: FragmentMono"">XUFEZBG</p>","","","training","","","","","","","",""
"null","null","html-keyboard-response","435","970189","0.0-17.0-0.23","65fad6c874ac75642ffc254b","69de1b11a980ed2dab60a60c","69dfbf73db50084e9ea4c1a0","<p style=""font-size: 60px; font-family: FragmentMono"">ULUJDXLI</p>","","","training","","","","","","","",""
"null","null","html-keyboard-response","436","971195","0.0-17.0-0.24","65fad6c874ac75642ffc254b","69de1b11a980ed2dab60a60c","69dfbf73db50084e9ea4c1a0","<p style=""font-size: 60px; font-family: FragmentMono"">XUFESQBU</p>","","","training","","","","","","","",""
"null","null","html-keyboard-response","437","972212","0.0-17.0-0.25","65fad6c874ac75642ffc254b","69de1b11a980ed2dab60a60c","69dfbf73db50084e9ea4c1a0","<p style=""font-size: 60px; font-family: FragmentMono"">JKGDZBG</p>","","","training","","","","","","","",""
"null","null","html-keyboard-response","438","973227","0.0-17.0-0.26","65fad6c874ac75642ffc254b","69de1b11a980ed2dab60a60c","69dfbf73db50084e9ea4c1a0","<p style=""font-size: 60px; font-family: FragmentMono"">PKCBHCWV</p>","","","training","","","","","","","",""
"null","null","html-keyboard-response","439","974228","0.0-17.0-0.27","65fad6c874ac75642ffc254b","69de1b11a980ed2dab60a60c","69dfbf73db50084e9ea4c1a0","<p style=""font-size: 60px; font-family: FragmentMono"">ILGFDXLI</p>","","","training","","","","","","","",""
"null","null","html-keyboard-response","440","975230","0.0-17.0-0.28","65fad6c874ac75642ffc254b","69de1b11a980ed2dab60a60c","69dfbf73db50084e9ea4c1a0","<p style=""font-size: 60px; font-family: FragmentMono"">PKCBHPYB</p>","","","training","","","","","","","",""
"null","null","html-keyboard-response","441","976237","0.0-17.0-0.29","65fad6c874ac75642ffc254b","69de1b11a980ed2dab60a60c","69dfbf73db50084e9ea4c1a0","<p style=""font-size: 60px; font-family: FragmentMono"">OGPGLSQBU</p>","","","training","","","","","","","",""
"null","null","html-keyboard-response","442","977246","0.0-17.0-0.30","65fad6c874ac75642ffc254b","69de1b11a980ed2dab60a60c","69dfbf73db50084e9ea4c1a0","<p style=""font-size: 60px; font-family: FragmentMono"">GEUHQMWYP</p>","","","training","","","","","","","",""
"null","null","html-keyboard-response","443","978257","0.0-17.0-0.31","65fad6c874ac75642ffc254b","69de1b11a980ed2dab60a60c","69dfbf73db50084e9ea4c1a0","<p style=""font-size: 60px; font-family: FragmentMono"">NOQIZBG</p>","","","training","","","","","","","",""
"null","null","html-keyboard-response","444","979263","0.0-17.0-0.32","65fad6c874ac75642ffc254b","69de1b11a980ed2dab60a60c","69dfbf73db50084e9ea4c1a0","<p style=""font-size: 60px; font-family: FragmentMono"">XFSVYAHE</p>","","","training","","","","","","","",""
"null","null","html-keyboard-response","445","980274","0.0-17.0-0.33","65fad6c874ac75642ffc254b","69de1b11a980ed2dab60a60c","69dfbf73db50084e9ea4c1a0","<p style=""font-size: 60px; font-family: FragmentMono"">GEUHQSQBU</p>","","","training","","","","","","","",""
"null","null","html-keyboard-response","446","981282","0.0-17.0-0.34","65fad6c874ac75642ffc254b","69de1b11a980ed2dab60a60c","69dfbf73db50084e9ea4c1a0","<p style=""font-size: 60px; font-family: FragmentMono"">XFSVCAVY</p>","","","training","","","","","","","",""
"null","null","html-keyboard-response","447","982298","0.0-17.0-0.35","65fad6c874ac75642ffc254b","69de1b11a980ed2dab60a60c","69dfbf73db50084e9ea4c1a0","<p style=""font-size: 60px; font-family: FragmentMono"">XEMOSQBU</p>","","","training","","","","","","","",""
"null","null","html-keyboard-response","448","983300","0.0-17.0-0.36","65fad6c874ac75642ffc254b","69de1b11a980ed2dab60a60c","69dfbf73db50084e9ea4c1a0","<p style=""font-size: 60px; font-family: FragmentMono"">TREHDXLI</p>","","","training","","","","","","","",""
"null","null","html-keyboard-response","449","984315","0.0-17.0-0.37","65fad6c874ac75642ffc254b","69de1b11a980ed2dab60a60c","69dfbf73db50084e9ea4c1a0","<p style=""font-size: 60px; font-family: FragmentMono"">EKCYGMWYP</p>","","","training","","","","","","","",""
"null","null","html-keyboard-response","450","985337","0.0-17.0-0.38","65fad6c874ac75642ffc254b","69de1b11a980ed2dab60a60c","69dfbf73db50084e9ea4c1a0","<p style=""font-size: 60px; font-family: FragmentMono"">SCEIXHO</p>","","","training","","","","","","","",""
"null","null","html-keyboard-response","451","986351","0.0-17.0-0.39","65fad6c874ac75642ffc254b","69de1b11a980ed2dab60a60c","69dfbf73db50084e9ea4c1a0","<p style=""font-size: 60px; font-family: FragmentMono"">OAYAXILS</p>","","","training","","","","","","","",""
"null","null","html-keyboard-response","452","987359","0.0-17.0-0.40","65fad6c874ac75642ffc254b","69de1b11a980ed2dab60a60c","69dfbf73db50084e9ea4c1a0","<p style=""font-size: 60px; font-family: FragmentMono"">EKCYGSQBU</p>","","","training","","","","","","","",""
"null","null","html-keyboard-response","453","988367","0.0-17.0-0.41","65fad6c874ac75642ffc254b","69de1b11a980ed2dab60a60c","69dfbf73db50084e9ea4c1a0","<p style=""font-size: 60px; font-family: FragmentMono"">OGDSKZBG</p>","","","training","","","","","","","",""
"null","null","html-keyboard-response","454","989377","0.0-17.0-0.42","65fad6c874ac75642ffc254b","69de1b11a980ed2dab60a60c","69dfbf73db50084e9ea4c1a0","<p style=""font-size: 60px; font-family: FragmentMono"">GUVRMWYP</p>","","","training","","","","","","","",""
"null","null","html-keyboard-response","455","990379","0.0-17.0-0.43","65fad6c874ac75642ffc254b","69de1b11a980ed2dab60a60c","69dfbf73db50084e9ea4c1a0","<p style=""font-size: 60px; font-family: FragmentMono"">PKCBHDXLI</p>","","","training","","","","","","","",""
"null","null","html-keyboard-response","456","991385","0.0-17.0-0.44","65fad6c874ac75642ffc254b","69de1b11a980ed2dab60a60c","69dfbf73db50084e9ea4c1a0","<p style=""font-size: 60px; font-family: FragmentMono"">GEUHQZBG</p>","","","training","","","","","","","",""
"null","null","html-keyboard-response","457","992394","0.0-17.0-0.45","65fad6c874ac75642ffc254b","69de1b11a980ed2dab60a60c","69dfbf73db50084e9ea4c1a0","<p style=""font-size: 60px; font-family: FragmentMono"">PKCBHXHO</p>","","","training","","","","","","","",""
"null","null","html-keyboard-response","458","993412","0.0-17.0-0.46","65fad6c874ac75642ffc254b","69de1b11a980ed2dab60a60c","69dfbf73db50084e9ea4c1a0","<p style=""font-size: 60px; font-family: FragmentMono"">TREHCWV</p>","","","training","","","","","","","",""
"null","null","html-keyboard-response","459","994421","0.0-17.0-0.47","65fad6c874ac75642ffc254b","69de1b11a980ed2dab60a60c","69dfbf73db50084e9ea4c1a0","<p style=""font-size: 60px; font-family: FragmentMono"">OGDSKSQBU</p>","","","training","","","","","","","",""
"null","null","html-keyboard-response","460","995438","0.0-17.0-0.48","65fad6c874ac75642ffc254b","69de1b11a980ed2dab60a60c","69dfbf73db50084e9ea4c1a0","<p style=""font-size: 60px; font-family: FragmentMono"">UXVTICWV</p>","","","training","","","","","","","",""
"null","null","html-keyboard-response","461","996453","0.0-17.0-0.49","65fad6c874ac75642ffc254b","69de1b11a980ed2dab60a60c","69dfbf73db50084e9ea4c1a0","<p style=""font-size: 60px; font-family: FragmentMono"">OGDSKYAHE</p>","","","training","","","","","","","",""
"null","null","html-keyboard-response","462","997454","0.0-17.0-0.50","65fad6c874ac75642ffc254b","69de1b11a980ed2dab60a60c","69dfbf73db50084e9ea4c1a0","<p style=""font-size: 60px; font-family: FragmentMono"">ULUJXILS</p>","","","training","","","","","","","",""
"null","null","html-keyboard-response","463","998457","0.0-17.0-0.51","65fad6c874ac75642ffc254b","69de1b11a980ed2dab60a60c","69dfbf73db50084e9ea4c1a0","<p style=""font-size: 60px; font-family: FragmentMono"">ILGFPYB</p>","","","training","","","","","","","",""
"null","null","html-keyboard-response","464","999473","0.0-17.0-0.52","65fad6c874ac75642ffc254b","69de1b11a980ed2dab60a60c","69dfbf73db50084e9ea4c1a0","<p style=""font-size: 60px; font-family: FragmentMono"">XRJWXILS</p>","","","training","","","","","","","",""
"null","null","html-keyboard-response","465","1000488","0.0-17.0-0.53","65fad6c874ac75642ffc254b","69de1b11a980ed2dab60a60c","69dfbf73db50084e9ea4c1a0","<p style=""font-size: 60px; font-family: FragmentMono"">XFSVMWYP</p>","","","training","","","","","","","",""
"null","null","html-keyboard-response","466","1001490","0.0-17.0-0.54","65fad6c874ac75642ffc254b","69de1b11a980ed2dab60a60c","69dfbf73db50084e9ea4c1a0","<p style=""font-size: 60px; font-family: FragmentMono"">OGDSKCAVY</p>","","","training","","","","","","","",""
"null","null","html-keyboard-response","467","1002491","0.0-17.0-0.55","65fad6c874ac75642ffc254b","69de1b11a980ed2dab60a60c","69dfbf73db50084e9ea4c1a0","<p style=""font-size: 60px; font-family: FragmentMono"">XFSVZBG</p>","","","training","","","","","","","",""
"null","null","html-keyboard-response","468","1003507","0.0-17.0-0.56","65fad6c874ac75642ffc254b","69de1b11a980ed2dab60a60c","69dfbf73db50084e9ea4c1a0","<p style=""font-size: 60px; font-family: FragmentMono"">OAYACWV</p>","","","training","","","","","","","",""
"null","null","html-keyboard-response","469","1004515","0.0-17.0-0.57","65fad6c874ac75642ffc254b","69de1b11a980ed2dab60a60c","69dfbf73db50084e9ea4c1a0","<p style=""font-size: 60px; font-family: FragmentMono"">XQTKWDXLI</p>","","","training","","","","","","","",""
"null","null","html-keyboard-response","470","1005526","0.0-17.0-0.58","65fad6c874ac75642ffc254b","69de1b11a980ed2dab60a60c","69dfbf73db50084e9ea4c1a0","<p style=""font-size: 60px; font-family: FragmentMono"">XVELSXILS</p>","","","training","","","","","","","",""
"null","null","html-keyboard-response","471","1006542","0.0-17.0-0.59","65fad6c874ac75642ffc254b","69de1b11a980ed2dab60a60c","69dfbf73db50084e9ea4c1a0","<p style=""font-size: 60px; font-family: FragmentMono"">OGPGLYAHE</p>","","","training","","","","","","","",""
"null","null","html-keyboard-response","472","1007558","0.0-17.0-0.60","65fad6c874ac75642ffc254b","69de1b11a980ed2dab60a60c","69dfbf73db50084e9ea4c1a0","<p style=""font-size: 60px; font-family: FragmentMono"">TREHXILS</p>","","","training","","","","","","","",""
"null","null","html-keyboard-response","473","1008567","0.0-17.0-0.61","65fad6c874ac75642ffc254b","69de1b11a980ed2dab60a60c","69dfbf73db50084e9ea4c1a0","<p style=""font-size: 60px; font-family: FragmentMono"">SCEIPYB</p>","","","training","","","","","","","",""
"null","null","html-keyboard-response","474","1009576","0.0-17.0-0.62","65fad6c874ac75642ffc254b","69de1b11a980ed2dab60a60c","69dfbf73db50084e9ea4c1a0","<p style=""font-size: 60px; font-family: FragmentMono"">XVELSXHO</p>","","","training","","","","","","","",""
"null","null","html-keyboard-response","475","1010593","0.0-17.0-0.63","65fad6c874ac75642ffc254b","69de1b11a980ed2dab60a60c","69dfbf73db50084e9ea4c1a0","<p style=""font-size: 60px; font-family: FragmentMono"">XUFECAVY</p>","","","training","","","","","","","",""
"null","null","html-keyboard-response","476","1011602","0.0-17.0-0.64","65fad6c874ac75642ffc254b","69de1b11a980ed2dab60a60c","69dfbf73db50084e9ea4c1a0","<p style=""font-size: 60px; font-family: FragmentMono"">XVELSCWV</p>","","","training","","","","","","","",""
"null","null","html-keyboard-response","477","1012611","0.0-17.0-0.65","65fad6c874ac75642ffc254b","69de1b11a980ed2dab60a60c","69dfbf73db50084e9ea4c1a0","<p style=""font-size: 60px; font-family: FragmentMono"">XEMOYAHE</p>","","","training","","","","","","","",""
"null","null","html-keyboard-response","478","1013620","0.0-17.0-0.66","65fad6c874ac75642ffc254b","69de1b11a980ed2dab60a60c","69dfbf73db50084e9ea4c1a0","<p style=""font-size: 60px; font-family: FragmentMono"">SCEIXILS</p>","","","training","","","","","","","",""
"null","null","html-keyboard-response","479","1014636","0.0-17.0-0.67","65fad6c874ac75642ffc254b","69de1b11a980ed2dab60a60c","69dfbf73db50084e9ea4c1a0","<p style=""font-size: 60px; font-family: FragmentMono"">EKCYGYAHE</p>","","","training","","","","","","","",""
"null","null","html-keyboard-response","480","1015653","0.0-17.0-0.68","65fad6c874ac75642ffc254b","69de1b11a980ed2dab60a60c","69dfbf73db50084e9ea4c1a0","<p style=""font-size: 60px; font-family: FragmentMono"">XEMOZBG</p>","","","training","","","","","","","",""
"null","null","html-keyboard-response","481","1016670","0.0-17.0-0.69","65fad6c874ac75642ffc254b","69de1b11a980ed2dab60a60c","69dfbf73db50084e9ea4c1a0","<p style=""font-size: 60px; font-family: FragmentMono"">GUVRSQBU</p>","","","training","","","","","","","",""
"null","null","html-keyboard-response","482","1017672","0.0-17.0-0.70","65fad6c874ac75642ffc254b","69de1b11a980ed2dab60a60c","69dfbf73db50084e9ea4c1a0","<p style=""font-size: 60px; font-family: FragmentMono"">XRJWPYB</p>","","","training","","","","","","","",""
"null","null","html-keyboard-response","483","1018684","0.0-17.0-0.71","65fad6c874ac75642ffc254b","69de1b11a980ed2dab60a60c","69dfbf73db50084e9ea4c1a0","<p style=""font-size: 60px; font-family: FragmentMono"">ILGFXILS</p>","","","training","","","","","","","",""
"null","null","html-keyboard-response","484","1019696","0.0-17.0-0.72","65fad6c874ac75642ffc254b","69de1b11a980ed2dab60a60c","69dfbf73db50084e9ea4c1a0","<p style=""font-size: 60px; font-family: FragmentMono"">ULUJPYB</p>","","","training","","","","","","","",""
"null","null","html-keyboard-response","485","1020705","0.0-17.0-0.73","65fad6c874ac75642ffc254b","69de1b11a980ed2dab60a60c","69dfbf73db50084e9ea4c1a0","<p style=""font-size: 60px; font-family: FragmentMono"">GUVRZBG</p>","","","training","","","","","","","",""
"null","null","html-keyboard-response","486","1021714","0.0-17.0-0.74","65fad6c874ac75642ffc254b","69de1b11a980ed2dab60a60c","69dfbf73db50084e9ea4c1a0","<p style=""font-size: 60px; font-family: FragmentMono"">EKCYGCAVY</p>","","","training","","","","","","","",""
"null","null","html-keyboard-response","487","1022716","0.0-17.0-0.75","65fad6c874ac75642ffc254b","69de1b11a980ed2dab60a60c","69dfbf73db50084e9ea4c1a0","<p style=""font-size: 60px; font-family: FragmentMono"">OAYAPYB</p>","","","training","","","","","","","",""
"null","null","html-keyboard-response","488","1023725","0.0-17.0-0.76","65fad6c874ac75642ffc254b","69de1b11a980ed2dab60a60c","69dfbf73db50084e9ea4c1a0","<p style=""font-size: 60px; font-family: FragmentMono"">UXVTIDXLI</p>","","","training","","","","","","","",""
"null","null","html-keyboard-response","489","1024731","0.0-17.0-0.77","65fad6c874ac75642ffc254b","69de1b11a980ed2dab60a60c","69dfbf73db50084e9ea4c1a0","<p style=""font-size: 60px; font-family: FragmentMono"">NOQIMWYP</p>","","","training","","","","","","","",""
"null","null","html-keyboard-response","490","1025733","0.0-17.0-0.78","65fad6c874ac75642ffc254b","69de1b11a980ed2dab60a60c","69dfbf73db50084e9ea4c1a0","<p style=""font-size: 60px; font-family: FragmentMono"">XUFEYAHE</p>","","","training","","","","","","","",""
"null","null","html-keyboard-response","491","1026741","0.0-17.0-0.79","65fad6c874ac75642ffc254b","69de1b11a980ed2dab60a60c","69dfbf73db50084e9ea4c1a0","<p style=""font-size: 60px; font-family: FragmentMono"">GUVRCAVY</p>","","","training","","","","","","","",""
"98831"," ","html-keyboard-response","492","1125569","0.0-18.0","65fad6c874ac75642ffc254b","69de1b11a980ed2dab60a60c","69dfbf73db50084e9ea4c1a0","<p style=""font-size: 30px"">Great, you've seen the sixth block of words. You may now take a short break.</p>
      <p style=""font-size: 30px"">Press the spacebar when you're ready to continue.</p>","","","","","","","","","","",""
"null","null","html-keyboard-response","493","1126576","0.0-19.0-0.0","65fad6c874ac75642ffc254b","69de1b11a980ed2dab60a60c","69dfbf73db50084e9ea4c1a0","<p style=""font-size: 60px; font-family: FragmentMono"">GUVRCAVY</p>","","","training","","","","","","","",""
"null","null","html-keyboard-response","494","1127586","0.0-19.0-0.1","65fad6c874ac75642ffc254b","69de1b11a980ed2dab60a60c","69dfbf73db50084e9ea4c1a0","<p style=""font-size: 60px; font-family: FragmentMono"">TREHPYB</p>","","","training","","","","","","","",""
"null","null","html-keyboard-response","495","1128599","0.0-19.0-0.2","65fad6c874ac75642ffc254b","69de1b11a980ed2dab60a60c","69dfbf73db50084e9ea4c1a0","<p style=""font-size: 60px; font-family: FragmentMono"">OGPGLYAHE</p>","","","training","","","","","","","",""
"null","null","html-keyboard-response","496","1129611","0.0-19.0-0.3","65fad6c874ac75642ffc254b","69de1b11a980ed2dab60a60c","69dfbf73db50084e9ea4c1a0","<p style=""font-size: 60px; font-family: FragmentMono"">JKGDCAVY</p>","","","training","","","","","","","",""
"null","null","html-keyboard-response","497","1130617","0.0-19.0-0.4","65fad6c874ac75642ffc254b","69de1b11a980ed2dab60a60c","69dfbf73db50084e9ea4c1a0","<p style=""font-size: 60px; font-family: FragmentMono"">GEUHQZBG</p>","","","training","","","","","","","",""
"null","null","html-keyboard-response","498","1131633","0.0-19.0-0.5","65fad6c874ac75642ffc254b","69de1b11a980ed2dab60a60c","69dfbf73db50084e9ea4c1a0","<p style=""font-size: 60px; font-family: FragmentMono"">UXVTIXILS</p>","","","training","","","","","","","",""
"null","null","html-keyboard-response","499","1132650","0.0-19.0-0.6","65fad6c874ac75642ffc254b","69de1b11a980ed2dab60a60c","69dfbf73db50084e9ea4c1a0","<p style=""font-size: 60px; font-family: FragmentMono"">JKGDSQBU</p>","","","training","","","","","","","",""
"null","null","html-keyboard-response","500","1133660","0.0-19.0-0.7","65fad6c874ac75642ffc254b","69de1b11a980ed2dab60a60c","69dfbf73db50084e9ea4c1a0","<p style=""font-size: 60px; font-family: FragmentMono"">OGDSKCAVY</p>","","","training","","","","","","","",""
"null","null","html-keyboard-response","501","1134677","0.0-19.0-0.8","65fad6c874ac75642ffc254b","69de1b11a980ed2dab60a60c","69dfbf73db50084e9ea4c1a0","<p style=""font-size: 60px; font-family: FragmentMono"">PKCBHXHO</p>","","","training","","","","","","","",""
"null","null","html-keyboard-response","502","1135685","0.0-19.0-0.9","65fad6c874ac75642ffc254b","69de1b11a980ed2dab60a60c","69dfbf73db50084e9ea4c1a0","<p style=""font-size: 60px; font-family: FragmentMono"">ULUJDXLI</p>","","","training","","","","","","","",""
"null","null","html-keyboard-response","503","1136688","0.0-19.0-0.10","65fad6c874ac75642ffc254b","69de1b11a980ed2dab60a60c","69dfbf73db50084e9ea4c1a0","<p style=""font-size: 60px; font-family: FragmentMono"">EKCYGYAHE</p>","","","training","","","","","","","",""
"null","null","html-keyboard-response","504","1137696","0.0-19.0-0.11","65fad6c874ac75642ffc254b","69de1b11a980ed2dab60a60c","69dfbf73db50084e9ea4c1a0","<p style=""font-size: 60px; font-family: FragmentMono"">XQTKWDXLI</p>","","","training","","","","","","","",""
"null","null","html-keyboard-response","505","1138710","0.0-19.0-0.12","65fad6c874ac75642ffc254b","69de1b11a980ed2dab60a60c","69dfbf73db50084e9ea4c1a0","<p style=""font-size: 60px; font-family: FragmentMono"">ILGFPYB</p>","","","training","","","","","","","",""
"null","null","html-keyboard-response","506","1139722","0.0-19.0-0.13","65fad6c874ac75642ffc254b","69de1b11a980ed2dab60a60c","69dfbf73db50084e9ea4c1a0","<p style=""font-size: 60px; font-family: FragmentMono"">TREHDXLI</p>","","","training","","","","","","","",""
"null","null","html-keyboard-response","507","1140729","0.0-19.0-0.14","65fad6c874ac75642ffc254b","69de1b11a980ed2dab60a60c","69dfbf73db50084e9ea4c1a0","<p style=""font-size: 60px; font-family: FragmentMono"">SCEIXILS</p>","","","training","","","","","","","",""
"null","null","html-keyboard-response","508","1141739","0.0-19.0-0.15","65fad6c874ac75642ffc254b","69de1b11a980ed2dab60a60c","69dfbf73db50084e9ea4c1a0","<p style=""font-size: 60px; font-family: FragmentMono"">XEMOYAHE</p>","","","training","","","","","","","",""
"null","null","html-keyboard-response","509","1142755","0.0-19.0-0.16","65fad6c874ac75642ffc254b","69de1b11a980ed2dab60a60c","69dfbf73db50084e9ea4c1a0","<p style=""font-size: 60px; font-family: FragmentMono"">UXVTIXHO</p>","","","training","","","","","","","",""
"null","null","html-keyboard-response","510","1143765","0.0-19.0-0.17","65fad6c874ac75642ffc254b","69de1b11a980ed2dab60a60c","69dfbf73db50084e9ea4c1a0","<p style=""font-size: 60px; font-family: FragmentMono"">NOQIMWYP</p>","","","training","","","","","","","",""
"null","null","html-keyboard-response","511","1144773","0.0-19.0-0.18","65fad6c874ac75642ffc254b","69de1b11a980ed2dab60a60c","69dfbf73db50084e9ea4c1a0","<p style=""font-size: 60px; font-family: FragmentMono"">XFSVYAHE</p>","","","training","","","","","","","",""
"null","null","html-keyboard-response","512","1145775","0.0-19.0-0.19","65fad6c874ac75642ffc254b","69de1b11a980ed2dab60a60c","69dfbf73db50084e9ea4c1a0","<p style=""font-size: 60px; font-family: FragmentMono"">NOQICAVY</p>","","","training","","","","","","","",""
"null","null","html-keyboard-response","513","1146791","0.0-19.0-0.20","65fad6c874ac75642ffc254b","69de1b11a980ed2dab60a60c","69dfbf73db50084e9ea4c1a0","<p style=""font-size: 60px; font-family: FragmentMono"">PKCBHCWV</p>","","","training","","","","","","","",""
"null","null","html-keyboard-response","514","1147807","0.0-19.0-0.21","65fad6c874ac75642ffc254b","69de1b11a980ed2dab60a60c","69dfbf73db50084e9ea4c1a0","<p style=""font-size: 60px; font-family: FragmentMono"">GUVRSQBU</p>","","","training","","","","","","","",""
"null","null","html-keyboard-response","515","1148822","0.0-19.0-0.22","65fad6c874ac75642ffc254b","69de1b11a980ed2dab60a60c","69dfbf73db50084e9ea4c1a0","<p style=""font-size: 60px; font-family: FragmentMono"">EKCYGMWYP</p>","","","training","","","","","","","",""
"null","null","html-keyboard-response","516","1149833","0.0-19.0-0.23","65fad6c874ac75642ffc254b","69de1b11a980ed2dab60a60c","69dfbf73db50084e9ea4c1a0","<p style=""font-size: 60px; font-family: FragmentMono"">XFSVZBG</p>","","","training","","","","","","","",""
"null","null","html-keyboard-response","517","1150834","0.0-19.0-0.24","65fad6c874ac75642ffc254b","69de1b11a980ed2dab60a60c","69dfbf73db50084e9ea4c1a0","<p style=""font-size: 60px; font-family: FragmentMono"">GUVRMWYP</p>","","","training","","","","","","","",""
"null","null","html-keyboard-response","518","1151841","0.0-19.0-0.25","65fad6c874ac75642ffc254b","69de1b11a980ed2dab60a60c","69dfbf73db50084e9ea4c1a0","<p style=""font-size: 60px; font-family: FragmentMono"">GEUHQSQBU</p>","","","training","","","","","","","",""
"null","null","html-keyboard-response","519","1152843","0.0-19.0-0.26","65fad6c874ac75642ffc254b","69de1b11a980ed2dab60a60c","69dfbf73db50084e9ea4c1a0","<p style=""font-size: 60px; font-family: FragmentMono"">NOQIYAHE</p>","","","training","","","","","","","",""
"null","null","html-keyboard-response","520","1153861","0.0-19.0-0.27","65fad6c874ac75642ffc254b","69de1b11a980ed2dab60a60c","69dfbf73db50084e9ea4c1a0","<p style=""font-size: 60px; font-family: FragmentMono"">XEMOMWYP</p>","","","training","","","","","","","",""
"null","null","html-keyboard-response","521","1154862","0.0-19.0-0.28","65fad6c874ac75642ffc254b","69de1b11a980ed2dab60a60c","69dfbf73db50084e9ea4c1a0","<p style=""font-size: 60px; font-family: FragmentMono"">OAYACWV</p>","","","training","","","","","","","",""
"null","null","html-keyboard-response","522","1155878","0.0-19.0-0.29","65fad6c874ac75642ffc254b","69de1b11a980ed2dab60a60c","69dfbf73db50084e9ea4c1a0","<p style=""font-size: 60px; font-family: FragmentMono"">EKCYGCAVY</p>","","","training","","","","","","","",""
"null","null","html-keyboard-response","523","1156894","0.0-19.0-0.30","65fad6c874ac75642ffc254b","69de1b11a980ed2dab60a60c","69dfbf73db50084e9ea4c1a0","<p style=""font-size: 60px; font-family: FragmentMono"">XEMOSQBU</p>","","","training","","","","","","","",""
"null","null","html-keyboard-response","524","1157896","0.0-19.0-0.31","65fad6c874ac75642ffc254b","69de1b11a980ed2dab60a60c","69dfbf73db50084e9ea4c1a0","<p style=""font-size: 60px; font-family: FragmentMono"">TREHXILS</p>","","","training","","","","","","","",""
"null","null","html-keyboard-response","525","1158913","0.0-19.0-0.32","65fad6c874ac75642ffc254b","69de1b11a980ed2dab60a60c","69dfbf73db50084e9ea4c1a0","<p style=""font-size: 60px; font-family: FragmentMono"">PKCBHPYB</p>","","","training","","","","","","","",""
"null","null","html-keyboard-response","526","1159914","0.0-19.0-0.33","65fad6c874ac75642ffc254b","69de1b11a980ed2dab60a60c","69dfbf73db50084e9ea4c1a0","<p style=""font-size: 60px; font-family: FragmentMono"">OGDSKYAHE</p>","","","training","","","","","","","",""
"null","null","html-keyboard-response","527","1160921","0.0-19.0-0.34","65fad6c874ac75642ffc254b","69de1b11a980ed2dab60a60c","69dfbf73db50084e9ea4c1a0","<p style=""font-size: 60px; font-family: FragmentMono"">XQTKWCWV</p>","","","training","","","","","","","",""
"null","null","html-keyboard-response","528","1161935","0.0-19.0-0.35","65fad6c874ac75642ffc254b","69de1b11a980ed2dab60a60c","69dfbf73db50084e9ea4c1a0","<p style=""font-size: 60px; font-family: FragmentMono"">ULUJPYB</p>","","","training","","","","","","","",""
"null","null","html-keyboard-response","529","1162946","0.0-19.0-0.36","65fad6c874ac75642ffc254b","69de1b11a980ed2dab60a60c","69dfbf73db50084e9ea4c1a0","<p style=""font-size: 60px; font-family: FragmentMono"">XFSVMWYP</p>","","","training","","","","","","","",""
"null","null","html-keyboard-response","530","1163963","0.0-19.0-0.37","65fad6c874ac75642ffc254b","69de1b11a980ed2dab60a60c","69dfbf73db50084e9ea4c1a0","<p style=""font-size: 60px; font-family: FragmentMono"">SCEIDXLI</p>","","","training","","","","","","","",""
"null","null","html-keyboard-response","531","1164980","0.0-19.0-0.38","65fad6c874ac75642ffc254b","69de1b11a980ed2dab60a60c","69dfbf73db50084e9ea4c1a0","<p style=""font-size: 60px; font-family: FragmentMono"">JKGDZBG</p>","","","training","","","","","","","",""
"null","null","html-keyboard-response","532","1165990","0.0-19.0-0.39","65fad6c874ac75642ffc254b","69de1b11a980ed2dab60a60c","69dfbf73db50084e9ea4c1a0","<p style=""font-size: 60px; font-family: FragmentMono"">XQTKWPYB</p>","","","training","","","","","","","",""
"null","null","html-keyboard-response","533","1166993","0.0-19.0-0.40","65fad6c874ac75642ffc254b","69de1b11a980ed2dab60a60c","69dfbf73db50084e9ea4c1a0","<p style=""font-size: 60px; font-family: FragmentMono"">XUFESQBU</p>","","","training","","","","","","","",""
"null","null","html-keyboard-response","534","1168000","0.0-19.0-0.41","65fad6c874ac75642ffc254b","69de1b11a980ed2dab60a60c","69dfbf73db50084e9ea4c1a0","<p style=""font-size: 60px; font-family: FragmentMono"">XRJWPYB</p>","","","training","","","","","","","",""
"null","null","html-keyboard-response","535","1169008","0.0-19.0-0.42","65fad6c874ac75642ffc254b","69de1b11a980ed2dab60a60c","69dfbf73db50084e9ea4c1a0","<p style=""font-size: 60px; font-family: FragmentMono"">XQTKWXHO</p>","","","training","","","","","","","",""
"null","null","html-keyboard-response","536","1170015","0.0-19.0-0.43","65fad6c874ac75642ffc254b","69de1b11a980ed2dab60a60c","69dfbf73db50084e9ea4c1a0","<p style=""font-size: 60px; font-family: FragmentMono"">XVELSCWV</p>","","","training","","","","","","","",""
"null","null","html-keyboard-response","537","1171018","0.0-19.0-0.44","65fad6c874ac75642ffc254b","69de1b11a980ed2dab60a60c","69dfbf73db50084e9ea4c1a0","<p style=""font-size: 60px; font-family: FragmentMono"">EKCYGSQBU</p>","","","training","","","","","","","",""
"null","null","html-keyboard-response","538","1172034","0.0-19.0-0.45","65fad6c874ac75642ffc254b","69de1b11a980ed2dab60a60c","69dfbf73db50084e9ea4c1a0","<p style=""font-size: 60px; font-family: FragmentMono"">OAYAXILS</p>","","","training","","","","","","","",""
"null","null","html-keyboard-response","539","1173042","0.0-19.0-0.46","65fad6c874ac75642ffc254b","69de1b11a980ed2dab60a60c","69dfbf73db50084e9ea4c1a0","<p style=""font-size: 60px; font-family: FragmentMono"">XRJWCWV</p>","","","training","","","","","","","",""
"null","null","html-keyboard-response","540","1174051","0.0-19.0-0.47","65fad6c874ac75642ffc254b","69de1b11a980ed2dab60a60c","69dfbf73db50084e9ea4c1a0","<p style=""font-size: 60px; font-family: FragmentMono"">GUVRZBG</p>","","","training","","","","","","","",""
"null","null","html-keyboard-response","541","1175060","0.0-19.0-0.48","65fad6c874ac75642ffc254b","69de1b11a980ed2dab60a60c","69dfbf73db50084e9ea4c1a0","<p style=""font-size: 60px; font-family: FragmentMono"">XUFECAVY</p>","","","training","","","","","","","",""
"null","null","html-keyboard-response","542","1176077","0.0-19.0-0.49","65fad6c874ac75642ffc254b","69de1b11a980ed2dab60a60c","69dfbf73db50084e9ea4c1a0","<p style=""font-size: 60px; font-family: FragmentMono"">UXVTICWV</p>","","","training","","","","","","","",""
"null","null","html-keyboard-response","543","1177085","0.0-19.0-0.50","65fad6c874ac75642ffc254b","69de1b11a980ed2dab60a60c","69dfbf73db50084e9ea4c1a0","<p style=""font-size: 60px; font-family: FragmentMono"">XUFEYAHE</p>","","","training","","","","","","","",""
"null","null","html-keyboard-response","544","1178096","0.0-19.0-0.51","65fad6c874ac75642ffc254b","69de1b11a980ed2dab60a60c","69dfbf73db50084e9ea4c1a0","<p style=""font-size: 60px; font-family: FragmentMono"">ILGFCWV</p>","","","training","","","","","","","",""
"null","null","html-keyboard-response","545","1179111","0.0-19.0-0.52","65fad6c874ac75642ffc254b","69de1b11a980ed2dab60a60c","69dfbf73db50084e9ea4c1a0","<p style=""font-size: 60px; font-family: FragmentMono"">XUFEZBG</p>","","","training","","","","","","","",""
"null","null","html-keyboard-response","546","1180128","0.0-19.0-0.53","65fad6c874ac75642ffc254b","69de1b11a980ed2dab60a60c","69dfbf73db50084e9ea4c1a0","<p style=""font-size: 60px; font-family: FragmentMono"">ULUJXHO</p>","","","training","","","","","","","",""
"null","null","html-keyboard-response","547","1181136","0.0-19.0-0.54","65fad6c874ac75642ffc254b","69de1b11a980ed2dab60a60c","69dfbf73db50084e9ea4c1a0","<p style=""font-size: 60px; font-family: FragmentMono"">NOQIZBG</p>","","","training","","","","","","","",""
"null","null","html-keyboard-response","548","1182139","0.0-19.0-0.55","65fad6c874ac75642ffc254b","69de1b11a980ed2dab60a60c","69dfbf73db50084e9ea4c1a0","<p style=""font-size: 60px; font-family: FragmentMono"">XFSVCAVY</p>","","","training","","","","","","","",""
"null","null","html-keyboard-response","549","1183147","0.0-19.0-0.56","65fad6c874ac75642ffc254b","69de1b11a980ed2dab60a60c","69dfbf73db50084e9ea4c1a0","<p style=""font-size: 60px; font-family: FragmentMono"">OGPGLSQBU</p>","","","training","","","","","","","",""
"null","null","html-keyboard-response","550","1184163","0.0-19.0-0.57","65fad6c874ac75642ffc254b","69de1b11a980ed2dab60a60c","69dfbf73db50084e9ea4c1a0","<p style=""font-size: 60px; font-family: FragmentMono"">XEMOZBG</p>","","","training","","","","","","","",""
"null","null","html-keyboard-response","551","1185180","0.0-19.0-0.58","65fad6c874ac75642ffc254b","69de1b11a980ed2dab60a60c","69dfbf73db50084e9ea4c1a0","<p style=""font-size: 60px; font-family: FragmentMono"">ILGFXILS</p>","","","training","","","","","","","",""
"null","null","html-keyboard-response","552","1186194","0.0-19.0-0.59","65fad6c874ac75642ffc254b","69de1b11a980ed2dab60a60c","69dfbf73db50084e9ea4c1a0","<p style=""font-size: 60px; font-family: FragmentMono"">PKCBHDXLI</p>","","","training","","","","","","","",""
"null","null","html-keyboard-response","553","1187209","0.0-19.0-0.60","65fad6c874ac75642ffc254b","69de1b11a980ed2dab60a60c","69dfbf73db50084e9ea4c1a0","<p style=""font-size: 60px; font-family: FragmentMono"">XVELSXHO</p>","","","training","","","","","","","",""
"null","null","html-keyboard-response","554","1188211","0.0-19.0-0.61","65fad6c874ac75642ffc254b","69de1b11a980ed2dab60a60c","69dfbf73db50084e9ea4c1a0","<p style=""font-size: 60px; font-family: FragmentMono"">ILGFDXLI</p>","","","training","","","","","","","",""
"null","null","html-keyboard-response","555","1189227","0.0-19.0-0.62","65fad6c874ac75642ffc254b","69de1b11a980ed2dab60a60c","69dfbf73db50084e9ea4c1a0","<p style=""font-size: 60px; font-family: FragmentMono"">ULUJXILS</p>","","","training","","","","","","","",""
"null","null","html-keyboard-response","556","1190238","0.0-19.0-0.63","65fad6c874ac75642ffc254b","69de1b11a980ed2dab60a60c","69dfbf73db50084e9ea4c1a0","<p style=""font-size: 60px; font-family: FragmentMono"">GEUHQYAHE</p>","","","training","","","","","","","",""
"null","null","html-keyboard-response","557","1191246","0.0-19.0-0.64","65fad6c874ac75642ffc254b","69de1b11a980ed2dab60a60c","69dfbf73db50084e9ea4c1a0","<p style=""font-size: 60px; font-family: FragmentMono"">OGDSKSQBU</p>","","","training","","","","","","","",""
"null","null","html-keyboard-response","558","1192248","0.0-19.0-0.65","65fad6c874ac75642ffc254b","69de1b11a980ed2dab60a60c","69dfbf73db50084e9ea4c1a0","<p style=""font-size: 60px; font-family: FragmentMono"">OAYAXHO</p>","","","training","","","","","","","",""
"null","null","html-keyboard-response","559","1193255","0.0-19.0-0.66","65fad6c874ac75642ffc254b","69de1b11a980ed2dab60a60c","69dfbf73db50084e9ea4c1a0","<p style=""font-size: 60px; font-family: FragmentMono"">GEUHQMWYP</p>","","","training","","","","","","","",""
"null","null","html-keyboard-response","560","1194262","0.0-19.0-0.67","65fad6c874ac75642ffc254b","69de1b11a980ed2dab60a60c","69dfbf73db50084e9ea4c1a0","<p style=""font-size: 60px; font-family: FragmentMono"">XVELSXILS</p>","","","training","","","","","","","",""
"null","null","html-keyboard-response","561","1195273","0.0-19.0-0.68","65fad6c874ac75642ffc254b","69de1b11a980ed2dab60a60c","69dfbf73db50084e9ea4c1a0","<p style=""font-size: 60px; font-family: FragmentMono"">OGDSKZBG</p>","","","training","","","","","","","",""
"null","null","html-keyboard-response","562","1196275","0.0-19.0-0.69","65fad6c874ac75642ffc254b","69de1b11a980ed2dab60a60c","69dfbf73db50084e9ea4c1a0","<p style=""font-size: 60px; font-family: FragmentMono"">TREHCWV</p>","","","training","","","","","","","",""
"null","null","html-keyboard-response","563","1197281","0.0-19.0-0.70","65fad6c874ac75642ffc254b","69de1b11a980ed2dab60a60c","69dfbf73db50084e9ea4c1a0","<p style=""font-size: 60px; font-family: FragmentMono"">SCEIPYB</p>","","","training","","","","","","","",""
"null","null","html-keyboard-response","564","1198290","0.0-19.0-0.71","65fad6c874ac75642ffc254b","69de1b11a980ed2dab60a60c","69dfbf73db50084e9ea4c1a0","<p style=""font-size: 60px; font-family: FragmentMono"">XRJWXILS</p>","","","training","","","","","","","",""
"null","null","html-keyboard-response","565","1199294","0.0-19.0-0.72","65fad6c874ac75642ffc254b","69de1b11a980ed2dab60a60c","69dfbf73db50084e9ea4c1a0","<p style=""font-size: 60px; font-family: FragmentMono"">OGPGLMWYP</p>","","","training","","","","","","","",""
"null","null","html-keyboard-response","566","1200301","0.0-19.0-0.73","65fad6c874ac75642ffc254b","69de1b11a980ed2dab60a60c","69dfbf73db50084e9ea4c1a0","<p style=""font-size: 60px; font-family: FragmentMono"">UXVTIDXLI</p>","","","training","","","","","","","",""
"null","null","html-keyboard-response","567","1201308","0.0-19.0-0.74","65fad6c874ac75642ffc254b","69de1b11a980ed2dab60a60c","69dfbf73db50084e9ea4c1a0","<p style=""font-size: 60px; font-family: FragmentMono"">XRJWXHO</p>","","","training","","","","","","","",""
"null","null","html-keyboard-response","568","1202317","0.0-19.0-0.75","65fad6c874ac75642ffc254b","69de1b11a980ed2dab60a60c","69dfbf73db50084e9ea4c1a0","<p style=""font-size: 60px; font-family: FragmentMono"">OAYAPYB</p>","","","training","","","","","","","",""
"null","null","html-keyboard-response","569","1203333","0.0-19.0-0.76","65fad6c874ac75642ffc254b","69de1b11a980ed2dab60a60c","69dfbf73db50084e9ea4c1a0","<p style=""font-size: 60px; font-family: FragmentMono"">JKGDMWYP</p>","","","training","","","","","","","",""
"null","null","html-keyboard-response","570","1204337","0.0-19.0-0.77","65fad6c874ac75642ffc254b","69de1b11a980ed2dab60a60c","69dfbf73db50084e9ea4c1a0","<p style=""font-size: 60px; font-family: FragmentMono"">XVELSDXLI</p>","","","training","","","","","","","",""
"null","null","html-keyboard-response","571","1205353","0.0-19.0-0.78","65fad6c874ac75642ffc254b","69de1b11a980ed2dab60a60c","69dfbf73db50084e9ea4c1a0","<p style=""font-size: 60px; font-family: FragmentMono"">SCEIXHO</p>","","","training","","","","","","","",""
"null","null","html-keyboard-response","572","1206360","0.0-19.0-0.79","65fad6c874ac75642ffc254b","69de1b11a980ed2dab60a60c","69dfbf73db50084e9ea4c1a0","<p style=""font-size: 60px; font-family: FragmentMono"">OGPGLCAVY</p>","","","training","","","","","","","",""
"188233"," ","html-keyboard-response","573","1394586","0.0-20.0","65fad6c874ac75642ffc254b","69de1b11a980ed2dab60a60c","69dfbf73db50084e9ea4c1a0","<p style=""font-size: 30px"">Great, you've seen the seventh block of words. You may now take a short break.</p>
      <p style=""font-size: 30px"">Press the spacebar when you're ready to continue.</p>","","","","","","","","","","",""
"null","null","html-keyboard-response","574","1395589","0.0-21.0-0.0","65fad6c874ac75642ffc254b","69de1b11a980ed2dab60a60c","69dfbf73db50084e9ea4c1a0","<p style=""font-size: 60px; font-family: FragmentMono"">ULUJXILS</p>","","","training","","","","","","","",""
"null","null","html-keyboard-response","575","1396599","0.0-21.0-0.1","65fad6c874ac75642ffc254b","69de1b11a980ed2dab60a60c","69dfbf73db50084e9ea4c1a0","<p style=""font-size: 60px; font-family: FragmentMono"">JKGDZBG</p>","","","training","","","","","","","",""
"null","null","html-keyboard-response","576","1397605","0.0-21.0-0.2","65fad6c874ac75642ffc254b","69de1b11a980ed2dab60a60c","69dfbf73db50084e9ea4c1a0","<p style=""font-size: 60px; font-family: FragmentMono"">SCEIXHO</p>","","","training","","","","","","","",""
"null","null","html-keyboard-response","577","1398608","0.0-21.0-0.3","65fad6c874ac75642ffc254b","69de1b11a980ed2dab60a60c","69dfbf73db50084e9ea4c1a0","<p style=""font-size: 60px; font-family: FragmentMono"">UXVTIXILS</p>","","","training","","","","","","","",""
"null","null","html-keyboard-response","578","1399617","0.0-21.0-0.4","65fad6c874ac75642ffc254b","69de1b11a980ed2dab60a60c","69dfbf73db50084e9ea4c1a0","<p style=""font-size: 60px; font-family: FragmentMono"">XRJWPYB</p>","","","training","","","","","","","",""
"null","null","html-keyboard-response","579","1400621","0.0-21.0-0.5","65fad6c874ac75642ffc254b","69de1b11a980ed2dab60a60c","69dfbf73db50084e9ea4c1a0","<p style=""font-size: 60px; font-family: FragmentMono"">EKCYGCAVY</p>","","","training","","","","","","","",""
"null","null","html-keyboard-response","580","1401636","0.0-21.0-0.6","65fad6c874ac75642ffc254b","69de1b11a980ed2dab60a60c","69dfbf73db50084e9ea4c1a0","<p style=""font-size: 60px; font-family: FragmentMono"">TREHCWV</p>","","","training","","","","","","","",""
"null","null","html-keyboard-response","581","1402645","0.0-21.0-0.7","65fad6c874ac75642ffc254b","69de1b11a980ed2dab60a60c","69dfbf73db50084e9ea4c1a0","<p style=""font-size: 60px; font-family: FragmentMono"">GEUHQMWYP</p>","","","training","","","","","","","",""
"null","null","html-keyboard-response","582","1403651","0.0-21.0-0.8","65fad6c874ac75642ffc254b","69de1b11a980ed2dab60a60c","69dfbf73db50084e9ea4c1a0","<p style=""font-size: 60px; font-family: FragmentMono"">UXVTIXHO</p>","","","training","","","","","","","",""
"null","null","html-keyboard-response","583","1404654","0.0-21.0-0.9","65fad6c874ac75642ffc254b","69de1b11a980ed2dab60a60c","69dfbf73db50084e9ea4c1a0","<p style=""font-size: 60px; font-family: FragmentMono"">EKCYGSQBU</p>","","","training","","","","","","","",""
"null","null","html-keyboard-response","584","1405670","0.0-21.0-0.10","65fad6c874ac75642ffc254b","69de1b11a980ed2dab60a60c","69dfbf73db50084e9ea4c1a0","<p style=""font-size: 60px; font-family: FragmentMono"">XVELSXHO</p>","","","training","","","","","","","",""
"null","null","html-keyboard-response","585","1406672","0.0-21.0-0.11","65fad6c874ac75642ffc254b","69de1b11a980ed2dab60a60c","69dfbf73db50084e9ea4c1a0","<p style=""font-size: 60px; font-family: FragmentMono"">GUVRMWYP</p>","","","training","","","","","","","",""
"null","null","html-keyboard-response","586","1407688","0.0-21.0-0.12","65fad6c874ac75642ffc254b","69de1b11a980ed2dab60a60c","69dfbf73db50084e9ea4c1a0","<p style=""font-size: 60px; font-family: FragmentMono"">XFSVCAVY</p>","","","training","","","","","","","",""
"null","null","html-keyboard-response","587","1408690","0.0-21.0-0.13","65fad6c874ac75642ffc254b","69de1b11a980ed2dab60a60c","69dfbf73db50084e9ea4c1a0","<p style=""font-size: 60px; font-family: FragmentMono"">XRJWXILS</p>","","","training","","","","","","","",""
"null","null","html-keyboard-response","588","1409706","0.0-21.0-0.14","65fad6c874ac75642ffc254b","69de1b11a980ed2dab60a60c","69dfbf73db50084e9ea4c1a0","<p style=""font-size: 60px; font-family: FragmentMono"">OAYAXHO</p>","","","training","","","","","","","",""
"null","null","html-keyboard-response","589","1410709","0.0-21.0-0.15","65fad6c874ac75642ffc254b","69de1b11a980ed2dab60a60c","69dfbf73db50084e9ea4c1a0","<p style=""font-size: 60px; font-family: FragmentMono"">OGPGLSQBU</p>","","","training","","","","","","","",""
"null","null","html-keyboard-response","590","1411710","0.0-21.0-0.16","65fad6c874ac75642ffc254b","69de1b11a980ed2dab60a60c","69dfbf73db50084e9ea4c1a0","<p style=""font-size: 60px; font-family: FragmentMono"">EKCYGYAHE</p>","","","training","","","","","","","",""
"null","null","html-keyboard-response","591","1412715","0.0-21.0-0.17","65fad6c874ac75642ffc254b","69de1b11a980ed2dab60a60c","69dfbf73db50084e9ea4c1a0","<p style=""font-size: 60px; font-family: FragmentMono"">OGPGLCAVY</p>","","","training","","","","","","","",""
"null","null","html-keyboard-response","592","1413717","0.0-21.0-0.18","65fad6c874ac75642ffc254b","69de1b11a980ed2dab60a60c","69dfbf73db50084e9ea4c1a0","<p style=""font-size: 60px; font-family: FragmentMono"">TREHDXLI</p>","","","training","","","","","","","",""
"null","null","html-keyboard-response","593","1414724","0.0-21.0-0.19","65fad6c874ac75642ffc254b","69de1b11a980ed2dab60a60c","69dfbf73db50084e9ea4c1a0","<p style=""font-size: 60px; font-family: FragmentMono"">OAYAXILS</p>","","","training","","","","","","","",""
"null","null","html-keyboard-response","594","1415733","0.0-21.0-0.20","65fad6c874ac75642ffc254b","69de1b11a980ed2dab60a60c","69dfbf73db50084e9ea4c1a0","<p style=""font-size: 60px; font-family: FragmentMono"">XVELSDXLI</p>","","","training","","","","","","","",""
"null","null","html-keyboard-response","595","1416740","0.0-21.0-0.21","65fad6c874ac75642ffc254b","69de1b11a980ed2dab60a60c","69dfbf73db50084e9ea4c1a0","<p style=""font-size: 60px; font-family: FragmentMono"">JKGDMWYP</p>","","","training","","","","","","","",""
"null","null","html-keyboard-response","596","1417751","0.0-21.0-0.22","65fad6c874ac75642ffc254b","69de1b11a980ed2dab60a60c","69dfbf73db50084e9ea4c1a0","<p style=""font-size: 60px; font-family: FragmentMono"">UXVTICWV</p>","","","training","","","","","","","",""
"null","null","html-keyboard-response","597","1418767","0.0-21.0-0.23","65fad6c874ac75642ffc254b","69de1b11a980ed2dab60a60c","69dfbf73db50084e9ea4c1a0","<p style=""font-size: 60px; font-family: FragmentMono"">OGPGLYAHE</p>","","","training","","","","","","","",""
"null","null","html-keyboard-response","598","1419775","0.0-21.0-0.24","65fad6c874ac75642ffc254b","69de1b11a980ed2dab60a60c","69dfbf73db50084e9ea4c1a0","<p style=""font-size: 60px; font-family: FragmentMono"">SCEIPYB</p>","","","training","","","","","","","",""
"null","null","html-keyboard-response","599","1420791","0.0-21.0-0.25","65fad6c874ac75642ffc254b","69de1b11a980ed2dab60a60c","69dfbf73db50084e9ea4c1a0","<p style=""font-size: 60px; font-family: FragmentMono"">PKCBHCWV</p>","","","training","","","","","","","",""
"null","null","html-keyboard-response","600","1421795","0.0-21.0-0.26","65fad6c874ac75642ffc254b","69de1b11a980ed2dab60a60c","69dfbf73db50084e9ea4c1a0","<p style=""font-size: 60px; font-family: FragmentMono"">XUFECAVY</p>","","","training","","","","","","","",""
"null","null","html-keyboard-response","601","1422804","0.0-21.0-0.27","65fad6c874ac75642ffc254b","69de1b11a980ed2dab60a60c","69dfbf73db50084e9ea4c1a0","<p style=""font-size: 60px; font-family: FragmentMono"">XQTKWXHO</p>","","","training","","","","","","","",""
"null","null","html-keyboard-response","602","1423810","0.0-21.0-0.28","65fad6c874ac75642ffc254b","69de1b11a980ed2dab60a60c","69dfbf73db50084e9ea4c1a0","<p style=""font-size: 60px; font-family: FragmentMono"">GUVRSQBU</p>","","","training","","","","","","","",""
"null","null","html-keyboard-response","603","1424819","0.0-21.0-0.29","65fad6c874ac75642ffc254b","69de1b11a980ed2dab60a60c","69dfbf73db50084e9ea4c1a0","<p style=""font-size: 60px; font-family: FragmentMono"">PKCBHXHO</p>","","","training","","","","","","","",""
"null","null","html-keyboard-response","604","1425821","0.0-21.0-0.30","65fad6c874ac75642ffc254b","69de1b11a980ed2dab60a60c","69dfbf73db50084e9ea4c1a0","<p style=""font-size: 60px; font-family: FragmentMono"">OAYACWV</p>","","","training","","","","","","","",""
"null","null","html-keyboard-response","605","1426830","0.0-21.0-0.31","65fad6c874ac75642ffc254b","69de1b11a980ed2dab60a60c","69dfbf73db50084e9ea4c1a0","<p style=""font-size: 60px; font-family: FragmentMono"">XQTKWPYB</p>","","","training","","","","","","","",""
"null","null","html-keyboard-response","606","1427844","0.0-21.0-0.32","65fad6c874ac75642ffc254b","69de1b11a980ed2dab60a60c","69dfbf73db50084e9ea4c1a0","<p style=""font-size: 60px; font-family: FragmentMono"">XFSVYAHE</p>","","","training","","","","","","","",""
"null","null","html-keyboard-response","607","1428850","0.0-21.0-0.33","65fad6c874ac75642ffc254b","69de1b11a980ed2dab60a60c","69dfbf73db50084e9ea4c1a0","<p style=""font-size: 60px; font-family: FragmentMono"">OGPGLMWYP</p>","","","training","","","","","","","",""
"null","null","html-keyboard-response","608","1429862","0.0-21.0-0.34","65fad6c874ac75642ffc254b","69de1b11a980ed2dab60a60c","69dfbf73db50084e9ea4c1a0","<p style=""font-size: 60px; font-family: FragmentMono"">ULUJPYB</p>","","","training","","","","","","","",""
"null","null","html-keyboard-response","609","1430872","0.0-21.0-0.35","65fad6c874ac75642ffc254b","69de1b11a980ed2dab60a60c","69dfbf73db50084e9ea4c1a0","<p style=""font-size: 60px; font-family: FragmentMono"">XEMOYAHE</p>","","","training","","","","","","","",""
"null","null","html-keyboard-response","610","1431880","0.0-21.0-0.36","65fad6c874ac75642ffc254b","69de1b11a980ed2dab60a60c","69dfbf73db50084e9ea4c1a0","<p style=""font-size: 60px; font-family: FragmentMono"">NOQIZBG</p>","","","training","","","","","","","",""
"null","null","html-keyboard-response","611","1432890","0.0-21.0-0.37","65fad6c874ac75642ffc254b","69de1b11a980ed2dab60a60c","69dfbf73db50084e9ea4c1a0","<p style=""font-size: 60px; font-family: FragmentMono"">ULUJDXLI</p>","","","training","","","","","","","",""
"null","null","html-keyboard-response","612","1433904","0.0-21.0-0.38","65fad6c874ac75642ffc254b","69de1b11a980ed2dab60a60c","69dfbf73db50084e9ea4c1a0","<p style=""font-size: 60px; font-family: FragmentMono"">XVELSXILS</p>","","","training","","","","","","","",""
"null","null","html-keyboard-response","613","1434908","0.0-21.0-0.39","65fad6c874ac75642ffc254b","69de1b11a980ed2dab60a60c","69dfbf73db50084e9ea4c1a0","<p style=""font-size: 60px; font-family: FragmentMono"">OAYAPYB</p>","","","training","","","","","","","",""
"null","null","html-keyboard-response","614","1435916","0.0-21.0-0.40","65fad6c874ac75642ffc254b","69de1b11a980ed2dab60a60c","69dfbf73db50084e9ea4c1a0","<p style=""font-size: 60px; font-family: FragmentMono"">XUFESQBU</p>","","","training","","","","","","","",""
"null","null","html-keyboard-response","615","1436918","0.0-21.0-0.41","65fad6c874ac75642ffc254b","69de1b11a980ed2dab60a60c","69dfbf73db50084e9ea4c1a0","<p style=""font-size: 60px; font-family: FragmentMono"">PKCBHPYB</p>","","","training","","","","","","","",""
"null","null","html-keyboard-response","616","1437933","0.0-21.0-0.42","65fad6c874ac75642ffc254b","69de1b11a980ed2dab60a60c","69dfbf73db50084e9ea4c1a0","<p style=""font-size: 60px; font-family: FragmentMono"">UXVTIDXLI</p>","","","training","","","","","","","",""
"null","null","html-keyboard-response","617","1438941","0.0-21.0-0.43","65fad6c874ac75642ffc254b","69de1b11a980ed2dab60a60c","69dfbf73db50084e9ea4c1a0","<p style=""font-size: 60px; font-family: FragmentMono"">XEMOMWYP</p>","","","training","","","","","","","",""
"null","null","html-keyboard-response","618","1439949","0.0-21.0-0.44","65fad6c874ac75642ffc254b","69de1b11a980ed2dab60a60c","69dfbf73db50084e9ea4c1a0","<p style=""font-size: 60px; font-family: FragmentMono"">ILGFDXLI</p>","","","training","","","","","","","",""
"null","null","html-keyboard-response","619","1440951","0.0-21.0-0.45","65fad6c874ac75642ffc254b","69de1b11a980ed2dab60a60c","69dfbf73db50084e9ea4c1a0","<p style=""font-size: 60px; font-family: FragmentMono"">OGDSKSQBU</p>","","","training","","","","","","","",""
"null","null","html-keyboard-response","620","1441960","0.0-21.0-0.46","65fad6c874ac75642ffc254b","69de1b11a980ed2dab60a60c","69dfbf73db50084e9ea4c1a0","<p style=""font-size: 60px; font-family: FragmentMono"">NOQIYAHE</p>","","","training","","","","","","","",""
"null","null","html-keyboard-response","621","1442962","0.0-21.0-0.47","65fad6c874ac75642ffc254b","69de1b11a980ed2dab60a60c","69dfbf73db50084e9ea4c1a0","<p style=""font-size: 60px; font-family: FragmentMono"">XEMOSQBU</p>","","","training","","","","","","","",""
"null","null","html-keyboard-response","622","1443970","0.0-21.0-0.48","65fad6c874ac75642ffc254b","69de1b11a980ed2dab60a60c","69dfbf73db50084e9ea4c1a0","<p style=""font-size: 60px; font-family: FragmentMono"">NOQICAVY</p>","","","training","","","","","","","",""
"null","null","html-keyboard-response","623","1444985","0.0-21.0-0.49","65fad6c874ac75642ffc254b","69de1b11a980ed2dab60a60c","69dfbf73db50084e9ea4c1a0","<p style=""font-size: 60px; font-family: FragmentMono"">ULUJXHO</p>","","","training","","","","","","","",""
"null","null","html-keyboard-response","624","1445995","0.0-21.0-0.50","65fad6c874ac75642ffc254b","69de1b11a980ed2dab60a60c","69dfbf73db50084e9ea4c1a0","<p style=""font-size: 60px; font-family: FragmentMono"">XQTKWCWV</p>","","","training","","","","","","","",""
"null","null","html-keyboard-response","625","1447006","0.0-21.0-0.51","65fad6c874ac75642ffc254b","69de1b11a980ed2dab60a60c","69dfbf73db50084e9ea4c1a0","<p style=""font-size: 60px; font-family: FragmentMono"">GEUHQYAHE</p>","","","training","","","","","","","",""
"null","null","html-keyboard-response","626","1448012","0.0-21.0-0.52","65fad6c874ac75642ffc254b","69de1b11a980ed2dab60a60c","69dfbf73db50084e9ea4c1a0","<p style=""font-size: 60px; font-family: FragmentMono"">EKCYGMWYP</p>","","","training","","","","","","","",""
"null","null","html-keyboard-response","627","1449020","0.0-21.0-0.53","65fad6c874ac75642ffc254b","69de1b11a980ed2dab60a60c","69dfbf73db50084e9ea4c1a0","<p style=""font-size: 60px; font-family: FragmentMono"">GUVRCAVY</p>","","","training","","","","","","","",""
"null","null","html-keyboard-response","628","1450021","0.0-21.0-0.54","65fad6c874ac75642ffc254b","69de1b11a980ed2dab60a60c","69dfbf73db50084e9ea4c1a0","<p style=""font-size: 60px; font-family: FragmentMono"">OGDSKZBG</p>","","","training","","","","","","","",""
"null","null","html-keyboard-response","629","1451037","0.0-21.0-0.55","65fad6c874ac75642ffc254b","69de1b11a980ed2dab60a60c","69dfbf73db50084e9ea4c1a0","<p style=""font-size: 60px; font-family: FragmentMono"">XRJWXHO</p>","","","training","","","","","","","",""
"null","null","html-keyboard-response","630","1452039","0.0-21.0-0.56","65fad6c874ac75642ffc254b","69de1b11a980ed2dab60a60c","69dfbf73db50084e9ea4c1a0","<p style=""font-size: 60px; font-family: FragmentMono"">ILGFPYB</p>","","","training","","","","","","","",""
"null","null","html-keyboard-response","631","1453047","0.0-21.0-0.57","65fad6c874ac75642ffc254b","69de1b11a980ed2dab60a60c","69dfbf73db50084e9ea4c1a0","<p style=""font-size: 60px; font-family: FragmentMono"">XQTKWDXLI</p>","","","training","","","","","","","",""
"null","null","html-keyboard-response","632","1454064","0.0-21.0-0.58","65fad6c874ac75642ffc254b","69de1b11a980ed2dab60a60c","69dfbf73db50084e9ea4c1a0","<p style=""font-size: 60px; font-family: FragmentMono"">JKGDSQBU</p>","","","training","","","","","","","",""
"null","null","html-keyboard-response","633","1455079","0.0-21.0-0.59","65fad6c874ac75642ffc254b","69de1b11a980ed2dab60a60c","69dfbf73db50084e9ea4c1a0","<p style=""font-size: 60px; font-family: FragmentMono"">XUFEZBG</p>","","","training","","","","","","","",""
"null","null","html-keyboard-response","634","1456081","0.0-21.0-0.60","65fad6c874ac75642ffc254b","69de1b11a980ed2dab60a60c","69dfbf73db50084e9ea4c1a0","<p style=""font-size: 60px; font-family: FragmentMono"">XFSVMWYP</p>","","","training","","","","","","","",""
"null","null","html-keyboard-response","635","1457090","0.0-21.0-0.61","65fad6c874ac75642ffc254b","69de1b11a980ed2dab60a60c","69dfbf73db50084e9ea4c1a0","<p style=""font-size: 60px; font-family: FragmentMono"">XRJWCWV</p>","","","training","","","","","","","",""
"null","null","html-keyboard-response","636","1458106","0.0-21.0-0.62","65fad6c874ac75642ffc254b","69de1b11a980ed2dab60a60c","69dfbf73db50084e9ea4c1a0","<p style=""font-size: 60px; font-family: FragmentMono"">PKCBHDXLI</p>","","","training","","","","","","","",""
"null","null","html-keyboard-response","637","1459117","0.0-21.0-0.63","65fad6c874ac75642ffc254b","69de1b11a980ed2dab60a60c","69dfbf73db50084e9ea4c1a0","<p style=""font-size: 60px; font-family: FragmentMono"">GEUHQSQBU</p>","","","training","","","","","","","",""
"null","null","html-keyboard-response","638","1460132","0.0-21.0-0.64","65fad6c874ac75642ffc254b","69de1b11a980ed2dab60a60c","69dfbf73db50084e9ea4c1a0","<p style=""font-size: 60px; font-family: FragmentMono"">XEMOZBG</p>","","","training","","","","","","","",""
"null","null","html-keyboard-response","639","1461135","0.0-21.0-0.65","65fad6c874ac75642ffc254b","69de1b11a980ed2dab60a60c","69dfbf73db50084e9ea4c1a0","<p style=""font-size: 60px; font-family: FragmentMono"">OGDSKCAVY</p>","","","training","","","","","","","",""
"null","null","html-keyboard-response","640","1462142","0.0-21.0-0.66","65fad6c874ac75642ffc254b","69de1b11a980ed2dab60a60c","69dfbf73db50084e9ea4c1a0","<p style=""font-size: 60px; font-family: FragmentMono"">XUFEYAHE</p>","","","training","","","","","","","",""
"null","null","html-keyboard-response","641","1463150","0.0-21.0-0.67","65fad6c874ac75642ffc254b","69de1b11a980ed2dab60a60c","69dfbf73db50084e9ea4c1a0","<p style=""font-size: 60px; font-family: FragmentMono"">ILGFXILS</p>","","","training","","","","","","","",""
"null","null","html-keyboard-response","642","1464167","0.0-21.0-0.68","65fad6c874ac75642ffc254b","69de1b11a980ed2dab60a60c","69dfbf73db50084e9ea4c1a0","<p style=""font-size: 60px; font-family: FragmentMono"">XVELSCWV</p>","","","training","","","","","","","",""
"null","null","html-keyboard-response","643","1465176","0.0-21.0-0.69","65fad6c874ac75642ffc254b","69de1b11a980ed2dab60a60c","69dfbf73db50084e9ea4c1a0","<p style=""font-size: 60px; font-family: FragmentMono"">TREHPYB</p>","","","training","","","","","","","",""
"null","null","html-keyboard-response","644","1466192","0.0-21.0-0.70","65fad6c874ac75642ffc254b","69de1b11a980ed2dab60a60c","69dfbf73db50084e9ea4c1a0","<p style=""font-size: 60px; font-family: FragmentMono"">NOQIMWYP</p>","","","training","","","","","","","",""
"null","null","html-keyboard-response","645","1467204","0.0-21.0-0.71","65fad6c874ac75642ffc254b","69de1b11a980ed2dab60a60c","69dfbf73db50084e9ea4c1a0","<p style=""font-size: 60px; font-family: FragmentMono"">SCEIDXLI</p>","","","training","","","","","","","",""
"null","null","html-keyboard-response","646","1468217","0.0-21.0-0.72","65fad6c874ac75642ffc254b","69de1b11a980ed2dab60a60c","69dfbf73db50084e9ea4c1a0","<p style=""font-size: 60px; font-family: FragmentMono"">XFSVZBG</p>","","","training","","","","","","","",""
"null","null","html-keyboard-response","647","1469227","0.0-21.0-0.73","65fad6c874ac75642ffc254b","69de1b11a980ed2dab60a60c","69dfbf73db50084e9ea4c1a0","<p style=""font-size: 60px; font-family: FragmentMono"">ILGFCWV</p>","","","training","","","","","","","",""
"null","null","html-keyboard-response","648","1470234","0.0-21.0-0.74","65fad6c874ac75642ffc254b","69de1b11a980ed2dab60a60c","69dfbf73db50084e9ea4c1a0","<p style=""font-size: 60px; font-family: FragmentMono"">OGDSKYAHE</p>","","","training","","","","","","","",""
"null","null","html-keyboard-response","649","1471237","0.0-21.0-0.75","65fad6c874ac75642ffc254b","69de1b11a980ed2dab60a60c","69dfbf73db50084e9ea4c1a0","<p style=""font-size: 60px; font-family: FragmentMono"">TREHXILS</p>","","","training","","","","","","","",""
"null","null","html-keyboard-response","650","1472252","0.0-21.0-0.76","65fad6c874ac75642ffc254b","69de1b11a980ed2dab60a60c","69dfbf73db50084e9ea4c1a0","<p style=""font-size: 60px; font-family: FragmentMono"">GEUHQZBG</p>","","","training","","","","","","","",""
"null","null","html-keyboard-response","651","1473255","0.0-21.0-0.77","65fad6c874ac75642ffc254b","69de1b11a980ed2dab60a60c","69dfbf73db50084e9ea4c1a0","<p style=""font-size: 60px; font-family: FragmentMono"">JKGDCAVY</p>","","","training","","","","","","","",""
"null","null","html-keyboard-response","652","1474262","0.0-21.0-0.78","65fad6c874ac75642ffc254b","69de1b11a980ed2dab60a60c","69dfbf73db50084e9ea4c1a0","<p style=""font-size: 60px; font-family: FragmentMono"">SCEIXILS</p>","","","training","","","","","","","",""
"null","null","html-keyboard-response","653","1475272","0.0-21.0-0.79","65fad6c874ac75642ffc254b","69de1b11a980ed2dab60a60c","69dfbf73db50084e9ea4c1a0","<p style=""font-size: 60px; font-family: FragmentMono"">GUVRZBG</p>","","","training","","","","","","","",""
"10613"," ","html-keyboard-response","654","1485886","0.0-22.0","65fad6c874ac75642ffc254b","69de1b11a980ed2dab60a60c","69dfbf73db50084e9ea4c1a0","<p style=""font-size: 30px"">Great! You've seen all the words that we received from space.</p>
      <p style=""font-size: 30px"">Press the spacebar when you're ready to continue.</p>","","","","","","","","","","",""
"77868"," ","html-keyboard-response","655","1563753","0.0-23.0","65fad6c874ac75642ffc254b","69de1b11a980ed2dab60a60c","69dfbf73db50084e9ea4c1a0","<p style=""font-size: 30px"">In this second part, you'll be given some words from a new communication from the same group of aliens, and others that belong to a communication from a different group of aliens. However, the two communications arrived at the same time, so the words are mixed up. Your task is to identify the words that belong to the same group of aliens as the communication you saw in the first part of the experiment.</p>
      <p style=""font-size: 30px"">This is a very tricky task, since both alien groups use the same characters. Your meeting with the world leaders starts very soon, so you won't have much time to decide; you need to work quickly. Try to do your best using your intuition; you don't have much time to spend thinking about each word.</p>
      <p style=""font-size: 30px"">Press <strong>k</strong> when you think that the word you're being shown is from the same group of aliens as before, and <strong>d</strong> when you think it's from a communication from the other alien group.</p><p>Press the spacebar when you're ready to begin.</p>","","","","","","","","","","",""
"1047","k","html-keyboard-response","656","1564801","0.0-24.0-0.0","65fad6c874ac75642ffc254b","69de1b11a980ed2dab60a60c","69dfbf73db50084e9ea4c1a0","<p style=""font-size: 30px;"">Does this word come from the alien group you studied previously?</p><br><p style=""font-size: 60px; font-family: FragmentMono"">GUVRGPHZ<p style=""font-size: 15px"">Press <strong>k</strong> for yes, <strong>d</strong> for no.</p>","","","testing","GUVRGPHZ","k","[""morphemeXmorcode""]","true","","","",""
"928","k","html-keyboard-response","657","1565732","0.0-24.0-0.1","65fad6c874ac75642ffc254b","69de1b11a980ed2dab60a60c","69dfbf73db50084e9ea4c1a0","<p style=""font-size: 30px;"">Does this word come from the alien group you studied previously?</p><br><p style=""font-size: 60px; font-family: FragmentMono"">NOQIXHO<p style=""font-size: 15px"">Press <strong>k</strong> for yes, <strong>d</strong> for no.</p>","","","testing","NOQIXHO","d","[""morphemeXmorpheme""]","false","","","",""
"1033","k","html-keyboard-response","658","1566766","0.0-24.0-0.2","65fad6c874ac75642ffc254b","69de1b11a980ed2dab60a60c","69dfbf73db50084e9ea4c1a0","<p style=""font-size: 30px;"">Does this word come from the alien group you studied previously?</p><br><p style=""font-size: 60px; font-family: FragmentMono"">HQCBGYV<p style=""font-size: 15px"">Press <strong>k</strong> for yes, <strong>d</strong> for no.</p>","","","testing","HQCBGYV","d","[""morcodeXmorcode""]","false","","","",""
"1775","k","html-keyboard-response","659","1568542","0.0-24.0-0.3","65fad6c874ac75642ffc254b","69de1b11a980ed2dab60a60c","69dfbf73db50084e9ea4c1a0","<p style=""font-size: 30px"">&emsp;</p><br><p style=""font-size: 60px; font-family: FragmentMono"">XQTKWXILS<p style=""font-size: 15px"">Press <strong>k</strong> for yes, <strong>d</strong> for no.</p>","","","testing","XQTKWXILS","k","[""morphemeXmorpheme""]","true","","","",""
"2619","k","html-keyboard-response","660","1571162","0.0-24.0-0.4","65fad6c874ac75642ffc254b","69de1b11a980ed2dab60a60c","69dfbf73db50084e9ea4c1a0","<p style=""font-size: 30px"">&emsp;</p><br><p style=""font-size: 60px; font-family: FragmentMono"">UWQEOPTP<p style=""font-size: 15px"">Press <strong>k</strong> for yes, <strong>d</strong> for no.</p>","","","testing","UWQEOPTP","d","[""morcodeXmorcode""]","false","","","",""
"6712"," ","html-keyboard-response","661","1577875","0.0-24.0-1.4-0.4","65fad6c874ac75642ffc254b","69de1b11a980ed2dab60a60c","69dfbf73db50084e9ea4c1a0","<p style=""font-size: 30px; color: red"">Careful! You were too slow for this word.</p>
      <p style=""font-size: 30px; color: red"">Try to be faster.</p><p></p><p>Press the spacebar to continue.</p>","","","","","","","","","","",""
"701","d","html-keyboard-response","662","1578577","0.0-24.0-0.5","65fad6c874ac75642ffc254b","69de1b11a980ed2dab60a60c","69dfbf73db50084e9ea4c1a0","<p style=""font-size: 30px"">&emsp;</p><br><p style=""font-size: 60px; font-family: FragmentMono"">DWXDSQBU<p style=""font-size: 15px"">Press <strong>k</strong> for yes, <strong>d</strong> for no.</p>","","","testing","DWXDSQBU","k","[""morcodeXmorpheme""]","false","","","",""
"902","k","html-keyboard-response","663","1579479","0.0-24.0-0.6","65fad6c874ac75642ffc254b","69de1b11a980ed2dab60a60c","69dfbf73db50084e9ea4c1a0","<p style=""font-size: 30px"">&emsp;</p><br><p style=""font-size: 60px; font-family: FragmentMono"">OGPGLZBG<p style=""font-size: 15px"">Press <strong>k</strong> for yes, <strong>d</strong> for no.</p>","","","testing","OGPGLZBG","k","[""morphemeXmorpheme""]","true","","","",""
"1003","k","html-keyboard-response","664","1580484","0.0-24.0-0.7","65fad6c874ac75642ffc254b","69de1b11a980ed2dab60a60c","69dfbf73db50084e9ea4c1a0","<p style=""font-size: 30px"">&emsp;</p><br><p style=""font-size: 60px; font-family: FragmentMono"">GBMYXHO<p style=""font-size: 15px"">Press <strong>k</strong> for yes, <strong>d</strong> for no.</p>","","","testing","GBMYXHO","k","[""morcodeXmorpheme""]","true","","","",""
"777","d","html-keyboard-response","665","1581262","0.0-24.0-0.8","65fad6c874ac75642ffc254b","69de1b11a980ed2dab60a60c","69dfbf73db50084e9ea4c1a0","<p style=""font-size: 30px"">&emsp;</p><br><p style=""font-size: 60px; font-family: FragmentMono"">BABJSQBU<p style=""font-size: 15px"">Press <strong>k</strong> for yes, <strong>d</strong> for no.</p>","","","testing","BABJSQBU","k","[""morcodeXmorpheme""]","false","","","",""
"802","k","html-keyboard-response","666","1582064","0.0-24.0-0.9","65fad6c874ac75642ffc254b","69de1b11a980ed2dab60a60c","69dfbf73db50084e9ea4c1a0","<p style=""font-size: 30px"">&emsp;</p><br><p style=""font-size: 60px; font-family: FragmentMono"">OGDSKXILS<p style=""font-size: 15px"">Press <strong>k</strong> for yes, <strong>d</strong> for no.</p>","","","testing","OGDSKXILS","d","[""morphemeXmorpheme""]","false","","","",""
"793","d","html-keyboard-response","667","1582858","0.0-24.0-0.10","65fad6c874ac75642ffc254b","69de1b11a980ed2dab60a60c","69dfbf73db50084e9ea4c1a0","<p style=""font-size: 30px"">&emsp;</p><br><p style=""font-size: 60px; font-family: FragmentMono"">BRTJCFDO<p style=""font-size: 15px"">Press <strong>k</strong> for yes, <strong>d</strong> for no.</p>","","","testing","BRTJCFDO","d","[""morcodeXmorcode""]","true","","","",""
"623","d","html-keyboard-response","668","1583482","0.0-24.0-0.11","65fad6c874ac75642ffc254b","69de1b11a980ed2dab60a60c","69dfbf73db50084e9ea4c1a0","<p style=""font-size: 30px"">&emsp;</p><br><p style=""font-size: 60px; font-family: FragmentMono"">TLCHGLNYV<p style=""font-size: 15px"">Press <strong>k</strong> for yes, <strong>d</strong> for no.</p>","","","testing","TLCHGLNYV","d","[""morcodeXmorcode""]","true","","","",""
"1216","k","html-keyboard-response","669","1584699","0.0-24.0-0.12","65fad6c874ac75642ffc254b","69de1b11a980ed2dab60a60c","69dfbf73db50084e9ea4c1a0","<p style=""font-size: 30px"">&emsp;</p><br><p style=""font-size: 60px; font-family: FragmentMono"">XVELSCAVY<p style=""font-size: 15px"">Press <strong>k</strong> for yes, <strong>d</strong> for no.</p>","","","testing","XVELSCAVY","d","[""morphemeXmorpheme""]","false","","","",""
"798","d","html-keyboard-response","670","1585498","0.0-24.0-0.13","65fad6c874ac75642ffc254b","69de1b11a980ed2dab60a60c","69dfbf73db50084e9ea4c1a0","<p style=""font-size: 30px"">&emsp;</p><br><p style=""font-size: 60px; font-family: FragmentMono"">RKXAHDFM<p style=""font-size: 15px"">Press <strong>k</strong> for yes, <strong>d</strong> for no.</p>","","","testing","RKXAHDFM","d","[""morcodeXmorcode""]","true","","","",""
"809","k","html-keyboard-response","671","1586308","0.0-24.0-0.14","65fad6c874ac75642ffc254b","69de1b11a980ed2dab60a60c","69dfbf73db50084e9ea4c1a0","<p style=""font-size: 30px"">&emsp;</p><br><p style=""font-size: 60px; font-family: FragmentMono"">YFHRAFN<p style=""font-size: 15px"">Press <strong>k</strong> for yes, <strong>d</strong> for no.</p>","","","testing","YFHRAFN","d","[""morcodeXmorcode""]","false","","","",""
"1113","k","html-keyboard-response","672","1587422","0.0-24.0-0.15","65fad6c874ac75642ffc254b","69de1b11a980ed2dab60a60c","69dfbf73db50084e9ea4c1a0","<p style=""font-size: 30px"">&emsp;</p><br><p style=""font-size: 60px; font-family: FragmentMono"">JKGDCWV<p style=""font-size: 15px"">Press <strong>k</strong> for yes, <strong>d</strong> for no.</p>","","","testing","JKGDCWV","d","[""morphemeXmorpheme""]","false","","","",""
"745","k","html-keyboard-response","673","1588168","0.0-24.0-0.16","65fad6c874ac75642ffc254b","69de1b11a980ed2dab60a60c","69dfbf73db50084e9ea4c1a0","<p style=""font-size: 30px"">&emsp;</p><br><p style=""font-size: 60px; font-family: FragmentMono"">GEUHQPYB<p style=""font-size: 15px"">Press <strong>k</strong> for yes, <strong>d</strong> for no.</p>","","","testing","GEUHQPYB","d","[""morphemeXmorpheme""]","false","","","",""
"1418","k","html-keyboard-response","674","1589587","0.0-24.0-0.17","65fad6c874ac75642ffc254b","69de1b11a980ed2dab60a60c","69dfbf73db50084e9ea4c1a0","<p style=""font-size: 30px"">&emsp;</p><br><p style=""font-size: 60px; font-family: FragmentMono"">XVELSWDB<p style=""font-size: 15px"">Press <strong>k</strong> for yes, <strong>d</strong> for no.</p>","","","testing","XVELSWDB","k","[""morphemeXmorcode""]","true","","","",""
"1589","k","html-keyboard-response","675","1591177","0.0-24.0-0.18","65fad6c874ac75642ffc254b","69de1b11a980ed2dab60a60c","69dfbf73db50084e9ea4c1a0","<p style=""font-size: 30px"">&emsp;</p><br><p style=""font-size: 60px; font-family: FragmentMono"">JKGDGRYL<p style=""font-size: 15px"">Press <strong>k</strong> for yes, <strong>d</strong> for no.</p>","","","testing","JKGDGRYL","k","[""morphemeXmorcode""]","true","","","",""
"1113","k","html-keyboard-response","676","1592291","0.0-24.0-0.19","65fad6c874ac75642ffc254b","69de1b11a980ed2dab60a60c","69dfbf73db50084e9ea4c1a0","<p style=""font-size: 30px"">&emsp;</p><br><p style=""font-size: 60px; font-family: FragmentMono"">XFSVTFRZ<p style=""font-size: 15px"">Press <strong>k</strong> for yes, <strong>d</strong> for no.</p>","","","testing","XFSVTFRZ","k","[""morphemeXmorcode""]","true","","","",""
"874","k","html-keyboard-response","677","1593166","0.0-24.0-0.20","65fad6c874ac75642ffc254b","69de1b11a980ed2dab60a60c","69dfbf73db50084e9ea4c1a0","<p style=""font-size: 30px"">&emsp;</p><br><p style=""font-size: 60px; font-family: FragmentMono"">SCEIYAHE<p style=""font-size: 15px"">Press <strong>k</strong> for yes, <strong>d</strong> for no.</p>","","","testing","SCEIYAHE","d","[""morphemeXmorpheme""]","false","","","",""
"771","k","html-keyboard-response","678","1593937","0.0-24.0-0.21","65fad6c874ac75642ffc254b","69de1b11a980ed2dab60a60c","69dfbf73db50084e9ea4c1a0","<p style=""font-size: 30px"">&emsp;</p><br><p style=""font-size: 60px; font-family: FragmentMono"">JZPMTPK<p style=""font-size: 15px"">Press <strong>k</strong> for yes, <strong>d</strong> for no.</p>","","","testing","JZPMTPK","d","[""morcodeXmorcode""]","false","","","",""
"767","k","html-keyboard-response","679","1594705","0.0-24.0-0.22","65fad6c874ac75642ffc254b","69de1b11a980ed2dab60a60c","69dfbf73db50084e9ea4c1a0","<p style=""font-size: 30px"">&emsp;</p><br><p style=""font-size: 60px; font-family: FragmentMono"">TREHSQBU<p style=""font-size: 15px"">Press <strong>k</strong> for yes, <strong>d</strong> for no.</p>","","","testing","TREHSQBU","d","[""morphemeXmorpheme""]","false","","","",""
"612","k","html-keyboard-response","680","1595318","0.0-24.0-0.23","65fad6c874ac75642ffc254b","69de1b11a980ed2dab60a60c","69dfbf73db50084e9ea4c1a0","<p style=""font-size: 30px"">&emsp;</p><br><p style=""font-size: 60px; font-family: FragmentMono"">SCEIPRQ<p style=""font-size: 15px"">Press <strong>k</strong> for yes, <strong>d</strong> for no.</p>","","","testing","SCEIPRQ","k","[""morphemeXmorcode""]","true","","","",""
"1052","k","html-keyboard-response","681","1596371","0.0-24.0-0.24","65fad6c874ac75642ffc254b","69de1b11a980ed2dab60a60c","69dfbf73db50084e9ea4c1a0","<p style=""font-size: 30px"">&emsp;</p><br><p style=""font-size: 60px; font-family: FragmentMono"">XEMOWOFH<p style=""font-size: 15px"">Press <strong>k</strong> for yes, <strong>d</strong> for no.</p>","","","testing","XEMOWOFH","k","[""morphemeXmorcode""]","true","","","",""
"1162","d","html-keyboard-response","682","1597533","0.0-24.0-0.25","65fad6c874ac75642ffc254b","69de1b11a980ed2dab60a60c","69dfbf73db50084e9ea4c1a0","<p style=""font-size: 30px"">&emsp;</p><br><p style=""font-size: 60px; font-family: FragmentMono"">XRJWDXLI<p style=""font-size: 15px"">Press <strong>k</strong> for yes, <strong>d</strong> for no.</p>","","","testing","XRJWDXLI","k","[""morphemeXmorpheme""]","false","","","",""
"1194","k","html-keyboard-response","683","1598728","0.0-24.0-0.26","65fad6c874ac75642ffc254b","69de1b11a980ed2dab60a60c","69dfbf73db50084e9ea4c1a0","<p style=""font-size: 30px"">&emsp;</p><br><p style=""font-size: 60px; font-family: FragmentMono"">PKCBHXILS<p style=""font-size: 15px"">Press <strong>k</strong> for yes, <strong>d</strong> for no.</p>","","","testing","PKCBHXILS","k","[""morphemeXmorpheme""]","true","","","",""
"918","d","html-keyboard-response","684","1599647","0.0-24.0-0.27","65fad6c874ac75642ffc254b","69de1b11a980ed2dab60a60c","69dfbf73db50084e9ea4c1a0","<p style=""font-size: 30px"">&emsp;</p><br><p style=""font-size: 60px; font-family: FragmentMono"">FCJSXAYA<p style=""font-size: 15px"">Press <strong>k</strong> for yes, <strong>d</strong> for no.</p>","","","testing","FCJSXAYA","d","[""morcodeXmorcode""]","true","","","",""
"1544","d","html-keyboard-response","685","1601192","0.0-24.0-0.28","65fad6c874ac75642ffc254b","69de1b11a980ed2dab60a60c","69dfbf73db50084e9ea4c1a0","<p style=""font-size: 30px"">&emsp;</p><br><p style=""font-size: 60px; font-family: FragmentMono"">YIUGDNYM<p style=""font-size: 15px"">Press <strong>k</strong> for yes, <strong>d</strong> for no.</p>","","","testing","YIUGDNYM","d","[""morcodeXmorcode""]","true","","","",""
"655","k","html-keyboard-response","686","1601847","0.0-24.0-0.29","65fad6c874ac75642ffc254b","69de1b11a980ed2dab60a60c","69dfbf73db50084e9ea4c1a0","<p style=""font-size: 30px"">&emsp;</p><br><p style=""font-size: 60px; font-family: FragmentMono"">NOQIILIN<p style=""font-size: 15px"">Press <strong>k</strong> for yes, <strong>d</strong> for no.</p>","","","testing","NOQIILIN","k","[""morphemeXmorcode""]","true","","","",""
"1237","k","html-keyboard-response","687","1603086","0.0-24.0-0.30","65fad6c874ac75642ffc254b","69de1b11a980ed2dab60a60c","69dfbf73db50084e9ea4c1a0","<p style=""font-size: 30px"">&emsp;</p><br><p style=""font-size: 60px; font-family: FragmentMono"">PKCBHQFMC<p style=""font-size: 15px"">Press <strong>k</strong> for yes, <strong>d</strong> for no.</p>","","","testing","PKCBHQFMC","k","[""morphemeXmorcode""]","true","","","",""
"1254","d","html-keyboard-response","688","1604340","0.0-24.0-0.31","65fad6c874ac75642ffc254b","69de1b11a980ed2dab60a60c","69dfbf73db50084e9ea4c1a0","<p style=""font-size: 30px"">&emsp;</p><br><p style=""font-size: 60px; font-family: FragmentMono"">YNQYMVH<p style=""font-size: 15px"">Press <strong>k</strong> for yes, <strong>d</strong> for no.</p>","","","testing","YNQYMVH","d","[""morcodeXmorcode""]","true","","","",""
"1024","d","html-keyboard-response","689","1605365","0.0-24.0-0.32","65fad6c874ac75642ffc254b","69de1b11a980ed2dab60a60c","69dfbf73db50084e9ea4c1a0","<p style=""font-size: 30px"">&emsp;</p><br><p style=""font-size: 60px; font-family: FragmentMono"">AEXFZKWO<p style=""font-size: 15px"">Press <strong>k</strong> for yes, <strong>d</strong> for no.</p>","","","testing","AEXFZKWO","d","[""morcodeXmorcode""]","true","","","",""
"1465","k","html-keyboard-response","690","1606831","0.0-24.0-0.33","65fad6c874ac75642ffc254b","69de1b11a980ed2dab60a60c","69dfbf73db50084e9ea4c1a0","<p style=""font-size: 30px"">&emsp;</p><br><p style=""font-size: 60px; font-family: FragmentMono"">UXVTIECB<p style=""font-size: 15px"">Press <strong>k</strong> for yes, <strong>d</strong> for no.</p>","","","testing","UXVTIECB","k","[""morphemeXmorcode""]","true","","","",""
"954","k","html-keyboard-response","691","1607786","0.0-24.0-0.34","65fad6c874ac75642ffc254b","69de1b11a980ed2dab60a60c","69dfbf73db50084e9ea4c1a0","<p style=""font-size: 30px"">&emsp;</p><br><p style=""font-size: 60px; font-family: FragmentMono"">XUFEXILS<p style=""font-size: 15px"">Press <strong>k</strong> for yes, <strong>d</strong> for no.</p>","","","testing","XUFEXILS","d","[""morphemeXmorpheme""]","false","","","",""
"830","k","html-keyboard-response","692","1608617","0.0-24.0-0.35","65fad6c874ac75642ffc254b","69de1b11a980ed2dab60a60c","69dfbf73db50084e9ea4c1a0","<p style=""font-size: 30px"">&emsp;</p><br><p style=""font-size: 60px; font-family: FragmentMono"">OAYALOVB<p style=""font-size: 15px"">Press <strong>k</strong> for yes, <strong>d</strong> for no.</p>","","","testing","OAYALOVB","k","[""morphemeXmorcode""]","true","","","",""
"853","d","html-keyboard-response","693","1609471","0.0-24.0-0.36","65fad6c874ac75642ffc254b","69de1b11a980ed2dab60a60c","69dfbf73db50084e9ea4c1a0","<p style=""font-size: 30px"">&emsp;</p><br><p style=""font-size: 60px; font-family: FragmentMono"">CVJTHDC<p style=""font-size: 15px"">Press <strong>k</strong> for yes, <strong>d</strong> for no.</p>","","","testing","CVJTHDC","d","[""morcodeXmorcode""]","true","","","",""
"760","d","html-keyboard-response","694","1610232","0.0-24.0-0.37","65fad6c874ac75642ffc254b","69de1b11a980ed2dab60a60c","69dfbf73db50084e9ea4c1a0","<p style=""font-size: 30px"">&emsp;</p><br><p style=""font-size: 60px; font-family: FragmentMono"">ANSLIFHC<p style=""font-size: 15px"">Press <strong>k</strong> for yes, <strong>d</strong> for no.</p>","","","testing","ANSLIFHC","d","[""morcodeXmorcode""]","true","","","",""
"1505","d","html-keyboard-response","695","1611738","0.0-24.0-0.38","65fad6c874ac75642ffc254b","69de1b11a980ed2dab60a60c","69dfbf73db50084e9ea4c1a0","<p style=""font-size: 30px"">&emsp;</p><br><p style=""font-size: 60px; font-family: FragmentMono"">XRJWZBG<p style=""font-size: 15px"">Press <strong>k</strong> for yes, <strong>d</strong> for no.</p>","","","testing","XRJWZBG","d","[""morphemeXmorpheme""]","true","","","",""
"915","d","html-keyboard-response","696","1612653","0.0-24.0-0.39","65fad6c874ac75642ffc254b","69de1b11a980ed2dab60a60c","69dfbf73db50084e9ea4c1a0","<p style=""font-size: 30px"">&emsp;</p><br><p style=""font-size: 60px; font-family: FragmentMono"">EZSJITSL<p style=""font-size: 15px"">Press <strong>k</strong> for yes, <strong>d</strong> for no.</p>","","","testing","EZSJITSL","d","[""morcodeXmorcode""]","true","","","",""
"754","d","html-keyboard-response","697","1613408","0.0-24.0-0.40","65fad6c874ac75642ffc254b","69de1b11a980ed2dab60a60c","69dfbf73db50084e9ea4c1a0","<p style=""font-size: 30px"">&emsp;</p><br><p style=""font-size: 60px; font-family: FragmentMono"">CHTLQPYB<p style=""font-size: 15px"">Press <strong>k</strong> for yes, <strong>d</strong> for no.</p>","","","testing","CHTLQPYB","k","[""morcodeXmorpheme""]","false","","","",""
"807","d","html-keyboard-response","698","1614217","0.0-24.0-0.41","65fad6c874ac75642ffc254b","69de1b11a980ed2dab60a60c","69dfbf73db50084e9ea4c1a0","<p style=""font-size: 30px"">&emsp;</p><br><p style=""font-size: 60px; font-family: FragmentMono"">OHDBZBG<p style=""font-size: 15px"">Press <strong>k</strong> for yes, <strong>d</strong> for no.</p>","","","testing","OHDBZBG","k","[""morcodeXmorpheme""]","false","","","",""
"1713","d","html-keyboard-response","699","1615931","0.0-24.0-0.42","65fad6c874ac75642ffc254b","69de1b11a980ed2dab60a60c","69dfbf73db50084e9ea4c1a0","<p style=""font-size: 30px"">&emsp;</p><br><p style=""font-size: 60px; font-family: FragmentMono"">DRNXRMWYP<p style=""font-size: 15px"">Press <strong>k</strong> for yes, <strong>d</strong> for no.</p>","","","testing","DRNXRMWYP","k","[""morcodeXmorpheme""]","false","","","",""
"757","k","html-keyboard-response","700","1616689","0.0-24.0-0.43","65fad6c874ac75642ffc254b","69de1b11a980ed2dab60a60c","69dfbf73db50084e9ea4c1a0","<p style=""font-size: 30px"">&emsp;</p><br><p style=""font-size: 60px; font-family: FragmentMono"">TREHXHO<p style=""font-size: 15px"">Press <strong>k</strong> for yes, <strong>d</strong> for no.</p>","","","testing","TREHXHO","k","[""morphemeXmorpheme""]","true","","","",""
"1112","d","html-keyboard-response","701","1617802","0.0-24.0-0.44","65fad6c874ac75642ffc254b","69de1b11a980ed2dab60a60c","69dfbf73db50084e9ea4c1a0","<p style=""font-size: 30px"">&emsp;</p><br><p style=""font-size: 60px; font-family: FragmentMono"">UCSUKSN<p style=""font-size: 15px"">Press <strong>k</strong> for yes, <strong>d</strong> for no.</p>","","","testing","UCSUKSN","d","[""morcodeXmorcode""]","true","","","",""
"748","d","html-keyboard-response","702","1618551","0.0-24.0-0.45","65fad6c874ac75642ffc254b","69de1b11a980ed2dab60a60c","69dfbf73db50084e9ea4c1a0","<p style=""font-size: 30px"">&emsp;</p><br><p style=""font-size: 60px; font-family: FragmentMono"">RZSVZBG<p style=""font-size: 15px"">Press <strong>k</strong> for yes, <strong>d</strong> for no.</p>","","","testing","RZSVZBG","k","[""morcodeXmorpheme""]","false","","","",""
"1034","k","html-keyboard-response","703","1619586","0.0-24.0-0.46","65fad6c874ac75642ffc254b","69de1b11a980ed2dab60a60c","69dfbf73db50084e9ea4c1a0","<p style=""font-size: 30px"">&emsp;</p><br><p style=""font-size: 60px; font-family: FragmentMono"">XVELSPYB<p style=""font-size: 15px"">Press <strong>k</strong> for yes, <strong>d</strong> for no.</p>","","","testing","XVELSPYB","k","[""morphemeXmorpheme""]","true","","","",""
"680","k","html-keyboard-response","704","1620267","0.0-24.0-0.47","65fad6c874ac75642ffc254b","69de1b11a980ed2dab60a60c","69dfbf73db50084e9ea4c1a0","<p style=""font-size: 30px"">&emsp;</p><br><p style=""font-size: 60px; font-family: FragmentMono"">NOQISQBU<p style=""font-size: 15px"">Press <strong>k</strong> for yes, <strong>d</strong> for no.</p>","","","testing","NOQISQBU","k","[""morphemeXmorpheme""]","true","","","",""
"804","k","html-keyboard-response","705","1621072","0.0-24.0-0.48","65fad6c874ac75642ffc254b","69de1b11a980ed2dab60a60c","69dfbf73db50084e9ea4c1a0","<p style=""font-size: 30px"">&emsp;</p><br><p style=""font-size: 60px; font-family: FragmentMono"">XEMOCAVY<p style=""font-size: 15px"">Press <strong>k</strong> for yes, <strong>d</strong> for no.</p>","","","testing","XEMOCAVY","k","[""morphemeXmorpheme""]","true","","","",""
"1064","d","html-keyboard-response","706","1622136","0.0-24.0-0.49","65fad6c874ac75642ffc254b","69de1b11a980ed2dab60a60c","69dfbf73db50084e9ea4c1a0","<p style=""font-size: 30px"">&emsp;</p><br><p style=""font-size: 60px; font-family: FragmentMono"">YKJSIUYAF<p style=""font-size: 15px"">Press <strong>k</strong> for yes, <strong>d</strong> for no.</p>","","","testing","YKJSIUYAF","d","[""morcodeXmorcode""]","true","","","",""
"1568","d","html-keyboard-response","707","1623705","0.0-24.0-0.50","65fad6c874ac75642ffc254b","69de1b11a980ed2dab60a60c","69dfbf73db50084e9ea4c1a0","<p style=""font-size: 30px"">&emsp;</p><br><p style=""font-size: 60px; font-family: FragmentMono"">CYFTJQV<p style=""font-size: 15px"">Press <strong>k</strong> for yes, <strong>d</strong> for no.</p>","","","testing","CYFTJQV","d","[""morcodeXmorcode""]","true","","","",""
"722","d","html-keyboard-response","708","1624428","0.0-24.0-0.51","65fad6c874ac75642ffc254b","69de1b11a980ed2dab60a60c","69dfbf73db50084e9ea4c1a0","<p style=""font-size: 30px"">&emsp;</p><br><p style=""font-size: 60px; font-family: FragmentMono"">AJDZUDXLI<p style=""font-size: 15px"">Press <strong>k</strong> for yes, <strong>d</strong> for no.</p>","","","testing","AJDZUDXLI","k","[""morcodeXmorpheme""]","false","","","",""
"776","k","html-keyboard-response","709","1625205","0.0-24.0-0.52","65fad6c874ac75642ffc254b","69de1b11a980ed2dab60a60c","69dfbf73db50084e9ea4c1a0","<p style=""font-size: 30px"">&emsp;</p><br><p style=""font-size: 60px; font-family: FragmentMono"">SCEICWV<p style=""font-size: 15px"">Press <strong>k</strong> for yes, <strong>d</strong> for no.</p>","","","testing","SCEICWV","k","[""morphemeXmorpheme""]","true","","","",""
"806","k","html-keyboard-response","710","1626012","0.0-24.0-0.53","65fad6c874ac75642ffc254b","69de1b11a980ed2dab60a60c","69dfbf73db50084e9ea4c1a0","<p style=""font-size: 30px"">&emsp;</p><br><p style=""font-size: 60px; font-family: FragmentMono"">OGPGLDXLI<p style=""font-size: 15px"">Press <strong>k</strong> for yes, <strong>d</strong> for no.</p>","","","testing","OGPGLDXLI","d","[""morphemeXmorpheme""]","false","","","",""
"1220","k","html-keyboard-response","711","1627232","0.0-24.0-0.54","65fad6c874ac75642ffc254b","69de1b11a980ed2dab60a60c","69dfbf73db50084e9ea4c1a0","<p style=""font-size: 30px"">&emsp;</p><br><p style=""font-size: 60px; font-family: FragmentMono"">JVRUMFEL<p style=""font-size: 15px"">Press <strong>k</strong> for yes, <strong>d</strong> for no.</p>","","","testing","JVRUMFEL","d","[""morcodeXmorcode""]","false","","","",""
"1297","d","html-keyboard-response","712","1628530","0.0-24.0-0.55","65fad6c874ac75642ffc254b","69de1b11a980ed2dab60a60c","69dfbf73db50084e9ea4c1a0","<p style=""font-size: 30px"">&emsp;</p><br><p style=""font-size: 60px; font-family: FragmentMono"">XRJWBVLT<p style=""font-size: 15px"">Press <strong>k</strong> for yes, <strong>d</strong> for no.</p>","","","testing","XRJWBVLT","k","[""morphemeXmorcode""]","false","","","",""
"827","k","html-keyboard-response","713","1629358","0.0-24.0-0.56","65fad6c874ac75642ffc254b","69de1b11a980ed2dab60a60c","69dfbf73db50084e9ea4c1a0","<p style=""font-size: 30px"">&emsp;</p><br><p style=""font-size: 60px; font-family: FragmentMono"">TREHEYX<p style=""font-size: 15px"">Press <strong>k</strong> for yes, <strong>d</strong> for no.</p>","","","testing","TREHEYX","k","[""morphemeXmorcode""]","true","","","",""
"1918","d","html-keyboard-response","714","1631277","0.0-24.0-0.57","65fad6c874ac75642ffc254b","69de1b11a980ed2dab60a60c","69dfbf73db50084e9ea4c1a0","<p style=""font-size: 30px"">&emsp;</p><br><p style=""font-size: 60px; font-family: FragmentMono"">NBTVOBYCY<p style=""font-size: 15px"">Press <strong>k</strong> for yes, <strong>d</strong> for no.</p>","","","testing","NBTVOBYCY","d","[""morcodeXmorcode""]","true","","","",""
"758","k","html-keyboard-response","715","1632035","0.0-24.0-0.58","65fad6c874ac75642ffc254b","69de1b11a980ed2dab60a60c","69dfbf73db50084e9ea4c1a0","<p style=""font-size: 30px"">&emsp;</p><br><p style=""font-size: 60px; font-family: FragmentMono"">GEUHQSNUX<p style=""font-size: 15px"">Press <strong>k</strong> for yes, <strong>d</strong> for no.</p>","","","testing","GEUHQSNUX","k","[""morphemeXmorcode""]","true","","","",""
"808","d","html-keyboard-response","716","1632844","0.0-24.0-0.59","65fad6c874ac75642ffc254b","69de1b11a980ed2dab60a60c","69dfbf73db50084e9ea4c1a0","<p style=""font-size: 30px"">&emsp;</p><br><p style=""font-size: 60px; font-family: FragmentMono"">ILGFXHO<p style=""font-size: 15px"">Press <strong>k</strong> for yes, <strong>d</strong> for no.</p>","","","testing","ILGFXHO","k","[""morphemeXmorpheme""]","false","","","",""
"1089","d","html-keyboard-response","717","1633933","0.0-24.0-0.60","65fad6c874ac75642ffc254b","69de1b11a980ed2dab60a60c","69dfbf73db50084e9ea4c1a0","<p style=""font-size: 30px"">&emsp;</p><br><p style=""font-size: 60px; font-family: FragmentMono"">XUFEMWYP<p style=""font-size: 15px"">Press <strong>k</strong> for yes, <strong>d</strong> for no.</p>","","","testing","XUFEMWYP","k","[""morphemeXmorpheme""]","false","","","",""
"889","d","html-keyboard-response","718","1634823","0.0-24.0-0.61","65fad6c874ac75642ffc254b","69de1b11a980ed2dab60a60c","69dfbf73db50084e9ea4c1a0","<p style=""font-size: 30px"">&emsp;</p><br><p style=""font-size: 60px; font-family: FragmentMono"">EODBACEBG<p style=""font-size: 15px"">Press <strong>k</strong> for yes, <strong>d</strong> for no.</p>","","","testing","EODBACEBG","d","[""morcodeXmorcode""]","true","","","",""
"1363","k","html-keyboard-response","719","1636187","0.0-24.0-0.62","65fad6c874ac75642ffc254b","69de1b11a980ed2dab60a60c","69dfbf73db50084e9ea4c1a0","<p style=""font-size: 30px"">&emsp;</p><br><p style=""font-size: 60px; font-family: FragmentMono"">UXVTICAVY<p style=""font-size: 15px"">Press <strong>k</strong> for yes, <strong>d</strong> for no.</p>","","","testing","UXVTICAVY","d","[""morphemeXmorpheme""]","false","","","",""
"872","k","html-keyboard-response","720","1637060","0.0-24.0-0.63","65fad6c874ac75642ffc254b","69de1b11a980ed2dab60a60c","69dfbf73db50084e9ea4c1a0","<p style=""font-size: 30px"">&emsp;</p><br><p style=""font-size: 60px; font-family: FragmentMono"">OGDSKBWGO<p style=""font-size: 15px"">Press <strong>k</strong> for yes, <strong>d</strong> for no.</p>","","","testing","OGDSKBWGO","k","[""morphemeXmorcode""]","true","","","",""
"750","k","html-keyboard-response","721","1637811","0.0-24.0-0.64","65fad6c874ac75642ffc254b","69de1b11a980ed2dab60a60c","69dfbf73db50084e9ea4c1a0","<p style=""font-size: 30px"">&emsp;</p><br><p style=""font-size: 60px; font-family: FragmentMono"">OAYADXLI<p style=""font-size: 15px"">Press <strong>k</strong> for yes, <strong>d</strong> for no.</p>","","","testing","OAYADXLI","k","[""morphemeXmorpheme""]","true","","","",""
"893","d","html-keyboard-response","722","1638705","0.0-24.0-0.65","65fad6c874ac75642ffc254b","69de1b11a980ed2dab60a60c","69dfbf73db50084e9ea4c1a0","<p style=""font-size: 30px"">&emsp;</p><br><p style=""font-size: 60px; font-family: FragmentMono"">LSKRXGCB<p style=""font-size: 15px"">Press <strong>k</strong> for yes, <strong>d</strong> for no.</p>","","","testing","LSKRXGCB","d","[""morcodeXmorcode""]","true","","","",""
"911","d","html-keyboard-response","723","1639617","0.0-24.0-0.66","65fad6c874ac75642ffc254b","69de1b11a980ed2dab60a60c","69dfbf73db50084e9ea4c1a0","<p style=""font-size: 30px"">&emsp;</p><br><p style=""font-size: 60px; font-family: FragmentMono"">CVJTKSN<p style=""font-size: 15px"">Press <strong>k</strong> for yes, <strong>d</strong> for no.</p>","","","testing","CVJTKSN","d","[""morcodeXmorcode""]","true","","","",""
"1039","k","html-keyboard-response","724","1640657","0.0-24.0-0.67","65fad6c874ac75642ffc254b","69de1b11a980ed2dab60a60c","69dfbf73db50084e9ea4c1a0","<p style=""font-size: 30px"">&emsp;</p><br><p style=""font-size: 60px; font-family: FragmentMono"">GUVRYAHE<p style=""font-size: 15px"">Press <strong>k</strong> for yes, <strong>d</strong> for no.</p>","","","testing","GUVRYAHE","k","[""morphemeXmorpheme""]","true","","","",""
"1123","k","html-keyboard-response","725","1641781","0.0-24.0-0.68","65fad6c874ac75642ffc254b","69de1b11a980ed2dab60a60c","69dfbf73db50084e9ea4c1a0","<p style=""font-size: 30px"">&emsp;</p><br><p style=""font-size: 60px; font-family: FragmentMono"">XFSVSQBU<p style=""font-size: 15px"">Press <strong>k</strong> for yes, <strong>d</strong> for no.</p>","","","testing","XFSVSQBU","k","[""morphemeXmorpheme""]","true","","","",""
"1075","d","html-keyboard-response","726","1642857","0.0-24.0-0.69","65fad6c874ac75642ffc254b","69de1b11a980ed2dab60a60c","69dfbf73db50084e9ea4c1a0","<p style=""font-size: 30px"">&emsp;</p><br><p style=""font-size: 60px; font-family: FragmentMono"">WMZMMCAVY<p style=""font-size: 15px"">Press <strong>k</strong> for yes, <strong>d</strong> for no.</p>","","","testing","WMZMMCAVY","k","[""morcodeXmorpheme""]","false","","","",""
"1057","d","html-keyboard-response","727","1643915","0.0-24.0-0.70","65fad6c874ac75642ffc254b","69de1b11a980ed2dab60a60c","69dfbf73db50084e9ea4c1a0","<p style=""font-size: 30px"">&emsp;</p><br><p style=""font-size: 60px; font-family: FragmentMono"">FICDJXV<p style=""font-size: 15px"">Press <strong>k</strong> for yes, <strong>d</strong> for no.</p>","","","testing","FICDJXV","d","[""morcodeXmorcode""]","true","","","",""
"776","k","html-keyboard-response","728","1644691","0.0-24.0-0.71","65fad6c874ac75642ffc254b","69de1b11a980ed2dab60a60c","69dfbf73db50084e9ea4c1a0","<p style=""font-size: 30px"">&emsp;</p><br><p style=""font-size: 60px; font-family: FragmentMono"">PKCBHMWYP<p style=""font-size: 15px"">Press <strong>k</strong> for yes, <strong>d</strong> for no.</p>","","","testing","PKCBHMWYP","d","[""morphemeXmorpheme""]","false","","","",""
"1292","d","html-keyboard-response","729","1645984","0.0-24.0-0.72","65fad6c874ac75642ffc254b","69de1b11a980ed2dab60a60c","69dfbf73db50084e9ea4c1a0","<p style=""font-size: 30px"">&emsp;</p><br><p style=""font-size: 60px; font-family: FragmentMono"">ILGFSQBU<p style=""font-size: 15px"">Press <strong>k</strong> for yes, <strong>d</strong> for no.</p>","","","testing","ILGFSQBU","d","[""morphemeXmorpheme""]","true","","","",""
"1101","d","html-keyboard-response","730","1647086","0.0-24.0-0.73","65fad6c874ac75642ffc254b","69de1b11a980ed2dab60a60c","69dfbf73db50084e9ea4c1a0","<p style=""font-size: 30px"">&emsp;</p><br><p style=""font-size: 60px; font-family: FragmentMono"">FIDMGNKMT<p style=""font-size: 15px"">Press <strong>k</strong> for yes, <strong>d</strong> for no.</p>","","","testing","FIDMGNKMT","d","[""morcodeXmorcode""]","true","","","",""
"1404","d","html-keyboard-response","731","1648491","0.0-24.0-0.74","65fad6c874ac75642ffc254b","69de1b11a980ed2dab60a60c","69dfbf73db50084e9ea4c1a0","<p style=""font-size: 30px"">&emsp;</p><br><p style=""font-size: 60px; font-family: FragmentMono"">EKCYGHPS<p style=""font-size: 15px"">Press <strong>k</strong> for yes, <strong>d</strong> for no.</p>","","","testing","EKCYGHPS","k","[""morphemeXmorcode""]","false","","","",""
"744","k","html-keyboard-response","732","1649235","0.0-24.0-0.75","65fad6c874ac75642ffc254b","69de1b11a980ed2dab60a60c","69dfbf73db50084e9ea4c1a0","<p style=""font-size: 30px"">&emsp;</p><br><p style=""font-size: 60px; font-family: FragmentMono"">ULUJLXG<p style=""font-size: 15px"">Press <strong>k</strong> for yes, <strong>d</strong> for no.</p>","","","testing","ULUJLXG","k","[""morphemeXmorcode""]","true","","","",""
"846","d","html-keyboard-response","733","1650083","0.0-24.0-0.76","65fad6c874ac75642ffc254b","69de1b11a980ed2dab60a60c","69dfbf73db50084e9ea4c1a0","<p style=""font-size: 30px"">&emsp;</p><br><p style=""font-size: 60px; font-family: FragmentMono"">DOFTBUGYK<p style=""font-size: 15px"">Press <strong>k</strong> for yes, <strong>d</strong> for no.</p>","","","testing","DOFTBUGYK","d","[""morcodeXmorcode""]","true","","","",""
"747","d","html-keyboard-response","734","1650830","0.0-24.0-0.77","65fad6c874ac75642ffc254b","69de1b11a980ed2dab60a60c","69dfbf73db50084e9ea4c1a0","<p style=""font-size: 30px"">&emsp;</p><br><p style=""font-size: 60px; font-family: FragmentMono"">QETUCWV<p style=""font-size: 15px"">Press <strong>k</strong> for yes, <strong>d</strong> for no.</p>","","","testing","QETUCWV","k","[""morcodeXmorpheme""]","false","","","",""
"840","d","html-keyboard-response","735","1651671","0.0-24.0-0.78","65fad6c874ac75642ffc254b","69de1b11a980ed2dab60a60c","69dfbf73db50084e9ea4c1a0","<p style=""font-size: 30px"">&emsp;</p><br><p style=""font-size: 60px; font-family: FragmentMono"">FYDVWZHG<p style=""font-size: 15px"">Press <strong>k</strong> for yes, <strong>d</strong> for no.</p>","","","testing","FYDVWZHG","d","[""morcodeXmorcode""]","true","","","",""
"741","d","html-keyboard-response","736","1652413","0.0-24.0-0.79","65fad6c874ac75642ffc254b","69de1b11a980ed2dab60a60c","69dfbf73db50084e9ea4c1a0","<p style=""font-size: 30px"">&emsp;</p><br><p style=""font-size: 60px; font-family: FragmentMono"">TNKDOOQG<p style=""font-size: 15px"">Press <strong>k</strong> for yes, <strong>d</strong> for no.</p>","","","testing","TNKDOOQG","d","[""morcodeXmorcode""]","true","","","",""
"986","k","html-keyboard-response","737","1653400","0.0-24.0-0.80","65fad6c874ac75642ffc254b","69de1b11a980ed2dab60a60c","69dfbf73db50084e9ea4c1a0","<p style=""font-size: 30px"">&emsp;</p><br><p style=""font-size: 60px; font-family: FragmentMono"">OGDSKMWYP<p style=""font-size: 15px"">Press <strong>k</strong> for yes, <strong>d</strong> for no.</p>","","","testing","OGDSKMWYP","k","[""morphemeXmorpheme""]","true","","","",""
"699","k","html-keyboard-response","738","1654100","0.0-24.0-0.81","65fad6c874ac75642ffc254b","69de1b11a980ed2dab60a60c","69dfbf73db50084e9ea4c1a0","<p style=""font-size: 30px"">&emsp;</p><br><p style=""font-size: 60px; font-family: FragmentMono"">GUVRCWV<p style=""font-size: 15px"">Press <strong>k</strong> for yes, <strong>d</strong> for no.</p>","","","testing","GUVRCWV","d","[""morphemeXmorpheme""]","false","","","",""
"843","d","html-keyboard-response","739","1654943","0.0-24.0-0.82","65fad6c874ac75642ffc254b","69de1b11a980ed2dab60a60c","69dfbf73db50084e9ea4c1a0","<p style=""font-size: 30px"">&emsp;</p><br><p style=""font-size: 60px; font-family: FragmentMono"">FSZREYOG<p style=""font-size: 15px"">Press <strong>k</strong> for yes, <strong>d</strong> for no.</p>","","","testing","FSZREYOG","d","[""morcodeXmorcode""]","true","","","",""
"763","k","html-keyboard-response","740","1655707","0.0-24.0-0.83","65fad6c874ac75642ffc254b","69de1b11a980ed2dab60a60c","69dfbf73db50084e9ea4c1a0","<p style=""font-size: 30px"">&emsp;</p><br><p style=""font-size: 60px; font-family: FragmentMono"">ULUJCWV<p style=""font-size: 15px"">Press <strong>k</strong> for yes, <strong>d</strong> for no.</p>","","","testing","ULUJCWV","k","[""morphemeXmorpheme""]","true","","","",""
"737","k","html-keyboard-response","741","1656445","0.0-24.0-0.84","65fad6c874ac75642ffc254b","69de1b11a980ed2dab60a60c","69dfbf73db50084e9ea4c1a0","<p style=""font-size: 30px"">&emsp;</p><br><p style=""font-size: 60px; font-family: FragmentMono"">OAYAZBG<p style=""font-size: 15px"">Press <strong>k</strong> for yes, <strong>d</strong> for no.</p>","","","testing","OAYAZBG","d","[""morphemeXmorpheme""]","false","","","",""
"791","d","html-keyboard-response","742","1657237","0.0-24.0-0.85","65fad6c874ac75642ffc254b","69de1b11a980ed2dab60a60c","69dfbf73db50084e9ea4c1a0","<p style=""font-size: 30px"">&emsp;</p><br><p style=""font-size: 60px; font-family: FragmentMono"">VAICZEPI<p style=""font-size: 15px"">Press <strong>k</strong> for yes, <strong>d</strong> for no.</p>","","","testing","VAICZEPI","d","[""morcodeXmorcode""]","true","","","",""
"1107","d","html-keyboard-response","743","1658345","0.0-24.0-0.86","65fad6c874ac75642ffc254b","69de1b11a980ed2dab60a60c","69dfbf73db50084e9ea4c1a0","<p style=""font-size: 30px"">&emsp;</p><br><p style=""font-size: 60px; font-family: FragmentMono"">QXUTYAHE<p style=""font-size: 15px"">Press <strong>k</strong> for yes, <strong>d</strong> for no.</p>","","","testing","QXUTYAHE","k","[""morcodeXmorpheme""]","false","","","",""
"1245","k","html-keyboard-response","744","1659591","0.0-24.0-0.87","65fad6c874ac75642ffc254b","69de1b11a980ed2dab60a60c","69dfbf73db50084e9ea4c1a0","<p style=""font-size: 30px"">&emsp;</p><br><p style=""font-size: 60px; font-family: FragmentMono"">EKCYGDXLI<p style=""font-size: 15px"">Press <strong>k</strong> for yes, <strong>d</strong> for no.</p>","","","testing","EKCYGDXLI","d","[""morphemeXmorpheme""]","false","","","",""
"736","k","html-keyboard-response","745","1660327","0.0-24.0-0.88","65fad6c874ac75642ffc254b","69de1b11a980ed2dab60a60c","69dfbf73db50084e9ea4c1a0","<p style=""font-size: 30px"">&emsp;</p><br><p style=""font-size: 60px; font-family: FragmentMono"">ULUJYAHE<p style=""font-size: 15px"">Press <strong>k</strong> for yes, <strong>d</strong> for no.</p>","","","testing","ULUJYAHE","d","[""morphemeXmorpheme""]","false","","","",""
"1634","d","html-keyboard-response","746","1661962","0.0-24.0-0.89","65fad6c874ac75642ffc254b","69de1b11a980ed2dab60a60c","69dfbf73db50084e9ea4c1a0","<p style=""font-size: 30px"">&emsp;</p><br><p style=""font-size: 60px; font-family: FragmentMono"">LDEGPYB<p style=""font-size: 15px"">Press <strong>k</strong> for yes, <strong>d</strong> for no.</p>","","","testing","LDEGPYB","k","[""morcodeXmorpheme""]","false","","","",""
"792","d","html-keyboard-response","747","1662756","0.0-24.0-0.90","65fad6c874ac75642ffc254b","69de1b11a980ed2dab60a60c","69dfbf73db50084e9ea4c1a0","<p style=""font-size: 30px"">&emsp;</p><br><p style=""font-size: 60px; font-family: FragmentMono"">BABTNRPO<p style=""font-size: 15px"">Press <strong>k</strong> for yes, <strong>d</strong> for no.</p>","","","testing","BABTNRPO","d","[""morcodeXmorcode""]","true","","","",""
"1115","k","html-keyboard-response","748","1663871","0.0-24.0-0.91","65fad6c874ac75642ffc254b","69de1b11a980ed2dab60a60c","69dfbf73db50084e9ea4c1a0","<p style=""font-size: 30px"">&emsp;</p><br><p style=""font-size: 60px; font-family: FragmentMono"">XEMOPYB<p style=""font-size: 15px"">Press <strong>k</strong> for yes, <strong>d</strong> for no.</p>","","","testing","XEMOPYB","d","[""morphemeXmorpheme""]","false","","","",""
"1737","d","html-keyboard-response","749","1665609","0.0-24.0-0.92","65fad6c874ac75642ffc254b","69de1b11a980ed2dab60a60c","69dfbf73db50084e9ea4c1a0","<p style=""font-size: 30px"">&emsp;</p><br><p style=""font-size: 60px; font-family: FragmentMono"">QTDVXHO<p style=""font-size: 15px"">Press <strong>k</strong> for yes, <strong>d</strong> for no.</p>","","","testing","QTDVXHO","k","[""morcodeXmorpheme""]","false","","","",""
"1328","d","html-keyboard-response","750","1666938","0.0-24.0-0.93","65fad6c874ac75642ffc254b","69de1b11a980ed2dab60a60c","69dfbf73db50084e9ea4c1a0","<p style=""font-size: 30px"">&emsp;</p><br><p style=""font-size: 60px; font-family: FragmentMono"">HUVWUDJZJ<p style=""font-size: 15px"">Press <strong>k</strong> for yes, <strong>d</strong> for no.</p>","","","testing","HUVWUDJZJ","d","[""morcodeXmorcode""]","true","","","",""
"1249","k","html-keyboard-response","751","1668188","0.0-24.0-0.94","65fad6c874ac75642ffc254b","69de1b11a980ed2dab60a60c","69dfbf73db50084e9ea4c1a0","<p style=""font-size: 30px"">&emsp;</p><br><p style=""font-size: 60px; font-family: FragmentMono"">XQTKWTQZU<p style=""font-size: 15px"">Press <strong>k</strong> for yes, <strong>d</strong> for no.</p>","","","testing","XQTKWTQZU","k","[""morphemeXmorcode""]","true","","","",""
"1001","d","html-keyboard-response","752","1669190","0.0-24.0-0.95","65fad6c874ac75642ffc254b","69de1b11a980ed2dab60a60c","69dfbf73db50084e9ea4c1a0","<p style=""font-size: 30px"">&emsp;</p><br><p style=""font-size: 60px; font-family: FragmentMono"">SBRCCWV<p style=""font-size: 15px"">Press <strong>k</strong> for yes, <strong>d</strong> for no.</p>","","","testing","SBRCCWV","k","[""morcodeXmorpheme""]","false","","","",""
"1079","d","html-keyboard-response","753","1670270","0.0-24.0-0.96","65fad6c874ac75642ffc254b","69de1b11a980ed2dab60a60c","69dfbf73db50084e9ea4c1a0","<p style=""font-size: 30px"">&emsp;</p><br><p style=""font-size: 60px; font-family: FragmentMono"">ZCPBUXBQD<p style=""font-size: 15px"">Press <strong>k</strong> for yes, <strong>d</strong> for no.</p>","","","testing","ZCPBUXBQD","d","[""morcodeXmorcode""]","true","","","",""
"1193","k","html-keyboard-response","754","1671464","0.0-24.0-0.97","65fad6c874ac75642ffc254b","69de1b11a980ed2dab60a60c","69dfbf73db50084e9ea4c1a0","<p style=""font-size: 30px"">&emsp;</p><br><p style=""font-size: 60px; font-family: FragmentMono"">UXVTIPYB<p style=""font-size: 15px"">Press <strong>k</strong> for yes, <strong>d</strong> for no.</p>","","","testing","UXVTIPYB","k","[""morphemeXmorpheme""]","true","","","",""
"1078","d","html-keyboard-response","755","1672543","0.0-24.0-0.98","65fad6c874ac75642ffc254b","69de1b11a980ed2dab60a60c","69dfbf73db50084e9ea4c1a0","<p style=""font-size: 30px"">&emsp;</p><br><p style=""font-size: 60px; font-family: FragmentMono"">XPWJFAKYS<p style=""font-size: 15px"">Press <strong>k</strong> for yes, <strong>d</strong> for no.</p>","","","testing","XPWJFAKYS","d","[""morcodeXmorcode""]","true","","","",""
"874","k","html-keyboard-response","756","1673417","0.0-24.0-0.99","65fad6c874ac75642ffc254b","69de1b11a980ed2dab60a60c","69dfbf73db50084e9ea4c1a0","<p style=""font-size: 30px"">&emsp;</p><br><p style=""font-size: 60px; font-family: FragmentMono"">ILGFLHW<p style=""font-size: 15px"">Press <strong>k</strong> for yes, <strong>d</strong> for no.</p>","","","testing","ILGFLHW","k","[""morphemeXmorcode""]","true","","","",""
"1974","d","html-keyboard-response","757","1675392","0.0-24.0-0.100","65fad6c874ac75642ffc254b","69de1b11a980ed2dab60a60c","69dfbf73db50084e9ea4c1a0","<p style=""font-size: 30px"">&emsp;</p><br><p style=""font-size: 60px; font-family: FragmentMono"">YOWYCMWYP<p style=""font-size: 15px"">Press <strong>k</strong> for yes, <strong>d</strong> for no.</p>","","","testing","YOWYCMWYP","k","[""morcodeXmorpheme""]","false","","","",""
"1006","d","html-keyboard-response","758","1676398","0.0-24.0-0.101","65fad6c874ac75642ffc254b","69de1b11a980ed2dab60a60c","69dfbf73db50084e9ea4c1a0","<p style=""font-size: 30px"">&emsp;</p><br><p style=""font-size: 60px; font-family: FragmentMono"">PJRYYAHE<p style=""font-size: 15px"">Press <strong>k</strong> for yes, <strong>d</strong> for no.</p>","","","testing","PJRYYAHE","k","[""morcodeXmorpheme""]","false","","","",""
"1152","d","html-keyboard-response","759","1677551","0.0-24.0-0.102","65fad6c874ac75642ffc254b","69de1b11a980ed2dab60a60c","69dfbf73db50084e9ea4c1a0","<p style=""font-size: 30px"">&emsp;</p><br><p style=""font-size: 60px; font-family: FragmentMono"">BZSURJPXF<p style=""font-size: 15px"">Press <strong>k</strong> for yes, <strong>d</strong> for no.</p>","","","testing","BZSURJPXF","d","[""morcodeXmorcode""]","true","","","",""
"1156","d","html-keyboard-response","760","1678707","0.0-24.0-0.103","65fad6c874ac75642ffc254b","69de1b11a980ed2dab60a60c","69dfbf73db50084e9ea4c1a0","<p style=""font-size: 30px"">&emsp;</p><br><p style=""font-size: 60px; font-family: FragmentMono"">KFOFSCAVY<p style=""font-size: 15px"">Press <strong>k</strong> for yes, <strong>d</strong> for no.</p>","","","testing","KFOFSCAVY","k","[""morcodeXmorpheme""]","false","","","",""
"956","d","html-keyboard-response","761","1679665","0.0-24.0-0.104","65fad6c874ac75642ffc254b","69de1b11a980ed2dab60a60c","69dfbf73db50084e9ea4c1a0","<p style=""font-size: 30px"">&emsp;</p><br><p style=""font-size: 60px; font-family: FragmentMono"">BIWIXILS<p style=""font-size: 15px"">Press <strong>k</strong> for yes, <strong>d</strong> for no.</p>","","","testing","BIWIXILS","k","[""morcodeXmorpheme""]","false","","","",""
"726","d","html-keyboard-response","762","1680392","0.0-24.0-0.105","65fad6c874ac75642ffc254b","69de1b11a980ed2dab60a60c","69dfbf73db50084e9ea4c1a0","<p style=""font-size: 30px"">&emsp;</p><br><p style=""font-size: 60px; font-family: FragmentMono"">MXCUIDXLI<p style=""font-size: 15px"">Press <strong>k</strong> for yes, <strong>d</strong> for no.</p>","","","testing","MXCUIDXLI","k","[""morcodeXmorpheme""]","false","","","",""
"926","d","html-keyboard-response","763","1681319","0.0-24.0-0.106","65fad6c874ac75642ffc254b","69de1b11a980ed2dab60a60c","69dfbf73db50084e9ea4c1a0","<p style=""font-size: 30px"">&emsp;</p><br><p style=""font-size: 60px; font-family: FragmentMono"">BWVFQVKN<p style=""font-size: 15px"">Press <strong>k</strong> for yes, <strong>d</strong> for no.</p>","","","testing","BWVFQVKN","d","[""morcodeXmorcode""]","true","","","",""
"888","k","html-keyboard-response","764","1682207","0.0-24.0-0.107","65fad6c874ac75642ffc254b","69de1b11a980ed2dab60a60c","69dfbf73db50084e9ea4c1a0","<p style=""font-size: 30px"">&emsp;</p><br><p style=""font-size: 60px; font-family: FragmentMono"">EKCYGZBG<p style=""font-size: 15px"">Press <strong>k</strong> for yes, <strong>d</strong> for no.</p>","","","testing","EKCYGZBG","k","[""morphemeXmorpheme""]","true","","","",""
"698","k","html-keyboard-response","765","1682906","0.0-24.0-0.108","65fad6c874ac75642ffc254b","69de1b11a980ed2dab60a60c","69dfbf73db50084e9ea4c1a0","<p style=""font-size: 30px"">&emsp;</p><br><p style=""font-size: 60px; font-family: FragmentMono"">JKGDYAHE<p style=""font-size: 15px"">Press <strong>k</strong> for yes, <strong>d</strong> for no.</p>","","","testing","JKGDYAHE","k","[""morphemeXmorpheme""]","true","","","",""
"1460","k","html-keyboard-response","766","1684367","0.0-24.0-0.109","65fad6c874ac75642ffc254b","69de1b11a980ed2dab60a60c","69dfbf73db50084e9ea4c1a0","<p style=""font-size: 30px"">&emsp;</p><br><p style=""font-size: 60px; font-family: FragmentMono"">ISLNGYV<p style=""font-size: 15px"">Press <strong>k</strong> for yes, <strong>d</strong> for no.</p>","","","testing","ISLNGYV","d","[""morcodeXmorcode""]","false","","","",""
"830","d","html-keyboard-response","767","1685184","0.0-24.0-0.110","65fad6c874ac75642ffc254b","69de1b11a980ed2dab60a60c","69dfbf73db50084e9ea4c1a0","<p style=""font-size: 30px"">&emsp;</p><br><p style=""font-size: 60px; font-family: FragmentMono"">TGPVCHB<p style=""font-size: 15px"">Press <strong>k</strong> for yes, <strong>d</strong> for no.</p>","","","testing","TGPVCHB","d","[""morcodeXmorcode""]","true","","","",""
"1615","d","html-keyboard-response","768","1686800","0.0-24.0-0.111","65fad6c874ac75642ffc254b","69de1b11a980ed2dab60a60c","69dfbf73db50084e9ea4c1a0","<p style=""font-size: 30px"">&emsp;</p><br><p style=""font-size: 60px; font-family: FragmentMono"">XGCBUWNP<p style=""font-size: 15px"">Press <strong>k</strong> for yes, <strong>d</strong> for no.</p>","","","testing","XGCBUWNP","d","[""morcodeXmorcode""]","true","","","",""
"870","k","html-keyboard-response","769","1687671","0.0-24.0-0.112","65fad6c874ac75642ffc254b","69de1b11a980ed2dab60a60c","69dfbf73db50084e9ea4c1a0","<p style=""font-size: 30px"">&emsp;</p><br><p style=""font-size: 60px; font-family: FragmentMono"">GEUHQCAVY<p style=""font-size: 15px"">Press <strong>k</strong> for yes, <strong>d</strong> for no.</p>","","","testing","GEUHQCAVY","k","[""morphemeXmorpheme""]","true","","","",""
"950","d","html-keyboard-response","770","1688622","0.0-24.0-0.113","65fad6c874ac75642ffc254b","69de1b11a980ed2dab60a60c","69dfbf73db50084e9ea4c1a0","<p style=""font-size: 30px"">&emsp;</p><br><p style=""font-size: 60px; font-family: FragmentMono"">HNCXAXILS<p style=""font-size: 15px"">Press <strong>k</strong> for yes, <strong>d</strong> for no.</p>","","","testing","HNCXAXILS","k","[""morcodeXmorpheme""]","false","","","",""
"899","d","html-keyboard-response","771","1689522","0.0-24.0-0.114","65fad6c874ac75642ffc254b","69de1b11a980ed2dab60a60c","69dfbf73db50084e9ea4c1a0","<p style=""font-size: 30px"">&emsp;</p><br><p style=""font-size: 60px; font-family: FragmentMono"">VWLDDNYM<p style=""font-size: 15px"">Press <strong>k</strong> for yes, <strong>d</strong> for no.</p>","","","testing","VWLDDNYM","d","[""morcodeXmorcode""]","true","","","",""
"882","d","html-keyboard-response","772","1690404","0.0-24.0-0.115","65fad6c874ac75642ffc254b","69de1b11a980ed2dab60a60c","69dfbf73db50084e9ea4c1a0","<p style=""font-size: 30px"">&emsp;</p><br><p style=""font-size: 60px; font-family: FragmentMono"">SHXVKHQCB<p style=""font-size: 15px"">Press <strong>k</strong> for yes, <strong>d</strong> for no.</p>","","","testing","SHXVKHQCB","d","[""morcodeXmorcode""]","true","","","",""
"995","k","html-keyboard-response","773","1691400","0.0-24.0-0.116","65fad6c874ac75642ffc254b","69de1b11a980ed2dab60a60c","69dfbf73db50084e9ea4c1a0","<p style=""font-size: 30px"">&emsp;</p><br><p style=""font-size: 60px; font-family: FragmentMono"">XUFEUHUZ<p style=""font-size: 15px"">Press <strong>k</strong> for yes, <strong>d</strong> for no.</p>","","","testing","XUFEUHUZ","k","[""morphemeXmorcode""]","true","","","",""
"1154","k","html-keyboard-response","774","1692555","0.0-24.0-0.117","65fad6c874ac75642ffc254b","69de1b11a980ed2dab60a60c","69dfbf73db50084e9ea4c1a0","<p style=""font-size: 30px"">&emsp;</p><br><p style=""font-size: 60px; font-family: FragmentMono"">XFSVXHO<p style=""font-size: 15px"">Press <strong>k</strong> for yes, <strong>d</strong> for no.</p>","","","testing","XFSVXHO","d","[""morphemeXmorpheme""]","false","","","",""
"702","k","html-keyboard-response","775","1693259","0.0-24.0-0.118","65fad6c874ac75642ffc254b","69de1b11a980ed2dab60a60c","69dfbf73db50084e9ea4c1a0","<p style=""font-size: 30px"">&emsp;</p><br><p style=""font-size: 60px; font-family: FragmentMono"">OGPGLCYT<p style=""font-size: 15px"">Press <strong>k</strong> for yes, <strong>d</strong> for no.</p>","","","testing","OGPGLCYT","k","[""morphemeXmorcode""]","true","","","",""
"1343","d","html-keyboard-response","776","1694603","0.0-24.0-0.119","65fad6c874ac75642ffc254b","69de1b11a980ed2dab60a60c","69dfbf73db50084e9ea4c1a0","<p style=""font-size: 30px"">&emsp;</p><br><p style=""font-size: 60px; font-family: FragmentMono"">XQTKWMWYP<p style=""font-size: 15px"">Press <strong>k</strong> for yes, <strong>d</strong> for no.</p>","","","testing","XQTKWMWYP","d","[""morphemeXmorpheme""]","true","","","",""
"20755","{""testing_strategy"":""I just remembered the previous words ""}","survey-html-form","777","1715359","0.0-25.0","65fad6c874ac75642ffc254b","69de1b11a980ed2dab60a60c","69dfbf73db50084e9ea4c1a0","","","","","","","","","","","",""
"57108"," ","html-keyboard-response","778","1772476","0.0-26.0","65fad6c874ac75642ffc254b","69de1b11a980ed2dab60a60c","69dfbf73db50084e9ea4c1a0","<p style=""font-size: 30px"">You've made it to the meeting on time, fantastic! The world leaders want to write a message back to the aliens, and need you to help them recognise which letter combinations you saw in their language. You'll have the choice between 2 letter combinations: one which was in the communication you saw, and one that wasn't. It's important to be friendly with these aliens, so it's important that you make the right choice!</p>
      <p style=""font-size: 30px"">Press <strong>d</strong> if you think that the letter combination on the <strong>left</strong> is the one you saw, or <strong>k</strong> if you think that it's the one on the <strong>right</strong>.</p>
      <p style=""font-size: 30px"">Press the spacebar when you're ready to begin.</p>","","","","","","","","","","",""
"10772","k","html-keyboard-response","779","1783250","0.0-27.0-0.0","65fad6c874ac75642ffc254b","69de1b11a980ed2dab60a60c","69dfbf73db50084e9ea4c1a0","<p style=""font-size: 30px;"">Which letter combination have you already seen?</p><br><p style=""font-size: 60px; font-family: FragmentMono"">OEJAX&emsp;&emsp;&emsp;&emsp;XQTKW<p style=""font-size: 15px"">Press <strong>d</strong> for this letter combination&emsp;&emsp;&emsp;&emsp;&emsp;&emsp;&emsp;&emsp;&emsp;&emsp;&emsp;Press <strong>k</strong> for this letter combination</p>","","","familiarity","","k","","true","XQTKW","OEJAX","",""
"5240","d","html-keyboard-response","780","1788490","0.0-27.0-0.1","65fad6c874ac75642ffc254b","69de1b11a980ed2dab60a60c","69dfbf73db50084e9ea4c1a0","<p style=""font-size: 30px;"">Which letter combination have you already seen?</p><br><p style=""font-size: 60px; font-family: FragmentMono"">SQBU&emsp;&emsp;&emsp;&emsp;KQRK<p style=""font-size: 15px"">Press <strong>d</strong> for this letter combination&emsp;&emsp;&emsp;&emsp;&emsp;&emsp;&emsp;&emsp;&emsp;&emsp;&emsp;Press <strong>k</strong> for this letter combination</p>","","","familiarity","","d","","true","SQBU","KQRK","",""
"2148","d","html-keyboard-response","781","1790639","0.0-27.0-0.2","65fad6c874ac75642ffc254b","69de1b11a980ed2dab60a60c","69dfbf73db50084e9ea4c1a0","<p style=""font-size: 30px;"">Which letter combination have you already seen?</p><br><p style=""font-size: 60px; font-family: FragmentMono"">NOQI&emsp;&emsp;&emsp;&emsp;VEWG<p style=""font-size: 15px"">Press <strong>d</strong> for this letter combination&emsp;&emsp;&emsp;&emsp;&emsp;&emsp;&emsp;&emsp;&emsp;&emsp;&emsp;Press <strong>k</strong> for this letter combination</p>","","","familiarity","","d","","true","NOQI","VEWG","",""
"2644","d","html-keyboard-response","782","1793284","0.0-27.0-0.3","65fad6c874ac75642ffc254b","69de1b11a980ed2dab60a60c","69dfbf73db50084e9ea4c1a0","<p style=""font-size: 30px"">&emsp;</p><br><p style=""font-size: 60px; font-family: FragmentMono"">XEMO&emsp;&emsp;&emsp;&emsp;PZKS<p style=""font-size: 15px"">Press <strong>d</strong> for this letter combination&emsp;&emsp;&emsp;&emsp;&emsp;&emsp;&emsp;&emsp;&emsp;&emsp;Press <strong>k</strong> for this letter combination</p>","","","familiarity","","d","","true","XEMO","PZKS","",""
"3687","d","html-keyboard-response","783","1796971","0.0-27.0-0.4","65fad6c874ac75642ffc254b","69de1b11a980ed2dab60a60c","69dfbf73db50084e9ea4c1a0","<p style=""font-size: 30px"">&emsp;</p><br><p style=""font-size: 60px; font-family: FragmentMono"">XUFE&emsp;&emsp;&emsp;&emsp;DHNY<p style=""font-size: 15px"">Press <strong>d</strong> for this letter combination&emsp;&emsp;&emsp;&emsp;&emsp;&emsp;&emsp;&emsp;&emsp;&emsp;Press <strong>k</strong> for this letter combination</p>","","","familiarity","","d","","true","XUFE","DHNY","",""
"1072","d","html-keyboard-response","784","1798044","0.0-27.0-0.5","65fad6c874ac75642ffc254b","69de1b11a980ed2dab60a60c","69dfbf73db50084e9ea4c1a0","<p style=""font-size: 30px"">&emsp;</p><br><p style=""font-size: 60px; font-family: FragmentMono"">OAYA&emsp;&emsp;&emsp;&emsp;SHSP<p style=""font-size: 15px"">Press <strong>d</strong> for this letter combination&emsp;&emsp;&emsp;&emsp;&emsp;&emsp;&emsp;&emsp;&emsp;&emsp;Press <strong>k</strong> for this letter combination</p>","","","familiarity","","d","","true","OAYA","SHSP","",""
"1558","k","html-keyboard-response","785","1799602","0.0-27.0-0.6","65fad6c874ac75642ffc254b","69de1b11a980ed2dab60a60c","69dfbf73db50084e9ea4c1a0","<p style=""font-size: 30px"">&emsp;</p><br><p style=""font-size: 60px; font-family: FragmentMono"">ATWFG&emsp;&emsp;&emsp;&emsp;OGDSK<p style=""font-size: 15px"">Press <strong>d</strong> for this letter combination&emsp;&emsp;&emsp;&emsp;&emsp;&emsp;&emsp;&emsp;&emsp;&emsp;Press <strong>k</strong> for this letter combination</p>","","","familiarity","","k","","true","OGDSK","ATWFG","",""
"1449","k","html-keyboard-response","786","1801053","0.0-27.0-0.7","65fad6c874ac75642ffc254b","69de1b11a980ed2dab60a60c","69dfbf73db50084e9ea4c1a0","<p style=""font-size: 30px"">&emsp;</p><br><p style=""font-size: 60px; font-family: FragmentMono"">GOZHM&emsp;&emsp;&emsp;&emsp;GEUHQ<p style=""font-size: 15px"">Press <strong>d</strong> for this letter combination&emsp;&emsp;&emsp;&emsp;&emsp;&emsp;&emsp;&emsp;&emsp;&emsp;Press <strong>k</strong> for this letter combination</p>","","","familiarity","","k","","true","GEUHQ","GOZHM","",""
"1977","k","html-keyboard-response","787","1803030","0.0-27.0-0.8","65fad6c874ac75642ffc254b","69de1b11a980ed2dab60a60c","69dfbf73db50084e9ea4c1a0","<p style=""font-size: 30px"">&emsp;</p><br><p style=""font-size: 60px; font-family: FragmentMono"">ILVQ&emsp;&emsp;&emsp;&emsp;ULUJ<p style=""font-size: 15px"">Press <strong>d</strong> for this letter combination&emsp;&emsp;&emsp;&emsp;&emsp;&emsp;&emsp;&emsp;&emsp;&emsp;Press <strong>k</strong> for this letter combination</p>","","","familiarity","","k","","true","ULUJ","ILVQ","",""
"1120","k","html-keyboard-response","788","1804151","0.0-27.0-0.9","65fad6c874ac75642ffc254b","69de1b11a980ed2dab60a60c","69dfbf73db50084e9ea4c1a0","<p style=""font-size: 30px"">&emsp;</p><br><p style=""font-size: 60px; font-family: FragmentMono"">WAEMI&emsp;&emsp;&emsp;&emsp;PKCBH<p style=""font-size: 15px"">Press <strong>d</strong> for this letter combination&emsp;&emsp;&emsp;&emsp;&emsp;&emsp;&emsp;&emsp;&emsp;&emsp;Press <strong>k</strong> for this letter combination</p>","","","familiarity","","k","","true","PKCBH","WAEMI","",""
"945","k","html-keyboard-response","789","1805096","0.0-27.0-0.10","65fad6c874ac75642ffc254b","69de1b11a980ed2dab60a60c","69dfbf73db50084e9ea4c1a0","<p style=""font-size: 30px"">&emsp;</p><br><p style=""font-size: 60px; font-family: FragmentMono"">XZQF&emsp;&emsp;&emsp;&emsp;SCEI<p style=""font-size: 15px"">Press <strong>d</strong> for this letter combination&emsp;&emsp;&emsp;&emsp;&emsp;&emsp;&emsp;&emsp;&emsp;&emsp;Press <strong>k</strong> for this letter combination</p>","","","familiarity","","k","","true","SCEI","XZQF","",""
"3509","k","html-keyboard-response","790","1808606","0.0-27.0-0.11","65fad6c874ac75642ffc254b","69de1b11a980ed2dab60a60c","69dfbf73db50084e9ea4c1a0","<p style=""font-size: 30px"">&emsp;</p><br><p style=""font-size: 60px; font-family: FragmentMono"">EQZ&emsp;&emsp;&emsp;&emsp;ZBG<p style=""font-size: 15px"">Press <strong>d</strong> for this letter combination&emsp;&emsp;&emsp;&emsp;&emsp;&emsp;&emsp;&emsp;&emsp;&emsp;Press <strong>k</strong> for this letter combination</p>","","","familiarity","","k","","true","ZBG","EQZ","",""
"1636","k","html-keyboard-response","791","1810243","0.0-27.0-0.12","65fad6c874ac75642ffc254b","69de1b11a980ed2dab60a60c","69dfbf73db50084e9ea4c1a0","<p style=""font-size: 30px"">&emsp;</p><br><p style=""font-size: 60px; font-family: FragmentMono"">FWTPN&emsp;&emsp;&emsp;&emsp;EKCYG<p style=""font-size: 15px"">Press <strong>d</strong> for this letter combination&emsp;&emsp;&emsp;&emsp;&emsp;&emsp;&emsp;&emsp;&emsp;&emsp;Press <strong>k</strong> for this letter combination</p>","","","familiarity","","k","","true","EKCYG","FWTPN","",""
"1452","d","html-keyboard-response","792","1811696","0.0-27.0-0.13","65fad6c874ac75642ffc254b","69de1b11a980ed2dab60a60c","69dfbf73db50084e9ea4c1a0","<p style=""font-size: 30px"">&emsp;</p><br><p style=""font-size: 60px; font-family: FragmentMono"">XHO&emsp;&emsp;&emsp;&emsp;EDK<p style=""font-size: 15px"">Press <strong>d</strong> for this letter combination&emsp;&emsp;&emsp;&emsp;&emsp;&emsp;&emsp;&emsp;&emsp;&emsp;Press <strong>k</strong> for this letter combination</p>","","","familiarity","","d","","true","XHO","EDK","",""
"1552","k","html-keyboard-response","793","1813249","0.0-27.0-0.14","65fad6c874ac75642ffc254b","69de1b11a980ed2dab60a60c","69dfbf73db50084e9ea4c1a0","<p style=""font-size: 30px"">&emsp;</p><br><p style=""font-size: 60px; font-family: FragmentMono"">UABS&emsp;&emsp;&emsp;&emsp;GUVR<p style=""font-size: 15px"">Press <strong>d</strong> for this letter combination&emsp;&emsp;&emsp;&emsp;&emsp;&emsp;&emsp;&emsp;&emsp;&emsp;Press <strong>k</strong> for this letter combination</p>","","","familiarity","","k","","true","GUVR","UABS","",""
"1512","d","html-keyboard-response","794","1814763","0.0-27.0-0.15","65fad6c874ac75642ffc254b","69de1b11a980ed2dab60a60c","69dfbf73db50084e9ea4c1a0","<p style=""font-size: 30px"">&emsp;</p><br><p style=""font-size: 60px; font-family: FragmentMono"">PTPZ&emsp;&emsp;&emsp;&emsp;CAVY<p style=""font-size: 15px"">Press <strong>d</strong> for this letter combination&emsp;&emsp;&emsp;&emsp;&emsp;&emsp;&emsp;&emsp;&emsp;&emsp;Press <strong>k</strong> for this letter combination</p>","","","familiarity","","k","","false","CAVY","PTPZ","",""
"1852","k","html-keyboard-response","795","1816616","0.0-27.0-0.16","65fad6c874ac75642ffc254b","69de1b11a980ed2dab60a60c","69dfbf73db50084e9ea4c1a0","<p style=""font-size: 30px"">&emsp;</p><br><p style=""font-size: 60px; font-family: FragmentMono"">XRJW&emsp;&emsp;&emsp;&emsp;UXWL<p style=""font-size: 15px"">Press <strong>d</strong> for this letter combination&emsp;&emsp;&emsp;&emsp;&emsp;&emsp;&emsp;&emsp;&emsp;&emsp;Press <strong>k</strong> for this letter combination</p>","","","familiarity","","d","","false","XRJW","UXWL","",""
"1214","k","html-keyboard-response","796","1817831","0.0-27.0-0.17","65fad6c874ac75642ffc254b","69de1b11a980ed2dab60a60c","69dfbf73db50084e9ea4c1a0","<p style=""font-size: 30px"">&emsp;</p><br><p style=""font-size: 60px; font-family: FragmentMono"">MWYP&emsp;&emsp;&emsp;&emsp;QPMY<p style=""font-size: 15px"">Press <strong>d</strong> for this letter combination&emsp;&emsp;&emsp;&emsp;&emsp;&emsp;&emsp;&emsp;&emsp;&emsp;Press <strong>k</strong> for this letter combination</p>","","","familiarity","","d","","false","MWYP","QPMY","",""
"855","k","html-keyboard-response","797","1818686","0.0-27.0-0.18","65fad6c874ac75642ffc254b","69de1b11a980ed2dab60a60c","69dfbf73db50084e9ea4c1a0","<p style=""font-size: 30px"">&emsp;</p><br><p style=""font-size: 60px; font-family: FragmentMono"">MYFT&emsp;&emsp;&emsp;&emsp;JKGD<p style=""font-size: 15px"">Press <strong>d</strong> for this letter combination&emsp;&emsp;&emsp;&emsp;&emsp;&emsp;&emsp;&emsp;&emsp;&emsp;Press <strong>k</strong> for this letter combination</p>","","","familiarity","","k","","true","JKGD","MYFT","",""
"1017","k","html-keyboard-response","798","1819705","0.0-27.0-0.19","65fad6c874ac75642ffc254b","69de1b11a980ed2dab60a60c","69dfbf73db50084e9ea4c1a0","<p style=""font-size: 30px"">&emsp;</p><br><p style=""font-size: 60px; font-family: FragmentMono"">YAHE&emsp;&emsp;&emsp;&emsp;UMGW<p style=""font-size: 15px"">Press <strong>d</strong> for this letter combination&emsp;&emsp;&emsp;&emsp;&emsp;&emsp;&emsp;&emsp;&emsp;&emsp;Press <strong>k</strong> for this letter combination</p>","","","familiarity","","d","","false","YAHE","UMGW","",""
"1087","d","html-keyboard-response","799","1820793","0.0-27.0-0.20","65fad6c874ac75642ffc254b","69de1b11a980ed2dab60a60c","69dfbf73db50084e9ea4c1a0","<p style=""font-size: 30px"">&emsp;</p><br><p style=""font-size: 60px; font-family: FragmentMono"">OKDV&emsp;&emsp;&emsp;&emsp;XFSV<p style=""font-size: 15px"">Press <strong>d</strong> for this letter combination&emsp;&emsp;&emsp;&emsp;&emsp;&emsp;&emsp;&emsp;&emsp;&emsp;Press <strong>k</strong> for this letter combination</p>","","","familiarity","","k","","false","XFSV","OKDV","",""
"3292","k","html-keyboard-response","800","1824086","0.0-27.0-0.21","65fad6c874ac75642ffc254b","69de1b11a980ed2dab60a60c","69dfbf73db50084e9ea4c1a0","<p style=""font-size: 30px"">&emsp;</p><br><p style=""font-size: 60px; font-family: FragmentMono"">SMUN&emsp;&emsp;&emsp;&emsp;DXLI<p style=""font-size: 15px"">Press <strong>d</strong> for this letter combination&emsp;&emsp;&emsp;&emsp;&emsp;&emsp;&emsp;&emsp;&emsp;&emsp;Press <strong>k</strong> for this letter combination</p>","","","familiarity","","k","","true","DXLI","SMUN","",""
"1950","k","html-keyboard-response","801","1826036","0.0-27.0-0.22","65fad6c874ac75642ffc254b","69de1b11a980ed2dab60a60c","69dfbf73db50084e9ea4c1a0","<p style=""font-size: 30px"">&emsp;</p><br><p style=""font-size: 60px; font-family: FragmentMono"">KSL&emsp;&emsp;&emsp;&emsp;PYB<p style=""font-size: 15px"">Press <strong>d</strong> for this letter combination&emsp;&emsp;&emsp;&emsp;&emsp;&emsp;&emsp;&emsp;&emsp;&emsp;Press <strong>k</strong> for this letter combination</p>","","","familiarity","","k","","true","PYB","KSL","",""
"1526","k","html-keyboard-response","802","1827564","0.0-27.0-0.23","65fad6c874ac75642ffc254b","69de1b11a980ed2dab60a60c","69dfbf73db50084e9ea4c1a0","<p style=""font-size: 30px"">&emsp;</p><br><p style=""font-size: 60px; font-family: FragmentMono"">XILS&emsp;&emsp;&emsp;&emsp;ZDOZ<p style=""font-size: 15px"">Press <strong>d</strong> for this letter combination&emsp;&emsp;&emsp;&emsp;&emsp;&emsp;&emsp;&emsp;&emsp;&emsp;Press <strong>k</strong> for this letter combination</p>","","","familiarity","","d","","false","XILS","ZDOZ","",""
"2408","d","html-keyboard-response","803","1829972","0.0-27.0-0.24","65fad6c874ac75642ffc254b","69de1b11a980ed2dab60a60c","69dfbf73db50084e9ea4c1a0","<p style=""font-size: 30px"">&emsp;</p><br><p style=""font-size: 60px; font-family: FragmentMono"">XVELS&emsp;&emsp;&emsp;&emsp;COMFV<p style=""font-size: 15px"">Press <strong>d</strong> for this letter combination&emsp;&emsp;&emsp;&emsp;&emsp;&emsp;&emsp;&emsp;&emsp;&emsp;Press <strong>k</strong> for this letter combination</p>","","","familiarity","","d","","true","XVELS","COMFV","",""
"761","d","html-keyboard-response","804","1830734","0.0-27.0-0.25","65fad6c874ac75642ffc254b","69de1b11a980ed2dab60a60c","69dfbf73db50084e9ea4c1a0","<p style=""font-size: 30px"">&emsp;</p><br><p style=""font-size: 60px; font-family: FragmentMono"">TREH&emsp;&emsp;&emsp;&emsp;FWLC<p style=""font-size: 15px"">Press <strong>d</strong> for this letter combination&emsp;&emsp;&emsp;&emsp;&emsp;&emsp;&emsp;&emsp;&emsp;&emsp;Press <strong>k</strong> for this letter combination</p>","","","familiarity","","d","","true","TREH","FWLC","",""
"1213","k","html-keyboard-response","805","1831948","0.0-27.0-0.26","65fad6c874ac75642ffc254b","69de1b11a980ed2dab60a60c","69dfbf73db50084e9ea4c1a0","<p style=""font-size: 30px"">&emsp;</p><br><p style=""font-size: 60px; font-family: FragmentMono"">BLHM&emsp;&emsp;&emsp;&emsp;ILGF<p style=""font-size: 15px"">Press <strong>d</strong> for this letter combination&emsp;&emsp;&emsp;&emsp;&emsp;&emsp;&emsp;&emsp;&emsp;&emsp;Press <strong>k</strong> for this letter combination</p>","","","familiarity","","k","","true","ILGF","BLHM","",""
"2822","k","html-keyboard-response","806","1834776","0.0-27.0-0.27","65fad6c874ac75642ffc254b","69de1b11a980ed2dab60a60c","69dfbf73db50084e9ea4c1a0","<p style=""font-size: 30px"">&emsp;</p><br><p style=""font-size: 60px; font-family: FragmentMono"">CWV&emsp;&emsp;&emsp;&emsp;YVN<p style=""font-size: 15px"">Press <strong>d</strong> for this letter combination&emsp;&emsp;&emsp;&emsp;&emsp;&emsp;&emsp;&emsp;&emsp;&emsp;Press <strong>k</strong> for this letter combination</p>","","","familiarity","","d","","false","CWV","YVN","",""
"1106","d","html-keyboard-response","807","1835883","0.0-27.0-0.28","65fad6c874ac75642ffc254b","69de1b11a980ed2dab60a60c","69dfbf73db50084e9ea4c1a0","<p style=""font-size: 30px"">&emsp;</p><br><p style=""font-size: 60px; font-family: FragmentMono"">OGPGL&emsp;&emsp;&emsp;&emsp;HTZXD<p style=""font-size: 15px"">Press <strong>d</strong> for this letter combination&emsp;&emsp;&emsp;&emsp;&emsp;&emsp;&emsp;&emsp;&emsp;&emsp;Press <strong>k</strong> for this letter combination</p>","","","familiarity","","d","","true","OGPGL","HTZXD","",""
"1098","k","html-keyboard-response","808","1836981","0.0-27.0-0.29","65fad6c874ac75642ffc254b","69de1b11a980ed2dab60a60c","69dfbf73db50084e9ea4c1a0","<p style=""font-size: 30px"">&emsp;</p><br><p style=""font-size: 60px; font-family: FragmentMono"">RWEQM&emsp;&emsp;&emsp;&emsp;UXVTI<p style=""font-size: 15px"">Press <strong>d</strong> for this letter combination&emsp;&emsp;&emsp;&emsp;&emsp;&emsp;&emsp;&emsp;&emsp;&emsp;Press <strong>k</strong> for this letter combination</p>","","","familiarity","","k","","true","UXVTI","RWEQM","",""
"21612"," ","html-keyboard-response","809","1858594","0.0-28.0","65fad6c874ac75642ffc254b","69de1b11a980ed2dab60a60c","69dfbf73db50084e9ea4c1a0","<p style=""font-size: 30px"">Thank you for your help deciphering these alien communications! In this final part, we'd like you to answer the following questions on your history, use, proficiency, and attitudes towards your own languages.</p>
      <p style=""font-size: 30px"">The questionnaire contains 19 questions and will take only 10 minutes. Please answer every question honestly: this way we'll be able to guarantee a good outcome for this experiment.</p>
      <p style=""font-size: 30px"">Press the spacebar to begin.</p>","","","","","","","","","","",""
"70115","{""Age"":""18-25"",""Gender"":""Other"",""Education"":""PlusCollege"",""L1"":""English"",""L2"":""Hindi"",""L3"":""Urdu"",""L4"":""Telugu"",""otherLs"":""n/a""}","survey-html-form","810","1928712","0.0-29.0","65fad6c874ac75642ffc254b","69de1b11a980ed2dab60a60c","69dfbf73db50084e9ea4c1a0","","","","","","","","","","","bio_info",""
"114697","{""AoAL1"":""1"",""AoAL2"":""1"",""AoAL3"":""0"",""AoAL4"":""1"",""AoEaseL1"":""4"",""AoEaseL2"":""0"",""AoEaseL3"":""0"",""AoEaseL4"":""2"",""yearsEduL1"":""20+"",""yearsEduL2"":""12"",""yearsEduL3"":""5"",""yearsEduL4"":""12"",""yearsCountryL1"":""20+"",""yearsCountryL2"":""20+"",""yearsCountryL3"":""20+"",""yearsCountryL4"":""20+"",""yearsFamilyL1"":""9"",""yearsFamilyL2"":""18"",""yearsFamilyL3"":""20+"",""yearsFamilyL4"":""3"",""yearsWorkL1"":""20+"",""yearsWorkL2"":""20+"",""yearsWorkL3"":""20+"",""yearsWorkL4"":""15""}","survey-html-form","811","2043448","0.0-30.0","65fad6c874ac75642ffc254b","69de1b11a980ed2dab60a60c","69dfbf73db50084e9ea4c1a0","","","","","","","","","","","history_info",""
"101099","{""PercFriendsL1"":""80"",""PercFriendsL2"":""20"",""PercFriendsL3"":""60"",""PercFriendsL4"":""30"",""PercFamilyL1"":""40"",""PercFamilyL2"":""100"",""PercFamilyL3"":""100"",""PercFamilyL4"":""0"",""PercWorkL1"":""90"",""PercWorkL2"":""60"",""PercWorkL3"":""60"",""PercWorkL4"":""20"",""PercSelfL1"":""90"",""PercSelfL2"":""20"",""PercSelfL3"":""70"",""PercSelfL4"":""0"",""PercCountL1"":""100"",""PercCountL2"":""40"",""PercCountL3"":""40"",""PercCountL4"":""0""}","survey-html-form","812","2144555","0.0-31.0-0.0-0.0","65fad6c874ac75642ffc254b","69de1b11a980ed2dab60a60c","69dfbf73db50084e9ea4c1a0","","","","","","","","","","","use_info",""
"27788","","instructions","813","2172344","0.0-31.0-0.0-1.0-0.0","65fad6c874ac75642ffc254b","69de1b11a980ed2dab60a60c","69dfbf73db50084e9ea4c1a0","","","","","","","","","","","use_info_prb","[{""page_index"":0,""viewing_time"":27787}]"
"113809","{""PercFriendsL1"":""60"",""PercFriendsL2"":""10"",""PercFriendsL3"":""20"",""PercFriendsL4"":""10"",""PercFamilyL1"":""10"",""PercFamilyL2"":""30"",""PercFamilyL3"":""60"",""PercFamilyL4"":""0"",""PercWorkL1"":""80"",""PercWorkL2"":""0"",""PercWorkL3"":""20"",""PercWorkL4"":""0"",""PercSelfL1"":""80"",""PercSelfL2"":""10"",""PercSelfL3"":""10"",""PercSelfL4"":""0"",""PercCountL1"":""90"",""PercCountL2"":""0"",""PercCountL3"":""10"",""PercCountL4"":""0""}","survey-html-form","814","2286177","0.0-31.0-0.1-0.1","65fad6c874ac75642ffc254b","69de1b11a980ed2dab60a60c","69dfbf73db50084e9ea4c1a0","","","","","","","","","","","use_info",""
"70969","{""ProfSpeakL1"":""6"",""ProfSpeakL2"":""6"",""ProfSpeakL3"":""6"",""ProfSpeakL4"":""1"",""ProfUnderstandL1"":""6"",""ProfUnderstandL2"":""4"",""ProfUnderstandL3"":""6"",""ProfUnderstandL4"":""5"",""ProfReadL1"":""6"",""ProfReadL2"":""4"",""ProfReadL3"":""3"",""ProfReadL4"":""4"",""AttentionL1"":""2"",""AttentionL2"":""2"",""AttentionL3"":""2"",""AttentionL4"":""2"",""ProfWriteL1"":""6"",""ProfWriteL2"":""6"",""ProfWriteL3"":""2"",""ProfWriteL4"":""5""}","survey-html-form","815","2357163","0.0-32.0","65fad6c874ac75642ffc254b","69de1b11a980ed2dab60a60c","69dfbf73db50084e9ea4c1a0","","","","","","","","","","","proficiency_info",""
"107752","{""AttSelfL1"":""6"",""AttSelfL2"":""3"",""AttSelfL3"":""6"",""AttSelfL4"":""0"",""AttCultureL1"":""4"",""AttCultureL2"":""5"",""AttCultureL3"":""6"",""AttCultureL4"":""3"",""AttNativeLevelL1"":""3"",""AttNativeLevelL2"":""0"",""AttNativeLevelL3"":""0"",""AttNativeLevelL4"":""4"",""AttMothertongueL1"":""0"",""AttMothertongueL2"":""0"",""AttMothertongueL3"":""4"",""AttMothertongueL4"":""0""}","survey-html-form","816","2464928","0.0-33.0","65fad6c874ac75642ffc254b","69de1b11a980ed2dab60a60c","69dfbf73db50084e9ea4c1a0","","","","","","","","","","","attitudes_info",""
"25000","control","html-keyboard-response","817","2489929","0.0-34.0","65fad6c874ac75642ffc254b","69de1b11a980ed2dab60a60c","69dfbf73db50084e9ea4c1a0","<p style=""font-size: 30px""><u>Goal of the study:</u> This experiment intends to test if people with more experience with more languages are more capable of unconsciously processing statistical information of new words. The alien words you saw at the beginning of the study belonged to two different languages, and this difference was displayed in how word parts were assembled together. Thank you for your participation!</p>
      <p style=""font-size: 30px"">Data upload will take a few seconds. Please wait briefly, then you will be redirected to Prolific with your completion code. Press any key now to do so.</p>","","","","","","","","","","",""
