"rt","response","trial_type","trial_index","time_elapsed","internal_node_id","subject_id","study_id","session_id","stimulus","question_order","success","task","item","correct_response","testing_condition","correct","target","confound","name"
"8749","{""ID"":""67269f439696d166fbb74e09""}","survey-html-form","0","8755","0.0-0.0","67269f439696d166fbb74e09","69d7901e3430d13455efb336","69e64bfc4a837f70e9680240","","","","","","","","","","",""
"16966"," ","html-keyboard-response","1","25723","0.0-1.0","67269f439696d166fbb74e09","69d7901e3430d13455efb336","69e64bfc4a837f70e9680240","<p style=""font-size: 30px;"">Before beginning, we ask that you read the consent information and confirm your agreement to participate in the experiment.</p>
      <p style=""font-size: 30px;""> We ask that you remember that this is a research project and that your participation is entirely voluntary. You can stop your participation at any time, without needing to provide any explanation. The study we're asking you to participate in aims at examining how readers process written words. You will be engaged in a session of apprximately 25-30 minutes, followed by a brief questionnaire. You will have the opportunity to take a few breaks during the experiment. You will be paid £4 for your participation, corresponding to a rate of £8/hour. While this experiment looks at cognitive faculties, this experiment doesn't constitute clinical proof of eventual pathologies.</p>
      <p style=""font-size: 30px;"">All of the information collected thanks to yours and others' participation will be held in a secure password-protected server, and will not be shared with anyone not authorised to view it. Your personal information will be kept with an arbitrary participant ID. Thanks to this data anonymity process, any researcher analysing the data won't be able to track the information back to a specific participant. Therefore, this process will make identifying you impossibile, even when results from the study will be published in scientific reviews, presented at congresses, or at any other public forum. More generally, the collected data will be treated in accordance with the laws on privacy and conformity to the Legislative Degree n. 196 ""Code regarding the protection of personal data"" of the 30th of June 2003 and to the European Regulation 2016/670 (General Data Protection Regulation - GDPR). The Data Protection Officer is Avv. Valentina Carollo, who can be contacted at the following email addresses: <a href=""mailto:dpo@sissa.it"">dpo@sissa.it</a> or <a href=""mailto:rpd@sissa.it"">rpd@sissa.it</a> - PEC: <a href=""mailto:protocollo@pec.sissa.it"">protocollo@pec.sissa.it</a>.</p>
      <p style=""font-size: 30px;""> Before expressing your consent to participate, we would like to remind you again that in case you need explanations on any aspect of the experimental procedure, the researcher is at your disposition (<a href=""mailto:aliebelt@sissa.it"">aliebelt@sissa.it</a>, <a href=""mailto:davide.crepaldi@sissa.it"">davide.crepaldi@sissa.it</a>). Please feel free to contact the researcher through the Messaging feature on Prolific if you have any questions or issues.</p>
      <p style=""font-size: 30px;"">If you would like to download the informed consent form, you can do so here: <a href=""BASL-Informed_Consent.pdf"" download>informed consent form</a>.</p>
      <p style=""font-size: 30px;"">We ask that you press the spacebar to proceed to the consent section.</p>","","","","","","","","","",""
"61457","{""consent1"":""YES"",""consent2"":""YES"",""consent3"":""YES"",""consent4"":""YES"",""consent5"":""YES"",""consent6"":""YES""}","survey-html-form","2","87184","0.0-2.0","67269f439696d166fbb74e09","69d7901e3430d13455efb336","69e64bfc4a837f70e9680240","","","","","","","","","","",""
"45266","{""Languages"":[""English""]}","survey-multi-select","3","132738","0.0-3.0-0.0","67269f439696d166fbb74e09","69d7901e3430d13455efb336","69e64bfc4a837f70e9680240","","[0]","","","","","","","","",""
"4727","","fullscreen","4","138477","0.0-4.0","67269f439696d166fbb74e09","69d7901e3430d13455efb336","69e64bfc4a837f70e9680240","","","true","","","","","","","",""
"822934"," ","html-keyboard-response","5","961503","0.0-5.0","67269f439696d166fbb74e09","69d7901e3430d13455efb336","69e64bfc4a837f70e9680240","<p style=""font-size: 30px"">Welcome, and thank you very much for your time!</p>
      <p style=""font-size: 30px"">In this experiment, you'll be a language expert who's been asked to take a look at words that Earth has received in its first communication with aliens. Your task, in this first part of the experiment, is to pay close attention to the words you'll be shown; later, world leaders will ask you questions on what you saw. The words will be shown to you quite quickly; it seems that the aliens were in a hurry :-)</p>
      <p style=""font-size: 30px"">Press the spacebar to continue.<p>","","","","","","","","","",""
"null","null","html-keyboard-response","6","961506","0.0-6.0","67269f439696d166fbb74e09","69d7901e3430d13455efb336","69e64bfc4a837f70e9680240","<p style=""font-size: 1px; font-family: FragmentMono""> x </p>","","","","","","","","","",""
"null","null","html-keyboard-response","7","962508","0.0-7.0-0.0","67269f439696d166fbb74e09","69d7901e3430d13455efb336","69e64bfc4a837f70e9680240","<p style=""font-size: 60px; font-family: FragmentMono"">FHICDBZE</p>","","","training","","","","","","",""
"null","null","html-keyboard-response","8","963509","0.0-7.0-0.1","67269f439696d166fbb74e09","69d7901e3430d13455efb336","69e64bfc4a837f70e9680240","<p style=""font-size: 60px; font-family: FragmentMono"">PJPTIQVZ</p>","","","training","","","","","","",""
"null","null","html-keyboard-response","9","964511","0.0-7.0-0.2","67269f439696d166fbb74e09","69d7901e3430d13455efb336","69e64bfc4a837f70e9680240","<p style=""font-size: 60px; font-family: FragmentMono"">YWQLATGPV</p>","","","training","","","","","","",""
"null","null","html-keyboard-response","10","965513","0.0-7.0-0.3","67269f439696d166fbb74e09","69d7901e3430d13455efb336","69e64bfc4a837f70e9680240","<p style=""font-size: 60px; font-family: FragmentMono"">NXGQGZQA</p>","","","training","","","","","","",""
"null","null","html-keyboard-response","11","966515","0.0-7.0-0.4","67269f439696d166fbb74e09","69d7901e3430d13455efb336","69e64bfc4a837f70e9680240","<p style=""font-size: 60px; font-family: FragmentMono"">VEVCHTGPV</p>","","","training","","","","","","",""
"null","null","html-keyboard-response","12","967517","0.0-7.0-0.5","67269f439696d166fbb74e09","69d7901e3430d13455efb336","69e64bfc4a837f70e9680240","<p style=""font-size: 60px; font-family: FragmentMono"">PJPTIBZE</p>","","","training","","","","","","",""
"null","null","html-keyboard-response","13","968519","0.0-7.0-0.6","67269f439696d166fbb74e09","69d7901e3430d13455efb336","69e64bfc4a837f70e9680240","<p style=""font-size: 60px; font-family: FragmentMono"">EOSUXJBUD</p>","","","training","","","","","","",""
"null","null","html-keyboard-response","14","969522","0.0-7.0-0.7","67269f439696d166fbb74e09","69d7901e3430d13455efb336","69e64bfc4a837f70e9680240","<p style=""font-size: 60px; font-family: FragmentMono"">YWQLAQVZ</p>","","","training","","","","","","",""
"null","null","html-keyboard-response","15","970524","0.0-7.0-0.8","67269f439696d166fbb74e09","69d7901e3430d13455efb336","69e64bfc4a837f70e9680240","<p style=""font-size: 60px; font-family: FragmentMono"">JBNILXG</p>","","","training","","","","","","",""
"null","null","html-keyboard-response","16","971527","0.0-7.0-0.9","67269f439696d166fbb74e09","69d7901e3430d13455efb336","69e64bfc4a837f70e9680240","<p style=""font-size: 60px; font-family: FragmentMono"">EIEQNJBUD</p>","","","training","","","","","","",""
"null","null","html-keyboard-response","17","972530","0.0-7.0-0.10","67269f439696d166fbb74e09","69d7901e3430d13455efb336","69e64bfc4a837f70e9680240","<p style=""font-size: 60px; font-family: FragmentMono"">EOSUXTGPV</p>","","","training","","","","","","",""
"null","null","html-keyboard-response","18","973531","0.0-7.0-0.11","67269f439696d166fbb74e09","69d7901e3430d13455efb336","69e64bfc4a837f70e9680240","<p style=""font-size: 60px; font-family: FragmentMono"">VEVCHVDIS</p>","","","training","","","","","","",""
"null","null","html-keyboard-response","19","974533","0.0-7.0-0.12","67269f439696d166fbb74e09","69d7901e3430d13455efb336","69e64bfc4a837f70e9680240","<p style=""font-size: 60px; font-family: FragmentMono"">CQBFSPZKS</p>","","","training","","","","","","",""
"null","null","html-keyboard-response","20","975535","0.0-7.0-0.13","67269f439696d166fbb74e09","69d7901e3430d13455efb336","69e64bfc4a837f70e9680240","<p style=""font-size: 60px; font-family: FragmentMono"">YWQLAVDIS</p>","","","training","","","","","","",""
"null","null","html-keyboard-response","21","976536","0.0-7.0-0.14","67269f439696d166fbb74e09","69d7901e3430d13455efb336","69e64bfc4a837f70e9680240","<p style=""font-size: 60px; font-family: FragmentMono"">KVAQWJBUD</p>","","","training","","","","","","",""
"null","null","html-keyboard-response","22","977539","0.0-7.0-0.15","67269f439696d166fbb74e09","69d7901e3430d13455efb336","69e64bfc4a837f70e9680240","<p style=""font-size: 60px; font-family: FragmentMono"">TREHPZKS</p>","","","training","","","","","","",""
"null","null","html-keyboard-response","23","978540","0.0-7.0-0.16","67269f439696d166fbb74e09","69d7901e3430d13455efb336","69e64bfc4a837f70e9680240","<p style=""font-size: 60px; font-family: FragmentMono"">RKXAHQVZ</p>","","","training","","","","","","",""
"null","null","html-keyboard-response","24","979543","0.0-7.0-0.17","67269f439696d166fbb74e09","69d7901e3430d13455efb336","69e64bfc4a837f70e9680240","<p style=""font-size: 60px; font-family: FragmentMono"">SCEITUXE</p>","","","training","","","","","","",""
"null","null","html-keyboard-response","25","980545","0.0-7.0-0.18","67269f439696d166fbb74e09","69d7901e3430d13455efb336","69e64bfc4a837f70e9680240","<p style=""font-size: 60px; font-family: FragmentMono"">YIUGVDIS</p>","","","training","","","","","","",""
"null","null","html-keyboard-response","26","981546","0.0-7.0-0.19","67269f439696d166fbb74e09","69d7901e3430d13455efb336","69e64bfc4a837f70e9680240","<p style=""font-size: 60px; font-family: FragmentMono"">RKXAHBZE</p>","","","training","","","","","","",""
"null","null","html-keyboard-response","27","982549","0.0-7.0-0.20","67269f439696d166fbb74e09","69d7901e3430d13455efb336","69e64bfc4a837f70e9680240","<p style=""font-size: 60px; font-family: FragmentMono"">CHTLQPBKN</p>","","","training","","","","","","",""
"null","null","html-keyboard-response","28","983551","0.0-7.0-0.21","67269f439696d166fbb74e09","69d7901e3430d13455efb336","69e64bfc4a837f70e9680240","<p style=""font-size: 60px; font-family: FragmentMono"">CQBFSLXG</p>","","","training","","","","","","",""
"null","null","html-keyboard-response","29","984554","0.0-7.0-0.22","67269f439696d166fbb74e09","69d7901e3430d13455efb336","69e64bfc4a837f70e9680240","<p style=""font-size: 60px; font-family: FragmentMono"">TREHTUXE</p>","","","training","","","","","","",""
"null","null","html-keyboard-response","30","985556","0.0-7.0-0.23","67269f439696d166fbb74e09","69d7901e3430d13455efb336","69e64bfc4a837f70e9680240","<p style=""font-size: 60px; font-family: FragmentMono"">RKXAHJBUD</p>","","","training","","","","","","",""
"null","null","html-keyboard-response","31","986558","0.0-7.0-0.24","67269f439696d166fbb74e09","69d7901e3430d13455efb336","69e64bfc4a837f70e9680240","<p style=""font-size: 60px; font-family: FragmentMono"">VNJVSTUXE</p>","","","training","","","","","","",""
"null","null","html-keyboard-response","32","987561","0.0-7.0-0.25","67269f439696d166fbb74e09","69d7901e3430d13455efb336","69e64bfc4a837f70e9680240","<p style=""font-size: 60px; font-family: FragmentMono"">MFELVDIS</p>","","","training","","","","","","",""
"null","null","html-keyboard-response","33","988563","0.0-7.0-0.26","67269f439696d166fbb74e09","69d7901e3430d13455efb336","69e64bfc4a837f70e9680240","<p style=""font-size: 60px; font-family: FragmentMono"">SCEIPZKS</p>","","","training","","","","","","",""
"null","null","html-keyboard-response","34","989565","0.0-7.0-0.27","67269f439696d166fbb74e09","69d7901e3430d13455efb336","69e64bfc4a837f70e9680240","<p style=""font-size: 60px; font-family: FragmentMono"">VNJVSPBKN</p>","","","training","","","","","","",""
"null","null","html-keyboard-response","35","990567","0.0-7.0-0.28","67269f439696d166fbb74e09","69d7901e3430d13455efb336","69e64bfc4a837f70e9680240","<p style=""font-size: 60px; font-family: FragmentMono"">KVAQWVDIS</p>","","","training","","","","","","",""
"null","null","html-keyboard-response","36","991569","0.0-7.0-0.29","67269f439696d166fbb74e09","69d7901e3430d13455efb336","69e64bfc4a837f70e9680240","<p style=""font-size: 60px; font-family: FragmentMono"">NXGQGPBKN</p>","","","training","","","","","","",""
"null","null","html-keyboard-response","37","992572","0.0-7.0-0.30","67269f439696d166fbb74e09","69d7901e3430d13455efb336","69e64bfc4a837f70e9680240","<p style=""font-size: 60px; font-family: FragmentMono"">YIUGJBUD</p>","","","training","","","","","","",""
"null","null","html-keyboard-response","38","993574","0.0-7.0-0.31","67269f439696d166fbb74e09","69d7901e3430d13455efb336","69e64bfc4a837f70e9680240","<p style=""font-size: 60px; font-family: FragmentMono"">FSZRPZKS</p>","","","training","","","","","","",""
"null","null","html-keyboard-response","39","994577","0.0-7.0-0.32","67269f439696d166fbb74e09","69d7901e3430d13455efb336","69e64bfc4a837f70e9680240","<p style=""font-size: 60px; font-family: FragmentMono"">YWQLAJBUD</p>","","","training","","","","","","",""
"null","null","html-keyboard-response","40","995579","0.0-7.0-0.33","67269f439696d166fbb74e09","69d7901e3430d13455efb336","69e64bfc4a837f70e9680240","<p style=""font-size: 60px; font-family: FragmentMono"">CELFXPBKN</p>","","","training","","","","","","",""
"null","null","html-keyboard-response","41","996580","0.0-7.0-0.34","67269f439696d166fbb74e09","69d7901e3430d13455efb336","69e64bfc4a837f70e9680240","<p style=""font-size: 60px; font-family: FragmentMono"">EOSUXBZE</p>","","","training","","","","","","",""
"null","null","html-keyboard-response","42","997582","0.0-7.0-0.35","67269f439696d166fbb74e09","69d7901e3430d13455efb336","69e64bfc4a837f70e9680240","<p style=""font-size: 60px; font-family: FragmentMono"">SCEIZQA</p>","","","training","","","","","","",""
"null","null","html-keyboard-response","43","998585","0.0-7.0-0.36","67269f439696d166fbb74e09","69d7901e3430d13455efb336","69e64bfc4a837f70e9680240","<p style=""font-size: 60px; font-family: FragmentMono"">CHTLQLXG</p>","","","training","","","","","","",""
"null","null","html-keyboard-response","44","999588","0.0-7.0-0.37","67269f439696d166fbb74e09","69d7901e3430d13455efb336","69e64bfc4a837f70e9680240","<p style=""font-size: 60px; font-family: FragmentMono"">JBNITUXE</p>","","","training","","","","","","",""
"null","null","html-keyboard-response","45","1000590","0.0-7.0-0.38","67269f439696d166fbb74e09","69d7901e3430d13455efb336","69e64bfc4a837f70e9680240","<p style=""font-size: 60px; font-family: FragmentMono"">NXGQGPZKS</p>","","","training","","","","","","",""
"null","null","html-keyboard-response","46","1001591","0.0-7.0-0.39","67269f439696d166fbb74e09","69d7901e3430d13455efb336","69e64bfc4a837f70e9680240","<p style=""font-size: 60px; font-family: FragmentMono"">VEVCHBZE</p>","","","training","","","","","","",""
"null","null","html-keyboard-response","47","1002593","0.0-7.0-0.40","67269f439696d166fbb74e09","69d7901e3430d13455efb336","69e64bfc4a837f70e9680240","<p style=""font-size: 60px; font-family: FragmentMono"">CHTLQZQA</p>","","","training","","","","","","",""
"null","null","html-keyboard-response","48","1003596","0.0-7.0-0.41","67269f439696d166fbb74e09","69d7901e3430d13455efb336","69e64bfc4a837f70e9680240","<p style=""font-size: 60px; font-family: FragmentMono"">FSZRTUXE</p>","","","training","","","","","","",""
"null","null","html-keyboard-response","49","1004598","0.0-7.0-0.42","67269f439696d166fbb74e09","69d7901e3430d13455efb336","69e64bfc4a837f70e9680240","<p style=""font-size: 60px; font-family: FragmentMono"">YIUGQVZ</p>","","","training","","","","","","",""
"null","null","html-keyboard-response","50","1005600","0.0-7.0-0.43","67269f439696d166fbb74e09","69d7901e3430d13455efb336","69e64bfc4a837f70e9680240","<p style=""font-size: 60px; font-family: FragmentMono"">MFELJBUD</p>","","","training","","","","","","",""
"null","null","html-keyboard-response","51","1006602","0.0-7.0-0.44","67269f439696d166fbb74e09","69d7901e3430d13455efb336","69e64bfc4a837f70e9680240","<p style=""font-size: 60px; font-family: FragmentMono"">CHTLQTUXE</p>","","","training","","","","","","",""
"null","null","html-keyboard-response","52","1007604","0.0-7.0-0.45","67269f439696d166fbb74e09","69d7901e3430d13455efb336","69e64bfc4a837f70e9680240","<p style=""font-size: 60px; font-family: FragmentMono"">JBNIZQA</p>","","","training","","","","","","",""
"null","null","html-keyboard-response","53","1008607","0.0-7.0-0.46","67269f439696d166fbb74e09","69d7901e3430d13455efb336","69e64bfc4a837f70e9680240","<p style=""font-size: 60px; font-family: FragmentMono"">CELFXTUXE</p>","","","training","","","","","","",""
"null","null","html-keyboard-response","54","1009609","0.0-7.0-0.47","67269f439696d166fbb74e09","69d7901e3430d13455efb336","69e64bfc4a837f70e9680240","<p style=""font-size: 60px; font-family: FragmentMono"">PJPTIVDIS</p>","","","training","","","","","","",""
"null","null","html-keyboard-response","55","1010611","0.0-7.0-0.48","67269f439696d166fbb74e09","69d7901e3430d13455efb336","69e64bfc4a837f70e9680240","<p style=""font-size: 60px; font-family: FragmentMono"">TREHZQA</p>","","","training","","","","","","",""
"null","null","html-keyboard-response","56","1011612","0.0-7.0-0.49","67269f439696d166fbb74e09","69d7901e3430d13455efb336","69e64bfc4a837f70e9680240","<p style=""font-size: 60px; font-family: FragmentMono"">MFELTGPV</p>","","","training","","","","","","",""
"null","null","html-keyboard-response","57","1012615","0.0-7.0-0.50","67269f439696d166fbb74e09","69d7901e3430d13455efb336","69e64bfc4a837f70e9680240","<p style=""font-size: 60px; font-family: FragmentMono"">KVAQWQVZ</p>","","","training","","","","","","",""
"null","null","html-keyboard-response","58","1013617","0.0-7.0-0.51","67269f439696d166fbb74e09","69d7901e3430d13455efb336","69e64bfc4a837f70e9680240","<p style=""font-size: 60px; font-family: FragmentMono"">JBNIPBKN</p>","","","training","","","","","","",""
"null","null","html-keyboard-response","59","1014619","0.0-7.0-0.52","67269f439696d166fbb74e09","69d7901e3430d13455efb336","69e64bfc4a837f70e9680240","<p style=""font-size: 60px; font-family: FragmentMono"">PJPTITGPV</p>","","","training","","","","","","",""
"null","null","html-keyboard-response","60","1015621","0.0-7.0-0.53","67269f439696d166fbb74e09","69d7901e3430d13455efb336","69e64bfc4a837f70e9680240","<p style=""font-size: 60px; font-family: FragmentMono"">MFELBZE</p>","","","training","","","","","","",""
"null","null","html-keyboard-response","61","1016624","0.0-7.0-0.54","67269f439696d166fbb74e09","69d7901e3430d13455efb336","69e64bfc4a837f70e9680240","<p style=""font-size: 60px; font-family: FragmentMono"">EIEQNTGPV</p>","","","training","","","","","","",""
"null","null","html-keyboard-response","62","1017626","0.0-7.0-0.55","67269f439696d166fbb74e09","69d7901e3430d13455efb336","69e64bfc4a837f70e9680240","<p style=""font-size: 60px; font-family: FragmentMono"">VEVCHQVZ</p>","","","training","","","","","","",""
"null","null","html-keyboard-response","63","1018628","0.0-7.0-0.56","67269f439696d166fbb74e09","69d7901e3430d13455efb336","69e64bfc4a837f70e9680240","<p style=""font-size: 60px; font-family: FragmentMono"">FSZRPBKN</p>","","","training","","","","","","",""
"null","null","html-keyboard-response","64","1019631","0.0-7.0-0.57","67269f439696d166fbb74e09","69d7901e3430d13455efb336","69e64bfc4a837f70e9680240","<p style=""font-size: 60px; font-family: FragmentMono"">FHICDTGPV</p>","","","training","","","","","","",""
"null","null","html-keyboard-response","65","1020633","0.0-7.0-0.58","67269f439696d166fbb74e09","69d7901e3430d13455efb336","69e64bfc4a837f70e9680240","<p style=""font-size: 60px; font-family: FragmentMono"">CELFXPZKS</p>","","","training","","","","","","",""
"null","null","html-keyboard-response","66","1021636","0.0-7.0-0.59","67269f439696d166fbb74e09","69d7901e3430d13455efb336","69e64bfc4a837f70e9680240","<p style=""font-size: 60px; font-family: FragmentMono"">FHICDQVZ</p>","","","training","","","","","","",""
"null","null","html-keyboard-response","67","1022637","0.0-7.0-0.60","67269f439696d166fbb74e09","69d7901e3430d13455efb336","69e64bfc4a837f70e9680240","<p style=""font-size: 60px; font-family: FragmentMono"">RKXAHVDIS</p>","","","training","","","","","","",""
"null","null","html-keyboard-response","68","1023640","0.0-7.0-0.61","67269f439696d166fbb74e09","69d7901e3430d13455efb336","69e64bfc4a837f70e9680240","<p style=""font-size: 60px; font-family: FragmentMono"">EIEQNQVZ</p>","","","training","","","","","","",""
"null","null","html-keyboard-response","69","1024641","0.0-7.0-0.62","67269f439696d166fbb74e09","69d7901e3430d13455efb336","69e64bfc4a837f70e9680240","<p style=""font-size: 60px; font-family: FragmentMono"">KVAQWBZE</p>","","","training","","","","","","",""
"null","null","html-keyboard-response","70","1025644","0.0-7.0-0.63","67269f439696d166fbb74e09","69d7901e3430d13455efb336","69e64bfc4a837f70e9680240","<p style=""font-size: 60px; font-family: FragmentMono"">EOSUXVDIS</p>","","","training","","","","","","",""
"null","null","html-keyboard-response","71","1026645","0.0-7.0-0.64","67269f439696d166fbb74e09","69d7901e3430d13455efb336","69e64bfc4a837f70e9680240","<p style=""font-size: 60px; font-family: FragmentMono"">YIUGTGPV</p>","","","training","","","","","","",""
"null","null","html-keyboard-response","72","1027647","0.0-7.0-0.65","67269f439696d166fbb74e09","69d7901e3430d13455efb336","69e64bfc4a837f70e9680240","<p style=""font-size: 60px; font-family: FragmentMono"">FSZRZQA</p>","","","training","","","","","","",""
"null","null","html-keyboard-response","73","1028649","0.0-7.0-0.66","67269f439696d166fbb74e09","69d7901e3430d13455efb336","69e64bfc4a837f70e9680240","<p style=""font-size: 60px; font-family: FragmentMono"">TREHLXG</p>","","","training","","","","","","",""
"null","null","html-keyboard-response","74","1029650","0.0-7.0-0.67","67269f439696d166fbb74e09","69d7901e3430d13455efb336","69e64bfc4a837f70e9680240","<p style=""font-size: 60px; font-family: FragmentMono"">VNJVSZQA</p>","","","training","","","","","","",""
"null","null","html-keyboard-response","75","1030652","0.0-7.0-0.68","67269f439696d166fbb74e09","69d7901e3430d13455efb336","69e64bfc4a837f70e9680240","<p style=""font-size: 60px; font-family: FragmentMono"">UYAFTUXE</p>","","","training","","","","","","",""
"null","null","html-keyboard-response","76","1031655","0.0-7.0-0.69","67269f439696d166fbb74e09","69d7901e3430d13455efb336","69e64bfc4a837f70e9680240","<p style=""font-size: 60px; font-family: FragmentMono"">FHICDJBUD</p>","","","training","","","","","","",""
"null","null","html-keyboard-response","77","1032658","0.0-7.0-0.70","67269f439696d166fbb74e09","69d7901e3430d13455efb336","69e64bfc4a837f70e9680240","<p style=""font-size: 60px; font-family: FragmentMono"">SCEILXG</p>","","","training","","","","","","",""
"null","null","html-keyboard-response","78","1033659","0.0-7.0-0.71","67269f439696d166fbb74e09","69d7901e3430d13455efb336","69e64bfc4a837f70e9680240","<p style=""font-size: 60px; font-family: FragmentMono"">CQBFSZQA</p>","","","training","","","","","","",""
"null","null","html-keyboard-response","79","1034661","0.0-7.0-0.72","67269f439696d166fbb74e09","69d7901e3430d13455efb336","69e64bfc4a837f70e9680240","<p style=""font-size: 60px; font-family: FragmentMono"">UYAFPBKN</p>","","","training","","","","","","",""
"null","null","html-keyboard-response","80","1035663","0.0-7.0-0.73","67269f439696d166fbb74e09","69d7901e3430d13455efb336","69e64bfc4a837f70e9680240","<p style=""font-size: 60px; font-family: FragmentMono"">CELFXLXG</p>","","","training","","","","","","",""
"null","null","html-keyboard-response","81","1036665","0.0-7.0-0.74","67269f439696d166fbb74e09","69d7901e3430d13455efb336","69e64bfc4a837f70e9680240","<p style=""font-size: 60px; font-family: FragmentMono"">VNJVSPZKS</p>","","","training","","","","","","",""
"null","null","html-keyboard-response","82","1037667","0.0-7.0-0.75","67269f439696d166fbb74e09","69d7901e3430d13455efb336","69e64bfc4a837f70e9680240","<p style=""font-size: 60px; font-family: FragmentMono"">CQBFSPBKN</p>","","","training","","","","","","",""
"null","null","html-keyboard-response","83","1038668","0.0-7.0-0.76","67269f439696d166fbb74e09","69d7901e3430d13455efb336","69e64bfc4a837f70e9680240","<p style=""font-size: 60px; font-family: FragmentMono"">UYAFLXG</p>","","","training","","","","","","",""
"null","null","html-keyboard-response","84","1039670","0.0-7.0-0.77","67269f439696d166fbb74e09","69d7901e3430d13455efb336","69e64bfc4a837f70e9680240","<p style=""font-size: 60px; font-family: FragmentMono"">EIEQNBZE</p>","","","training","","","","","","",""
"null","null","html-keyboard-response","85","1040671","0.0-7.0-0.78","67269f439696d166fbb74e09","69d7901e3430d13455efb336","69e64bfc4a837f70e9680240","<p style=""font-size: 60px; font-family: FragmentMono"">NXGQGLXG</p>","","","training","","","","","","",""
"null","null","html-keyboard-response","86","1041672","0.0-7.0-0.79","67269f439696d166fbb74e09","69d7901e3430d13455efb336","69e64bfc4a837f70e9680240","<p style=""font-size: 60px; font-family: FragmentMono"">UYAFPZKS</p>","","","training","","","","","","",""
"51946"," ","html-keyboard-response","87","1093619","0.0-8.0","67269f439696d166fbb74e09","69d7901e3430d13455efb336","69e64bfc4a837f70e9680240","<p style=""font-size: 30px"">Great, you've seen the first block of words. You may now take a short break.</p>
      <p style=""font-size: 30px"">Press the spacebar when you're ready to continue.</p>","","","","","","","","","",""
"null","null","html-keyboard-response","88","1094622","0.0-9.0-0.0","67269f439696d166fbb74e09","69d7901e3430d13455efb336","69e64bfc4a837f70e9680240","<p style=""font-size: 60px; font-family: FragmentMono"">VNJVSTUXE</p>","","","training","","","","","","",""
"null","null","html-keyboard-response","89","1095624","0.0-9.0-0.1","67269f439696d166fbb74e09","69d7901e3430d13455efb336","69e64bfc4a837f70e9680240","<p style=""font-size: 60px; font-family: FragmentMono"">SCEILXG</p>","","","training","","","","","","",""
"null","null","html-keyboard-response","90","1096626","0.0-9.0-0.2","67269f439696d166fbb74e09","69d7901e3430d13455efb336","69e64bfc4a837f70e9680240","<p style=""font-size: 60px; font-family: FragmentMono"">FSZRTUXE</p>","","","training","","","","","","",""
"null","null","html-keyboard-response","91","1097628","0.0-9.0-0.3","67269f439696d166fbb74e09","69d7901e3430d13455efb336","69e64bfc4a837f70e9680240","<p style=""font-size: 60px; font-family: FragmentMono"">SCEIPZKS</p>","","","training","","","","","","",""
"null","null","html-keyboard-response","92","1098630","0.0-9.0-0.4","67269f439696d166fbb74e09","69d7901e3430d13455efb336","69e64bfc4a837f70e9680240","<p style=""font-size: 60px; font-family: FragmentMono"">UYAFTUXE</p>","","","training","","","","","","",""
"null","null","html-keyboard-response","93","1099633","0.0-9.0-0.5","67269f439696d166fbb74e09","69d7901e3430d13455efb336","69e64bfc4a837f70e9680240","<p style=""font-size: 60px; font-family: FragmentMono"">FHICDTGPV</p>","","","training","","","","","","",""
"null","null","html-keyboard-response","94","1100634","0.0-9.0-0.6","67269f439696d166fbb74e09","69d7901e3430d13455efb336","69e64bfc4a837f70e9680240","<p style=""font-size: 60px; font-family: FragmentMono"">VEVCHQVZ</p>","","","training","","","","","","",""
"null","null","html-keyboard-response","95","1101636","0.0-9.0-0.7","67269f439696d166fbb74e09","69d7901e3430d13455efb336","69e64bfc4a837f70e9680240","<p style=""font-size: 60px; font-family: FragmentMono"">JBNILXG</p>","","","training","","","","","","",""
"null","null","html-keyboard-response","96","1102639","0.0-9.0-0.8","67269f439696d166fbb74e09","69d7901e3430d13455efb336","69e64bfc4a837f70e9680240","<p style=""font-size: 60px; font-family: FragmentMono"">PJPTITGPV</p>","","","training","","","","","","",""
"null","null","html-keyboard-response","97","1103642","0.0-9.0-0.9","67269f439696d166fbb74e09","69d7901e3430d13455efb336","69e64bfc4a837f70e9680240","<p style=""font-size: 60px; font-family: FragmentMono"">FHICDJBUD</p>","","","training","","","","","","",""
"null","null","html-keyboard-response","98","1104644","0.0-9.0-0.10","67269f439696d166fbb74e09","69d7901e3430d13455efb336","69e64bfc4a837f70e9680240","<p style=""font-size: 60px; font-family: FragmentMono"">YIUGQVZ</p>","","","training","","","","","","",""
"null","null","html-keyboard-response","99","1105647","0.0-9.0-0.11","67269f439696d166fbb74e09","69d7901e3430d13455efb336","69e64bfc4a837f70e9680240","<p style=""font-size: 60px; font-family: FragmentMono"">EIEQNBZE</p>","","","training","","","","","","",""
"null","null","html-keyboard-response","100","1106649","0.0-9.0-0.12","67269f439696d166fbb74e09","69d7901e3430d13455efb336","69e64bfc4a837f70e9680240","<p style=""font-size: 60px; font-family: FragmentMono"">NXGQGLXG</p>","","","training","","","","","","",""
"null","null","html-keyboard-response","101","1107650","0.0-9.0-0.13","67269f439696d166fbb74e09","69d7901e3430d13455efb336","69e64bfc4a837f70e9680240","<p style=""font-size: 60px; font-family: FragmentMono"">JBNIZQA</p>","","","training","","","","","","",""
"null","null","html-keyboard-response","102","1108651","0.0-9.0-0.14","67269f439696d166fbb74e09","69d7901e3430d13455efb336","69e64bfc4a837f70e9680240","<p style=""font-size: 60px; font-family: FragmentMono"">UYAFPZKS</p>","","","training","","","","","","",""
"null","null","html-keyboard-response","103","1109654","0.0-9.0-0.15","67269f439696d166fbb74e09","69d7901e3430d13455efb336","69e64bfc4a837f70e9680240","<p style=""font-size: 60px; font-family: FragmentMono"">YWQLATGPV</p>","","","training","","","","","","",""
"null","null","html-keyboard-response","104","1110655","0.0-9.0-0.16","67269f439696d166fbb74e09","69d7901e3430d13455efb336","69e64bfc4a837f70e9680240","<p style=""font-size: 60px; font-family: FragmentMono"">PJPTIVDIS</p>","","","training","","","","","","",""
"null","null","html-keyboard-response","105","1111657","0.0-9.0-0.17","67269f439696d166fbb74e09","69d7901e3430d13455efb336","69e64bfc4a837f70e9680240","<p style=""font-size: 60px; font-family: FragmentMono"">CELFXPZKS</p>","","","training","","","","","","",""
"null","null","html-keyboard-response","106","1112659","0.0-9.0-0.18","67269f439696d166fbb74e09","69d7901e3430d13455efb336","69e64bfc4a837f70e9680240","<p style=""font-size: 60px; font-family: FragmentMono"">CHTLQPBKN</p>","","","training","","","","","","",""
"null","null","html-keyboard-response","107","1113661","0.0-9.0-0.19","67269f439696d166fbb74e09","69d7901e3430d13455efb336","69e64bfc4a837f70e9680240","<p style=""font-size: 60px; font-family: FragmentMono"">EOSUXVDIS</p>","","","training","","","","","","",""
"null","null","html-keyboard-response","108","1114664","0.0-9.0-0.20","67269f439696d166fbb74e09","69d7901e3430d13455efb336","69e64bfc4a837f70e9680240","<p style=""font-size: 60px; font-family: FragmentMono"">CELFXPBKN</p>","","","training","","","","","","",""
"null","null","html-keyboard-response","109","1115666","0.0-9.0-0.21","67269f439696d166fbb74e09","69d7901e3430d13455efb336","69e64bfc4a837f70e9680240","<p style=""font-size: 60px; font-family: FragmentMono"">KVAQWVDIS</p>","","","training","","","","","","",""
"null","null","html-keyboard-response","110","1116669","0.0-9.0-0.22","67269f439696d166fbb74e09","69d7901e3430d13455efb336","69e64bfc4a837f70e9680240","<p style=""font-size: 60px; font-family: FragmentMono"">EIEQNTGPV</p>","","","training","","","","","","",""
"null","null","html-keyboard-response","111","1117671","0.0-9.0-0.23","67269f439696d166fbb74e09","69d7901e3430d13455efb336","69e64bfc4a837f70e9680240","<p style=""font-size: 60px; font-family: FragmentMono"">VNJVSZQA</p>","","","training","","","","","","",""
"null","null","html-keyboard-response","112","1118673","0.0-9.0-0.24","67269f439696d166fbb74e09","69d7901e3430d13455efb336","69e64bfc4a837f70e9680240","<p style=""font-size: 60px; font-family: FragmentMono"">FSZRPBKN</p>","","","training","","","","","","",""
"null","null","html-keyboard-response","113","1119674","0.0-9.0-0.25","67269f439696d166fbb74e09","69d7901e3430d13455efb336","69e64bfc4a837f70e9680240","<p style=""font-size: 60px; font-family: FragmentMono"">FHICDQVZ</p>","","","training","","","","","","",""
"null","null","html-keyboard-response","114","1120675","0.0-9.0-0.26","67269f439696d166fbb74e09","69d7901e3430d13455efb336","69e64bfc4a837f70e9680240","<p style=""font-size: 60px; font-family: FragmentMono"">VEVCHVDIS</p>","","","training","","","","","","",""
"null","null","html-keyboard-response","115","1121677","0.0-9.0-0.27","67269f439696d166fbb74e09","69d7901e3430d13455efb336","69e64bfc4a837f70e9680240","<p style=""font-size: 60px; font-family: FragmentMono"">SCEITUXE</p>","","","training","","","","","","",""
"null","null","html-keyboard-response","116","1122678","0.0-9.0-0.28","67269f439696d166fbb74e09","69d7901e3430d13455efb336","69e64bfc4a837f70e9680240","<p style=""font-size: 60px; font-family: FragmentMono"">VEVCHBZE</p>","","","training","","","","","","",""
"null","null","html-keyboard-response","117","1123679","0.0-9.0-0.29","67269f439696d166fbb74e09","69d7901e3430d13455efb336","69e64bfc4a837f70e9680240","<p style=""font-size: 60px; font-family: FragmentMono"">CQBFSLXG</p>","","","training","","","","","","",""
"null","null","html-keyboard-response","118","1124681","0.0-9.0-0.30","67269f439696d166fbb74e09","69d7901e3430d13455efb336","69e64bfc4a837f70e9680240","<p style=""font-size: 60px; font-family: FragmentMono"">KVAQWQVZ</p>","","","training","","","","","","",""
"null","null","html-keyboard-response","119","1125684","0.0-9.0-0.31","67269f439696d166fbb74e09","69d7901e3430d13455efb336","69e64bfc4a837f70e9680240","<p style=""font-size: 60px; font-family: FragmentMono"">CQBFSZQA</p>","","","training","","","","","","",""
"null","null","html-keyboard-response","120","1126685","0.0-9.0-0.32","67269f439696d166fbb74e09","69d7901e3430d13455efb336","69e64bfc4a837f70e9680240","<p style=""font-size: 60px; font-family: FragmentMono"">KVAQWBZE</p>","","","training","","","","","","",""
"null","null","html-keyboard-response","121","1127687","0.0-9.0-0.33","67269f439696d166fbb74e09","69d7901e3430d13455efb336","69e64bfc4a837f70e9680240","<p style=""font-size: 60px; font-family: FragmentMono"">TREHTUXE</p>","","","training","","","","","","",""
"null","null","html-keyboard-response","122","1128690","0.0-9.0-0.34","67269f439696d166fbb74e09","69d7901e3430d13455efb336","69e64bfc4a837f70e9680240","<p style=""font-size: 60px; font-family: FragmentMono"">FSZRZQA</p>","","","training","","","","","","",""
"null","null","html-keyboard-response","123","1129693","0.0-9.0-0.35","67269f439696d166fbb74e09","69d7901e3430d13455efb336","69e64bfc4a837f70e9680240","<p style=""font-size: 60px; font-family: FragmentMono"">TREHLXG</p>","","","training","","","","","","",""
"null","null","html-keyboard-response","124","1130694","0.0-9.0-0.36","67269f439696d166fbb74e09","69d7901e3430d13455efb336","69e64bfc4a837f70e9680240","<p style=""font-size: 60px; font-family: FragmentMono"">YIUGJBUD</p>","","","training","","","","","","",""
"null","null","html-keyboard-response","125","1131696","0.0-9.0-0.37","67269f439696d166fbb74e09","69d7901e3430d13455efb336","69e64bfc4a837f70e9680240","<p style=""font-size: 60px; font-family: FragmentMono"">VNJVSPZKS</p>","","","training","","","","","","",""
"null","null","html-keyboard-response","126","1132698","0.0-9.0-0.38","67269f439696d166fbb74e09","69d7901e3430d13455efb336","69e64bfc4a837f70e9680240","<p style=""font-size: 60px; font-family: FragmentMono"">UYAFPBKN</p>","","","training","","","","","","",""
"null","null","html-keyboard-response","127","1133700","0.0-9.0-0.39","67269f439696d166fbb74e09","69d7901e3430d13455efb336","69e64bfc4a837f70e9680240","<p style=""font-size: 60px; font-family: FragmentMono"">CHTLQTUXE</p>","","","training","","","","","","",""
"null","null","html-keyboard-response","128","1134702","0.0-9.0-0.40","67269f439696d166fbb74e09","69d7901e3430d13455efb336","69e64bfc4a837f70e9680240","<p style=""font-size: 60px; font-family: FragmentMono"">MFELJBUD</p>","","","training","","","","","","",""
"null","null","html-keyboard-response","129","1135704","0.0-9.0-0.41","67269f439696d166fbb74e09","69d7901e3430d13455efb336","69e64bfc4a837f70e9680240","<p style=""font-size: 60px; font-family: FragmentMono"">CQBFSPZKS</p>","","","training","","","","","","",""
"null","null","html-keyboard-response","130","1136707","0.0-9.0-0.42","67269f439696d166fbb74e09","69d7901e3430d13455efb336","69e64bfc4a837f70e9680240","<p style=""font-size: 60px; font-family: FragmentMono"">YIUGTGPV</p>","","","training","","","","","","",""
"null","null","html-keyboard-response","131","1137710","0.0-9.0-0.43","67269f439696d166fbb74e09","69d7901e3430d13455efb336","69e64bfc4a837f70e9680240","<p style=""font-size: 60px; font-family: FragmentMono"">MFELVDIS</p>","","","training","","","","","","",""
"null","null","html-keyboard-response","132","1138712","0.0-9.0-0.44","67269f439696d166fbb74e09","69d7901e3430d13455efb336","69e64bfc4a837f70e9680240","<p style=""font-size: 60px; font-family: FragmentMono"">FSZRPZKS</p>","","","training","","","","","","",""
"null","null","html-keyboard-response","133","1139714","0.0-9.0-0.45","67269f439696d166fbb74e09","69d7901e3430d13455efb336","69e64bfc4a837f70e9680240","<p style=""font-size: 60px; font-family: FragmentMono"">EOSUXTGPV</p>","","","training","","","","","","",""
"null","null","html-keyboard-response","134","1140717","0.0-9.0-0.46","67269f439696d166fbb74e09","69d7901e3430d13455efb336","69e64bfc4a837f70e9680240","<p style=""font-size: 60px; font-family: FragmentMono"">VNJVSPBKN</p>","","","training","","","","","","",""
"null","null","html-keyboard-response","135","1141718","0.0-9.0-0.47","67269f439696d166fbb74e09","69d7901e3430d13455efb336","69e64bfc4a837f70e9680240","<p style=""font-size: 60px; font-family: FragmentMono"">CELFXLXG</p>","","","training","","","","","","",""
"null","null","html-keyboard-response","136","1142720","0.0-9.0-0.48","67269f439696d166fbb74e09","69d7901e3430d13455efb336","69e64bfc4a837f70e9680240","<p style=""font-size: 60px; font-family: FragmentMono"">CHTLQZQA</p>","","","training","","","","","","",""
"null","null","html-keyboard-response","137","1143722","0.0-9.0-0.49","67269f439696d166fbb74e09","69d7901e3430d13455efb336","69e64bfc4a837f70e9680240","<p style=""font-size: 60px; font-family: FragmentMono"">TREHPZKS</p>","","","training","","","","","","",""
"null","null","html-keyboard-response","138","1144724","0.0-9.0-0.50","67269f439696d166fbb74e09","69d7901e3430d13455efb336","69e64bfc4a837f70e9680240","<p style=""font-size: 60px; font-family: FragmentMono"">UYAFLXG</p>","","","training","","","","","","",""
"null","null","html-keyboard-response","139","1145727","0.0-9.0-0.51","67269f439696d166fbb74e09","69d7901e3430d13455efb336","69e64bfc4a837f70e9680240","<p style=""font-size: 60px; font-family: FragmentMono"">EIEQNQVZ</p>","","","training","","","","","","",""
"null","null","html-keyboard-response","140","1146729","0.0-9.0-0.52","67269f439696d166fbb74e09","69d7901e3430d13455efb336","69e64bfc4a837f70e9680240","<p style=""font-size: 60px; font-family: FragmentMono"">KVAQWJBUD</p>","","","training","","","","","","",""
"null","null","html-keyboard-response","141","1147732","0.0-9.0-0.53","67269f439696d166fbb74e09","69d7901e3430d13455efb336","69e64bfc4a837f70e9680240","<p style=""font-size: 60px; font-family: FragmentMono"">JBNITUXE</p>","","","training","","","","","","",""
"null","null","html-keyboard-response","142","1148734","0.0-9.0-0.54","67269f439696d166fbb74e09","69d7901e3430d13455efb336","69e64bfc4a837f70e9680240","<p style=""font-size: 60px; font-family: FragmentMono"">MFELTGPV</p>","","","training","","","","","","",""
"null","null","html-keyboard-response","143","1149735","0.0-9.0-0.55","67269f439696d166fbb74e09","69d7901e3430d13455efb336","69e64bfc4a837f70e9680240","<p style=""font-size: 60px; font-family: FragmentMono"">RKXAHQVZ</p>","","","training","","","","","","",""
"null","null","html-keyboard-response","144","1150737","0.0-9.0-0.56","67269f439696d166fbb74e09","69d7901e3430d13455efb336","69e64bfc4a837f70e9680240","<p style=""font-size: 60px; font-family: FragmentMono"">MFELBZE</p>","","","training","","","","","","",""
"null","null","html-keyboard-response","145","1151738","0.0-9.0-0.57","67269f439696d166fbb74e09","69d7901e3430d13455efb336","69e64bfc4a837f70e9680240","<p style=""font-size: 60px; font-family: FragmentMono"">YWQLAJBUD</p>","","","training","","","","","","",""
"null","null","html-keyboard-response","146","1152740","0.0-9.0-0.58","67269f439696d166fbb74e09","69d7901e3430d13455efb336","69e64bfc4a837f70e9680240","<p style=""font-size: 60px; font-family: FragmentMono"">NXGQGZQA</p>","","","training","","","","","","",""
"null","null","html-keyboard-response","147","1153742","0.0-9.0-0.59","67269f439696d166fbb74e09","69d7901e3430d13455efb336","69e64bfc4a837f70e9680240","<p style=""font-size: 60px; font-family: FragmentMono"">RKXAHJBUD</p>","","","training","","","","","","",""
"null","null","html-keyboard-response","148","1154743","0.0-9.0-0.60","67269f439696d166fbb74e09","69d7901e3430d13455efb336","69e64bfc4a837f70e9680240","<p style=""font-size: 60px; font-family: FragmentMono"">CQBFSPBKN</p>","","","training","","","","","","",""
"null","null","html-keyboard-response","149","1155745","0.0-9.0-0.61","67269f439696d166fbb74e09","69d7901e3430d13455efb336","69e64bfc4a837f70e9680240","<p style=""font-size: 60px; font-family: FragmentMono"">FHICDBZE</p>","","","training","","","","","","",""
"null","null","html-keyboard-response","150","1156746","0.0-9.0-0.62","67269f439696d166fbb74e09","69d7901e3430d13455efb336","69e64bfc4a837f70e9680240","<p style=""font-size: 60px; font-family: FragmentMono"">PJPTIQVZ</p>","","","training","","","","","","",""
"null","null","html-keyboard-response","151","1157747","0.0-9.0-0.63","67269f439696d166fbb74e09","69d7901e3430d13455efb336","69e64bfc4a837f70e9680240","<p style=""font-size: 60px; font-family: FragmentMono"">CELFXTUXE</p>","","","training","","","","","","",""
"null","null","html-keyboard-response","152","1158750","0.0-9.0-0.64","67269f439696d166fbb74e09","69d7901e3430d13455efb336","69e64bfc4a837f70e9680240","<p style=""font-size: 60px; font-family: FragmentMono"">YIUGVDIS</p>","","","training","","","","","","",""
"null","null","html-keyboard-response","153","1159751","0.0-9.0-0.65","67269f439696d166fbb74e09","69d7901e3430d13455efb336","69e64bfc4a837f70e9680240","<p style=""font-size: 60px; font-family: FragmentMono"">RKXAHBZE</p>","","","training","","","","","","",""
"null","null","html-keyboard-response","154","1160752","0.0-9.0-0.66","67269f439696d166fbb74e09","69d7901e3430d13455efb336","69e64bfc4a837f70e9680240","<p style=""font-size: 60px; font-family: FragmentMono"">EOSUXJBUD</p>","","","training","","","","","","",""
"null","null","html-keyboard-response","155","1161754","0.0-9.0-0.67","67269f439696d166fbb74e09","69d7901e3430d13455efb336","69e64bfc4a837f70e9680240","<p style=""font-size: 60px; font-family: FragmentMono"">YWQLAQVZ</p>","","","training","","","","","","",""
"null","null","html-keyboard-response","156","1162755","0.0-9.0-0.68","67269f439696d166fbb74e09","69d7901e3430d13455efb336","69e64bfc4a837f70e9680240","<p style=""font-size: 60px; font-family: FragmentMono"">NXGQGPBKN</p>","","","training","","","","","","",""
"null","null","html-keyboard-response","157","1163756","0.0-9.0-0.69","67269f439696d166fbb74e09","69d7901e3430d13455efb336","69e64bfc4a837f70e9680240","<p style=""font-size: 60px; font-family: FragmentMono"">EOSUXBZE</p>","","","training","","","","","","",""
"null","null","html-keyboard-response","158","1164758","0.0-9.0-0.70","67269f439696d166fbb74e09","69d7901e3430d13455efb336","69e64bfc4a837f70e9680240","<p style=""font-size: 60px; font-family: FragmentMono"">SCEIZQA</p>","","","training","","","","","","",""
"null","null","html-keyboard-response","159","1165759","0.0-9.0-0.71","67269f439696d166fbb74e09","69d7901e3430d13455efb336","69e64bfc4a837f70e9680240","<p style=""font-size: 60px; font-family: FragmentMono"">VEVCHTGPV</p>","","","training","","","","","","",""
"null","null","html-keyboard-response","160","1166761","0.0-9.0-0.72","67269f439696d166fbb74e09","69d7901e3430d13455efb336","69e64bfc4a837f70e9680240","<p style=""font-size: 60px; font-family: FragmentMono"">PJPTIBZE</p>","","","training","","","","","","",""
"null","null","html-keyboard-response","161","1167762","0.0-9.0-0.73","67269f439696d166fbb74e09","69d7901e3430d13455efb336","69e64bfc4a837f70e9680240","<p style=""font-size: 60px; font-family: FragmentMono"">YWQLAVDIS</p>","","","training","","","","","","",""
"null","null","html-keyboard-response","162","1168763","0.0-9.0-0.74","67269f439696d166fbb74e09","69d7901e3430d13455efb336","69e64bfc4a837f70e9680240","<p style=""font-size: 60px; font-family: FragmentMono"">TREHZQA</p>","","","training","","","","","","",""
"null","null","html-keyboard-response","163","1169764","0.0-9.0-0.75","67269f439696d166fbb74e09","69d7901e3430d13455efb336","69e64bfc4a837f70e9680240","<p style=""font-size: 60px; font-family: FragmentMono"">RKXAHVDIS</p>","","","training","","","","","","",""
"null","null","html-keyboard-response","164","1170766","0.0-9.0-0.76","67269f439696d166fbb74e09","69d7901e3430d13455efb336","69e64bfc4a837f70e9680240","<p style=""font-size: 60px; font-family: FragmentMono"">NXGQGPZKS</p>","","","training","","","","","","",""
"null","null","html-keyboard-response","165","1171767","0.0-9.0-0.77","67269f439696d166fbb74e09","69d7901e3430d13455efb336","69e64bfc4a837f70e9680240","<p style=""font-size: 60px; font-family: FragmentMono"">CHTLQLXG</p>","","","training","","","","","","",""
"null","null","html-keyboard-response","166","1172769","0.0-9.0-0.78","67269f439696d166fbb74e09","69d7901e3430d13455efb336","69e64bfc4a837f70e9680240","<p style=""font-size: 60px; font-family: FragmentMono"">EIEQNJBUD</p>","","","training","","","","","","",""
"null","null","html-keyboard-response","167","1173770","0.0-9.0-0.79","67269f439696d166fbb74e09","69d7901e3430d13455efb336","69e64bfc4a837f70e9680240","<p style=""font-size: 60px; font-family: FragmentMono"">JBNIPBKN</p>","","","training","","","","","","",""
"13462"," ","html-keyboard-response","168","1187234","0.0-10.0","67269f439696d166fbb74e09","69d7901e3430d13455efb336","69e64bfc4a837f70e9680240","<p style=""font-size: 30px"">Great, you've seen the second block of words. You may now take a short break.</p>
      <p style=""font-size: 30px"">Press the spacebar when you're ready to continue.</p>","","","","","","","","","",""
"null","null","html-keyboard-response","169","1188236","0.0-11.0-0.0","67269f439696d166fbb74e09","69d7901e3430d13455efb336","69e64bfc4a837f70e9680240","<p style=""font-size: 60px; font-family: FragmentMono"">PJPTIBZE</p>","","","training","","","","","","",""
"null","null","html-keyboard-response","170","1189238","0.0-11.0-0.1","67269f439696d166fbb74e09","69d7901e3430d13455efb336","69e64bfc4a837f70e9680240","<p style=""font-size: 60px; font-family: FragmentMono"">KVAQWVDIS</p>","","","training","","","","","","",""
"null","null","html-keyboard-response","171","1190239","0.0-11.0-0.2","67269f439696d166fbb74e09","69d7901e3430d13455efb336","69e64bfc4a837f70e9680240","<p style=""font-size: 60px; font-family: FragmentMono"">RKXAHQVZ</p>","","","training","","","","","","",""
"null","null","html-keyboard-response","172","1191241","0.0-11.0-0.3","67269f439696d166fbb74e09","69d7901e3430d13455efb336","69e64bfc4a837f70e9680240","<p style=""font-size: 60px; font-family: FragmentMono"">FSZRPBKN</p>","","","training","","","","","","",""
"null","null","html-keyboard-response","173","1192243","0.0-11.0-0.4","67269f439696d166fbb74e09","69d7901e3430d13455efb336","69e64bfc4a837f70e9680240","<p style=""font-size: 60px; font-family: FragmentMono"">YWQLAQVZ</p>","","","training","","","","","","",""
"null","null","html-keyboard-response","174","1193245","0.0-11.0-0.5","67269f439696d166fbb74e09","69d7901e3430d13455efb336","69e64bfc4a837f70e9680240","<p style=""font-size: 60px; font-family: FragmentMono"">NXGQGPZKS</p>","","","training","","","","","","",""
"null","null","html-keyboard-response","175","1194246","0.0-11.0-0.6","67269f439696d166fbb74e09","69d7901e3430d13455efb336","69e64bfc4a837f70e9680240","<p style=""font-size: 60px; font-family: FragmentMono"">JBNILXG</p>","","","training","","","","","","",""
"null","null","html-keyboard-response","176","1195248","0.0-11.0-0.7","67269f439696d166fbb74e09","69d7901e3430d13455efb336","69e64bfc4a837f70e9680240","<p style=""font-size: 60px; font-family: FragmentMono"">TREHTUXE</p>","","","training","","","","","","",""
"null","null","html-keyboard-response","177","1196251","0.0-11.0-0.8","67269f439696d166fbb74e09","69d7901e3430d13455efb336","69e64bfc4a837f70e9680240","<p style=""font-size: 60px; font-family: FragmentMono"">VNJVSPZKS</p>","","","training","","","","","","",""
"null","null","html-keyboard-response","178","1197253","0.0-11.0-0.9","67269f439696d166fbb74e09","69d7901e3430d13455efb336","69e64bfc4a837f70e9680240","<p style=""font-size: 60px; font-family: FragmentMono"">RKXAHBZE</p>","","","training","","","","","","",""
"null","null","html-keyboard-response","179","1198256","0.0-11.0-0.10","67269f439696d166fbb74e09","69d7901e3430d13455efb336","69e64bfc4a837f70e9680240","<p style=""font-size: 60px; font-family: FragmentMono"">CQBFSPBKN</p>","","","training","","","","","","",""
"null","null","html-keyboard-response","180","1199257","0.0-11.0-0.11","67269f439696d166fbb74e09","69d7901e3430d13455efb336","69e64bfc4a837f70e9680240","<p style=""font-size: 60px; font-family: FragmentMono"">VEVCHQVZ</p>","","","training","","","","","","",""
"null","null","html-keyboard-response","181","1200259","0.0-11.0-0.12","67269f439696d166fbb74e09","69d7901e3430d13455efb336","69e64bfc4a837f70e9680240","<p style=""font-size: 60px; font-family: FragmentMono"">FHICDJBUD</p>","","","training","","","","","","",""
"null","null","html-keyboard-response","182","1201260","0.0-11.0-0.13","67269f439696d166fbb74e09","69d7901e3430d13455efb336","69e64bfc4a837f70e9680240","<p style=""font-size: 60px; font-family: FragmentMono"">NXGQGPBKN</p>","","","training","","","","","","",""
"null","null","html-keyboard-response","183","1202262","0.0-11.0-0.14","67269f439696d166fbb74e09","69d7901e3430d13455efb336","69e64bfc4a837f70e9680240","<p style=""font-size: 60px; font-family: FragmentMono"">YIUGJBUD</p>","","","training","","","","","","",""
"null","null","html-keyboard-response","184","1203263","0.0-11.0-0.15","67269f439696d166fbb74e09","69d7901e3430d13455efb336","69e64bfc4a837f70e9680240","<p style=""font-size: 60px; font-family: FragmentMono"">FHICDBZE</p>","","","training","","","","","","",""
"null","null","html-keyboard-response","185","1204265","0.0-11.0-0.16","67269f439696d166fbb74e09","69d7901e3430d13455efb336","69e64bfc4a837f70e9680240","<p style=""font-size: 60px; font-family: FragmentMono"">YIUGTGPV</p>","","","training","","","","","","",""
"null","null","html-keyboard-response","186","1205267","0.0-11.0-0.17","67269f439696d166fbb74e09","69d7901e3430d13455efb336","69e64bfc4a837f70e9680240","<p style=""font-size: 60px; font-family: FragmentMono"">UYAFPBKN</p>","","","training","","","","","","",""
"null","null","html-keyboard-response","187","1206268","0.0-11.0-0.18","67269f439696d166fbb74e09","69d7901e3430d13455efb336","69e64bfc4a837f70e9680240","<p style=""font-size: 60px; font-family: FragmentMono"">TREHPZKS</p>","","","training","","","","","","",""
"null","null","html-keyboard-response","188","1207270","0.0-11.0-0.19","67269f439696d166fbb74e09","69d7901e3430d13455efb336","69e64bfc4a837f70e9680240","<p style=""font-size: 60px; font-family: FragmentMono"">VEVCHTGPV</p>","","","training","","","","","","",""
"null","null","html-keyboard-response","189","1208272","0.0-11.0-0.20","67269f439696d166fbb74e09","69d7901e3430d13455efb336","69e64bfc4a837f70e9680240","<p style=""font-size: 60px; font-family: FragmentMono"">EIEQNQVZ</p>","","","training","","","","","","",""
"null","null","html-keyboard-response","190","1209275","0.0-11.0-0.21","67269f439696d166fbb74e09","69d7901e3430d13455efb336","69e64bfc4a837f70e9680240","<p style=""font-size: 60px; font-family: FragmentMono"">MFELJBUD</p>","","","training","","","","","","",""
"null","null","html-keyboard-response","191","1210278","0.0-11.0-0.22","67269f439696d166fbb74e09","69d7901e3430d13455efb336","69e64bfc4a837f70e9680240","<p style=""font-size: 60px; font-family: FragmentMono"">YWQLAVDIS</p>","","","training","","","","","","",""
"null","null","html-keyboard-response","192","1211279","0.0-11.0-0.23","67269f439696d166fbb74e09","69d7901e3430d13455efb336","69e64bfc4a837f70e9680240","<p style=""font-size: 60px; font-family: FragmentMono"">EOSUXBZE</p>","","","training","","","","","","",""
"null","null","html-keyboard-response","193","1212282","0.0-11.0-0.24","67269f439696d166fbb74e09","69d7901e3430d13455efb336","69e64bfc4a837f70e9680240","<p style=""font-size: 60px; font-family: FragmentMono"">VNJVSPBKN</p>","","","training","","","","","","",""
"null","null","html-keyboard-response","194","1213283","0.0-11.0-0.25","67269f439696d166fbb74e09","69d7901e3430d13455efb336","69e64bfc4a837f70e9680240","<p style=""font-size: 60px; font-family: FragmentMono"">PJPTIVDIS</p>","","","training","","","","","","",""
"null","null","html-keyboard-response","195","1214284","0.0-11.0-0.26","67269f439696d166fbb74e09","69d7901e3430d13455efb336","69e64bfc4a837f70e9680240","<p style=""font-size: 60px; font-family: FragmentMono"">EIEQNJBUD</p>","","","training","","","","","","",""
"null","null","html-keyboard-response","196","1215285","0.0-11.0-0.27","67269f439696d166fbb74e09","69d7901e3430d13455efb336","69e64bfc4a837f70e9680240","<p style=""font-size: 60px; font-family: FragmentMono"">CHTLQLXG</p>","","","training","","","","","","",""
"null","null","html-keyboard-response","197","1216286","0.0-11.0-0.28","67269f439696d166fbb74e09","69d7901e3430d13455efb336","69e64bfc4a837f70e9680240","<p style=""font-size: 60px; font-family: FragmentMono"">FHICDQVZ</p>","","","training","","","","","","",""
"null","null","html-keyboard-response","198","1217286","0.0-11.0-0.29","67269f439696d166fbb74e09","69d7901e3430d13455efb336","69e64bfc4a837f70e9680240","<p style=""font-size: 60px; font-family: FragmentMono"">EOSUXTGPV</p>","","","training","","","","","","",""
"null","null","html-keyboard-response","199","1218288","0.0-11.0-0.30","67269f439696d166fbb74e09","69d7901e3430d13455efb336","69e64bfc4a837f70e9680240","<p style=""font-size: 60px; font-family: FragmentMono"">KVAQWBZE</p>","","","training","","","","","","",""
"null","null","html-keyboard-response","200","1219289","0.0-11.0-0.31","67269f439696d166fbb74e09","69d7901e3430d13455efb336","69e64bfc4a837f70e9680240","<p style=""font-size: 60px; font-family: FragmentMono"">CHTLQTUXE</p>","","","training","","","","","","",""
"null","null","html-keyboard-response","201","1220290","0.0-11.0-0.32","67269f439696d166fbb74e09","69d7901e3430d13455efb336","69e64bfc4a837f70e9680240","<p style=""font-size: 60px; font-family: FragmentMono"">VEVCHBZE</p>","","","training","","","","","","",""
"null","null","html-keyboard-response","202","1221291","0.0-11.0-0.33","67269f439696d166fbb74e09","69d7901e3430d13455efb336","69e64bfc4a837f70e9680240","<p style=""font-size: 60px; font-family: FragmentMono"">CELFXPZKS</p>","","","training","","","","","","",""
"null","null","html-keyboard-response","203","1222293","0.0-11.0-0.34","67269f439696d166fbb74e09","69d7901e3430d13455efb336","69e64bfc4a837f70e9680240","<p style=""font-size: 60px; font-family: FragmentMono"">YWQLAJBUD</p>","","","training","","","","","","",""
"null","null","html-keyboard-response","204","1223294","0.0-11.0-0.35","67269f439696d166fbb74e09","69d7901e3430d13455efb336","69e64bfc4a837f70e9680240","<p style=""font-size: 60px; font-family: FragmentMono"">VEVCHVDIS</p>","","","training","","","","","","",""
"null","null","html-keyboard-response","205","1224295","0.0-11.0-0.36","67269f439696d166fbb74e09","69d7901e3430d13455efb336","69e64bfc4a837f70e9680240","<p style=""font-size: 60px; font-family: FragmentMono"">YIUGQVZ</p>","","","training","","","","","","",""
"null","null","html-keyboard-response","206","1225297","0.0-11.0-0.37","67269f439696d166fbb74e09","69d7901e3430d13455efb336","69e64bfc4a837f70e9680240","<p style=""font-size: 60px; font-family: FragmentMono"">FSZRPZKS</p>","","","training","","","","","","",""
"null","null","html-keyboard-response","207","1226298","0.0-11.0-0.38","67269f439696d166fbb74e09","69d7901e3430d13455efb336","69e64bfc4a837f70e9680240","<p style=""font-size: 60px; font-family: FragmentMono"">CHTLQPBKN</p>","","","training","","","","","","",""
"null","null","html-keyboard-response","208","1227299","0.0-11.0-0.39","67269f439696d166fbb74e09","69d7901e3430d13455efb336","69e64bfc4a837f70e9680240","<p style=""font-size: 60px; font-family: FragmentMono"">EOSUXJBUD</p>","","","training","","","","","","",""
"null","null","html-keyboard-response","209","1228301","0.0-11.0-0.40","67269f439696d166fbb74e09","69d7901e3430d13455efb336","69e64bfc4a837f70e9680240","<p style=""font-size: 60px; font-family: FragmentMono"">CELFXTUXE</p>","","","training","","","","","","",""
"null","null","html-keyboard-response","210","1229302","0.0-11.0-0.41","67269f439696d166fbb74e09","69d7901e3430d13455efb336","69e64bfc4a837f70e9680240","<p style=""font-size: 60px; font-family: FragmentMono"">PJPTIQVZ</p>","","","training","","","","","","",""
"null","null","html-keyboard-response","211","1230303","0.0-11.0-0.42","67269f439696d166fbb74e09","69d7901e3430d13455efb336","69e64bfc4a837f70e9680240","<p style=""font-size: 60px; font-family: FragmentMono"">FHICDTGPV</p>","","","training","","","","","","",""
"null","null","html-keyboard-response","212","1231304","0.0-11.0-0.43","67269f439696d166fbb74e09","69d7901e3430d13455efb336","69e64bfc4a837f70e9680240","<p style=""font-size: 60px; font-family: FragmentMono"">FSZRTUXE</p>","","","training","","","","","","",""
"null","null","html-keyboard-response","213","1232306","0.0-11.0-0.44","67269f439696d166fbb74e09","69d7901e3430d13455efb336","69e64bfc4a837f70e9680240","<p style=""font-size: 60px; font-family: FragmentMono"">JBNIPBKN</p>","","","training","","","","","","",""
"null","null","html-keyboard-response","214","1233308","0.0-11.0-0.45","67269f439696d166fbb74e09","69d7901e3430d13455efb336","69e64bfc4a837f70e9680240","<p style=""font-size: 60px; font-family: FragmentMono"">MFELTGPV</p>","","","training","","","","","","",""
"null","null","html-keyboard-response","215","1234309","0.0-11.0-0.46","67269f439696d166fbb74e09","69d7901e3430d13455efb336","69e64bfc4a837f70e9680240","<p style=""font-size: 60px; font-family: FragmentMono"">UYAFLXG</p>","","","training","","","","","","",""
"null","null","html-keyboard-response","216","1235311","0.0-11.0-0.47","67269f439696d166fbb74e09","69d7901e3430d13455efb336","69e64bfc4a837f70e9680240","<p style=""font-size: 60px; font-family: FragmentMono"">JBNIZQA</p>","","","training","","","","","","",""
"null","null","html-keyboard-response","217","1236312","0.0-11.0-0.48","67269f439696d166fbb74e09","69d7901e3430d13455efb336","69e64bfc4a837f70e9680240","<p style=""font-size: 60px; font-family: FragmentMono"">YIUGVDIS</p>","","","training","","","","","","",""
"null","null","html-keyboard-response","218","1237313","0.0-11.0-0.49","67269f439696d166fbb74e09","69d7901e3430d13455efb336","69e64bfc4a837f70e9680240","<p style=""font-size: 60px; font-family: FragmentMono"">EIEQNTGPV</p>","","","training","","","","","","",""
"null","null","html-keyboard-response","219","1238315","0.0-11.0-0.50","67269f439696d166fbb74e09","69d7901e3430d13455efb336","69e64bfc4a837f70e9680240","<p style=""font-size: 60px; font-family: FragmentMono"">UYAFPZKS</p>","","","training","","","","","","",""
"null","null","html-keyboard-response","220","1239316","0.0-11.0-0.51","67269f439696d166fbb74e09","69d7901e3430d13455efb336","69e64bfc4a837f70e9680240","<p style=""font-size: 60px; font-family: FragmentMono"">CQBFSZQA</p>","","","training","","","","","","",""
"null","null","html-keyboard-response","221","1240317","0.0-11.0-0.52","67269f439696d166fbb74e09","69d7901e3430d13455efb336","69e64bfc4a837f70e9680240","<p style=""font-size: 60px; font-family: FragmentMono"">RKXAHJBUD</p>","","","training","","","","","","",""
"null","null","html-keyboard-response","222","1241319","0.0-11.0-0.53","67269f439696d166fbb74e09","69d7901e3430d13455efb336","69e64bfc4a837f70e9680240","<p style=""font-size: 60px; font-family: FragmentMono"">SCEIPZKS</p>","","","training","","","","","","",""
"null","null","html-keyboard-response","223","1242320","0.0-11.0-0.54","67269f439696d166fbb74e09","69d7901e3430d13455efb336","69e64bfc4a837f70e9680240","<p style=""font-size: 60px; font-family: FragmentMono"">JBNITUXE</p>","","","training","","","","","","",""
"null","null","html-keyboard-response","224","1243322","0.0-11.0-0.55","67269f439696d166fbb74e09","69d7901e3430d13455efb336","69e64bfc4a837f70e9680240","<p style=""font-size: 60px; font-family: FragmentMono"">NXGQGLXG</p>","","","training","","","","","","",""
"null","null","html-keyboard-response","225","1244324","0.0-11.0-0.56","67269f439696d166fbb74e09","69d7901e3430d13455efb336","69e64bfc4a837f70e9680240","<p style=""font-size: 60px; font-family: FragmentMono"">CELFXPBKN</p>","","","training","","","","","","",""
"null","null","html-keyboard-response","226","1245326","0.0-11.0-0.57","67269f439696d166fbb74e09","69d7901e3430d13455efb336","69e64bfc4a837f70e9680240","<p style=""font-size: 60px; font-family: FragmentMono"">CQBFSPZKS</p>","","","training","","","","","","",""
"null","null","html-keyboard-response","227","1246329","0.0-11.0-0.58","67269f439696d166fbb74e09","69d7901e3430d13455efb336","69e64bfc4a837f70e9680240","<p style=""font-size: 60px; font-family: FragmentMono"">VNJVSTUXE</p>","","","training","","","","","","",""
"null","null","html-keyboard-response","228","1247331","0.0-11.0-0.59","67269f439696d166fbb74e09","69d7901e3430d13455efb336","69e64bfc4a837f70e9680240","<p style=""font-size: 60px; font-family: FragmentMono"">EOSUXVDIS</p>","","","training","","","","","","",""
"null","null","html-keyboard-response","229","1248333","0.0-11.0-0.60","67269f439696d166fbb74e09","69d7901e3430d13455efb336","69e64bfc4a837f70e9680240","<p style=""font-size: 60px; font-family: FragmentMono"">CELFXLXG</p>","","","training","","","","","","",""
"null","null","html-keyboard-response","230","1249336","0.0-11.0-0.61","67269f439696d166fbb74e09","69d7901e3430d13455efb336","69e64bfc4a837f70e9680240","<p style=""font-size: 60px; font-family: FragmentMono"">PJPTITGPV</p>","","","training","","","","","","",""
"null","null","html-keyboard-response","231","1250337","0.0-11.0-0.62","67269f439696d166fbb74e09","69d7901e3430d13455efb336","69e64bfc4a837f70e9680240","<p style=""font-size: 60px; font-family: FragmentMono"">FSZRZQA</p>","","","training","","","","","","",""
"null","null","html-keyboard-response","232","1251340","0.0-11.0-0.63","67269f439696d166fbb74e09","69d7901e3430d13455efb336","69e64bfc4a837f70e9680240","<p style=""font-size: 60px; font-family: FragmentMono"">RKXAHVDIS</p>","","","training","","","","","","",""
"null","null","html-keyboard-response","233","1252341","0.0-11.0-0.64","67269f439696d166fbb74e09","69d7901e3430d13455efb336","69e64bfc4a837f70e9680240","<p style=""font-size: 60px; font-family: FragmentMono"">KVAQWQVZ</p>","","","training","","","","","","",""
"null","null","html-keyboard-response","234","1253342","0.0-11.0-0.65","67269f439696d166fbb74e09","69d7901e3430d13455efb336","69e64bfc4a837f70e9680240","<p style=""font-size: 60px; font-family: FragmentMono"">TREHZQA</p>","","","training","","","","","","",""
"null","null","html-keyboard-response","235","1254344","0.0-11.0-0.66","67269f439696d166fbb74e09","69d7901e3430d13455efb336","69e64bfc4a837f70e9680240","<p style=""font-size: 60px; font-family: FragmentMono"">CQBFSLXG</p>","","","training","","","","","","",""
"null","null","html-keyboard-response","236","1255345","0.0-11.0-0.67","67269f439696d166fbb74e09","69d7901e3430d13455efb336","69e64bfc4a837f70e9680240","<p style=""font-size: 60px; font-family: FragmentMono"">SCEITUXE</p>","","","training","","","","","","",""
"null","null","html-keyboard-response","237","1256347","0.0-11.0-0.68","67269f439696d166fbb74e09","69d7901e3430d13455efb336","69e64bfc4a837f70e9680240","<p style=""font-size: 60px; font-family: FragmentMono"">MFELVDIS</p>","","","training","","","","","","",""
"null","null","html-keyboard-response","238","1257350","0.0-11.0-0.69","67269f439696d166fbb74e09","69d7901e3430d13455efb336","69e64bfc4a837f70e9680240","<p style=""font-size: 60px; font-family: FragmentMono"">NXGQGZQA</p>","","","training","","","","","","",""
"null","null","html-keyboard-response","239","1258351","0.0-11.0-0.70","67269f439696d166fbb74e09","69d7901e3430d13455efb336","69e64bfc4a837f70e9680240","<p style=""font-size: 60px; font-family: FragmentMono"">YWQLATGPV</p>","","","training","","","","","","",""
"null","null","html-keyboard-response","240","1259353","0.0-11.0-0.71","67269f439696d166fbb74e09","69d7901e3430d13455efb336","69e64bfc4a837f70e9680240","<p style=""font-size: 60px; font-family: FragmentMono"">UYAFTUXE</p>","","","training","","","","","","",""
"null","null","html-keyboard-response","241","1260354","0.0-11.0-0.72","67269f439696d166fbb74e09","69d7901e3430d13455efb336","69e64bfc4a837f70e9680240","<p style=""font-size: 60px; font-family: FragmentMono"">EIEQNBZE</p>","","","training","","","","","","",""
"null","null","html-keyboard-response","242","1261356","0.0-11.0-0.73","67269f439696d166fbb74e09","69d7901e3430d13455efb336","69e64bfc4a837f70e9680240","<p style=""font-size: 60px; font-family: FragmentMono"">SCEIZQA</p>","","","training","","","","","","",""
"null","null","html-keyboard-response","243","1262356","0.0-11.0-0.74","67269f439696d166fbb74e09","69d7901e3430d13455efb336","69e64bfc4a837f70e9680240","<p style=""font-size: 60px; font-family: FragmentMono"">KVAQWJBUD</p>","","","training","","","","","","",""
"null","null","html-keyboard-response","244","1263358","0.0-11.0-0.75","67269f439696d166fbb74e09","69d7901e3430d13455efb336","69e64bfc4a837f70e9680240","<p style=""font-size: 60px; font-family: FragmentMono"">CHTLQZQA</p>","","","training","","","","","","",""
"null","null","html-keyboard-response","245","1264360","0.0-11.0-0.76","67269f439696d166fbb74e09","69d7901e3430d13455efb336","69e64bfc4a837f70e9680240","<p style=""font-size: 60px; font-family: FragmentMono"">TREHLXG</p>","","","training","","","","","","",""
"null","null","html-keyboard-response","246","1265362","0.0-11.0-0.77","67269f439696d166fbb74e09","69d7901e3430d13455efb336","69e64bfc4a837f70e9680240","<p style=""font-size: 60px; font-family: FragmentMono"">VNJVSZQA</p>","","","training","","","","","","",""
"null","null","html-keyboard-response","247","1266363","0.0-11.0-0.78","67269f439696d166fbb74e09","69d7901e3430d13455efb336","69e64bfc4a837f70e9680240","<p style=""font-size: 60px; font-family: FragmentMono"">MFELBZE</p>","","","training","","","","","","",""
"null","null","html-keyboard-response","248","1267365","0.0-11.0-0.79","67269f439696d166fbb74e09","69d7901e3430d13455efb336","69e64bfc4a837f70e9680240","<p style=""font-size: 60px; font-family: FragmentMono"">SCEILXG</p>","","","training","","","","","","",""
"4298"," ","html-keyboard-response","249","1271663","0.0-12.0","67269f439696d166fbb74e09","69d7901e3430d13455efb336","69e64bfc4a837f70e9680240","<p style=""font-size: 30px"">Great, you've seen the third block of words. You may now take a short break.</p>
      <p style=""font-size: 30px"">Press the spacebar when you're ready to continue.</p>","","","","","","","","","",""
"null","null","html-keyboard-response","250","1272665","0.0-13.0-0.0","67269f439696d166fbb74e09","69d7901e3430d13455efb336","69e64bfc4a837f70e9680240","<p style=""font-size: 60px; font-family: FragmentMono"">FHICDJBUD</p>","","","training","","","","","","",""
"null","null","html-keyboard-response","251","1273667","0.0-13.0-0.1","67269f439696d166fbb74e09","69d7901e3430d13455efb336","69e64bfc4a837f70e9680240","<p style=""font-size: 60px; font-family: FragmentMono"">YWQLATGPV</p>","","","training","","","","","","",""
"null","null","html-keyboard-response","252","1274669","0.0-13.0-0.2","67269f439696d166fbb74e09","69d7901e3430d13455efb336","69e64bfc4a837f70e9680240","<p style=""font-size: 60px; font-family: FragmentMono"">YIUGVDIS</p>","","","training","","","","","","",""
"null","null","html-keyboard-response","253","1275670","0.0-13.0-0.3","67269f439696d166fbb74e09","69d7901e3430d13455efb336","69e64bfc4a837f70e9680240","<p style=""font-size: 60px; font-family: FragmentMono"">FSZRPZKS</p>","","","training","","","","","","",""
"null","null","html-keyboard-response","254","1276671","0.0-13.0-0.4","67269f439696d166fbb74e09","69d7901e3430d13455efb336","69e64bfc4a837f70e9680240","<p style=""font-size: 60px; font-family: FragmentMono"">RKXAHBZE</p>","","","training","","","","","","",""
"null","null","html-keyboard-response","255","1277673","0.0-13.0-0.5","67269f439696d166fbb74e09","69d7901e3430d13455efb336","69e64bfc4a837f70e9680240","<p style=""font-size: 60px; font-family: FragmentMono"">CHTLQPBKN</p>","","","training","","","","","","",""
"null","null","html-keyboard-response","256","1278676","0.0-13.0-0.6","67269f439696d166fbb74e09","69d7901e3430d13455efb336","69e64bfc4a837f70e9680240","<p style=""font-size: 60px; font-family: FragmentMono"">FHICDQVZ</p>","","","training","","","","","","",""
"null","null","html-keyboard-response","257","1279678","0.0-13.0-0.7","67269f439696d166fbb74e09","69d7901e3430d13455efb336","69e64bfc4a837f70e9680240","<p style=""font-size: 60px; font-family: FragmentMono"">SCEIZQA</p>","","","training","","","","","","",""
"null","null","html-keyboard-response","258","1280681","0.0-13.0-0.8","67269f439696d166fbb74e09","69d7901e3430d13455efb336","69e64bfc4a837f70e9680240","<p style=""font-size: 60px; font-family: FragmentMono"">MFELJBUD</p>","","","training","","","","","","",""
"null","null","html-keyboard-response","259","1281684","0.0-13.0-0.9","67269f439696d166fbb74e09","69d7901e3430d13455efb336","69e64bfc4a837f70e9680240","<p style=""font-size: 60px; font-family: FragmentMono"">PJPTIQVZ</p>","","","training","","","","","","",""
"null","null","html-keyboard-response","260","1282686","0.0-13.0-0.10","67269f439696d166fbb74e09","69d7901e3430d13455efb336","69e64bfc4a837f70e9680240","<p style=""font-size: 60px; font-family: FragmentMono"">YWQLAVDIS</p>","","","training","","","","","","",""
"null","null","html-keyboard-response","261","1283689","0.0-13.0-0.11","67269f439696d166fbb74e09","69d7901e3430d13455efb336","69e64bfc4a837f70e9680240","<p style=""font-size: 60px; font-family: FragmentMono"">FSZRTUXE</p>","","","training","","","","","","",""
"null","null","html-keyboard-response","262","1284691","0.0-13.0-0.12","67269f439696d166fbb74e09","69d7901e3430d13455efb336","69e64bfc4a837f70e9680240","<p style=""font-size: 60px; font-family: FragmentMono"">MFELVDIS</p>","","","training","","","","","","",""
"null","null","html-keyboard-response","263","1285693","0.0-13.0-0.13","67269f439696d166fbb74e09","69d7901e3430d13455efb336","69e64bfc4a837f70e9680240","<p style=""font-size: 60px; font-family: FragmentMono"">EIEQNTGPV</p>","","","training","","","","","","",""
"null","null","html-keyboard-response","264","1286696","0.0-13.0-0.14","67269f439696d166fbb74e09","69d7901e3430d13455efb336","69e64bfc4a837f70e9680240","<p style=""font-size: 60px; font-family: FragmentMono"">KVAQWJBUD</p>","","","training","","","","","","",""
"null","null","html-keyboard-response","265","1287698","0.0-13.0-0.15","67269f439696d166fbb74e09","69d7901e3430d13455efb336","69e64bfc4a837f70e9680240","<p style=""font-size: 60px; font-family: FragmentMono"">NXGQGZQA</p>","","","training","","","","","","",""
"null","null","html-keyboard-response","266","1288701","0.0-13.0-0.16","67269f439696d166fbb74e09","69d7901e3430d13455efb336","69e64bfc4a837f70e9680240","<p style=""font-size: 60px; font-family: FragmentMono"">JBNILXG</p>","","","training","","","","","","",""
"null","null","html-keyboard-response","267","1289704","0.0-13.0-0.17","67269f439696d166fbb74e09","69d7901e3430d13455efb336","69e64bfc4a837f70e9680240","<p style=""font-size: 60px; font-family: FragmentMono"">SCEITUXE</p>","","","training","","","","","","",""
"null","null","html-keyboard-response","268","1290706","0.0-13.0-0.18","67269f439696d166fbb74e09","69d7901e3430d13455efb336","69e64bfc4a837f70e9680240","<p style=""font-size: 60px; font-family: FragmentMono"">RKXAHVDIS</p>","","","training","","","","","","",""
"null","null","html-keyboard-response","269","1291709","0.0-13.0-0.19","67269f439696d166fbb74e09","69d7901e3430d13455efb336","69e64bfc4a837f70e9680240","<p style=""font-size: 60px; font-family: FragmentMono"">TREHPZKS</p>","","","training","","","","","","",""
"null","null","html-keyboard-response","270","1292710","0.0-13.0-0.20","67269f439696d166fbb74e09","69d7901e3430d13455efb336","69e64bfc4a837f70e9680240","<p style=""font-size: 60px; font-family: FragmentMono"">KVAQWQVZ</p>","","","training","","","","","","",""
"null","null","html-keyboard-response","271","1293712","0.0-13.0-0.21","67269f439696d166fbb74e09","69d7901e3430d13455efb336","69e64bfc4a837f70e9680240","<p style=""font-size: 60px; font-family: FragmentMono"">TREHTUXE</p>","","","training","","","","","","",""
"null","null","html-keyboard-response","272","1294714","0.0-13.0-0.22","67269f439696d166fbb74e09","69d7901e3430d13455efb336","69e64bfc4a837f70e9680240","<p style=""font-size: 60px; font-family: FragmentMono"">NXGQGPBKN</p>","","","training","","","","","","",""
"null","null","html-keyboard-response","273","1295715","0.0-13.0-0.23","67269f439696d166fbb74e09","69d7901e3430d13455efb336","69e64bfc4a837f70e9680240","<p style=""font-size: 60px; font-family: FragmentMono"">UYAFLXG</p>","","","training","","","","","","",""
"null","null","html-keyboard-response","274","1296717","0.0-13.0-0.24","67269f439696d166fbb74e09","69d7901e3430d13455efb336","69e64bfc4a837f70e9680240","<p style=""font-size: 60px; font-family: FragmentMono"">FHICDTGPV</p>","","","training","","","","","","",""
"null","null","html-keyboard-response","275","1297719","0.0-13.0-0.25","67269f439696d166fbb74e09","69d7901e3430d13455efb336","69e64bfc4a837f70e9680240","<p style=""font-size: 60px; font-family: FragmentMono"">YIUGJBUD</p>","","","training","","","","","","",""
"null","null","html-keyboard-response","276","1298721","0.0-13.0-0.26","67269f439696d166fbb74e09","69d7901e3430d13455efb336","69e64bfc4a837f70e9680240","<p style=""font-size: 60px; font-family: FragmentMono"">JBNIPBKN</p>","","","training","","","","","","",""
"null","null","html-keyboard-response","277","1299722","0.0-13.0-0.27","67269f439696d166fbb74e09","69d7901e3430d13455efb336","69e64bfc4a837f70e9680240","<p style=""font-size: 60px; font-family: FragmentMono"">CELFXPZKS</p>","","","training","","","","","","",""
"null","null","html-keyboard-response","278","1300723","0.0-13.0-0.28","67269f439696d166fbb74e09","69d7901e3430d13455efb336","69e64bfc4a837f70e9680240","<p style=""font-size: 60px; font-family: FragmentMono"">CHTLQZQA</p>","","","training","","","","","","",""
"null","null","html-keyboard-response","279","1301725","0.0-13.0-0.29","67269f439696d166fbb74e09","69d7901e3430d13455efb336","69e64bfc4a837f70e9680240","<p style=""font-size: 60px; font-family: FragmentMono"">UYAFTUXE</p>","","","training","","","","","","",""
"null","null","html-keyboard-response","280","1302727","0.0-13.0-0.30","67269f439696d166fbb74e09","69d7901e3430d13455efb336","69e64bfc4a837f70e9680240","<p style=""font-size: 60px; font-family: FragmentMono"">SCEILXG</p>","","","training","","","","","","",""
"null","null","html-keyboard-response","281","1303729","0.0-13.0-0.31","67269f439696d166fbb74e09","69d7901e3430d13455efb336","69e64bfc4a837f70e9680240","<p style=""font-size: 60px; font-family: FragmentMono"">CQBFSPZKS</p>","","","training","","","","","","",""
"null","null","html-keyboard-response","282","1304730","0.0-13.0-0.32","67269f439696d166fbb74e09","69d7901e3430d13455efb336","69e64bfc4a837f70e9680240","<p style=""font-size: 60px; font-family: FragmentMono"">YWQLAJBUD</p>","","","training","","","","","","",""
"null","null","html-keyboard-response","283","1305731","0.0-13.0-0.33","67269f439696d166fbb74e09","69d7901e3430d13455efb336","69e64bfc4a837f70e9680240","<p style=""font-size: 60px; font-family: FragmentMono"">VNJVSZQA</p>","","","training","","","","","","",""
"null","null","html-keyboard-response","284","1306732","0.0-13.0-0.34","67269f439696d166fbb74e09","69d7901e3430d13455efb336","69e64bfc4a837f70e9680240","<p style=""font-size: 60px; font-family: FragmentMono"">JBNITUXE</p>","","","training","","","","","","",""
"null","null","html-keyboard-response","285","1307734","0.0-13.0-0.35","67269f439696d166fbb74e09","69d7901e3430d13455efb336","69e64bfc4a837f70e9680240","<p style=""font-size: 60px; font-family: FragmentMono"">PJPTITGPV</p>","","","training","","","","","","",""
"null","null","html-keyboard-response","286","1308736","0.0-13.0-0.36","67269f439696d166fbb74e09","69d7901e3430d13455efb336","69e64bfc4a837f70e9680240","<p style=""font-size: 60px; font-family: FragmentMono"">CELFXLXG</p>","","","training","","","","","","",""
"null","null","html-keyboard-response","287","1309739","0.0-13.0-0.37","67269f439696d166fbb74e09","69d7901e3430d13455efb336","69e64bfc4a837f70e9680240","<p style=""font-size: 60px; font-family: FragmentMono"">CQBFSPBKN</p>","","","training","","","","","","",""
"null","null","html-keyboard-response","288","1310741","0.0-13.0-0.38","67269f439696d166fbb74e09","69d7901e3430d13455efb336","69e64bfc4a837f70e9680240","<p style=""font-size: 60px; font-family: FragmentMono"">VEVCHTGPV</p>","","","training","","","","","","",""
"null","null","html-keyboard-response","289","1311743","0.0-13.0-0.39","67269f439696d166fbb74e09","69d7901e3430d13455efb336","69e64bfc4a837f70e9680240","<p style=""font-size: 60px; font-family: FragmentMono"">PJPTIBZE</p>","","","training","","","","","","",""
"null","null","html-keyboard-response","290","1312746","0.0-13.0-0.40","67269f439696d166fbb74e09","69d7901e3430d13455efb336","69e64bfc4a837f70e9680240","<p style=""font-size: 60px; font-family: FragmentMono"">UYAFPZKS</p>","","","training","","","","","","",""
"null","null","html-keyboard-response","291","1313748","0.0-13.0-0.41","67269f439696d166fbb74e09","69d7901e3430d13455efb336","69e64bfc4a837f70e9680240","<p style=""font-size: 60px; font-family: FragmentMono"">VEVCHVDIS</p>","","","training","","","","","","",""
"null","null","html-keyboard-response","292","1314750","0.0-13.0-0.42","67269f439696d166fbb74e09","69d7901e3430d13455efb336","69e64bfc4a837f70e9680240","<p style=""font-size: 60px; font-family: FragmentMono"">EOSUXTGPV</p>","","","training","","","","","","",""
"null","null","html-keyboard-response","293","1315752","0.0-13.0-0.43","67269f439696d166fbb74e09","69d7901e3430d13455efb336","69e64bfc4a837f70e9680240","<p style=""font-size: 60px; font-family: FragmentMono"">EIEQNBZE</p>","","","training","","","","","","",""
"null","null","html-keyboard-response","294","1316754","0.0-13.0-0.44","67269f439696d166fbb74e09","69d7901e3430d13455efb336","69e64bfc4a837f70e9680240","<p style=""font-size: 60px; font-family: FragmentMono"">FSZRPBKN</p>","","","training","","","","","","",""
"null","null","html-keyboard-response","295","1317755","0.0-13.0-0.45","67269f439696d166fbb74e09","69d7901e3430d13455efb336","69e64bfc4a837f70e9680240","<p style=""font-size: 60px; font-family: FragmentMono"">EIEQNQVZ</p>","","","training","","","","","","",""
"null","null","html-keyboard-response","296","1318757","0.0-13.0-0.46","67269f439696d166fbb74e09","69d7901e3430d13455efb336","69e64bfc4a837f70e9680240","<p style=""font-size: 60px; font-family: FragmentMono"">TREHLXG</p>","","","training","","","","","","",""
"null","null","html-keyboard-response","297","1319760","0.0-13.0-0.47","67269f439696d166fbb74e09","69d7901e3430d13455efb336","69e64bfc4a837f70e9680240","<p style=""font-size: 60px; font-family: FragmentMono"">YIUGTGPV</p>","","","training","","","","","","",""
"null","null","html-keyboard-response","298","1320761","0.0-13.0-0.48","67269f439696d166fbb74e09","69d7901e3430d13455efb336","69e64bfc4a837f70e9680240","<p style=""font-size: 60px; font-family: FragmentMono"">RKXAHQVZ</p>","","","training","","","","","","",""
"null","null","html-keyboard-response","299","1321763","0.0-13.0-0.49","67269f439696d166fbb74e09","69d7901e3430d13455efb336","69e64bfc4a837f70e9680240","<p style=""font-size: 60px; font-family: FragmentMono"">NXGQGLXG</p>","","","training","","","","","","",""
"null","null","html-keyboard-response","300","1322766","0.0-13.0-0.50","67269f439696d166fbb74e09","69d7901e3430d13455efb336","69e64bfc4a837f70e9680240","<p style=""font-size: 60px; font-family: FragmentMono"">EOSUXJBUD</p>","","","training","","","","","","",""
"null","null","html-keyboard-response","301","1323767","0.0-13.0-0.51","67269f439696d166fbb74e09","69d7901e3430d13455efb336","69e64bfc4a837f70e9680240","<p style=""font-size: 60px; font-family: FragmentMono"">FHICDBZE</p>","","","training","","","","","","",""
"null","null","html-keyboard-response","302","1324770","0.0-13.0-0.52","67269f439696d166fbb74e09","69d7901e3430d13455efb336","69e64bfc4a837f70e9680240","<p style=""font-size: 60px; font-family: FragmentMono"">VNJVSTUXE</p>","","","training","","","","","","",""
"null","null","html-keyboard-response","303","1325770","0.0-13.0-0.53","67269f439696d166fbb74e09","69d7901e3430d13455efb336","69e64bfc4a837f70e9680240","<p style=""font-size: 60px; font-family: FragmentMono"">EOSUXVDIS</p>","","","training","","","","","","",""
"null","null","html-keyboard-response","304","1326771","0.0-13.0-0.54","67269f439696d166fbb74e09","69d7901e3430d13455efb336","69e64bfc4a837f70e9680240","<p style=""font-size: 60px; font-family: FragmentMono"">SCEIPZKS</p>","","","training","","","","","","",""
"null","null","html-keyboard-response","305","1327773","0.0-13.0-0.55","67269f439696d166fbb74e09","69d7901e3430d13455efb336","69e64bfc4a837f70e9680240","<p style=""font-size: 60px; font-family: FragmentMono"">CHTLQLXG</p>","","","training","","","","","","",""
"null","null","html-keyboard-response","306","1328774","0.0-13.0-0.56","67269f439696d166fbb74e09","69d7901e3430d13455efb336","69e64bfc4a837f70e9680240","<p style=""font-size: 60px; font-family: FragmentMono"">UYAFPBKN</p>","","","training","","","","","","",""
"null","null","html-keyboard-response","307","1329775","0.0-13.0-0.57","67269f439696d166fbb74e09","69d7901e3430d13455efb336","69e64bfc4a837f70e9680240","<p style=""font-size: 60px; font-family: FragmentMono"">JBNIZQA</p>","","","training","","","","","","",""
"null","null","html-keyboard-response","308","1330777","0.0-13.0-0.58","67269f439696d166fbb74e09","69d7901e3430d13455efb336","69e64bfc4a837f70e9680240","<p style=""font-size: 60px; font-family: FragmentMono"">MFELBZE</p>","","","training","","","","","","",""
"null","null","html-keyboard-response","309","1331780","0.0-13.0-0.59","67269f439696d166fbb74e09","69d7901e3430d13455efb336","69e64bfc4a837f70e9680240","<p style=""font-size: 60px; font-family: FragmentMono"">CQBFSZQA</p>","","","training","","","","","","",""
"null","null","html-keyboard-response","310","1332780","0.0-13.0-0.60","67269f439696d166fbb74e09","69d7901e3430d13455efb336","69e64bfc4a837f70e9680240","<p style=""font-size: 60px; font-family: FragmentMono"">NXGQGPZKS</p>","","","training","","","","","","",""
"null","null","html-keyboard-response","311","1333782","0.0-13.0-0.61","67269f439696d166fbb74e09","69d7901e3430d13455efb336","69e64bfc4a837f70e9680240","<p style=""font-size: 60px; font-family: FragmentMono"">YIUGQVZ</p>","","","training","","","","","","",""
"null","null","html-keyboard-response","312","1334783","0.0-13.0-0.62","67269f439696d166fbb74e09","69d7901e3430d13455efb336","69e64bfc4a837f70e9680240","<p style=""font-size: 60px; font-family: FragmentMono"">CELFXPBKN</p>","","","training","","","","","","",""
"null","null","html-keyboard-response","313","1335785","0.0-13.0-0.63","67269f439696d166fbb74e09","69d7901e3430d13455efb336","69e64bfc4a837f70e9680240","<p style=""font-size: 60px; font-family: FragmentMono"">CQBFSLXG</p>","","","training","","","","","","",""
"null","null","html-keyboard-response","314","1336787","0.0-13.0-0.64","67269f439696d166fbb74e09","69d7901e3430d13455efb336","69e64bfc4a837f70e9680240","<p style=""font-size: 60px; font-family: FragmentMono"">EOSUXBZE</p>","","","training","","","","","","",""
"null","null","html-keyboard-response","315","1337789","0.0-13.0-0.65","67269f439696d166fbb74e09","69d7901e3430d13455efb336","69e64bfc4a837f70e9680240","<p style=""font-size: 60px; font-family: FragmentMono"">CHTLQTUXE</p>","","","training","","","","","","",""
"null","null","html-keyboard-response","316","1338791","0.0-13.0-0.66","67269f439696d166fbb74e09","69d7901e3430d13455efb336","69e64bfc4a837f70e9680240","<p style=""font-size: 60px; font-family: FragmentMono"">FSZRZQA</p>","","","training","","","","","","",""
"null","null","html-keyboard-response","317","1339793","0.0-13.0-0.67","67269f439696d166fbb74e09","69d7901e3430d13455efb336","69e64bfc4a837f70e9680240","<p style=""font-size: 60px; font-family: FragmentMono"">PJPTIVDIS</p>","","","training","","","","","","",""
"null","null","html-keyboard-response","318","1340795","0.0-13.0-0.68","67269f439696d166fbb74e09","69d7901e3430d13455efb336","69e64bfc4a837f70e9680240","<p style=""font-size: 60px; font-family: FragmentMono"">TREHZQA</p>","","","training","","","","","","",""
"null","null","html-keyboard-response","319","1341797","0.0-13.0-0.69","67269f439696d166fbb74e09","69d7901e3430d13455efb336","69e64bfc4a837f70e9680240","<p style=""font-size: 60px; font-family: FragmentMono"">VEVCHQVZ</p>","","","training","","","","","","",""
"null","null","html-keyboard-response","320","1342799","0.0-13.0-0.70","67269f439696d166fbb74e09","69d7901e3430d13455efb336","69e64bfc4a837f70e9680240","<p style=""font-size: 60px; font-family: FragmentMono"">KVAQWVDIS</p>","","","training","","","","","","",""
"null","null","html-keyboard-response","321","1343801","0.0-13.0-0.71","67269f439696d166fbb74e09","69d7901e3430d13455efb336","69e64bfc4a837f70e9680240","<p style=""font-size: 60px; font-family: FragmentMono"">CELFXTUXE</p>","","","training","","","","","","",""
"null","null","html-keyboard-response","322","1344803","0.0-13.0-0.72","67269f439696d166fbb74e09","69d7901e3430d13455efb336","69e64bfc4a837f70e9680240","<p style=""font-size: 60px; font-family: FragmentMono"">EIEQNJBUD</p>","","","training","","","","","","",""
"null","null","html-keyboard-response","323","1345804","0.0-13.0-0.73","67269f439696d166fbb74e09","69d7901e3430d13455efb336","69e64bfc4a837f70e9680240","<p style=""font-size: 60px; font-family: FragmentMono"">YWQLAQVZ</p>","","","training","","","","","","",""
"null","null","html-keyboard-response","324","1346805","0.0-13.0-0.74","67269f439696d166fbb74e09","69d7901e3430d13455efb336","69e64bfc4a837f70e9680240","<p style=""font-size: 60px; font-family: FragmentMono"">RKXAHJBUD</p>","","","training","","","","","","",""
"null","null","html-keyboard-response","325","1347807","0.0-13.0-0.75","67269f439696d166fbb74e09","69d7901e3430d13455efb336","69e64bfc4a837f70e9680240","<p style=""font-size: 60px; font-family: FragmentMono"">VNJVSPZKS</p>","","","training","","","","","","",""
"null","null","html-keyboard-response","326","1348809","0.0-13.0-0.76","67269f439696d166fbb74e09","69d7901e3430d13455efb336","69e64bfc4a837f70e9680240","<p style=""font-size: 60px; font-family: FragmentMono"">KVAQWBZE</p>","","","training","","","","","","",""
"null","null","html-keyboard-response","327","1349811","0.0-13.0-0.77","67269f439696d166fbb74e09","69d7901e3430d13455efb336","69e64bfc4a837f70e9680240","<p style=""font-size: 60px; font-family: FragmentMono"">MFELTGPV</p>","","","training","","","","","","",""
"null","null","html-keyboard-response","328","1350812","0.0-13.0-0.78","67269f439696d166fbb74e09","69d7901e3430d13455efb336","69e64bfc4a837f70e9680240","<p style=""font-size: 60px; font-family: FragmentMono"">VNJVSPBKN</p>","","","training","","","","","","",""
"null","null","html-keyboard-response","329","1351814","0.0-13.0-0.79","67269f439696d166fbb74e09","69d7901e3430d13455efb336","69e64bfc4a837f70e9680240","<p style=""font-size: 60px; font-family: FragmentMono"">VEVCHBZE</p>","","","training","","","","","","",""
"7784"," ","html-keyboard-response","330","1359598","0.0-14.0","67269f439696d166fbb74e09","69d7901e3430d13455efb336","69e64bfc4a837f70e9680240","<p style=""font-size: 30px"">Great, you've seen the fourth block of words. You may now take a short break.</p>
      <p style=""font-size: 30px"">Press the spacebar when you're ready to continue.</p>","","","","","","","","","",""
"null","null","html-keyboard-response","331","1360600","0.0-15.0-0.0","67269f439696d166fbb74e09","69d7901e3430d13455efb336","69e64bfc4a837f70e9680240","<p style=""font-size: 60px; font-family: FragmentMono"">SCEIZQA</p>","","","training","","","","","","",""
"null","null","html-keyboard-response","332","1361603","0.0-15.0-0.1","67269f439696d166fbb74e09","69d7901e3430d13455efb336","69e64bfc4a837f70e9680240","<p style=""font-size: 60px; font-family: FragmentMono"">EOSUXVDIS</p>","","","training","","","","","","",""
"null","null","html-keyboard-response","333","1362605","0.0-15.0-0.2","67269f439696d166fbb74e09","69d7901e3430d13455efb336","69e64bfc4a837f70e9680240","<p style=""font-size: 60px; font-family: FragmentMono"">PJPTIQVZ</p>","","","training","","","","","","",""
"null","null","html-keyboard-response","334","1363606","0.0-15.0-0.3","67269f439696d166fbb74e09","69d7901e3430d13455efb336","69e64bfc4a837f70e9680240","<p style=""font-size: 60px; font-family: FragmentMono"">EIEQNJBUD</p>","","","training","","","","","","",""
"null","null","html-keyboard-response","335","1364607","0.0-15.0-0.4","67269f439696d166fbb74e09","69d7901e3430d13455efb336","69e64bfc4a837f70e9680240","<p style=""font-size: 60px; font-family: FragmentMono"">NXGQGZQA</p>","","","training","","","","","","",""
"null","null","html-keyboard-response","336","1365608","0.0-15.0-0.5","67269f439696d166fbb74e09","69d7901e3430d13455efb336","69e64bfc4a837f70e9680240","<p style=""font-size: 60px; font-family: FragmentMono"">YIUGQVZ</p>","","","training","","","","","","",""
"null","null","html-keyboard-response","337","1366609","0.0-15.0-0.6","67269f439696d166fbb74e09","69d7901e3430d13455efb336","69e64bfc4a837f70e9680240","<p style=""font-size: 60px; font-family: FragmentMono"">SCEIPZKS</p>","","","training","","","","","","",""
"null","null","html-keyboard-response","338","1367610","0.0-15.0-0.7","67269f439696d166fbb74e09","69d7901e3430d13455efb336","69e64bfc4a837f70e9680240","<p style=""font-size: 60px; font-family: FragmentMono"">UYAFTUXE</p>","","","training","","","","","","",""
"null","null","html-keyboard-response","339","1368612","0.0-15.0-0.8","67269f439696d166fbb74e09","69d7901e3430d13455efb336","69e64bfc4a837f70e9680240","<p style=""font-size: 60px; font-family: FragmentMono"">EOSUXJBUD</p>","","","training","","","","","","",""
"null","null","html-keyboard-response","340","1369613","0.0-15.0-0.9","67269f439696d166fbb74e09","69d7901e3430d13455efb336","69e64bfc4a837f70e9680240","<p style=""font-size: 60px; font-family: FragmentMono"">NXGQGPBKN</p>","","","training","","","","","","",""
"null","null","html-keyboard-response","341","1370615","0.0-15.0-0.10","67269f439696d166fbb74e09","69d7901e3430d13455efb336","69e64bfc4a837f70e9680240","<p style=""font-size: 60px; font-family: FragmentMono"">TREHPZKS</p>","","","training","","","","","","",""
"null","null","html-keyboard-response","342","1371617","0.0-15.0-0.11","67269f439696d166fbb74e09","69d7901e3430d13455efb336","69e64bfc4a837f70e9680240","<p style=""font-size: 60px; font-family: FragmentMono"">KVAQWBZE</p>","","","training","","","","","","",""
"null","null","html-keyboard-response","343","1372619","0.0-15.0-0.12","67269f439696d166fbb74e09","69d7901e3430d13455efb336","69e64bfc4a837f70e9680240","<p style=""font-size: 60px; font-family: FragmentMono"">FSZRPZKS</p>","","","training","","","","","","",""
"null","null","html-keyboard-response","344","1373620","0.0-15.0-0.13","67269f439696d166fbb74e09","69d7901e3430d13455efb336","69e64bfc4a837f70e9680240","<p style=""font-size: 60px; font-family: FragmentMono"">YIUGJBUD</p>","","","training","","","","","","",""
"null","null","html-keyboard-response","345","1374621","0.0-15.0-0.14","67269f439696d166fbb74e09","69d7901e3430d13455efb336","69e64bfc4a837f70e9680240","<p style=""font-size: 60px; font-family: FragmentMono"">NXGQGLXG</p>","","","training","","","","","","",""
"null","null","html-keyboard-response","346","1375622","0.0-15.0-0.15","67269f439696d166fbb74e09","69d7901e3430d13455efb336","69e64bfc4a837f70e9680240","<p style=""font-size: 60px; font-family: FragmentMono"">CELFXPBKN</p>","","","training","","","","","","",""
"null","null","html-keyboard-response","347","1376624","0.0-15.0-0.16","67269f439696d166fbb74e09","69d7901e3430d13455efb336","69e64bfc4a837f70e9680240","<p style=""font-size: 60px; font-family: FragmentMono"">FSZRZQA</p>","","","training","","","","","","",""
"null","null","html-keyboard-response","348","1377625","0.0-15.0-0.17","67269f439696d166fbb74e09","69d7901e3430d13455efb336","69e64bfc4a837f70e9680240","<p style=""font-size: 60px; font-family: FragmentMono"">FHICDJBUD</p>","","","training","","","","","","",""
"null","null","html-keyboard-response","349","1378627","0.0-15.0-0.18","67269f439696d166fbb74e09","69d7901e3430d13455efb336","69e64bfc4a837f70e9680240","<p style=""font-size: 60px; font-family: FragmentMono"">VNJVSPBKN</p>","","","training","","","","","","",""
"null","null","html-keyboard-response","350","1379629","0.0-15.0-0.19","67269f439696d166fbb74e09","69d7901e3430d13455efb336","69e64bfc4a837f70e9680240","<p style=""font-size: 60px; font-family: FragmentMono"">CQBFSPZKS</p>","","","training","","","","","","",""
"null","null","html-keyboard-response","351","1380631","0.0-15.0-0.20","67269f439696d166fbb74e09","69d7901e3430d13455efb336","69e64bfc4a837f70e9680240","<p style=""font-size: 60px; font-family: FragmentMono"">FHICDBZE</p>","","","training","","","","","","",""
"null","null","html-keyboard-response","352","1381633","0.0-15.0-0.21","67269f439696d166fbb74e09","69d7901e3430d13455efb336","69e64bfc4a837f70e9680240","<p style=""font-size: 60px; font-family: FragmentMono"">MFELTGPV</p>","","","training","","","","","","",""
"null","null","html-keyboard-response","353","1382635","0.0-15.0-0.22","67269f439696d166fbb74e09","69d7901e3430d13455efb336","69e64bfc4a837f70e9680240","<p style=""font-size: 60px; font-family: FragmentMono"">YWQLAVDIS</p>","","","training","","","","","","",""
"null","null","html-keyboard-response","354","1383637","0.0-15.0-0.23","67269f439696d166fbb74e09","69d7901e3430d13455efb336","69e64bfc4a837f70e9680240","<p style=""font-size: 60px; font-family: FragmentMono"">MFELBZE</p>","","","training","","","","","","",""
"null","null","html-keyboard-response","355","1384639","0.0-15.0-0.24","67269f439696d166fbb74e09","69d7901e3430d13455efb336","69e64bfc4a837f70e9680240","<p style=""font-size: 60px; font-family: FragmentMono"">RKXAHJBUD</p>","","","training","","","","","","",""
"null","null","html-keyboard-response","356","1385642","0.0-15.0-0.25","67269f439696d166fbb74e09","69d7901e3430d13455efb336","69e64bfc4a837f70e9680240","<p style=""font-size: 60px; font-family: FragmentMono"">EIEQNQVZ</p>","","","training","","","","","","",""
"null","null","html-keyboard-response","357","1386645","0.0-15.0-0.26","67269f439696d166fbb74e09","69d7901e3430d13455efb336","69e64bfc4a837f70e9680240","<p style=""font-size: 60px; font-family: FragmentMono"">JBNILXG</p>","","","training","","","","","","",""
"null","null","html-keyboard-response","358","1387648","0.0-15.0-0.27","67269f439696d166fbb74e09","69d7901e3430d13455efb336","69e64bfc4a837f70e9680240","<p style=""font-size: 60px; font-family: FragmentMono"">CQBFSZQA</p>","","","training","","","","","","",""
"null","null","html-keyboard-response","359","1388648","0.0-15.0-0.28","67269f439696d166fbb74e09","69d7901e3430d13455efb336","69e64bfc4a837f70e9680240","<p style=""font-size: 60px; font-family: FragmentMono"">FSZRTUXE</p>","","","training","","","","","","",""
"null","null","html-keyboard-response","360","1389650","0.0-15.0-0.29","67269f439696d166fbb74e09","69d7901e3430d13455efb336","69e64bfc4a837f70e9680240","<p style=""font-size: 60px; font-family: FragmentMono"">KVAQWVDIS</p>","","","training","","","","","","",""
"null","null","html-keyboard-response","361","1390653","0.0-15.0-0.30","67269f439696d166fbb74e09","69d7901e3430d13455efb336","69e64bfc4a837f70e9680240","<p style=""font-size: 60px; font-family: FragmentMono"">YWQLAJBUD</p>","","","training","","","","","","",""
"null","null","html-keyboard-response","362","1391655","0.0-15.0-0.31","67269f439696d166fbb74e09","69d7901e3430d13455efb336","69e64bfc4a837f70e9680240","<p style=""font-size: 60px; font-family: FragmentMono"">JBNIPBKN</p>","","","training","","","","","","",""
"null","null","html-keyboard-response","363","1392657","0.0-15.0-0.32","67269f439696d166fbb74e09","69d7901e3430d13455efb336","69e64bfc4a837f70e9680240","<p style=""font-size: 60px; font-family: FragmentMono"">MFELVDIS</p>","","","training","","","","","","",""
"null","null","html-keyboard-response","364","1393658","0.0-15.0-0.33","67269f439696d166fbb74e09","69d7901e3430d13455efb336","69e64bfc4a837f70e9680240","<p style=""font-size: 60px; font-family: FragmentMono"">TREHLXG</p>","","","training","","","","","","",""
"null","null","html-keyboard-response","365","1394660","0.0-15.0-0.34","67269f439696d166fbb74e09","69d7901e3430d13455efb336","69e64bfc4a837f70e9680240","<p style=""font-size: 60px; font-family: FragmentMono"">KVAQWJBUD</p>","","","training","","","","","","",""
"null","null","html-keyboard-response","366","1395662","0.0-15.0-0.35","67269f439696d166fbb74e09","69d7901e3430d13455efb336","69e64bfc4a837f70e9680240","<p style=""font-size: 60px; font-family: FragmentMono"">VNJVSTUXE</p>","","","training","","","","","","",""
"null","null","html-keyboard-response","367","1396664","0.0-15.0-0.36","67269f439696d166fbb74e09","69d7901e3430d13455efb336","69e64bfc4a837f70e9680240","<p style=""font-size: 60px; font-family: FragmentMono"">RKXAHBZE</p>","","","training","","","","","","",""
"null","null","html-keyboard-response","368","1397665","0.0-15.0-0.37","67269f439696d166fbb74e09","69d7901e3430d13455efb336","69e64bfc4a837f70e9680240","<p style=""font-size: 60px; font-family: FragmentMono"">TREHTUXE</p>","","","training","","","","","","",""
"null","null","html-keyboard-response","369","1398668","0.0-15.0-0.38","67269f439696d166fbb74e09","69d7901e3430d13455efb336","69e64bfc4a837f70e9680240","<p style=""font-size: 60px; font-family: FragmentMono"">FHICDTGPV</p>","","","training","","","","","","",""
"null","null","html-keyboard-response","370","1399669","0.0-15.0-0.39","67269f439696d166fbb74e09","69d7901e3430d13455efb336","69e64bfc4a837f70e9680240","<p style=""font-size: 60px; font-family: FragmentMono"">YWQLAQVZ</p>","","","training","","","","","","",""
"null","null","html-keyboard-response","371","1400672","0.0-15.0-0.40","67269f439696d166fbb74e09","69d7901e3430d13455efb336","69e64bfc4a837f70e9680240","<p style=""font-size: 60px; font-family: FragmentMono"">EOSUXTGPV</p>","","","training","","","","","","",""
"null","null","html-keyboard-response","372","1401674","0.0-15.0-0.41","67269f439696d166fbb74e09","69d7901e3430d13455efb336","69e64bfc4a837f70e9680240","<p style=""font-size: 60px; font-family: FragmentMono"">UYAFPZKS</p>","","","training","","","","","","",""
"null","null","html-keyboard-response","373","1402677","0.0-15.0-0.42","67269f439696d166fbb74e09","69d7901e3430d13455efb336","69e64bfc4a837f70e9680240","<p style=""font-size: 60px; font-family: FragmentMono"">PJPTIVDIS</p>","","","training","","","","","","",""
"null","null","html-keyboard-response","374","1403679","0.0-15.0-0.43","67269f439696d166fbb74e09","69d7901e3430d13455efb336","69e64bfc4a837f70e9680240","<p style=""font-size: 60px; font-family: FragmentMono"">MFELJBUD</p>","","","training","","","","","","",""
"null","null","html-keyboard-response","375","1404681","0.0-15.0-0.44","67269f439696d166fbb74e09","69d7901e3430d13455efb336","69e64bfc4a837f70e9680240","<p style=""font-size: 60px; font-family: FragmentMono"">YWQLATGPV</p>","","","training","","","","","","",""
"null","null","html-keyboard-response","376","1405683","0.0-15.0-0.45","67269f439696d166fbb74e09","69d7901e3430d13455efb336","69e64bfc4a837f70e9680240","<p style=""font-size: 60px; font-family: FragmentMono"">CELFXPZKS</p>","","","training","","","","","","",""
"null","null","html-keyboard-response","377","1406686","0.0-15.0-0.46","67269f439696d166fbb74e09","69d7901e3430d13455efb336","69e64bfc4a837f70e9680240","<p style=""font-size: 60px; font-family: FragmentMono"">KVAQWQVZ</p>","","","training","","","","","","",""
"null","null","html-keyboard-response","378","1407687","0.0-15.0-0.47","67269f439696d166fbb74e09","69d7901e3430d13455efb336","69e64bfc4a837f70e9680240","<p style=""font-size: 60px; font-family: FragmentMono"">EOSUXBZE</p>","","","training","","","","","","",""
"null","null","html-keyboard-response","379","1408689","0.0-15.0-0.48","67269f439696d166fbb74e09","69d7901e3430d13455efb336","69e64bfc4a837f70e9680240","<p style=""font-size: 60px; font-family: FragmentMono"">YIUGVDIS</p>","","","training","","","","","","",""
"null","null","html-keyboard-response","380","1409690","0.0-15.0-0.49","67269f439696d166fbb74e09","69d7901e3430d13455efb336","69e64bfc4a837f70e9680240","<p style=""font-size: 60px; font-family: FragmentMono"">CHTLQPBKN</p>","","","training","","","","","","",""
"null","null","html-keyboard-response","381","1410692","0.0-15.0-0.50","67269f439696d166fbb74e09","69d7901e3430d13455efb336","69e64bfc4a837f70e9680240","<p style=""font-size: 60px; font-family: FragmentMono"">CELFXLXG</p>","","","training","","","","","","",""
"null","null","html-keyboard-response","382","1411693","0.0-15.0-0.51","67269f439696d166fbb74e09","69d7901e3430d13455efb336","69e64bfc4a837f70e9680240","<p style=""font-size: 60px; font-family: FragmentMono"">VNJVSPZKS</p>","","","training","","","","","","",""
"null","null","html-keyboard-response","383","1412694","0.0-15.0-0.52","67269f439696d166fbb74e09","69d7901e3430d13455efb336","69e64bfc4a837f70e9680240","<p style=""font-size: 60px; font-family: FragmentMono"">EIEQNBZE</p>","","","training","","","","","","",""
"null","null","html-keyboard-response","384","1413696","0.0-15.0-0.53","67269f439696d166fbb74e09","69d7901e3430d13455efb336","69e64bfc4a837f70e9680240","<p style=""font-size: 60px; font-family: FragmentMono"">CHTLQTUXE</p>","","","training","","","","","","",""
"null","null","html-keyboard-response","385","1414698","0.0-15.0-0.54","67269f439696d166fbb74e09","69d7901e3430d13455efb336","69e64bfc4a837f70e9680240","<p style=""font-size: 60px; font-family: FragmentMono"">VNJVSZQA</p>","","","training","","","","","","",""
"null","null","html-keyboard-response","386","1415700","0.0-15.0-0.55","67269f439696d166fbb74e09","69d7901e3430d13455efb336","69e64bfc4a837f70e9680240","<p style=""font-size: 60px; font-family: FragmentMono"">CQBFSLXG</p>","","","training","","","","","","",""
"null","null","html-keyboard-response","387","1416702","0.0-15.0-0.56","67269f439696d166fbb74e09","69d7901e3430d13455efb336","69e64bfc4a837f70e9680240","<p style=""font-size: 60px; font-family: FragmentMono"">YIUGTGPV</p>","","","training","","","","","","",""
"null","null","html-keyboard-response","388","1417704","0.0-15.0-0.57","67269f439696d166fbb74e09","69d7901e3430d13455efb336","69e64bfc4a837f70e9680240","<p style=""font-size: 60px; font-family: FragmentMono"">UYAFLXG</p>","","","training","","","","","","",""
"null","null","html-keyboard-response","389","1418706","0.0-15.0-0.58","67269f439696d166fbb74e09","69d7901e3430d13455efb336","69e64bfc4a837f70e9680240","<p style=""font-size: 60px; font-family: FragmentMono"">PJPTITGPV</p>","","","training","","","","","","",""
"null","null","html-keyboard-response","390","1419709","0.0-15.0-0.59","67269f439696d166fbb74e09","69d7901e3430d13455efb336","69e64bfc4a837f70e9680240","<p style=""font-size: 60px; font-family: FragmentMono"">CHTLQLXG</p>","","","training","","","","","","",""
"null","null","html-keyboard-response","391","1420711","0.0-15.0-0.60","67269f439696d166fbb74e09","69d7901e3430d13455efb336","69e64bfc4a837f70e9680240","<p style=""font-size: 60px; font-family: FragmentMono"">NXGQGPZKS</p>","","","training","","","","","","",""
"null","null","html-keyboard-response","392","1421713","0.0-15.0-0.61","67269f439696d166fbb74e09","69d7901e3430d13455efb336","69e64bfc4a837f70e9680240","<p style=""font-size: 60px; font-family: FragmentMono"">VEVCHTGPV</p>","","","training","","","","","","",""
"null","null","html-keyboard-response","393","1422715","0.0-15.0-0.62","67269f439696d166fbb74e09","69d7901e3430d13455efb336","69e64bfc4a837f70e9680240","<p style=""font-size: 60px; font-family: FragmentMono"">SCEITUXE</p>","","","training","","","","","","",""
"null","null","html-keyboard-response","394","1423718","0.0-15.0-0.63","67269f439696d166fbb74e09","69d7901e3430d13455efb336","69e64bfc4a837f70e9680240","<p style=""font-size: 60px; font-family: FragmentMono"">UYAFPBKN</p>","","","training","","","","","","",""
"null","null","html-keyboard-response","395","1424720","0.0-15.0-0.64","67269f439696d166fbb74e09","69d7901e3430d13455efb336","69e64bfc4a837f70e9680240","<p style=""font-size: 60px; font-family: FragmentMono"">EIEQNTGPV</p>","","","training","","","","","","",""
"null","null","html-keyboard-response","396","1425723","0.0-15.0-0.65","67269f439696d166fbb74e09","69d7901e3430d13455efb336","69e64bfc4a837f70e9680240","<p style=""font-size: 60px; font-family: FragmentMono"">JBNITUXE</p>","","","training","","","","","","",""
"null","null","html-keyboard-response","397","1426725","0.0-15.0-0.66","67269f439696d166fbb74e09","69d7901e3430d13455efb336","69e64bfc4a837f70e9680240","<p style=""font-size: 60px; font-family: FragmentMono"">CHTLQZQA</p>","","","training","","","","","","",""
"null","null","html-keyboard-response","398","1427726","0.0-15.0-0.67","67269f439696d166fbb74e09","69d7901e3430d13455efb336","69e64bfc4a837f70e9680240","<p style=""font-size: 60px; font-family: FragmentMono"">VEVCHBZE</p>","","","training","","","","","","",""
"null","null","html-keyboard-response","399","1428729","0.0-15.0-0.68","67269f439696d166fbb74e09","69d7901e3430d13455efb336","69e64bfc4a837f70e9680240","<p style=""font-size: 60px; font-family: FragmentMono"">CELFXTUXE</p>","","","training","","","","","","",""
"null","null","html-keyboard-response","400","1429732","0.0-15.0-0.69","67269f439696d166fbb74e09","69d7901e3430d13455efb336","69e64bfc4a837f70e9680240","<p style=""font-size: 60px; font-family: FragmentMono"">FSZRPBKN</p>","","","training","","","","","","",""
"null","null","html-keyboard-response","401","1430733","0.0-15.0-0.70","67269f439696d166fbb74e09","69d7901e3430d13455efb336","69e64bfc4a837f70e9680240","<p style=""font-size: 60px; font-family: FragmentMono"">FHICDQVZ</p>","","","training","","","","","","",""
"null","null","html-keyboard-response","402","1431735","0.0-15.0-0.71","67269f439696d166fbb74e09","69d7901e3430d13455efb336","69e64bfc4a837f70e9680240","<p style=""font-size: 60px; font-family: FragmentMono"">RKXAHVDIS</p>","","","training","","","","","","",""
"null","null","html-keyboard-response","403","1432737","0.0-15.0-0.72","67269f439696d166fbb74e09","69d7901e3430d13455efb336","69e64bfc4a837f70e9680240","<p style=""font-size: 60px; font-family: FragmentMono"">PJPTIBZE</p>","","","training","","","","","","",""
"null","null","html-keyboard-response","404","1433739","0.0-15.0-0.73","67269f439696d166fbb74e09","69d7901e3430d13455efb336","69e64bfc4a837f70e9680240","<p style=""font-size: 60px; font-family: FragmentMono"">JBNIZQA</p>","","","training","","","","","","",""
"null","null","html-keyboard-response","405","1434740","0.0-15.0-0.74","67269f439696d166fbb74e09","69d7901e3430d13455efb336","69e64bfc4a837f70e9680240","<p style=""font-size: 60px; font-family: FragmentMono"">CQBFSPBKN</p>","","","training","","","","","","",""
"null","null","html-keyboard-response","406","1435741","0.0-15.0-0.75","67269f439696d166fbb74e09","69d7901e3430d13455efb336","69e64bfc4a837f70e9680240","<p style=""font-size: 60px; font-family: FragmentMono"">VEVCHVDIS</p>","","","training","","","","","","",""
"null","null","html-keyboard-response","407","1436742","0.0-15.0-0.76","67269f439696d166fbb74e09","69d7901e3430d13455efb336","69e64bfc4a837f70e9680240","<p style=""font-size: 60px; font-family: FragmentMono"">TREHZQA</p>","","","training","","","","","","",""
"null","null","html-keyboard-response","408","1437743","0.0-15.0-0.77","67269f439696d166fbb74e09","69d7901e3430d13455efb336","69e64bfc4a837f70e9680240","<p style=""font-size: 60px; font-family: FragmentMono"">VEVCHQVZ</p>","","","training","","","","","","",""
"null","null","html-keyboard-response","409","1438744","0.0-15.0-0.78","67269f439696d166fbb74e09","69d7901e3430d13455efb336","69e64bfc4a837f70e9680240","<p style=""font-size: 60px; font-family: FragmentMono"">SCEILXG</p>","","","training","","","","","","",""
"null","null","html-keyboard-response","410","1439746","0.0-15.0-0.79","67269f439696d166fbb74e09","69d7901e3430d13455efb336","69e64bfc4a837f70e9680240","<p style=""font-size: 60px; font-family: FragmentMono"">RKXAHQVZ</p>","","","training","","","","","","",""
"3902"," ","html-keyboard-response","411","1443648","0.0-16.0","67269f439696d166fbb74e09","69d7901e3430d13455efb336","69e64bfc4a837f70e9680240","<p style=""font-size: 30px"">Great, you've seen the fifth block of words. You may now take a short break.</p>
      <p style=""font-size: 30px"">Press the spacebar when you're ready to continue.</p>","","","","","","","","","",""
"null","null","html-keyboard-response","412","1444650","0.0-17.0-0.0","67269f439696d166fbb74e09","69d7901e3430d13455efb336","69e64bfc4a837f70e9680240","<p style=""font-size: 60px; font-family: FragmentMono"">EIEQNQVZ</p>","","","training","","","","","","",""
"null","null","html-keyboard-response","413","1445651","0.0-17.0-0.1","67269f439696d166fbb74e09","69d7901e3430d13455efb336","69e64bfc4a837f70e9680240","<p style=""font-size: 60px; font-family: FragmentMono"">CQBFSZQA</p>","","","training","","","","","","",""
"null","null","html-keyboard-response","414","1446653","0.0-17.0-0.2","67269f439696d166fbb74e09","69d7901e3430d13455efb336","69e64bfc4a837f70e9680240","<p style=""font-size: 60px; font-family: FragmentMono"">NXGQGPZKS</p>","","","training","","","","","","",""
"null","null","html-keyboard-response","415","1447655","0.0-17.0-0.3","67269f439696d166fbb74e09","69d7901e3430d13455efb336","69e64bfc4a837f70e9680240","<p style=""font-size: 60px; font-family: FragmentMono"">CHTLQTUXE</p>","","","training","","","","","","",""
"null","null","html-keyboard-response","416","1448657","0.0-17.0-0.4","67269f439696d166fbb74e09","69d7901e3430d13455efb336","69e64bfc4a837f70e9680240","<p style=""font-size: 60px; font-family: FragmentMono"">TREHPZKS</p>","","","training","","","","","","",""
"null","null","html-keyboard-response","417","1449658","0.0-17.0-0.5","67269f439696d166fbb74e09","69d7901e3430d13455efb336","69e64bfc4a837f70e9680240","<p style=""font-size: 60px; font-family: FragmentMono"">CQBFSLXG</p>","","","training","","","","","","",""
"null","null","html-keyboard-response","418","1450659","0.0-17.0-0.6","67269f439696d166fbb74e09","69d7901e3430d13455efb336","69e64bfc4a837f70e9680240","<p style=""font-size: 60px; font-family: FragmentMono"">JBNIPBKN</p>","","","training","","","","","","",""
"null","null","html-keyboard-response","419","1451661","0.0-17.0-0.7","67269f439696d166fbb74e09","69d7901e3430d13455efb336","69e64bfc4a837f70e9680240","<p style=""font-size: 60px; font-family: FragmentMono"">EIEQNJBUD</p>","","","training","","","","","","",""
"null","null","html-keyboard-response","420","1452662","0.0-17.0-0.8","67269f439696d166fbb74e09","69d7901e3430d13455efb336","69e64bfc4a837f70e9680240","<p style=""font-size: 60px; font-family: FragmentMono"">CHTLQZQA</p>","","","training","","","","","","",""
"null","null","html-keyboard-response","421","1453663","0.0-17.0-0.9","67269f439696d166fbb74e09","69d7901e3430d13455efb336","69e64bfc4a837f70e9680240","<p style=""font-size: 60px; font-family: FragmentMono"">CELFXPZKS</p>","","","training","","","","","","",""
"null","null","html-keyboard-response","422","1454665","0.0-17.0-0.10","67269f439696d166fbb74e09","69d7901e3430d13455efb336","69e64bfc4a837f70e9680240","<p style=""font-size: 60px; font-family: FragmentMono"">PJPTIBZE</p>","","","training","","","","","","",""
"null","null","html-keyboard-response","423","1455667","0.0-17.0-0.11","67269f439696d166fbb74e09","69d7901e3430d13455efb336","69e64bfc4a837f70e9680240","<p style=""font-size: 60px; font-family: FragmentMono"">VEVCHVDIS</p>","","","training","","","","","","",""
"null","null","html-keyboard-response","424","1456668","0.0-17.0-0.12","67269f439696d166fbb74e09","69d7901e3430d13455efb336","69e64bfc4a837f70e9680240","<p style=""font-size: 60px; font-family: FragmentMono"">SCEITUXE</p>","","","training","","","","","","",""
"null","null","html-keyboard-response","425","1457670","0.0-17.0-0.13","67269f439696d166fbb74e09","69d7901e3430d13455efb336","69e64bfc4a837f70e9680240","<p style=""font-size: 60px; font-family: FragmentMono"">KVAQWVDIS</p>","","","training","","","","","","",""
"null","null","html-keyboard-response","426","1458671","0.0-17.0-0.14","67269f439696d166fbb74e09","69d7901e3430d13455efb336","69e64bfc4a837f70e9680240","<p style=""font-size: 60px; font-family: FragmentMono"">RKXAHJBUD</p>","","","training","","","","","","",""
"null","null","html-keyboard-response","427","1459673","0.0-17.0-0.15","67269f439696d166fbb74e09","69d7901e3430d13455efb336","69e64bfc4a837f70e9680240","<p style=""font-size: 60px; font-family: FragmentMono"">JBNITUXE</p>","","","training","","","","","","",""
"null","null","html-keyboard-response","428","1460674","0.0-17.0-0.16","67269f439696d166fbb74e09","69d7901e3430d13455efb336","69e64bfc4a837f70e9680240","<p style=""font-size: 60px; font-family: FragmentMono"">VEVCHQVZ</p>","","","training","","","","","","",""
"null","null","html-keyboard-response","429","1461676","0.0-17.0-0.17","67269f439696d166fbb74e09","69d7901e3430d13455efb336","69e64bfc4a837f70e9680240","<p style=""font-size: 60px; font-family: FragmentMono"">FSZRPZKS</p>","","","training","","","","","","",""
"null","null","html-keyboard-response","430","1462677","0.0-17.0-0.18","67269f439696d166fbb74e09","69d7901e3430d13455efb336","69e64bfc4a837f70e9680240","<p style=""font-size: 60px; font-family: FragmentMono"">YWQLAQVZ</p>","","","training","","","","","","",""
"null","null","html-keyboard-response","431","1463678","0.0-17.0-0.19","67269f439696d166fbb74e09","69d7901e3430d13455efb336","69e64bfc4a837f70e9680240","<p style=""font-size: 60px; font-family: FragmentMono"">EOSUXTGPV</p>","","","training","","","","","","",""
"null","null","html-keyboard-response","432","1464680","0.0-17.0-0.20","67269f439696d166fbb74e09","69d7901e3430d13455efb336","69e64bfc4a837f70e9680240","<p style=""font-size: 60px; font-family: FragmentMono"">YIUGQVZ</p>","","","training","","","","","","",""
"null","null","html-keyboard-response","433","1465682","0.0-17.0-0.21","67269f439696d166fbb74e09","69d7901e3430d13455efb336","69e64bfc4a837f70e9680240","<p style=""font-size: 60px; font-family: FragmentMono"">VNJVSZQA</p>","","","training","","","","","","",""
"null","null","html-keyboard-response","434","1466684","0.0-17.0-0.22","67269f439696d166fbb74e09","69d7901e3430d13455efb336","69e64bfc4a837f70e9680240","<p style=""font-size: 60px; font-family: FragmentMono"">RKXAHVDIS</p>","","","training","","","","","","",""
"null","null","html-keyboard-response","435","1467686","0.0-17.0-0.23","67269f439696d166fbb74e09","69d7901e3430d13455efb336","69e64bfc4a837f70e9680240","<p style=""font-size: 60px; font-family: FragmentMono"">KVAQWBZE</p>","","","training","","","","","","",""
"null","null","html-keyboard-response","436","1468687","0.0-17.0-0.24","67269f439696d166fbb74e09","69d7901e3430d13455efb336","69e64bfc4a837f70e9680240","<p style=""font-size: 60px; font-family: FragmentMono"">UYAFPBKN</p>","","","training","","","","","","",""
"null","null","html-keyboard-response","437","1469689","0.0-17.0-0.25","67269f439696d166fbb74e09","69d7901e3430d13455efb336","69e64bfc4a837f70e9680240","<p style=""font-size: 60px; font-family: FragmentMono"">YIUGTGPV</p>","","","training","","","","","","",""
"null","null","html-keyboard-response","438","1470690","0.0-17.0-0.26","67269f439696d166fbb74e09","69d7901e3430d13455efb336","69e64bfc4a837f70e9680240","<p style=""font-size: 60px; font-family: FragmentMono"">PJPTIVDIS</p>","","","training","","","","","","",""
"null","null","html-keyboard-response","439","1471692","0.0-17.0-0.27","67269f439696d166fbb74e09","69d7901e3430d13455efb336","69e64bfc4a837f70e9680240","<p style=""font-size: 60px; font-family: FragmentMono"">FHICDQVZ</p>","","","training","","","","","","",""
"null","null","html-keyboard-response","440","1472694","0.0-17.0-0.28","67269f439696d166fbb74e09","69d7901e3430d13455efb336","69e64bfc4a837f70e9680240","<p style=""font-size: 60px; font-family: FragmentMono"">SCEIPZKS</p>","","","training","","","","","","",""
"null","null","html-keyboard-response","441","1473696","0.0-17.0-0.29","67269f439696d166fbb74e09","69d7901e3430d13455efb336","69e64bfc4a837f70e9680240","<p style=""font-size: 60px; font-family: FragmentMono"">VEVCHTGPV</p>","","","training","","","","","","",""
"null","null","html-keyboard-response","442","1474698","0.0-17.0-0.30","67269f439696d166fbb74e09","69d7901e3430d13455efb336","69e64bfc4a837f70e9680240","<p style=""font-size: 60px; font-family: FragmentMono"">SCEIZQA</p>","","","training","","","","","","",""
"null","null","html-keyboard-response","443","1475700","0.0-17.0-0.31","67269f439696d166fbb74e09","69d7901e3430d13455efb336","69e64bfc4a837f70e9680240","<p style=""font-size: 60px; font-family: FragmentMono"">RKXAHQVZ</p>","","","training","","","","","","",""
"null","null","html-keyboard-response","444","1476702","0.0-17.0-0.32","67269f439696d166fbb74e09","69d7901e3430d13455efb336","69e64bfc4a837f70e9680240","<p style=""font-size: 60px; font-family: FragmentMono"">CQBFSPZKS</p>","","","training","","","","","","",""
"null","null","html-keyboard-response","445","1477705","0.0-17.0-0.33","67269f439696d166fbb74e09","69d7901e3430d13455efb336","69e64bfc4a837f70e9680240","<p style=""font-size: 60px; font-family: FragmentMono"">EOSUXVDIS</p>","","","training","","","","","","",""
"null","null","html-keyboard-response","446","1478706","0.0-17.0-0.34","67269f439696d166fbb74e09","69d7901e3430d13455efb336","69e64bfc4a837f70e9680240","<p style=""font-size: 60px; font-family: FragmentMono"">CELFXLXG</p>","","","training","","","","","","",""
"null","null","html-keyboard-response","447","1479708","0.0-17.0-0.35","67269f439696d166fbb74e09","69d7901e3430d13455efb336","69e64bfc4a837f70e9680240","<p style=""font-size: 60px; font-family: FragmentMono"">MFELVDIS</p>","","","training","","","","","","",""
"null","null","html-keyboard-response","448","1480709","0.0-17.0-0.36","67269f439696d166fbb74e09","69d7901e3430d13455efb336","69e64bfc4a837f70e9680240","<p style=""font-size: 60px; font-family: FragmentMono"">VNJVSPZKS</p>","","","training","","","","","","",""
"null","null","html-keyboard-response","449","1481710","0.0-17.0-0.37","67269f439696d166fbb74e09","69d7901e3430d13455efb336","69e64bfc4a837f70e9680240","<p style=""font-size: 60px; font-family: FragmentMono"">YIUGJBUD</p>","","","training","","","","","","",""
"null","null","html-keyboard-response","450","1482712","0.0-17.0-0.38","67269f439696d166fbb74e09","69d7901e3430d13455efb336","69e64bfc4a837f70e9680240","<p style=""font-size: 60px; font-family: FragmentMono"">TREHZQA</p>","","","training","","","","","","",""
"null","null","html-keyboard-response","451","1483714","0.0-17.0-0.39","67269f439696d166fbb74e09","69d7901e3430d13455efb336","69e64bfc4a837f70e9680240","<p style=""font-size: 60px; font-family: FragmentMono"">PJPTIQVZ</p>","","","training","","","","","","",""
"null","null","html-keyboard-response","452","1484715","0.0-17.0-0.40","67269f439696d166fbb74e09","69d7901e3430d13455efb336","69e64bfc4a837f70e9680240","<p style=""font-size: 60px; font-family: FragmentMono"">FHICDJBUD</p>","","","training","","","","","","",""
"null","null","html-keyboard-response","453","1485717","0.0-17.0-0.41","67269f439696d166fbb74e09","69d7901e3430d13455efb336","69e64bfc4a837f70e9680240","<p style=""font-size: 60px; font-family: FragmentMono"">CELFXTUXE</p>","","","training","","","","","","",""
"null","null","html-keyboard-response","454","1486718","0.0-17.0-0.42","67269f439696d166fbb74e09","69d7901e3430d13455efb336","69e64bfc4a837f70e9680240","<p style=""font-size: 60px; font-family: FragmentMono"">FHICDTGPV</p>","","","training","","","","","","",""
"null","null","html-keyboard-response","455","1487719","0.0-17.0-0.43","67269f439696d166fbb74e09","69d7901e3430d13455efb336","69e64bfc4a837f70e9680240","<p style=""font-size: 60px; font-family: FragmentMono"">NXGQGLXG</p>","","","training","","","","","","",""
"null","null","html-keyboard-response","456","1488720","0.0-17.0-0.44","67269f439696d166fbb74e09","69d7901e3430d13455efb336","69e64bfc4a837f70e9680240","<p style=""font-size: 60px; font-family: FragmentMono"">CHTLQPBKN</p>","","","training","","","","","","",""
"null","null","html-keyboard-response","457","1489722","0.0-17.0-0.45","67269f439696d166fbb74e09","69d7901e3430d13455efb336","69e64bfc4a837f70e9680240","<p style=""font-size: 60px; font-family: FragmentMono"">YWQLAJBUD</p>","","","training","","","","","","",""
"null","null","html-keyboard-response","458","1490723","0.0-17.0-0.46","67269f439696d166fbb74e09","69d7901e3430d13455efb336","69e64bfc4a837f70e9680240","<p style=""font-size: 60px; font-family: FragmentMono"">PJPTITGPV</p>","","","training","","","","","","",""
"null","null","html-keyboard-response","459","1491725","0.0-17.0-0.47","67269f439696d166fbb74e09","69d7901e3430d13455efb336","69e64bfc4a837f70e9680240","<p style=""font-size: 60px; font-family: FragmentMono"">UYAFPZKS</p>","","","training","","","","","","",""
"null","null","html-keyboard-response","460","1492727","0.0-17.0-0.48","67269f439696d166fbb74e09","69d7901e3430d13455efb336","69e64bfc4a837f70e9680240","<p style=""font-size: 60px; font-family: FragmentMono"">YWQLATGPV</p>","","","training","","","","","","",""
"null","null","html-keyboard-response","461","1493729","0.0-17.0-0.49","67269f439696d166fbb74e09","69d7901e3430d13455efb336","69e64bfc4a837f70e9680240","<p style=""font-size: 60px; font-family: FragmentMono"">FHICDBZE</p>","","","training","","","","","","",""
"null","null","html-keyboard-response","462","1494730","0.0-17.0-0.50","67269f439696d166fbb74e09","69d7901e3430d13455efb336","69e64bfc4a837f70e9680240","<p style=""font-size: 60px; font-family: FragmentMono"">YIUGVDIS</p>","","","training","","","","","","",""
"null","null","html-keyboard-response","463","1495731","0.0-17.0-0.51","67269f439696d166fbb74e09","69d7901e3430d13455efb336","69e64bfc4a837f70e9680240","<p style=""font-size: 60px; font-family: FragmentMono"">MFELTGPV</p>","","","training","","","","","","",""
"null","null","html-keyboard-response","464","1496732","0.0-17.0-0.52","67269f439696d166fbb74e09","69d7901e3430d13455efb336","69e64bfc4a837f70e9680240","<p style=""font-size: 60px; font-family: FragmentMono"">YWQLAVDIS</p>","","","training","","","","","","",""
"null","null","html-keyboard-response","465","1497734","0.0-17.0-0.53","67269f439696d166fbb74e09","69d7901e3430d13455efb336","69e64bfc4a837f70e9680240","<p style=""font-size: 60px; font-family: FragmentMono"">JBNILXG</p>","","","training","","","","","","",""
"null","null","html-keyboard-response","466","1498735","0.0-17.0-0.54","67269f439696d166fbb74e09","69d7901e3430d13455efb336","69e64bfc4a837f70e9680240","<p style=""font-size: 60px; font-family: FragmentMono"">FSZRPBKN</p>","","","training","","","","","","",""
"null","null","html-keyboard-response","467","1499736","0.0-17.0-0.55","67269f439696d166fbb74e09","69d7901e3430d13455efb336","69e64bfc4a837f70e9680240","<p style=""font-size: 60px; font-family: FragmentMono"">EIEQNTGPV</p>","","","training","","","","","","",""
"null","null","html-keyboard-response","468","1500737","0.0-17.0-0.56","67269f439696d166fbb74e09","69d7901e3430d13455efb336","69e64bfc4a837f70e9680240","<p style=""font-size: 60px; font-family: FragmentMono"">UYAFLXG</p>","","","training","","","","","","",""
"null","null","html-keyboard-response","469","1501738","0.0-17.0-0.57","67269f439696d166fbb74e09","69d7901e3430d13455efb336","69e64bfc4a837f70e9680240","<p style=""font-size: 60px; font-family: FragmentMono"">EOSUXBZE</p>","","","training","","","","","","",""
"null","null","html-keyboard-response","470","1502741","0.0-17.0-0.58","67269f439696d166fbb74e09","69d7901e3430d13455efb336","69e64bfc4a837f70e9680240","<p style=""font-size: 60px; font-family: FragmentMono"">CQBFSPBKN</p>","","","training","","","","","","",""
"null","null","html-keyboard-response","471","1503743","0.0-17.0-0.59","67269f439696d166fbb74e09","69d7901e3430d13455efb336","69e64bfc4a837f70e9680240","<p style=""font-size: 60px; font-family: FragmentMono"">FSZRZQA</p>","","","training","","","","","","",""
"null","null","html-keyboard-response","472","1504744","0.0-17.0-0.60","67269f439696d166fbb74e09","69d7901e3430d13455efb336","69e64bfc4a837f70e9680240","<p style=""font-size: 60px; font-family: FragmentMono"">CHTLQLXG</p>","","","training","","","","","","",""
"null","null","html-keyboard-response","473","1505746","0.0-17.0-0.61","67269f439696d166fbb74e09","69d7901e3430d13455efb336","69e64bfc4a837f70e9680240","<p style=""font-size: 60px; font-family: FragmentMono"">NXGQGPBKN</p>","","","training","","","","","","",""
"null","null","html-keyboard-response","474","1506748","0.0-17.0-0.62","67269f439696d166fbb74e09","69d7901e3430d13455efb336","69e64bfc4a837f70e9680240","<p style=""font-size: 60px; font-family: FragmentMono"">SCEILXG</p>","","","training","","","","","","",""
"null","null","html-keyboard-response","475","1507749","0.0-17.0-0.63","67269f439696d166fbb74e09","69d7901e3430d13455efb336","69e64bfc4a837f70e9680240","<p style=""font-size: 60px; font-family: FragmentMono"">VNJVSTUXE</p>","","","training","","","","","","",""
"null","null","html-keyboard-response","476","1508750","0.0-17.0-0.64","67269f439696d166fbb74e09","69d7901e3430d13455efb336","69e64bfc4a837f70e9680240","<p style=""font-size: 60px; font-family: FragmentMono"">MFELJBUD</p>","","","training","","","","","","",""
"null","null","html-keyboard-response","477","1509751","0.0-17.0-0.65","67269f439696d166fbb74e09","69d7901e3430d13455efb336","69e64bfc4a837f70e9680240","<p style=""font-size: 60px; font-family: FragmentMono"">CELFXPBKN</p>","","","training","","","","","","",""
"null","null","html-keyboard-response","478","1510753","0.0-17.0-0.66","67269f439696d166fbb74e09","69d7901e3430d13455efb336","69e64bfc4a837f70e9680240","<p style=""font-size: 60px; font-family: FragmentMono"">RKXAHBZE</p>","","","training","","","","","","",""
"null","null","html-keyboard-response","479","1511755","0.0-17.0-0.67","67269f439696d166fbb74e09","69d7901e3430d13455efb336","69e64bfc4a837f70e9680240","<p style=""font-size: 60px; font-family: FragmentMono"">VNJVSPBKN</p>","","","training","","","","","","",""
"null","null","html-keyboard-response","480","1512756","0.0-17.0-0.68","67269f439696d166fbb74e09","69d7901e3430d13455efb336","69e64bfc4a837f70e9680240","<p style=""font-size: 60px; font-family: FragmentMono"">KVAQWQVZ</p>","","","training","","","","","","",""
"null","null","html-keyboard-response","481","1513757","0.0-17.0-0.69","67269f439696d166fbb74e09","69d7901e3430d13455efb336","69e64bfc4a837f70e9680240","<p style=""font-size: 60px; font-family: FragmentMono"">UYAFTUXE</p>","","","training","","","","","","",""
"null","null","html-keyboard-response","482","1514758","0.0-17.0-0.70","67269f439696d166fbb74e09","69d7901e3430d13455efb336","69e64bfc4a837f70e9680240","<p style=""font-size: 60px; font-family: FragmentMono"">VEVCHBZE</p>","","","training","","","","","","",""
"null","null","html-keyboard-response","483","1515759","0.0-17.0-0.71","67269f439696d166fbb74e09","69d7901e3430d13455efb336","69e64bfc4a837f70e9680240","<p style=""font-size: 60px; font-family: FragmentMono"">EOSUXJBUD</p>","","","training","","","","","","",""
"null","null","html-keyboard-response","484","1516761","0.0-17.0-0.72","67269f439696d166fbb74e09","69d7901e3430d13455efb336","69e64bfc4a837f70e9680240","<p style=""font-size: 60px; font-family: FragmentMono"">NXGQGZQA</p>","","","training","","","","","","",""
"null","null","html-keyboard-response","485","1517762","0.0-17.0-0.73","67269f439696d166fbb74e09","69d7901e3430d13455efb336","69e64bfc4a837f70e9680240","<p style=""font-size: 60px; font-family: FragmentMono"">TREHLXG</p>","","","training","","","","","","",""
"null","null","html-keyboard-response","486","1518765","0.0-17.0-0.74","67269f439696d166fbb74e09","69d7901e3430d13455efb336","69e64bfc4a837f70e9680240","<p style=""font-size: 60px; font-family: FragmentMono"">MFELBZE</p>","","","training","","","","","","",""
"null","null","html-keyboard-response","487","1519766","0.0-17.0-0.75","67269f439696d166fbb74e09","69d7901e3430d13455efb336","69e64bfc4a837f70e9680240","<p style=""font-size: 60px; font-family: FragmentMono"">KVAQWJBUD</p>","","","training","","","","","","",""
"null","null","html-keyboard-response","488","1520768","0.0-17.0-0.76","67269f439696d166fbb74e09","69d7901e3430d13455efb336","69e64bfc4a837f70e9680240","<p style=""font-size: 60px; font-family: FragmentMono"">FSZRTUXE</p>","","","training","","","","","","",""
"null","null","html-keyboard-response","489","1521769","0.0-17.0-0.77","67269f439696d166fbb74e09","69d7901e3430d13455efb336","69e64bfc4a837f70e9680240","<p style=""font-size: 60px; font-family: FragmentMono"">JBNIZQA</p>","","","training","","","","","","",""
"null","null","html-keyboard-response","490","1522771","0.0-17.0-0.78","67269f439696d166fbb74e09","69d7901e3430d13455efb336","69e64bfc4a837f70e9680240","<p style=""font-size: 60px; font-family: FragmentMono"">EIEQNBZE</p>","","","training","","","","","","",""
"null","null","html-keyboard-response","491","1523772","0.0-17.0-0.79","67269f439696d166fbb74e09","69d7901e3430d13455efb336","69e64bfc4a837f70e9680240","<p style=""font-size: 60px; font-family: FragmentMono"">TREHTUXE</p>","","","training","","","","","","",""
"8650"," ","html-keyboard-response","492","1532423","0.0-18.0","67269f439696d166fbb74e09","69d7901e3430d13455efb336","69e64bfc4a837f70e9680240","<p style=""font-size: 30px"">Great, you've seen the sixth block of words. You may now take a short break.</p>
      <p style=""font-size: 30px"">Press the spacebar when you're ready to continue.</p>","","","","","","","","","",""
"null","null","html-keyboard-response","493","1533425","0.0-19.0-0.0","67269f439696d166fbb74e09","69d7901e3430d13455efb336","69e64bfc4a837f70e9680240","<p style=""font-size: 60px; font-family: FragmentMono"">UYAFPZKS</p>","","","training","","","","","","",""
"null","null","html-keyboard-response","494","1534426","0.0-19.0-0.1","67269f439696d166fbb74e09","69d7901e3430d13455efb336","69e64bfc4a837f70e9680240","<p style=""font-size: 60px; font-family: FragmentMono"">RKXAHJBUD</p>","","","training","","","","","","",""
"null","null","html-keyboard-response","495","1535428","0.0-19.0-0.2","67269f439696d166fbb74e09","69d7901e3430d13455efb336","69e64bfc4a837f70e9680240","<p style=""font-size: 60px; font-family: FragmentMono"">MFELBZE</p>","","","training","","","","","","",""
"null","null","html-keyboard-response","496","1536430","0.0-19.0-0.3","67269f439696d166fbb74e09","69d7901e3430d13455efb336","69e64bfc4a837f70e9680240","<p style=""font-size: 60px; font-family: FragmentMono"">UYAFPBKN</p>","","","training","","","","","","",""
"null","null","html-keyboard-response","497","1537431","0.0-19.0-0.4","67269f439696d166fbb74e09","69d7901e3430d13455efb336","69e64bfc4a837f70e9680240","<p style=""font-size: 60px; font-family: FragmentMono"">FSZRTUXE</p>","","","training","","","","","","",""
"null","null","html-keyboard-response","498","1538432","0.0-19.0-0.5","67269f439696d166fbb74e09","69d7901e3430d13455efb336","69e64bfc4a837f70e9680240","<p style=""font-size: 60px; font-family: FragmentMono"">FHICDJBUD</p>","","","training","","","","","","",""
"null","null","html-keyboard-response","499","1539433","0.0-19.0-0.6","67269f439696d166fbb74e09","69d7901e3430d13455efb336","69e64bfc4a837f70e9680240","<p style=""font-size: 60px; font-family: FragmentMono"">EIEQNQVZ</p>","","","training","","","","","","",""
"null","null","html-keyboard-response","500","1540434","0.0-19.0-0.7","67269f439696d166fbb74e09","69d7901e3430d13455efb336","69e64bfc4a837f70e9680240","<p style=""font-size: 60px; font-family: FragmentMono"">VNJVSTUXE</p>","","","training","","","","","","",""
"null","null","html-keyboard-response","501","1541436","0.0-19.0-0.8","67269f439696d166fbb74e09","69d7901e3430d13455efb336","69e64bfc4a837f70e9680240","<p style=""font-size: 60px; font-family: FragmentMono"">VEVCHQVZ</p>","","","training","","","","","","",""
"null","null","html-keyboard-response","502","1542437","0.0-19.0-0.9","67269f439696d166fbb74e09","69d7901e3430d13455efb336","69e64bfc4a837f70e9680240","<p style=""font-size: 60px; font-family: FragmentMono"">FHICDBZE</p>","","","training","","","","","","",""
"null","null","html-keyboard-response","503","1543439","0.0-19.0-0.10","67269f439696d166fbb74e09","69d7901e3430d13455efb336","69e64bfc4a837f70e9680240","<p style=""font-size: 60px; font-family: FragmentMono"">VEVCHTGPV</p>","","","training","","","","","","",""
"null","null","html-keyboard-response","504","1544441","0.0-19.0-0.11","67269f439696d166fbb74e09","69d7901e3430d13455efb336","69e64bfc4a837f70e9680240","<p style=""font-size: 60px; font-family: FragmentMono"">CQBFSPBKN</p>","","","training","","","","","","",""
"null","null","html-keyboard-response","505","1545442","0.0-19.0-0.12","67269f439696d166fbb74e09","69d7901e3430d13455efb336","69e64bfc4a837f70e9680240","<p style=""font-size: 60px; font-family: FragmentMono"">TREHZQA</p>","","","training","","","","","","",""
"null","null","html-keyboard-response","506","1546444","0.0-19.0-0.13","67269f439696d166fbb74e09","69d7901e3430d13455efb336","69e64bfc4a837f70e9680240","<p style=""font-size: 60px; font-family: FragmentMono"">FHICDQVZ</p>","","","training","","","","","","",""
"null","null","html-keyboard-response","507","1547444","0.0-19.0-0.14","67269f439696d166fbb74e09","69d7901e3430d13455efb336","69e64bfc4a837f70e9680240","<p style=""font-size: 60px; font-family: FragmentMono"">VEVCHVDIS</p>","","","training","","","","","","",""
"null","null","html-keyboard-response","508","1548446","0.0-19.0-0.15","67269f439696d166fbb74e09","69d7901e3430d13455efb336","69e64bfc4a837f70e9680240","<p style=""font-size: 60px; font-family: FragmentMono"">YWQLATGPV</p>","","","training","","","","","","",""
"null","null","html-keyboard-response","509","1549448","0.0-19.0-0.16","67269f439696d166fbb74e09","69d7901e3430d13455efb336","69e64bfc4a837f70e9680240","<p style=""font-size: 60px; font-family: FragmentMono"">VNJVSZQA</p>","","","training","","","","","","",""
"null","null","html-keyboard-response","510","1550450","0.0-19.0-0.17","67269f439696d166fbb74e09","69d7901e3430d13455efb336","69e64bfc4a837f70e9680240","<p style=""font-size: 60px; font-family: FragmentMono"">YIUGJBUD</p>","","","training","","","","","","",""
"null","null","html-keyboard-response","511","1551452","0.0-19.0-0.18","67269f439696d166fbb74e09","69d7901e3430d13455efb336","69e64bfc4a837f70e9680240","<p style=""font-size: 60px; font-family: FragmentMono"">UYAFLXG</p>","","","training","","","","","","",""
"null","null","html-keyboard-response","512","1552453","0.0-19.0-0.19","67269f439696d166fbb74e09","69d7901e3430d13455efb336","69e64bfc4a837f70e9680240","<p style=""font-size: 60px; font-family: FragmentMono"">JBNITUXE</p>","","","training","","","","","","",""
"null","null","html-keyboard-response","513","1553454","0.0-19.0-0.20","67269f439696d166fbb74e09","69d7901e3430d13455efb336","69e64bfc4a837f70e9680240","<p style=""font-size: 60px; font-family: FragmentMono"">YIUGVDIS</p>","","","training","","","","","","",""
"null","null","html-keyboard-response","514","1554455","0.0-19.0-0.21","67269f439696d166fbb74e09","69d7901e3430d13455efb336","69e64bfc4a837f70e9680240","<p style=""font-size: 60px; font-family: FragmentMono"">SCEIZQA</p>","","","training","","","","","","",""
"null","null","html-keyboard-response","515","1555456","0.0-19.0-0.22","67269f439696d166fbb74e09","69d7901e3430d13455efb336","69e64bfc4a837f70e9680240","<p style=""font-size: 60px; font-family: FragmentMono"">KVAQWJBUD</p>","","","training","","","","","","",""
"null","null","html-keyboard-response","516","1556457","0.0-19.0-0.23","67269f439696d166fbb74e09","69d7901e3430d13455efb336","69e64bfc4a837f70e9680240","<p style=""font-size: 60px; font-family: FragmentMono"">VNJVSPZKS</p>","","","training","","","","","","",""
"null","null","html-keyboard-response","517","1557458","0.0-19.0-0.24","67269f439696d166fbb74e09","69d7901e3430d13455efb336","69e64bfc4a837f70e9680240","<p style=""font-size: 60px; font-family: FragmentMono"">NXGQGLXG</p>","","","training","","","","","","",""
"null","null","html-keyboard-response","518","1558459","0.0-19.0-0.25","67269f439696d166fbb74e09","69d7901e3430d13455efb336","69e64bfc4a837f70e9680240","<p style=""font-size: 60px; font-family: FragmentMono"">CHTLQZQA</p>","","","training","","","","","","",""
"null","null","html-keyboard-response","519","1559460","0.0-19.0-0.26","67269f439696d166fbb74e09","69d7901e3430d13455efb336","69e64bfc4a837f70e9680240","<p style=""font-size: 60px; font-family: FragmentMono"">CELFXTUXE</p>","","","training","","","","","","",""
"null","null","html-keyboard-response","520","1560463","0.0-19.0-0.27","67269f439696d166fbb74e09","69d7901e3430d13455efb336","69e64bfc4a837f70e9680240","<p style=""font-size: 60px; font-family: FragmentMono"">YWQLAJBUD</p>","","","training","","","","","","",""
"null","null","html-keyboard-response","521","1561464","0.0-19.0-0.28","67269f439696d166fbb74e09","69d7901e3430d13455efb336","69e64bfc4a837f70e9680240","<p style=""font-size: 60px; font-family: FragmentMono"">TREHTUXE</p>","","","training","","","","","","",""
"null","null","html-keyboard-response","522","1562465","0.0-19.0-0.29","67269f439696d166fbb74e09","69d7901e3430d13455efb336","69e64bfc4a837f70e9680240","<p style=""font-size: 60px; font-family: FragmentMono"">FHICDTGPV</p>","","","training","","","","","","",""
"null","null","html-keyboard-response","523","1563467","0.0-19.0-0.30","67269f439696d166fbb74e09","69d7901e3430d13455efb336","69e64bfc4a837f70e9680240","<p style=""font-size: 60px; font-family: FragmentMono"">FSZRZQA</p>","","","training","","","","","","",""
"null","null","html-keyboard-response","524","1564469","0.0-19.0-0.31","67269f439696d166fbb74e09","69d7901e3430d13455efb336","69e64bfc4a837f70e9680240","<p style=""font-size: 60px; font-family: FragmentMono"">RKXAHQVZ</p>","","","training","","","","","","",""
"null","null","html-keyboard-response","525","1565470","0.0-19.0-0.32","67269f439696d166fbb74e09","69d7901e3430d13455efb336","69e64bfc4a837f70e9680240","<p style=""font-size: 60px; font-family: FragmentMono"">TREHLXG</p>","","","training","","","","","","",""
"null","null","html-keyboard-response","526","1566472","0.0-19.0-0.33","67269f439696d166fbb74e09","69d7901e3430d13455efb336","69e64bfc4a837f70e9680240","<p style=""font-size: 60px; font-family: FragmentMono"">KVAQWBZE</p>","","","training","","","","","","",""
"null","null","html-keyboard-response","527","1567474","0.0-19.0-0.34","67269f439696d166fbb74e09","69d7901e3430d13455efb336","69e64bfc4a837f70e9680240","<p style=""font-size: 60px; font-family: FragmentMono"">YIUGTGPV</p>","","","training","","","","","","",""
"null","null","html-keyboard-response","528","1568476","0.0-19.0-0.35","67269f439696d166fbb74e09","69d7901e3430d13455efb336","69e64bfc4a837f70e9680240","<p style=""font-size: 60px; font-family: FragmentMono"">MFELVDIS</p>","","","training","","","","","","",""
"null","null","html-keyboard-response","529","1569477","0.0-19.0-0.36","67269f439696d166fbb74e09","69d7901e3430d13455efb336","69e64bfc4a837f70e9680240","<p style=""font-size: 60px; font-family: FragmentMono"">EOSUXTGPV</p>","","","training","","","","","","",""
"null","null","html-keyboard-response","530","1570479","0.0-19.0-0.37","67269f439696d166fbb74e09","69d7901e3430d13455efb336","69e64bfc4a837f70e9680240","<p style=""font-size: 60px; font-family: FragmentMono"">YIUGQVZ</p>","","","training","","","","","","",""
"null","null","html-keyboard-response","531","1571480","0.0-19.0-0.38","67269f439696d166fbb74e09","69d7901e3430d13455efb336","69e64bfc4a837f70e9680240","<p style=""font-size: 60px; font-family: FragmentMono"">JBNIPBKN</p>","","","training","","","","","","",""
"null","null","html-keyboard-response","532","1572481","0.0-19.0-0.39","67269f439696d166fbb74e09","69d7901e3430d13455efb336","69e64bfc4a837f70e9680240","<p style=""font-size: 60px; font-family: FragmentMono"">UYAFTUXE</p>","","","training","","","","","","",""
"null","null","html-keyboard-response","533","1573483","0.0-19.0-0.40","67269f439696d166fbb74e09","69d7901e3430d13455efb336","69e64bfc4a837f70e9680240","<p style=""font-size: 60px; font-family: FragmentMono"">PJPTITGPV</p>","","","training","","","","","","",""
"null","null","html-keyboard-response","534","1574484","0.0-19.0-0.41","67269f439696d166fbb74e09","69d7901e3430d13455efb336","69e64bfc4a837f70e9680240","<p style=""font-size: 60px; font-family: FragmentMono"">MFELJBUD</p>","","","training","","","","","","",""
"null","null","html-keyboard-response","535","1575485","0.0-19.0-0.42","67269f439696d166fbb74e09","69d7901e3430d13455efb336","69e64bfc4a837f70e9680240","<p style=""font-size: 60px; font-family: FragmentMono"">SCEIPZKS</p>","","","training","","","","","","",""
"null","null","html-keyboard-response","536","1576486","0.0-19.0-0.43","67269f439696d166fbb74e09","69d7901e3430d13455efb336","69e64bfc4a837f70e9680240","<p style=""font-size: 60px; font-family: FragmentMono"">FSZRPBKN</p>","","","training","","","","","","",""
"null","null","html-keyboard-response","537","1577488","0.0-19.0-0.44","67269f439696d166fbb74e09","69d7901e3430d13455efb336","69e64bfc4a837f70e9680240","<p style=""font-size: 60px; font-family: FragmentMono"">CQBFSLXG</p>","","","training","","","","","","",""
"null","null","html-keyboard-response","538","1578489","0.0-19.0-0.45","67269f439696d166fbb74e09","69d7901e3430d13455efb336","69e64bfc4a837f70e9680240","<p style=""font-size: 60px; font-family: FragmentMono"">KVAQWQVZ</p>","","","training","","","","","","",""
"null","null","html-keyboard-response","539","1579491","0.0-19.0-0.46","67269f439696d166fbb74e09","69d7901e3430d13455efb336","69e64bfc4a837f70e9680240","<p style=""font-size: 60px; font-family: FragmentMono"">CELFXPZKS</p>","","","training","","","","","","",""
"null","null","html-keyboard-response","540","1580492","0.0-19.0-0.47","67269f439696d166fbb74e09","69d7901e3430d13455efb336","69e64bfc4a837f70e9680240","<p style=""font-size: 60px; font-family: FragmentMono"">EIEQNTGPV</p>","","","training","","","","","","",""
"null","null","html-keyboard-response","541","1581493","0.0-19.0-0.48","67269f439696d166fbb74e09","69d7901e3430d13455efb336","69e64bfc4a837f70e9680240","<p style=""font-size: 60px; font-family: FragmentMono"">YWQLAVDIS</p>","","","training","","","","","","",""
"null","null","html-keyboard-response","542","1582495","0.0-19.0-0.49","67269f439696d166fbb74e09","69d7901e3430d13455efb336","69e64bfc4a837f70e9680240","<p style=""font-size: 60px; font-family: FragmentMono"">PJPTIQVZ</p>","","","training","","","","","","",""
"null","null","html-keyboard-response","543","1583496","0.0-19.0-0.50","67269f439696d166fbb74e09","69d7901e3430d13455efb336","69e64bfc4a837f70e9680240","<p style=""font-size: 60px; font-family: FragmentMono"">EIEQNBZE</p>","","","training","","","","","","",""
"null","null","html-keyboard-response","544","1584499","0.0-19.0-0.51","67269f439696d166fbb74e09","69d7901e3430d13455efb336","69e64bfc4a837f70e9680240","<p style=""font-size: 60px; font-family: FragmentMono"">SCEILXG</p>","","","training","","","","","","",""
"null","null","html-keyboard-response","545","1585501","0.0-19.0-0.52","67269f439696d166fbb74e09","69d7901e3430d13455efb336","69e64bfc4a837f70e9680240","<p style=""font-size: 60px; font-family: FragmentMono"">EIEQNJBUD</p>","","","training","","","","","","",""
"null","null","html-keyboard-response","546","1586503","0.0-19.0-0.53","67269f439696d166fbb74e09","69d7901e3430d13455efb336","69e64bfc4a837f70e9680240","<p style=""font-size: 60px; font-family: FragmentMono"">JBNIZQA</p>","","","training","","","","","","",""
"null","null","html-keyboard-response","547","1587505","0.0-19.0-0.54","67269f439696d166fbb74e09","69d7901e3430d13455efb336","69e64bfc4a837f70e9680240","<p style=""font-size: 60px; font-family: FragmentMono"">EOSUXVDIS</p>","","","training","","","","","","",""
"null","null","html-keyboard-response","548","1588507","0.0-19.0-0.55","67269f439696d166fbb74e09","69d7901e3430d13455efb336","69e64bfc4a837f70e9680240","<p style=""font-size: 60px; font-family: FragmentMono"">SCEITUXE</p>","","","training","","","","","","",""
"null","null","html-keyboard-response","549","1589508","0.0-19.0-0.56","67269f439696d166fbb74e09","69d7901e3430d13455efb336","69e64bfc4a837f70e9680240","<p style=""font-size: 60px; font-family: FragmentMono"">CHTLQLXG</p>","","","training","","","","","","",""
"null","null","html-keyboard-response","550","1590510","0.0-19.0-0.57","67269f439696d166fbb74e09","69d7901e3430d13455efb336","69e64bfc4a837f70e9680240","<p style=""font-size: 60px; font-family: FragmentMono"">VNJVSPBKN</p>","","","training","","","","","","",""
"null","null","html-keyboard-response","551","1591512","0.0-19.0-0.58","67269f439696d166fbb74e09","69d7901e3430d13455efb336","69e64bfc4a837f70e9680240","<p style=""font-size: 60px; font-family: FragmentMono"">JBNILXG</p>","","","training","","","","","","",""
"null","null","html-keyboard-response","552","1592513","0.0-19.0-0.59","67269f439696d166fbb74e09","69d7901e3430d13455efb336","69e64bfc4a837f70e9680240","<p style=""font-size: 60px; font-family: FragmentMono"">MFELTGPV</p>","","","training","","","","","","",""
"null","null","html-keyboard-response","553","1593514","0.0-19.0-0.60","67269f439696d166fbb74e09","69d7901e3430d13455efb336","69e64bfc4a837f70e9680240","<p style=""font-size: 60px; font-family: FragmentMono"">VEVCHBZE</p>","","","training","","","","","","",""
"null","null","html-keyboard-response","554","1594516","0.0-19.0-0.61","67269f439696d166fbb74e09","69d7901e3430d13455efb336","69e64bfc4a837f70e9680240","<p style=""font-size: 60px; font-family: FragmentMono"">CELFXPBKN</p>","","","training","","","","","","",""
"null","null","html-keyboard-response","555","1595517","0.0-19.0-0.62","67269f439696d166fbb74e09","69d7901e3430d13455efb336","69e64bfc4a837f70e9680240","<p style=""font-size: 60px; font-family: FragmentMono"">NXGQGZQA</p>","","","training","","","","","","",""
"null","null","html-keyboard-response","556","1596518","0.0-19.0-0.63","67269f439696d166fbb74e09","69d7901e3430d13455efb336","69e64bfc4a837f70e9680240","<p style=""font-size: 60px; font-family: FragmentMono"">EOSUXJBUD</p>","","","training","","","","","","",""
"null","null","html-keyboard-response","557","1597519","0.0-19.0-0.64","67269f439696d166fbb74e09","69d7901e3430d13455efb336","69e64bfc4a837f70e9680240","<p style=""font-size: 60px; font-family: FragmentMono"">NXGQGPBKN</p>","","","training","","","","","","",""
"null","null","html-keyboard-response","558","1598521","0.0-19.0-0.65","67269f439696d166fbb74e09","69d7901e3430d13455efb336","69e64bfc4a837f70e9680240","<p style=""font-size: 60px; font-family: FragmentMono"">CQBFSZQA</p>","","","training","","","","","","",""
"null","null","html-keyboard-response","559","1599523","0.0-19.0-0.66","67269f439696d166fbb74e09","69d7901e3430d13455efb336","69e64bfc4a837f70e9680240","<p style=""font-size: 60px; font-family: FragmentMono"">KVAQWVDIS</p>","","","training","","","","","","",""
"null","null","html-keyboard-response","560","1600524","0.0-19.0-0.67","67269f439696d166fbb74e09","69d7901e3430d13455efb336","69e64bfc4a837f70e9680240","<p style=""font-size: 60px; font-family: FragmentMono"">CQBFSPZKS</p>","","","training","","","","","","",""
"null","null","html-keyboard-response","561","1601526","0.0-19.0-0.68","67269f439696d166fbb74e09","69d7901e3430d13455efb336","69e64bfc4a837f70e9680240","<p style=""font-size: 60px; font-family: FragmentMono"">RKXAHBZE</p>","","","training","","","","","","",""
"null","null","html-keyboard-response","562","1602527","0.0-19.0-0.69","67269f439696d166fbb74e09","69d7901e3430d13455efb336","69e64bfc4a837f70e9680240","<p style=""font-size: 60px; font-family: FragmentMono"">YWQLAQVZ</p>","","","training","","","","","","",""
"null","null","html-keyboard-response","563","1603529","0.0-19.0-0.70","67269f439696d166fbb74e09","69d7901e3430d13455efb336","69e64bfc4a837f70e9680240","<p style=""font-size: 60px; font-family: FragmentMono"">CELFXLXG</p>","","","training","","","","","","",""
"null","null","html-keyboard-response","564","1604530","0.0-19.0-0.71","67269f439696d166fbb74e09","69d7901e3430d13455efb336","69e64bfc4a837f70e9680240","<p style=""font-size: 60px; font-family: FragmentMono"">PJPTIBZE</p>","","","training","","","","","","",""
"null","null","html-keyboard-response","565","1605531","0.0-19.0-0.72","67269f439696d166fbb74e09","69d7901e3430d13455efb336","69e64bfc4a837f70e9680240","<p style=""font-size: 60px; font-family: FragmentMono"">TREHPZKS</p>","","","training","","","","","","",""
"null","null","html-keyboard-response","566","1606532","0.0-19.0-0.73","67269f439696d166fbb74e09","69d7901e3430d13455efb336","69e64bfc4a837f70e9680240","<p style=""font-size: 60px; font-family: FragmentMono"">RKXAHVDIS</p>","","","training","","","","","","",""
"null","null","html-keyboard-response","567","1607534","0.0-19.0-0.74","67269f439696d166fbb74e09","69d7901e3430d13455efb336","69e64bfc4a837f70e9680240","<p style=""font-size: 60px; font-family: FragmentMono"">CHTLQPBKN</p>","","","training","","","","","","",""
"null","null","html-keyboard-response","568","1608536","0.0-19.0-0.75","67269f439696d166fbb74e09","69d7901e3430d13455efb336","69e64bfc4a837f70e9680240","<p style=""font-size: 60px; font-family: FragmentMono"">FSZRPZKS</p>","","","training","","","","","","",""
"null","null","html-keyboard-response","569","1609537","0.0-19.0-0.76","67269f439696d166fbb74e09","69d7901e3430d13455efb336","69e64bfc4a837f70e9680240","<p style=""font-size: 60px; font-family: FragmentMono"">CHTLQTUXE</p>","","","training","","","","","","",""
"null","null","html-keyboard-response","570","1610538","0.0-19.0-0.77","67269f439696d166fbb74e09","69d7901e3430d13455efb336","69e64bfc4a837f70e9680240","<p style=""font-size: 60px; font-family: FragmentMono"">PJPTIVDIS</p>","","","training","","","","","","",""
"null","null","html-keyboard-response","571","1611540","0.0-19.0-0.78","67269f439696d166fbb74e09","69d7901e3430d13455efb336","69e64bfc4a837f70e9680240","<p style=""font-size: 60px; font-family: FragmentMono"">NXGQGPZKS</p>","","","training","","","","","","",""
"null","null","html-keyboard-response","572","1612542","0.0-19.0-0.79","67269f439696d166fbb74e09","69d7901e3430d13455efb336","69e64bfc4a837f70e9680240","<p style=""font-size: 60px; font-family: FragmentMono"">EOSUXBZE</p>","","","training","","","","","","",""
"3416"," ","html-keyboard-response","573","1615959","0.0-20.0","67269f439696d166fbb74e09","69d7901e3430d13455efb336","69e64bfc4a837f70e9680240","<p style=""font-size: 30px"">Great, you've seen the seventh block of words. You may now take a short break.</p>
      <p style=""font-size: 30px"">Press the spacebar when you're ready to continue.</p>","","","","","","","","","",""
"null","null","html-keyboard-response","574","1616960","0.0-21.0-0.0","67269f439696d166fbb74e09","69d7901e3430d13455efb336","69e64bfc4a837f70e9680240","<p style=""font-size: 60px; font-family: FragmentMono"">VEVCHQVZ</p>","","","training","","","","","","",""
"null","null","html-keyboard-response","575","1617961","0.0-21.0-0.1","67269f439696d166fbb74e09","69d7901e3430d13455efb336","69e64bfc4a837f70e9680240","<p style=""font-size: 60px; font-family: FragmentMono"">VNJVSZQA</p>","","","training","","","","","","",""
"null","null","html-keyboard-response","576","1618963","0.0-21.0-0.2","67269f439696d166fbb74e09","69d7901e3430d13455efb336","69e64bfc4a837f70e9680240","<p style=""font-size: 60px; font-family: FragmentMono"">NXGQGLXG</p>","","","training","","","","","","",""
"null","null","html-keyboard-response","577","1619964","0.0-21.0-0.3","67269f439696d166fbb74e09","69d7901e3430d13455efb336","69e64bfc4a837f70e9680240","<p style=""font-size: 60px; font-family: FragmentMono"">YWQLATGPV</p>","","","training","","","","","","",""
"null","null","html-keyboard-response","578","1620967","0.0-21.0-0.4","67269f439696d166fbb74e09","69d7901e3430d13455efb336","69e64bfc4a837f70e9680240","<p style=""font-size: 60px; font-family: FragmentMono"">VNJVSTUXE</p>","","","training","","","","","","",""
"null","null","html-keyboard-response","579","1621969","0.0-21.0-0.5","67269f439696d166fbb74e09","69d7901e3430d13455efb336","69e64bfc4a837f70e9680240","<p style=""font-size: 60px; font-family: FragmentMono"">NXGQGPBKN</p>","","","training","","","","","","",""
"null","null","html-keyboard-response","580","1622972","0.0-21.0-0.6","67269f439696d166fbb74e09","69d7901e3430d13455efb336","69e64bfc4a837f70e9680240","<p style=""font-size: 60px; font-family: FragmentMono"">RKXAHBZE</p>","","","training","","","","","","",""
"null","null","html-keyboard-response","581","1623974","0.0-21.0-0.7","67269f439696d166fbb74e09","69d7901e3430d13455efb336","69e64bfc4a837f70e9680240","<p style=""font-size: 60px; font-family: FragmentMono"">CQBFSLXG</p>","","","training","","","","","","",""
"null","null","html-keyboard-response","582","1624974","0.0-21.0-0.8","67269f439696d166fbb74e09","69d7901e3430d13455efb336","69e64bfc4a837f70e9680240","<p style=""font-size: 60px; font-family: FragmentMono"">YWQLAJBUD</p>","","","training","","","","","","",""
"null","null","html-keyboard-response","583","1625975","0.0-21.0-0.9","67269f439696d166fbb74e09","69d7901e3430d13455efb336","69e64bfc4a837f70e9680240","<p style=""font-size: 60px; font-family: FragmentMono"">CQBFSPBKN</p>","","","training","","","","","","",""
"null","null","html-keyboard-response","584","1626977","0.0-21.0-0.10","67269f439696d166fbb74e09","69d7901e3430d13455efb336","69e64bfc4a837f70e9680240","<p style=""font-size: 60px; font-family: FragmentMono"">MFELJBUD</p>","","","training","","","","","","",""
"null","null","html-keyboard-response","585","1627979","0.0-21.0-0.11","67269f439696d166fbb74e09","69d7901e3430d13455efb336","69e64bfc4a837f70e9680240","<p style=""font-size: 60px; font-family: FragmentMono"">PJPTIVDIS</p>","","","training","","","","","","",""
"null","null","html-keyboard-response","586","1628981","0.0-21.0-0.12","67269f439696d166fbb74e09","69d7901e3430d13455efb336","69e64bfc4a837f70e9680240","<p style=""font-size: 60px; font-family: FragmentMono"">YIUGJBUD</p>","","","training","","","","","","",""
"null","null","html-keyboard-response","587","1629983","0.0-21.0-0.13","67269f439696d166fbb74e09","69d7901e3430d13455efb336","69e64bfc4a837f70e9680240","<p style=""font-size: 60px; font-family: FragmentMono"">TREHLXG</p>","","","training","","","","","","",""
"null","null","html-keyboard-response","588","1630983","0.0-21.0-0.14","67269f439696d166fbb74e09","69d7901e3430d13455efb336","69e64bfc4a837f70e9680240","<p style=""font-size: 60px; font-family: FragmentMono"">JBNITUXE</p>","","","training","","","","","","",""
"null","null","html-keyboard-response","589","1631984","0.0-21.0-0.15","67269f439696d166fbb74e09","69d7901e3430d13455efb336","69e64bfc4a837f70e9680240","<p style=""font-size: 60px; font-family: FragmentMono"">EIEQNBZE</p>","","","training","","","","","","",""
"null","null","html-keyboard-response","590","1632986","0.0-21.0-0.16","67269f439696d166fbb74e09","69d7901e3430d13455efb336","69e64bfc4a837f70e9680240","<p style=""font-size: 60px; font-family: FragmentMono"">JBNILXG</p>","","","training","","","","","","",""
"null","null","html-keyboard-response","591","1633988","0.0-21.0-0.17","67269f439696d166fbb74e09","69d7901e3430d13455efb336","69e64bfc4a837f70e9680240","<p style=""font-size: 60px; font-family: FragmentMono"">SCEITUXE</p>","","","training","","","","","","",""
"null","null","html-keyboard-response","592","1634990","0.0-21.0-0.18","67269f439696d166fbb74e09","69d7901e3430d13455efb336","69e64bfc4a837f70e9680240","<p style=""font-size: 60px; font-family: FragmentMono"">UYAFPBKN</p>","","","training","","","","","","",""
"null","null","html-keyboard-response","593","1635991","0.0-21.0-0.19","67269f439696d166fbb74e09","69d7901e3430d13455efb336","69e64bfc4a837f70e9680240","<p style=""font-size: 60px; font-family: FragmentMono"">RKXAHQVZ</p>","","","training","","","","","","",""
"null","null","html-keyboard-response","594","1636993","0.0-21.0-0.20","67269f439696d166fbb74e09","69d7901e3430d13455efb336","69e64bfc4a837f70e9680240","<p style=""font-size: 60px; font-family: FragmentMono"">VEVCHBZE</p>","","","training","","","","","","",""
"null","null","html-keyboard-response","595","1637994","0.0-21.0-0.21","67269f439696d166fbb74e09","69d7901e3430d13455efb336","69e64bfc4a837f70e9680240","<p style=""font-size: 60px; font-family: FragmentMono"">KVAQWJBUD</p>","","","training","","","","","","",""
"null","null","html-keyboard-response","596","1638995","0.0-21.0-0.22","67269f439696d166fbb74e09","69d7901e3430d13455efb336","69e64bfc4a837f70e9680240","<p style=""font-size: 60px; font-family: FragmentMono"">EOSUXBZE</p>","","","training","","","","","","",""
"null","null","html-keyboard-response","597","1639996","0.0-21.0-0.23","67269f439696d166fbb74e09","69d7901e3430d13455efb336","69e64bfc4a837f70e9680240","<p style=""font-size: 60px; font-family: FragmentMono"">EIEQNQVZ</p>","","","training","","","","","","",""
"null","null","html-keyboard-response","598","1640998","0.0-21.0-0.24","67269f439696d166fbb74e09","69d7901e3430d13455efb336","69e64bfc4a837f70e9680240","<p style=""font-size: 60px; font-family: FragmentMono"">UYAFLXG</p>","","","training","","","","","","",""
"null","null","html-keyboard-response","599","1641999","0.0-21.0-0.25","67269f439696d166fbb74e09","69d7901e3430d13455efb336","69e64bfc4a837f70e9680240","<p style=""font-size: 60px; font-family: FragmentMono"">JBNIZQA</p>","","","training","","","","","","",""
"null","null","html-keyboard-response","600","1643002","0.0-21.0-0.26","67269f439696d166fbb74e09","69d7901e3430d13455efb336","69e64bfc4a837f70e9680240","<p style=""font-size: 60px; font-family: FragmentMono"">SCEIPZKS</p>","","","training","","","","","","",""
"null","null","html-keyboard-response","601","1644004","0.0-21.0-0.27","67269f439696d166fbb74e09","69d7901e3430d13455efb336","69e64bfc4a837f70e9680240","<p style=""font-size: 60px; font-family: FragmentMono"">CHTLQLXG</p>","","","training","","","","","","",""
"null","null","html-keyboard-response","602","1645006","0.0-21.0-0.28","67269f439696d166fbb74e09","69d7901e3430d13455efb336","69e64bfc4a837f70e9680240","<p style=""font-size: 60px; font-family: FragmentMono"">TREHPZKS</p>","","","training","","","","","","",""
"null","null","html-keyboard-response","603","1646007","0.0-21.0-0.29","67269f439696d166fbb74e09","69d7901e3430d13455efb336","69e64bfc4a837f70e9680240","<p style=""font-size: 60px; font-family: FragmentMono"">RKXAHJBUD</p>","","","training","","","","","","",""
"null","null","html-keyboard-response","604","1647008","0.0-21.0-0.30","67269f439696d166fbb74e09","69d7901e3430d13455efb336","69e64bfc4a837f70e9680240","<p style=""font-size: 60px; font-family: FragmentMono"">VNJVSPZKS</p>","","","training","","","","","","",""
"null","null","html-keyboard-response","605","1648010","0.0-21.0-0.31","67269f439696d166fbb74e09","69d7901e3430d13455efb336","69e64bfc4a837f70e9680240","<p style=""font-size: 60px; font-family: FragmentMono"">TREHTUXE</p>","","","training","","","","","","",""
"null","null","html-keyboard-response","606","1649013","0.0-21.0-0.32","67269f439696d166fbb74e09","69d7901e3430d13455efb336","69e64bfc4a837f70e9680240","<p style=""font-size: 60px; font-family: FragmentMono"">YWQLAQVZ</p>","","","training","","","","","","",""
"null","null","html-keyboard-response","607","1650014","0.0-21.0-0.33","67269f439696d166fbb74e09","69d7901e3430d13455efb336","69e64bfc4a837f70e9680240","<p style=""font-size: 60px; font-family: FragmentMono"">CQBFSZQA</p>","","","training","","","","","","",""
"null","null","html-keyboard-response","608","1651015","0.0-21.0-0.34","67269f439696d166fbb74e09","69d7901e3430d13455efb336","69e64bfc4a837f70e9680240","<p style=""font-size: 60px; font-family: FragmentMono"">VNJVSPBKN</p>","","","training","","","","","","",""
"null","null","html-keyboard-response","609","1652017","0.0-21.0-0.35","67269f439696d166fbb74e09","69d7901e3430d13455efb336","69e64bfc4a837f70e9680240","<p style=""font-size: 60px; font-family: FragmentMono"">YIUGVDIS</p>","","","training","","","","","","",""
"null","null","html-keyboard-response","610","1653018","0.0-21.0-0.36","67269f439696d166fbb74e09","69d7901e3430d13455efb336","69e64bfc4a837f70e9680240","<p style=""font-size: 60px; font-family: FragmentMono"">NXGQGZQA</p>","","","training","","","","","","",""
"null","null","html-keyboard-response","611","1654020","0.0-21.0-0.37","67269f439696d166fbb74e09","69d7901e3430d13455efb336","69e64bfc4a837f70e9680240","<p style=""font-size: 60px; font-family: FragmentMono"">CELFXPZKS</p>","","","training","","","","","","",""
"null","null","html-keyboard-response","612","1655022","0.0-21.0-0.38","67269f439696d166fbb74e09","69d7901e3430d13455efb336","69e64bfc4a837f70e9680240","<p style=""font-size: 60px; font-family: FragmentMono"">JBNIPBKN</p>","","","training","","","","","","",""
"null","null","html-keyboard-response","613","1656024","0.0-21.0-0.39","67269f439696d166fbb74e09","69d7901e3430d13455efb336","69e64bfc4a837f70e9680240","<p style=""font-size: 60px; font-family: FragmentMono"">KVAQWQVZ</p>","","","training","","","","","","",""
"null","null","html-keyboard-response","614","1657026","0.0-21.0-0.40","67269f439696d166fbb74e09","69d7901e3430d13455efb336","69e64bfc4a837f70e9680240","<p style=""font-size: 60px; font-family: FragmentMono"">VEVCHTGPV</p>","","","training","","","","","","",""
"null","null","html-keyboard-response","615","1658028","0.0-21.0-0.41","67269f439696d166fbb74e09","69d7901e3430d13455efb336","69e64bfc4a837f70e9680240","<p style=""font-size: 60px; font-family: FragmentMono"">TREHZQA</p>","","","training","","","","","","",""
"null","null","html-keyboard-response","616","1659029","0.0-21.0-0.42","67269f439696d166fbb74e09","69d7901e3430d13455efb336","69e64bfc4a837f70e9680240","<p style=""font-size: 60px; font-family: FragmentMono"">MFELVDIS</p>","","","training","","","","","","",""
"null","null","html-keyboard-response","617","1660031","0.0-21.0-0.43","67269f439696d166fbb74e09","69d7901e3430d13455efb336","69e64bfc4a837f70e9680240","<p style=""font-size: 60px; font-family: FragmentMono"">UYAFTUXE</p>","","","training","","","","","","",""
"null","null","html-keyboard-response","618","1661033","0.0-21.0-0.44","67269f439696d166fbb74e09","69d7901e3430d13455efb336","69e64bfc4a837f70e9680240","<p style=""font-size: 60px; font-family: FragmentMono"">CQBFSPZKS</p>","","","training","","","","","","",""
"null","null","html-keyboard-response","619","1662034","0.0-21.0-0.45","67269f439696d166fbb74e09","69d7901e3430d13455efb336","69e64bfc4a837f70e9680240","<p style=""font-size: 60px; font-family: FragmentMono"">CELFXLXG</p>","","","training","","","","","","",""
"null","null","html-keyboard-response","620","1663036","0.0-21.0-0.46","67269f439696d166fbb74e09","69d7901e3430d13455efb336","69e64bfc4a837f70e9680240","<p style=""font-size: 60px; font-family: FragmentMono"">CHTLQPBKN</p>","","","training","","","","","","",""
"null","null","html-keyboard-response","621","1664037","0.0-21.0-0.47","67269f439696d166fbb74e09","69d7901e3430d13455efb336","69e64bfc4a837f70e9680240","<p style=""font-size: 60px; font-family: FragmentMono"">MFELTGPV</p>","","","training","","","","","","",""
"null","null","html-keyboard-response","622","1665038","0.0-21.0-0.48","67269f439696d166fbb74e09","69d7901e3430d13455efb336","69e64bfc4a837f70e9680240","<p style=""font-size: 60px; font-family: FragmentMono"">FHICDJBUD</p>","","","training","","","","","","",""
"null","null","html-keyboard-response","623","1666040","0.0-21.0-0.49","67269f439696d166fbb74e09","69d7901e3430d13455efb336","69e64bfc4a837f70e9680240","<p style=""font-size: 60px; font-family: FragmentMono"">FSZRPZKS</p>","","","training","","","","","","",""
"null","null","html-keyboard-response","624","1667041","0.0-21.0-0.50","67269f439696d166fbb74e09","69d7901e3430d13455efb336","69e64bfc4a837f70e9680240","<p style=""font-size: 60px; font-family: FragmentMono"">FHICDBZE</p>","","","training","","","","","","",""
"null","null","html-keyboard-response","625","1668042","0.0-21.0-0.51","67269f439696d166fbb74e09","69d7901e3430d13455efb336","69e64bfc4a837f70e9680240","<p style=""font-size: 60px; font-family: FragmentMono"">EOSUXJBUD</p>","","","training","","","","","","",""
"null","null","html-keyboard-response","626","1669043","0.0-21.0-0.52","67269f439696d166fbb74e09","69d7901e3430d13455efb336","69e64bfc4a837f70e9680240","<p style=""font-size: 60px; font-family: FragmentMono"">FHICDQVZ</p>","","","training","","","","","","",""
"null","null","html-keyboard-response","627","1670045","0.0-21.0-0.53","67269f439696d166fbb74e09","69d7901e3430d13455efb336","69e64bfc4a837f70e9680240","<p style=""font-size: 60px; font-family: FragmentMono"">EOSUXVDIS</p>","","","training","","","","","","",""
"null","null","html-keyboard-response","628","1671046","0.0-21.0-0.54","67269f439696d166fbb74e09","69d7901e3430d13455efb336","69e64bfc4a837f70e9680240","<p style=""font-size: 60px; font-family: FragmentMono"">FSZRPBKN</p>","","","training","","","","","","",""
"null","null","html-keyboard-response","629","1672048","0.0-21.0-0.55","67269f439696d166fbb74e09","69d7901e3430d13455efb336","69e64bfc4a837f70e9680240","<p style=""font-size: 60px; font-family: FragmentMono"">MFELBZE</p>","","","training","","","","","","",""
"null","null","html-keyboard-response","630","1673050","0.0-21.0-0.56","67269f439696d166fbb74e09","69d7901e3430d13455efb336","69e64bfc4a837f70e9680240","<p style=""font-size: 60px; font-family: FragmentMono"">FHICDTGPV</p>","","","training","","","","","","",""
"null","null","html-keyboard-response","631","1674053","0.0-21.0-0.57","67269f439696d166fbb74e09","69d7901e3430d13455efb336","69e64bfc4a837f70e9680240","<p style=""font-size: 60px; font-family: FragmentMono"">CELFXPBKN</p>","","","training","","","","","","",""
"null","null","html-keyboard-response","632","1675055","0.0-21.0-0.58","67269f439696d166fbb74e09","69d7901e3430d13455efb336","69e64bfc4a837f70e9680240","<p style=""font-size: 60px; font-family: FragmentMono"">SCEIZQA</p>","","","training","","","","","","",""
"null","null","html-keyboard-response","633","1676199","0.0-21.0-0.59","67269f439696d166fbb74e09","69d7901e3430d13455efb336","69e64bfc4a837f70e9680240","<p style=""font-size: 60px; font-family: FragmentMono"">EOSUXTGPV</p>","","","training","","","","","","",""
"null","null","html-keyboard-response","634","1677201","0.0-21.0-0.60","67269f439696d166fbb74e09","69d7901e3430d13455efb336","69e64bfc4a837f70e9680240","<p style=""font-size: 60px; font-family: FragmentMono"">VEVCHVDIS</p>","","","training","","","","","","",""
"null","null","html-keyboard-response","635","1678203","0.0-21.0-0.61","67269f439696d166fbb74e09","69d7901e3430d13455efb336","69e64bfc4a837f70e9680240","<p style=""font-size: 60px; font-family: FragmentMono"">YIUGTGPV</p>","","","training","","","","","","",""
"null","null","html-keyboard-response","636","1679205","0.0-21.0-0.62","67269f439696d166fbb74e09","69d7901e3430d13455efb336","69e64bfc4a837f70e9680240","<p style=""font-size: 60px; font-family: FragmentMono"">NXGQGPZKS</p>","","","training","","","","","","",""
"null","null","html-keyboard-response","637","1680206","0.0-21.0-0.63","67269f439696d166fbb74e09","69d7901e3430d13455efb336","69e64bfc4a837f70e9680240","<p style=""font-size: 60px; font-family: FragmentMono"">YWQLAVDIS</p>","","","training","","","","","","",""
"null","null","html-keyboard-response","638","1681208","0.0-21.0-0.64","67269f439696d166fbb74e09","69d7901e3430d13455efb336","69e64bfc4a837f70e9680240","<p style=""font-size: 60px; font-family: FragmentMono"">EIEQNTGPV</p>","","","training","","","","","","",""
"null","null","html-keyboard-response","639","1682209","0.0-21.0-0.65","67269f439696d166fbb74e09","69d7901e3430d13455efb336","69e64bfc4a837f70e9680240","<p style=""font-size: 60px; font-family: FragmentMono"">CELFXTUXE</p>","","","training","","","","","","",""
"null","null","html-keyboard-response","640","1683211","0.0-21.0-0.66","67269f439696d166fbb74e09","69d7901e3430d13455efb336","69e64bfc4a837f70e9680240","<p style=""font-size: 60px; font-family: FragmentMono"">FSZRZQA</p>","","","training","","","","","","",""
"null","null","html-keyboard-response","641","1684213","0.0-21.0-0.67","67269f439696d166fbb74e09","69d7901e3430d13455efb336","69e64bfc4a837f70e9680240","<p style=""font-size: 60px; font-family: FragmentMono"">YIUGQVZ</p>","","","training","","","","","","",""
"null","null","html-keyboard-response","642","1685214","0.0-21.0-0.68","67269f439696d166fbb74e09","69d7901e3430d13455efb336","69e64bfc4a837f70e9680240","<p style=""font-size: 60px; font-family: FragmentMono"">PJPTIBZE</p>","","","training","","","","","","",""
"null","null","html-keyboard-response","643","1686215","0.0-21.0-0.69","67269f439696d166fbb74e09","69d7901e3430d13455efb336","69e64bfc4a837f70e9680240","<p style=""font-size: 60px; font-family: FragmentMono"">CHTLQTUXE</p>","","","training","","","","","","",""
"null","null","html-keyboard-response","644","1687217","0.0-21.0-0.70","67269f439696d166fbb74e09","69d7901e3430d13455efb336","69e64bfc4a837f70e9680240","<p style=""font-size: 60px; font-family: FragmentMono"">KVAQWVDIS</p>","","","training","","","","","","",""
"null","null","html-keyboard-response","645","1688219","0.0-21.0-0.71","67269f439696d166fbb74e09","69d7901e3430d13455efb336","69e64bfc4a837f70e9680240","<p style=""font-size: 60px; font-family: FragmentMono"">EIEQNJBUD</p>","","","training","","","","","","",""
"null","null","html-keyboard-response","646","1689220","0.0-21.0-0.72","67269f439696d166fbb74e09","69d7901e3430d13455efb336","69e64bfc4a837f70e9680240","<p style=""font-size: 60px; font-family: FragmentMono"">SCEILXG</p>","","","training","","","","","","",""
"null","null","html-keyboard-response","647","1690222","0.0-21.0-0.73","67269f439696d166fbb74e09","69d7901e3430d13455efb336","69e64bfc4a837f70e9680240","<p style=""font-size: 60px; font-family: FragmentMono"">KVAQWBZE</p>","","","training","","","","","","",""
"null","null","html-keyboard-response","648","1691224","0.0-21.0-0.74","67269f439696d166fbb74e09","69d7901e3430d13455efb336","69e64bfc4a837f70e9680240","<p style=""font-size: 60px; font-family: FragmentMono"">FSZRTUXE</p>","","","training","","","","","","",""
"null","null","html-keyboard-response","649","1692225","0.0-21.0-0.75","67269f439696d166fbb74e09","69d7901e3430d13455efb336","69e64bfc4a837f70e9680240","<p style=""font-size: 60px; font-family: FragmentMono"">RKXAHVDIS</p>","","","training","","","","","","",""
"null","null","html-keyboard-response","650","1693227","0.0-21.0-0.76","67269f439696d166fbb74e09","69d7901e3430d13455efb336","69e64bfc4a837f70e9680240","<p style=""font-size: 60px; font-family: FragmentMono"">UYAFPZKS</p>","","","training","","","","","","",""
"null","null","html-keyboard-response","651","1694229","0.0-21.0-0.77","67269f439696d166fbb74e09","69d7901e3430d13455efb336","69e64bfc4a837f70e9680240","<p style=""font-size: 60px; font-family: FragmentMono"">PJPTIQVZ</p>","","","training","","","","","","",""
"null","null","html-keyboard-response","652","1695231","0.0-21.0-0.78","67269f439696d166fbb74e09","69d7901e3430d13455efb336","69e64bfc4a837f70e9680240","<p style=""font-size: 60px; font-family: FragmentMono"">CHTLQZQA</p>","","","training","","","","","","",""
"null","null","html-keyboard-response","653","1696232","0.0-21.0-0.79","67269f439696d166fbb74e09","69d7901e3430d13455efb336","69e64bfc4a837f70e9680240","<p style=""font-size: 60px; font-family: FragmentMono"">PJPTITGPV</p>","","","training","","","","","","",""
"3955"," ","html-keyboard-response","654","1700187","0.0-22.0","67269f439696d166fbb74e09","69d7901e3430d13455efb336","69e64bfc4a837f70e9680240","<p style=""font-size: 30px"">Great! You've seen all the words that we received from space.</p>
      <p style=""font-size: 30px"">Press the spacebar when you're ready to continue.</p>","","","","","","","","","",""
"117918"," ","html-keyboard-response","655","1818108","0.0-23.0","67269f439696d166fbb74e09","69d7901e3430d13455efb336","69e64bfc4a837f70e9680240","<p style=""font-size: 30px"">In this second part, you'll be given some words from a new communication from the same group of aliens, and others that belong to a communication from a different group of aliens. However, the two communications arrived at the same time, so the words are mixed up. Your task is to identify the words that belong to the same group of aliens as the communication you saw in the first part of the experiment.</p>
      <p style=""font-size: 30px"">This is a very tricky task, since both alien groups use the same characters. Your meeting with the world leaders starts very soon, so you won't have much time to decide; you need to work quickly. Try to do your best using your intuition; you don't have much time to spend thinking about each word.</p>
      <p style=""font-size: 30px"">Press <strong>k</strong> when you think that the word you're being shown is from the same group of aliens as before, and <strong>d</strong> when you think it's from a communication from the other alien group.</p><p>Press the spacebar when you're ready to begin.</p>","","","","","","","","","",""
"1062","d","html-keyboard-response","656","1819171","0.0-24.0-0.0","67269f439696d166fbb74e09","69d7901e3430d13455efb336","69e64bfc4a837f70e9680240","<p style=""font-size: 30px;"">Does this word come from the alien group you studied previously?</p><br><p style=""font-size: 60px; font-family: FragmentMono"">VSWKPJRY<p style=""font-size: 15px"">Press <strong>k</strong> for yes, <strong>d</strong> for no.</p>","","","testing","VSWKPJRY","d","[""morcodeXmorcode""]","true","","",""
"1301","d","html-keyboard-response","657","1820473","0.0-24.0-0.1","67269f439696d166fbb74e09","69d7901e3430d13455efb336","69e64bfc4a837f70e9680240","<p style=""font-size: 30px;"">Does this word come from the alien group you studied previously?</p><br><p style=""font-size: 60px; font-family: FragmentMono"">DOFTBIQYZ<p style=""font-size: 15px"">Press <strong>k</strong> for yes, <strong>d</strong> for no.</p>","","","testing","DOFTBIQYZ","d","[""morcodeXmorcode""]","true","","",""
"978","d","html-keyboard-response","658","1821452","0.0-24.0-0.2","67269f439696d166fbb74e09","69d7901e3430d13455efb336","69e64bfc4a837f70e9680240","<p style=""font-size: 30px;"">Does this word come from the alien group you studied previously?</p><br><p style=""font-size: 60px; font-family: FragmentMono"">RUOSFKYV<p style=""font-size: 15px"">Press <strong>k</strong> for yes, <strong>d</strong> for no.</p>","","","testing","RUOSFKYV","d","[""morcodeXmorcode""]","true","","",""
"1391","d","html-keyboard-response","659","1822843","0.0-24.0-0.3","67269f439696d166fbb74e09","69d7901e3430d13455efb336","69e64bfc4a837f70e9680240","<p style=""font-size: 30px"">&emsp;</p><br><p style=""font-size: 60px; font-family: FragmentMono"">HUVWUVDIS<p style=""font-size: 15px"">Press <strong>k</strong> for yes, <strong>d</strong> for no.</p>","","","testing","HUVWUVDIS","k","[""morcodeXmorpheme""]","false","","",""
"2778","k","html-keyboard-response","660","1825621","0.0-24.0-0.4","67269f439696d166fbb74e09","69d7901e3430d13455efb336","69e64bfc4a837f70e9680240","<p style=""font-size: 30px"">&emsp;</p><br><p style=""font-size: 60px; font-family: FragmentMono"">FIDMGPBKN<p style=""font-size: 15px"">Press <strong>k</strong> for yes, <strong>d</strong> for no.</p>","","","testing","FIDMGPBKN","k","[""morcodeXmorpheme""]","true","","",""
"2169"," ","html-keyboard-response","661","1827791","0.0-24.0-1.4-0.4","67269f439696d166fbb74e09","69d7901e3430d13455efb336","69e64bfc4a837f70e9680240","<p style=""font-size: 30px; color: red"">Careful! You were too slow for this word.</p>
      <p style=""font-size: 30px; color: red"">Try to be faster.</p><p></p><p>Press the spacebar to continue.</p>","","","","","","","","","",""
"791","d","html-keyboard-response","662","1828582","0.0-24.0-0.5","67269f439696d166fbb74e09","69d7901e3430d13455efb336","69e64bfc4a837f70e9680240","<p style=""font-size: 30px"">&emsp;</p><br><p style=""font-size: 60px; font-family: FragmentMono"">ZKWOZBG<p style=""font-size: 15px"">Press <strong>k</strong> for yes, <strong>d</strong> for no.</p>","","","testing","ZKWOZBG","d","[""morcodeXmorcode""]","true","","",""
"801","k","html-keyboard-response","663","1829384","0.0-24.0-0.6","67269f439696d166fbb74e09","69d7901e3430d13455efb336","69e64bfc4a837f70e9680240","<p style=""font-size: 30px"">&emsp;</p><br><p style=""font-size: 60px; font-family: FragmentMono"">CHTLQPZKS<p style=""font-size: 15px"">Press <strong>k</strong> for yes, <strong>d</strong> for no.</p>","","","testing","CHTLQPZKS","k","[""morphemeXmorpheme""]","true","","",""
"1179","d","html-keyboard-response","664","1830563","0.0-24.0-0.7","67269f439696d166fbb74e09","69d7901e3430d13455efb336","69e64bfc4a837f70e9680240","<p style=""font-size: 30px"">&emsp;</p><br><p style=""font-size: 60px; font-family: FragmentMono"">XNJULXG<p style=""font-size: 15px"">Press <strong>k</strong> for yes, <strong>d</strong> for no.</p>","","","testing","XNJULXG","k","[""morcodeXmorpheme""]","false","","",""
"1029","k","html-keyboard-response","665","1831593","0.0-24.0-0.8","67269f439696d166fbb74e09","69d7901e3430d13455efb336","69e64bfc4a837f70e9680240","<p style=""font-size: 30px"">&emsp;</p><br><p style=""font-size: 60px; font-family: FragmentMono"">CELFXZQA<p style=""font-size: 15px"">Press <strong>k</strong> for yes, <strong>d</strong> for no.</p>","","","testing","CELFXZQA","k","[""morphemeXmorpheme""]","true","","",""
"863","k","html-keyboard-response","666","1832456","0.0-24.0-0.9","67269f439696d166fbb74e09","69d7901e3430d13455efb336","69e64bfc4a837f70e9680240","<p style=""font-size: 30px"">&emsp;</p><br><p style=""font-size: 60px; font-family: FragmentMono"">YWQLAPYB<p style=""font-size: 15px"">Press <strong>k</strong> for yes, <strong>d</strong> for no.</p>","","","testing","YWQLAPYB","k","[""morphemeXmorcode""]","true","","",""
"927","k","html-keyboard-response","667","1833383","0.0-24.0-0.10","67269f439696d166fbb74e09","69d7901e3430d13455efb336","69e64bfc4a837f70e9680240","<p style=""font-size: 30px"">&emsp;</p><br><p style=""font-size: 60px; font-family: FragmentMono"">UYAFUZQ<p style=""font-size: 15px"">Press <strong>k</strong> for yes, <strong>d</strong> for no.</p>","","","testing","UYAFUZQ","k","[""morphemeXmorcode""]","true","","",""
"1137","d","html-keyboard-response","668","1834520","0.0-24.0-0.11","67269f439696d166fbb74e09","69d7901e3430d13455efb336","69e64bfc4a837f70e9680240","<p style=""font-size: 30px"">&emsp;</p><br><p style=""font-size: 60px; font-family: FragmentMono"">QGZSEDK<p style=""font-size: 15px"">Press <strong>k</strong> for yes, <strong>d</strong> for no.</p>","","","testing","QGZSEDK","d","[""morcodeXmorcode""]","true","","",""
"994","k","html-keyboard-response","669","1835515","0.0-24.0-0.12","67269f439696d166fbb74e09","69d7901e3430d13455efb336","69e64bfc4a837f70e9680240","<p style=""font-size: 30px"">&emsp;</p><br><p style=""font-size: 60px; font-family: FragmentMono"">CELFXJBUD<p style=""font-size: 15px"">Press <strong>k</strong> for yes, <strong>d</strong> for no.</p>","","","testing","CELFXJBUD","d","[""morphemeXmorpheme""]","false","","",""
"1122","k","html-keyboard-response","670","1836638","0.0-24.0-0.13","67269f439696d166fbb74e09","69d7901e3430d13455efb336","69e64bfc4a837f70e9680240","<p style=""font-size: 30px"">&emsp;</p><br><p style=""font-size: 60px; font-family: FragmentMono"">EKCYGPRQ<p style=""font-size: 15px"">Press <strong>k</strong> for yes, <strong>d</strong> for no.</p>","","","testing","EKCYGPRQ","d","[""morcodeXmorcode""]","false","","",""
"844","k","html-keyboard-response","671","1837482","0.0-24.0-0.14","67269f439696d166fbb74e09","69d7901e3430d13455efb336","69e64bfc4a837f70e9680240","<p style=""font-size: 30px"">&emsp;</p><br><p style=""font-size: 60px; font-family: FragmentMono"">NXGQGTUXE<p style=""font-size: 15px"">Press <strong>k</strong> for yes, <strong>d</strong> for no.</p>","","","testing","NXGQGTUXE","k","[""morphemeXmorpheme""]","true","","",""
"1088","d","html-keyboard-response","672","1838570","0.0-24.0-0.15","67269f439696d166fbb74e09","69d7901e3430d13455efb336","69e64bfc4a837f70e9680240","<p style=""font-size: 30px"">&emsp;</p><br><p style=""font-size: 60px; font-family: FragmentMono"">KUQVMRZSV<p style=""font-size: 15px"">Press <strong>k</strong> for yes, <strong>d</strong> for no.</p>","","","testing","KUQVMRZSV","d","[""morcodeXmorcode""]","true","","",""
"1214","k","html-keyboard-response","673","1839784","0.0-24.0-0.16","67269f439696d166fbb74e09","69d7901e3430d13455efb336","69e64bfc4a837f70e9680240","<p style=""font-size: 30px"">&emsp;</p><br><p style=""font-size: 60px; font-family: FragmentMono"">RKXAHTGPV<p style=""font-size: 15px"">Press <strong>k</strong> for yes, <strong>d</strong> for no.</p>","","","testing","RKXAHTGPV","k","[""morphemeXmorpheme""]","true","","",""
"1008","k","html-keyboard-response","674","1840793","0.0-24.0-0.17","67269f439696d166fbb74e09","69d7901e3430d13455efb336","69e64bfc4a837f70e9680240","<p style=""font-size: 30px"">&emsp;</p><br><p style=""font-size: 60px; font-family: FragmentMono"">SCEIAEBW<p style=""font-size: 15px"">Press <strong>k</strong> for yes, <strong>d</strong> for no.</p>","","","testing","SCEIAEBW","k","[""morphemeXmorcode""]","true","","",""
"1157","k","html-keyboard-response","675","1841950","0.0-24.0-0.18","67269f439696d166fbb74e09","69d7901e3430d13455efb336","69e64bfc4a837f70e9680240","<p style=""font-size: 30px"">&emsp;</p><br><p style=""font-size: 60px; font-family: FragmentMono"">RGWFWOSQL<p style=""font-size: 15px"">Press <strong>k</strong> for yes, <strong>d</strong> for no.</p>","","","testing","RGWFWOSQL","d","[""morcodeXmorcode""]","false","","",""
"1022","d","html-keyboard-response","676","1842973","0.0-24.0-0.19","67269f439696d166fbb74e09","69d7901e3430d13455efb336","69e64bfc4a837f70e9680240","<p style=""font-size: 30px"">&emsp;</p><br><p style=""font-size: 60px; font-family: FragmentMono"">LOVBDBM<p style=""font-size: 15px"">Press <strong>k</strong> for yes, <strong>d</strong> for no.</p>","","","testing","LOVBDBM","d","[""morcodeXmorcode""]","true","","",""
"1290","k","html-keyboard-response","677","1844264","0.0-24.0-0.20","67269f439696d166fbb74e09","69d7901e3430d13455efb336","69e64bfc4a837f70e9680240","<p style=""font-size: 30px"">&emsp;</p><br><p style=""font-size: 60px; font-family: FragmentMono"">FSZRQVZ<p style=""font-size: 15px"">Press <strong>k</strong> for yes, <strong>d</strong> for no.</p>","","","testing","FSZRQVZ","d","[""morphemeXmorpheme""]","false","","",""
"1025","k","html-keyboard-response","678","1845289","0.0-24.0-0.21","67269f439696d166fbb74e09","69d7901e3430d13455efb336","69e64bfc4a837f70e9680240","<p style=""font-size: 30px"">&emsp;</p><br><p style=""font-size: 60px; font-family: FragmentMono"">EOSUXLXG<p style=""font-size: 15px"">Press <strong>k</strong> for yes, <strong>d</strong> for no.</p>","","","testing","EOSUXLXG","d","[""morphemeXmorpheme""]","false","","",""
"1121","d","html-keyboard-response","679","1846411","0.0-24.0-0.22","67269f439696d166fbb74e09","69d7901e3430d13455efb336","69e64bfc4a837f70e9680240","<p style=""font-size: 30px"">&emsp;</p><br><p style=""font-size: 60px; font-family: FragmentMono"">RZSVHRDY<p style=""font-size: 15px"">Press <strong>k</strong> for yes, <strong>d</strong> for no.</p>","","","testing","RZSVHRDY","d","[""morcodeXmorcode""]","true","","",""
"940","k","html-keyboard-response","680","1847352","0.0-24.0-0.23","67269f439696d166fbb74e09","69d7901e3430d13455efb336","69e64bfc4a837f70e9680240","<p style=""font-size: 30px"">&emsp;</p><br><p style=""font-size: 60px; font-family: FragmentMono"">VNJVSHPS<p style=""font-size: 15px"">Press <strong>k</strong> for yes, <strong>d</strong> for no.</p>","","","testing","VNJVSHPS","k","[""morphemeXmorcode""]","true","","",""
"1173","k","html-keyboard-response","681","1848525","0.0-24.0-0.24","67269f439696d166fbb74e09","69d7901e3430d13455efb336","69e64bfc4a837f70e9680240","<p style=""font-size: 30px"">&emsp;</p><br><p style=""font-size: 60px; font-family: FragmentMono"">DLVZYFMZ<p style=""font-size: 15px"">Press <strong>k</strong> for yes, <strong>d</strong> for no.</p>","","","testing","DLVZYFMZ","d","[""morcodeXmorcode""]","false","","",""
"979","k","html-keyboard-response","682","1849505","0.0-24.0-0.25","67269f439696d166fbb74e09","69d7901e3430d13455efb336","69e64bfc4a837f70e9680240","<p style=""font-size: 30px"">&emsp;</p><br><p style=""font-size: 60px; font-family: FragmentMono"">PJPTIWOXA<p style=""font-size: 15px"">Press <strong>k</strong> for yes, <strong>d</strong> for no.</p>","","","testing","PJPTIWOXA","k","[""morphemeXmorcode""]","true","","",""
"1276","d","html-keyboard-response","683","1850781","0.0-24.0-0.26","67269f439696d166fbb74e09","69d7901e3430d13455efb336","69e64bfc4a837f70e9680240","<p style=""font-size: 30px"">&emsp;</p><br><p style=""font-size: 60px; font-family: FragmentMono"">NAPYQPTPZ<p style=""font-size: 15px"">Press <strong>k</strong> for yes, <strong>d</strong> for no.</p>","","","testing","NAPYQPTPZ","d","[""morcodeXmorcode""]","true","","",""
"951","k","html-keyboard-response","684","1851733","0.0-24.0-0.27","67269f439696d166fbb74e09","69d7901e3430d13455efb336","69e64bfc4a837f70e9680240","<p style=""font-size: 30px"">&emsp;</p><br><p style=""font-size: 60px; font-family: FragmentMono"">YIUGBZE<p style=""font-size: 15px"">Press <strong>k</strong> for yes, <strong>d</strong> for no.</p>","","","testing","YIUGBZE","k","[""morphemeXmorpheme""]","true","","",""
"1063","k","html-keyboard-response","685","1852796","0.0-24.0-0.28","67269f439696d166fbb74e09","69d7901e3430d13455efb336","69e64bfc4a837f70e9680240","<p style=""font-size: 30px"">&emsp;</p><br><p style=""font-size: 60px; font-family: FragmentMono"">VEVCHTCSB<p style=""font-size: 15px"">Press <strong>k</strong> for yes, <strong>d</strong> for no.</p>","","","testing","VEVCHTCSB","k","[""morphemeXmorcode""]","true","","",""
"828","d","html-keyboard-response","686","1853625","0.0-24.0-0.29","67269f439696d166fbb74e09","69d7901e3430d13455efb336","69e64bfc4a837f70e9680240","<p style=""font-size: 30px"">&emsp;</p><br><p style=""font-size: 60px; font-family: FragmentMono"">AWSUTGPV<p style=""font-size: 15px"">Press <strong>k</strong> for yes, <strong>d</strong> for no.</p>","","","testing","AWSUTGPV","k","[""morcodeXmorpheme""]","false","","",""
"895","k","html-keyboard-response","687","1854520","0.0-24.0-0.30","67269f439696d166fbb74e09","69d7901e3430d13455efb336","69e64bfc4a837f70e9680240","<p style=""font-size: 30px"">&emsp;</p><br><p style=""font-size: 60px; font-family: FragmentMono"">UYAFZQA<p style=""font-size: 15px"">Press <strong>k</strong> for yes, <strong>d</strong> for no.</p>","","","testing","UYAFZQA","k","[""morphemeXmorpheme""]","true","","",""
"1237","d","html-keyboard-response","688","1855758","0.0-24.0-0.31","67269f439696d166fbb74e09","69d7901e3430d13455efb336","69e64bfc4a837f70e9680240","<p style=""font-size: 30px"">&emsp;</p><br><p style=""font-size: 60px; font-family: FragmentMono"">OPFHSHYRC<p style=""font-size: 15px"">Press <strong>k</strong> for yes, <strong>d</strong> for no.</p>","","","testing","OPFHSHYRC","d","[""morcodeXmorcode""]","true","","",""
"1264","d","html-keyboard-response","689","1857022","0.0-24.0-0.32","67269f439696d166fbb74e09","69d7901e3430d13455efb336","69e64bfc4a837f70e9680240","<p style=""font-size: 30px"">&emsp;</p><br><p style=""font-size: 60px; font-family: FragmentMono"">TREHTGPV<p style=""font-size: 15px"">Press <strong>k</strong> for yes, <strong>d</strong> for no.</p>","","","testing","TREHTGPV","d","[""morphemeXmorpheme""]","true","","",""
"835","k","html-keyboard-response","690","1857857","0.0-24.0-0.33","67269f439696d166fbb74e09","69d7901e3430d13455efb336","69e64bfc4a837f70e9680240","<p style=""font-size: 30px"">&emsp;</p><br><p style=""font-size: 60px; font-family: FragmentMono"">MFELQVZ<p style=""font-size: 15px"">Press <strong>k</strong> for yes, <strong>d</strong> for no.</p>","","","testing","MFELQVZ","k","[""morphemeXmorpheme""]","true","","",""
"851","k","html-keyboard-response","691","1858709","0.0-24.0-0.34","67269f439696d166fbb74e09","69d7901e3430d13455efb336","69e64bfc4a837f70e9680240","<p style=""font-size: 30px"">&emsp;</p><br><p style=""font-size: 60px; font-family: FragmentMono"">EIEQNTUXE<p style=""font-size: 15px"">Press <strong>k</strong> for yes, <strong>d</strong> for no.</p>","","","testing","EIEQNTUXE","d","[""morphemeXmorpheme""]","false","","",""
"1066","k","html-keyboard-response","692","1859775","0.0-24.0-0.35","67269f439696d166fbb74e09","69d7901e3430d13455efb336","69e64bfc4a837f70e9680240","<p style=""font-size: 30px"">&emsp;</p><br><p style=""font-size: 60px; font-family: FragmentMono"">NXGQGVDIS<p style=""font-size: 15px"">Press <strong>k</strong> for yes, <strong>d</strong> for no.</p>","","","testing","NXGQGVDIS","d","[""morphemeXmorpheme""]","false","","",""
"1205","k","html-keyboard-response","693","1860980","0.0-24.0-0.36","67269f439696d166fbb74e09","69d7901e3430d13455efb336","69e64bfc4a837f70e9680240","<p style=""font-size: 30px"">&emsp;</p><br><p style=""font-size: 60px; font-family: FragmentMono"">RKXAHPBKN<p style=""font-size: 15px"">Press <strong>k</strong> for yes, <strong>d</strong> for no.</p>","","","testing","RKXAHPBKN","d","[""morphemeXmorpheme""]","false","","",""
"928","d","html-keyboard-response","694","1861909","0.0-24.0-0.37","67269f439696d166fbb74e09","69d7901e3430d13455efb336","69e64bfc4a837f70e9680240","<p style=""font-size: 30px"">&emsp;</p><br><p style=""font-size: 60px; font-family: FragmentMono"">NTGLGUZO<p style=""font-size: 15px"">Press <strong>k</strong> for yes, <strong>d</strong> for no.</p>","","","testing","NTGLGUZO","d","[""morcodeXmorcode""]","true","","",""
"882","k","html-keyboard-response","695","1862791","0.0-24.0-0.38","67269f439696d166fbb74e09","69d7901e3430d13455efb336","69e64bfc4a837f70e9680240","<p style=""font-size: 30px"">&emsp;</p><br><p style=""font-size: 60px; font-family: FragmentMono"">EOSUXQVZ<p style=""font-size: 15px"">Press <strong>k</strong> for yes, <strong>d</strong> for no.</p>","","","testing","EOSUXQVZ","k","[""morphemeXmorpheme""]","true","","",""
"1041","k","html-keyboard-response","696","1863832","0.0-24.0-0.39","67269f439696d166fbb74e09","69d7901e3430d13455efb336","69e64bfc4a837f70e9680240","<p style=""font-size: 30px"">&emsp;</p><br><p style=""font-size: 60px; font-family: FragmentMono"">JBNIPZKS<p style=""font-size: 15px"">Press <strong>k</strong> for yes, <strong>d</strong> for no.</p>","","","testing","JBNIPZKS","k","[""morphemeXmorpheme""]","true","","",""
"997","k","html-keyboard-response","697","1864829","0.0-24.0-0.40","67269f439696d166fbb74e09","69d7901e3430d13455efb336","69e64bfc4a837f70e9680240","<p style=""font-size: 30px"">&emsp;</p><br><p style=""font-size: 60px; font-family: FragmentMono"">EOSUXJNO<p style=""font-size: 15px"">Press <strong>k</strong> for yes, <strong>d</strong> for no.</p>","","","testing","EOSUXJNO","k","[""morphemeXmorcode""]","true","","",""
"907","k","html-keyboard-response","698","1865736","0.0-24.0-0.41","67269f439696d166fbb74e09","69d7901e3430d13455efb336","69e64bfc4a837f70e9680240","<p style=""font-size: 30px"">&emsp;</p><br><p style=""font-size: 60px; font-family: FragmentMono"">FHICDVDIS<p style=""font-size: 15px"">Press <strong>k</strong> for yes, <strong>d</strong> for no.</p>","","","testing","FHICDVDIS","k","[""morphemeXmorpheme""]","true","","",""
"1044","k","html-keyboard-response","699","1866781","0.0-24.0-0.42","67269f439696d166fbb74e09","69d7901e3430d13455efb336","69e64bfc4a837f70e9680240","<p style=""font-size: 30px"">&emsp;</p><br><p style=""font-size: 60px; font-family: FragmentMono"">YWQLAPZKS<p style=""font-size: 15px"">Press <strong>k</strong> for yes, <strong>d</strong> for no.</p>","","","testing","YWQLAPZKS","d","[""morphemeXmorpheme""]","false","","",""
"782","k","html-keyboard-response","700","1867563","0.0-24.0-0.43","67269f439696d166fbb74e09","69d7901e3430d13455efb336","69e64bfc4a837f70e9680240","<p style=""font-size: 30px"">&emsp;</p><br><p style=""font-size: 60px; font-family: FragmentMono"">JBNIBZE<p style=""font-size: 15px"">Press <strong>k</strong> for yes, <strong>d</strong> for no.</p>","","","testing","JBNIBZE","d","[""morphemeXmorpheme""]","false","","",""
"877","k","html-keyboard-response","701","1868440","0.0-24.0-0.44","67269f439696d166fbb74e09","69d7901e3430d13455efb336","69e64bfc4a837f70e9680240","<p style=""font-size: 30px"">&emsp;</p><br><p style=""font-size: 60px; font-family: FragmentMono"">NXGQGFBMN<p style=""font-size: 15px"">Press <strong>k</strong> for yes, <strong>d</strong> for no.</p>","","","testing","NXGQGFBMN","k","[""morphemeXmorcode""]","true","","",""
"838","k","html-keyboard-response","702","1869278","0.0-24.0-0.45","67269f439696d166fbb74e09","69d7901e3430d13455efb336","69e64bfc4a837f70e9680240","<p style=""font-size: 30px"">&emsp;</p><br><p style=""font-size: 60px; font-family: FragmentMono"">UYAFJBUD<p style=""font-size: 15px"">Press <strong>k</strong> for yes, <strong>d</strong> for no.</p>","","","testing","UYAFJBUD","d","[""morphemeXmorpheme""]","false","","",""
"854","k","html-keyboard-response","703","1870133","0.0-24.0-0.46","67269f439696d166fbb74e09","69d7901e3430d13455efb336","69e64bfc4a837f70e9680240","<p style=""font-size: 30px"">&emsp;</p><br><p style=""font-size: 60px; font-family: FragmentMono"">CHTLQBZE<p style=""font-size: 15px"">Press <strong>k</strong> for yes, <strong>d</strong> for no.</p>","","","testing","CHTLQBZE","d","[""morphemeXmorpheme""]","false","","",""
"942","d","html-keyboard-response","704","1871075","0.0-24.0-0.47","67269f439696d166fbb74e09","69d7901e3430d13455efb336","69e64bfc4a837f70e9680240","<p style=""font-size: 30px"">&emsp;</p><br><p style=""font-size: 60px; font-family: FragmentMono"">LNYVRBO<p style=""font-size: 15px"">Press <strong>k</strong> for yes, <strong>d</strong> for no.</p>","","","testing","LNYVRBO","d","[""morcodeXmorcode""]","true","","",""
"1205","d","html-keyboard-response","705","1872280","0.0-24.0-0.48","67269f439696d166fbb74e09","69d7901e3430d13455efb336","69e64bfc4a837f70e9680240","<p style=""font-size: 30px"">&emsp;</p><br><p style=""font-size: 60px; font-family: FragmentMono"">QCYKQXUFE<p style=""font-size: 15px"">Press <strong>k</strong> for yes, <strong>d</strong> for no.</p>","","","testing","QCYKQXUFE","d","[""morcodeXmorcode""]","true","","",""
"1124","d","html-keyboard-response","706","1873404","0.0-24.0-0.49","67269f439696d166fbb74e09","69d7901e3430d13455efb336","69e64bfc4a837f70e9680240","<p style=""font-size: 30px"">&emsp;</p><br><p style=""font-size: 60px; font-family: FragmentMono"">UNYZCPGF<p style=""font-size: 15px"">Press <strong>k</strong> for yes, <strong>d</strong> for no.</p>","","","testing","UNYZCPGF","d","[""morcodeXmorcode""]","true","","",""
"971","k","html-keyboard-response","707","1874375","0.0-24.0-0.50","67269f439696d166fbb74e09","69d7901e3430d13455efb336","69e64bfc4a837f70e9680240","<p style=""font-size: 30px"">&emsp;</p><br><p style=""font-size: 60px; font-family: FragmentMono"">YWQLABZE<p style=""font-size: 15px"">Press <strong>k</strong> for yes, <strong>d</strong> for no.</p>","","","testing","YWQLABZE","k","[""morphemeXmorpheme""]","true","","",""
"860","d","html-keyboard-response","708","1875236","0.0-24.0-0.51","67269f439696d166fbb74e09","69d7901e3430d13455efb336","69e64bfc4a837f70e9680240","<p style=""font-size: 30px"">&emsp;</p><br><p style=""font-size: 60px; font-family: FragmentMono"">LMAZWZQA<p style=""font-size: 15px"">Press <strong>k</strong> for yes, <strong>d</strong> for no.</p>","","","testing","LMAZWZQA","k","[""morcodeXmorpheme""]","false","","",""
"901","k","html-keyboard-response","709","1876137","0.0-24.0-0.52","67269f439696d166fbb74e09","69d7901e3430d13455efb336","69e64bfc4a837f70e9680240","<p style=""font-size: 30px"">&emsp;</p><br><p style=""font-size: 60px; font-family: FragmentMono"">YIUGTGB<p style=""font-size: 15px"">Press <strong>k</strong> for yes, <strong>d</strong> for no.</p>","","","testing","YIUGTGB","k","[""morphemeXmorcode""]","true","","",""
"975","d","html-keyboard-response","710","1877112","0.0-24.0-0.53","67269f439696d166fbb74e09","69d7901e3430d13455efb336","69e64bfc4a837f70e9680240","<p style=""font-size: 30px"">&emsp;</p><br><p style=""font-size: 60px; font-family: FragmentMono"">ECKFXYWGO<p style=""font-size: 15px"">Press <strong>k</strong> for yes, <strong>d</strong> for no.</p>","","","testing","ECKFXYWGO","d","[""morcodeXmorcode""]","true","","",""
"1402","d","html-keyboard-response","711","1878514","0.0-24.0-0.54","67269f439696d166fbb74e09","69d7901e3430d13455efb336","69e64bfc4a837f70e9680240","<p style=""font-size: 30px"">&emsp;</p><br><p style=""font-size: 60px; font-family: FragmentMono"">ZFGCEXDT<p style=""font-size: 15px"">Press <strong>k</strong> for yes, <strong>d</strong> for no.</p>","","","testing","ZFGCEXDT","d","[""morcodeXmorcode""]","true","","",""
"1185","d","html-keyboard-response","712","1879700","0.0-24.0-0.55","67269f439696d166fbb74e09","69d7901e3430d13455efb336","69e64bfc4a837f70e9680240","<p style=""font-size: 30px"">&emsp;</p><br><p style=""font-size: 60px; font-family: FragmentMono"">ZBNOTGPV<p style=""font-size: 15px"">Press <strong>k</strong> for yes, <strong>d</strong> for no.</p>","","","testing","ZBNOTGPV","k","[""morcodeXmorpheme""]","false","","",""
"1105","k","html-keyboard-response","713","1880805","0.0-24.0-0.56","67269f439696d166fbb74e09","69d7901e3430d13455efb336","69e64bfc4a837f70e9680240","<p style=""font-size: 30px"">&emsp;</p><br><p style=""font-size: 60px; font-family: FragmentMono"">TREHMYFT<p style=""font-size: 15px"">Press <strong>k</strong> for yes, <strong>d</strong> for no.</p>","","","testing","TREHMYFT","k","[""morphemeXmorcode""]","true","","",""
"884","k","html-keyboard-response","714","1881688","0.0-24.0-0.57","67269f439696d166fbb74e09","69d7901e3430d13455efb336","69e64bfc4a837f70e9680240","<p style=""font-size: 30px"">&emsp;</p><br><p style=""font-size: 60px; font-family: FragmentMono"">VNJVSQVZ<p style=""font-size: 15px"">Press <strong>k</strong> for yes, <strong>d</strong> for no.</p>","","","testing","VNJVSQVZ","d","[""morphemeXmorpheme""]","false","","",""
"1026","d","html-keyboard-response","715","1882715","0.0-24.0-0.58","67269f439696d166fbb74e09","69d7901e3430d13455efb336","69e64bfc4a837f70e9680240","<p style=""font-size: 30px"">&emsp;</p><br><p style=""font-size: 60px; font-family: FragmentMono"">COVWCPBKN<p style=""font-size: 15px"">Press <strong>k</strong> for yes, <strong>d</strong> for no.</p>","","","testing","COVWCPBKN","k","[""morcodeXmorpheme""]","false","","",""
"925","k","html-keyboard-response","716","1883641","0.0-24.0-0.59","67269f439696d166fbb74e09","69d7901e3430d13455efb336","69e64bfc4a837f70e9680240","<p style=""font-size: 30px"">&emsp;</p><br><p style=""font-size: 60px; font-family: FragmentMono"">YKJSIRFI<p style=""font-size: 15px"">Press <strong>k</strong> for yes, <strong>d</strong> for no.</p>","","","testing","YKJSIRFI","d","[""morcodeXmorcode""]","false","","",""
"1450","k","html-keyboard-response","717","1885091","0.0-24.0-0.60","67269f439696d166fbb74e09","69d7901e3430d13455efb336","69e64bfc4a837f70e9680240","<p style=""font-size: 30px"">&emsp;</p><br><p style=""font-size: 60px; font-family: FragmentMono"">OPFHSFPKY<p style=""font-size: 15px"">Press <strong>k</strong> for yes, <strong>d</strong> for no.</p>","","","testing","OPFHSFPKY","d","[""morcodeXmorcode""]","false","","",""
"1156","d","html-keyboard-response","718","1886248","0.0-24.0-0.61","67269f439696d166fbb74e09","69d7901e3430d13455efb336","69e64bfc4a837f70e9680240","<p style=""font-size: 30px"">&emsp;</p><br><p style=""font-size: 60px; font-family: FragmentMono"">ERBYXKXH<p style=""font-size: 15px"">Press <strong>k</strong> for yes, <strong>d</strong> for no.</p>","","","testing","ERBYXKXH","d","[""morcodeXmorcode""]","true","","",""
"2231","d","html-keyboard-response","719","1888479","0.0-24.0-0.62","67269f439696d166fbb74e09","69d7901e3430d13455efb336","69e64bfc4a837f70e9680240","<p style=""font-size: 30px"">&emsp;</p><br><p style=""font-size: 60px; font-family: FragmentMono"">JBNICAVY<p style=""font-size: 15px"">Press <strong>k</strong> for yes, <strong>d</strong> for no.</p>","","","testing","JBNICAVY","k","[""morphemeXmorcode""]","false","","",""
"1482"," ","html-keyboard-response","720","1889961","0.0-24.0-1.62-0.62","67269f439696d166fbb74e09","69d7901e3430d13455efb336","69e64bfc4a837f70e9680240","<p style=""font-size: 30px; color: red"">Careful! You were too slow for this word.</p>
      <p style=""font-size: 30px; color: red"">Try to be faster.</p><p></p><p>Press the spacebar to continue.</p>","","","","","","","","","",""
"954","d","html-keyboard-response","721","1890916","0.0-24.0-0.63","67269f439696d166fbb74e09","69d7901e3430d13455efb336","69e64bfc4a837f70e9680240","<p style=""font-size: 30px"">&emsp;</p><br><p style=""font-size: 60px; font-family: FragmentMono"">VJGQJZQA<p style=""font-size: 15px"">Press <strong>k</strong> for yes, <strong>d</strong> for no.</p>","","","testing","VJGQJZQA","k","[""morcodeXmorpheme""]","false","","",""
"650","k","html-keyboard-response","722","1891566","0.0-24.0-0.64","67269f439696d166fbb74e09","69d7901e3430d13455efb336","69e64bfc4a837f70e9680240","<p style=""font-size: 30px"">&emsp;</p><br><p style=""font-size: 60px; font-family: FragmentMono"">SCEITGPV<p style=""font-size: 15px"">Press <strong>k</strong> for yes, <strong>d</strong> for no.</p>","","","testing","SCEITGPV","d","[""morphemeXmorpheme""]","false","","",""
"1088","k","html-keyboard-response","723","1892655","0.0-24.0-0.65","67269f439696d166fbb74e09","69d7901e3430d13455efb336","69e64bfc4a837f70e9680240","<p style=""font-size: 30px"">&emsp;</p><br><p style=""font-size: 60px; font-family: FragmentMono"">CQBFSVDIS<p style=""font-size: 15px"">Press <strong>k</strong> for yes, <strong>d</strong> for no.</p>","","","testing","CQBFSVDIS","d","[""morphemeXmorpheme""]","false","","",""
"916","d","html-keyboard-response","724","1893571","0.0-24.0-0.66","67269f439696d166fbb74e09","69d7901e3430d13455efb336","69e64bfc4a837f70e9680240","<p style=""font-size: 30px"">&emsp;</p><br><p style=""font-size: 60px; font-family: FragmentMono"">EZSJITUXE<p style=""font-size: 15px"">Press <strong>k</strong> for yes, <strong>d</strong> for no.</p>","","","testing","EZSJITUXE","k","[""morcodeXmorpheme""]","false","","",""
"1267","d","html-keyboard-response","725","1894839","0.0-24.0-0.67","67269f439696d166fbb74e09","69d7901e3430d13455efb336","69e64bfc4a837f70e9680240","<p style=""font-size: 30px"">&emsp;</p><br><p style=""font-size: 60px; font-family: FragmentMono"">KUQVMDRBW<p style=""font-size: 15px"">Press <strong>k</strong> for yes, <strong>d</strong> for no.</p>","","","testing","KUQVMDRBW","d","[""morcodeXmorcode""]","true","","",""
"1039","d","html-keyboard-response","726","1895879","0.0-24.0-0.68","67269f439696d166fbb74e09","69d7901e3430d13455efb336","69e64bfc4a837f70e9680240","<p style=""font-size: 30px"">&emsp;</p><br><p style=""font-size: 60px; font-family: FragmentMono"">MYZNBZE<p style=""font-size: 15px"">Press <strong>k</strong> for yes, <strong>d</strong> for no.</p>","","","testing","MYZNBZE","k","[""morcodeXmorpheme""]","false","","",""
"996","k","html-keyboard-response","727","1896875","0.0-24.0-0.69","67269f439696d166fbb74e09","69d7901e3430d13455efb336","69e64bfc4a837f70e9680240","<p style=""font-size: 30px"">&emsp;</p><br><p style=""font-size: 60px; font-family: FragmentMono"">CHTLQDHNY<p style=""font-size: 15px"">Press <strong>k</strong> for yes, <strong>d</strong> for no.</p>","","","testing","CHTLQDHNY","k","[""morphemeXmorcode""]","true","","",""
"1170","d","html-keyboard-response","728","1898045","0.0-24.0-0.70","67269f439696d166fbb74e09","69d7901e3430d13455efb336","69e64bfc4a837f70e9680240","<p style=""font-size: 30px"">&emsp;</p><br><p style=""font-size: 60px; font-family: FragmentMono"">CQBFSQFTP<p style=""font-size: 15px"">Press <strong>k</strong> for yes, <strong>d</strong> for no.</p>","","","testing","CQBFSQFTP","k","[""morphemeXmorcode""]","false","","",""
"1145","d","html-keyboard-response","729","1899191","0.0-24.0-0.71","67269f439696d166fbb74e09","69d7901e3430d13455efb336","69e64bfc4a837f70e9680240","<p style=""font-size: 30px"">&emsp;</p><br><p style=""font-size: 60px; font-family: FragmentMono"">BRSWXQXUT<p style=""font-size: 15px"">Press <strong>k</strong> for yes, <strong>d</strong> for no.</p>","","","testing","BRSWXQXUT","d","[""morcodeXmorcode""]","true","","",""
"764","k","html-keyboard-response","730","1899955","0.0-24.0-0.72","67269f439696d166fbb74e09","69d7901e3430d13455efb336","69e64bfc4a837f70e9680240","<p style=""font-size: 30px"">&emsp;</p><br><p style=""font-size: 60px; font-family: FragmentMono"">SCEIPBKN<p style=""font-size: 15px"">Press <strong>k</strong> for yes, <strong>d</strong> for no.</p>","","","testing","SCEIPBKN","k","[""morphemeXmorpheme""]","true","","",""
"926","d","html-keyboard-response","731","1900881","0.0-24.0-0.73","67269f439696d166fbb74e09","69d7901e3430d13455efb336","69e64bfc4a837f70e9680240","<p style=""font-size: 30px"">&emsp;</p><br><p style=""font-size: 60px; font-family: FragmentMono"">MEBMGYV<p style=""font-size: 15px"">Press <strong>k</strong> for yes, <strong>d</strong> for no.</p>","","","testing","MEBMGYV","d","[""morcodeXmorcode""]","true","","",""
"728","k","html-keyboard-response","732","1901609","0.0-24.0-0.74","67269f439696d166fbb74e09","69d7901e3430d13455efb336","69e64bfc4a837f70e9680240","<p style=""font-size: 30px"">&emsp;</p><br><p style=""font-size: 60px; font-family: FragmentMono"">EIEQNVDIS<p style=""font-size: 15px"">Press <strong>k</strong> for yes, <strong>d</strong> for no.</p>","","","testing","EIEQNVDIS","k","[""morphemeXmorpheme""]","true","","",""
"996","d","html-keyboard-response","733","1902606","0.0-24.0-0.75","67269f439696d166fbb74e09","69d7901e3430d13455efb336","69e64bfc4a837f70e9680240","<p style=""font-size: 30px"">&emsp;</p><br><p style=""font-size: 60px; font-family: FragmentMono"">BZSURNRGJ<p style=""font-size: 15px"">Press <strong>k</strong> for yes, <strong>d</strong> for no.</p>","","","testing","BZSURNRGJ","d","[""morcodeXmorcode""]","true","","",""
"1285","d","html-keyboard-response","734","1903891","0.0-24.0-0.76","67269f439696d166fbb74e09","69d7901e3430d13455efb336","69e64bfc4a837f70e9680240","<p style=""font-size: 30px"">&emsp;</p><br><p style=""font-size: 60px; font-family: FragmentMono"">SPIEFKSN<p style=""font-size: 15px"">Press <strong>k</strong> for yes, <strong>d</strong> for no.</p>","","","testing","SPIEFKSN","d","[""morcodeXmorcode""]","true","","",""
"1054","d","html-keyboard-response","735","1904946","0.0-24.0-0.77","67269f439696d166fbb74e09","69d7901e3430d13455efb336","69e64bfc4a837f70e9680240","<p style=""font-size: 30px"">&emsp;</p><br><p style=""font-size: 60px; font-family: FragmentMono"">CPLQNOQI<p style=""font-size: 15px"">Press <strong>k</strong> for yes, <strong>d</strong> for no.</p>","","","testing","CPLQNOQI","d","[""morcodeXmorcode""]","true","","",""
"823","k","html-keyboard-response","736","1905770","0.0-24.0-0.78","67269f439696d166fbb74e09","69d7901e3430d13455efb336","69e64bfc4a837f70e9680240","<p style=""font-size: 30px"">&emsp;</p><br><p style=""font-size: 60px; font-family: FragmentMono"">VWLDLDEG<p style=""font-size: 15px"">Press <strong>k</strong> for yes, <strong>d</strong> for no.</p>","","","testing","VWLDLDEG","d","[""morcodeXmorcode""]","false","","",""
"819","k","html-keyboard-response","737","1906589","0.0-24.0-0.79","67269f439696d166fbb74e09","69d7901e3430d13455efb336","69e64bfc4a837f70e9680240","<p style=""font-size: 30px"">&emsp;</p><br><p style=""font-size: 60px; font-family: FragmentMono"">JIGUPZKS<p style=""font-size: 15px"">Press <strong>k</strong> for yes, <strong>d</strong> for no.</p>","","","testing","JIGUPZKS","k","[""morcodeXmorpheme""]","true","","",""
"737","k","html-keyboard-response","738","1907326","0.0-24.0-0.80","67269f439696d166fbb74e09","69d7901e3430d13455efb336","69e64bfc4a837f70e9680240","<p style=""font-size: 30px"">&emsp;</p><br><p style=""font-size: 60px; font-family: FragmentMono"">EIEQNJVRU<p style=""font-size: 15px"">Press <strong>k</strong> for yes, <strong>d</strong> for no.</p>","","","testing","EIEQNJVRU","k","[""morphemeXmorcode""]","true","","",""
"930","k","html-keyboard-response","739","1908256","0.0-24.0-0.81","67269f439696d166fbb74e09","69d7901e3430d13455efb336","69e64bfc4a837f70e9680240","<p style=""font-size: 30px"">&emsp;</p><br><p style=""font-size: 60px; font-family: FragmentMono"">CELFXNLP<p style=""font-size: 15px"">Press <strong>k</strong> for yes, <strong>d</strong> for no.</p>","","","testing","CELFXNLP","k","[""morphemeXmorcode""]","true","","",""
"844","k","html-keyboard-response","740","1909100","0.0-24.0-0.82","67269f439696d166fbb74e09","69d7901e3430d13455efb336","69e64bfc4a837f70e9680240","<p style=""font-size: 30px"">&emsp;</p><br><p style=""font-size: 60px; font-family: FragmentMono"">FHICDTGNL<p style=""font-size: 15px"">Press <strong>k</strong> for yes, <strong>d</strong> for no.</p>","","","testing","FHICDTGNL","k","[""morphemeXmorcode""]","true","","",""
"1068","k","html-keyboard-response","741","1910169","0.0-24.0-0.83","67269f439696d166fbb74e09","69d7901e3430d13455efb336","69e64bfc4a837f70e9680240","<p style=""font-size: 30px"">&emsp;</p><br><p style=""font-size: 60px; font-family: FragmentMono"">VEVCHZQA<p style=""font-size: 15px"">Press <strong>k</strong> for yes, <strong>d</strong> for no.</p>","","","testing","VEVCHZQA","d","[""morphemeXmorpheme""]","false","","",""
"1072","d","html-keyboard-response","742","1911241","0.0-24.0-0.84","67269f439696d166fbb74e09","69d7901e3430d13455efb336","69e64bfc4a837f70e9680240","<p style=""font-size: 30px"">&emsp;</p><br><p style=""font-size: 60px; font-family: FragmentMono"">NQEFMTUXE<p style=""font-size: 15px"">Press <strong>k</strong> for yes, <strong>d</strong> for no.</p>","","","testing","NQEFMTUXE","k","[""morcodeXmorpheme""]","false","","",""
"1031","k","html-keyboard-response","743","1912272","0.0-24.0-0.85","67269f439696d166fbb74e09","69d7901e3430d13455efb336","69e64bfc4a837f70e9680240","<p style=""font-size: 30px"">&emsp;</p><br><p style=""font-size: 60px; font-family: FragmentMono"">CQPCOBLHM<p style=""font-size: 15px"">Press <strong>k</strong> for yes, <strong>d</strong> for no.</p>","","","testing","CQPCOBLHM","d","[""morcodeXmorcode""]","false","","",""
"1224","d","html-keyboard-response","744","1913497","0.0-24.0-0.86","67269f439696d166fbb74e09","69d7901e3430d13455efb336","69e64bfc4a837f70e9680240","<p style=""font-size: 30px"">&emsp;</p><br><p style=""font-size: 60px; font-family: FragmentMono"">QPMYFMZ<p style=""font-size: 15px"">Press <strong>k</strong> for yes, <strong>d</strong> for no.</p>","","","testing","QPMYFMZ","d","[""morcodeXmorcode""]","true","","",""
"1035","k","html-keyboard-response","745","1914532","0.0-24.0-0.87","67269f439696d166fbb74e09","69d7901e3430d13455efb336","69e64bfc4a837f70e9680240","<p style=""font-size: 30px"">&emsp;</p><br><p style=""font-size: 60px; font-family: FragmentMono"">UYFNYWGO<p style=""font-size: 15px"">Press <strong>k</strong> for yes, <strong>d</strong> for no.</p>","","","testing","UYFNYWGO","d","[""morcodeXmorcode""]","false","","",""
"1089","d","html-keyboard-response","746","1915621","0.0-24.0-0.88","67269f439696d166fbb74e09","69d7901e3430d13455efb336","69e64bfc4a837f70e9680240","<p style=""font-size: 30px"">&emsp;</p><br><p style=""font-size: 60px; font-family: FragmentMono"">KQRKQVZ<p style=""font-size: 15px"">Press <strong>k</strong> for yes, <strong>d</strong> for no.</p>","","","testing","KQRKQVZ","k","[""morcodeXmorpheme""]","false","","",""
"1285","k","html-keyboard-response","747","1916906","0.0-24.0-0.89","67269f439696d166fbb74e09","69d7901e3430d13455efb336","69e64bfc4a837f70e9680240","<p style=""font-size: 30px"">&emsp;</p><br><p style=""font-size: 60px; font-family: FragmentMono"">KVAQWTGPV<p style=""font-size: 15px"">Press <strong>k</strong> for yes, <strong>d</strong> for no.</p>","","","testing","KVAQWTGPV","k","[""morphemeXmorpheme""]","true","","",""
"902","d","html-keyboard-response","748","1917808","0.0-24.0-0.90","67269f439696d166fbb74e09","69d7901e3430d13455efb336","69e64bfc4a837f70e9680240","<p style=""font-size: 30px"">&emsp;</p><br><p style=""font-size: 60px; font-family: FragmentMono"">TUSOGXBQD<p style=""font-size: 15px"">Press <strong>k</strong> for yes, <strong>d</strong> for no.</p>","","","testing","TUSOGXBQD","d","[""morcodeXmorcode""]","true","","",""
"1352","k","html-keyboard-response","749","1919161","0.0-24.0-0.91","67269f439696d166fbb74e09","69d7901e3430d13455efb336","69e64bfc4a837f70e9680240","<p style=""font-size: 30px"">&emsp;</p><br><p style=""font-size: 60px; font-family: FragmentMono"">RKXAHJWTI<p style=""font-size: 15px"">Press <strong>k</strong> for yes, <strong>d</strong> for no.</p>","","","testing","RKXAHJWTI","k","[""morphemeXmorcode""]","true","","",""
"1025","d","html-keyboard-response","750","1920186","0.0-24.0-0.92","67269f439696d166fbb74e09","69d7901e3430d13455efb336","69e64bfc4a837f70e9680240","<p style=""font-size: 30px"">&emsp;</p><br><p style=""font-size: 60px; font-family: FragmentMono"">NJHGVQVZ<p style=""font-size: 15px"">Press <strong>k</strong> for yes, <strong>d</strong> for no.</p>","","","testing","NJHGVQVZ","k","[""morcodeXmorpheme""]","false","","",""
"1063","d","html-keyboard-response","751","1921249","0.0-24.0-0.93","67269f439696d166fbb74e09","69d7901e3430d13455efb336","69e64bfc4a837f70e9680240","<p style=""font-size: 30px"">&emsp;</p><br><p style=""font-size: 60px; font-family: FragmentMono"">FSZRLXG<p style=""font-size: 15px"">Press <strong>k</strong> for yes, <strong>d</strong> for no.</p>","","","testing","FSZRLXG","k","[""morphemeXmorpheme""]","false","","",""
"827","d","html-keyboard-response","752","1922077","0.0-24.0-0.94","67269f439696d166fbb74e09","69d7901e3430d13455efb336","69e64bfc4a837f70e9680240","<p style=""font-size: 30px"">&emsp;</p><br><p style=""font-size: 60px; font-family: FragmentMono"">AJDZUJBUD<p style=""font-size: 15px"">Press <strong>k</strong> for yes, <strong>d</strong> for no.</p>","","","testing","AJDZUJBUD","k","[""morcodeXmorpheme""]","false","","",""
"778","k","html-keyboard-response","753","1922855","0.0-24.0-0.95","67269f439696d166fbb74e09","69d7901e3430d13455efb336","69e64bfc4a837f70e9680240","<p style=""font-size: 30px"">&emsp;</p><br><p style=""font-size: 60px; font-family: FragmentMono"">KVAQWXZQF<p style=""font-size: 15px"">Press <strong>k</strong> for yes, <strong>d</strong> for no.</p>","","","testing","KVAQWXZQF","k","[""morphemeXmorcode""]","true","","",""
"1323","k","html-keyboard-response","754","1924178","0.0-24.0-0.96","67269f439696d166fbb74e09","69d7901e3430d13455efb336","69e64bfc4a837f70e9680240","<p style=""font-size: 30px"">&emsp;</p><br><p style=""font-size: 60px; font-family: FragmentMono"">CQBFSTUXE<p style=""font-size: 15px"">Press <strong>k</strong> for yes, <strong>d</strong> for no.</p>","","","testing","CQBFSTUXE","k","[""morphemeXmorpheme""]","true","","",""
"1316","d","html-keyboard-response","755","1925494","0.0-24.0-0.97","67269f439696d166fbb74e09","69d7901e3430d13455efb336","69e64bfc4a837f70e9680240","<p style=""font-size: 30px"">&emsp;</p><br><p style=""font-size: 60px; font-family: FragmentMono"">CHASSVDIS<p style=""font-size: 15px"">Press <strong>k</strong> for yes, <strong>d</strong> for no.</p>","","","testing","CHASSVDIS","k","[""morcodeXmorpheme""]","false","","",""
"1316","d","html-keyboard-response","756","1926811","0.0-24.0-0.98","67269f439696d166fbb74e09","69d7901e3430d13455efb336","69e64bfc4a837f70e9680240","<p style=""font-size: 30px"">&emsp;</p><br><p style=""font-size: 60px; font-family: FragmentMono"">PKCBHSMUN<p style=""font-size: 15px"">Press <strong>k</strong> for yes, <strong>d</strong> for no.</p>","","","testing","PKCBHSMUN","d","[""morcodeXmorcode""]","true","","",""
"875","d","html-keyboard-response","757","1927685","0.0-24.0-0.99","67269f439696d166fbb74e09","69d7901e3430d13455efb336","69e64bfc4a837f70e9680240","<p style=""font-size: 30px"">&emsp;</p><br><p style=""font-size: 60px; font-family: FragmentMono"">SJNXFPZKS<p style=""font-size: 15px"">Press <strong>k</strong> for yes, <strong>d</strong> for no.</p>","","","testing","SJNXFPZKS","k","[""morcodeXmorpheme""]","false","","",""
"1131","d","html-keyboard-response","758","1928816","0.0-24.0-0.100","67269f439696d166fbb74e09","69d7901e3430d13455efb336","69e64bfc4a837f70e9680240","<p style=""font-size: 30px"">&emsp;</p><br><p style=""font-size: 60px; font-family: FragmentMono"">QZBPQDZ<p style=""font-size: 15px"">Press <strong>k</strong> for yes, <strong>d</strong> for no.</p>","","","testing","QZBPQDZ","d","[""morcodeXmorcode""]","true","","",""
"942","k","html-keyboard-response","759","1929758","0.0-24.0-0.101","67269f439696d166fbb74e09","69d7901e3430d13455efb336","69e64bfc4a837f70e9680240","<p style=""font-size: 30px"">&emsp;</p><br><p style=""font-size: 60px; font-family: FragmentMono"">VNJVSLXG<p style=""font-size: 15px"">Press <strong>k</strong> for yes, <strong>d</strong> for no.</p>","","","testing","VNJVSLXG","k","[""morphemeXmorpheme""]","true","","",""
"853","k","html-keyboard-response","760","1930612","0.0-24.0-0.102","67269f439696d166fbb74e09","69d7901e3430d13455efb336","69e64bfc4a837f70e9680240","<p style=""font-size: 30px"">&emsp;</p><br><p style=""font-size: 60px; font-family: FragmentMono"">VEVCHJBUD<p style=""font-size: 15px"">Press <strong>k</strong> for yes, <strong>d</strong> for no.</p>","","","testing","VEVCHJBUD","k","[""morphemeXmorpheme""]","true","","",""
"902","k","html-keyboard-response","761","1931514","0.0-24.0-0.103","67269f439696d166fbb74e09","69d7901e3430d13455efb336","69e64bfc4a837f70e9680240","<p style=""font-size: 30px"">&emsp;</p><br><p style=""font-size: 60px; font-family: FragmentMono"">YIUGPZKS<p style=""font-size: 15px"">Press <strong>k</strong> for yes, <strong>d</strong> for no.</p>","","","testing","YIUGPZKS","d","[""morphemeXmorpheme""]","false","","",""
"1167","d","html-keyboard-response","762","1932682","0.0-24.0-0.104","67269f439696d166fbb74e09","69d7901e3430d13455efb336","69e64bfc4a837f70e9680240","<p style=""font-size: 30px"">&emsp;</p><br><p style=""font-size: 60px; font-family: FragmentMono"">JZQMJQFMC<p style=""font-size: 15px"">Press <strong>k</strong> for yes, <strong>d</strong> for no.</p>","","","testing","JZQMJQFMC","d","[""morcodeXmorcode""]","true","","",""
"1062","d","html-keyboard-response","763","1933744","0.0-24.0-0.105","67269f439696d166fbb74e09","69d7901e3430d13455efb336","69e64bfc4a837f70e9680240","<p style=""font-size: 30px"">&emsp;</p><br><p style=""font-size: 60px; font-family: FragmentMono"">OXVJLOLHX<p style=""font-size: 15px"">Press <strong>k</strong> for yes, <strong>d</strong> for no.</p>","","","testing","OXVJLOLHX","d","[""morcodeXmorcode""]","true","","",""
"880","d","html-keyboard-response","764","1934625","0.0-24.0-0.106","67269f439696d166fbb74e09","69d7901e3430d13455efb336","69e64bfc4a837f70e9680240","<p style=""font-size: 30px"">&emsp;</p><br><p style=""font-size: 60px; font-family: FragmentMono"">BABJYFHR<p style=""font-size: 15px"">Press <strong>k</strong> for yes, <strong>d</strong> for no.</p>","","","testing","BABJYFHR","d","[""morcodeXmorcode""]","true","","",""
"1146","d","html-keyboard-response","765","1935771","0.0-24.0-0.107","67269f439696d166fbb74e09","69d7901e3430d13455efb336","69e64bfc4a837f70e9680240","<p style=""font-size: 30px"">&emsp;</p><br><p style=""font-size: 60px; font-family: FragmentMono"">XUDJMKUZ<p style=""font-size: 15px"">Press <strong>k</strong> for yes, <strong>d</strong> for no.</p>","","","testing","XUDJMKUZ","d","[""morcodeXmorcode""]","true","","",""
"905","k","html-keyboard-response","766","1936677","0.0-24.0-0.108","67269f439696d166fbb74e09","69d7901e3430d13455efb336","69e64bfc4a837f70e9680240","<p style=""font-size: 30px"">&emsp;</p><br><p style=""font-size: 60px; font-family: FragmentMono"">FSZRQHS<p style=""font-size: 15px"">Press <strong>k</strong> for yes, <strong>d</strong> for no.</p>","","","testing","FSZRQHS","k","[""morphemeXmorcode""]","true","","",""
"735","d","html-keyboard-response","767","1937413","0.0-24.0-0.109","67269f439696d166fbb74e09","69d7901e3430d13455efb336","69e64bfc4a837f70e9680240","<p style=""font-size: 30px"">&emsp;</p><br><p style=""font-size: 60px; font-family: FragmentMono"">EYLHJBUD<p style=""font-size: 15px"">Press <strong>k</strong> for yes, <strong>d</strong> for no.</p>","","","testing","EYLHJBUD","k","[""morcodeXmorpheme""]","false","","",""
"1689","d","html-keyboard-response","768","1939102","0.0-24.0-0.110","67269f439696d166fbb74e09","69d7901e3430d13455efb336","69e64bfc4a837f70e9680240","<p style=""font-size: 30px"">&emsp;</p><br><p style=""font-size: 60px; font-family: FragmentMono"">MVIVILXG<p style=""font-size: 15px"">Press <strong>k</strong> for yes, <strong>d</strong> for no.</p>","","","testing","MVIVILXG","k","[""morcodeXmorpheme""]","false","","",""
"885","k","html-keyboard-response","769","1939987","0.0-24.0-0.111","67269f439696d166fbb74e09","69d7901e3430d13455efb336","69e64bfc4a837f70e9680240","<p style=""font-size: 30px"">&emsp;</p><br><p style=""font-size: 60px; font-family: FragmentMono"">PJPTIJBUD<p style=""font-size: 15px"">Press <strong>k</strong> for yes, <strong>d</strong> for no.</p>","","","testing","PJPTIJBUD","k","[""morphemeXmorpheme""]","true","","",""
"837","k","html-keyboard-response","770","1940825","0.0-24.0-0.112","67269f439696d166fbb74e09","69d7901e3430d13455efb336","69e64bfc4a837f70e9680240","<p style=""font-size: 30px"">&emsp;</p><br><p style=""font-size: 60px; font-family: FragmentMono"">MFELELG<p style=""font-size: 15px"">Press <strong>k</strong> for yes, <strong>d</strong> for no.</p>","","","testing","MFELELG","k","[""morphemeXmorcode""]","true","","",""
"763","d","html-keyboard-response","771","1941588","0.0-24.0-0.113","67269f439696d166fbb74e09","69d7901e3430d13455efb336","69e64bfc4a837f70e9680240","<p style=""font-size: 30px"">&emsp;</p><br><p style=""font-size: 60px; font-family: FragmentMono"">SHXVKBZE<p style=""font-size: 15px"">Press <strong>k</strong> for yes, <strong>d</strong> for no.</p>","","","testing","SHXVKBZE","k","[""morcodeXmorpheme""]","false","","",""
"1023","k","html-keyboard-response","772","1942611","0.0-24.0-0.114","67269f439696d166fbb74e09","69d7901e3430d13455efb336","69e64bfc4a837f70e9680240","<p style=""font-size: 30px"">&emsp;</p><br><p style=""font-size: 60px; font-family: FragmentMono"">KVAQWPBKN<p style=""font-size: 15px"">Press <strong>k</strong> for yes, <strong>d</strong> for no.</p>","","","testing","KVAQWPBKN","d","[""morphemeXmorpheme""]","false","","",""
"1081","k","html-keyboard-response","773","1943693","0.0-24.0-0.115","67269f439696d166fbb74e09","69d7901e3430d13455efb336","69e64bfc4a837f70e9680240","<p style=""font-size: 30px"">&emsp;</p><br><p style=""font-size: 60px; font-family: FragmentMono"">PJPTIZQA<p style=""font-size: 15px"">Press <strong>k</strong> for yes, <strong>d</strong> for no.</p>","","","testing","PJPTIZQA","d","[""morphemeXmorpheme""]","false","","",""
"880","d","html-keyboard-response","774","1944573","0.0-24.0-0.116","67269f439696d166fbb74e09","69d7901e3430d13455efb336","69e64bfc4a837f70e9680240","<p style=""font-size: 30px"">&emsp;</p><br><p style=""font-size: 60px; font-family: FragmentMono"">KLDSJXIXR<p style=""font-size: 15px"">Press <strong>k</strong> for yes, <strong>d</strong> for no.</p>","","","testing","KLDSJXIXR","d","[""morcodeXmorcode""]","true","","",""
"761","k","html-keyboard-response","775","1945335","0.0-24.0-0.117","67269f439696d166fbb74e09","69d7901e3430d13455efb336","69e64bfc4a837f70e9680240","<p style=""font-size: 30px"">&emsp;</p><br><p style=""font-size: 60px; font-family: FragmentMono"">MFELLXG<p style=""font-size: 15px"">Press <strong>k</strong> for yes, <strong>d</strong> for no.</p>","","","testing","MFELLXG","d","[""morphemeXmorpheme""]","false","","",""
"1169","k","html-keyboard-response","776","1946504","0.0-24.0-0.118","67269f439696d166fbb74e09","69d7901e3430d13455efb336","69e64bfc4a837f70e9680240","<p style=""font-size: 30px"">&emsp;</p><br><p style=""font-size: 60px; font-family: FragmentMono"">TREHPBKN<p style=""font-size: 15px"">Press <strong>k</strong> for yes, <strong>d</strong> for no.</p>","","","testing","TREHPBKN","k","[""morphemeXmorpheme""]","true","","",""
"1199","k","html-keyboard-response","777","1947704","0.0-24.0-0.119","67269f439696d166fbb74e09","69d7901e3430d13455efb336","69e64bfc4a837f70e9680240","<p style=""font-size: 30px"">&emsp;</p><br><p style=""font-size: 60px; font-family: FragmentMono"">FHICDTUXE<p style=""font-size: 15px"">Press <strong>k</strong> for yes, <strong>d</strong> for no.</p>","","","testing","FHICDTUXE","d","[""morphemeXmorpheme""]","false","","",""
"26169","{""testing_strategy"":""I tried to note the first four letters of the words""}","survey-html-form","778","1973874","0.0-25.0","67269f439696d166fbb74e09","69d7901e3430d13455efb336","69e64bfc4a837f70e9680240","","","","","","","","","","",""
"36261"," ","html-keyboard-response","779","2010136","0.0-26.0","67269f439696d166fbb74e09","69d7901e3430d13455efb336","69e64bfc4a837f70e9680240","<p style=""font-size: 30px"">You've made it to the meeting on time, fantastic! The world leaders want to write a message back to the aliens, and need you to help them recognise which letter combinations you saw in their language. You'll have the choice between 2 letter combinations: one which was in the communication you saw, and one that wasn't. It's important to be friendly with these aliens, so it's important that you make the right choice!</p>
      <p style=""font-size: 30px"">Press <strong>d</strong> if you think that the letter combination on the <strong>left</strong> is the one you saw, or <strong>k</strong> if you think that it's the one on the <strong>right</strong>.</p>
      <p style=""font-size: 30px"">Press the spacebar when you're ready to begin.</p>","","","","","","","","","",""
"1063","d","html-keyboard-response","780","2011200","0.0-27.0-0.0","67269f439696d166fbb74e09","69d7901e3430d13455efb336","69e64bfc4a837f70e9680240","<p style=""font-size: 30px;"">Which letter combination have you already seen?</p><br><p style=""font-size: 60px; font-family: FragmentMono"">CELFX&emsp;&emsp;&emsp;&emsp;LQUJO<p style=""font-size: 15px"">Press <strong>d</strong> for this letter combination&emsp;&emsp;&emsp;&emsp;&emsp;&emsp;&emsp;&emsp;&emsp;&emsp;&emsp;Press <strong>k</strong> for this letter combination</p>","","","familiarity","","d","","true","CELFX","LQUJO",""
"1022","d","html-keyboard-response","781","2012223","0.0-27.0-0.1","67269f439696d166fbb74e09","69d7901e3430d13455efb336","69e64bfc4a837f70e9680240","<p style=""font-size: 30px;"">Which letter combination have you already seen?</p><br><p style=""font-size: 60px; font-family: FragmentMono"">PJPTI&emsp;&emsp;&emsp;&emsp;DRNXR<p style=""font-size: 15px"">Press <strong>d</strong> for this letter combination&emsp;&emsp;&emsp;&emsp;&emsp;&emsp;&emsp;&emsp;&emsp;&emsp;&emsp;Press <strong>k</strong> for this letter combination</p>","","","familiarity","","d","","true","PJPTI","DRNXR",""
"1294","d","html-keyboard-response","782","2013517","0.0-27.0-0.2","67269f439696d166fbb74e09","69d7901e3430d13455efb336","69e64bfc4a837f70e9680240","<p style=""font-size: 30px;"">Which letter combination have you already seen?</p><br><p style=""font-size: 60px; font-family: FragmentMono"">EIEQN&emsp;&emsp;&emsp;&emsp;PBIQU<p style=""font-size: 15px"">Press <strong>d</strong> for this letter combination&emsp;&emsp;&emsp;&emsp;&emsp;&emsp;&emsp;&emsp;&emsp;&emsp;&emsp;Press <strong>k</strong> for this letter combination</p>","","","familiarity","","d","","true","EIEQN","PBIQU",""
"1352","k","html-keyboard-response","783","2014870","0.0-27.0-0.3","67269f439696d166fbb74e09","69d7901e3430d13455efb336","69e64bfc4a837f70e9680240","<p style=""font-size: 30px"">&emsp;</p><br><p style=""font-size: 60px; font-family: FragmentMono"">SHSP&emsp;&emsp;&emsp;&emsp;TUXE<p style=""font-size: 15px"">Press <strong>d</strong> for this letter combination&emsp;&emsp;&emsp;&emsp;&emsp;&emsp;&emsp;&emsp;&emsp;&emsp;Press <strong>k</strong> for this letter combination</p>","","","familiarity","","k","","true","TUXE","SHSP",""
"992","d","html-keyboard-response","784","2015862","0.0-27.0-0.4","67269f439696d166fbb74e09","69d7901e3430d13455efb336","69e64bfc4a837f70e9680240","<p style=""font-size: 30px"">&emsp;</p><br><p style=""font-size: 60px; font-family: FragmentMono"">FSZR&emsp;&emsp;&emsp;&emsp;ZOWZ<p style=""font-size: 15px"">Press <strong>d</strong> for this letter combination&emsp;&emsp;&emsp;&emsp;&emsp;&emsp;&emsp;&emsp;&emsp;&emsp;Press <strong>k</strong> for this letter combination</p>","","","familiarity","","d","","true","FSZR","ZOWZ",""
"1246","k","html-keyboard-response","785","2017109","0.0-27.0-0.5","67269f439696d166fbb74e09","69d7901e3430d13455efb336","69e64bfc4a837f70e9680240","<p style=""font-size: 30px"">&emsp;</p><br><p style=""font-size: 60px; font-family: FragmentMono"">PGNXD&emsp;&emsp;&emsp;&emsp;RKXAH<p style=""font-size: 15px"">Press <strong>d</strong> for this letter combination&emsp;&emsp;&emsp;&emsp;&emsp;&emsp;&emsp;&emsp;&emsp;&emsp;Press <strong>k</strong> for this letter combination</p>","","","familiarity","","k","","true","RKXAH","PGNXD",""
"1511","k","html-keyboard-response","786","2018620","0.0-27.0-0.6","67269f439696d166fbb74e09","69d7901e3430d13455efb336","69e64bfc4a837f70e9680240","<p style=""font-size: 30px"">&emsp;</p><br><p style=""font-size: 60px; font-family: FragmentMono"">LXG&emsp;&emsp;&emsp;&emsp;SXD<p style=""font-size: 15px"">Press <strong>d</strong> for this letter combination&emsp;&emsp;&emsp;&emsp;&emsp;&emsp;&emsp;&emsp;&emsp;&emsp;Press <strong>k</strong> for this letter combination</p>","","","familiarity","","d","","false","LXG","SXD",""
"1017","d","html-keyboard-response","787","2019638","0.0-27.0-0.7","67269f439696d166fbb74e09","69d7901e3430d13455efb336","69e64bfc4a837f70e9680240","<p style=""font-size: 30px"">&emsp;</p><br><p style=""font-size: 60px; font-family: FragmentMono"">CHTLQ&emsp;&emsp;&emsp;&emsp;KSBZJ<p style=""font-size: 15px"">Press <strong>d</strong> for this letter combination&emsp;&emsp;&emsp;&emsp;&emsp;&emsp;&emsp;&emsp;&emsp;&emsp;Press <strong>k</strong> for this letter combination</p>","","","familiarity","","d","","true","CHTLQ","KSBZJ",""
"1413","d","html-keyboard-response","788","2021051","0.0-27.0-0.8","67269f439696d166fbb74e09","69d7901e3430d13455efb336","69e64bfc4a837f70e9680240","<p style=""font-size: 30px"">&emsp;</p><br><p style=""font-size: 60px; font-family: FragmentMono"">JBUD&emsp;&emsp;&emsp;&emsp;HNIS<p style=""font-size: 15px"">Press <strong>d</strong> for this letter combination&emsp;&emsp;&emsp;&emsp;&emsp;&emsp;&emsp;&emsp;&emsp;&emsp;Press <strong>k</strong> for this letter combination</p>","","","familiarity","","d","","true","JBUD","HNIS",""
"1463","d","html-keyboard-response","789","2022515","0.0-27.0-0.9","67269f439696d166fbb74e09","69d7901e3430d13455efb336","69e64bfc4a837f70e9680240","<p style=""font-size: 30px"">&emsp;</p><br><p style=""font-size: 60px; font-family: FragmentMono"">TGPV&emsp;&emsp;&emsp;&emsp;UPMC<p style=""font-size: 15px"">Press <strong>d</strong> for this letter combination&emsp;&emsp;&emsp;&emsp;&emsp;&emsp;&emsp;&emsp;&emsp;&emsp;Press <strong>k</strong> for this letter combination</p>","","","familiarity","","d","","true","TGPV","UPMC",""
"1768","k","html-keyboard-response","790","2024284","0.0-27.0-0.10","67269f439696d166fbb74e09","69d7901e3430d13455efb336","69e64bfc4a837f70e9680240","<p style=""font-size: 30px"">&emsp;</p><br><p style=""font-size: 60px; font-family: FragmentMono"">ZKGBF&emsp;&emsp;&emsp;&emsp;YWQLA<p style=""font-size: 15px"">Press <strong>d</strong> for this letter combination&emsp;&emsp;&emsp;&emsp;&emsp;&emsp;&emsp;&emsp;&emsp;&emsp;Press <strong>k</strong> for this letter combination</p>","","","familiarity","","k","","true","YWQLA","ZKGBF",""
"1631","d","html-keyboard-response","791","2025916","0.0-27.0-0.11","67269f439696d166fbb74e09","69d7901e3430d13455efb336","69e64bfc4a837f70e9680240","<p style=""font-size: 30px"">&emsp;</p><br><p style=""font-size: 60px; font-family: FragmentMono"">QVZ&emsp;&emsp;&emsp;&emsp;DRM<p style=""font-size: 15px"">Press <strong>d</strong> for this letter combination&emsp;&emsp;&emsp;&emsp;&emsp;&emsp;&emsp;&emsp;&emsp;&emsp;Press <strong>k</strong> for this letter combination</p>","","","familiarity","","d","","true","QVZ","DRM",""
"930","d","html-keyboard-response","792","2026846","0.0-27.0-0.12","67269f439696d166fbb74e09","69d7901e3430d13455efb336","69e64bfc4a837f70e9680240","<p style=""font-size: 30px"">&emsp;</p><br><p style=""font-size: 60px; font-family: FragmentMono"">JBNI&emsp;&emsp;&emsp;&emsp;VBMT<p style=""font-size: 15px"">Press <strong>d</strong> for this letter combination&emsp;&emsp;&emsp;&emsp;&emsp;&emsp;&emsp;&emsp;&emsp;&emsp;Press <strong>k</strong> for this letter combination</p>","","","familiarity","","d","","true","JBNI","VBMT",""
"1471","k","html-keyboard-response","793","2028317","0.0-27.0-0.13","67269f439696d166fbb74e09","69d7901e3430d13455efb336","69e64bfc4a837f70e9680240","<p style=""font-size: 30px"">&emsp;</p><br><p style=""font-size: 60px; font-family: FragmentMono"">BZE&emsp;&emsp;&emsp;&emsp;FYG<p style=""font-size: 15px"">Press <strong>d</strong> for this letter combination&emsp;&emsp;&emsp;&emsp;&emsp;&emsp;&emsp;&emsp;&emsp;&emsp;Press <strong>k</strong> for this letter combination</p>","","","familiarity","","d","","false","BZE","FYG",""
"1446","k","html-keyboard-response","794","2029764","0.0-27.0-0.14","67269f439696d166fbb74e09","69d7901e3430d13455efb336","69e64bfc4a837f70e9680240","<p style=""font-size: 30px"">&emsp;</p><br><p style=""font-size: 60px; font-family: FragmentMono"">AKYS&emsp;&emsp;&emsp;&emsp;PZKS<p style=""font-size: 15px"">Press <strong>d</strong> for this letter combination&emsp;&emsp;&emsp;&emsp;&emsp;&emsp;&emsp;&emsp;&emsp;&emsp;Press <strong>k</strong> for this letter combination</p>","","","familiarity","","k","","true","PZKS","AKYS",""
"1149","d","html-keyboard-response","795","2030913","0.0-27.0-0.15","67269f439696d166fbb74e09","69d7901e3430d13455efb336","69e64bfc4a837f70e9680240","<p style=""font-size: 30px"">&emsp;</p><br><p style=""font-size: 60px; font-family: FragmentMono"">UYAF&emsp;&emsp;&emsp;&emsp;YUFA<p style=""font-size: 15px"">Press <strong>d</strong> for this letter combination&emsp;&emsp;&emsp;&emsp;&emsp;&emsp;&emsp;&emsp;&emsp;&emsp;Press <strong>k</strong> for this letter combination</p>","","","familiarity","","d","","true","UYAF","YUFA",""
"1860","d","html-keyboard-response","796","2032774","0.0-27.0-0.16","67269f439696d166fbb74e09","69d7901e3430d13455efb336","69e64bfc4a837f70e9680240","<p style=""font-size: 30px"">&emsp;</p><br><p style=""font-size: 60px; font-family: FragmentMono"">VDIS&emsp;&emsp;&emsp;&emsp;FZLF<p style=""font-size: 15px"">Press <strong>d</strong> for this letter combination&emsp;&emsp;&emsp;&emsp;&emsp;&emsp;&emsp;&emsp;&emsp;&emsp;Press <strong>k</strong> for this letter combination</p>","","","familiarity","","d","","true","VDIS","FZLF",""
"1489","k","html-keyboard-response","797","2034264","0.0-27.0-0.17","67269f439696d166fbb74e09","69d7901e3430d13455efb336","69e64bfc4a837f70e9680240","<p style=""font-size: 30px"">&emsp;</p><br><p style=""font-size: 60px; font-family: FragmentMono"">JLSE&emsp;&emsp;&emsp;&emsp;SCEI<p style=""font-size: 15px"">Press <strong>d</strong> for this letter combination&emsp;&emsp;&emsp;&emsp;&emsp;&emsp;&emsp;&emsp;&emsp;&emsp;Press <strong>k</strong> for this letter combination</p>","","","familiarity","","k","","true","SCEI","JLSE",""
"1688","d","html-keyboard-response","798","2035951","0.0-27.0-0.18","67269f439696d166fbb74e09","69d7901e3430d13455efb336","69e64bfc4a837f70e9680240","<p style=""font-size: 30px"">&emsp;</p><br><p style=""font-size: 60px; font-family: FragmentMono"">RZDE&emsp;&emsp;&emsp;&emsp;TREH<p style=""font-size: 15px"">Press <strong>d</strong> for this letter combination&emsp;&emsp;&emsp;&emsp;&emsp;&emsp;&emsp;&emsp;&emsp;&emsp;Press <strong>k</strong> for this letter combination</p>","","","familiarity","","k","","false","TREH","RZDE",""
"2004","k","html-keyboard-response","799","2037956","0.0-27.0-0.19","67269f439696d166fbb74e09","69d7901e3430d13455efb336","69e64bfc4a837f70e9680240","<p style=""font-size: 30px"">&emsp;</p><br><p style=""font-size: 60px; font-family: FragmentMono"">PBKN&emsp;&emsp;&emsp;&emsp;NJLI<p style=""font-size: 15px"">Press <strong>d</strong> for this letter combination&emsp;&emsp;&emsp;&emsp;&emsp;&emsp;&emsp;&emsp;&emsp;&emsp;Press <strong>k</strong> for this letter combination</p>","","","familiarity","","d","","false","PBKN","NJLI",""
"812","d","html-keyboard-response","800","2038769","0.0-27.0-0.20","67269f439696d166fbb74e09","69d7901e3430d13455efb336","69e64bfc4a837f70e9680240","<p style=""font-size: 30px"">&emsp;</p><br><p style=""font-size: 60px; font-family: FragmentMono"">MFEL&emsp;&emsp;&emsp;&emsp;WPBQ<p style=""font-size: 15px"">Press <strong>d</strong> for this letter combination&emsp;&emsp;&emsp;&emsp;&emsp;&emsp;&emsp;&emsp;&emsp;&emsp;Press <strong>k</strong> for this letter combination</p>","","","familiarity","","d","","true","MFEL","WPBQ",""
"1560","k","html-keyboard-response","801","2040329","0.0-27.0-0.21","67269f439696d166fbb74e09","69d7901e3430d13455efb336","69e64bfc4a837f70e9680240","<p style=""font-size: 30px"">&emsp;</p><br><p style=""font-size: 60px; font-family: FragmentMono"">PWEXE&emsp;&emsp;&emsp;&emsp;VNJVS<p style=""font-size: 15px"">Press <strong>d</strong> for this letter combination&emsp;&emsp;&emsp;&emsp;&emsp;&emsp;&emsp;&emsp;&emsp;&emsp;Press <strong>k</strong> for this letter combination</p>","","","familiarity","","k","","true","VNJVS","PWEXE",""
"1246","d","html-keyboard-response","802","2041576","0.0-27.0-0.22","67269f439696d166fbb74e09","69d7901e3430d13455efb336","69e64bfc4a837f70e9680240","<p style=""font-size: 30px"">&emsp;</p><br><p style=""font-size: 60px; font-family: FragmentMono"">KVAQW&emsp;&emsp;&emsp;&emsp;QANKY<p style=""font-size: 15px"">Press <strong>d</strong> for this letter combination&emsp;&emsp;&emsp;&emsp;&emsp;&emsp;&emsp;&emsp;&emsp;&emsp;Press <strong>k</strong> for this letter combination</p>","","","familiarity","","d","","true","KVAQW","QANKY",""
"1495","k","html-keyboard-response","803","2043071","0.0-27.0-0.23","67269f439696d166fbb74e09","69d7901e3430d13455efb336","69e64bfc4a837f70e9680240","<p style=""font-size: 30px"">&emsp;</p><br><p style=""font-size: 60px; font-family: FragmentMono"">APQHT&emsp;&emsp;&emsp;&emsp;CQBFS<p style=""font-size: 15px"">Press <strong>d</strong> for this letter combination&emsp;&emsp;&emsp;&emsp;&emsp;&emsp;&emsp;&emsp;&emsp;&emsp;Press <strong>k</strong> for this letter combination</p>","","","familiarity","","k","","true","CQBFS","APQHT",""
"2020","k","html-keyboard-response","804","2045091","0.0-27.0-0.24","67269f439696d166fbb74e09","69d7901e3430d13455efb336","69e64bfc4a837f70e9680240","<p style=""font-size: 30px"">&emsp;</p><br><p style=""font-size: 60px; font-family: FragmentMono"">CWGEV&emsp;&emsp;&emsp;&emsp;VEVCH<p style=""font-size: 15px"">Press <strong>d</strong> for this letter combination&emsp;&emsp;&emsp;&emsp;&emsp;&emsp;&emsp;&emsp;&emsp;&emsp;Press <strong>k</strong> for this letter combination</p>","","","familiarity","","k","","true","VEVCH","CWGEV",""
"1610","d","html-keyboard-response","805","2046702","0.0-27.0-0.25","67269f439696d166fbb74e09","69d7901e3430d13455efb336","69e64bfc4a837f70e9680240","<p style=""font-size: 30px"">&emsp;</p><br><p style=""font-size: 60px; font-family: FragmentMono"">YIUG&emsp;&emsp;&emsp;&emsp;BHPZ<p style=""font-size: 15px"">Press <strong>d</strong> for this letter combination&emsp;&emsp;&emsp;&emsp;&emsp;&emsp;&emsp;&emsp;&emsp;&emsp;Press <strong>k</strong> for this letter combination</p>","","","familiarity","","d","","true","YIUG","BHPZ",""
"1344","k","html-keyboard-response","806","2048046","0.0-27.0-0.26","67269f439696d166fbb74e09","69d7901e3430d13455efb336","69e64bfc4a837f70e9680240","<p style=""font-size: 30px"">&emsp;</p><br><p style=""font-size: 60px; font-family: FragmentMono"">HJZOG&emsp;&emsp;&emsp;&emsp;NXGQG<p style=""font-size: 15px"">Press <strong>d</strong> for this letter combination&emsp;&emsp;&emsp;&emsp;&emsp;&emsp;&emsp;&emsp;&emsp;&emsp;Press <strong>k</strong> for this letter combination</p>","","","familiarity","","k","","true","NXGQG","HJZOG",""
"1631","k","html-keyboard-response","807","2049677","0.0-27.0-0.27","67269f439696d166fbb74e09","69d7901e3430d13455efb336","69e64bfc4a837f70e9680240","<p style=""font-size: 30px"">&emsp;</p><br><p style=""font-size: 60px; font-family: FragmentMono"">SYJEO&emsp;&emsp;&emsp;&emsp;FHICD<p style=""font-size: 15px"">Press <strong>d</strong> for this letter combination&emsp;&emsp;&emsp;&emsp;&emsp;&emsp;&emsp;&emsp;&emsp;&emsp;Press <strong>k</strong> for this letter combination</p>","","","familiarity","","k","","true","FHICD","SYJEO",""
"1456","k","html-keyboard-response","808","2051133","0.0-27.0-0.28","67269f439696d166fbb74e09","69d7901e3430d13455efb336","69e64bfc4a837f70e9680240","<p style=""font-size: 30px"">&emsp;</p><br><p style=""font-size: 60px; font-family: FragmentMono"">UYBKD&emsp;&emsp;&emsp;&emsp;EOSUX<p style=""font-size: 15px"">Press <strong>d</strong> for this letter combination&emsp;&emsp;&emsp;&emsp;&emsp;&emsp;&emsp;&emsp;&emsp;&emsp;Press <strong>k</strong> for this letter combination</p>","","","familiarity","","k","","true","EOSUX","UYBKD",""
"1330","d","html-keyboard-response","809","2052463","0.0-27.0-0.29","67269f439696d166fbb74e09","69d7901e3430d13455efb336","69e64bfc4a837f70e9680240","<p style=""font-size: 30px"">&emsp;</p><br><p style=""font-size: 60px; font-family: FragmentMono"">TUZ&emsp;&emsp;&emsp;&emsp;ZQA<p style=""font-size: 15px"">Press <strong>d</strong> for this letter combination&emsp;&emsp;&emsp;&emsp;&emsp;&emsp;&emsp;&emsp;&emsp;&emsp;Press <strong>k</strong> for this letter combination</p>","","","familiarity","","k","","false","ZQA","TUZ",""
"8117"," ","html-keyboard-response","810","2060580","0.0-28.0","67269f439696d166fbb74e09","69d7901e3430d13455efb336","69e64bfc4a837f70e9680240","<p style=""font-size: 30px"">Thank you for your help deciphering these alien communications! In this final part, we'd like you to answer the following questions on your history, use, proficiency, and attitudes towards your own languages.</p>
      <p style=""font-size: 30px"">The questionnaire contains 19 questions and will take only 10 minutes. Please answer every question honestly: this way we'll be able to guarantee a good outcome for this experiment.</p>
      <p style=""font-size: 30px"">Press the spacebar to begin.</p>","","","","","","","","","",""
"37277","{""Age"":""24"",""Gender"":""Man"",""Education"":""College"",""L1"":""English"",""L2"":""n/a"",""L3"":""n/a"",""L4"":""n/a"",""otherLs"":""n/a""}","survey-html-form","811","2097859","0.0-29.0","67269f439696d166fbb74e09","69d7901e3430d13455efb336","69e64bfc4a837f70e9680240","","","","","","","","","","","bio_info"
"50844","{""AoAL1"":""0"",""AoEaseL1"":""0"",""yearsEduL1"":""17"",""yearsCountryL1"":""20+"",""yearsFamilyL1"":""20+"",""yearsWorkL1"":""3""}","survey-html-form","812","2148717","0.0-30.0","67269f439696d166fbb74e09","69d7901e3430d13455efb336","69e64bfc4a837f70e9680240","","","","","","","","","","","history_info"
"16235","{""PercFriendsL1"":""100"",""PercFamilyL1"":""100"",""PercWorkL1"":""100"",""PercSelfL1"":""100"",""PercCountL1"":""100""}","survey-html-form","813","2164958","0.0-31.0-0.0-0.0","67269f439696d166fbb74e09","69d7901e3430d13455efb336","69e64bfc4a837f70e9680240","","","","","","","","","","","use_info"
"16888","{""ProfSpeakL1"":""6"",""ProfUnderstandL1"":""6"",""ProfReadL1"":""6"",""AttentionL1"":""2"",""ProfWriteL1"":""6""}","survey-html-form","814","2181848","0.0-32.0","67269f439696d166fbb74e09","69d7901e3430d13455efb336","69e64bfc4a837f70e9680240","","","","","","","","","","","proficiency_info"
"20369","{""AttSelfL1"":""6"",""AttCultureL1"":""6"",""AttNativeLevelL1"":""6"",""AttMothertongueL1"":""6""}","survey-html-form","815","2202214","0.0-33.0","67269f439696d166fbb74e09","69d7901e3430d13455efb336","69e64bfc4a837f70e9680240","","","","","","","","","","","attitudes_info"
"13764","h","html-keyboard-response","816","2215977","0.0-34.0","67269f439696d166fbb74e09","69d7901e3430d13455efb336","69e64bfc4a837f70e9680240","<p style=""font-size: 30px""><u>Goal of the study:</u> This experiment intends to test if people with more experience with more languages are more capable of unconsciously processing statistical information of new words. The alien words you saw at the beginning of the study belonged to two different languages, and this difference was displayed in how word parts were assembled together. Thank you for your participation!</p>
      <p style=""font-size: 30px"">Data upload will take a few seconds. Please wait briefly, then you will be redirected to Prolific with your completion code. Press any key now to do so.</p>","","","","","","","","","",""
