"rt","response","trial_type","trial_index","time_elapsed","internal_node_id","subject_id","study_id","session_id","stimulus","question_order","success","task","item","correct_response","testing_condition","correct","target","confound","name"
"12836","{""ID"":""69a5e91eee249ee63d49f9ca""}","survey-html-form","0","12838","0.0-0.0","69a5e91eee249ee63d49f9ca","69d7901e3430d13455efb336","69e63e7a8f895ea377fa11c9","","","","","","","","","","",""
"11683"," ","html-keyboard-response","1","24523","0.0-1.0","69a5e91eee249ee63d49f9ca","69d7901e3430d13455efb336","69e63e7a8f895ea377fa11c9","<p style=""font-size: 30px;"">Before beginning, we ask that you read the consent information and confirm your agreement to participate in the experiment.</p>
      <p style=""font-size: 30px;""> We ask that you remember that this is a research project and that your participation is entirely voluntary. You can stop your participation at any time, without needing to provide any explanation. The study we're asking you to participate in aims at examining how readers process written words. You will be engaged in a session of apprximately 25-30 minutes, followed by a brief questionnaire. You will have the opportunity to take a few breaks during the experiment. You will be paid £4 for your participation, corresponding to a rate of £8/hour. While this experiment looks at cognitive faculties, this experiment doesn't constitute clinical proof of eventual pathologies.</p>
      <p style=""font-size: 30px;"">All of the information collected thanks to yours and others' participation will be held in a secure password-protected server, and will not be shared with anyone not authorised to view it. Your personal information will be kept with an arbitrary participant ID. Thanks to this data anonymity process, any researcher analysing the data won't be able to track the information back to a specific participant. Therefore, this process will make identifying you impossibile, even when results from the study will be published in scientific reviews, presented at congresses, or at any other public forum. More generally, the collected data will be treated in accordance with the laws on privacy and conformity to the Legislative Degree n. 196 ""Code regarding the protection of personal data"" of the 30th of June 2003 and to the European Regulation 2016/670 (General Data Protection Regulation - GDPR). The Data Protection Officer is Avv. Valentina Carollo, who can be contacted at the following email addresses: <a href=""mailto:dpo@sissa.it"">dpo@sissa.it</a> or <a href=""mailto:rpd@sissa.it"">rpd@sissa.it</a> - PEC: <a href=""mailto:protocollo@pec.sissa.it"">protocollo@pec.sissa.it</a>.</p>
      <p style=""font-size: 30px;""> Before expressing your consent to participate, we would like to remind you again that in case you need explanations on any aspect of the experimental procedure, the researcher is at your disposition (<a href=""mailto:aliebelt@sissa.it"">aliebelt@sissa.it</a>, <a href=""mailto:davide.crepaldi@sissa.it"">davide.crepaldi@sissa.it</a>). Please feel free to contact the researcher through the Messaging feature on Prolific if you have any questions or issues.</p>
      <p style=""font-size: 30px;"">If you would like to download the informed consent form, you can do so here: <a href=""BASL-Informed_Consent.pdf"" download>informed consent form</a>.</p>
      <p style=""font-size: 30px;"">We ask that you press the spacebar to proceed to the consent section.</p>","","","","","","","","","",""
"11516","{""consent1"":""YES"",""consent2"":""YES"",""consent3"":""YES"",""consent4"":""YES"",""consent5"":""YES"",""consent6"":""YES""}","survey-html-form","2","36041","0.0-2.0","69a5e91eee249ee63d49f9ca","69d7901e3430d13455efb336","69e63e7a8f895ea377fa11c9","","","","","","","","","","",""
"22013","{""Languages"":[""Dutch"",""English""]}","survey-multi-select","3","58098","0.0-3.0-0.0","69a5e91eee249ee63d49f9ca","69d7901e3430d13455efb336","69e63e7a8f895ea377fa11c9","","[0]","","","","","","","","",""
"2138","","fullscreen","4","61251","0.0-4.0","69a5e91eee249ee63d49f9ca","69d7901e3430d13455efb336","69e63e7a8f895ea377fa11c9","","","true","","","","","","","",""
"13623"," ","html-keyboard-response","5","74875","0.0-5.0","69a5e91eee249ee63d49f9ca","69d7901e3430d13455efb336","69e63e7a8f895ea377fa11c9","<p style=""font-size: 30px"">Welcome, and thank you very much for your time!</p>
      <p style=""font-size: 30px"">In this experiment, you'll be a language expert who's been asked to take a look at words that Earth has received in its first communication with aliens. Your task, in this first part of the experiment, is to pay close attention to the words you'll be shown; later, world leaders will ask you questions on what you saw. The words will be shown to you quite quickly; it seems that the aliens were in a hurry :-)</p>
      <p style=""font-size: 30px"">Press the spacebar to continue.<p>","","","","","","","","","",""
"null","null","html-keyboard-response","6","74882","0.0-6.0","69a5e91eee249ee63d49f9ca","69d7901e3430d13455efb336","69e63e7a8f895ea377fa11c9","<p style=""font-size: 1px; font-family: FragmentMono""> x </p>","","","","","","","","","",""
"null","null","html-keyboard-response","7","75887","0.0-7.0-0.0","69a5e91eee249ee63d49f9ca","69d7901e3430d13455efb336","69e63e7a8f895ea377fa11c9","<p style=""font-size: 60px; font-family: FragmentMono"">APQHTCAVY</p>","","","training","","","","","","",""
"null","null","html-keyboard-response","8","76900","0.0-7.0-0.1","69a5e91eee249ee63d49f9ca","69d7901e3430d13455efb336","69e63e7a8f895ea377fa11c9","<p style=""font-size: 60px; font-family: FragmentMono"">CFDTAUVIE</p>","","","training","","","","","","",""
"null","null","html-keyboard-response","9","77901","0.0-7.0-0.2","69a5e91eee249ee63d49f9ca","69d7901e3430d13455efb336","69e63e7a8f895ea377fa11c9","<p style=""font-size: 60px; font-family: FragmentMono"">FPKYRJMH</p>","","","training","","","","","","",""
"null","null","html-keyboard-response","10","78918","0.0-7.0-0.3","69a5e91eee249ee63d49f9ca","69d7901e3430d13455efb336","69e63e7a8f895ea377fa11c9","<p style=""font-size: 60px; font-family: FragmentMono"">OPFHSWDB</p>","","","training","","","","","","",""
"null","null","html-keyboard-response","11","79926","0.0-7.0-0.4","69a5e91eee249ee63d49f9ca","69d7901e3430d13455efb336","69e63e7a8f895ea377fa11c9","<p style=""font-size: 60px; font-family: FragmentMono"">CFDTAUCSU</p>","","","training","","","","","","",""
"null","null","html-keyboard-response","12","80935","0.0-7.0-0.5","69a5e91eee249ee63d49f9ca","69d7901e3430d13455efb336","69e63e7a8f895ea377fa11c9","<p style=""font-size: 60px; font-family: FragmentMono"">CQBFSWDRL</p>","","","training","","","","","","",""
"null","null","html-keyboard-response","13","81936","0.0-7.0-0.6","69a5e91eee249ee63d49f9ca","69d7901e3430d13455efb336","69e63e7a8f895ea377fa11c9","<p style=""font-size: 60px; font-family: FragmentMono"">WBCHAFN</p>","","","training","","","","","","",""
"null","null","html-keyboard-response","14","82952","0.0-7.0-0.7","69a5e91eee249ee63d49f9ca","69d7901e3430d13455efb336","69e63e7a8f895ea377fa11c9","<p style=""font-size: 60px; font-family: FragmentMono"">WLXCMOKDV</p>","","","training","","","","","","",""
"null","null","html-keyboard-response","15","83966","0.0-7.0-0.8","69a5e91eee249ee63d49f9ca","69d7901e3430d13455efb336","69e63e7a8f895ea377fa11c9","<p style=""font-size: 60px; font-family: FragmentMono"">FDMJCWDRL</p>","","","training","","","","","","",""
"null","null","html-keyboard-response","16","84985","0.0-7.0-0.9","69a5e91eee249ee63d49f9ca","69d7901e3430d13455efb336","69e63e7a8f895ea377fa11c9","<p style=""font-size: 60px; font-family: FragmentMono"">UXWLUVIE</p>","","","training","","","","","","",""
"null","null","html-keyboard-response","17","85987","0.0-7.0-0.10","69a5e91eee249ee63d49f9ca","69d7901e3430d13455efb336","69e63e7a8f895ea377fa11c9","<p style=""font-size: 60px; font-family: FragmentMono"">FPKYWDRL</p>","","","training","","","","","","",""
"null","null","html-keyboard-response","18","86990","0.0-7.0-0.11","69a5e91eee249ee63d49f9ca","69d7901e3430d13455efb336","69e63e7a8f895ea377fa11c9","<p style=""font-size: 60px; font-family: FragmentMono"">XNJUAFN</p>","","","training","","","","","","",""
"null","null","html-keyboard-response","19","88001","0.0-7.0-0.12","69a5e91eee249ee63d49f9ca","69d7901e3430d13455efb336","69e63e7a8f895ea377fa11c9","<p style=""font-size: 60px; font-family: FragmentMono"">HRDYOLHX</p>","","","training","","","","","","",""
"null","null","html-keyboard-response","20","89019","0.0-7.0-0.13","69a5e91eee249ee63d49f9ca","69d7901e3430d13455efb336","69e63e7a8f895ea377fa11c9","<p style=""font-size: 60px; font-family: FragmentMono"">WLXCMCAVY</p>","","","training","","","","","","",""
"null","null","html-keyboard-response","21","90033","0.0-7.0-0.14","69a5e91eee249ee63d49f9ca","69d7901e3430d13455efb336","69e63e7a8f895ea377fa11c9","<p style=""font-size: 60px; font-family: FragmentMono"">OGDSKOKDV</p>","","","training","","","","","","",""
"null","null","html-keyboard-response","22","91036","0.0-7.0-0.15","69a5e91eee249ee63d49f9ca","69d7901e3430d13455efb336","69e63e7a8f895ea377fa11c9","<p style=""font-size: 60px; font-family: FragmentMono"">WBCHRJMH</p>","","","training","","","","","","",""
"null","null","html-keyboard-response","23","92049","0.0-7.0-0.16","69a5e91eee249ee63d49f9ca","69d7901e3430d13455efb336","69e63e7a8f895ea377fa11c9","<p style=""font-size: 60px; font-family: FragmentMono"">BNPNCAFN</p>","","","training","","","","","","",""
"null","null","html-keyboard-response","24","93054","0.0-7.0-0.17","69a5e91eee249ee63d49f9ca","69d7901e3430d13455efb336","69e63e7a8f895ea377fa11c9","<p style=""font-size: 60px; font-family: FragmentMono"">XUDJMQAIT</p>","","","training","","","","","","",""
"null","null","html-keyboard-response","25","94058","0.0-7.0-0.18","69a5e91eee249ee63d49f9ca","69d7901e3430d13455efb336","69e63e7a8f895ea377fa11c9","<p style=""font-size: 60px; font-family: FragmentMono"">CQBFSOLHX</p>","","","training","","","","","","",""
"null","null","html-keyboard-response","26","95069","0.0-7.0-0.19","69a5e91eee249ee63d49f9ca","69d7901e3430d13455efb336","69e63e7a8f895ea377fa11c9","<p style=""font-size: 60px; font-family: FragmentMono"">FDMJCRJMH</p>","","","training","","","","","","",""
"null","null","html-keyboard-response","27","96085","0.0-7.0-0.20","69a5e91eee249ee63d49f9ca","69d7901e3430d13455efb336","69e63e7a8f895ea377fa11c9","<p style=""font-size: 60px; font-family: FragmentMono"">APQHTWDB</p>","","","training","","","","","","",""
"null","null","html-keyboard-response","28","97090","0.0-7.0-0.21","69a5e91eee249ee63d49f9ca","69d7901e3430d13455efb336","69e63e7a8f895ea377fa11c9","<p style=""font-size: 60px; font-family: FragmentMono"">XPWJFAFN</p>","","","training","","","","","","",""
"null","null","html-keyboard-response","29","98092","0.0-7.0-0.22","69a5e91eee249ee63d49f9ca","69d7901e3430d13455efb336","69e63e7a8f895ea377fa11c9","<p style=""font-size: 60px; font-family: FragmentMono"">WLXCMWDB</p>","","","training","","","","","","",""
"null","null","html-keyboard-response","30","99103","0.0-7.0-0.23","69a5e91eee249ee63d49f9ca","69d7901e3430d13455efb336","69e63e7a8f895ea377fa11c9","<p style=""font-size: 60px; font-family: FragmentMono"">FDMJCAFN</p>","","","training","","","","","","",""
"null","null","html-keyboard-response","31","100118","0.0-7.0-0.24","69a5e91eee249ee63d49f9ca","69d7901e3430d13455efb336","69e63e7a8f895ea377fa11c9","<p style=""font-size: 60px; font-family: FragmentMono"">OPFHSOKDV</p>","","","training","","","","","","",""
"null","null","html-keyboard-response","32","101133","0.0-7.0-0.25","69a5e91eee249ee63d49f9ca","69d7901e3430d13455efb336","69e63e7a8f895ea377fa11c9","<p style=""font-size: 60px; font-family: FragmentMono"">WBCHWDRL</p>","","","training","","","","","","",""
"null","null","html-keyboard-response","33","102139","0.0-7.0-0.26","69a5e91eee249ee63d49f9ca","69d7901e3430d13455efb336","69e63e7a8f895ea377fa11c9","<p style=""font-size: 60px; font-family: FragmentMono"">MGALOKDV</p>","","","training","","","","","","",""
"null","null","html-keyboard-response","34","103151","0.0-7.0-0.27","69a5e91eee249ee63d49f9ca","69d7901e3430d13455efb336","69e63e7a8f895ea377fa11c9","<p style=""font-size: 60px; font-family: FragmentMono"">CFDTACAVY</p>","","","training","","","","","","",""
"null","null","html-keyboard-response","35","104153","0.0-7.0-0.28","69a5e91eee249ee63d49f9ca","69d7901e3430d13455efb336","69e63e7a8f895ea377fa11c9","<p style=""font-size: 60px; font-family: FragmentMono"">TGNLUCSU</p>","","","training","","","","","","",""
"null","null","html-keyboard-response","36","105168","0.0-7.0-0.29","69a5e91eee249ee63d49f9ca","69d7901e3430d13455efb336","69e63e7a8f895ea377fa11c9","<p style=""font-size: 60px; font-family: FragmentMono"">BNPNCQAIT</p>","","","training","","","","","","",""
"null","null","html-keyboard-response","37","106181","0.0-7.0-0.30","69a5e91eee249ee63d49f9ca","69d7901e3430d13455efb336","69e63e7a8f895ea377fa11c9","<p style=""font-size: 60px; font-family: FragmentMono"">FPKYAFN</p>","","","training","","","","","","",""
"null","null","html-keyboard-response","38","107185","0.0-7.0-0.31","69a5e91eee249ee63d49f9ca","69d7901e3430d13455efb336","69e63e7a8f895ea377fa11c9","<p style=""font-size: 60px; font-family: FragmentMono"">APQHTOKDV</p>","","","training","","","","","","",""
"null","null","html-keyboard-response","39","108200","0.0-7.0-0.32","69a5e91eee249ee63d49f9ca","69d7901e3430d13455efb336","69e63e7a8f895ea377fa11c9","<p style=""font-size: 60px; font-family: FragmentMono"">OGDSKCAVY</p>","","","training","","","","","","",""
"null","null","html-keyboard-response","40","109214","0.0-7.0-0.33","69a5e91eee249ee63d49f9ca","69d7901e3430d13455efb336","69e63e7a8f895ea377fa11c9","<p style=""font-size: 60px; font-family: FragmentMono"">CFDTAWDB</p>","","","training","","","","","","",""
"null","null","html-keyboard-response","41","110219","0.0-7.0-0.34","69a5e91eee249ee63d49f9ca","69d7901e3430d13455efb336","69e63e7a8f895ea377fa11c9","<p style=""font-size: 60px; font-family: FragmentMono"">OGDSKUCSU</p>","","","training","","","","","","",""
"null","null","html-keyboard-response","42","111236","0.0-7.0-0.35","69a5e91eee249ee63d49f9ca","69d7901e3430d13455efb336","69e63e7a8f895ea377fa11c9","<p style=""font-size: 60px; font-family: FragmentMono"">PJRYCAVY</p>","","","training","","","","","","",""
"null","null","html-keyboard-response","43","112252","0.0-7.0-0.36","69a5e91eee249ee63d49f9ca","69d7901e3430d13455efb336","69e63e7a8f895ea377fa11c9","<p style=""font-size: 60px; font-family: FragmentMono"">OGDSKUVIE</p>","","","training","","","","","","",""
"null","null","html-keyboard-response","44","113267","0.0-7.0-0.37","69a5e91eee249ee63d49f9ca","69d7901e3430d13455efb336","69e63e7a8f895ea377fa11c9","<p style=""font-size: 60px; font-family: FragmentMono"">WLXCMUCSU</p>","","","training","","","","","","",""
"null","null","html-keyboard-response","45","114282","0.0-7.0-0.38","69a5e91eee249ee63d49f9ca","69d7901e3430d13455efb336","69e63e7a8f895ea377fa11c9","<p style=""font-size: 60px; font-family: FragmentMono"">XPWJFWDRL</p>","","","training","","","","","","",""
"null","null","html-keyboard-response","46","115286","0.0-7.0-0.39","69a5e91eee249ee63d49f9ca","69d7901e3430d13455efb336","69e63e7a8f895ea377fa11c9","<p style=""font-size: 60px; font-family: FragmentMono"">PJRYWDB</p>","","","training","","","","","","",""
"null","null","html-keyboard-response","47","116287","0.0-7.0-0.40","69a5e91eee249ee63d49f9ca","69d7901e3430d13455efb336","69e63e7a8f895ea377fa11c9","<p style=""font-size: 60px; font-family: FragmentMono"">XNJURJMH</p>","","","training","","","","","","",""
"null","null","html-keyboard-response","48","117299","0.0-7.0-0.41","69a5e91eee249ee63d49f9ca","69d7901e3430d13455efb336","69e63e7a8f895ea377fa11c9","<p style=""font-size: 60px; font-family: FragmentMono"">IQYZQAIT</p>","","","training","","","","","","",""
"null","null","html-keyboard-response","49","118301","0.0-7.0-0.42","69a5e91eee249ee63d49f9ca","69d7901e3430d13455efb336","69e63e7a8f895ea377fa11c9","<p style=""font-size: 60px; font-family: FragmentMono"">MGALWDB</p>","","","training","","","","","","",""
"null","null","html-keyboard-response","50","119318","0.0-7.0-0.43","69a5e91eee249ee63d49f9ca","69d7901e3430d13455efb336","69e63e7a8f895ea377fa11c9","<p style=""font-size: 60px; font-family: FragmentMono"">CQBFSQAIT</p>","","","training","","","","","","",""
"null","null","html-keyboard-response","51","120321","0.0-7.0-0.44","69a5e91eee249ee63d49f9ca","69d7901e3430d13455efb336","69e63e7a8f895ea377fa11c9","<p style=""font-size: 60px; font-family: FragmentMono"">WBCHOLHX</p>","","","training","","","","","","",""
"null","null","html-keyboard-response","52","121328","0.0-7.0-0.45","69a5e91eee249ee63d49f9ca","69d7901e3430d13455efb336","69e63e7a8f895ea377fa11c9","<p style=""font-size: 60px; font-family: FragmentMono"">TGNLUVIE</p>","","","training","","","","","","",""
"null","null","html-keyboard-response","53","122335","0.0-7.0-0.46","69a5e91eee249ee63d49f9ca","69d7901e3430d13455efb336","69e63e7a8f895ea377fa11c9","<p style=""font-size: 60px; font-family: FragmentMono"">XNJUQAIT</p>","","","training","","","","","","",""
"null","null","html-keyboard-response","54","123352","0.0-7.0-0.47","69a5e91eee249ee63d49f9ca","69d7901e3430d13455efb336","69e63e7a8f895ea377fa11c9","<p style=""font-size: 60px; font-family: FragmentMono"">HRDYWDRL</p>","","","training","","","","","","",""
"null","null","html-keyboard-response","55","124365","0.0-7.0-0.48","69a5e91eee249ee63d49f9ca","69d7901e3430d13455efb336","69e63e7a8f895ea377fa11c9","<p style=""font-size: 60px; font-family: FragmentMono"">BIWIUVIE</p>","","","training","","","","","","",""
"null","null","html-keyboard-response","56","125381","0.0-7.0-0.49","69a5e91eee249ee63d49f9ca","69d7901e3430d13455efb336","69e63e7a8f895ea377fa11c9","<p style=""font-size: 60px; font-family: FragmentMono"">UXWLWDB</p>","","","training","","","","","","",""
"null","null","html-keyboard-response","57","126397","0.0-7.0-0.50","69a5e91eee249ee63d49f9ca","69d7901e3430d13455efb336","69e63e7a8f895ea377fa11c9","<p style=""font-size: 60px; font-family: FragmentMono"">XPWJFQAIT</p>","","","training","","","","","","",""
"null","null","html-keyboard-response","58","127403","0.0-7.0-0.51","69a5e91eee249ee63d49f9ca","69d7901e3430d13455efb336","69e63e7a8f895ea377fa11c9","<p style=""font-size: 60px; font-family: FragmentMono"">OPFHSUCSU</p>","","","training","","","","","","",""
"null","null","html-keyboard-response","59","128405","0.0-7.0-0.52","69a5e91eee249ee63d49f9ca","69d7901e3430d13455efb336","69e63e7a8f895ea377fa11c9","<p style=""font-size: 60px; font-family: FragmentMono"">IQYZAFN</p>","","","training","","","","","","",""
"null","null","html-keyboard-response","60","129419","0.0-7.0-0.53","69a5e91eee249ee63d49f9ca","69d7901e3430d13455efb336","69e63e7a8f895ea377fa11c9","<p style=""font-size: 60px; font-family: FragmentMono"">FPKYQAIT</p>","","","training","","","","","","",""
"null","null","html-keyboard-response","61","130434","0.0-7.0-0.54","69a5e91eee249ee63d49f9ca","69d7901e3430d13455efb336","69e63e7a8f895ea377fa11c9","<p style=""font-size: 60px; font-family: FragmentMono"">IQYZOLHX</p>","","","training","","","","","","",""
"null","null","html-keyboard-response","62","131449","0.0-7.0-0.55","69a5e91eee249ee63d49f9ca","69d7901e3430d13455efb336","69e63e7a8f895ea377fa11c9","<p style=""font-size: 60px; font-family: FragmentMono"">OPFHSUVIE</p>","","","training","","","","","","",""
"null","null","html-keyboard-response","63","132466","0.0-7.0-0.56","69a5e91eee249ee63d49f9ca","69d7901e3430d13455efb336","69e63e7a8f895ea377fa11c9","<p style=""font-size: 60px; font-family: FragmentMono"">XUDJMOLHX</p>","","","training","","","","","","",""
"null","null","html-keyboard-response","64","133479","0.0-7.0-0.57","69a5e91eee249ee63d49f9ca","69d7901e3430d13455efb336","69e63e7a8f895ea377fa11c9","<p style=""font-size: 60px; font-family: FragmentMono"">BNPNCRJMH</p>","","","training","","","","","","",""
"null","null","html-keyboard-response","65","134488","0.0-7.0-0.58","69a5e91eee249ee63d49f9ca","69d7901e3430d13455efb336","69e63e7a8f895ea377fa11c9","<p style=""font-size: 60px; font-family: FragmentMono"">TGNLWDB</p>","","","training","","","","","","",""
"null","null","html-keyboard-response","66","135502","0.0-7.0-0.59","69a5e91eee249ee63d49f9ca","69d7901e3430d13455efb336","69e63e7a8f895ea377fa11c9","<p style=""font-size: 60px; font-family: FragmentMono"">XPWJFRJMH</p>","","","training","","","","","","",""
"null","null","html-keyboard-response","67","136518","0.0-7.0-0.60","69a5e91eee249ee63d49f9ca","69d7901e3430d13455efb336","69e63e7a8f895ea377fa11c9","<p style=""font-size: 60px; font-family: FragmentMono"">PJRYUCSU</p>","","","training","","","","","","",""
"null","null","html-keyboard-response","68","137533","0.0-7.0-0.61","69a5e91eee249ee63d49f9ca","69d7901e3430d13455efb336","69e63e7a8f895ea377fa11c9","<p style=""font-size: 60px; font-family: FragmentMono"">HRDYQAIT</p>","","","training","","","","","","",""
"null","null","html-keyboard-response","69","138548","0.0-7.0-0.62","69a5e91eee249ee63d49f9ca","69d7901e3430d13455efb336","69e63e7a8f895ea377fa11c9","<p style=""font-size: 60px; font-family: FragmentMono"">XUDJMRJMH</p>","","","training","","","","","","",""
"null","null","html-keyboard-response","70","139563","0.0-7.0-0.63","69a5e91eee249ee63d49f9ca","69d7901e3430d13455efb336","69e63e7a8f895ea377fa11c9","<p style=""font-size: 60px; font-family: FragmentMono"">MGALCAVY</p>","","","training","","","","","","",""
"null","null","html-keyboard-response","71","140578","0.0-7.0-0.64","69a5e91eee249ee63d49f9ca","69d7901e3430d13455efb336","69e63e7a8f895ea377fa11c9","<p style=""font-size: 60px; font-family: FragmentMono"">XNJUOLHX</p>","","","training","","","","","","",""
"null","null","html-keyboard-response","72","141584","0.0-7.0-0.65","69a5e91eee249ee63d49f9ca","69d7901e3430d13455efb336","69e63e7a8f895ea377fa11c9","<p style=""font-size: 60px; font-family: FragmentMono"">APQHTUCSU</p>","","","training","","","","","","",""
"null","null","html-keyboard-response","73","142592","0.0-7.0-0.66","69a5e91eee249ee63d49f9ca","69d7901e3430d13455efb336","69e63e7a8f895ea377fa11c9","<p style=""font-size: 60px; font-family: FragmentMono"">BIWICAVY</p>","","","training","","","","","","",""
"null","null","html-keyboard-response","74","143601","0.0-7.0-0.67","69a5e91eee249ee63d49f9ca","69d7901e3430d13455efb336","69e63e7a8f895ea377fa11c9","<p style=""font-size: 60px; font-family: FragmentMono"">FDMJCOLHX</p>","","","training","","","","","","",""
"null","null","html-keyboard-response","75","144615","0.0-7.0-0.68","69a5e91eee249ee63d49f9ca","69d7901e3430d13455efb336","69e63e7a8f895ea377fa11c9","<p style=""font-size: 60px; font-family: FragmentMono"">BIWIUCSU</p>","","","training","","","","","","",""
"null","null","html-keyboard-response","76","145618","0.0-7.0-0.69","69a5e91eee249ee63d49f9ca","69d7901e3430d13455efb336","69e63e7a8f895ea377fa11c9","<p style=""font-size: 60px; font-family: FragmentMono"">IQYZWDRL</p>","","","training","","","","","","",""
"null","null","html-keyboard-response","77","146635","0.0-7.0-0.70","69a5e91eee249ee63d49f9ca","69d7901e3430d13455efb336","69e63e7a8f895ea377fa11c9","<p style=""font-size: 60px; font-family: FragmentMono"">PJRYUVIE</p>","","","training","","","","","","",""
"null","null","html-keyboard-response","78","147639","0.0-7.0-0.71","69a5e91eee249ee63d49f9ca","69d7901e3430d13455efb336","69e63e7a8f895ea377fa11c9","<p style=""font-size: 60px; font-family: FragmentMono"">TGNLOKDV</p>","","","training","","","","","","",""
"null","null","html-keyboard-response","79","148654","0.0-7.0-0.72","69a5e91eee249ee63d49f9ca","69d7901e3430d13455efb336","69e63e7a8f895ea377fa11c9","<p style=""font-size: 60px; font-family: FragmentMono"">HRDYAFN</p>","","","training","","","","","","",""
"null","null","html-keyboard-response","80","149662","0.0-7.0-0.73","69a5e91eee249ee63d49f9ca","69d7901e3430d13455efb336","69e63e7a8f895ea377fa11c9","<p style=""font-size: 60px; font-family: FragmentMono"">UXWLOKDV</p>","","","training","","","","","","",""
"null","null","html-keyboard-response","81","150667","0.0-7.0-0.74","69a5e91eee249ee63d49f9ca","69d7901e3430d13455efb336","69e63e7a8f895ea377fa11c9","<p style=""font-size: 60px; font-family: FragmentMono"">BNPNCOLHX</p>","","","training","","","","","","",""
"null","null","html-keyboard-response","82","151685","0.0-7.0-0.75","69a5e91eee249ee63d49f9ca","69d7901e3430d13455efb336","69e63e7a8f895ea377fa11c9","<p style=""font-size: 60px; font-family: FragmentMono"">XUDJMWDRL</p>","","","training","","","","","","",""
"null","null","html-keyboard-response","83","152701","0.0-7.0-0.76","69a5e91eee249ee63d49f9ca","69d7901e3430d13455efb336","69e63e7a8f895ea377fa11c9","<p style=""font-size: 60px; font-family: FragmentMono"">CQBFSRJMH</p>","","","training","","","","","","",""
"null","null","html-keyboard-response","84","153718","0.0-7.0-0.77","69a5e91eee249ee63d49f9ca","69d7901e3430d13455efb336","69e63e7a8f895ea377fa11c9","<p style=""font-size: 60px; font-family: FragmentMono"">UXWLCAVY</p>","","","training","","","","","","",""
"null","null","html-keyboard-response","85","154731","0.0-7.0-0.78","69a5e91eee249ee63d49f9ca","69d7901e3430d13455efb336","69e63e7a8f895ea377fa11c9","<p style=""font-size: 60px; font-family: FragmentMono"">BIWIOKDV</p>","","","training","","","","","","",""
"null","null","html-keyboard-response","86","155737","0.0-7.0-0.79","69a5e91eee249ee63d49f9ca","69d7901e3430d13455efb336","69e63e7a8f895ea377fa11c9","<p style=""font-size: 60px; font-family: FragmentMono"">MGALUVIE</p>","","","training","","","","","","",""
"6396"," ","html-keyboard-response","87","162135","0.0-8.0","69a5e91eee249ee63d49f9ca","69d7901e3430d13455efb336","69e63e7a8f895ea377fa11c9","<p style=""font-size: 30px"">Great, you've seen the first block of words. You may now take a short break.</p>
      <p style=""font-size: 30px"">Press the spacebar when you're ready to continue.</p>","","","","","","","","","",""
"null","null","html-keyboard-response","88","163151","0.0-9.0-0.0","69a5e91eee249ee63d49f9ca","69d7901e3430d13455efb336","69e63e7a8f895ea377fa11c9","<p style=""font-size: 60px; font-family: FragmentMono"">APQHTOKDV</p>","","","training","","","","","","",""
"null","null","html-keyboard-response","89","164158","0.0-9.0-0.1","69a5e91eee249ee63d49f9ca","69d7901e3430d13455efb336","69e63e7a8f895ea377fa11c9","<p style=""font-size: 60px; font-family: FragmentMono"">UXWLCAVY</p>","","","training","","","","","","",""
"null","null","html-keyboard-response","90","165171","0.0-9.0-0.2","69a5e91eee249ee63d49f9ca","69d7901e3430d13455efb336","69e63e7a8f895ea377fa11c9","<p style=""font-size: 60px; font-family: FragmentMono"">MGALWDB</p>","","","training","","","","","","",""
"null","null","html-keyboard-response","91","166184","0.0-9.0-0.3","69a5e91eee249ee63d49f9ca","69d7901e3430d13455efb336","69e63e7a8f895ea377fa11c9","<p style=""font-size: 60px; font-family: FragmentMono"">BIWIOKDV</p>","","","training","","","","","","",""
"null","null","html-keyboard-response","92","167190","0.0-9.0-0.4","69a5e91eee249ee63d49f9ca","69d7901e3430d13455efb336","69e63e7a8f895ea377fa11c9","<p style=""font-size: 60px; font-family: FragmentMono"">OPFHSUVIE</p>","","","training","","","","","","",""
"null","null","html-keyboard-response","93","168202","0.0-9.0-0.5","69a5e91eee249ee63d49f9ca","69d7901e3430d13455efb336","69e63e7a8f895ea377fa11c9","<p style=""font-size: 60px; font-family: FragmentMono"">WBCHAFN</p>","","","training","","","","","","",""
"null","null","html-keyboard-response","94","169217","0.0-9.0-0.6","69a5e91eee249ee63d49f9ca","69d7901e3430d13455efb336","69e63e7a8f895ea377fa11c9","<p style=""font-size: 60px; font-family: FragmentMono"">XPWJFQAIT</p>","","","training","","","","","","",""
"null","null","html-keyboard-response","95","170222","0.0-9.0-0.7","69a5e91eee249ee63d49f9ca","69d7901e3430d13455efb336","69e63e7a8f895ea377fa11c9","<p style=""font-size: 60px; font-family: FragmentMono"">TGNLUVIE</p>","","","training","","","","","","",""
"null","null","html-keyboard-response","96","171230","0.0-9.0-0.8","69a5e91eee249ee63d49f9ca","69d7901e3430d13455efb336","69e63e7a8f895ea377fa11c9","<p style=""font-size: 60px; font-family: FragmentMono"">CQBFSQAIT</p>","","","training","","","","","","",""
"null","null","html-keyboard-response","97","172239","0.0-9.0-0.9","69a5e91eee249ee63d49f9ca","69d7901e3430d13455efb336","69e63e7a8f895ea377fa11c9","<p style=""font-size: 60px; font-family: FragmentMono"">BNPNCOLHX</p>","","","training","","","","","","",""
"null","null","html-keyboard-response","98","173250","0.0-9.0-0.10","69a5e91eee249ee63d49f9ca","69d7901e3430d13455efb336","69e63e7a8f895ea377fa11c9","<p style=""font-size: 60px; font-family: FragmentMono"">UXWLOKDV</p>","","","training","","","","","","",""
"null","null","html-keyboard-response","99","174254","0.0-9.0-0.11","69a5e91eee249ee63d49f9ca","69d7901e3430d13455efb336","69e63e7a8f895ea377fa11c9","<p style=""font-size: 60px; font-family: FragmentMono"">BIWIUVIE</p>","","","training","","","","","","",""
"null","null","html-keyboard-response","100","175266","0.0-9.0-0.12","69a5e91eee249ee63d49f9ca","69d7901e3430d13455efb336","69e63e7a8f895ea377fa11c9","<p style=""font-size: 60px; font-family: FragmentMono"">PJRYCAVY</p>","","","training","","","","","","",""
"null","null","html-keyboard-response","101","176268","0.0-9.0-0.13","69a5e91eee249ee63d49f9ca","69d7901e3430d13455efb336","69e63e7a8f895ea377fa11c9","<p style=""font-size: 60px; font-family: FragmentMono"">OGDSKUVIE</p>","","","training","","","","","","",""
"null","null","html-keyboard-response","102","177282","0.0-9.0-0.14","69a5e91eee249ee63d49f9ca","69d7901e3430d13455efb336","69e63e7a8f895ea377fa11c9","<p style=""font-size: 60px; font-family: FragmentMono"">WLXCMCAVY</p>","","","training","","","","","","",""
"null","null","html-keyboard-response","103","178285","0.0-9.0-0.15","69a5e91eee249ee63d49f9ca","69d7901e3430d13455efb336","69e63e7a8f895ea377fa11c9","<p style=""font-size: 60px; font-family: FragmentMono"">XNJUAFN</p>","","","training","","","","","","",""
"null","null","html-keyboard-response","104","179297","0.0-9.0-0.16","69a5e91eee249ee63d49f9ca","69d7901e3430d13455efb336","69e63e7a8f895ea377fa11c9","<p style=""font-size: 60px; font-family: FragmentMono"">BNPNCRJMH</p>","","","training","","","","","","",""
"null","null","html-keyboard-response","105","180302","0.0-9.0-0.17","69a5e91eee249ee63d49f9ca","69d7901e3430d13455efb336","69e63e7a8f895ea377fa11c9","<p style=""font-size: 60px; font-family: FragmentMono"">MGALCAVY</p>","","","training","","","","","","",""
"null","null","html-keyboard-response","106","181317","0.0-9.0-0.18","69a5e91eee249ee63d49f9ca","69d7901e3430d13455efb336","69e63e7a8f895ea377fa11c9","<p style=""font-size: 60px; font-family: FragmentMono"">CQBFSOLHX</p>","","","training","","","","","","",""
"null","null","html-keyboard-response","107","182320","0.0-9.0-0.19","69a5e91eee249ee63d49f9ca","69d7901e3430d13455efb336","69e63e7a8f895ea377fa11c9","<p style=""font-size: 60px; font-family: FragmentMono"">WLXCMWDB</p>","","","training","","","","","","",""
"null","null","html-keyboard-response","108","183331","0.0-9.0-0.20","69a5e91eee249ee63d49f9ca","69d7901e3430d13455efb336","69e63e7a8f895ea377fa11c9","<p style=""font-size: 60px; font-family: FragmentMono"">HRDYOLHX</p>","","","training","","","","","","",""
"null","null","html-keyboard-response","109","184335","0.0-9.0-0.21","69a5e91eee249ee63d49f9ca","69d7901e3430d13455efb336","69e63e7a8f895ea377fa11c9","<p style=""font-size: 60px; font-family: FragmentMono"">WBCHWDRL</p>","","","training","","","","","","",""
"null","null","html-keyboard-response","110","185336","0.0-9.0-0.22","69a5e91eee249ee63d49f9ca","69d7901e3430d13455efb336","69e63e7a8f895ea377fa11c9","<p style=""font-size: 60px; font-family: FragmentMono"">OPFHSUCSU</p>","","","training","","","","","","",""
"null","null","html-keyboard-response","111","186349","0.0-9.0-0.23","69a5e91eee249ee63d49f9ca","69d7901e3430d13455efb336","69e63e7a8f895ea377fa11c9","<p style=""font-size: 60px; font-family: FragmentMono"">FDMJCRJMH</p>","","","training","","","","","","",""
"null","null","html-keyboard-response","112","187357","0.0-9.0-0.24","69a5e91eee249ee63d49f9ca","69d7901e3430d13455efb336","69e63e7a8f895ea377fa11c9","<p style=""font-size: 60px; font-family: FragmentMono"">WLXCMUCSU</p>","","","training","","","","","","",""
"null","null","html-keyboard-response","113","188364","0.0-9.0-0.25","69a5e91eee249ee63d49f9ca","69d7901e3430d13455efb336","69e63e7a8f895ea377fa11c9","<p style=""font-size: 60px; font-family: FragmentMono"">MGALUVIE</p>","","","training","","","","","","",""
"null","null","html-keyboard-response","114","189380","0.0-9.0-0.26","69a5e91eee249ee63d49f9ca","69d7901e3430d13455efb336","69e63e7a8f895ea377fa11c9","<p style=""font-size: 60px; font-family: FragmentMono"">BIWICAVY</p>","","","training","","","","","","",""
"null","null","html-keyboard-response","115","190383","0.0-9.0-0.27","69a5e91eee249ee63d49f9ca","69d7901e3430d13455efb336","69e63e7a8f895ea377fa11c9","<p style=""font-size: 60px; font-family: FragmentMono"">FPKYQAIT</p>","","","training","","","","","","",""
"null","null","html-keyboard-response","116","191385","0.0-9.0-0.28","69a5e91eee249ee63d49f9ca","69d7901e3430d13455efb336","69e63e7a8f895ea377fa11c9","<p style=""font-size: 60px; font-family: FragmentMono"">CFDTAUCSU</p>","","","training","","","","","","",""
"null","null","html-keyboard-response","117","192408","0.0-9.0-0.29","69a5e91eee249ee63d49f9ca","69d7901e3430d13455efb336","69e63e7a8f895ea377fa11c9","<p style=""font-size: 60px; font-family: FragmentMono"">IQYZQAIT</p>","","","training","","","","","","",""
"null","null","html-keyboard-response","118","193415","0.0-9.0-0.30","69a5e91eee249ee63d49f9ca","69d7901e3430d13455efb336","69e63e7a8f895ea377fa11c9","<p style=""font-size: 60px; font-family: FragmentMono"">XPWJFAFN</p>","","","training","","","","","","",""
"null","null","html-keyboard-response","119","194431","0.0-9.0-0.31","69a5e91eee249ee63d49f9ca","69d7901e3430d13455efb336","69e63e7a8f895ea377fa11c9","<p style=""font-size: 60px; font-family: FragmentMono"">WBCHRJMH</p>","","","training","","","","","","",""
"null","null","html-keyboard-response","120","195434","0.0-9.0-0.32","69a5e91eee249ee63d49f9ca","69d7901e3430d13455efb336","69e63e7a8f895ea377fa11c9","<p style=""font-size: 60px; font-family: FragmentMono"">OGDSKOKDV</p>","","","training","","","","","","",""
"null","null","html-keyboard-response","121","196446","0.0-9.0-0.33","69a5e91eee249ee63d49f9ca","69d7901e3430d13455efb336","69e63e7a8f895ea377fa11c9","<p style=""font-size: 60px; font-family: FragmentMono"">HRDYAFN</p>","","","training","","","","","","",""
"null","null","html-keyboard-response","122","197449","0.0-9.0-0.34","69a5e91eee249ee63d49f9ca","69d7901e3430d13455efb336","69e63e7a8f895ea377fa11c9","<p style=""font-size: 60px; font-family: FragmentMono"">XNJUQAIT</p>","","","training","","","","","","",""
"null","null","html-keyboard-response","123","198450","0.0-9.0-0.35","69a5e91eee249ee63d49f9ca","69d7901e3430d13455efb336","69e63e7a8f895ea377fa11c9","<p style=""font-size: 60px; font-family: FragmentMono"">OPFHSOKDV</p>","","","training","","","","","","",""
"null","null","html-keyboard-response","124","199462","0.0-9.0-0.36","69a5e91eee249ee63d49f9ca","69d7901e3430d13455efb336","69e63e7a8f895ea377fa11c9","<p style=""font-size: 60px; font-family: FragmentMono"">HRDYWDRL</p>","","","training","","","","","","",""
"null","null","html-keyboard-response","125","200465","0.0-9.0-0.37","69a5e91eee249ee63d49f9ca","69d7901e3430d13455efb336","69e63e7a8f895ea377fa11c9","<p style=""font-size: 60px; font-family: FragmentMono"">XUDJMQAIT</p>","","","training","","","","","","",""
"null","null","html-keyboard-response","126","201469","0.0-9.0-0.38","69a5e91eee249ee63d49f9ca","69d7901e3430d13455efb336","69e63e7a8f895ea377fa11c9","<p style=""font-size: 60px; font-family: FragmentMono"">IQYZWDRL</p>","","","training","","","","","","",""
"null","null","html-keyboard-response","127","202479","0.0-9.0-0.39","69a5e91eee249ee63d49f9ca","69d7901e3430d13455efb336","69e63e7a8f895ea377fa11c9","<p style=""font-size: 60px; font-family: FragmentMono"">OGDSKCAVY</p>","","","training","","","","","","",""
"null","null","html-keyboard-response","128","203481","0.0-9.0-0.40","69a5e91eee249ee63d49f9ca","69d7901e3430d13455efb336","69e63e7a8f895ea377fa11c9","<p style=""font-size: 60px; font-family: FragmentMono"">XPWJFRJMH</p>","","","training","","","","","","",""
"null","null","html-keyboard-response","129","204495","0.0-9.0-0.41","69a5e91eee249ee63d49f9ca","69d7901e3430d13455efb336","69e63e7a8f895ea377fa11c9","<p style=""font-size: 60px; font-family: FragmentMono"">XUDJMWDRL</p>","","","training","","","","","","",""
"null","null","html-keyboard-response","130","205513","0.0-9.0-0.42","69a5e91eee249ee63d49f9ca","69d7901e3430d13455efb336","69e63e7a8f895ea377fa11c9","<p style=""font-size: 60px; font-family: FragmentMono"">OPFHSWDB</p>","","","training","","","","","","",""
"null","null","html-keyboard-response","131","206517","0.0-9.0-0.43","69a5e91eee249ee63d49f9ca","69d7901e3430d13455efb336","69e63e7a8f895ea377fa11c9","<p style=""font-size: 60px; font-family: FragmentMono"">CFDTAUVIE</p>","","","training","","","","","","",""
"null","null","html-keyboard-response","132","207532","0.0-9.0-0.44","69a5e91eee249ee63d49f9ca","69d7901e3430d13455efb336","69e63e7a8f895ea377fa11c9","<p style=""font-size: 60px; font-family: FragmentMono"">MGALOKDV</p>","","","training","","","","","","",""
"null","null","html-keyboard-response","133","208548","0.0-9.0-0.45","69a5e91eee249ee63d49f9ca","69d7901e3430d13455efb336","69e63e7a8f895ea377fa11c9","<p style=""font-size: 60px; font-family: FragmentMono"">WBCHOLHX</p>","","","training","","","","","","",""
"null","null","html-keyboard-response","134","209563","0.0-9.0-0.46","69a5e91eee249ee63d49f9ca","69d7901e3430d13455efb336","69e63e7a8f895ea377fa11c9","<p style=""font-size: 60px; font-family: FragmentMono"">TGNLOKDV</p>","","","training","","","","","","",""
"null","null","html-keyboard-response","135","210567","0.0-9.0-0.47","69a5e91eee249ee63d49f9ca","69d7901e3430d13455efb336","69e63e7a8f895ea377fa11c9","<p style=""font-size: 60px; font-family: FragmentMono"">BIWIUCSU</p>","","","training","","","","","","",""
"null","null","html-keyboard-response","136","211578","0.0-9.0-0.48","69a5e91eee249ee63d49f9ca","69d7901e3430d13455efb336","69e63e7a8f895ea377fa11c9","<p style=""font-size: 60px; font-family: FragmentMono"">XPWJFWDRL</p>","","","training","","","","","","",""
"null","null","html-keyboard-response","137","212580","0.0-9.0-0.49","69a5e91eee249ee63d49f9ca","69d7901e3430d13455efb336","69e63e7a8f895ea377fa11c9","<p style=""font-size: 60px; font-family: FragmentMono"">FPKYAFN</p>","","","training","","","","","","",""
"null","null","html-keyboard-response","138","213595","0.0-9.0-0.50","69a5e91eee249ee63d49f9ca","69d7901e3430d13455efb336","69e63e7a8f895ea377fa11c9","<p style=""font-size: 60px; font-family: FragmentMono"">CFDTAWDB</p>","","","training","","","","","","",""
"null","null","html-keyboard-response","139","214613","0.0-9.0-0.51","69a5e91eee249ee63d49f9ca","69d7901e3430d13455efb336","69e63e7a8f895ea377fa11c9","<p style=""font-size: 60px; font-family: FragmentMono"">HRDYQAIT</p>","","","training","","","","","","",""
"null","null","html-keyboard-response","140","215628","0.0-9.0-0.52","69a5e91eee249ee63d49f9ca","69d7901e3430d13455efb336","69e63e7a8f895ea377fa11c9","<p style=""font-size: 60px; font-family: FragmentMono"">APQHTWDB</p>","","","training","","","","","","",""
"null","null","html-keyboard-response","141","216629","0.0-9.0-0.53","69a5e91eee249ee63d49f9ca","69d7901e3430d13455efb336","69e63e7a8f895ea377fa11c9","<p style=""font-size: 60px; font-family: FragmentMono"">FPKYRJMH</p>","","","training","","","","","","",""
"null","null","html-keyboard-response","142","217638","0.0-9.0-0.54","69a5e91eee249ee63d49f9ca","69d7901e3430d13455efb336","69e63e7a8f895ea377fa11c9","<p style=""font-size: 60px; font-family: FragmentMono"">APQHTUCSU</p>","","","training","","","","","","",""
"null","null","html-keyboard-response","143","218651","0.0-9.0-0.55","69a5e91eee249ee63d49f9ca","69d7901e3430d13455efb336","69e63e7a8f895ea377fa11c9","<p style=""font-size: 60px; font-family: FragmentMono"">CQBFSWDRL</p>","","","training","","","","","","",""
"null","null","html-keyboard-response","144","219667","0.0-9.0-0.56","69a5e91eee249ee63d49f9ca","69d7901e3430d13455efb336","69e63e7a8f895ea377fa11c9","<p style=""font-size: 60px; font-family: FragmentMono"">OGDSKUCSU</p>","","","training","","","","","","",""
"null","null","html-keyboard-response","145","220680","0.0-9.0-0.57","69a5e91eee249ee63d49f9ca","69d7901e3430d13455efb336","69e63e7a8f895ea377fa11c9","<p style=""font-size: 60px; font-family: FragmentMono"">XUDJMOLHX</p>","","","training","","","","","","",""
"null","null","html-keyboard-response","146","221695","0.0-9.0-0.58","69a5e91eee249ee63d49f9ca","69d7901e3430d13455efb336","69e63e7a8f895ea377fa11c9","<p style=""font-size: 60px; font-family: FragmentMono"">UXWLUVIE</p>","","","training","","","","","","",""
"null","null","html-keyboard-response","147","222713","0.0-9.0-0.59","69a5e91eee249ee63d49f9ca","69d7901e3430d13455efb336","69e63e7a8f895ea377fa11c9","<p style=""font-size: 60px; font-family: FragmentMono"">XUDJMRJMH</p>","","","training","","","","","","",""
"null","null","html-keyboard-response","148","223728","0.0-9.0-0.60","69a5e91eee249ee63d49f9ca","69d7901e3430d13455efb336","69e63e7a8f895ea377fa11c9","<p style=""font-size: 60px; font-family: FragmentMono"">IQYZOLHX</p>","","","training","","","","","","",""
"null","null","html-keyboard-response","149","224729","0.0-9.0-0.61","69a5e91eee249ee63d49f9ca","69d7901e3430d13455efb336","69e63e7a8f895ea377fa11c9","<p style=""font-size: 60px; font-family: FragmentMono"">BNPNCAFN</p>","","","training","","","","","","",""
"null","null","html-keyboard-response","150","225744","0.0-9.0-0.62","69a5e91eee249ee63d49f9ca","69d7901e3430d13455efb336","69e63e7a8f895ea377fa11c9","<p style=""font-size: 60px; font-family: FragmentMono"">FPKYWDRL</p>","","","training","","","","","","",""
"null","null","html-keyboard-response","151","226751","0.0-9.0-0.63","69a5e91eee249ee63d49f9ca","69d7901e3430d13455efb336","69e63e7a8f895ea377fa11c9","<p style=""font-size: 60px; font-family: FragmentMono"">BNPNCQAIT</p>","","","training","","","","","","",""
"null","null","html-keyboard-response","152","227767","0.0-9.0-0.64","69a5e91eee249ee63d49f9ca","69d7901e3430d13455efb336","69e63e7a8f895ea377fa11c9","<p style=""font-size: 60px; font-family: FragmentMono"">UXWLWDB</p>","","","training","","","","","","",""
"null","null","html-keyboard-response","153","228785","0.0-9.0-0.65","69a5e91eee249ee63d49f9ca","69d7901e3430d13455efb336","69e63e7a8f895ea377fa11c9","<p style=""font-size: 60px; font-family: FragmentMono"">XNJUOLHX</p>","","","training","","","","","","",""
"null","null","html-keyboard-response","154","229797","0.0-9.0-0.66","69a5e91eee249ee63d49f9ca","69d7901e3430d13455efb336","69e63e7a8f895ea377fa11c9","<p style=""font-size: 60px; font-family: FragmentMono"">APQHTCAVY</p>","","","training","","","","","","",""
"null","null","html-keyboard-response","155","230800","0.0-9.0-0.67","69a5e91eee249ee63d49f9ca","69d7901e3430d13455efb336","69e63e7a8f895ea377fa11c9","<p style=""font-size: 60px; font-family: FragmentMono"">PJRYWDB</p>","","","training","","","","","","",""
"null","null","html-keyboard-response","156","231813","0.0-9.0-0.68","69a5e91eee249ee63d49f9ca","69d7901e3430d13455efb336","69e63e7a8f895ea377fa11c9","<p style=""font-size: 60px; font-family: FragmentMono"">IQYZAFN</p>","","","training","","","","","","",""
"null","null","html-keyboard-response","157","232829","0.0-9.0-0.69","69a5e91eee249ee63d49f9ca","69d7901e3430d13455efb336","69e63e7a8f895ea377fa11c9","<p style=""font-size: 60px; font-family: FragmentMono"">TGNLWDB</p>","","","training","","","","","","",""
"null","null","html-keyboard-response","158","233829","0.0-9.0-0.70","69a5e91eee249ee63d49f9ca","69d7901e3430d13455efb336","69e63e7a8f895ea377fa11c9","<p style=""font-size: 60px; font-family: FragmentMono"">XNJURJMH</p>","","","training","","","","","","",""
"null","null","html-keyboard-response","159","234833","0.0-9.0-0.71","69a5e91eee249ee63d49f9ca","69d7901e3430d13455efb336","69e63e7a8f895ea377fa11c9","<p style=""font-size: 60px; font-family: FragmentMono"">FDMJCAFN</p>","","","training","","","","","","",""
"null","null","html-keyboard-response","160","235837","0.0-9.0-0.72","69a5e91eee249ee63d49f9ca","69d7901e3430d13455efb336","69e63e7a8f895ea377fa11c9","<p style=""font-size: 60px; font-family: FragmentMono"">PJRYUCSU</p>","","","training","","","","","","",""
"null","null","html-keyboard-response","161","236843","0.0-9.0-0.73","69a5e91eee249ee63d49f9ca","69d7901e3430d13455efb336","69e63e7a8f895ea377fa11c9","<p style=""font-size: 60px; font-family: FragmentMono"">FDMJCOLHX</p>","","","training","","","","","","",""
"null","null","html-keyboard-response","162","237851","0.0-9.0-0.74","69a5e91eee249ee63d49f9ca","69d7901e3430d13455efb336","69e63e7a8f895ea377fa11c9","<p style=""font-size: 60px; font-family: FragmentMono"">PJRYUVIE</p>","","","training","","","","","","",""
"null","null","html-keyboard-response","163","238853","0.0-9.0-0.75","69a5e91eee249ee63d49f9ca","69d7901e3430d13455efb336","69e63e7a8f895ea377fa11c9","<p style=""font-size: 60px; font-family: FragmentMono"">WLXCMOKDV</p>","","","training","","","","","","",""
"null","null","html-keyboard-response","164","239865","0.0-9.0-0.76","69a5e91eee249ee63d49f9ca","69d7901e3430d13455efb336","69e63e7a8f895ea377fa11c9","<p style=""font-size: 60px; font-family: FragmentMono"">FDMJCWDRL</p>","","","training","","","","","","",""
"null","null","html-keyboard-response","165","240880","0.0-9.0-0.77","69a5e91eee249ee63d49f9ca","69d7901e3430d13455efb336","69e63e7a8f895ea377fa11c9","<p style=""font-size: 60px; font-family: FragmentMono"">CQBFSRJMH</p>","","","training","","","","","","",""
"null","null","html-keyboard-response","166","241882","0.0-9.0-0.78","69a5e91eee249ee63d49f9ca","69d7901e3430d13455efb336","69e63e7a8f895ea377fa11c9","<p style=""font-size: 60px; font-family: FragmentMono"">TGNLUCSU</p>","","","training","","","","","","",""
"null","null","html-keyboard-response","167","242897","0.0-9.0-0.79","69a5e91eee249ee63d49f9ca","69d7901e3430d13455efb336","69e63e7a8f895ea377fa11c9","<p style=""font-size: 60px; font-family: FragmentMono"">CFDTACAVY</p>","","","training","","","","","","",""
"35135"," ","html-keyboard-response","168","278032","0.0-10.0","69a5e91eee249ee63d49f9ca","69d7901e3430d13455efb336","69e63e7a8f895ea377fa11c9","<p style=""font-size: 30px"">Great, you've seen the second block of words. You may now take a short break.</p>
      <p style=""font-size: 30px"">Press the spacebar when you're ready to continue.</p>","","","","","","","","","",""
"null","null","html-keyboard-response","169","279037","0.0-11.0-0.0","69a5e91eee249ee63d49f9ca","69d7901e3430d13455efb336","69e63e7a8f895ea377fa11c9","<p style=""font-size: 60px; font-family: FragmentMono"">UXWLWDB</p>","","","training","","","","","","",""
"null","null","html-keyboard-response","170","280051","0.0-11.0-0.1","69a5e91eee249ee63d49f9ca","69d7901e3430d13455efb336","69e63e7a8f895ea377fa11c9","<p style=""font-size: 60px; font-family: FragmentMono"">HRDYWDRL</p>","","","training","","","","","","",""
"null","null","html-keyboard-response","171","281056","0.0-11.0-0.2","69a5e91eee249ee63d49f9ca","69d7901e3430d13455efb336","69e63e7a8f895ea377fa11c9","<p style=""font-size: 60px; font-family: FragmentMono"">IQYZQAIT</p>","","","training","","","","","","",""
"null","null","html-keyboard-response","172","282064","0.0-11.0-0.3","69a5e91eee249ee63d49f9ca","69d7901e3430d13455efb336","69e63e7a8f895ea377fa11c9","<p style=""font-size: 60px; font-family: FragmentMono"">TGNLOKDV</p>","","","training","","","","","","",""
"null","null","html-keyboard-response","173","283066","0.0-11.0-0.4","69a5e91eee249ee63d49f9ca","69d7901e3430d13455efb336","69e63e7a8f895ea377fa11c9","<p style=""font-size: 60px; font-family: FragmentMono"">XPWJFAFN</p>","","","training","","","","","","",""
"null","null","html-keyboard-response","174","284079","0.0-11.0-0.5","69a5e91eee249ee63d49f9ca","69d7901e3430d13455efb336","69e63e7a8f895ea377fa11c9","<p style=""font-size: 60px; font-family: FragmentMono"">TGNLUVIE</p>","","","training","","","","","","",""
"null","null","html-keyboard-response","175","285094","0.0-11.0-0.6","69a5e91eee249ee63d49f9ca","69d7901e3430d13455efb336","69e63e7a8f895ea377fa11c9","<p style=""font-size: 60px; font-family: FragmentMono"">XPWJFQAIT</p>","","","training","","","","","","",""
"null","null","html-keyboard-response","176","286096","0.0-11.0-0.7","69a5e91eee249ee63d49f9ca","69d7901e3430d13455efb336","69e63e7a8f895ea377fa11c9","<p style=""font-size: 60px; font-family: FragmentMono"">FPKYWDRL</p>","","","training","","","","","","",""
"null","null","html-keyboard-response","177","287113","0.0-11.0-0.8","69a5e91eee249ee63d49f9ca","69d7901e3430d13455efb336","69e63e7a8f895ea377fa11c9","<p style=""font-size: 60px; font-family: FragmentMono"">BIWIOKDV</p>","","","training","","","","","","",""
"null","null","html-keyboard-response","178","288130","0.0-11.0-0.9","69a5e91eee249ee63d49f9ca","69d7901e3430d13455efb336","69e63e7a8f895ea377fa11c9","<p style=""font-size: 60px; font-family: FragmentMono"">MGALCAVY</p>","","","training","","","","","","",""
"null","null","html-keyboard-response","179","289140","0.0-11.0-0.10","69a5e91eee249ee63d49f9ca","69d7901e3430d13455efb336","69e63e7a8f895ea377fa11c9","<p style=""font-size: 60px; font-family: FragmentMono"">OPFHSOKDV</p>","","","training","","","","","","",""
"null","null","html-keyboard-response","180","290153","0.0-11.0-0.11","69a5e91eee249ee63d49f9ca","69d7901e3430d13455efb336","69e63e7a8f895ea377fa11c9","<p style=""font-size: 60px; font-family: FragmentMono"">HRDYAFN</p>","","","training","","","","","","",""
"null","null","html-keyboard-response","181","291166","0.0-11.0-0.12","69a5e91eee249ee63d49f9ca","69d7901e3430d13455efb336","69e63e7a8f895ea377fa11c9","<p style=""font-size: 60px; font-family: FragmentMono"">OGDSKOKDV</p>","","","training","","","","","","",""
"null","null","html-keyboard-response","182","292179","0.0-11.0-0.13","69a5e91eee249ee63d49f9ca","69d7901e3430d13455efb336","69e63e7a8f895ea377fa11c9","<p style=""font-size: 60px; font-family: FragmentMono"">UXWLCAVY</p>","","","training","","","","","","",""
"null","null","html-keyboard-response","183","293195","0.0-11.0-0.14","69a5e91eee249ee63d49f9ca","69d7901e3430d13455efb336","69e63e7a8f895ea377fa11c9","<p style=""font-size: 60px; font-family: FragmentMono"">TGNLUCSU</p>","","","training","","","","","","",""
"null","null","html-keyboard-response","184","294196","0.0-11.0-0.15","69a5e91eee249ee63d49f9ca","69d7901e3430d13455efb336","69e63e7a8f895ea377fa11c9","<p style=""font-size: 60px; font-family: FragmentMono"">XPWJFWDRL</p>","","","training","","","","","","",""
"null","null","html-keyboard-response","185","295212","0.0-11.0-0.16","69a5e91eee249ee63d49f9ca","69d7901e3430d13455efb336","69e63e7a8f895ea377fa11c9","<p style=""font-size: 60px; font-family: FragmentMono"">APQHTWDB</p>","","","training","","","","","","",""
"null","null","html-keyboard-response","186","296228","0.0-11.0-0.17","69a5e91eee249ee63d49f9ca","69d7901e3430d13455efb336","69e63e7a8f895ea377fa11c9","<p style=""font-size: 60px; font-family: FragmentMono"">XNJUAFN</p>","","","training","","","","","","",""
"null","null","html-keyboard-response","187","297235","0.0-11.0-0.18","69a5e91eee249ee63d49f9ca","69d7901e3430d13455efb336","69e63e7a8f895ea377fa11c9","<p style=""font-size: 60px; font-family: FragmentMono"">APQHTOKDV</p>","","","training","","","","","","",""
"null","null","html-keyboard-response","188","298249","0.0-11.0-0.19","69a5e91eee249ee63d49f9ca","69d7901e3430d13455efb336","69e63e7a8f895ea377fa11c9","<p style=""font-size: 60px; font-family: FragmentMono"">OPFHSUVIE</p>","","","training","","","","","","",""
"null","null","html-keyboard-response","189","299256","0.0-11.0-0.20","69a5e91eee249ee63d49f9ca","69d7901e3430d13455efb336","69e63e7a8f895ea377fa11c9","<p style=""font-size: 60px; font-family: FragmentMono"">CFDTACAVY</p>","","","training","","","","","","",""
"null","null","html-keyboard-response","190","300259","0.0-11.0-0.21","69a5e91eee249ee63d49f9ca","69d7901e3430d13455efb336","69e63e7a8f895ea377fa11c9","<p style=""font-size: 60px; font-family: FragmentMono"">PJRYUVIE</p>","","","training","","","","","","",""
"null","null","html-keyboard-response","191","301266","0.0-11.0-0.22","69a5e91eee249ee63d49f9ca","69d7901e3430d13455efb336","69e63e7a8f895ea377fa11c9","<p style=""font-size: 60px; font-family: FragmentMono"">OGDSKCAVY</p>","","","training","","","","","","",""
"null","null","html-keyboard-response","192","302280","0.0-11.0-0.23","69a5e91eee249ee63d49f9ca","69d7901e3430d13455efb336","69e63e7a8f895ea377fa11c9","<p style=""font-size: 60px; font-family: FragmentMono"">WLXCMWDB</p>","","","training","","","","","","",""
"null","null","html-keyboard-response","193","303281","0.0-11.0-0.24","69a5e91eee249ee63d49f9ca","69d7901e3430d13455efb336","69e63e7a8f895ea377fa11c9","<p style=""font-size: 60px; font-family: FragmentMono"">FDMJCWDRL</p>","","","training","","","","","","",""
"null","null","html-keyboard-response","194","304283","0.0-11.0-0.25","69a5e91eee249ee63d49f9ca","69d7901e3430d13455efb336","69e63e7a8f895ea377fa11c9","<p style=""font-size: 60px; font-family: FragmentMono"">WBCHOLHX</p>","","","training","","","","","","",""
"null","null","html-keyboard-response","195","305296","0.0-11.0-0.26","69a5e91eee249ee63d49f9ca","69d7901e3430d13455efb336","69e63e7a8f895ea377fa11c9","<p style=""font-size: 60px; font-family: FragmentMono"">XUDJMWDRL</p>","","","training","","","","","","",""
"null","null","html-keyboard-response","196","306298","0.0-11.0-0.27","69a5e91eee249ee63d49f9ca","69d7901e3430d13455efb336","69e63e7a8f895ea377fa11c9","<p style=""font-size: 60px; font-family: FragmentMono"">APQHTCAVY</p>","","","training","","","","","","",""
"null","null","html-keyboard-response","197","307307","0.0-11.0-0.28","69a5e91eee249ee63d49f9ca","69d7901e3430d13455efb336","69e63e7a8f895ea377fa11c9","<p style=""font-size: 60px; font-family: FragmentMono"">BIWIUCSU</p>","","","training","","","","","","",""
"null","null","html-keyboard-response","198","308316","0.0-11.0-0.29","69a5e91eee249ee63d49f9ca","69d7901e3430d13455efb336","69e63e7a8f895ea377fa11c9","<p style=""font-size: 60px; font-family: FragmentMono"">FPKYAFN</p>","","","training","","","","","","",""
"null","null","html-keyboard-response","199","309328","0.0-11.0-0.30","69a5e91eee249ee63d49f9ca","69d7901e3430d13455efb336","69e63e7a8f895ea377fa11c9","<p style=""font-size: 60px; font-family: FragmentMono"">WLXCMOKDV</p>","","","training","","","","","","",""
"null","null","html-keyboard-response","200","310336","0.0-11.0-0.31","69a5e91eee249ee63d49f9ca","69d7901e3430d13455efb336","69e63e7a8f895ea377fa11c9","<p style=""font-size: 60px; font-family: FragmentMono"">XNJUOLHX</p>","","","training","","","","","","",""
"null","null","html-keyboard-response","201","311351","0.0-11.0-0.32","69a5e91eee249ee63d49f9ca","69d7901e3430d13455efb336","69e63e7a8f895ea377fa11c9","<p style=""font-size: 60px; font-family: FragmentMono"">OPFHSWDB</p>","","","training","","","","","","",""
"null","null","html-keyboard-response","202","312366","0.0-11.0-0.33","69a5e91eee249ee63d49f9ca","69d7901e3430d13455efb336","69e63e7a8f895ea377fa11c9","<p style=""font-size: 60px; font-family: FragmentMono"">XNJUQAIT</p>","","","training","","","","","","",""
"null","null","html-keyboard-response","203","313374","0.0-11.0-0.34","69a5e91eee249ee63d49f9ca","69d7901e3430d13455efb336","69e63e7a8f895ea377fa11c9","<p style=""font-size: 60px; font-family: FragmentMono"">BNPNCOLHX</p>","","","training","","","","","","",""
"null","null","html-keyboard-response","204","314380","0.0-11.0-0.35","69a5e91eee249ee63d49f9ca","69d7901e3430d13455efb336","69e63e7a8f895ea377fa11c9","<p style=""font-size: 60px; font-family: FragmentMono"">WBCHWDRL</p>","","","training","","","","","","",""
"null","null","html-keyboard-response","205","315395","0.0-11.0-0.36","69a5e91eee249ee63d49f9ca","69d7901e3430d13455efb336","69e63e7a8f895ea377fa11c9","<p style=""font-size: 60px; font-family: FragmentMono"">XUDJMOLHX</p>","","","training","","","","","","",""
"null","null","html-keyboard-response","206","316396","0.0-11.0-0.37","69a5e91eee249ee63d49f9ca","69d7901e3430d13455efb336","69e63e7a8f895ea377fa11c9","<p style=""font-size: 60px; font-family: FragmentMono"">OGDSKUCSU</p>","","","training","","","","","","",""
"null","null","html-keyboard-response","207","317413","0.0-11.0-0.38","69a5e91eee249ee63d49f9ca","69d7901e3430d13455efb336","69e63e7a8f895ea377fa11c9","<p style=""font-size: 60px; font-family: FragmentMono"">HRDYQAIT</p>","","","training","","","","","","",""
"null","null","html-keyboard-response","208","318416","0.0-11.0-0.39","69a5e91eee249ee63d49f9ca","69d7901e3430d13455efb336","69e63e7a8f895ea377fa11c9","<p style=""font-size: 60px; font-family: FragmentMono"">UXWLUVIE</p>","","","training","","","","","","",""
"null","null","html-keyboard-response","209","319428","0.0-11.0-0.40","69a5e91eee249ee63d49f9ca","69d7901e3430d13455efb336","69e63e7a8f895ea377fa11c9","<p style=""font-size: 60px; font-family: FragmentMono"">PJRYWDB</p>","","","training","","","","","","",""
"null","null","html-keyboard-response","210","320435","0.0-11.0-0.41","69a5e91eee249ee63d49f9ca","69d7901e3430d13455efb336","69e63e7a8f895ea377fa11c9","<p style=""font-size: 60px; font-family: FragmentMono"">FPKYRJMH</p>","","","training","","","","","","",""
"null","null","html-keyboard-response","211","321449","0.0-11.0-0.42","69a5e91eee249ee63d49f9ca","69d7901e3430d13455efb336","69e63e7a8f895ea377fa11c9","<p style=""font-size: 60px; font-family: FragmentMono"">HRDYOLHX</p>","","","training","","","","","","",""
"null","null","html-keyboard-response","212","322461","0.0-11.0-0.43","69a5e91eee249ee63d49f9ca","69d7901e3430d13455efb336","69e63e7a8f895ea377fa11c9","<p style=""font-size: 60px; font-family: FragmentMono"">IQYZAFN</p>","","","training","","","","","","",""
"null","null","html-keyboard-response","213","323474","0.0-11.0-0.44","69a5e91eee249ee63d49f9ca","69d7901e3430d13455efb336","69e63e7a8f895ea377fa11c9","<p style=""font-size: 60px; font-family: FragmentMono"">WLXCMCAVY</p>","","","training","","","","","","",""
"null","null","html-keyboard-response","214","324478","0.0-11.0-0.45","69a5e91eee249ee63d49f9ca","69d7901e3430d13455efb336","69e63e7a8f895ea377fa11c9","<p style=""font-size: 60px; font-family: FragmentMono"">FPKYQAIT</p>","","","training","","","","","","",""
"null","null","html-keyboard-response","215","325494","0.0-11.0-0.46","69a5e91eee249ee63d49f9ca","69d7901e3430d13455efb336","69e63e7a8f895ea377fa11c9","<p style=""font-size: 60px; font-family: FragmentMono"">WBCHAFN</p>","","","training","","","","","","",""
"null","null","html-keyboard-response","216","326496","0.0-11.0-0.47","69a5e91eee249ee63d49f9ca","69d7901e3430d13455efb336","69e63e7a8f895ea377fa11c9","<p style=""font-size: 60px; font-family: FragmentMono"">OGDSKUVIE</p>","","","training","","","","","","",""
"null","null","html-keyboard-response","217","327513","0.0-11.0-0.48","69a5e91eee249ee63d49f9ca","69d7901e3430d13455efb336","69e63e7a8f895ea377fa11c9","<p style=""font-size: 60px; font-family: FragmentMono"">CQBFSRJMH</p>","","","training","","","","","","",""
"null","null","html-keyboard-response","218","328516","0.0-11.0-0.49","69a5e91eee249ee63d49f9ca","69d7901e3430d13455efb336","69e63e7a8f895ea377fa11c9","<p style=""font-size: 60px; font-family: FragmentMono"">CFDTAUVIE</p>","","","training","","","","","","",""
"null","null","html-keyboard-response","219","329528","0.0-11.0-0.50","69a5e91eee249ee63d49f9ca","69d7901e3430d13455efb336","69e63e7a8f895ea377fa11c9","<p style=""font-size: 60px; font-family: FragmentMono"">BNPNCRJMH</p>","","","training","","","","","","",""
"null","null","html-keyboard-response","220","330532","0.0-11.0-0.51","69a5e91eee249ee63d49f9ca","69d7901e3430d13455efb336","69e63e7a8f895ea377fa11c9","<p style=""font-size: 60px; font-family: FragmentMono"">APQHTUCSU</p>","","","training","","","","","","",""
"null","null","html-keyboard-response","221","331548","0.0-11.0-0.52","69a5e91eee249ee63d49f9ca","69d7901e3430d13455efb336","69e63e7a8f895ea377fa11c9","<p style=""font-size: 60px; font-family: FragmentMono"">MGALOKDV</p>","","","training","","","","","","",""
"null","null","html-keyboard-response","222","332559","0.0-11.0-0.53","69a5e91eee249ee63d49f9ca","69d7901e3430d13455efb336","69e63e7a8f895ea377fa11c9","<p style=""font-size: 60px; font-family: FragmentMono"">FDMJCAFN</p>","","","training","","","","","","",""
"null","null","html-keyboard-response","223","333566","0.0-11.0-0.54","69a5e91eee249ee63d49f9ca","69d7901e3430d13455efb336","69e63e7a8f895ea377fa11c9","<p style=""font-size: 60px; font-family: FragmentMono"">IQYZWDRL</p>","","","training","","","","","","",""
"null","null","html-keyboard-response","224","334580","0.0-11.0-0.55","69a5e91eee249ee63d49f9ca","69d7901e3430d13455efb336","69e63e7a8f895ea377fa11c9","<p style=""font-size: 60px; font-family: FragmentMono"">WBCHRJMH</p>","","","training","","","","","","",""
"null","null","html-keyboard-response","225","335594","0.0-11.0-0.56","69a5e91eee249ee63d49f9ca","69d7901e3430d13455efb336","69e63e7a8f895ea377fa11c9","<p style=""font-size: 60px; font-family: FragmentMono"">WLXCMUCSU</p>","","","training","","","","","","",""
"null","null","html-keyboard-response","226","336600","0.0-11.0-0.57","69a5e91eee249ee63d49f9ca","69d7901e3430d13455efb336","69e63e7a8f895ea377fa11c9","<p style=""font-size: 60px; font-family: FragmentMono"">CQBFSOLHX</p>","","","training","","","","","","",""
"null","null","html-keyboard-response","227","337604","0.0-11.0-0.58","69a5e91eee249ee63d49f9ca","69d7901e3430d13455efb336","69e63e7a8f895ea377fa11c9","<p style=""font-size: 60px; font-family: FragmentMono"">FDMJCRJMH</p>","","","training","","","","","","",""
"null","null","html-keyboard-response","228","338613","0.0-11.0-0.59","69a5e91eee249ee63d49f9ca","69d7901e3430d13455efb336","69e63e7a8f895ea377fa11c9","<p style=""font-size: 60px; font-family: FragmentMono"">CFDTAUCSU</p>","","","training","","","","","","",""
"null","null","html-keyboard-response","229","339628","0.0-11.0-0.60","69a5e91eee249ee63d49f9ca","69d7901e3430d13455efb336","69e63e7a8f895ea377fa11c9","<p style=""font-size: 60px; font-family: FragmentMono"">PJRYCAVY</p>","","","training","","","","","","",""
"null","null","html-keyboard-response","230","340635","0.0-11.0-0.61","69a5e91eee249ee63d49f9ca","69d7901e3430d13455efb336","69e63e7a8f895ea377fa11c9","<p style=""font-size: 60px; font-family: FragmentMono"">FDMJCOLHX</p>","","","training","","","","","","",""
"null","null","html-keyboard-response","231","341649","0.0-11.0-0.62","69a5e91eee249ee63d49f9ca","69d7901e3430d13455efb336","69e63e7a8f895ea377fa11c9","<p style=""font-size: 60px; font-family: FragmentMono"">OPFHSUCSU</p>","","","training","","","","","","",""
"null","null","html-keyboard-response","232","342651","0.0-11.0-0.63","69a5e91eee249ee63d49f9ca","69d7901e3430d13455efb336","69e63e7a8f895ea377fa11c9","<p style=""font-size: 60px; font-family: FragmentMono"">BIWICAVY</p>","","","training","","","","","","",""
"null","null","html-keyboard-response","233","343653","0.0-11.0-0.64","69a5e91eee249ee63d49f9ca","69d7901e3430d13455efb336","69e63e7a8f895ea377fa11c9","<p style=""font-size: 60px; font-family: FragmentMono"">MGALUVIE</p>","","","training","","","","","","",""
"null","null","html-keyboard-response","234","344663","0.0-11.0-0.65","69a5e91eee249ee63d49f9ca","69d7901e3430d13455efb336","69e63e7a8f895ea377fa11c9","<p style=""font-size: 60px; font-family: FragmentMono"">XUDJMRJMH</p>","","","training","","","","","","",""
"null","null","html-keyboard-response","235","345674","0.0-11.0-0.66","69a5e91eee249ee63d49f9ca","69d7901e3430d13455efb336","69e63e7a8f895ea377fa11c9","<p style=""font-size: 60px; font-family: FragmentMono"">BNPNCQAIT</p>","","","training","","","","","","",""
"null","null","html-keyboard-response","236","346682","0.0-11.0-0.67","69a5e91eee249ee63d49f9ca","69d7901e3430d13455efb336","69e63e7a8f895ea377fa11c9","<p style=""font-size: 60px; font-family: FragmentMono"">IQYZOLHX</p>","","","training","","","","","","",""
"null","null","html-keyboard-response","237","347696","0.0-11.0-0.68","69a5e91eee249ee63d49f9ca","69d7901e3430d13455efb336","69e63e7a8f895ea377fa11c9","<p style=""font-size: 60px; font-family: FragmentMono"">XPWJFRJMH</p>","","","training","","","","","","",""
"null","null","html-keyboard-response","238","348704","0.0-11.0-0.69","69a5e91eee249ee63d49f9ca","69d7901e3430d13455efb336","69e63e7a8f895ea377fa11c9","<p style=""font-size: 60px; font-family: FragmentMono"">MGALWDB</p>","","","training","","","","","","",""
"null","null","html-keyboard-response","239","349712","0.0-11.0-0.70","69a5e91eee249ee63d49f9ca","69d7901e3430d13455efb336","69e63e7a8f895ea377fa11c9","<p style=""font-size: 60px; font-family: FragmentMono"">BNPNCAFN</p>","","","training","","","","","","",""
"null","null","html-keyboard-response","240","350726","0.0-11.0-0.71","69a5e91eee249ee63d49f9ca","69d7901e3430d13455efb336","69e63e7a8f895ea377fa11c9","<p style=""font-size: 60px; font-family: FragmentMono"">CFDTAWDB</p>","","","training","","","","","","",""
"null","null","html-keyboard-response","241","351736","0.0-11.0-0.72","69a5e91eee249ee63d49f9ca","69d7901e3430d13455efb336","69e63e7a8f895ea377fa11c9","<p style=""font-size: 60px; font-family: FragmentMono"">PJRYUCSU</p>","","","training","","","","","","",""
"null","null","html-keyboard-response","242","352752","0.0-11.0-0.73","69a5e91eee249ee63d49f9ca","69d7901e3430d13455efb336","69e63e7a8f895ea377fa11c9","<p style=""font-size: 60px; font-family: FragmentMono"">TGNLWDB</p>","","","training","","","","","","",""
"null","null","html-keyboard-response","243","353758","0.0-11.0-0.74","69a5e91eee249ee63d49f9ca","69d7901e3430d13455efb336","69e63e7a8f895ea377fa11c9","<p style=""font-size: 60px; font-family: FragmentMono"">BIWIUVIE</p>","","","training","","","","","","",""
"null","null","html-keyboard-response","244","354759","0.0-11.0-0.75","69a5e91eee249ee63d49f9ca","69d7901e3430d13455efb336","69e63e7a8f895ea377fa11c9","<p style=""font-size: 60px; font-family: FragmentMono"">CQBFSWDRL</p>","","","training","","","","","","",""
"null","null","html-keyboard-response","245","355774","0.0-11.0-0.76","69a5e91eee249ee63d49f9ca","69d7901e3430d13455efb336","69e63e7a8f895ea377fa11c9","<p style=""font-size: 60px; font-family: FragmentMono"">XNJURJMH</p>","","","training","","","","","","",""
"null","null","html-keyboard-response","246","356782","0.0-11.0-0.77","69a5e91eee249ee63d49f9ca","69d7901e3430d13455efb336","69e63e7a8f895ea377fa11c9","<p style=""font-size: 60px; font-family: FragmentMono"">CQBFSQAIT</p>","","","training","","","","","","",""
"null","null","html-keyboard-response","247","357789","0.0-11.0-0.78","69a5e91eee249ee63d49f9ca","69d7901e3430d13455efb336","69e63e7a8f895ea377fa11c9","<p style=""font-size: 60px; font-family: FragmentMono"">UXWLOKDV</p>","","","training","","","","","","",""
"null","null","html-keyboard-response","248","358804","0.0-11.0-0.79","69a5e91eee249ee63d49f9ca","69d7901e3430d13455efb336","69e63e7a8f895ea377fa11c9","<p style=""font-size: 60px; font-family: FragmentMono"">XUDJMQAIT</p>","","","training","","","","","","",""
"4234"," ","html-keyboard-response","249","363039","0.0-12.0","69a5e91eee249ee63d49f9ca","69d7901e3430d13455efb336","69e63e7a8f895ea377fa11c9","<p style=""font-size: 30px"">Great, you've seen the third block of words. You may now take a short break.</p>
      <p style=""font-size: 30px"">Press the spacebar when you're ready to continue.</p>","","","","","","","","","",""
"null","null","html-keyboard-response","250","364043","0.0-13.0-0.0","69a5e91eee249ee63d49f9ca","69d7901e3430d13455efb336","69e63e7a8f895ea377fa11c9","<p style=""font-size: 60px; font-family: FragmentMono"">TGNLOKDV</p>","","","training","","","","","","",""
"null","null","html-keyboard-response","251","365059","0.0-13.0-0.1","69a5e91eee249ee63d49f9ca","69d7901e3430d13455efb336","69e63e7a8f895ea377fa11c9","<p style=""font-size: 60px; font-family: FragmentMono"">OPFHSUVIE</p>","","","training","","","","","","",""
"null","null","html-keyboard-response","252","366071","0.0-13.0-0.2","69a5e91eee249ee63d49f9ca","69d7901e3430d13455efb336","69e63e7a8f895ea377fa11c9","<p style=""font-size: 60px; font-family: FragmentMono"">WLXCMOKDV</p>","","","training","","","","","","",""
"null","null","html-keyboard-response","253","367078","0.0-13.0-0.3","69a5e91eee249ee63d49f9ca","69d7901e3430d13455efb336","69e63e7a8f895ea377fa11c9","<p style=""font-size: 60px; font-family: FragmentMono"">FDMJCRJMH</p>","","","training","","","","","","",""
"null","null","html-keyboard-response","254","368080","0.0-13.0-0.4","69a5e91eee249ee63d49f9ca","69d7901e3430d13455efb336","69e63e7a8f895ea377fa11c9","<p style=""font-size: 60px; font-family: FragmentMono"">CFDTAUCSU</p>","","","training","","","","","","",""
"null","null","html-keyboard-response","255","369083","0.0-13.0-0.5","69a5e91eee249ee63d49f9ca","69d7901e3430d13455efb336","69e63e7a8f895ea377fa11c9","<p style=""font-size: 60px; font-family: FragmentMono"">XUDJMWDRL</p>","","","training","","","","","","",""
"null","null","html-keyboard-response","256","370091","0.0-13.0-0.6","69a5e91eee249ee63d49f9ca","69d7901e3430d13455efb336","69e63e7a8f895ea377fa11c9","<p style=""font-size: 60px; font-family: FragmentMono"">CQBFSRJMH</p>","","","training","","","","","","",""
"null","null","html-keyboard-response","257","371094","0.0-13.0-0.7","69a5e91eee249ee63d49f9ca","69d7901e3430d13455efb336","69e63e7a8f895ea377fa11c9","<p style=""font-size: 60px; font-family: FragmentMono"">BIWICAVY</p>","","","training","","","","","","",""
"null","null","html-keyboard-response","258","372105","0.0-13.0-0.8","69a5e91eee249ee63d49f9ca","69d7901e3430d13455efb336","69e63e7a8f895ea377fa11c9","<p style=""font-size: 60px; font-family: FragmentMono"">WBCHOLHX</p>","","","training","","","","","","",""
"null","null","html-keyboard-response","259","373118","0.0-13.0-0.9","69a5e91eee249ee63d49f9ca","69d7901e3430d13455efb336","69e63e7a8f895ea377fa11c9","<p style=""font-size: 60px; font-family: FragmentMono"">OGDSKOKDV</p>","","","training","","","","","","",""
"null","null","html-keyboard-response","260","374128","0.0-13.0-0.10","69a5e91eee249ee63d49f9ca","69d7901e3430d13455efb336","69e63e7a8f895ea377fa11c9","<p style=""font-size: 60px; font-family: FragmentMono"">APQHTWDB</p>","","","training","","","","","","",""
"null","null","html-keyboard-response","261","375137","0.0-13.0-0.11","69a5e91eee249ee63d49f9ca","69d7901e3430d13455efb336","69e63e7a8f895ea377fa11c9","<p style=""font-size: 60px; font-family: FragmentMono"">WLXCMUCSU</p>","","","training","","","","","","",""
"null","null","html-keyboard-response","262","376149","0.0-13.0-0.12","69a5e91eee249ee63d49f9ca","69d7901e3430d13455efb336","69e63e7a8f895ea377fa11c9","<p style=""font-size: 60px; font-family: FragmentMono"">CQBFSOLHX</p>","","","training","","","","","","",""
"null","null","html-keyboard-response","263","377151","0.0-13.0-0.13","69a5e91eee249ee63d49f9ca","69d7901e3430d13455efb336","69e63e7a8f895ea377fa11c9","<p style=""font-size: 60px; font-family: FragmentMono"">OGDSKUVIE</p>","","","training","","","","","","",""
"null","null","html-keyboard-response","264","378164","0.0-13.0-0.14","69a5e91eee249ee63d49f9ca","69d7901e3430d13455efb336","69e63e7a8f895ea377fa11c9","<p style=""font-size: 60px; font-family: FragmentMono"">WLXCMCAVY</p>","","","training","","","","","","",""
"null","null","html-keyboard-response","265","379179","0.0-13.0-0.15","69a5e91eee249ee63d49f9ca","69d7901e3430d13455efb336","69e63e7a8f895ea377fa11c9","<p style=""font-size: 60px; font-family: FragmentMono"">IQYZWDRL</p>","","","training","","","","","","",""
"null","null","html-keyboard-response","266","380194","0.0-13.0-0.16","69a5e91eee249ee63d49f9ca","69d7901e3430d13455efb336","69e63e7a8f895ea377fa11c9","<p style=""font-size: 60px; font-family: FragmentMono"">XUDJMOLHX</p>","","","training","","","","","","",""
"null","null","html-keyboard-response","267","381212","0.0-13.0-0.17","69a5e91eee249ee63d49f9ca","69d7901e3430d13455efb336","69e63e7a8f895ea377fa11c9","<p style=""font-size: 60px; font-family: FragmentMono"">OPFHSOKDV</p>","","","training","","","","","","",""
"null","null","html-keyboard-response","268","382227","0.0-13.0-0.18","69a5e91eee249ee63d49f9ca","69d7901e3430d13455efb336","69e63e7a8f895ea377fa11c9","<p style=""font-size: 60px; font-family: FragmentMono"">OGDSKUCSU</p>","","","training","","","","","","",""
"null","null","html-keyboard-response","269","383229","0.0-13.0-0.19","69a5e91eee249ee63d49f9ca","69d7901e3430d13455efb336","69e63e7a8f895ea377fa11c9","<p style=""font-size: 60px; font-family: FragmentMono"">APQHTOKDV</p>","","","training","","","","","","",""
"null","null","html-keyboard-response","270","384234","0.0-13.0-0.20","69a5e91eee249ee63d49f9ca","69d7901e3430d13455efb336","69e63e7a8f895ea377fa11c9","<p style=""font-size: 60px; font-family: FragmentMono"">PJRYCAVY</p>","","","training","","","","","","",""
"null","null","html-keyboard-response","271","385238","0.0-13.0-0.21","69a5e91eee249ee63d49f9ca","69d7901e3430d13455efb336","69e63e7a8f895ea377fa11c9","<p style=""font-size: 60px; font-family: FragmentMono"">CQBFSQAIT</p>","","","training","","","","","","",""
"null","null","html-keyboard-response","272","386252","0.0-13.0-0.22","69a5e91eee249ee63d49f9ca","69d7901e3430d13455efb336","69e63e7a8f895ea377fa11c9","<p style=""font-size: 60px; font-family: FragmentMono"">XUDJMRJMH</p>","","","training","","","","","","",""
"null","null","html-keyboard-response","273","387264","0.0-13.0-0.23","69a5e91eee249ee63d49f9ca","69d7901e3430d13455efb336","69e63e7a8f895ea377fa11c9","<p style=""font-size: 60px; font-family: FragmentMono"">CQBFSWDRL</p>","","","training","","","","","","",""
"null","null","html-keyboard-response","274","388266","0.0-13.0-0.24","69a5e91eee249ee63d49f9ca","69d7901e3430d13455efb336","69e63e7a8f895ea377fa11c9","<p style=""font-size: 60px; font-family: FragmentMono"">BNPNCAFN</p>","","","training","","","","","","",""
"null","null","html-keyboard-response","275","389275","0.0-13.0-0.25","69a5e91eee249ee63d49f9ca","69d7901e3430d13455efb336","69e63e7a8f895ea377fa11c9","<p style=""font-size: 60px; font-family: FragmentMono"">TGNLUVIE</p>","","","training","","","","","","",""
"null","null","html-keyboard-response","276","390282","0.0-13.0-0.26","69a5e91eee249ee63d49f9ca","69d7901e3430d13455efb336","69e63e7a8f895ea377fa11c9","<p style=""font-size: 60px; font-family: FragmentMono"">FPKYQAIT</p>","","","training","","","","","","",""
"null","null","html-keyboard-response","277","391290","0.0-13.0-0.27","69a5e91eee249ee63d49f9ca","69d7901e3430d13455efb336","69e63e7a8f895ea377fa11c9","<p style=""font-size: 60px; font-family: FragmentMono"">UXWLWDB</p>","","","training","","","","","","",""
"null","null","html-keyboard-response","278","392294","0.0-13.0-0.28","69a5e91eee249ee63d49f9ca","69d7901e3430d13455efb336","69e63e7a8f895ea377fa11c9","<p style=""font-size: 60px; font-family: FragmentMono"">APQHTUCSU</p>","","","training","","","","","","",""
"null","null","html-keyboard-response","279","393296","0.0-13.0-0.29","69a5e91eee249ee63d49f9ca","69d7901e3430d13455efb336","69e63e7a8f895ea377fa11c9","<p style=""font-size: 60px; font-family: FragmentMono"">FPKYRJMH</p>","","","training","","","","","","",""
"null","null","html-keyboard-response","280","394309","0.0-13.0-0.30","69a5e91eee249ee63d49f9ca","69d7901e3430d13455efb336","69e63e7a8f895ea377fa11c9","<p style=""font-size: 60px; font-family: FragmentMono"">OPFHSWDB</p>","","","training","","","","","","",""
"null","null","html-keyboard-response","281","395316","0.0-13.0-0.31","69a5e91eee249ee63d49f9ca","69d7901e3430d13455efb336","69e63e7a8f895ea377fa11c9","<p style=""font-size: 60px; font-family: FragmentMono"">XNJURJMH</p>","","","training","","","","","","",""
"null","null","html-keyboard-response","282","396325","0.0-13.0-0.32","69a5e91eee249ee63d49f9ca","69d7901e3430d13455efb336","69e63e7a8f895ea377fa11c9","<p style=""font-size: 60px; font-family: FragmentMono"">BIWIOKDV</p>","","","training","","","","","","",""
"null","null","html-keyboard-response","283","397334","0.0-13.0-0.33","69a5e91eee249ee63d49f9ca","69d7901e3430d13455efb336","69e63e7a8f895ea377fa11c9","<p style=""font-size: 60px; font-family: FragmentMono"">FPKYWDRL</p>","","","training","","","","","","",""
"null","null","html-keyboard-response","284","398342","0.0-13.0-0.34","69a5e91eee249ee63d49f9ca","69d7901e3430d13455efb336","69e63e7a8f895ea377fa11c9","<p style=""font-size: 60px; font-family: FragmentMono"">XUDJMQAIT</p>","","","training","","","","","","",""
"null","null","html-keyboard-response","285","399348","0.0-13.0-0.35","69a5e91eee249ee63d49f9ca","69d7901e3430d13455efb336","69e63e7a8f895ea377fa11c9","<p style=""font-size: 60px; font-family: FragmentMono"">UXWLCAVY</p>","","","training","","","","","","",""
"null","null","html-keyboard-response","286","400351","0.0-13.0-0.36","69a5e91eee249ee63d49f9ca","69d7901e3430d13455efb336","69e63e7a8f895ea377fa11c9","<p style=""font-size: 60px; font-family: FragmentMono"">HRDYQAIT</p>","","","training","","","","","","",""
"null","null","html-keyboard-response","287","401363","0.0-13.0-0.37","69a5e91eee249ee63d49f9ca","69d7901e3430d13455efb336","69e63e7a8f895ea377fa11c9","<p style=""font-size: 60px; font-family: FragmentMono"">WBCHAFN</p>","","","training","","","","","","",""
"null","null","html-keyboard-response","288","402379","0.0-13.0-0.38","69a5e91eee249ee63d49f9ca","69d7901e3430d13455efb336","69e63e7a8f895ea377fa11c9","<p style=""font-size: 60px; font-family: FragmentMono"">HRDYWDRL</p>","","","training","","","","","","",""
"null","null","html-keyboard-response","289","403385","0.0-13.0-0.39","69a5e91eee249ee63d49f9ca","69d7901e3430d13455efb336","69e63e7a8f895ea377fa11c9","<p style=""font-size: 60px; font-family: FragmentMono"">MGALWDB</p>","","","training","","","","","","",""
"null","null","html-keyboard-response","290","404396","0.0-13.0-0.40","69a5e91eee249ee63d49f9ca","69d7901e3430d13455efb336","69e63e7a8f895ea377fa11c9","<p style=""font-size: 60px; font-family: FragmentMono"">CFDTACAVY</p>","","","training","","","","","","",""
"null","null","html-keyboard-response","291","405413","0.0-13.0-0.41","69a5e91eee249ee63d49f9ca","69d7901e3430d13455efb336","69e63e7a8f895ea377fa11c9","<p style=""font-size: 60px; font-family: FragmentMono"">PJRYUCSU</p>","","","training","","","","","","",""
"null","null","html-keyboard-response","292","406415","0.0-13.0-0.42","69a5e91eee249ee63d49f9ca","69d7901e3430d13455efb336","69e63e7a8f895ea377fa11c9","<p style=""font-size: 60px; font-family: FragmentMono"">TGNLWDB</p>","","","training","","","","","","",""
"null","null","html-keyboard-response","293","407428","0.0-13.0-0.43","69a5e91eee249ee63d49f9ca","69d7901e3430d13455efb336","69e63e7a8f895ea377fa11c9","<p style=""font-size: 60px; font-family: FragmentMono"">XPWJFQAIT</p>","","","training","","","","","","",""
"null","null","html-keyboard-response","294","408432","0.0-13.0-0.44","69a5e91eee249ee63d49f9ca","69d7901e3430d13455efb336","69e63e7a8f895ea377fa11c9","<p style=""font-size: 60px; font-family: FragmentMono"">UXWLOKDV</p>","","","training","","","","","","",""
"null","null","html-keyboard-response","295","409445","0.0-13.0-0.45","69a5e91eee249ee63d49f9ca","69d7901e3430d13455efb336","69e63e7a8f895ea377fa11c9","<p style=""font-size: 60px; font-family: FragmentMono"">TGNLUCSU</p>","","","training","","","","","","",""
"null","null","html-keyboard-response","296","410461","0.0-13.0-0.46","69a5e91eee249ee63d49f9ca","69d7901e3430d13455efb336","69e63e7a8f895ea377fa11c9","<p style=""font-size: 60px; font-family: FragmentMono"">PJRYUVIE</p>","","","training","","","","","","",""
"null","null","html-keyboard-response","297","411467","0.0-13.0-0.47","69a5e91eee249ee63d49f9ca","69d7901e3430d13455efb336","69e63e7a8f895ea377fa11c9","<p style=""font-size: 60px; font-family: FragmentMono"">XPWJFWDRL</p>","","","training","","","","","","",""
"null","null","html-keyboard-response","298","412478","0.0-13.0-0.48","69a5e91eee249ee63d49f9ca","69d7901e3430d13455efb336","69e63e7a8f895ea377fa11c9","<p style=""font-size: 60px; font-family: FragmentMono"">PJRYWDB</p>","","","training","","","","","","",""
"null","null","html-keyboard-response","299","413480","0.0-13.0-0.49","69a5e91eee249ee63d49f9ca","69d7901e3430d13455efb336","69e63e7a8f895ea377fa11c9","<p style=""font-size: 60px; font-family: FragmentMono"">MGALOKDV</p>","","","training","","","","","","",""
"null","null","html-keyboard-response","300","414490","0.0-13.0-0.50","69a5e91eee249ee63d49f9ca","69d7901e3430d13455efb336","69e63e7a8f895ea377fa11c9","<p style=""font-size: 60px; font-family: FragmentMono"">OPFHSUCSU</p>","","","training","","","","","","",""
"null","null","html-keyboard-response","301","415498","0.0-13.0-0.51","69a5e91eee249ee63d49f9ca","69d7901e3430d13455efb336","69e63e7a8f895ea377fa11c9","<p style=""font-size: 60px; font-family: FragmentMono"">XPWJFRJMH</p>","","","training","","","","","","",""
"null","null","html-keyboard-response","302","416514","0.0-13.0-0.52","69a5e91eee249ee63d49f9ca","69d7901e3430d13455efb336","69e63e7a8f895ea377fa11c9","<p style=""font-size: 60px; font-family: FragmentMono"">XNJUAFN</p>","","","training","","","","","","",""
"null","null","html-keyboard-response","303","417530","0.0-13.0-0.53","69a5e91eee249ee63d49f9ca","69d7901e3430d13455efb336","69e63e7a8f895ea377fa11c9","<p style=""font-size: 60px; font-family: FragmentMono"">UXWLUVIE</p>","","","training","","","","","","",""
"null","null","html-keyboard-response","304","418533","0.0-13.0-0.54","69a5e91eee249ee63d49f9ca","69d7901e3430d13455efb336","69e63e7a8f895ea377fa11c9","<p style=""font-size: 60px; font-family: FragmentMono"">WLXCMWDB</p>","","","training","","","","","","",""
"null","null","html-keyboard-response","305","419535","0.0-13.0-0.55","69a5e91eee249ee63d49f9ca","69d7901e3430d13455efb336","69e63e7a8f895ea377fa11c9","<p style=""font-size: 60px; font-family: FragmentMono"">IQYZQAIT</p>","","","training","","","","","","",""
"null","null","html-keyboard-response","306","420536","0.0-13.0-0.56","69a5e91eee249ee63d49f9ca","69d7901e3430d13455efb336","69e63e7a8f895ea377fa11c9","<p style=""font-size: 60px; font-family: FragmentMono"">CFDTAWDB</p>","","","training","","","","","","",""
"null","null","html-keyboard-response","307","421544","0.0-13.0-0.57","69a5e91eee249ee63d49f9ca","69d7901e3430d13455efb336","69e63e7a8f895ea377fa11c9","<p style=""font-size: 60px; font-family: FragmentMono"">BNPNCQAIT</p>","","","training","","","","","","",""
"null","null","html-keyboard-response","308","422548","0.0-13.0-0.58","69a5e91eee249ee63d49f9ca","69d7901e3430d13455efb336","69e63e7a8f895ea377fa11c9","<p style=""font-size: 60px; font-family: FragmentMono"">APQHTCAVY</p>","","","training","","","","","","",""
"null","null","html-keyboard-response","309","423551","0.0-13.0-0.59","69a5e91eee249ee63d49f9ca","69d7901e3430d13455efb336","69e63e7a8f895ea377fa11c9","<p style=""font-size: 60px; font-family: FragmentMono"">IQYZOLHX</p>","","","training","","","","","","",""
"null","null","html-keyboard-response","310","424564","0.0-13.0-0.60","69a5e91eee249ee63d49f9ca","69d7901e3430d13455efb336","69e63e7a8f895ea377fa11c9","<p style=""font-size: 60px; font-family: FragmentMono"">WBCHWDRL</p>","","","training","","","","","","",""
"null","null","html-keyboard-response","311","425573","0.0-13.0-0.61","69a5e91eee249ee63d49f9ca","69d7901e3430d13455efb336","69e63e7a8f895ea377fa11c9","<p style=""font-size: 60px; font-family: FragmentMono"">HRDYOLHX</p>","","","training","","","","","","",""
"null","null","html-keyboard-response","312","426577","0.0-13.0-0.62","69a5e91eee249ee63d49f9ca","69d7901e3430d13455efb336","69e63e7a8f895ea377fa11c9","<p style=""font-size: 60px; font-family: FragmentMono"">MGALUVIE</p>","","","training","","","","","","",""
"null","null","html-keyboard-response","313","427578","0.0-13.0-0.63","69a5e91eee249ee63d49f9ca","69d7901e3430d13455efb336","69e63e7a8f895ea377fa11c9","<p style=""font-size: 60px; font-family: FragmentMono"">IQYZAFN</p>","","","training","","","","","","",""
"null","null","html-keyboard-response","314","428590","0.0-13.0-0.64","69a5e91eee249ee63d49f9ca","69d7901e3430d13455efb336","69e63e7a8f895ea377fa11c9","<p style=""font-size: 60px; font-family: FragmentMono"">XNJUOLHX</p>","","","training","","","","","","",""
"null","null","html-keyboard-response","315","429593","0.0-13.0-0.65","69a5e91eee249ee63d49f9ca","69d7901e3430d13455efb336","69e63e7a8f895ea377fa11c9","<p style=""font-size: 60px; font-family: FragmentMono"">FDMJCWDRL</p>","","","training","","","","","","",""
"null","null","html-keyboard-response","316","430595","0.0-13.0-0.66","69a5e91eee249ee63d49f9ca","69d7901e3430d13455efb336","69e63e7a8f895ea377fa11c9","<p style=""font-size: 60px; font-family: FragmentMono"">BIWIUVIE</p>","","","training","","","","","","",""
"null","null","html-keyboard-response","317","431612","0.0-13.0-0.67","69a5e91eee249ee63d49f9ca","69d7901e3430d13455efb336","69e63e7a8f895ea377fa11c9","<p style=""font-size: 60px; font-family: FragmentMono"">WBCHRJMH</p>","","","training","","","","","","",""
"null","null","html-keyboard-response","318","432627","0.0-13.0-0.68","69a5e91eee249ee63d49f9ca","69d7901e3430d13455efb336","69e63e7a8f895ea377fa11c9","<p style=""font-size: 60px; font-family: FragmentMono"">MGALCAVY</p>","","","training","","","","","","",""
"null","null","html-keyboard-response","319","433636","0.0-13.0-0.69","69a5e91eee249ee63d49f9ca","69d7901e3430d13455efb336","69e63e7a8f895ea377fa11c9","<p style=""font-size: 60px; font-family: FragmentMono"">XNJUQAIT</p>","","","training","","","","","","",""
"null","null","html-keyboard-response","320","434644","0.0-13.0-0.70","69a5e91eee249ee63d49f9ca","69d7901e3430d13455efb336","69e63e7a8f895ea377fa11c9","<p style=""font-size: 60px; font-family: FragmentMono"">OGDSKCAVY</p>","","","training","","","","","","",""
"null","null","html-keyboard-response","321","435648","0.0-13.0-0.71","69a5e91eee249ee63d49f9ca","69d7901e3430d13455efb336","69e63e7a8f895ea377fa11c9","<p style=""font-size: 60px; font-family: FragmentMono"">FDMJCAFN</p>","","","training","","","","","","",""
"null","null","html-keyboard-response","322","436663","0.0-13.0-0.72","69a5e91eee249ee63d49f9ca","69d7901e3430d13455efb336","69e63e7a8f895ea377fa11c9","<p style=""font-size: 60px; font-family: FragmentMono"">CFDTAUVIE</p>","","","training","","","","","","",""
"null","null","html-keyboard-response","323","437679","0.0-13.0-0.73","69a5e91eee249ee63d49f9ca","69d7901e3430d13455efb336","69e63e7a8f895ea377fa11c9","<p style=""font-size: 60px; font-family: FragmentMono"">BNPNCRJMH</p>","","","training","","","","","","",""
"null","null","html-keyboard-response","324","438681","0.0-13.0-0.74","69a5e91eee249ee63d49f9ca","69d7901e3430d13455efb336","69e63e7a8f895ea377fa11c9","<p style=""font-size: 60px; font-family: FragmentMono"">FPKYAFN</p>","","","training","","","","","","",""
"null","null","html-keyboard-response","325","439694","0.0-13.0-0.75","69a5e91eee249ee63d49f9ca","69d7901e3430d13455efb336","69e63e7a8f895ea377fa11c9","<p style=""font-size: 60px; font-family: FragmentMono"">BNPNCOLHX</p>","","","training","","","","","","",""
"null","null","html-keyboard-response","326","440704","0.0-13.0-0.76","69a5e91eee249ee63d49f9ca","69d7901e3430d13455efb336","69e63e7a8f895ea377fa11c9","<p style=""font-size: 60px; font-family: FragmentMono"">HRDYAFN</p>","","","training","","","","","","",""
"null","null","html-keyboard-response","327","441710","0.0-13.0-0.77","69a5e91eee249ee63d49f9ca","69d7901e3430d13455efb336","69e63e7a8f895ea377fa11c9","<p style=""font-size: 60px; font-family: FragmentMono"">BIWIUCSU</p>","","","training","","","","","","",""
"null","null","html-keyboard-response","328","442712","0.0-13.0-0.78","69a5e91eee249ee63d49f9ca","69d7901e3430d13455efb336","69e63e7a8f895ea377fa11c9","<p style=""font-size: 60px; font-family: FragmentMono"">FDMJCOLHX</p>","","","training","","","","","","",""
"null","null","html-keyboard-response","329","443724","0.0-13.0-0.79","69a5e91eee249ee63d49f9ca","69d7901e3430d13455efb336","69e63e7a8f895ea377fa11c9","<p style=""font-size: 60px; font-family: FragmentMono"">XPWJFAFN</p>","","","training","","","","","","",""
"6177"," ","html-keyboard-response","330","449901","0.0-14.0","69a5e91eee249ee63d49f9ca","69d7901e3430d13455efb336","69e63e7a8f895ea377fa11c9","<p style=""font-size: 30px"">Great, you've seen the fourth block of words. You may now take a short break.</p>
      <p style=""font-size: 30px"">Press the spacebar when you're ready to continue.</p>","","","","","","","","","",""
"null","null","html-keyboard-response","331","450916","0.0-15.0-0.0","69a5e91eee249ee63d49f9ca","69d7901e3430d13455efb336","69e63e7a8f895ea377fa11c9","<p style=""font-size: 60px; font-family: FragmentMono"">XUDJMRJMH</p>","","","training","","","","","","",""
"null","null","html-keyboard-response","332","451928","0.0-15.0-0.1","69a5e91eee249ee63d49f9ca","69d7901e3430d13455efb336","69e63e7a8f895ea377fa11c9","<p style=""font-size: 60px; font-family: FragmentMono"">XPWJFAFN</p>","","","training","","","","","","",""
"null","null","html-keyboard-response","333","452940","0.0-15.0-0.2","69a5e91eee249ee63d49f9ca","69d7901e3430d13455efb336","69e63e7a8f895ea377fa11c9","<p style=""font-size: 60px; font-family: FragmentMono"">BIWICAVY</p>","","","training","","","","","","",""
"null","null","html-keyboard-response","334","453943","0.0-15.0-0.3","69a5e91eee249ee63d49f9ca","69d7901e3430d13455efb336","69e63e7a8f895ea377fa11c9","<p style=""font-size: 60px; font-family: FragmentMono"">HRDYOLHX</p>","","","training","","","","","","",""
"null","null","html-keyboard-response","335","454944","0.0-15.0-0.4","69a5e91eee249ee63d49f9ca","69d7901e3430d13455efb336","69e63e7a8f895ea377fa11c9","<p style=""font-size: 60px; font-family: FragmentMono"">BIWIUCSU</p>","","","training","","","","","","",""
"null","null","html-keyboard-response","336","455958","0.0-15.0-0.5","69a5e91eee249ee63d49f9ca","69d7901e3430d13455efb336","69e63e7a8f895ea377fa11c9","<p style=""font-size: 60px; font-family: FragmentMono"">UXWLUVIE</p>","","","training","","","","","","",""
"null","null","html-keyboard-response","337","456974","0.0-15.0-0.6","69a5e91eee249ee63d49f9ca","69d7901e3430d13455efb336","69e63e7a8f895ea377fa11c9","<p style=""font-size: 60px; font-family: FragmentMono"">APQHTOKDV</p>","","","training","","","","","","",""
"null","null","html-keyboard-response","338","457981","0.0-15.0-0.7","69a5e91eee249ee63d49f9ca","69d7901e3430d13455efb336","69e63e7a8f895ea377fa11c9","<p style=""font-size: 60px; font-family: FragmentMono"">MGALCAVY</p>","","","training","","","","","","",""
"null","null","html-keyboard-response","339","458997","0.0-15.0-0.8","69a5e91eee249ee63d49f9ca","69d7901e3430d13455efb336","69e63e7a8f895ea377fa11c9","<p style=""font-size: 60px; font-family: FragmentMono"">CFDTAWDB</p>","","","training","","","","","","",""
"null","null","html-keyboard-response","340","460003","0.0-15.0-0.9","69a5e91eee249ee63d49f9ca","69d7901e3430d13455efb336","69e63e7a8f895ea377fa11c9","<p style=""font-size: 60px; font-family: FragmentMono"">PJRYUCSU</p>","","","training","","","","","","",""
"null","null","html-keyboard-response","341","461018","0.0-15.0-0.10","69a5e91eee249ee63d49f9ca","69d7901e3430d13455efb336","69e63e7a8f895ea377fa11c9","<p style=""font-size: 60px; font-family: FragmentMono"">WBCHWDRL</p>","","","training","","","","","","",""
"null","null","html-keyboard-response","342","462034","0.0-15.0-0.11","69a5e91eee249ee63d49f9ca","69d7901e3430d13455efb336","69e63e7a8f895ea377fa11c9","<p style=""font-size: 60px; font-family: FragmentMono"">FDMJCOLHX</p>","","","training","","","","","","",""
"null","null","html-keyboard-response","343","463047","0.0-15.0-0.12","69a5e91eee249ee63d49f9ca","69d7901e3430d13455efb336","69e63e7a8f895ea377fa11c9","<p style=""font-size: 60px; font-family: FragmentMono"">XUDJMQAIT</p>","","","training","","","","","","",""
"null","null","html-keyboard-response","344","464048","0.0-15.0-0.13","69a5e91eee249ee63d49f9ca","69d7901e3430d13455efb336","69e63e7a8f895ea377fa11c9","<p style=""font-size: 60px; font-family: FragmentMono"">APQHTCAVY</p>","","","training","","","","","","",""
"null","null","html-keyboard-response","345","465063","0.0-15.0-0.14","69a5e91eee249ee63d49f9ca","69d7901e3430d13455efb336","69e63e7a8f895ea377fa11c9","<p style=""font-size: 60px; font-family: FragmentMono"">FPKYAFN</p>","","","training","","","","","","",""
"null","null","html-keyboard-response","346","466075","0.0-15.0-0.15","69a5e91eee249ee63d49f9ca","69d7901e3430d13455efb336","69e63e7a8f895ea377fa11c9","<p style=""font-size: 60px; font-family: FragmentMono"">CQBFSRJMH</p>","","","training","","","","","","",""
"null","null","html-keyboard-response","347","467082","0.0-15.0-0.16","69a5e91eee249ee63d49f9ca","69d7901e3430d13455efb336","69e63e7a8f895ea377fa11c9","<p style=""font-size: 60px; font-family: FragmentMono"">WLXCMCAVY</p>","","","training","","","","","","",""
"null","null","html-keyboard-response","348","468099","0.0-15.0-0.17","69a5e91eee249ee63d49f9ca","69d7901e3430d13455efb336","69e63e7a8f895ea377fa11c9","<p style=""font-size: 60px; font-family: FragmentMono"">OPFHSWDB</p>","","","training","","","","","","",""
"null","null","html-keyboard-response","349","469113","0.0-15.0-0.18","69a5e91eee249ee63d49f9ca","69d7901e3430d13455efb336","69e63e7a8f895ea377fa11c9","<p style=""font-size: 60px; font-family: FragmentMono"">OGDSKUCSU</p>","","","training","","","","","","",""
"null","null","html-keyboard-response","350","470115","0.0-15.0-0.19","69a5e91eee249ee63d49f9ca","69d7901e3430d13455efb336","69e63e7a8f895ea377fa11c9","<p style=""font-size: 60px; font-family: FragmentMono"">FDMJCRJMH</p>","","","training","","","","","","",""
"null","null","html-keyboard-response","351","471125","0.0-15.0-0.20","69a5e91eee249ee63d49f9ca","69d7901e3430d13455efb336","69e63e7a8f895ea377fa11c9","<p style=""font-size: 60px; font-family: FragmentMono"">OPFHSUCSU</p>","","","training","","","","","","",""
"null","null","html-keyboard-response","352","472128","0.0-15.0-0.21","69a5e91eee249ee63d49f9ca","69d7901e3430d13455efb336","69e63e7a8f895ea377fa11c9","<p style=""font-size: 60px; font-family: FragmentMono"">BIWIUVIE</p>","","","training","","","","","","",""
"null","null","html-keyboard-response","353","473135","0.0-15.0-0.22","69a5e91eee249ee63d49f9ca","69d7901e3430d13455efb336","69e63e7a8f895ea377fa11c9","<p style=""font-size: 60px; font-family: FragmentMono"">CQBFSOLHX</p>","","","training","","","","","","",""
"null","null","html-keyboard-response","354","474142","0.0-15.0-0.23","69a5e91eee249ee63d49f9ca","69d7901e3430d13455efb336","69e63e7a8f895ea377fa11c9","<p style=""font-size: 60px; font-family: FragmentMono"">FDMJCAFN</p>","","","training","","","","","","",""
"null","null","html-keyboard-response","355","475147","0.0-15.0-0.24","69a5e91eee249ee63d49f9ca","69d7901e3430d13455efb336","69e63e7a8f895ea377fa11c9","<p style=""font-size: 60px; font-family: FragmentMono"">XUDJMWDRL</p>","","","training","","","","","","",""
"null","null","html-keyboard-response","356","476156","0.0-15.0-0.25","69a5e91eee249ee63d49f9ca","69d7901e3430d13455efb336","69e63e7a8f895ea377fa11c9","<p style=""font-size: 60px; font-family: FragmentMono"">MGALOKDV</p>","","","training","","","","","","",""
"null","null","html-keyboard-response","357","477163","0.0-15.0-0.26","69a5e91eee249ee63d49f9ca","69d7901e3430d13455efb336","69e63e7a8f895ea377fa11c9","<p style=""font-size: 60px; font-family: FragmentMono"">BNPNCOLHX</p>","","","training","","","","","","",""
"null","null","html-keyboard-response","358","478177","0.0-15.0-0.27","69a5e91eee249ee63d49f9ca","69d7901e3430d13455efb336","69e63e7a8f895ea377fa11c9","<p style=""font-size: 60px; font-family: FragmentMono"">CFDTAUCSU</p>","","","training","","","","","","",""
"null","null","html-keyboard-response","359","479181","0.0-15.0-0.28","69a5e91eee249ee63d49f9ca","69d7901e3430d13455efb336","69e63e7a8f895ea377fa11c9","<p style=""font-size: 60px; font-family: FragmentMono"">BNPNCRJMH</p>","","","training","","","","","","",""
"null","null","html-keyboard-response","360","480197","0.0-15.0-0.29","69a5e91eee249ee63d49f9ca","69d7901e3430d13455efb336","69e63e7a8f895ea377fa11c9","<p style=""font-size: 60px; font-family: FragmentMono"">XUDJMOLHX</p>","","","training","","","","","","",""
"null","null","html-keyboard-response","361","481213","0.0-15.0-0.30","69a5e91eee249ee63d49f9ca","69d7901e3430d13455efb336","69e63e7a8f895ea377fa11c9","<p style=""font-size: 60px; font-family: FragmentMono"">WLXCMWDB</p>","","","training","","","","","","",""
"null","null","html-keyboard-response","362","482225","0.0-15.0-0.31","69a5e91eee249ee63d49f9ca","69d7901e3430d13455efb336","69e63e7a8f895ea377fa11c9","<p style=""font-size: 60px; font-family: FragmentMono"">TGNLOKDV</p>","","","training","","","","","","",""
"null","null","html-keyboard-response","363","483227","0.0-15.0-0.32","69a5e91eee249ee63d49f9ca","69d7901e3430d13455efb336","69e63e7a8f895ea377fa11c9","<p style=""font-size: 60px; font-family: FragmentMono"">IQYZOLHX</p>","","","training","","","","","","",""
"null","null","html-keyboard-response","364","484231","0.0-15.0-0.33","69a5e91eee249ee63d49f9ca","69d7901e3430d13455efb336","69e63e7a8f895ea377fa11c9","<p style=""font-size: 60px; font-family: FragmentMono"">TGNLUVIE</p>","","","training","","","","","","",""
"null","null","html-keyboard-response","365","485248","0.0-15.0-0.34","69a5e91eee249ee63d49f9ca","69d7901e3430d13455efb336","69e63e7a8f895ea377fa11c9","<p style=""font-size: 60px; font-family: FragmentMono"">XPWJFWDRL</p>","","","training","","","","","","",""
"null","null","html-keyboard-response","366","486256","0.0-15.0-0.35","69a5e91eee249ee63d49f9ca","69d7901e3430d13455efb336","69e63e7a8f895ea377fa11c9","<p style=""font-size: 60px; font-family: FragmentMono"">FPKYRJMH</p>","","","training","","","","","","",""
"null","null","html-keyboard-response","367","487262","0.0-15.0-0.36","69a5e91eee249ee63d49f9ca","69d7901e3430d13455efb336","69e63e7a8f895ea377fa11c9","<p style=""font-size: 60px; font-family: FragmentMono"">XNJUOLHX</p>","","","training","","","","","","",""
"null","null","html-keyboard-response","368","488272","0.0-15.0-0.37","69a5e91eee249ee63d49f9ca","69d7901e3430d13455efb336","69e63e7a8f895ea377fa11c9","<p style=""font-size: 60px; font-family: FragmentMono"">UXWLOKDV</p>","","","training","","","","","","",""
"null","null","html-keyboard-response","369","489273","0.0-15.0-0.38","69a5e91eee249ee63d49f9ca","69d7901e3430d13455efb336","69e63e7a8f895ea377fa11c9","<p style=""font-size: 60px; font-family: FragmentMono"">CQBFSQAIT</p>","","","training","","","","","","",""
"null","null","html-keyboard-response","370","490282","0.0-15.0-0.39","69a5e91eee249ee63d49f9ca","69d7901e3430d13455efb336","69e63e7a8f895ea377fa11c9","<p style=""font-size: 60px; font-family: FragmentMono"">OPFHSUVIE</p>","","","training","","","","","","",""
"null","null","html-keyboard-response","371","491292","0.0-15.0-0.40","69a5e91eee249ee63d49f9ca","69d7901e3430d13455efb336","69e63e7a8f895ea377fa11c9","<p style=""font-size: 60px; font-family: FragmentMono"">BIWIOKDV</p>","","","training","","","","","","",""
"null","null","html-keyboard-response","372","492303","0.0-15.0-0.41","69a5e91eee249ee63d49f9ca","69d7901e3430d13455efb336","69e63e7a8f895ea377fa11c9","<p style=""font-size: 60px; font-family: FragmentMono"">TGNLWDB</p>","","","training","","","","","","",""
"null","null","html-keyboard-response","373","493312","0.0-15.0-0.42","69a5e91eee249ee63d49f9ca","69d7901e3430d13455efb336","69e63e7a8f895ea377fa11c9","<p style=""font-size: 60px; font-family: FragmentMono"">XNJURJMH</p>","","","training","","","","","","",""
"null","null","html-keyboard-response","374","494327","0.0-15.0-0.43","69a5e91eee249ee63d49f9ca","69d7901e3430d13455efb336","69e63e7a8f895ea377fa11c9","<p style=""font-size: 60px; font-family: FragmentMono"">XPWJFQAIT</p>","","","training","","","","","","",""
"null","null","html-keyboard-response","375","495328","0.0-15.0-0.44","69a5e91eee249ee63d49f9ca","69d7901e3430d13455efb336","69e63e7a8f895ea377fa11c9","<p style=""font-size: 60px; font-family: FragmentMono"">CFDTAUVIE</p>","","","training","","","","","","",""
"null","null","html-keyboard-response","376","496350","0.0-15.0-0.45","69a5e91eee249ee63d49f9ca","69d7901e3430d13455efb336","69e63e7a8f895ea377fa11c9","<p style=""font-size: 60px; font-family: FragmentMono"">XNJUQAIT</p>","","","training","","","","","","",""
"null","null","html-keyboard-response","377","497366","0.0-15.0-0.46","69a5e91eee249ee63d49f9ca","69d7901e3430d13455efb336","69e63e7a8f895ea377fa11c9","<p style=""font-size: 60px; font-family: FragmentMono"">WBCHAFN</p>","","","training","","","","","","",""
"null","null","html-keyboard-response","378","498377","0.0-15.0-0.47","69a5e91eee249ee63d49f9ca","69d7901e3430d13455efb336","69e63e7a8f895ea377fa11c9","<p style=""font-size: 60px; font-family: FragmentMono"">UXWLWDB</p>","","","training","","","","","","",""
"null","null","html-keyboard-response","379","499384","0.0-15.0-0.48","69a5e91eee249ee63d49f9ca","69d7901e3430d13455efb336","69e63e7a8f895ea377fa11c9","<p style=""font-size: 60px; font-family: FragmentMono"">MGALUVIE</p>","","","training","","","","","","",""
"null","null","html-keyboard-response","380","500388","0.0-15.0-0.49","69a5e91eee249ee63d49f9ca","69d7901e3430d13455efb336","69e63e7a8f895ea377fa11c9","<p style=""font-size: 60px; font-family: FragmentMono"">PJRYCAVY</p>","","","training","","","","","","",""
"null","null","html-keyboard-response","381","501403","0.0-15.0-0.50","69a5e91eee249ee63d49f9ca","69d7901e3430d13455efb336","69e63e7a8f895ea377fa11c9","<p style=""font-size: 60px; font-family: FragmentMono"">IQYZQAIT</p>","","","training","","","","","","",""
"null","null","html-keyboard-response","382","502412","0.0-15.0-0.51","69a5e91eee249ee63d49f9ca","69d7901e3430d13455efb336","69e63e7a8f895ea377fa11c9","<p style=""font-size: 60px; font-family: FragmentMono"">TGNLUCSU</p>","","","training","","","","","","",""
"null","null","html-keyboard-response","383","503414","0.0-15.0-0.52","69a5e91eee249ee63d49f9ca","69d7901e3430d13455efb336","69e63e7a8f895ea377fa11c9","<p style=""font-size: 60px; font-family: FragmentMono"">OGDSKUVIE</p>","","","training","","","","","","",""
"null","null","html-keyboard-response","384","504428","0.0-15.0-0.53","69a5e91eee249ee63d49f9ca","69d7901e3430d13455efb336","69e63e7a8f895ea377fa11c9","<p style=""font-size: 60px; font-family: FragmentMono"">FDMJCWDRL</p>","","","training","","","","","","",""
"null","null","html-keyboard-response","385","505443","0.0-15.0-0.54","69a5e91eee249ee63d49f9ca","69d7901e3430d13455efb336","69e63e7a8f895ea377fa11c9","<p style=""font-size: 60px; font-family: FragmentMono"">PJRYUVIE</p>","","","training","","","","","","",""
"null","null","html-keyboard-response","386","506463","0.0-15.0-0.55","69a5e91eee249ee63d49f9ca","69d7901e3430d13455efb336","69e63e7a8f895ea377fa11c9","<p style=""font-size: 60px; font-family: FragmentMono"">OPFHSOKDV</p>","","","training","","","","","","",""
"null","null","html-keyboard-response","387","507466","0.0-15.0-0.56","69a5e91eee249ee63d49f9ca","69d7901e3430d13455efb336","69e63e7a8f895ea377fa11c9","<p style=""font-size: 60px; font-family: FragmentMono"">XNJUAFN</p>","","","training","","","","","","",""
"null","null","html-keyboard-response","388","508485","0.0-15.0-0.57","69a5e91eee249ee63d49f9ca","69d7901e3430d13455efb336","69e63e7a8f895ea377fa11c9","<p style=""font-size: 60px; font-family: FragmentMono"">CQBFSWDRL</p>","","","training","","","","","","",""
"null","null","html-keyboard-response","389","509492","0.0-15.0-0.58","69a5e91eee249ee63d49f9ca","69d7901e3430d13455efb336","69e63e7a8f895ea377fa11c9","<p style=""font-size: 60px; font-family: FragmentMono"">APQHTWDB</p>","","","training","","","","","","",""
"null","null","html-keyboard-response","390","510512","0.0-15.0-0.59","69a5e91eee249ee63d49f9ca","69d7901e3430d13455efb336","69e63e7a8f895ea377fa11c9","<p style=""font-size: 60px; font-family: FragmentMono"">WBCHRJMH</p>","","","training","","","","","","",""
"null","null","html-keyboard-response","391","511517","0.0-15.0-0.60","69a5e91eee249ee63d49f9ca","69d7901e3430d13455efb336","69e63e7a8f895ea377fa11c9","<p style=""font-size: 60px; font-family: FragmentMono"">FPKYQAIT</p>","","","training","","","","","","",""
"null","null","html-keyboard-response","392","512532","0.0-15.0-0.61","69a5e91eee249ee63d49f9ca","69d7901e3430d13455efb336","69e63e7a8f895ea377fa11c9","<p style=""font-size: 60px; font-family: FragmentMono"">IQYZAFN</p>","","","training","","","","","","",""
"null","null","html-keyboard-response","393","513535","0.0-15.0-0.62","69a5e91eee249ee63d49f9ca","69d7901e3430d13455efb336","69e63e7a8f895ea377fa11c9","<p style=""font-size: 60px; font-family: FragmentMono"">HRDYWDRL</p>","","","training","","","","","","",""
"null","null","html-keyboard-response","394","514546","0.0-15.0-0.63","69a5e91eee249ee63d49f9ca","69d7901e3430d13455efb336","69e63e7a8f895ea377fa11c9","<p style=""font-size: 60px; font-family: FragmentMono"">BNPNCQAIT</p>","","","training","","","","","","",""
"null","null","html-keyboard-response","395","515562","0.0-15.0-0.64","69a5e91eee249ee63d49f9ca","69d7901e3430d13455efb336","69e63e7a8f895ea377fa11c9","<p style=""font-size: 60px; font-family: FragmentMono"">XPWJFRJMH</p>","","","training","","","","","","",""
"null","null","html-keyboard-response","396","516566","0.0-15.0-0.65","69a5e91eee249ee63d49f9ca","69d7901e3430d13455efb336","69e63e7a8f895ea377fa11c9","<p style=""font-size: 60px; font-family: FragmentMono"">WLXCMOKDV</p>","","","training","","","","","","",""
"null","null","html-keyboard-response","397","517582","0.0-15.0-0.66","69a5e91eee249ee63d49f9ca","69d7901e3430d13455efb336","69e63e7a8f895ea377fa11c9","<p style=""font-size: 60px; font-family: FragmentMono"">MGALWDB</p>","","","training","","","","","","",""
"null","null","html-keyboard-response","398","518589","0.0-15.0-0.67","69a5e91eee249ee63d49f9ca","69d7901e3430d13455efb336","69e63e7a8f895ea377fa11c9","<p style=""font-size: 60px; font-family: FragmentMono"">APQHTUCSU</p>","","","training","","","","","","",""
"null","null","html-keyboard-response","399","519592","0.0-15.0-0.68","69a5e91eee249ee63d49f9ca","69d7901e3430d13455efb336","69e63e7a8f895ea377fa11c9","<p style=""font-size: 60px; font-family: FragmentMono"">CFDTACAVY</p>","","","training","","","","","","",""
"null","null","html-keyboard-response","400","520598","0.0-15.0-0.69","69a5e91eee249ee63d49f9ca","69d7901e3430d13455efb336","69e63e7a8f895ea377fa11c9","<p style=""font-size: 60px; font-family: FragmentMono"">FPKYWDRL</p>","","","training","","","","","","",""
"null","null","html-keyboard-response","401","521606","0.0-15.0-0.70","69a5e91eee249ee63d49f9ca","69d7901e3430d13455efb336","69e63e7a8f895ea377fa11c9","<p style=""font-size: 60px; font-family: FragmentMono"">PJRYWDB</p>","","","training","","","","","","",""
"null","null","html-keyboard-response","402","522620","0.0-15.0-0.71","69a5e91eee249ee63d49f9ca","69d7901e3430d13455efb336","69e63e7a8f895ea377fa11c9","<p style=""font-size: 60px; font-family: FragmentMono"">UXWLCAVY</p>","","","training","","","","","","",""
"null","null","html-keyboard-response","403","523628","0.0-15.0-0.72","69a5e91eee249ee63d49f9ca","69d7901e3430d13455efb336","69e63e7a8f895ea377fa11c9","<p style=""font-size: 60px; font-family: FragmentMono"">IQYZWDRL</p>","","","training","","","","","","",""
"null","null","html-keyboard-response","404","524643","0.0-15.0-0.73","69a5e91eee249ee63d49f9ca","69d7901e3430d13455efb336","69e63e7a8f895ea377fa11c9","<p style=""font-size: 60px; font-family: FragmentMono"">WLXCMUCSU</p>","","","training","","","","","","",""
"null","null","html-keyboard-response","405","525646","0.0-15.0-0.74","69a5e91eee249ee63d49f9ca","69d7901e3430d13455efb336","69e63e7a8f895ea377fa11c9","<p style=""font-size: 60px; font-family: FragmentMono"">BNPNCAFN</p>","","","training","","","","","","",""
"null","null","html-keyboard-response","406","526648","0.0-15.0-0.75","69a5e91eee249ee63d49f9ca","69d7901e3430d13455efb336","69e63e7a8f895ea377fa11c9","<p style=""font-size: 60px; font-family: FragmentMono"">HRDYQAIT</p>","","","training","","","","","","",""
"null","null","html-keyboard-response","407","527666","0.0-15.0-0.76","69a5e91eee249ee63d49f9ca","69d7901e3430d13455efb336","69e63e7a8f895ea377fa11c9","<p style=""font-size: 60px; font-family: FragmentMono"">WBCHOLHX</p>","","","training","","","","","","",""
"null","null","html-keyboard-response","408","528673","0.0-15.0-0.77","69a5e91eee249ee63d49f9ca","69d7901e3430d13455efb336","69e63e7a8f895ea377fa11c9","<p style=""font-size: 60px; font-family: FragmentMono"">OGDSKOKDV</p>","","","training","","","","","","",""
"null","null","html-keyboard-response","409","529677","0.0-15.0-0.78","69a5e91eee249ee63d49f9ca","69d7901e3430d13455efb336","69e63e7a8f895ea377fa11c9","<p style=""font-size: 60px; font-family: FragmentMono"">HRDYAFN</p>","","","training","","","","","","",""
"null","null","html-keyboard-response","410","530694","0.0-15.0-0.79","69a5e91eee249ee63d49f9ca","69d7901e3430d13455efb336","69e63e7a8f895ea377fa11c9","<p style=""font-size: 60px; font-family: FragmentMono"">OGDSKCAVY</p>","","","training","","","","","","",""
"2958"," ","html-keyboard-response","411","533652","0.0-16.0","69a5e91eee249ee63d49f9ca","69d7901e3430d13455efb336","69e63e7a8f895ea377fa11c9","<p style=""font-size: 30px"">Great, you've seen the fifth block of words. You may now take a short break.</p>
      <p style=""font-size: 30px"">Press the spacebar when you're ready to continue.</p>","","","","","","","","","",""
"null","null","html-keyboard-response","412","534661","0.0-17.0-0.0","69a5e91eee249ee63d49f9ca","69d7901e3430d13455efb336","69e63e7a8f895ea377fa11c9","<p style=""font-size: 60px; font-family: FragmentMono"">TGNLOKDV</p>","","","training","","","","","","",""
"null","null","html-keyboard-response","413","535677","0.0-17.0-0.1","69a5e91eee249ee63d49f9ca","69d7901e3430d13455efb336","69e63e7a8f895ea377fa11c9","<p style=""font-size: 60px; font-family: FragmentMono"">IQYZQAIT</p>","","","training","","","","","","",""
"null","null","html-keyboard-response","414","536686","0.0-17.0-0.2","69a5e91eee249ee63d49f9ca","69d7901e3430d13455efb336","69e63e7a8f895ea377fa11c9","<p style=""font-size: 60px; font-family: FragmentMono"">BNPNCRJMH</p>","","","training","","","","","","",""
"null","null","html-keyboard-response","415","537692","0.0-17.0-0.3","69a5e91eee249ee63d49f9ca","69d7901e3430d13455efb336","69e63e7a8f895ea377fa11c9","<p style=""font-size: 60px; font-family: FragmentMono"">PJRYUCSU</p>","","","training","","","","","","",""
"null","null","html-keyboard-response","416","538693","0.0-17.0-0.4","69a5e91eee249ee63d49f9ca","69d7901e3430d13455efb336","69e63e7a8f895ea377fa11c9","<p style=""font-size: 60px; font-family: FragmentMono"">XPWJFAFN</p>","","","training","","","","","","",""
"null","null","html-keyboard-response","417","539697","0.0-17.0-0.5","69a5e91eee249ee63d49f9ca","69d7901e3430d13455efb336","69e63e7a8f895ea377fa11c9","<p style=""font-size: 60px; font-family: FragmentMono"">XUDJMRJMH</p>","","","training","","","","","","",""
"null","null","html-keyboard-response","418","540709","0.0-17.0-0.6","69a5e91eee249ee63d49f9ca","69d7901e3430d13455efb336","69e63e7a8f895ea377fa11c9","<p style=""font-size: 60px; font-family: FragmentMono"">MGALUVIE</p>","","","training","","","","","","",""
"null","null","html-keyboard-response","419","541714","0.0-17.0-0.7","69a5e91eee249ee63d49f9ca","69d7901e3430d13455efb336","69e63e7a8f895ea377fa11c9","<p style=""font-size: 60px; font-family: FragmentMono"">HRDYQAIT</p>","","","training","","","","","","",""
"null","null","html-keyboard-response","420","542728","0.0-17.0-0.8","69a5e91eee249ee63d49f9ca","69d7901e3430d13455efb336","69e63e7a8f895ea377fa11c9","<p style=""font-size: 60px; font-family: FragmentMono"">PJRYWDB</p>","","","training","","","","","","",""
"null","null","html-keyboard-response","421","543741","0.0-17.0-0.9","69a5e91eee249ee63d49f9ca","69d7901e3430d13455efb336","69e63e7a8f895ea377fa11c9","<p style=""font-size: 60px; font-family: FragmentMono"">BNPNCOLHX</p>","","","training","","","","","","",""
"null","null","html-keyboard-response","422","544747","0.0-17.0-0.10","69a5e91eee249ee63d49f9ca","69d7901e3430d13455efb336","69e63e7a8f895ea377fa11c9","<p style=""font-size: 60px; font-family: FragmentMono"">HRDYWDRL</p>","","","training","","","","","","",""
"null","null","html-keyboard-response","423","545762","0.0-17.0-0.11","69a5e91eee249ee63d49f9ca","69d7901e3430d13455efb336","69e63e7a8f895ea377fa11c9","<p style=""font-size: 60px; font-family: FragmentMono"">OPFHSOKDV</p>","","","training","","","","","","",""
"null","null","html-keyboard-response","424","546764","0.0-17.0-0.12","69a5e91eee249ee63d49f9ca","69d7901e3430d13455efb336","69e63e7a8f895ea377fa11c9","<p style=""font-size: 60px; font-family: FragmentMono"">XUDJMQAIT</p>","","","training","","","","","","",""
"null","null","html-keyboard-response","425","547777","0.0-17.0-0.13","69a5e91eee249ee63d49f9ca","69d7901e3430d13455efb336","69e63e7a8f895ea377fa11c9","<p style=""font-size: 60px; font-family: FragmentMono"">MGALWDB</p>","","","training","","","","","","",""
"null","null","html-keyboard-response","426","548793","0.0-17.0-0.14","69a5e91eee249ee63d49f9ca","69d7901e3430d13455efb336","69e63e7a8f895ea377fa11c9","<p style=""font-size: 60px; font-family: FragmentMono"">WBCHOLHX</p>","","","training","","","","","","",""
"null","null","html-keyboard-response","427","549806","0.0-17.0-0.15","69a5e91eee249ee63d49f9ca","69d7901e3430d13455efb336","69e63e7a8f895ea377fa11c9","<p style=""font-size: 60px; font-family: FragmentMono"">CFDTAWDB</p>","","","training","","","","","","",""
"null","null","html-keyboard-response","428","550814","0.0-17.0-0.16","69a5e91eee249ee63d49f9ca","69d7901e3430d13455efb336","69e63e7a8f895ea377fa11c9","<p style=""font-size: 60px; font-family: FragmentMono"">XUDJMOLHX</p>","","","training","","","","","","",""
"null","null","html-keyboard-response","429","551816","0.0-17.0-0.17","69a5e91eee249ee63d49f9ca","69d7901e3430d13455efb336","69e63e7a8f895ea377fa11c9","<p style=""font-size: 60px; font-family: FragmentMono"">WLXCMUCSU</p>","","","training","","","","","","",""
"null","null","html-keyboard-response","430","552827","0.0-17.0-0.18","69a5e91eee249ee63d49f9ca","69d7901e3430d13455efb336","69e63e7a8f895ea377fa11c9","<p style=""font-size: 60px; font-family: FragmentMono"">FDMJCWDRL</p>","","","training","","","","","","",""
"null","null","html-keyboard-response","431","553847","0.0-17.0-0.19","69a5e91eee249ee63d49f9ca","69d7901e3430d13455efb336","69e63e7a8f895ea377fa11c9","<p style=""font-size: 60px; font-family: FragmentMono"">OGDSKUCSU</p>","","","training","","","","","","",""
"null","null","html-keyboard-response","432","554861","0.0-17.0-0.20","69a5e91eee249ee63d49f9ca","69d7901e3430d13455efb336","69e63e7a8f895ea377fa11c9","<p style=""font-size: 60px; font-family: FragmentMono"">XNJUOLHX</p>","","","training","","","","","","",""
"null","null","html-keyboard-response","433","555873","0.0-17.0-0.21","69a5e91eee249ee63d49f9ca","69d7901e3430d13455efb336","69e63e7a8f895ea377fa11c9","<p style=""font-size: 60px; font-family: FragmentMono"">WLXCMWDB</p>","","","training","","","","","","",""
"null","null","html-keyboard-response","434","556874","0.0-17.0-0.22","69a5e91eee249ee63d49f9ca","69d7901e3430d13455efb336","69e63e7a8f895ea377fa11c9","<p style=""font-size: 60px; font-family: FragmentMono"">PJRYCAVY</p>","","","training","","","","","","",""
"null","null","html-keyboard-response","435","557877","0.0-17.0-0.23","69a5e91eee249ee63d49f9ca","69d7901e3430d13455efb336","69e63e7a8f895ea377fa11c9","<p style=""font-size: 60px; font-family: FragmentMono"">WBCHAFN</p>","","","training","","","","","","",""
"null","null","html-keyboard-response","436","558888","0.0-17.0-0.24","69a5e91eee249ee63d49f9ca","69d7901e3430d13455efb336","69e63e7a8f895ea377fa11c9","<p style=""font-size: 60px; font-family: FragmentMono"">OGDSKUVIE</p>","","","training","","","","","","",""
"null","null","html-keyboard-response","437","559893","0.0-17.0-0.25","69a5e91eee249ee63d49f9ca","69d7901e3430d13455efb336","69e63e7a8f895ea377fa11c9","<p style=""font-size: 60px; font-family: FragmentMono"">MGALCAVY</p>","","","training","","","","","","",""
"null","null","html-keyboard-response","438","560901","0.0-17.0-0.26","69a5e91eee249ee63d49f9ca","69d7901e3430d13455efb336","69e63e7a8f895ea377fa11c9","<p style=""font-size: 60px; font-family: FragmentMono"">FPKYAFN</p>","","","training","","","","","","",""
"null","null","html-keyboard-response","439","561905","0.0-17.0-0.27","69a5e91eee249ee63d49f9ca","69d7901e3430d13455efb336","69e63e7a8f895ea377fa11c9","<p style=""font-size: 60px; font-family: FragmentMono"">CQBFSWDRL</p>","","","training","","","","","","",""
"null","null","html-keyboard-response","440","562910","0.0-17.0-0.28","69a5e91eee249ee63d49f9ca","69d7901e3430d13455efb336","69e63e7a8f895ea377fa11c9","<p style=""font-size: 60px; font-family: FragmentMono"">TGNLWDB</p>","","","training","","","","","","",""
"null","null","html-keyboard-response","441","563914","0.0-17.0-0.29","69a5e91eee249ee63d49f9ca","69d7901e3430d13455efb336","69e63e7a8f895ea377fa11c9","<p style=""font-size: 60px; font-family: FragmentMono"">IQYZAFN</p>","","","training","","","","","","",""
"null","null","html-keyboard-response","442","564922","0.0-17.0-0.30","69a5e91eee249ee63d49f9ca","69d7901e3430d13455efb336","69e63e7a8f895ea377fa11c9","<p style=""font-size: 60px; font-family: FragmentMono"">APQHTOKDV</p>","","","training","","","","","","",""
"null","null","html-keyboard-response","443","565928","0.0-17.0-0.31","69a5e91eee249ee63d49f9ca","69d7901e3430d13455efb336","69e63e7a8f895ea377fa11c9","<p style=""font-size: 60px; font-family: FragmentMono"">IQYZWDRL</p>","","","training","","","","","","",""
"null","null","html-keyboard-response","444","566943","0.0-17.0-0.32","69a5e91eee249ee63d49f9ca","69d7901e3430d13455efb336","69e63e7a8f895ea377fa11c9","<p style=""font-size: 60px; font-family: FragmentMono"">APQHTUCSU</p>","","","training","","","","","","",""
"null","null","html-keyboard-response","445","567944","0.0-17.0-0.33","69a5e91eee249ee63d49f9ca","69d7901e3430d13455efb336","69e63e7a8f895ea377fa11c9","<p style=""font-size: 60px; font-family: FragmentMono"">BIWIUVIE</p>","","","training","","","","","","",""
"null","null","html-keyboard-response","446","568958","0.0-17.0-0.34","69a5e91eee249ee63d49f9ca","69d7901e3430d13455efb336","69e63e7a8f895ea377fa11c9","<p style=""font-size: 60px; font-family: FragmentMono"">APQHTWDB</p>","","","training","","","","","","",""
"null","null","html-keyboard-response","447","569959","0.0-17.0-0.35","69a5e91eee249ee63d49f9ca","69d7901e3430d13455efb336","69e63e7a8f895ea377fa11c9","<p style=""font-size: 60px; font-family: FragmentMono"">OGDSKOKDV</p>","","","training","","","","","","",""
"null","null","html-keyboard-response","448","570974","0.0-17.0-0.36","69a5e91eee249ee63d49f9ca","69d7901e3430d13455efb336","69e63e7a8f895ea377fa11c9","<p style=""font-size: 60px; font-family: FragmentMono"">PJRYUVIE</p>","","","training","","","","","","",""
"null","null","html-keyboard-response","449","571981","0.0-17.0-0.37","69a5e91eee249ee63d49f9ca","69d7901e3430d13455efb336","69e63e7a8f895ea377fa11c9","<p style=""font-size: 60px; font-family: FragmentMono"">APQHTCAVY</p>","","","training","","","","","","",""
"null","null","html-keyboard-response","450","572992","0.0-17.0-0.38","69a5e91eee249ee63d49f9ca","69d7901e3430d13455efb336","69e63e7a8f895ea377fa11c9","<p style=""font-size: 60px; font-family: FragmentMono"">FDMJCOLHX</p>","","","training","","","","","","",""
"null","null","html-keyboard-response","451","574015","0.0-17.0-0.39","69a5e91eee249ee63d49f9ca","69d7901e3430d13455efb336","69e63e7a8f895ea377fa11c9","<p style=""font-size: 60px; font-family: FragmentMono"">OPFHSWDB</p>","","","training","","","","","","",""
"null","null","html-keyboard-response","452","575036","0.0-17.0-0.40","69a5e91eee249ee63d49f9ca","69d7901e3430d13455efb336","69e63e7a8f895ea377fa11c9","<p style=""font-size: 60px; font-family: FragmentMono"">HRDYOLHX</p>","","","training","","","","","","",""
"null","null","html-keyboard-response","453","576046","0.0-17.0-0.41","69a5e91eee249ee63d49f9ca","69d7901e3430d13455efb336","69e63e7a8f895ea377fa11c9","<p style=""font-size: 60px; font-family: FragmentMono"">FPKYRJMH</p>","","","training","","","","","","",""
"null","null","html-keyboard-response","454","577061","0.0-17.0-0.42","69a5e91eee249ee63d49f9ca","69d7901e3430d13455efb336","69e63e7a8f895ea377fa11c9","<p style=""font-size: 60px; font-family: FragmentMono"">TGNLUVIE</p>","","","training","","","","","","",""
"null","null","html-keyboard-response","455","578074","0.0-17.0-0.43","69a5e91eee249ee63d49f9ca","69d7901e3430d13455efb336","69e63e7a8f895ea377fa11c9","<p style=""font-size: 60px; font-family: FragmentMono"">CQBFSQAIT</p>","","","training","","","","","","",""
"null","null","html-keyboard-response","456","579078","0.0-17.0-0.44","69a5e91eee249ee63d49f9ca","69d7901e3430d13455efb336","69e63e7a8f895ea377fa11c9","<p style=""font-size: 60px; font-family: FragmentMono"">OGDSKCAVY</p>","","","training","","","","","","",""
"null","null","html-keyboard-response","457","580092","0.0-17.0-0.45","69a5e91eee249ee63d49f9ca","69d7901e3430d13455efb336","69e63e7a8f895ea377fa11c9","<p style=""font-size: 60px; font-family: FragmentMono"">WBCHRJMH</p>","","","training","","","","","","",""
"null","null","html-keyboard-response","458","581112","0.0-17.0-0.46","69a5e91eee249ee63d49f9ca","69d7901e3430d13455efb336","69e63e7a8f895ea377fa11c9","<p style=""font-size: 60px; font-family: FragmentMono"">CFDTACAVY</p>","","","training","","","","","","",""
"null","null","html-keyboard-response","459","582114","0.0-17.0-0.47","69a5e91eee249ee63d49f9ca","69d7901e3430d13455efb336","69e63e7a8f895ea377fa11c9","<p style=""font-size: 60px; font-family: FragmentMono"">XNJURJMH</p>","","","training","","","","","","",""
"null","null","html-keyboard-response","460","583127","0.0-17.0-0.48","69a5e91eee249ee63d49f9ca","69d7901e3430d13455efb336","69e63e7a8f895ea377fa11c9","<p style=""font-size: 60px; font-family: FragmentMono"">IQYZOLHX</p>","","","training","","","","","","",""
"null","null","html-keyboard-response","461","584136","0.0-17.0-0.49","69a5e91eee249ee63d49f9ca","69d7901e3430d13455efb336","69e63e7a8f895ea377fa11c9","<p style=""font-size: 60px; font-family: FragmentMono"">CFDTAUCSU</p>","","","training","","","","","","",""
"null","null","html-keyboard-response","462","585146","0.0-17.0-0.50","69a5e91eee249ee63d49f9ca","69d7901e3430d13455efb336","69e63e7a8f895ea377fa11c9","<p style=""font-size: 60px; font-family: FragmentMono"">MGALOKDV</p>","","","training","","","","","","",""
"null","null","html-keyboard-response","463","586160","0.0-17.0-0.51","69a5e91eee249ee63d49f9ca","69d7901e3430d13455efb336","69e63e7a8f895ea377fa11c9","<p style=""font-size: 60px; font-family: FragmentMono"">FPKYQAIT</p>","","","training","","","","","","",""
"null","null","html-keyboard-response","464","587174","0.0-17.0-0.52","69a5e91eee249ee63d49f9ca","69d7901e3430d13455efb336","69e63e7a8f895ea377fa11c9","<p style=""font-size: 60px; font-family: FragmentMono"">XNJUAFN</p>","","","training","","","","","","",""
"null","null","html-keyboard-response","465","588177","0.0-17.0-0.53","69a5e91eee249ee63d49f9ca","69d7901e3430d13455efb336","69e63e7a8f895ea377fa11c9","<p style=""font-size: 60px; font-family: FragmentMono"">CQBFSRJMH</p>","","","training","","","","","","",""
"null","null","html-keyboard-response","466","589191","0.0-17.0-0.54","69a5e91eee249ee63d49f9ca","69d7901e3430d13455efb336","69e63e7a8f895ea377fa11c9","<p style=""font-size: 60px; font-family: FragmentMono"">UXWLUVIE</p>","","","training","","","","","","",""
"null","null","html-keyboard-response","467","590192","0.0-17.0-0.55","69a5e91eee249ee63d49f9ca","69d7901e3430d13455efb336","69e63e7a8f895ea377fa11c9","<p style=""font-size: 60px; font-family: FragmentMono"">WLXCMCAVY</p>","","","training","","","","","","",""
"null","null","html-keyboard-response","468","591200","0.0-17.0-0.56","69a5e91eee249ee63d49f9ca","69d7901e3430d13455efb336","69e63e7a8f895ea377fa11c9","<p style=""font-size: 60px; font-family: FragmentMono"">CQBFSOLHX</p>","","","training","","","","","","",""
"null","null","html-keyboard-response","469","592213","0.0-17.0-0.57","69a5e91eee249ee63d49f9ca","69d7901e3430d13455efb336","69e63e7a8f895ea377fa11c9","<p style=""font-size: 60px; font-family: FragmentMono"">XNJUQAIT</p>","","","training","","","","","","",""
"null","null","html-keyboard-response","470","593216","0.0-17.0-0.58","69a5e91eee249ee63d49f9ca","69d7901e3430d13455efb336","69e63e7a8f895ea377fa11c9","<p style=""font-size: 60px; font-family: FragmentMono"">WLXCMOKDV</p>","","","training","","","","","","",""
"null","null","html-keyboard-response","471","594231","0.0-17.0-0.59","69a5e91eee249ee63d49f9ca","69d7901e3430d13455efb336","69e63e7a8f895ea377fa11c9","<p style=""font-size: 60px; font-family: FragmentMono"">XUDJMWDRL</p>","","","training","","","","","","",""
"null","null","html-keyboard-response","472","595247","0.0-17.0-0.60","69a5e91eee249ee63d49f9ca","69d7901e3430d13455efb336","69e63e7a8f895ea377fa11c9","<p style=""font-size: 60px; font-family: FragmentMono"">BIWICAVY</p>","","","training","","","","","","",""
"null","null","html-keyboard-response","473","596261","0.0-17.0-0.61","69a5e91eee249ee63d49f9ca","69d7901e3430d13455efb336","69e63e7a8f895ea377fa11c9","<p style=""font-size: 60px; font-family: FragmentMono"">OPFHSUCSU</p>","","","training","","","","","","",""
"null","null","html-keyboard-response","474","597273","0.0-17.0-0.62","69a5e91eee249ee63d49f9ca","69d7901e3430d13455efb336","69e63e7a8f895ea377fa11c9","<p style=""font-size: 60px; font-family: FragmentMono"">XPWJFRJMH</p>","","","training","","","","","","",""
"null","null","html-keyboard-response","475","598282","0.0-17.0-0.63","69a5e91eee249ee63d49f9ca","69d7901e3430d13455efb336","69e63e7a8f895ea377fa11c9","<p style=""font-size: 60px; font-family: FragmentMono"">BNPNCQAIT</p>","","","training","","","","","","",""
"null","null","html-keyboard-response","476","599292","0.0-17.0-0.64","69a5e91eee249ee63d49f9ca","69d7901e3430d13455efb336","69e63e7a8f895ea377fa11c9","<p style=""font-size: 60px; font-family: FragmentMono"">XPWJFWDRL</p>","","","training","","","","","","",""
"null","null","html-keyboard-response","477","600294","0.0-17.0-0.65","69a5e91eee249ee63d49f9ca","69d7901e3430d13455efb336","69e63e7a8f895ea377fa11c9","<p style=""font-size: 60px; font-family: FragmentMono"">BIWIOKDV</p>","","","training","","","","","","",""
"null","null","html-keyboard-response","478","601312","0.0-17.0-0.66","69a5e91eee249ee63d49f9ca","69d7901e3430d13455efb336","69e63e7a8f895ea377fa11c9","<p style=""font-size: 60px; font-family: FragmentMono"">CFDTAUVIE</p>","","","training","","","","","","",""
"null","null","html-keyboard-response","479","602327","0.0-17.0-0.67","69a5e91eee249ee63d49f9ca","69d7901e3430d13455efb336","69e63e7a8f895ea377fa11c9","<p style=""font-size: 60px; font-family: FragmentMono"">BNPNCAFN</p>","","","training","","","","","","",""
"null","null","html-keyboard-response","480","603330","0.0-17.0-0.68","69a5e91eee249ee63d49f9ca","69d7901e3430d13455efb336","69e63e7a8f895ea377fa11c9","<p style=""font-size: 60px; font-family: FragmentMono"">FDMJCRJMH</p>","","","training","","","","","","",""
"null","null","html-keyboard-response","481","604347","0.0-17.0-0.69","69a5e91eee249ee63d49f9ca","69d7901e3430d13455efb336","69e63e7a8f895ea377fa11c9","<p style=""font-size: 60px; font-family: FragmentMono"">OPFHSUVIE</p>","","","training","","","","","","",""
"null","null","html-keyboard-response","482","605360","0.0-17.0-0.70","69a5e91eee249ee63d49f9ca","69d7901e3430d13455efb336","69e63e7a8f895ea377fa11c9","<p style=""font-size: 60px; font-family: FragmentMono"">UXWLCAVY</p>","","","training","","","","","","",""
"null","null","html-keyboard-response","483","606362","0.0-17.0-0.71","69a5e91eee249ee63d49f9ca","69d7901e3430d13455efb336","69e63e7a8f895ea377fa11c9","<p style=""font-size: 60px; font-family: FragmentMono"">XPWJFQAIT</p>","","","training","","","","","","",""
"null","null","html-keyboard-response","484","607384","0.0-17.0-0.72","69a5e91eee249ee63d49f9ca","69d7901e3430d13455efb336","69e63e7a8f895ea377fa11c9","<p style=""font-size: 60px; font-family: FragmentMono"">TGNLUCSU</p>","","","training","","","","","","",""
"null","null","html-keyboard-response","485","608392","0.0-17.0-0.73","69a5e91eee249ee63d49f9ca","69d7901e3430d13455efb336","69e63e7a8f895ea377fa11c9","<p style=""font-size: 60px; font-family: FragmentMono"">WBCHWDRL</p>","","","training","","","","","","",""
"null","null","html-keyboard-response","486","609404","0.0-17.0-0.74","69a5e91eee249ee63d49f9ca","69d7901e3430d13455efb336","69e63e7a8f895ea377fa11c9","<p style=""font-size: 60px; font-family: FragmentMono"">BIWIUCSU</p>","","","training","","","","","","",""
"null","null","html-keyboard-response","487","610413","0.0-17.0-0.75","69a5e91eee249ee63d49f9ca","69d7901e3430d13455efb336","69e63e7a8f895ea377fa11c9","<p style=""font-size: 60px; font-family: FragmentMono"">UXWLWDB</p>","","","training","","","","","","",""
"null","null","html-keyboard-response","488","611430","0.0-17.0-0.76","69a5e91eee249ee63d49f9ca","69d7901e3430d13455efb336","69e63e7a8f895ea377fa11c9","<p style=""font-size: 60px; font-family: FragmentMono"">HRDYAFN</p>","","","training","","","","","","",""
"null","null","html-keyboard-response","489","612443","0.0-17.0-0.77","69a5e91eee249ee63d49f9ca","69d7901e3430d13455efb336","69e63e7a8f895ea377fa11c9","<p style=""font-size: 60px; font-family: FragmentMono"">FPKYWDRL</p>","","","training","","","","","","",""
"null","null","html-keyboard-response","490","613458","0.0-17.0-0.78","69a5e91eee249ee63d49f9ca","69d7901e3430d13455efb336","69e63e7a8f895ea377fa11c9","<p style=""font-size: 60px; font-family: FragmentMono"">FDMJCAFN</p>","","","training","","","","","","",""
"null","null","html-keyboard-response","491","614474","0.0-17.0-0.79","69a5e91eee249ee63d49f9ca","69d7901e3430d13455efb336","69e63e7a8f895ea377fa11c9","<p style=""font-size: 60px; font-family: FragmentMono"">UXWLOKDV</p>","","","training","","","","","","",""
"20049"," ","html-keyboard-response","492","634523","0.0-18.0","69a5e91eee249ee63d49f9ca","69d7901e3430d13455efb336","69e63e7a8f895ea377fa11c9","<p style=""font-size: 30px"">Great, you've seen the sixth block of words. You may now take a short break.</p>
      <p style=""font-size: 30px"">Press the spacebar when you're ready to continue.</p>","","","","","","","","","",""
"null","null","html-keyboard-response","493","635523","0.0-19.0-0.0","69a5e91eee249ee63d49f9ca","69d7901e3430d13455efb336","69e63e7a8f895ea377fa11c9","<p style=""font-size: 60px; font-family: FragmentMono"">PJRYCAVY</p>","","","training","","","","","","",""
"null","null","html-keyboard-response","494","636531","0.0-19.0-0.1","69a5e91eee249ee63d49f9ca","69d7901e3430d13455efb336","69e63e7a8f895ea377fa11c9","<p style=""font-size: 60px; font-family: FragmentMono"">XPWJFRJMH</p>","","","training","","","","","","",""
"null","null","html-keyboard-response","495","637545","0.0-19.0-0.2","69a5e91eee249ee63d49f9ca","69d7901e3430d13455efb336","69e63e7a8f895ea377fa11c9","<p style=""font-size: 60px; font-family: FragmentMono"">OGDSKUCSU</p>","","","training","","","","","","",""
"null","null","html-keyboard-response","496","638547","0.0-19.0-0.3","69a5e91eee249ee63d49f9ca","69d7901e3430d13455efb336","69e63e7a8f895ea377fa11c9","<p style=""font-size: 60px; font-family: FragmentMono"">APQHTOKDV</p>","","","training","","","","","","",""
"null","null","html-keyboard-response","497","639553","0.0-19.0-0.4","69a5e91eee249ee63d49f9ca","69d7901e3430d13455efb336","69e63e7a8f895ea377fa11c9","<p style=""font-size: 60px; font-family: FragmentMono"">HRDYWDRL</p>","","","training","","","","","","",""
"null","null","html-keyboard-response","498","640560","0.0-19.0-0.5","69a5e91eee249ee63d49f9ca","69d7901e3430d13455efb336","69e63e7a8f895ea377fa11c9","<p style=""font-size: 60px; font-family: FragmentMono"">OGDSKCAVY</p>","","","training","","","","","","",""
"null","null","html-keyboard-response","499","641576","0.0-19.0-0.6","69a5e91eee249ee63d49f9ca","69d7901e3430d13455efb336","69e63e7a8f895ea377fa11c9","<p style=""font-size: 60px; font-family: FragmentMono"">CQBFSWDRL</p>","","","training","","","","","","",""
"null","null","html-keyboard-response","500","642586","0.0-19.0-0.7","69a5e91eee249ee63d49f9ca","69d7901e3430d13455efb336","69e63e7a8f895ea377fa11c9","<p style=""font-size: 60px; font-family: FragmentMono"">UXWLOKDV</p>","","","training","","","","","","",""
"null","null","html-keyboard-response","501","643593","0.0-19.0-0.8","69a5e91eee249ee63d49f9ca","69d7901e3430d13455efb336","69e63e7a8f895ea377fa11c9","<p style=""font-size: 60px; font-family: FragmentMono"">BIWIUVIE</p>","","","training","","","","","","",""
"null","null","html-keyboard-response","502","644608","0.0-19.0-0.9","69a5e91eee249ee63d49f9ca","69d7901e3430d13455efb336","69e63e7a8f895ea377fa11c9","<p style=""font-size: 60px; font-family: FragmentMono"">TGNLUCSU</p>","","","training","","","","","","",""
"null","null","html-keyboard-response","503","645616","0.0-19.0-0.10","69a5e91eee249ee63d49f9ca","69d7901e3430d13455efb336","69e63e7a8f895ea377fa11c9","<p style=""font-size: 60px; font-family: FragmentMono"">MGALCAVY</p>","","","training","","","","","","",""
"null","null","html-keyboard-response","504","646629","0.0-19.0-0.11","69a5e91eee249ee63d49f9ca","69d7901e3430d13455efb336","69e63e7a8f895ea377fa11c9","<p style=""font-size: 60px; font-family: FragmentMono"">XNJUOLHX</p>","","","training","","","","","","",""
"null","null","html-keyboard-response","505","647642","0.0-19.0-0.12","69a5e91eee249ee63d49f9ca","69d7901e3430d13455efb336","69e63e7a8f895ea377fa11c9","<p style=""font-size: 60px; font-family: FragmentMono"">XPWJFQAIT</p>","","","training","","","","","","",""
"null","null","html-keyboard-response","506","648646","0.0-19.0-0.13","69a5e91eee249ee63d49f9ca","69d7901e3430d13455efb336","69e63e7a8f895ea377fa11c9","<p style=""font-size: 60px; font-family: FragmentMono"">XNJUAFN</p>","","","training","","","","","","",""
"null","null","html-keyboard-response","507","649648","0.0-19.0-0.14","69a5e91eee249ee63d49f9ca","69d7901e3430d13455efb336","69e63e7a8f895ea377fa11c9","<p style=""font-size: 60px; font-family: FragmentMono"">FPKYWDRL</p>","","","training","","","","","","",""
"null","null","html-keyboard-response","508","650654","0.0-19.0-0.15","69a5e91eee249ee63d49f9ca","69d7901e3430d13455efb336","69e63e7a8f895ea377fa11c9","<p style=""font-size: 60px; font-family: FragmentMono"">IQYZOLHX</p>","","","training","","","","","","",""
"null","null","html-keyboard-response","509","651657","0.0-19.0-0.16","69a5e91eee249ee63d49f9ca","69d7901e3430d13455efb336","69e63e7a8f895ea377fa11c9","<p style=""font-size: 60px; font-family: FragmentMono"">OPFHSUCSU</p>","","","training","","","","","","",""
"null","null","html-keyboard-response","510","652662","0.0-19.0-0.17","69a5e91eee249ee63d49f9ca","69d7901e3430d13455efb336","69e63e7a8f895ea377fa11c9","<p style=""font-size: 60px; font-family: FragmentMono"">BIWIOKDV</p>","","","training","","","","","","",""
"null","null","html-keyboard-response","511","653677","0.0-19.0-0.18","69a5e91eee249ee63d49f9ca","69d7901e3430d13455efb336","69e63e7a8f895ea377fa11c9","<p style=""font-size: 60px; font-family: FragmentMono"">APQHTWDB</p>","","","training","","","","","","",""
"null","null","html-keyboard-response","512","654693","0.0-19.0-0.19","69a5e91eee249ee63d49f9ca","69d7901e3430d13455efb336","69e63e7a8f895ea377fa11c9","<p style=""font-size: 60px; font-family: FragmentMono"">WLXCMOKDV</p>","","","training","","","","","","",""
"null","null","html-keyboard-response","513","655707","0.0-19.0-0.20","69a5e91eee249ee63d49f9ca","69d7901e3430d13455efb336","69e63e7a8f895ea377fa11c9","<p style=""font-size: 60px; font-family: FragmentMono"">PJRYWDB</p>","","","training","","","","","","",""
"null","null","html-keyboard-response","514","656708","0.0-19.0-0.21","69a5e91eee249ee63d49f9ca","69d7901e3430d13455efb336","69e63e7a8f895ea377fa11c9","<p style=""font-size: 60px; font-family: FragmentMono"">XUDJMQAIT</p>","","","training","","","","","","",""
"null","null","html-keyboard-response","515","657714","0.0-19.0-0.22","69a5e91eee249ee63d49f9ca","69d7901e3430d13455efb336","69e63e7a8f895ea377fa11c9","<p style=""font-size: 60px; font-family: FragmentMono"">OPFHSUVIE</p>","","","training","","","","","","",""
"null","null","html-keyboard-response","516","658715","0.0-19.0-0.23","69a5e91eee249ee63d49f9ca","69d7901e3430d13455efb336","69e63e7a8f895ea377fa11c9","<p style=""font-size: 60px; font-family: FragmentMono"">WLXCMCAVY</p>","","","training","","","","","","",""
"null","null","html-keyboard-response","517","659730","0.0-19.0-0.24","69a5e91eee249ee63d49f9ca","69d7901e3430d13455efb336","69e63e7a8f895ea377fa11c9","<p style=""font-size: 60px; font-family: FragmentMono"">PJRYUCSU</p>","","","training","","","","","","",""
"null","null","html-keyboard-response","518","660732","0.0-19.0-0.25","69a5e91eee249ee63d49f9ca","69d7901e3430d13455efb336","69e63e7a8f895ea377fa11c9","<p style=""font-size: 60px; font-family: FragmentMono"">BIWICAVY</p>","","","training","","","","","","",""
"null","null","html-keyboard-response","519","661742","0.0-19.0-0.26","69a5e91eee249ee63d49f9ca","69d7901e3430d13455efb336","69e63e7a8f895ea377fa11c9","<p style=""font-size: 60px; font-family: FragmentMono"">BNPNCRJMH</p>","","","training","","","","","","",""
"null","null","html-keyboard-response","520","662747","0.0-19.0-0.27","69a5e91eee249ee63d49f9ca","69d7901e3430d13455efb336","69e63e7a8f895ea377fa11c9","<p style=""font-size: 60px; font-family: FragmentMono"">CFDTACAVY</p>","","","training","","","","","","",""
"null","null","html-keyboard-response","521","663762","0.0-19.0-0.28","69a5e91eee249ee63d49f9ca","69d7901e3430d13455efb336","69e63e7a8f895ea377fa11c9","<p style=""font-size: 60px; font-family: FragmentMono"">FDMJCWDRL</p>","","","training","","","","","","",""
"null","null","html-keyboard-response","522","664776","0.0-19.0-0.29","69a5e91eee249ee63d49f9ca","69d7901e3430d13455efb336","69e63e7a8f895ea377fa11c9","<p style=""font-size: 60px; font-family: FragmentMono"">XUDJMRJMH</p>","","","training","","","","","","",""
"null","null","html-keyboard-response","523","665796","0.0-19.0-0.30","69a5e91eee249ee63d49f9ca","69d7901e3430d13455efb336","69e63e7a8f895ea377fa11c9","<p style=""font-size: 60px; font-family: FragmentMono"">CQBFSOLHX</p>","","","training","","","","","","",""
"null","null","html-keyboard-response","524","666797","0.0-19.0-0.31","69a5e91eee249ee63d49f9ca","69d7901e3430d13455efb336","69e63e7a8f895ea377fa11c9","<p style=""font-size: 60px; font-family: FragmentMono"">OPFHSOKDV</p>","","","training","","","","","","",""
"null","null","html-keyboard-response","525","667813","0.0-19.0-0.32","69a5e91eee249ee63d49f9ca","69d7901e3430d13455efb336","69e63e7a8f895ea377fa11c9","<p style=""font-size: 60px; font-family: FragmentMono"">WLXCMWDB</p>","","","training","","","","","","",""
"null","null","html-keyboard-response","526","668829","0.0-19.0-0.33","69a5e91eee249ee63d49f9ca","69d7901e3430d13455efb336","69e63e7a8f895ea377fa11c9","<p style=""font-size: 60px; font-family: FragmentMono"">BNPNCAFN</p>","","","training","","","","","","",""
"null","null","html-keyboard-response","527","669830","0.0-19.0-0.34","69a5e91eee249ee63d49f9ca","69d7901e3430d13455efb336","69e63e7a8f895ea377fa11c9","<p style=""font-size: 60px; font-family: FragmentMono"">MGALOKDV</p>","","","training","","","","","","",""
"null","null","html-keyboard-response","528","670831","0.0-19.0-0.35","69a5e91eee249ee63d49f9ca","69d7901e3430d13455efb336","69e63e7a8f895ea377fa11c9","<p style=""font-size: 60px; font-family: FragmentMono"">WBCHRJMH</p>","","","training","","","","","","",""
"null","null","html-keyboard-response","529","671842","0.0-19.0-0.36","69a5e91eee249ee63d49f9ca","69d7901e3430d13455efb336","69e63e7a8f895ea377fa11c9","<p style=""font-size: 60px; font-family: FragmentMono"">UXWLUVIE</p>","","","training","","","","","","",""
"null","null","html-keyboard-response","530","672857","0.0-19.0-0.37","69a5e91eee249ee63d49f9ca","69d7901e3430d13455efb336","69e63e7a8f895ea377fa11c9","<p style=""font-size: 60px; font-family: FragmentMono"">CFDTAUCSU</p>","","","training","","","","","","",""
"null","null","html-keyboard-response","531","673863","0.0-19.0-0.38","69a5e91eee249ee63d49f9ca","69d7901e3430d13455efb336","69e63e7a8f895ea377fa11c9","<p style=""font-size: 60px; font-family: FragmentMono"">IQYZQAIT</p>","","","training","","","","","","",""
"null","null","html-keyboard-response","532","674865","0.0-19.0-0.39","69a5e91eee249ee63d49f9ca","69d7901e3430d13455efb336","69e63e7a8f895ea377fa11c9","<p style=""font-size: 60px; font-family: FragmentMono"">CFDTAUVIE</p>","","","training","","","","","","",""
"null","null","html-keyboard-response","533","675866","0.0-19.0-0.40","69a5e91eee249ee63d49f9ca","69d7901e3430d13455efb336","69e63e7a8f895ea377fa11c9","<p style=""font-size: 60px; font-family: FragmentMono"">WBCHOLHX</p>","","","training","","","","","","",""
"null","null","html-keyboard-response","534","676881","0.0-19.0-0.41","69a5e91eee249ee63d49f9ca","69d7901e3430d13455efb336","69e63e7a8f895ea377fa11c9","<p style=""font-size: 60px; font-family: FragmentMono"">OPFHSWDB</p>","","","training","","","","","","",""
"null","null","html-keyboard-response","535","677893","0.0-19.0-0.42","69a5e91eee249ee63d49f9ca","69d7901e3430d13455efb336","69e63e7a8f895ea377fa11c9","<p style=""font-size: 60px; font-family: FragmentMono"">IQYZAFN</p>","","","training","","","","","","",""
"null","null","html-keyboard-response","536","678907","0.0-19.0-0.43","69a5e91eee249ee63d49f9ca","69d7901e3430d13455efb336","69e63e7a8f895ea377fa11c9","<p style=""font-size: 60px; font-family: FragmentMono"">XNJURJMH</p>","","","training","","","","","","",""
"null","null","html-keyboard-response","537","679912","0.0-19.0-0.44","69a5e91eee249ee63d49f9ca","69d7901e3430d13455efb336","69e63e7a8f895ea377fa11c9","<p style=""font-size: 60px; font-family: FragmentMono"">HRDYQAIT</p>","","","training","","","","","","",""
"null","null","html-keyboard-response","538","680912","0.0-19.0-0.45","69a5e91eee249ee63d49f9ca","69d7901e3430d13455efb336","69e63e7a8f895ea377fa11c9","<p style=""font-size: 60px; font-family: FragmentMono"">MGALWDB</p>","","","training","","","","","","",""
"null","null","html-keyboard-response","539","681928","0.0-19.0-0.46","69a5e91eee249ee63d49f9ca","69d7901e3430d13455efb336","69e63e7a8f895ea377fa11c9","<p style=""font-size: 60px; font-family: FragmentMono"">CQBFSQAIT</p>","","","training","","","","","","",""
"null","null","html-keyboard-response","540","682943","0.0-19.0-0.47","69a5e91eee249ee63d49f9ca","69d7901e3430d13455efb336","69e63e7a8f895ea377fa11c9","<p style=""font-size: 60px; font-family: FragmentMono"">BIWIUCSU</p>","","","training","","","","","","",""
"null","null","html-keyboard-response","541","683945","0.0-19.0-0.48","69a5e91eee249ee63d49f9ca","69d7901e3430d13455efb336","69e63e7a8f895ea377fa11c9","<p style=""font-size: 60px; font-family: FragmentMono"">XPWJFWDRL</p>","","","training","","","","","","",""
"null","null","html-keyboard-response","542","684955","0.0-19.0-0.49","69a5e91eee249ee63d49f9ca","69d7901e3430d13455efb336","69e63e7a8f895ea377fa11c9","<p style=""font-size: 60px; font-family: FragmentMono"">UXWLWDB</p>","","","training","","","","","","",""
"null","null","html-keyboard-response","543","685958","0.0-19.0-0.50","69a5e91eee249ee63d49f9ca","69d7901e3430d13455efb336","69e63e7a8f895ea377fa11c9","<p style=""font-size: 60px; font-family: FragmentMono"">FPKYRJMH</p>","","","training","","","","","","",""
"null","null","html-keyboard-response","544","686972","0.0-19.0-0.51","69a5e91eee249ee63d49f9ca","69d7901e3430d13455efb336","69e63e7a8f895ea377fa11c9","<p style=""font-size: 60px; font-family: FragmentMono"">XUDJMWDRL</p>","","","training","","","","","","",""
"null","null","html-keyboard-response","545","687976","0.0-19.0-0.52","69a5e91eee249ee63d49f9ca","69d7901e3430d13455efb336","69e63e7a8f895ea377fa11c9","<p style=""font-size: 60px; font-family: FragmentMono"">WLXCMUCSU</p>","","","training","","","","","","",""
"null","null","html-keyboard-response","546","688977","0.0-19.0-0.53","69a5e91eee249ee63d49f9ca","69d7901e3430d13455efb336","69e63e7a8f895ea377fa11c9","<p style=""font-size: 60px; font-family: FragmentMono"">XUDJMOLHX</p>","","","training","","","","","","",""
"null","null","html-keyboard-response","547","689989","0.0-19.0-0.54","69a5e91eee249ee63d49f9ca","69d7901e3430d13455efb336","69e63e7a8f895ea377fa11c9","<p style=""font-size: 60px; font-family: FragmentMono"">UXWLCAVY</p>","","","training","","","","","","",""
"null","null","html-keyboard-response","548","691002","0.0-19.0-0.55","69a5e91eee249ee63d49f9ca","69d7901e3430d13455efb336","69e63e7a8f895ea377fa11c9","<p style=""font-size: 60px; font-family: FragmentMono"">FPKYAFN</p>","","","training","","","","","","",""
"null","null","html-keyboard-response","549","692014","0.0-19.0-0.56","69a5e91eee249ee63d49f9ca","69d7901e3430d13455efb336","69e63e7a8f895ea377fa11c9","<p style=""font-size: 60px; font-family: FragmentMono"">TGNLUVIE</p>","","","training","","","","","","",""
"null","null","html-keyboard-response","550","693024","0.0-19.0-0.57","69a5e91eee249ee63d49f9ca","69d7901e3430d13455efb336","69e63e7a8f895ea377fa11c9","<p style=""font-size: 60px; font-family: FragmentMono"">OGDSKOKDV</p>","","","training","","","","","","",""
"null","null","html-keyboard-response","551","694045","0.0-19.0-0.58","69a5e91eee249ee63d49f9ca","69d7901e3430d13455efb336","69e63e7a8f895ea377fa11c9","<p style=""font-size: 60px; font-family: FragmentMono"">IQYZWDRL</p>","","","training","","","","","","",""
"null","null","html-keyboard-response","552","695047","0.0-19.0-0.59","69a5e91eee249ee63d49f9ca","69d7901e3430d13455efb336","69e63e7a8f895ea377fa11c9","<p style=""font-size: 60px; font-family: FragmentMono"">XPWJFAFN</p>","","","training","","","","","","",""
"null","null","html-keyboard-response","553","696061","0.0-19.0-0.60","69a5e91eee249ee63d49f9ca","69d7901e3430d13455efb336","69e63e7a8f895ea377fa11c9","<p style=""font-size: 60px; font-family: FragmentMono"">MGALUVIE</p>","","","training","","","","","","",""
"null","null","html-keyboard-response","554","697075","0.0-19.0-0.61","69a5e91eee249ee63d49f9ca","69d7901e3430d13455efb336","69e63e7a8f895ea377fa11c9","<p style=""font-size: 60px; font-family: FragmentMono"">WBCHAFN</p>","","","training","","","","","","",""
"null","null","html-keyboard-response","555","698091","0.0-19.0-0.62","69a5e91eee249ee63d49f9ca","69d7901e3430d13455efb336","69e63e7a8f895ea377fa11c9","<p style=""font-size: 60px; font-family: FragmentMono"">HRDYOLHX</p>","","","training","","","","","","",""
"null","null","html-keyboard-response","556","699104","0.0-19.0-0.63","69a5e91eee249ee63d49f9ca","69d7901e3430d13455efb336","69e63e7a8f895ea377fa11c9","<p style=""font-size: 60px; font-family: FragmentMono"">OGDSKUVIE</p>","","","training","","","","","","",""
"null","null","html-keyboard-response","557","700113","0.0-19.0-0.64","69a5e91eee249ee63d49f9ca","69d7901e3430d13455efb336","69e63e7a8f895ea377fa11c9","<p style=""font-size: 60px; font-family: FragmentMono"">APQHTUCSU</p>","","","training","","","","","","",""
"null","null","html-keyboard-response","558","701127","0.0-19.0-0.65","69a5e91eee249ee63d49f9ca","69d7901e3430d13455efb336","69e63e7a8f895ea377fa11c9","<p style=""font-size: 60px; font-family: FragmentMono"">FDMJCOLHX</p>","","","training","","","","","","",""
"null","null","html-keyboard-response","559","702142","0.0-19.0-0.66","69a5e91eee249ee63d49f9ca","69d7901e3430d13455efb336","69e63e7a8f895ea377fa11c9","<p style=""font-size: 60px; font-family: FragmentMono"">CFDTAWDB</p>","","","training","","","","","","",""
"null","null","html-keyboard-response","560","703150","0.0-19.0-0.67","69a5e91eee249ee63d49f9ca","69d7901e3430d13455efb336","69e63e7a8f895ea377fa11c9","<p style=""font-size: 60px; font-family: FragmentMono"">CQBFSRJMH</p>","","","training","","","","","","",""
"null","null","html-keyboard-response","561","704165","0.0-19.0-0.68","69a5e91eee249ee63d49f9ca","69d7901e3430d13455efb336","69e63e7a8f895ea377fa11c9","<p style=""font-size: 60px; font-family: FragmentMono"">TGNLOKDV</p>","","","training","","","","","","",""
"null","null","html-keyboard-response","562","705168","0.0-19.0-0.69","69a5e91eee249ee63d49f9ca","69d7901e3430d13455efb336","69e63e7a8f895ea377fa11c9","<p style=""font-size: 60px; font-family: FragmentMono"">APQHTCAVY</p>","","","training","","","","","","",""
"null","null","html-keyboard-response","563","706176","0.0-19.0-0.70","69a5e91eee249ee63d49f9ca","69d7901e3430d13455efb336","69e63e7a8f895ea377fa11c9","<p style=""font-size: 60px; font-family: FragmentMono"">XNJUQAIT</p>","","","training","","","","","","",""
"null","null","html-keyboard-response","564","707180","0.0-19.0-0.71","69a5e91eee249ee63d49f9ca","69d7901e3430d13455efb336","69e63e7a8f895ea377fa11c9","<p style=""font-size: 60px; font-family: FragmentMono"">PJRYUVIE</p>","","","training","","","","","","",""
"null","null","html-keyboard-response","565","708192","0.0-19.0-0.72","69a5e91eee249ee63d49f9ca","69d7901e3430d13455efb336","69e63e7a8f895ea377fa11c9","<p style=""font-size: 60px; font-family: FragmentMono"">BNPNCOLHX</p>","","","training","","","","","","",""
"null","null","html-keyboard-response","566","709197","0.0-19.0-0.73","69a5e91eee249ee63d49f9ca","69d7901e3430d13455efb336","69e63e7a8f895ea377fa11c9","<p style=""font-size: 60px; font-family: FragmentMono"">FPKYQAIT</p>","","","training","","","","","","",""
"null","null","html-keyboard-response","567","710214","0.0-19.0-0.74","69a5e91eee249ee63d49f9ca","69d7901e3430d13455efb336","69e63e7a8f895ea377fa11c9","<p style=""font-size: 60px; font-family: FragmentMono"">HRDYAFN</p>","","","training","","","","","","",""
"null","null","html-keyboard-response","568","711222","0.0-19.0-0.75","69a5e91eee249ee63d49f9ca","69d7901e3430d13455efb336","69e63e7a8f895ea377fa11c9","<p style=""font-size: 60px; font-family: FragmentMono"">BNPNCQAIT</p>","","","training","","","","","","",""
"null","null","html-keyboard-response","569","712244","0.0-19.0-0.76","69a5e91eee249ee63d49f9ca","69d7901e3430d13455efb336","69e63e7a8f895ea377fa11c9","<p style=""font-size: 60px; font-family: FragmentMono"">FDMJCRJMH</p>","","","training","","","","","","",""
"null","null","html-keyboard-response","570","713255","0.0-19.0-0.77","69a5e91eee249ee63d49f9ca","69d7901e3430d13455efb336","69e63e7a8f895ea377fa11c9","<p style=""font-size: 60px; font-family: FragmentMono"">WBCHWDRL</p>","","","training","","","","","","",""
"null","null","html-keyboard-response","571","714265","0.0-19.0-0.78","69a5e91eee249ee63d49f9ca","69d7901e3430d13455efb336","69e63e7a8f895ea377fa11c9","<p style=""font-size: 60px; font-family: FragmentMono"">FDMJCAFN</p>","","","training","","","","","","",""
"null","null","html-keyboard-response","572","715269","0.0-19.0-0.79","69a5e91eee249ee63d49f9ca","69d7901e3430d13455efb336","69e63e7a8f895ea377fa11c9","<p style=""font-size: 60px; font-family: FragmentMono"">TGNLWDB</p>","","","training","","","","","","",""
"10428"," ","html-keyboard-response","573","725698","0.0-20.0","69a5e91eee249ee63d49f9ca","69d7901e3430d13455efb336","69e63e7a8f895ea377fa11c9","<p style=""font-size: 30px"">Great, you've seen the seventh block of words. You may now take a short break.</p>
      <p style=""font-size: 30px"">Press the spacebar when you're ready to continue.</p>","","","","","","","","","",""
"null","null","html-keyboard-response","574","726714","0.0-21.0-0.0","69a5e91eee249ee63d49f9ca","69d7901e3430d13455efb336","69e63e7a8f895ea377fa11c9","<p style=""font-size: 60px; font-family: FragmentMono"">IQYZOLHX</p>","","","training","","","","","","",""
"null","null","html-keyboard-response","575","727733","0.0-21.0-0.1","69a5e91eee249ee63d49f9ca","69d7901e3430d13455efb336","69e63e7a8f895ea377fa11c9","<p style=""font-size: 60px; font-family: FragmentMono"">WLXCMWDB</p>","","","training","","","","","","",""
"null","null","html-keyboard-response","576","728749","0.0-21.0-0.2","69a5e91eee249ee63d49f9ca","69d7901e3430d13455efb336","69e63e7a8f895ea377fa11c9","<p style=""font-size: 60px; font-family: FragmentMono"">OGDSKOKDV</p>","","","training","","","","","","",""
"null","null","html-keyboard-response","577","729765","0.0-21.0-0.3","69a5e91eee249ee63d49f9ca","69d7901e3430d13455efb336","69e63e7a8f895ea377fa11c9","<p style=""font-size: 60px; font-family: FragmentMono"">WBCHWDRL</p>","","","training","","","","","","",""
"null","null","html-keyboard-response","578","730770","0.0-21.0-0.4","69a5e91eee249ee63d49f9ca","69d7901e3430d13455efb336","69e63e7a8f895ea377fa11c9","<p style=""font-size: 60px; font-family: FragmentMono"">XPWJFAFN</p>","","","training","","","","","","",""
"null","null","html-keyboard-response","579","731777","0.0-21.0-0.5","69a5e91eee249ee63d49f9ca","69d7901e3430d13455efb336","69e63e7a8f895ea377fa11c9","<p style=""font-size: 60px; font-family: FragmentMono"">TGNLUVIE</p>","","","training","","","","","","",""
"null","null","html-keyboard-response","580","732782","0.0-21.0-0.6","69a5e91eee249ee63d49f9ca","69d7901e3430d13455efb336","69e63e7a8f895ea377fa11c9","<p style=""font-size: 60px; font-family: FragmentMono"">OGDSKCAVY</p>","","","training","","","","","","",""
"null","null","html-keyboard-response","581","733799","0.0-21.0-0.7","69a5e91eee249ee63d49f9ca","69d7901e3430d13455efb336","69e63e7a8f895ea377fa11c9","<p style=""font-size: 60px; font-family: FragmentMono"">CQBFSQAIT</p>","","","training","","","","","","",""
"null","null","html-keyboard-response","582","734804","0.0-21.0-0.8","69a5e91eee249ee63d49f9ca","69d7901e3430d13455efb336","69e63e7a8f895ea377fa11c9","<p style=""font-size: 60px; font-family: FragmentMono"">XPWJFRJMH</p>","","","training","","","","","","",""
"null","null","html-keyboard-response","583","735808","0.0-21.0-0.9","69a5e91eee249ee63d49f9ca","69d7901e3430d13455efb336","69e63e7a8f895ea377fa11c9","<p style=""font-size: 60px; font-family: FragmentMono"">APQHTOKDV</p>","","","training","","","","","","",""
"null","null","html-keyboard-response","584","736816","0.0-21.0-0.10","69a5e91eee249ee63d49f9ca","69d7901e3430d13455efb336","69e63e7a8f895ea377fa11c9","<p style=""font-size: 60px; font-family: FragmentMono"">WLXCMCAVY</p>","","","training","","","","","","",""
"null","null","html-keyboard-response","585","737824","0.0-21.0-0.11","69a5e91eee249ee63d49f9ca","69d7901e3430d13455efb336","69e63e7a8f895ea377fa11c9","<p style=""font-size: 60px; font-family: FragmentMono"">OPFHSUCSU</p>","","","training","","","","","","",""
"null","null","html-keyboard-response","586","738834","0.0-21.0-0.12","69a5e91eee249ee63d49f9ca","69d7901e3430d13455efb336","69e63e7a8f895ea377fa11c9","<p style=""font-size: 60px; font-family: FragmentMono"">BNPNCQAIT</p>","","","training","","","","","","",""
"null","null","html-keyboard-response","587","739839","0.0-21.0-0.13","69a5e91eee249ee63d49f9ca","69d7901e3430d13455efb336","69e63e7a8f895ea377fa11c9","<p style=""font-size: 60px; font-family: FragmentMono"">UXWLOKDV</p>","","","training","","","","","","",""
"null","null","html-keyboard-response","588","740843","0.0-21.0-0.14","69a5e91eee249ee63d49f9ca","69d7901e3430d13455efb336","69e63e7a8f895ea377fa11c9","<p style=""font-size: 60px; font-family: FragmentMono"">XNJUOLHX</p>","","","training","","","","","","",""
"null","null","html-keyboard-response","589","741852","0.0-21.0-0.15","69a5e91eee249ee63d49f9ca","69d7901e3430d13455efb336","69e63e7a8f895ea377fa11c9","<p style=""font-size: 60px; font-family: FragmentMono"">OPFHSOKDV</p>","","","training","","","","","","",""
"null","null","html-keyboard-response","590","742858","0.0-21.0-0.16","69a5e91eee249ee63d49f9ca","69d7901e3430d13455efb336","69e63e7a8f895ea377fa11c9","<p style=""font-size: 60px; font-family: FragmentMono"">XUDJMQAIT</p>","","","training","","","","","","",""
"null","null","html-keyboard-response","591","743865","0.0-21.0-0.17","69a5e91eee249ee63d49f9ca","69d7901e3430d13455efb336","69e63e7a8f895ea377fa11c9","<p style=""font-size: 60px; font-family: FragmentMono"">BIWICAVY</p>","","","training","","","","","","",""
"null","null","html-keyboard-response","592","744868","0.0-21.0-0.18","69a5e91eee249ee63d49f9ca","69d7901e3430d13455efb336","69e63e7a8f895ea377fa11c9","<p style=""font-size: 60px; font-family: FragmentMono"">UXWLUVIE</p>","","","training","","","","","","",""
"null","null","html-keyboard-response","593","745873","0.0-21.0-0.19","69a5e91eee249ee63d49f9ca","69d7901e3430d13455efb336","69e63e7a8f895ea377fa11c9","<p style=""font-size: 60px; font-family: FragmentMono"">BIWIOKDV</p>","","","training","","","","","","",""
"null","null","html-keyboard-response","594","746889","0.0-21.0-0.20","69a5e91eee249ee63d49f9ca","69d7901e3430d13455efb336","69e63e7a8f895ea377fa11c9","<p style=""font-size: 60px; font-family: FragmentMono"">IQYZQAIT</p>","","","training","","","","","","",""
"null","null","html-keyboard-response","595","747896","0.0-21.0-0.21","69a5e91eee249ee63d49f9ca","69d7901e3430d13455efb336","69e63e7a8f895ea377fa11c9","<p style=""font-size: 60px; font-family: FragmentMono"">BIWIUCSU</p>","","","training","","","","","","",""
"null","null","html-keyboard-response","596","748904","0.0-21.0-0.22","69a5e91eee249ee63d49f9ca","69d7901e3430d13455efb336","69e63e7a8f895ea377fa11c9","<p style=""font-size: 60px; font-family: FragmentMono"">CFDTACAVY</p>","","","training","","","","","","",""
"null","null","html-keyboard-response","597","749907","0.0-21.0-0.23","69a5e91eee249ee63d49f9ca","69d7901e3430d13455efb336","69e63e7a8f895ea377fa11c9","<p style=""font-size: 60px; font-family: FragmentMono"">UXWLWDB</p>","","","training","","","","","","",""
"null","null","html-keyboard-response","598","750912","0.0-21.0-0.24","69a5e91eee249ee63d49f9ca","69d7901e3430d13455efb336","69e63e7a8f895ea377fa11c9","<p style=""font-size: 60px; font-family: FragmentMono"">XNJURJMH</p>","","","training","","","","","","",""
"null","null","html-keyboard-response","599","751918","0.0-21.0-0.25","69a5e91eee249ee63d49f9ca","69d7901e3430d13455efb336","69e63e7a8f895ea377fa11c9","<p style=""font-size: 60px; font-family: FragmentMono"">FPKYQAIT</p>","","","training","","","","","","",""
"null","null","html-keyboard-response","600","752923","0.0-21.0-0.26","69a5e91eee249ee63d49f9ca","69d7901e3430d13455efb336","69e63e7a8f895ea377fa11c9","<p style=""font-size: 60px; font-family: FragmentMono"">APQHTCAVY</p>","","","training","","","","","","",""
"null","null","html-keyboard-response","601","753928","0.0-21.0-0.27","69a5e91eee249ee63d49f9ca","69d7901e3430d13455efb336","69e63e7a8f895ea377fa11c9","<p style=""font-size: 60px; font-family: FragmentMono"">XUDJMOLHX</p>","","","training","","","","","","",""
"null","null","html-keyboard-response","602","754935","0.0-21.0-0.28","69a5e91eee249ee63d49f9ca","69d7901e3430d13455efb336","69e63e7a8f895ea377fa11c9","<p style=""font-size: 60px; font-family: FragmentMono"">FDMJCAFN</p>","","","training","","","","","","",""
"null","null","html-keyboard-response","603","755941","0.0-21.0-0.29","69a5e91eee249ee63d49f9ca","69d7901e3430d13455efb336","69e63e7a8f895ea377fa11c9","<p style=""font-size: 60px; font-family: FragmentMono"">OPFHSUVIE</p>","","","training","","","","","","",""
"null","null","html-keyboard-response","604","756948","0.0-21.0-0.30","69a5e91eee249ee63d49f9ca","69d7901e3430d13455efb336","69e63e7a8f895ea377fa11c9","<p style=""font-size: 60px; font-family: FragmentMono"">WLXCMUCSU</p>","","","training","","","","","","",""
"null","null","html-keyboard-response","605","757956","0.0-21.0-0.31","69a5e91eee249ee63d49f9ca","69d7901e3430d13455efb336","69e63e7a8f895ea377fa11c9","<p style=""font-size: 60px; font-family: FragmentMono"">TGNLOKDV</p>","","","training","","","","","","",""
"null","null","html-keyboard-response","606","758965","0.0-21.0-0.32","69a5e91eee249ee63d49f9ca","69d7901e3430d13455efb336","69e63e7a8f895ea377fa11c9","<p style=""font-size: 60px; font-family: FragmentMono"">HRDYOLHX</p>","","","training","","","","","","",""
"null","null","html-keyboard-response","607","759975","0.0-21.0-0.33","69a5e91eee249ee63d49f9ca","69d7901e3430d13455efb336","69e63e7a8f895ea377fa11c9","<p style=""font-size: 60px; font-family: FragmentMono"">OGDSKUVIE</p>","","","training","","","","","","",""
"null","null","html-keyboard-response","608","760981","0.0-21.0-0.34","69a5e91eee249ee63d49f9ca","69d7901e3430d13455efb336","69e63e7a8f895ea377fa11c9","<p style=""font-size: 60px; font-family: FragmentMono"">HRDYAFN</p>","","","training","","","","","","",""
"null","null","html-keyboard-response","609","761986","0.0-21.0-0.35","69a5e91eee249ee63d49f9ca","69d7901e3430d13455efb336","69e63e7a8f895ea377fa11c9","<p style=""font-size: 60px; font-family: FragmentMono"">TGNLUCSU</p>","","","training","","","","","","",""
"null","null","html-keyboard-response","610","762998","0.0-21.0-0.36","69a5e91eee249ee63d49f9ca","69d7901e3430d13455efb336","69e63e7a8f895ea377fa11c9","<p style=""font-size: 60px; font-family: FragmentMono"">HRDYWDRL</p>","","","training","","","","","","",""
"null","null","html-keyboard-response","611","764000","0.0-21.0-0.37","69a5e91eee249ee63d49f9ca","69d7901e3430d13455efb336","69e63e7a8f895ea377fa11c9","<p style=""font-size: 60px; font-family: FragmentMono"">APQHTWDB</p>","","","training","","","","","","",""
"null","null","html-keyboard-response","612","765003","0.0-21.0-0.38","69a5e91eee249ee63d49f9ca","69d7901e3430d13455efb336","69e63e7a8f895ea377fa11c9","<p style=""font-size: 60px; font-family: FragmentMono"">WBCHOLHX</p>","","","training","","","","","","",""
"null","null","html-keyboard-response","613","766014","0.0-21.0-0.39","69a5e91eee249ee63d49f9ca","69d7901e3430d13455efb336","69e63e7a8f895ea377fa11c9","<p style=""font-size: 60px; font-family: FragmentMono"">IQYZWDRL</p>","","","training","","","","","","",""
"null","null","html-keyboard-response","614","767017","0.0-21.0-0.40","69a5e91eee249ee63d49f9ca","69d7901e3430d13455efb336","69e63e7a8f895ea377fa11c9","<p style=""font-size: 60px; font-family: FragmentMono"">CQBFSOLHX</p>","","","training","","","","","","",""
"null","null","html-keyboard-response","615","768024","0.0-21.0-0.41","69a5e91eee249ee63d49f9ca","69d7901e3430d13455efb336","69e63e7a8f895ea377fa11c9","<p style=""font-size: 60px; font-family: FragmentMono"">BNPNCRJMH</p>","","","training","","","","","","",""
"null","null","html-keyboard-response","616","769033","0.0-21.0-0.42","69a5e91eee249ee63d49f9ca","69d7901e3430d13455efb336","69e63e7a8f895ea377fa11c9","<p style=""font-size: 60px; font-family: FragmentMono"">FPKYAFN</p>","","","training","","","","","","",""
"null","null","html-keyboard-response","617","770042","0.0-21.0-0.43","69a5e91eee249ee63d49f9ca","69d7901e3430d13455efb336","69e63e7a8f895ea377fa11c9","<p style=""font-size: 60px; font-family: FragmentMono"">PJRYUCSU</p>","","","training","","","","","","",""
"null","null","html-keyboard-response","618","771048","0.0-21.0-0.44","69a5e91eee249ee63d49f9ca","69d7901e3430d13455efb336","69e63e7a8f895ea377fa11c9","<p style=""font-size: 60px; font-family: FragmentMono"">XPWJFQAIT</p>","","","training","","","","","","",""
"null","null","html-keyboard-response","619","772057","0.0-21.0-0.45","69a5e91eee249ee63d49f9ca","69d7901e3430d13455efb336","69e63e7a8f895ea377fa11c9","<p style=""font-size: 60px; font-family: FragmentMono"">CFDTAWDB</p>","","","training","","","","","","",""
"null","null","html-keyboard-response","620","773065","0.0-21.0-0.46","69a5e91eee249ee63d49f9ca","69d7901e3430d13455efb336","69e63e7a8f895ea377fa11c9","<p style=""font-size: 60px; font-family: FragmentMono"">FDMJCWDRL</p>","","","training","","","","","","",""
"null","null","html-keyboard-response","621","774070","0.0-21.0-0.47","69a5e91eee249ee63d49f9ca","69d7901e3430d13455efb336","69e63e7a8f895ea377fa11c9","<p style=""font-size: 60px; font-family: FragmentMono"">FPKYRJMH</p>","","","training","","","","","","",""
"null","null","html-keyboard-response","622","775081","0.0-21.0-0.48","69a5e91eee249ee63d49f9ca","69d7901e3430d13455efb336","69e63e7a8f895ea377fa11c9","<p style=""font-size: 60px; font-family: FragmentMono"">MGALOKDV</p>","","","training","","","","","","",""
"null","null","html-keyboard-response","623","776088","0.0-21.0-0.49","69a5e91eee249ee63d49f9ca","69d7901e3430d13455efb336","69e63e7a8f895ea377fa11c9","<p style=""font-size: 60px; font-family: FragmentMono"">BNPNCAFN</p>","","","training","","","","","","",""
"null","null","html-keyboard-response","624","777096","0.0-21.0-0.50","69a5e91eee249ee63d49f9ca","69d7901e3430d13455efb336","69e63e7a8f895ea377fa11c9","<p style=""font-size: 60px; font-family: FragmentMono"">MGALWDB</p>","","","training","","","","","","",""
"null","null","html-keyboard-response","625","778099","0.0-21.0-0.51","69a5e91eee249ee63d49f9ca","69d7901e3430d13455efb336","69e63e7a8f895ea377fa11c9","<p style=""font-size: 60px; font-family: FragmentMono"">CQBFSRJMH</p>","","","training","","","","","","",""
"null","null","html-keyboard-response","626","779104","0.0-21.0-0.52","69a5e91eee249ee63d49f9ca","69d7901e3430d13455efb336","69e63e7a8f895ea377fa11c9","<p style=""font-size: 60px; font-family: FragmentMono"">PJRYUVIE</p>","","","training","","","","","","",""
"null","null","html-keyboard-response","627","780114","0.0-21.0-0.53","69a5e91eee249ee63d49f9ca","69d7901e3430d13455efb336","69e63e7a8f895ea377fa11c9","<p style=""font-size: 60px; font-family: FragmentMono"">FDMJCRJMH</p>","","","training","","","","","","",""
"null","null","html-keyboard-response","628","781117","0.0-21.0-0.54","69a5e91eee249ee63d49f9ca","69d7901e3430d13455efb336","69e63e7a8f895ea377fa11c9","<p style=""font-size: 60px; font-family: FragmentMono"">IQYZAFN</p>","","","training","","","","","","",""
"null","null","html-keyboard-response","629","782128","0.0-21.0-0.55","69a5e91eee249ee63d49f9ca","69d7901e3430d13455efb336","69e63e7a8f895ea377fa11c9","<p style=""font-size: 60px; font-family: FragmentMono"">PJRYWDB</p>","","","training","","","","","","",""
"null","null","html-keyboard-response","630","783131","0.0-21.0-0.56","69a5e91eee249ee63d49f9ca","69d7901e3430d13455efb336","69e63e7a8f895ea377fa11c9","<p style=""font-size: 60px; font-family: FragmentMono"">XNJUQAIT</p>","","","training","","","","","","",""
"null","null","html-keyboard-response","631","784139","0.0-21.0-0.57","69a5e91eee249ee63d49f9ca","69d7901e3430d13455efb336","69e63e7a8f895ea377fa11c9","<p style=""font-size: 60px; font-family: FragmentMono"">OGDSKUCSU</p>","","","training","","","","","","",""
"null","null","html-keyboard-response","632","785147","0.0-21.0-0.58","69a5e91eee249ee63d49f9ca","69d7901e3430d13455efb336","69e63e7a8f895ea377fa11c9","<p style=""font-size: 60px; font-family: FragmentMono"">XPWJFWDRL</p>","","","training","","","","","","",""
"null","null","html-keyboard-response","633","786151","0.0-21.0-0.59","69a5e91eee249ee63d49f9ca","69d7901e3430d13455efb336","69e63e7a8f895ea377fa11c9","<p style=""font-size: 60px; font-family: FragmentMono"">WBCHRJMH</p>","","","training","","","","","","",""
"null","null","html-keyboard-response","634","787155","0.0-21.0-0.60","69a5e91eee249ee63d49f9ca","69d7901e3430d13455efb336","69e63e7a8f895ea377fa11c9","<p style=""font-size: 60px; font-family: FragmentMono"">MGALUVIE</p>","","","training","","","","","","",""
"null","null","html-keyboard-response","635","788162","0.0-21.0-0.61","69a5e91eee249ee63d49f9ca","69d7901e3430d13455efb336","69e63e7a8f895ea377fa11c9","<p style=""font-size: 60px; font-family: FragmentMono"">OPFHSWDB</p>","","","training","","","","","","",""
"null","null","html-keyboard-response","636","789171","0.0-21.0-0.62","69a5e91eee249ee63d49f9ca","69d7901e3430d13455efb336","69e63e7a8f895ea377fa11c9","<p style=""font-size: 60px; font-family: FragmentMono"">XUDJMRJMH</p>","","","training","","","","","","",""
"null","null","html-keyboard-response","637","790175","0.0-21.0-0.63","69a5e91eee249ee63d49f9ca","69d7901e3430d13455efb336","69e63e7a8f895ea377fa11c9","<p style=""font-size: 60px; font-family: FragmentMono"">BNPNCOLHX</p>","","","training","","","","","","",""
"null","null","html-keyboard-response","638","791188","0.0-21.0-0.64","69a5e91eee249ee63d49f9ca","69d7901e3430d13455efb336","69e63e7a8f895ea377fa11c9","<p style=""font-size: 60px; font-family: FragmentMono"">PJRYCAVY</p>","","","training","","","","","","",""
"null","null","html-keyboard-response","639","792198","0.0-21.0-0.65","69a5e91eee249ee63d49f9ca","69d7901e3430d13455efb336","69e63e7a8f895ea377fa11c9","<p style=""font-size: 60px; font-family: FragmentMono"">WBCHAFN</p>","","","training","","","","","","",""
"null","null","html-keyboard-response","640","793203","0.0-21.0-0.66","69a5e91eee249ee63d49f9ca","69d7901e3430d13455efb336","69e63e7a8f895ea377fa11c9","<p style=""font-size: 60px; font-family: FragmentMono"">FPKYWDRL</p>","","","training","","","","","","",""
"null","null","html-keyboard-response","641","794208","0.0-21.0-0.67","69a5e91eee249ee63d49f9ca","69d7901e3430d13455efb336","69e63e7a8f895ea377fa11c9","<p style=""font-size: 60px; font-family: FragmentMono"">UXWLCAVY</p>","","","training","","","","","","",""
"null","null","html-keyboard-response","642","795216","0.0-21.0-0.68","69a5e91eee249ee63d49f9ca","69d7901e3430d13455efb336","69e63e7a8f895ea377fa11c9","<p style=""font-size: 60px; font-family: FragmentMono"">HRDYQAIT</p>","","","training","","","","","","",""
"null","null","html-keyboard-response","643","796222","0.0-21.0-0.69","69a5e91eee249ee63d49f9ca","69d7901e3430d13455efb336","69e63e7a8f895ea377fa11c9","<p style=""font-size: 60px; font-family: FragmentMono"">MGALCAVY</p>","","","training","","","","","","",""
"null","null","html-keyboard-response","644","797226","0.0-21.0-0.70","69a5e91eee249ee63d49f9ca","69d7901e3430d13455efb336","69e63e7a8f895ea377fa11c9","<p style=""font-size: 60px; font-family: FragmentMono"">TGNLWDB</p>","","","training","","","","","","",""
"null","null","html-keyboard-response","645","798231","0.0-21.0-0.71","69a5e91eee249ee63d49f9ca","69d7901e3430d13455efb336","69e63e7a8f895ea377fa11c9","<p style=""font-size: 60px; font-family: FragmentMono"">CFDTAUCSU</p>","","","training","","","","","","",""
"null","null","html-keyboard-response","646","799241","0.0-21.0-0.72","69a5e91eee249ee63d49f9ca","69d7901e3430d13455efb336","69e63e7a8f895ea377fa11c9","<p style=""font-size: 60px; font-family: FragmentMono"">XUDJMWDRL</p>","","","training","","","","","","",""
"null","null","html-keyboard-response","647","800249","0.0-21.0-0.73","69a5e91eee249ee63d49f9ca","69d7901e3430d13455efb336","69e63e7a8f895ea377fa11c9","<p style=""font-size: 60px; font-family: FragmentMono"">FDMJCOLHX</p>","","","training","","","","","","",""
"null","null","html-keyboard-response","648","801262","0.0-21.0-0.74","69a5e91eee249ee63d49f9ca","69d7901e3430d13455efb336","69e63e7a8f895ea377fa11c9","<p style=""font-size: 60px; font-family: FragmentMono"">APQHTUCSU</p>","","","training","","","","","","",""
"null","null","html-keyboard-response","649","802269","0.0-21.0-0.75","69a5e91eee249ee63d49f9ca","69d7901e3430d13455efb336","69e63e7a8f895ea377fa11c9","<p style=""font-size: 60px; font-family: FragmentMono"">CFDTAUVIE</p>","","","training","","","","","","",""
"null","null","html-keyboard-response","650","803276","0.0-21.0-0.76","69a5e91eee249ee63d49f9ca","69d7901e3430d13455efb336","69e63e7a8f895ea377fa11c9","<p style=""font-size: 60px; font-family: FragmentMono"">XNJUAFN</p>","","","training","","","","","","",""
"null","null","html-keyboard-response","651","804280","0.0-21.0-0.77","69a5e91eee249ee63d49f9ca","69d7901e3430d13455efb336","69e63e7a8f895ea377fa11c9","<p style=""font-size: 60px; font-family: FragmentMono"">BIWIUVIE</p>","","","training","","","","","","",""
"null","null","html-keyboard-response","652","805283","0.0-21.0-0.78","69a5e91eee249ee63d49f9ca","69d7901e3430d13455efb336","69e63e7a8f895ea377fa11c9","<p style=""font-size: 60px; font-family: FragmentMono"">CQBFSWDRL</p>","","","training","","","","","","",""
"null","null","html-keyboard-response","653","806297","0.0-21.0-0.79","69a5e91eee249ee63d49f9ca","69d7901e3430d13455efb336","69e63e7a8f895ea377fa11c9","<p style=""font-size: 60px; font-family: FragmentMono"">WLXCMOKDV</p>","","","training","","","","","","",""
"12008"," ","html-keyboard-response","654","818306","0.0-22.0","69a5e91eee249ee63d49f9ca","69d7901e3430d13455efb336","69e63e7a8f895ea377fa11c9","<p style=""font-size: 30px"">Great! You've seen all the words that we received from space.</p>
      <p style=""font-size: 30px"">Press the spacebar when you're ready to continue.</p>","","","","","","","","","",""
"34757"," ","html-keyboard-response","655","853064","0.0-23.0","69a5e91eee249ee63d49f9ca","69d7901e3430d13455efb336","69e63e7a8f895ea377fa11c9","<p style=""font-size: 30px"">In this second part, you'll be given some words from a new communication from the same group of aliens, and others that belong to a communication from a different group of aliens. However, the two communications arrived at the same time, so the words are mixed up. Your task is to identify the words that belong to the same group of aliens as the communication you saw in the first part of the experiment.</p>
      <p style=""font-size: 30px"">This is a very tricky task, since both alien groups use the same characters. Your meeting with the world leaders starts very soon, so you won't have much time to decide; you need to work quickly. Try to do your best using your intuition; you don't have much time to spend thinking about each word.</p>
      <p style=""font-size: 30px"">Press <strong>k</strong> when you think that the word you're being shown is from the same group of aliens as before, and <strong>d</strong> when you think it's from a communication from the other alien group.</p><p>Press the spacebar when you're ready to begin.</p>","","","","","","","","","",""
"2577","d","html-keyboard-response","656","855641","0.0-24.0-0.0","69a5e91eee249ee63d49f9ca","69d7901e3430d13455efb336","69e63e7a8f895ea377fa11c9","<p style=""font-size: 30px;"">Does this word come from the alien group you studied previously?</p><br><p style=""font-size: 60px; font-family: FragmentMono"">PJRYOKDV<p style=""font-size: 15px"">Press <strong>k</strong> for yes, <strong>d</strong> for no.</p>","","","testing","PJRYOKDV","k","[""morphemeXmorpheme""]","false","","",""
"3110"," ","html-keyboard-response","657","858754","0.0-24.0-1.0-0.0","69a5e91eee249ee63d49f9ca","69d7901e3430d13455efb336","69e63e7a8f895ea377fa11c9","<p style=""font-size: 30px; color: red"">Careful! You were too slow for this word.</p>
      <p style=""font-size: 30px; color: red"">Try to be faster.</p><p></p><p>Press the spacebar to continue.</p>","","","","","","","","","",""
"1132","k","html-keyboard-response","658","859886","0.0-24.0-0.1","69a5e91eee249ee63d49f9ca","69d7901e3430d13455efb336","69e63e7a8f895ea377fa11c9","<p style=""font-size: 30px;"">Does this word come from the alien group you studied previously?</p><br><p style=""font-size: 60px; font-family: FragmentMono"">WLXCMBXKJ<p style=""font-size: 15px"">Press <strong>k</strong> for yes, <strong>d</strong> for no.</p>","","","testing","WLXCMBXKJ","k","[""morphemeXmorcode""]","true","","",""
"1100","k","html-keyboard-response","659","860987","0.0-24.0-0.2","69a5e91eee249ee63d49f9ca","69d7901e3430d13455efb336","69e63e7a8f895ea377fa11c9","<p style=""font-size: 30px;"">Does this word come from the alien group you studied previously?</p><br><p style=""font-size: 60px; font-family: FragmentMono"">FPKYQPMY<p style=""font-size: 15px"">Press <strong>k</strong> for yes, <strong>d</strong> for no.</p>","","","testing","FPKYQPMY","k","[""morphemeXmorcode""]","true","","",""
"929","d","html-keyboard-response","660","861917","0.0-24.0-0.3","69a5e91eee249ee63d49f9ca","69d7901e3430d13455efb336","69e63e7a8f895ea377fa11c9","<p style=""font-size: 30px"">&emsp;</p><br><p style=""font-size: 60px; font-family: FragmentMono"">PJRYOLHX<p style=""font-size: 15px"">Press <strong>k</strong> for yes, <strong>d</strong> for no.</p>","","","testing","PJRYOLHX","d","[""morphemeXmorpheme""]","true","","",""
"994","d","html-keyboard-response","661","862912","0.0-24.0-0.4","69a5e91eee249ee63d49f9ca","69d7901e3430d13455efb336","69e63e7a8f895ea377fa11c9","<p style=""font-size: 30px"">&emsp;</p><br><p style=""font-size: 60px; font-family: FragmentMono"">AEXFWDB<p style=""font-size: 15px"">Press <strong>k</strong> for yes, <strong>d</strong> for no.</p>","","","testing","AEXFWDB","k","[""morcodeXmorpheme""]","false","","",""
"983","d","html-keyboard-response","662","863895","0.0-24.0-0.5","69a5e91eee249ee63d49f9ca","69d7901e3430d13455efb336","69e63e7a8f895ea377fa11c9","<p style=""font-size: 30px"">&emsp;</p><br><p style=""font-size: 60px; font-family: FragmentMono"">XNJUUVIE<p style=""font-size: 15px"">Press <strong>k</strong> for yes, <strong>d</strong> for no.</p>","","","testing","XNJUUVIE","d","[""morphemeXmorpheme""]","true","","",""
"1233","d","html-keyboard-response","663","865129","0.0-24.0-0.6","69a5e91eee249ee63d49f9ca","69d7901e3430d13455efb336","69e63e7a8f895ea377fa11c9","<p style=""font-size: 30px"">&emsp;</p><br><p style=""font-size: 60px; font-family: FragmentMono"">OPFHSJBUD<p style=""font-size: 15px"">Press <strong>k</strong> for yes, <strong>d</strong> for no.</p>","","","testing","OPFHSJBUD","k","[""morphemeXmorcode""]","false","","",""
"933","k","html-keyboard-response","664","866063","0.0-24.0-0.7","69a5e91eee249ee63d49f9ca","69d7901e3430d13455efb336","69e63e7a8f895ea377fa11c9","<p style=""font-size: 30px"">&emsp;</p><br><p style=""font-size: 60px; font-family: FragmentMono"">XPWJFIFZB<p style=""font-size: 15px"">Press <strong>k</strong> for yes, <strong>d</strong> for no.</p>","","","testing","XPWJFIFZB","k","[""morphemeXmorcode""]","true","","",""
"1005","d","html-keyboard-response","665","867069","0.0-24.0-0.8","69a5e91eee249ee63d49f9ca","69d7901e3430d13455efb336","69e63e7a8f895ea377fa11c9","<p style=""font-size: 30px"">&emsp;</p><br><p style=""font-size: 60px; font-family: FragmentMono"">XUDJMAFN<p style=""font-size: 15px"">Press <strong>k</strong> for yes, <strong>d</strong> for no.</p>","","","testing","XUDJMAFN","k","[""morphemeXmorpheme""]","false","","",""
"1063","k","html-keyboard-response","666","868132","0.0-24.0-0.9","69a5e91eee249ee63d49f9ca","69d7901e3430d13455efb336","69e63e7a8f895ea377fa11c9","<p style=""font-size: 30px"">&emsp;</p><br><p style=""font-size: 60px; font-family: FragmentMono"">WBCHQAIT<p style=""font-size: 15px"">Press <strong>k</strong> for yes, <strong>d</strong> for no.</p>","","","testing","WBCHQAIT","k","[""morphemeXmorpheme""]","true","","",""
"1041","k","html-keyboard-response","667","869174","0.0-24.0-0.10","69a5e91eee249ee63d49f9ca","69d7901e3430d13455efb336","69e63e7a8f895ea377fa11c9","<p style=""font-size: 30px"">&emsp;</p><br><p style=""font-size: 60px; font-family: FragmentMono"">GQFHXWDRL<p style=""font-size: 15px"">Press <strong>k</strong> for yes, <strong>d</strong> for no.</p>","","","testing","GQFHXWDRL","k","[""morcodeXmorpheme""]","true","","",""
"882","d","html-keyboard-response","668","870057","0.0-24.0-0.11","69a5e91eee249ee63d49f9ca","69d7901e3430d13455efb336","69e63e7a8f895ea377fa11c9","<p style=""font-size: 30px"">&emsp;</p><br><p style=""font-size: 60px; font-family: FragmentMono"">ILGFUPMC<p style=""font-size: 15px"">Press <strong>k</strong> for yes, <strong>d</strong> for no.</p>","","","testing","ILGFUPMC","d","[""morcodeXmorcode""]","true","","",""
"926","k","html-keyboard-response","669","870983","0.0-24.0-0.12","69a5e91eee249ee63d49f9ca","69d7901e3430d13455efb336","69e63e7a8f895ea377fa11c9","<p style=""font-size: 30px"">&emsp;</p><br><p style=""font-size: 60px; font-family: FragmentMono"">NXGQGQAIT<p style=""font-size: 15px"">Press <strong>k</strong> for yes, <strong>d</strong> for no.</p>","","","testing","NXGQGQAIT","k","[""morcodeXmorpheme""]","true","","",""
"831","d","html-keyboard-response","670","871816","0.0-24.0-0.13","69a5e91eee249ee63d49f9ca","69d7901e3430d13455efb336","69e63e7a8f895ea377fa11c9","<p style=""font-size: 30px"">&emsp;</p><br><p style=""font-size: 60px; font-family: FragmentMono"">FPKYOLHX<p style=""font-size: 15px"">Press <strong>k</strong> for yes, <strong>d</strong> for no.</p>","","","testing","FPKYOLHX","k","[""morphemeXmorpheme""]","false","","",""
"922","k","html-keyboard-response","671","872738","0.0-24.0-0.14","69a5e91eee249ee63d49f9ca","69d7901e3430d13455efb336","69e63e7a8f895ea377fa11c9","<p style=""font-size: 30px"">&emsp;</p><br><p style=""font-size: 60px; font-family: FragmentMono"">EYLHQAIT<p style=""font-size: 15px"">Press <strong>k</strong> for yes, <strong>d</strong> for no.</p>","","","testing","EYLHQAIT","k","[""morcodeXmorpheme""]","true","","",""
"957","k","html-keyboard-response","672","873696","0.0-24.0-0.15","69a5e91eee249ee63d49f9ca","69d7901e3430d13455efb336","69e63e7a8f895ea377fa11c9","<p style=""font-size: 30px"">&emsp;</p><br><p style=""font-size: 60px; font-family: FragmentMono"">BNPNCWDRL<p style=""font-size: 15px"">Press <strong>k</strong> for yes, <strong>d</strong> for no.</p>","","","testing","BNPNCWDRL","k","[""morphemeXmorpheme""]","true","","",""
"747","d","html-keyboard-response","673","874445","0.0-24.0-0.16","69a5e91eee249ee63d49f9ca","69d7901e3430d13455efb336","69e63e7a8f895ea377fa11c9","<p style=""font-size: 30px"">&emsp;</p><br><p style=""font-size: 60px; font-family: FragmentMono"">HRDYPZKS<p style=""font-size: 15px"">Press <strong>k</strong> for yes, <strong>d</strong> for no.</p>","","","testing","HRDYPZKS","k","[""morphemeXmorcode""]","false","","",""
"755","k","html-keyboard-response","674","875201","0.0-24.0-0.17","69a5e91eee249ee63d49f9ca","69d7901e3430d13455efb336","69e63e7a8f895ea377fa11c9","<p style=""font-size: 30px"">&emsp;</p><br><p style=""font-size: 60px; font-family: FragmentMono"">IFHCWDB<p style=""font-size: 15px"">Press <strong>k</strong> for yes, <strong>d</strong> for no.</p>","","","testing","IFHCWDB","k","[""morcodeXmorpheme""]","true","","",""
"558","d","html-keyboard-response","675","875760","0.0-24.0-0.18","69a5e91eee249ee63d49f9ca","69d7901e3430d13455efb336","69e63e7a8f895ea377fa11c9","<p style=""font-size: 30px"">&emsp;</p><br><p style=""font-size: 60px; font-family: FragmentMono"">FDMJCCAVY<p style=""font-size: 15px"">Press <strong>k</strong> for yes, <strong>d</strong> for no.</p>","","","testing","FDMJCCAVY","d","[""morphemeXmorpheme""]","true","","",""
"518","d","html-keyboard-response","676","876279","0.0-24.0-0.19","69a5e91eee249ee63d49f9ca","69d7901e3430d13455efb336","69e63e7a8f895ea377fa11c9","<p style=""font-size: 30px"">&emsp;</p><br><p style=""font-size: 60px; font-family: FragmentMono"">AXFXZQYLK<p style=""font-size: 15px"">Press <strong>k</strong> for yes, <strong>d</strong> for no.</p>","","","testing","AXFXZQYLK","d","[""morcodeXmorcode""]","true","","",""
"815","k","html-keyboard-response","677","877095","0.0-24.0-0.20","69a5e91eee249ee63d49f9ca","69d7901e3430d13455efb336","69e63e7a8f895ea377fa11c9","<p style=""font-size: 30px"">&emsp;</p><br><p style=""font-size: 60px; font-family: FragmentMono"">BIWIWDB<p style=""font-size: 15px"">Press <strong>k</strong> for yes, <strong>d</strong> for no.</p>","","","testing","BIWIWDB","k","[""morphemeXmorpheme""]","true","","",""
"726","k","html-keyboard-response","678","877822","0.0-24.0-0.21","69a5e91eee249ee63d49f9ca","69d7901e3430d13455efb336","69e63e7a8f895ea377fa11c9","<p style=""font-size: 30px"">&emsp;</p><br><p style=""font-size: 60px; font-family: FragmentMono"">WLXCMWDRL<p style=""font-size: 15px"">Press <strong>k</strong> for yes, <strong>d</strong> for no.</p>","","","testing","WLXCMWDRL","d","[""morphemeXmorpheme""]","false","","",""
"608","d","html-keyboard-response","679","878431","0.0-24.0-0.22","69a5e91eee249ee63d49f9ca","69d7901e3430d13455efb336","69e63e7a8f895ea377fa11c9","<p style=""font-size: 30px"">&emsp;</p><br><p style=""font-size: 60px; font-family: FragmentMono"">UXVTINLQD<p style=""font-size: 15px"">Press <strong>k</strong> for yes, <strong>d</strong> for no.</p>","","","testing","UXVTINLQD","d","[""morcodeXmorcode""]","true","","",""
"561","d","html-keyboard-response","680","878994","0.0-24.0-0.23","69a5e91eee249ee63d49f9ca","69d7901e3430d13455efb336","69e63e7a8f895ea377fa11c9","<p style=""font-size: 30px"">&emsp;</p><br><p style=""font-size: 60px; font-family: FragmentMono"">QZBPVIRB<p style=""font-size: 15px"">Press <strong>k</strong> for yes, <strong>d</strong> for no.</p>","","","testing","QZBPVIRB","d","[""morcodeXmorcode""]","true","","",""
"676","k","html-keyboard-response","681","879670","0.0-24.0-0.24","69a5e91eee249ee63d49f9ca","69d7901e3430d13455efb336","69e63e7a8f895ea377fa11c9","<p style=""font-size: 30px"">&emsp;</p><br><p style=""font-size: 60px; font-family: FragmentMono"">POKJVRVJ<p style=""font-size: 15px"">Press <strong>k</strong> for yes, <strong>d</strong> for no.</p>","","","testing","POKJVRVJ","d","[""morcodeXmorcode""]","false","","",""
"587","d","html-keyboard-response","682","880258","0.0-24.0-0.25","69a5e91eee249ee63d49f9ca","69d7901e3430d13455efb336","69e63e7a8f895ea377fa11c9","<p style=""font-size: 30px"">&emsp;</p><br><p style=""font-size: 60px; font-family: FragmentMono"">PJRYGUVR<p style=""font-size: 15px"">Press <strong>k</strong> for yes, <strong>d</strong> for no.</p>","","","testing","PJRYGUVR","k","[""morphemeXmorcode""]","false","","",""
"825","d","html-keyboard-response","683","881085","0.0-24.0-0.26","69a5e91eee249ee63d49f9ca","69d7901e3430d13455efb336","69e63e7a8f895ea377fa11c9","<p style=""font-size: 30px"">&emsp;</p><br><p style=""font-size: 60px; font-family: FragmentMono"">VUWYKOLHX<p style=""font-size: 15px"">Press <strong>k</strong> for yes, <strong>d</strong> for no.</p>","","","testing","VUWYKOLHX","k","[""morcodeXmorpheme""]","false","","",""
"583","k","html-keyboard-response","684","881668","0.0-24.0-0.27","69a5e91eee249ee63d49f9ca","69d7901e3430d13455efb336","69e63e7a8f895ea377fa11c9","<p style=""font-size: 30px"">&emsp;</p><br><p style=""font-size: 60px; font-family: FragmentMono"">QANKYAKUM<p style=""font-size: 15px"">Press <strong>k</strong> for yes, <strong>d</strong> for no.</p>","","","testing","QANKYAKUM","d","[""morcodeXmorcode""]","false","","",""
"845","k","html-keyboard-response","685","882514","0.0-24.0-0.28","69a5e91eee249ee63d49f9ca","69d7901e3430d13455efb336","69e63e7a8f895ea377fa11c9","<p style=""font-size: 30px"">&emsp;</p><br><p style=""font-size: 60px; font-family: FragmentMono"">XBQDHQCB<p style=""font-size: 15px"">Press <strong>k</strong> for yes, <strong>d</strong> for no.</p>","","","testing","XBQDHQCB","d","[""morcodeXmorcode""]","false","","",""
"788","d","html-keyboard-response","686","883304","0.0-24.0-0.29","69a5e91eee249ee63d49f9ca","69d7901e3430d13455efb336","69e63e7a8f895ea377fa11c9","<p style=""font-size: 30px"">&emsp;</p><br><p style=""font-size: 60px; font-family: FragmentMono"">FZLFYAHE<p style=""font-size: 15px"">Press <strong>k</strong> for yes, <strong>d</strong> for no.</p>","","","testing","FZLFYAHE","d","[""morcodeXmorcode""]","true","","",""
"573","k","html-keyboard-response","687","883878","0.0-24.0-0.30","69a5e91eee249ee63d49f9ca","69d7901e3430d13455efb336","69e63e7a8f895ea377fa11c9","<p style=""font-size: 30px"">&emsp;</p><br><p style=""font-size: 60px; font-family: FragmentMono"">CYFTAFN<p style=""font-size: 15px"">Press <strong>k</strong> for yes, <strong>d</strong> for no.</p>","","","testing","CYFTAFN","k","[""morcodeXmorpheme""]","true","","",""
"735","k","html-keyboard-response","688","884614","0.0-24.0-0.31","69a5e91eee249ee63d49f9ca","69d7901e3430d13455efb336","69e63e7a8f895ea377fa11c9","<p style=""font-size: 30px"">&emsp;</p><br><p style=""font-size: 60px; font-family: FragmentMono"">BIWIRJMH<p style=""font-size: 15px"">Press <strong>k</strong> for yes, <strong>d</strong> for no.</p>","","","testing","BIWIRJMH","d","[""morphemeXmorpheme""]","false","","",""
"501","d","html-keyboard-response","689","885116","0.0-24.0-0.32","69a5e91eee249ee63d49f9ca","69d7901e3430d13455efb336","69e63e7a8f895ea377fa11c9","<p style=""font-size: 30px"">&emsp;</p><br><p style=""font-size: 60px; font-family: FragmentMono"">COMFVNRGJ<p style=""font-size: 15px"">Press <strong>k</strong> for yes, <strong>d</strong> for no.</p>","","","testing","COMFVNRGJ","d","[""morcodeXmorcode""]","true","","",""
"789","k","html-keyboard-response","690","885905","0.0-24.0-0.33","69a5e91eee249ee63d49f9ca","69d7901e3430d13455efb336","69e63e7a8f895ea377fa11c9","<p style=""font-size: 30px"">&emsp;</p><br><p style=""font-size: 60px; font-family: FragmentMono"">PHCHIKYNY<p style=""font-size: 15px"">Press <strong>k</strong> for yes, <strong>d</strong> for no.</p>","","","testing","PHCHIKYNY","d","[""morcodeXmorcode""]","false","","",""
"479","d","html-keyboard-response","691","886385","0.0-24.0-0.34","69a5e91eee249ee63d49f9ca","69d7901e3430d13455efb336","69e63e7a8f895ea377fa11c9","<p style=""font-size: 30px"">&emsp;</p><br><p style=""font-size: 60px; font-family: FragmentMono"">RCSCSZBTF<p style=""font-size: 15px"">Press <strong>k</strong> for yes, <strong>d</strong> for no.</p>","","","testing","RCSCSZBTF","d","[""morcodeXmorcode""]","true","","",""
"533","k","html-keyboard-response","692","886919","0.0-24.0-0.35","69a5e91eee249ee63d49f9ca","69d7901e3430d13455efb336","69e63e7a8f895ea377fa11c9","<p style=""font-size: 30px"">&emsp;</p><br><p style=""font-size: 60px; font-family: FragmentMono"">HRDYWDB<p style=""font-size: 15px"">Press <strong>k</strong> for yes, <strong>d</strong> for no.</p>","","","testing","HRDYWDB","d","[""morphemeXmorpheme""]","false","","",""
"541","k","html-keyboard-response","693","887461","0.0-24.0-0.36","69a5e91eee249ee63d49f9ca","69d7901e3430d13455efb336","69e63e7a8f895ea377fa11c9","<p style=""font-size: 30px"">&emsp;</p><br><p style=""font-size: 60px; font-family: FragmentMono"">IQYZYFHR<p style=""font-size: 15px"">Press <strong>k</strong> for yes, <strong>d</strong> for no.</p>","","","testing","IQYZYFHR","k","[""morphemeXmorcode""]","true","","",""
"665","d","html-keyboard-response","694","888127","0.0-24.0-0.37","69a5e91eee249ee63d49f9ca","69d7901e3430d13455efb336","69e63e7a8f895ea377fa11c9","<p style=""font-size: 30px"">&emsp;</p><br><p style=""font-size: 60px; font-family: FragmentMono"">MGALVBMT<p style=""font-size: 15px"">Press <strong>k</strong> for yes, <strong>d</strong> for no.</p>","","","testing","MGALVBMT","k","[""morphemeXmorcode""]","false","","",""
"791","k","html-keyboard-response","695","888919","0.0-24.0-0.38","69a5e91eee249ee63d49f9ca","69d7901e3430d13455efb336","69e63e7a8f895ea377fa11c9","<p style=""font-size: 30px"">&emsp;</p><br><p style=""font-size: 60px; font-family: FragmentMono"">JKGDQRJ<p style=""font-size: 15px"">Press <strong>k</strong> for yes, <strong>d</strong> for no.</p>","","","testing","JKGDQRJ","d","[""morcodeXmorcode""]","false","","",""
"391","d","html-keyboard-response","696","889311","0.0-24.0-0.39","69a5e91eee249ee63d49f9ca","69d7901e3430d13455efb336","69e63e7a8f895ea377fa11c9","<p style=""font-size: 30px"">&emsp;</p><br><p style=""font-size: 60px; font-family: FragmentMono"">XNJUWDRL<p style=""font-size: 15px"">Press <strong>k</strong> for yes, <strong>d</strong> for no.</p>","","","testing","XNJUWDRL","k","[""morphemeXmorpheme""]","false","","",""
"836","k","html-keyboard-response","697","890147","0.0-24.0-0.40","69a5e91eee249ee63d49f9ca","69d7901e3430d13455efb336","69e63e7a8f895ea377fa11c9","<p style=""font-size: 30px"">&emsp;</p><br><p style=""font-size: 60px; font-family: FragmentMono"">YIUGOWMF<p style=""font-size: 15px"">Press <strong>k</strong> for yes, <strong>d</strong> for no.</p>","","","testing","YIUGOWMF","d","[""morcodeXmorcode""]","false","","",""
"864","d","html-keyboard-response","698","891011","0.0-24.0-0.41","69a5e91eee249ee63d49f9ca","69d7901e3430d13455efb336","69e63e7a8f895ea377fa11c9","<p style=""font-size: 30px"">&emsp;</p><br><p style=""font-size: 60px; font-family: FragmentMono"">LSKRTEKU<p style=""font-size: 15px"">Press <strong>k</strong> for yes, <strong>d</strong> for no.</p>","","","testing","LSKRTEKU","d","[""morcodeXmorcode""]","true","","",""
"639","d","html-keyboard-response","699","891651","0.0-24.0-0.42","69a5e91eee249ee63d49f9ca","69d7901e3430d13455efb336","69e63e7a8f895ea377fa11c9","<p style=""font-size: 30px"">&emsp;</p><br><p style=""font-size: 60px; font-family: FragmentMono"">OGDSKJQV<p style=""font-size: 15px"">Press <strong>k</strong> for yes, <strong>d</strong> for no.</p>","","","testing","OGDSKJQV","k","[""morphemeXmorcode""]","false","","",""
"634","d","html-keyboard-response","700","892286","0.0-24.0-0.43","69a5e91eee249ee63d49f9ca","69d7901e3430d13455efb336","69e63e7a8f895ea377fa11c9","<p style=""font-size: 30px"">&emsp;</p><br><p style=""font-size: 60px; font-family: FragmentMono"">FDMJCQAIT<p style=""font-size: 15px"">Press <strong>k</strong> for yes, <strong>d</strong> for no.</p>","","","testing","FDMJCQAIT","k","[""morphemeXmorpheme""]","false","","",""
"923","d","html-keyboard-response","701","893210","0.0-24.0-0.44","69a5e91eee249ee63d49f9ca","69d7901e3430d13455efb336","69e63e7a8f895ea377fa11c9","<p style=""font-size: 30px"">&emsp;</p><br><p style=""font-size: 60px; font-family: FragmentMono"">IQYZWDB<p style=""font-size: 15px"">Press <strong>k</strong> for yes, <strong>d</strong> for no.</p>","","","testing","IQYZWDB","d","[""morphemeXmorpheme""]","true","","",""
"614","k","html-keyboard-response","702","893826","0.0-24.0-0.45","69a5e91eee249ee63d49f9ca","69d7901e3430d13455efb336","69e63e7a8f895ea377fa11c9","<p style=""font-size: 30px"">&emsp;</p><br><p style=""font-size: 60px; font-family: FragmentMono"">XPWJFOKDV<p style=""font-size: 15px"">Press <strong>k</strong> for yes, <strong>d</strong> for no.</p>","","","testing","XPWJFOKDV","d","[""morphemeXmorpheme""]","false","","",""
"862","k","html-keyboard-response","703","894689","0.0-24.0-0.46","69a5e91eee249ee63d49f9ca","69d7901e3430d13455efb336","69e63e7a8f895ea377fa11c9","<p style=""font-size: 30px"">&emsp;</p><br><p style=""font-size: 60px; font-family: FragmentMono"">BYCYRJMH<p style=""font-size: 15px"">Press <strong>k</strong> for yes, <strong>d</strong> for no.</p>","","","testing","BYCYRJMH","k","[""morcodeXmorpheme""]","true","","",""
"573","d","html-keyboard-response","704","895263","0.0-24.0-0.47","69a5e91eee249ee63d49f9ca","69d7901e3430d13455efb336","69e63e7a8f895ea377fa11c9","<p style=""font-size: 30px"">&emsp;</p><br><p style=""font-size: 60px; font-family: FragmentMono"">OXVJLNOQI<p style=""font-size: 15px"">Press <strong>k</strong> for yes, <strong>d</strong> for no.</p>","","","testing","OXVJLNOQI","d","[""morcodeXmorcode""]","true","","",""
"499","k","html-keyboard-response","705","895762","0.0-24.0-0.48","69a5e91eee249ee63d49f9ca","69d7901e3430d13455efb336","69e63e7a8f895ea377fa11c9","<p style=""font-size: 30px"">&emsp;</p><br><p style=""font-size: 60px; font-family: FragmentMono"">CQBFSBZE<p style=""font-size: 15px"">Press <strong>k</strong> for yes, <strong>d</strong> for no.</p>","","","testing","CQBFSBZE","k","[""morphemeXmorcode""]","true","","",""
"775","k","html-keyboard-response","706","896537","0.0-24.0-0.49","69a5e91eee249ee63d49f9ca","69d7901e3430d13455efb336","69e63e7a8f895ea377fa11c9","<p style=""font-size: 30px"">&emsp;</p><br><p style=""font-size: 60px; font-family: FragmentMono"">QTYRQXGCB<p style=""font-size: 15px"">Press <strong>k</strong> for yes, <strong>d</strong> for no.</p>","","","testing","QTYRQXGCB","d","[""morcodeXmorcode""]","false","","",""
"610","d","html-keyboard-response","707","897148","0.0-24.0-0.50","69a5e91eee249ee63d49f9ca","69d7901e3430d13455efb336","69e63e7a8f895ea377fa11c9","<p style=""font-size: 30px"">&emsp;</p><br><p style=""font-size: 60px; font-family: FragmentMono"">UMGWZRT<p style=""font-size: 15px"">Press <strong>k</strong> for yes, <strong>d</strong> for no.</p>","","","testing","UMGWZRT","d","[""morcodeXmorcode""]","true","","",""
"941","d","html-keyboard-response","708","898090","0.0-24.0-0.51","69a5e91eee249ee63d49f9ca","69d7901e3430d13455efb336","69e63e7a8f895ea377fa11c9","<p style=""font-size: 30px"">&emsp;</p><br><p style=""font-size: 60px; font-family: FragmentMono"">PWAQAKZUO<p style=""font-size: 15px"">Press <strong>k</strong> for yes, <strong>d</strong> for no.</p>","","","testing","PWAQAKZUO","d","[""morcodeXmorcode""]","true","","",""
"725","d","html-keyboard-response","709","898815","0.0-24.0-0.52","69a5e91eee249ee63d49f9ca","69d7901e3430d13455efb336","69e63e7a8f895ea377fa11c9","<p style=""font-size: 30px"">&emsp;</p><br><p style=""font-size: 60px; font-family: FragmentMono"">VEWGCHB<p style=""font-size: 15px"">Press <strong>k</strong> for yes, <strong>d</strong> for no.</p>","","","testing","VEWGCHB","d","[""morcodeXmorcode""]","true","","",""
"572","k","html-keyboard-response","710","899388","0.0-24.0-0.53","69a5e91eee249ee63d49f9ca","69d7901e3430d13455efb336","69e63e7a8f895ea377fa11c9","<p style=""font-size: 30px"">&emsp;</p><br><p style=""font-size: 60px; font-family: FragmentMono"">OZDZNZE<p style=""font-size: 15px"">Press <strong>k</strong> for yes, <strong>d</strong> for no.</p>","","","testing","OZDZNZE","d","[""morcodeXmorcode""]","false","","",""
"905","d","html-keyboard-response","711","900294","0.0-24.0-0.54","69a5e91eee249ee63d49f9ca","69d7901e3430d13455efb336","69e63e7a8f895ea377fa11c9","<p style=""font-size: 30px"">&emsp;</p><br><p style=""font-size: 60px; font-family: FragmentMono"">UXWLVMIX<p style=""font-size: 15px"">Press <strong>k</strong> for yes, <strong>d</strong> for no.</p>","","","testing","UXWLVMIX","k","[""morphemeXmorcode""]","false","","",""
"492","k","html-keyboard-response","712","900787","0.0-24.0-0.55","69a5e91eee249ee63d49f9ca","69d7901e3430d13455efb336","69e63e7a8f895ea377fa11c9","<p style=""font-size: 30px"">&emsp;</p><br><p style=""font-size: 60px; font-family: FragmentMono"">MGALAFN<p style=""font-size: 15px"">Press <strong>k</strong> for yes, <strong>d</strong> for no.</p>","","","testing","MGALAFN","d","[""morphemeXmorpheme""]","false","","",""
"567","d","html-keyboard-response","713","901355","0.0-24.0-0.56","69a5e91eee249ee63d49f9ca","69d7901e3430d13455efb336","69e63e7a8f895ea377fa11c9","<p style=""font-size: 30px"">&emsp;</p><br><p style=""font-size: 60px; font-family: FragmentMono"">NQEFMISLN<p style=""font-size: 15px"">Press <strong>k</strong> for yes, <strong>d</strong> for no.</p>","","","testing","NQEFMISLN","d","[""morcodeXmorcode""]","true","","",""
"552","d","html-keyboard-response","714","901908","0.0-24.0-0.57","69a5e91eee249ee63d49f9ca","69d7901e3430d13455efb336","69e63e7a8f895ea377fa11c9","<p style=""font-size: 30px"">&emsp;</p><br><p style=""font-size: 60px; font-family: FragmentMono"">OWMFBVLT<p style=""font-size: 15px"">Press <strong>k</strong> for yes, <strong>d</strong> for no.</p>","","","testing","OWMFBVLT","d","[""morcodeXmorcode""]","true","","",""
"641","k","html-keyboard-response","715","902549","0.0-24.0-0.58","69a5e91eee249ee63d49f9ca","69d7901e3430d13455efb336","69e63e7a8f895ea377fa11c9","<p style=""font-size: 30px"">&emsp;</p><br><p style=""font-size: 60px; font-family: FragmentMono"">BNPNCUVIE<p style=""font-size: 15px"">Press <strong>k</strong> for yes, <strong>d</strong> for no.</p>","","","testing","BNPNCUVIE","d","[""morphemeXmorpheme""]","false","","",""
"668","k","html-keyboard-response","716","903218","0.0-24.0-0.59","69a5e91eee249ee63d49f9ca","69d7901e3430d13455efb336","69e63e7a8f895ea377fa11c9","<p style=""font-size: 30px"">&emsp;</p><br><p style=""font-size: 60px; font-family: FragmentMono"">XUDJMSVN<p style=""font-size: 15px"">Press <strong>k</strong> for yes, <strong>d</strong> for no.</p>","","","testing","XUDJMSVN","k","[""morphemeXmorcode""]","true","","",""
"451","d","html-keyboard-response","717","903670","0.0-24.0-0.60","69a5e91eee249ee63d49f9ca","69d7901e3430d13455efb336","69e63e7a8f895ea377fa11c9","<p style=""font-size: 30px"">&emsp;</p><br><p style=""font-size: 60px; font-family: FragmentMono"">XPWJFOLHX<p style=""font-size: 15px"">Press <strong>k</strong> for yes, <strong>d</strong> for no.</p>","","","testing","XPWJFOLHX","k","[""morphemeXmorpheme""]","false","","",""
"470","d","html-keyboard-response","718","904140","0.0-24.0-0.61","69a5e91eee249ee63d49f9ca","69d7901e3430d13455efb336","69e63e7a8f895ea377fa11c9","<p style=""font-size: 30px"">&emsp;</p><br><p style=""font-size: 60px; font-family: FragmentMono"">TGNLWMSD<p style=""font-size: 15px"">Press <strong>k</strong> for yes, <strong>d</strong> for no.</p>","","","testing","TGNLWMSD","k","[""morphemeXmorcode""]","false","","",""
"876","d","html-keyboard-response","719","905017","0.0-24.0-0.62","69a5e91eee249ee63d49f9ca","69d7901e3430d13455efb336","69e63e7a8f895ea377fa11c9","<p style=""font-size: 30px"">&emsp;</p><br><p style=""font-size: 60px; font-family: FragmentMono"">NKMTBWXL<p style=""font-size: 15px"">Press <strong>k</strong> for yes, <strong>d</strong> for no.</p>","","","testing","NKMTBWXL","d","[""morcodeXmorcode""]","true","","",""
"530","k","html-keyboard-response","720","905547","0.0-24.0-0.63","69a5e91eee249ee63d49f9ca","69d7901e3430d13455efb336","69e63e7a8f895ea377fa11c9","<p style=""font-size: 30px"">&emsp;</p><br><p style=""font-size: 60px; font-family: FragmentMono"">IDCMUAEXJ<p style=""font-size: 15px"">Press <strong>k</strong> for yes, <strong>d</strong> for no.</p>","","","testing","IDCMUAEXJ","d","[""morcodeXmorcode""]","false","","",""
"616","k","html-keyboard-response","721","906164","0.0-24.0-0.64","69a5e91eee249ee63d49f9ca","69d7901e3430d13455efb336","69e63e7a8f895ea377fa11c9","<p style=""font-size: 30px"">&emsp;</p><br><p style=""font-size: 60px; font-family: FragmentMono"">OGPGLPZOU<p style=""font-size: 15px"">Press <strong>k</strong> for yes, <strong>d</strong> for no.</p>","","","testing","OGPGLPZOU","d","[""morcodeXmorcode""]","false","","",""
"1322","k","html-keyboard-response","722","907487","0.0-24.0-0.65","69a5e91eee249ee63d49f9ca","69d7901e3430d13455efb336","69e63e7a8f895ea377fa11c9","<p style=""font-size: 30px"">&emsp;</p><br><p style=""font-size: 60px; font-family: FragmentMono"">VRIHBZKY<p style=""font-size: 15px"">Press <strong>k</strong> for yes, <strong>d</strong> for no.</p>","","","testing","VRIHBZKY","d","[""morcodeXmorcode""]","false","","",""
"724","k","html-keyboard-response","723","908212","0.0-24.0-0.66","69a5e91eee249ee63d49f9ca","69d7901e3430d13455efb336","69e63e7a8f895ea377fa11c9","<p style=""font-size: 30px"">&emsp;</p><br><p style=""font-size: 60px; font-family: FragmentMono"">OPFHSQAIT<p style=""font-size: 15px"">Press <strong>k</strong> for yes, <strong>d</strong> for no.</p>","","","testing","OPFHSQAIT","d","[""morphemeXmorpheme""]","false","","",""
"713","k","html-keyboard-response","724","908926","0.0-24.0-0.67","69a5e91eee249ee63d49f9ca","69d7901e3430d13455efb336","69e63e7a8f895ea377fa11c9","<p style=""font-size: 30px"">&emsp;</p><br><p style=""font-size: 60px; font-family: FragmentMono"">UXWLAFN<p style=""font-size: 15px"">Press <strong>k</strong> for yes, <strong>d</strong> for no.</p>","","","testing","UXWLAFN","d","[""morphemeXmorpheme""]","false","","",""
"426","d","html-keyboard-response","725","909353","0.0-24.0-0.68","69a5e91eee249ee63d49f9ca","69d7901e3430d13455efb336","69e63e7a8f895ea377fa11c9","<p style=""font-size: 30px"">&emsp;</p><br><p style=""font-size: 60px; font-family: FragmentMono"">MGALUCSU<p style=""font-size: 15px"">Press <strong>k</strong> for yes, <strong>d</strong> for no.</p>","","","testing","MGALUCSU","k","[""morphemeXmorpheme""]","false","","",""
"992","k","html-keyboard-response","726","910345","0.0-24.0-0.69","69a5e91eee249ee63d49f9ca","69d7901e3430d13455efb336","69e63e7a8f895ea377fa11c9","<p style=""font-size: 30px"">&emsp;</p><br><p style=""font-size: 60px; font-family: FragmentMono"">DRNXRUHUZ<p style=""font-size: 15px"">Press <strong>k</strong> for yes, <strong>d</strong> for no.</p>","","","testing","DRNXRUHUZ","d","[""morcodeXmorcode""]","false","","",""
"661","d","html-keyboard-response","727","911006","0.0-24.0-0.70","69a5e91eee249ee63d49f9ca","69d7901e3430d13455efb336","69e63e7a8f895ea377fa11c9","<p style=""font-size: 30px"">&emsp;</p><br><p style=""font-size: 60px; font-family: FragmentMono"">UXJCOKDV<p style=""font-size: 15px"">Press <strong>k</strong> for yes, <strong>d</strong> for no.</p>","","","testing","UXJCOKDV","k","[""morcodeXmorpheme""]","false","","",""
"659","k","html-keyboard-response","728","911665","0.0-24.0-0.71","69a5e91eee249ee63d49f9ca","69d7901e3430d13455efb336","69e63e7a8f895ea377fa11c9","<p style=""font-size: 30px"">&emsp;</p><br><p style=""font-size: 60px; font-family: FragmentMono"">BRTJCWDRL<p style=""font-size: 15px"">Press <strong>k</strong> for yes, <strong>d</strong> for no.</p>","","","testing","BRTJCWDRL","k","[""morcodeXmorpheme""]","true","","",""
"966","d","html-keyboard-response","729","912632","0.0-24.0-0.72","69a5e91eee249ee63d49f9ca","69d7901e3430d13455efb336","69e63e7a8f895ea377fa11c9","<p style=""font-size: 30px"">&emsp;</p><br><p style=""font-size: 60px; font-family: FragmentMono"">KZUOJXPX<p style=""font-size: 15px"">Press <strong>k</strong> for yes, <strong>d</strong> for no.</p>","","","testing","KZUOJXPX","d","[""morcodeXmorcode""]","true","","",""
"561","k","html-keyboard-response","730","913194","0.0-24.0-0.73","69a5e91eee249ee63d49f9ca","69d7901e3430d13455efb336","69e63e7a8f895ea377fa11c9","<p style=""font-size: 30px"">&emsp;</p><br><p style=""font-size: 60px; font-family: FragmentMono"">INMOUVIE<p style=""font-size: 15px"">Press <strong>k</strong> for yes, <strong>d</strong> for no.</p>","","","testing","INMOUVIE","k","[""morcodeXmorpheme""]","true","","",""
"757","k","html-keyboard-response","731","913952","0.0-24.0-0.74","69a5e91eee249ee63d49f9ca","69d7901e3430d13455efb336","69e63e7a8f895ea377fa11c9","<p style=""font-size: 30px"">&emsp;</p><br><p style=""font-size: 60px; font-family: FragmentMono"">FPKYOKDV<p style=""font-size: 15px"">Press <strong>k</strong> for yes, <strong>d</strong> for no.</p>","","","testing","FPKYOKDV","d","[""morphemeXmorpheme""]","false","","",""
"663","k","html-keyboard-response","732","914616","0.0-24.0-0.75","69a5e91eee249ee63d49f9ca","69d7901e3430d13455efb336","69e63e7a8f895ea377fa11c9","<p style=""font-size: 30px"">&emsp;</p><br><p style=""font-size: 60px; font-family: FragmentMono"">WLXCMUVIE<p style=""font-size: 15px"">Press <strong>k</strong> for yes, <strong>d</strong> for no.</p>","","","testing","WLXCMUVIE","k","[""morphemeXmorpheme""]","true","","",""
"503","d","html-keyboard-response","733","915119","0.0-24.0-0.76","69a5e91eee249ee63d49f9ca","69d7901e3430d13455efb336","69e63e7a8f895ea377fa11c9","<p style=""font-size: 30px"">&emsp;</p><br><p style=""font-size: 60px; font-family: FragmentMono"">IQYZRJMH<p style=""font-size: 15px"">Press <strong>k</strong> for yes, <strong>d</strong> for no.</p>","","","testing","IQYZRJMH","k","[""morphemeXmorpheme""]","false","","",""
"515","k","html-keyboard-response","734","915635","0.0-24.0-0.77","69a5e91eee249ee63d49f9ca","69d7901e3430d13455efb336","69e63e7a8f895ea377fa11c9","<p style=""font-size: 30px"">&emsp;</p><br><p style=""font-size: 60px; font-family: FragmentMono"">AFVRFLHQ<p style=""font-size: 15px"">Press <strong>k</strong> for yes, <strong>d</strong> for no.</p>","","","testing","AFVRFLHQ","d","[""morcodeXmorcode""]","false","","",""
"592","k","html-keyboard-response","735","916228","0.0-24.0-0.78","69a5e91eee249ee63d49f9ca","69d7901e3430d13455efb336","69e63e7a8f895ea377fa11c9","<p style=""font-size: 30px"">&emsp;</p><br><p style=""font-size: 60px; font-family: FragmentMono"">CQBFSAFN<p style=""font-size: 15px"">Press <strong>k</strong> for yes, <strong>d</strong> for no.</p>","","","testing","CQBFSAFN","k","[""morphemeXmorpheme""]","true","","",""
"342","d","html-keyboard-response","736","916570","0.0-24.0-0.79","69a5e91eee249ee63d49f9ca","69d7901e3430d13455efb336","69e63e7a8f895ea377fa11c9","<p style=""font-size: 30px"">&emsp;</p><br><p style=""font-size: 60px; font-family: FragmentMono"">APQHTCQMO<p style=""font-size: 15px"">Press <strong>k</strong> for yes, <strong>d</strong> for no.</p>","","","testing","APQHTCQMO","k","[""morphemeXmorcode""]","false","","",""
"492","k","html-keyboard-response","737","917063","0.0-24.0-0.80","69a5e91eee249ee63d49f9ca","69d7901e3430d13455efb336","69e63e7a8f895ea377fa11c9","<p style=""font-size: 30px"">&emsp;</p><br><p style=""font-size: 60px; font-family: FragmentMono"">WBCHZSPY<p style=""font-size: 15px"">Press <strong>k</strong> for yes, <strong>d</strong> for no.</p>","","","testing","WBCHZSPY","k","[""morphemeXmorcode""]","true","","",""
"752","k","html-keyboard-response","738","917816","0.0-24.0-0.81","69a5e91eee249ee63d49f9ca","69d7901e3430d13455efb336","69e63e7a8f895ea377fa11c9","<p style=""font-size: 30px"">&emsp;</p><br><p style=""font-size: 60px; font-family: FragmentMono"">XUDJMUCSU<p style=""font-size: 15px"">Press <strong>k</strong> for yes, <strong>d</strong> for no.</p>","","","testing","XUDJMUCSU","d","[""morphemeXmorpheme""]","false","","",""
"458","k","html-keyboard-response","739","918276","0.0-24.0-0.82","69a5e91eee249ee63d49f9ca","69d7901e3430d13455efb336","69e63e7a8f895ea377fa11c9","<p style=""font-size: 30px"">&emsp;</p><br><p style=""font-size: 60px; font-family: FragmentMono"">APQHTUVIE<p style=""font-size: 15px"">Press <strong>k</strong> for yes, <strong>d</strong> for no.</p>","","","testing","APQHTUVIE","k","[""morphemeXmorpheme""]","true","","",""
"393","d","html-keyboard-response","740","918669","0.0-24.0-0.83","69a5e91eee249ee63d49f9ca","69d7901e3430d13455efb336","69e63e7a8f895ea377fa11c9","<p style=""font-size: 30px"">&emsp;</p><br><p style=""font-size: 60px; font-family: FragmentMono"">JZUIEUCSU<p style=""font-size: 15px"">Press <strong>k</strong> for yes, <strong>d</strong> for no.</p>","","","testing","JZUIEUCSU","k","[""morcodeXmorpheme""]","false","","",""
"763","d","html-keyboard-response","741","919433","0.0-24.0-0.84","69a5e91eee249ee63d49f9ca","69d7901e3430d13455efb336","69e63e7a8f895ea377fa11c9","<p style=""font-size: 30px"">&emsp;</p><br><p style=""font-size: 60px; font-family: FragmentMono"">UYZYCAVY<p style=""font-size: 15px"">Press <strong>k</strong> for yes, <strong>d</strong> for no.</p>","","","testing","UYZYCAVY","k","[""morcodeXmorpheme""]","false","","",""
"462","k","html-keyboard-response","742","919896","0.0-24.0-0.85","69a5e91eee249ee63d49f9ca","69d7901e3430d13455efb336","69e63e7a8f895ea377fa11c9","<p style=""font-size: 30px"">&emsp;</p><br><p style=""font-size: 60px; font-family: FragmentMono"">DRBWWOXA<p style=""font-size: 15px"">Press <strong>k</strong> for yes, <strong>d</strong> for no.</p>","","","testing","DRBWWOXA","d","[""morcodeXmorcode""]","false","","",""
"574","k","html-keyboard-response","743","920471","0.0-24.0-0.86","69a5e91eee249ee63d49f9ca","69d7901e3430d13455efb336","69e63e7a8f895ea377fa11c9","<p style=""font-size: 30px"">&emsp;</p><br><p style=""font-size: 60px; font-family: FragmentMono"">RUOSFKQRK<p style=""font-size: 15px"">Press <strong>k</strong> for yes, <strong>d</strong> for no.</p>","","","testing","RUOSFKQRK","d","[""morcodeXmorcode""]","false","","",""
"451","d","html-keyboard-response","744","920922","0.0-24.0-0.87","69a5e91eee249ee63d49f9ca","69d7901e3430d13455efb336","69e63e7a8f895ea377fa11c9","<p style=""font-size: 30px"">&emsp;</p><br><p style=""font-size: 60px; font-family: FragmentMono"">CFDTAYNQY<p style=""font-size: 15px"">Press <strong>k</strong> for yes, <strong>d</strong> for no.</p>","","","testing","CFDTAYNQY","k","[""morphemeXmorcode""]","false","","",""
"518","d","html-keyboard-response","745","921441","0.0-24.0-0.88","69a5e91eee249ee63d49f9ca","69d7901e3430d13455efb336","69e63e7a8f895ea377fa11c9","<p style=""font-size: 30px"">&emsp;</p><br><p style=""font-size: 60px; font-family: FragmentMono"">OGDSKWDB<p style=""font-size: 15px"">Press <strong>k</strong> for yes, <strong>d</strong> for no.</p>","","","testing","OGDSKWDB","k","[""morphemeXmorpheme""]","false","","",""
"492","k","html-keyboard-response","746","921935","0.0-24.0-0.89","69a5e91eee249ee63d49f9ca","69d7901e3430d13455efb336","69e63e7a8f895ea377fa11c9","<p style=""font-size: 30px"">&emsp;</p><br><p style=""font-size: 60px; font-family: FragmentMono"">TGNLQAIT<p style=""font-size: 15px"">Press <strong>k</strong> for yes, <strong>d</strong> for no.</p>","","","testing","TGNLQAIT","d","[""morphemeXmorpheme""]","false","","",""
"504","k","html-keyboard-response","747","922439","0.0-24.0-0.90","69a5e91eee249ee63d49f9ca","69d7901e3430d13455efb336","69e63e7a8f895ea377fa11c9","<p style=""font-size: 30px"">&emsp;</p><br><p style=""font-size: 60px; font-family: FragmentMono"">JPXFAFN<p style=""font-size: 15px"">Press <strong>k</strong> for yes, <strong>d</strong> for no.</p>","","","testing","JPXFAFN","k","[""morcodeXmorpheme""]","true","","",""
"600","k","html-keyboard-response","748","923040","0.0-24.0-0.91","69a5e91eee249ee63d49f9ca","69d7901e3430d13455efb336","69e63e7a8f895ea377fa11c9","<p style=""font-size: 30px"">&emsp;</p><br><p style=""font-size: 60px; font-family: FragmentMono"">BNPNCBABT<p style=""font-size: 15px"">Press <strong>k</strong> for yes, <strong>d</strong> for no.</p>","","","testing","BNPNCBABT","k","[""morphemeXmorcode""]","true","","",""
"237","d","html-keyboard-response","749","923278","0.0-24.0-0.92","69a5e91eee249ee63d49f9ca","69d7901e3430d13455efb336","69e63e7a8f895ea377fa11c9","<p style=""font-size: 30px"">&emsp;</p><br><p style=""font-size: 60px; font-family: FragmentMono"">NPVHKTFRZ<p style=""font-size: 15px"">Press <strong>k</strong> for yes, <strong>d</strong> for no.</p>","","","testing","NPVHKTFRZ","d","[""morcodeXmorcode""]","true","","",""
"786","d","html-keyboard-response","750","924064","0.0-24.0-0.93","69a5e91eee249ee63d49f9ca","69d7901e3430d13455efb336","69e63e7a8f895ea377fa11c9","<p style=""font-size: 30px"">&emsp;</p><br><p style=""font-size: 60px; font-family: FragmentMono"">EKCYGRJMH<p style=""font-size: 15px"">Press <strong>k</strong> for yes, <strong>d</strong> for no.</p>","","","testing","EKCYGRJMH","k","[""morcodeXmorpheme""]","false","","",""
"399","k","html-keyboard-response","751","924464","0.0-24.0-0.94","69a5e91eee249ee63d49f9ca","69d7901e3430d13455efb336","69e63e7a8f895ea377fa11c9","<p style=""font-size: 30px"">&emsp;</p><br><p style=""font-size: 60px; font-family: FragmentMono"">EPKSOLHX<p style=""font-size: 15px"">Press <strong>k</strong> for yes, <strong>d</strong> for no.</p>","","","testing","EPKSOLHX","k","[""morcodeXmorpheme""]","true","","",""
"346","k","html-keyboard-response","752","924810","0.0-24.0-0.95","69a5e91eee249ee63d49f9ca","69d7901e3430d13455efb336","69e63e7a8f895ea377fa11c9","<p style=""font-size: 30px"">&emsp;</p><br><p style=""font-size: 60px; font-family: FragmentMono"">LOVBOSQL<p style=""font-size: 15px"">Press <strong>k</strong> for yes, <strong>d</strong> for no.</p>","","","testing","LOVBOSQL","d","[""morcodeXmorcode""]","false","","",""
"795","d","html-keyboard-response","753","925605","0.0-24.0-0.96","69a5e91eee249ee63d49f9ca","69d7901e3430d13455efb336","69e63e7a8f895ea377fa11c9","<p style=""font-size: 30px"">&emsp;</p><br><p style=""font-size: 60px; font-family: FragmentMono"">CQBFSUCSU<p style=""font-size: 15px"">Press <strong>k</strong> for yes, <strong>d</strong> for no.</p>","","","testing","CQBFSUCSU","d","[""morphemeXmorpheme""]","true","","",""
"516","k","html-keyboard-response","754","926121","0.0-24.0-0.97","69a5e91eee249ee63d49f9ca","69d7901e3430d13455efb336","69e63e7a8f895ea377fa11c9","<p style=""font-size: 30px"">&emsp;</p><br><p style=""font-size: 60px; font-family: FragmentMono"">XNJUJCPA<p style=""font-size: 15px"">Press <strong>k</strong> for yes, <strong>d</strong> for no.</p>","","","testing","XNJUJCPA","k","[""morphemeXmorcode""]","true","","",""
"593","d","html-keyboard-response","755","926714","0.0-24.0-0.98","69a5e91eee249ee63d49f9ca","69d7901e3430d13455efb336","69e63e7a8f895ea377fa11c9","<p style=""font-size: 30px"">&emsp;</p><br><p style=""font-size: 60px; font-family: FragmentMono"">HVFDAUCSU<p style=""font-size: 15px"">Press <strong>k</strong> for yes, <strong>d</strong> for no.</p>","","","testing","HVFDAUCSU","k","[""morcodeXmorpheme""]","false","","",""
"547","d","html-keyboard-response","756","927262","0.0-24.0-0.99","69a5e91eee249ee63d49f9ca","69d7901e3430d13455efb336","69e63e7a8f895ea377fa11c9","<p style=""font-size: 30px"">&emsp;</p><br><p style=""font-size: 60px; font-family: FragmentMono"">CFDTAOLHX<p style=""font-size: 15px"">Press <strong>k</strong> for yes, <strong>d</strong> for no.</p>","","","testing","CFDTAOLHX","d","[""morphemeXmorpheme""]","true","","",""
"833","d","html-keyboard-response","757","928096","0.0-24.0-0.100","69a5e91eee249ee63d49f9ca","69d7901e3430d13455efb336","69e63e7a8f895ea377fa11c9","<p style=""font-size: 30px"">&emsp;</p><br><p style=""font-size: 60px; font-family: FragmentMono"">XVELSOKDV<p style=""font-size: 15px"">Press <strong>k</strong> for yes, <strong>d</strong> for no.</p>","","","testing","XVELSOKDV","k","[""morcodeXmorpheme""]","false","","",""
"818","d","html-keyboard-response","758","928915","0.0-24.0-0.101","69a5e91eee249ee63d49f9ca","69d7901e3430d13455efb336","69e63e7a8f895ea377fa11c9","<p style=""font-size: 30px"">&emsp;</p><br><p style=""font-size: 60px; font-family: FragmentMono"">RGWFWUVIE<p style=""font-size: 15px"">Press <strong>k</strong> for yes, <strong>d</strong> for no.</p>","","","testing","RGWFWUVIE","k","[""morcodeXmorpheme""]","false","","",""
"630","k","html-keyboard-response","759","929546","0.0-24.0-0.102","69a5e91eee249ee63d49f9ca","69d7901e3430d13455efb336","69e63e7a8f895ea377fa11c9","<p style=""font-size: 30px"">&emsp;</p><br><p style=""font-size: 60px; font-family: FragmentMono"">OPFHSCAVY<p style=""font-size: 15px"">Press <strong>k</strong> for yes, <strong>d</strong> for no.</p>","","","testing","OPFHSCAVY","k","[""morphemeXmorpheme""]","true","","",""
"403","k","html-keyboard-response","760","929950","0.0-24.0-0.103","69a5e91eee249ee63d49f9ca","69d7901e3430d13455efb336","69e63e7a8f895ea377fa11c9","<p style=""font-size: 30px"">&emsp;</p><br><p style=""font-size: 60px; font-family: FragmentMono"">JBNIQFTP<p style=""font-size: 15px"">Press <strong>k</strong> for yes, <strong>d</strong> for no.</p>","","","testing","JBNIQFTP","d","[""morcodeXmorcode""]","false","","",""
"1325","k","html-keyboard-response","761","931276","0.0-24.0-0.104","69a5e91eee249ee63d49f9ca","69d7901e3430d13455efb336","69e63e7a8f895ea377fa11c9","<p style=""font-size: 30px"">&emsp;</p><br><p style=""font-size: 60px; font-family: FragmentMono"">FDMJCZOWZ<p style=""font-size: 15px"">Press <strong>k</strong> for yes, <strong>d</strong> for no.</p>","","","testing","FDMJCZOWZ","k","[""morphemeXmorcode""]","true","","",""
"521","k","html-keyboard-response","762","931798","0.0-24.0-0.105","69a5e91eee249ee63d49f9ca","69d7901e3430d13455efb336","69e63e7a8f895ea377fa11c9","<p style=""font-size: 30px"">&emsp;</p><br><p style=""font-size: 60px; font-family: FragmentMono"">HRDYRJMH<p style=""font-size: 15px"">Press <strong>k</strong> for yes, <strong>d</strong> for no.</p>","","","testing","HRDYRJMH","k","[""morphemeXmorpheme""]","true","","",""
"554","k","html-keyboard-response","763","932353","0.0-24.0-0.106","69a5e91eee249ee63d49f9ca","69d7901e3430d13455efb336","69e63e7a8f895ea377fa11c9","<p style=""font-size: 30px"">&emsp;</p><br><p style=""font-size: 60px; font-family: FragmentMono"">WBCHCAVY<p style=""font-size: 15px"">Press <strong>k</strong> for yes, <strong>d</strong> for no.</p>","","","testing","WBCHCAVY","d","[""morphemeXmorpheme""]","false","","",""
"454","d","html-keyboard-response","764","932808","0.0-24.0-0.107","69a5e91eee249ee63d49f9ca","69d7901e3430d13455efb336","69e63e7a8f895ea377fa11c9","<p style=""font-size: 30px"">&emsp;</p><br><p style=""font-size: 60px; font-family: FragmentMono"">LQUJOFWLC<p style=""font-size: 15px"">Press <strong>k</strong> for yes, <strong>d</strong> for no.</p>","","","testing","LQUJOFWLC","d","[""morcodeXmorcode""]","true","","",""
"608","d","html-keyboard-response","765","933417","0.0-24.0-0.108","69a5e91eee249ee63d49f9ca","69d7901e3430d13455efb336","69e63e7a8f895ea377fa11c9","<p style=""font-size: 30px"">&emsp;</p><br><p style=""font-size: 60px; font-family: FragmentMono"">CFDTAOKDV<p style=""font-size: 15px"">Press <strong>k</strong> for yes, <strong>d</strong> for no.</p>","","","testing","CFDTAOKDV","k","[""morphemeXmorpheme""]","false","","",""
"376","k","html-keyboard-response","766","933794","0.0-24.0-0.109","69a5e91eee249ee63d49f9ca","69d7901e3430d13455efb336","69e63e7a8f895ea377fa11c9","<p style=""font-size: 30px"">&emsp;</p><br><p style=""font-size: 60px; font-family: FragmentMono"">UXWLUCSU<p style=""font-size: 15px"">Press <strong>k</strong> for yes, <strong>d</strong> for no.</p>","","","testing","UXWLUCSU","k","[""morphemeXmorpheme""]","true","","",""
"566","k","html-keyboard-response","767","934361","0.0-24.0-0.110","69a5e91eee249ee63d49f9ca","69d7901e3430d13455efb336","69e63e7a8f895ea377fa11c9","<p style=""font-size: 30px"">&emsp;</p><br><p style=""font-size: 60px; font-family: FragmentMono"">VNJVSCAVY<p style=""font-size: 15px"">Press <strong>k</strong> for yes, <strong>d</strong> for no.</p>","","","testing","VNJVSCAVY","k","[""morcodeXmorpheme""]","true","","",""
"511","d","html-keyboard-response","768","934873","0.0-24.0-0.111","69a5e91eee249ee63d49f9ca","69d7901e3430d13455efb336","69e63e7a8f895ea377fa11c9","<p style=""font-size: 30px"">&emsp;</p><br><p style=""font-size: 60px; font-family: FragmentMono"">APQHTWDRL<p style=""font-size: 15px"">Press <strong>k</strong> for yes, <strong>d</strong> for no.</p>","","","testing","APQHTWDRL","d","[""morphemeXmorpheme""]","true","","",""
"433","k","html-keyboard-response","769","935307","0.0-24.0-0.112","69a5e91eee249ee63d49f9ca","69d7901e3430d13455efb336","69e63e7a8f895ea377fa11c9","<p style=""font-size: 30px"">&emsp;</p><br><p style=""font-size: 60px; font-family: FragmentMono"">BIWIEYX<p style=""font-size: 15px"">Press <strong>k</strong> for yes, <strong>d</strong> for no.</p>","","","testing","BIWIEYX","k","[""morphemeXmorcode""]","true","","",""
"560","d","html-keyboard-response","770","935867","0.0-24.0-0.113","69a5e91eee249ee63d49f9ca","69d7901e3430d13455efb336","69e63e7a8f895ea377fa11c9","<p style=""font-size: 30px"">&emsp;</p><br><p style=""font-size: 60px; font-family: FragmentMono"">OGDSKRJMH<p style=""font-size: 15px"">Press <strong>k</strong> for yes, <strong>d</strong> for no.</p>","","","testing","OGDSKRJMH","d","[""morphemeXmorpheme""]","true","","",""
"361","k","html-keyboard-response","771","936229","0.0-24.0-0.114","69a5e91eee249ee63d49f9ca","69d7901e3430d13455efb336","69e63e7a8f895ea377fa11c9","<p style=""font-size: 30px"">&emsp;</p><br><p style=""font-size: 60px; font-family: FragmentMono"">TQITTSL<p style=""font-size: 15px"">Press <strong>k</strong> for yes, <strong>d</strong> for no.</p>","","","testing","TQITTSL","d","[""morcodeXmorcode""]","false","","",""
"442","k","html-keyboard-response","772","936671","0.0-24.0-0.115","69a5e91eee249ee63d49f9ca","69d7901e3430d13455efb336","69e63e7a8f895ea377fa11c9","<p style=""font-size: 30px"">&emsp;</p><br><p style=""font-size: 60px; font-family: FragmentMono"">WZUYTUWNP<p style=""font-size: 15px"">Press <strong>k</strong> for yes, <strong>d</strong> for no.</p>","","","testing","WZUYTUWNP","d","[""morcodeXmorcode""]","false","","",""
"505","k","html-keyboard-response","773","937177","0.0-24.0-0.116","69a5e91eee249ee63d49f9ca","69d7901e3430d13455efb336","69e63e7a8f895ea377fa11c9","<p style=""font-size: 30px"">&emsp;</p><br><p style=""font-size: 60px; font-family: FragmentMono"">DXLISNUX<p style=""font-size: 15px"">Press <strong>k</strong> for yes, <strong>d</strong> for no.</p>","","","testing","DXLISNUX","d","[""morcodeXmorcode""]","false","","",""
"359","d","html-keyboard-response","774","937537","0.0-24.0-0.117","69a5e91eee249ee63d49f9ca","69d7901e3430d13455efb336","69e63e7a8f895ea377fa11c9","<p style=""font-size: 30px"">&emsp;</p><br><p style=""font-size: 60px; font-family: FragmentMono"">OWJBCPLQ<p style=""font-size: 15px"">Press <strong>k</strong> for yes, <strong>d</strong> for no.</p>","","","testing","OWJBCPLQ","d","[""morcodeXmorcode""]","true","","",""
"715","d","html-keyboard-response","775","938252","0.0-24.0-0.118","69a5e91eee249ee63d49f9ca","69d7901e3430d13455efb336","69e63e7a8f895ea377fa11c9","<p style=""font-size: 30px"">&emsp;</p><br><p style=""font-size: 60px; font-family: FragmentMono"">TGNLCAVY<p style=""font-size: 15px"">Press <strong>k</strong> for yes, <strong>d</strong> for no.</p>","","","testing","TGNLCAVY","k","[""morphemeXmorpheme""]","false","","",""
"368","k","html-keyboard-response","776","938621","0.0-24.0-0.119","69a5e91eee249ee63d49f9ca","69d7901e3430d13455efb336","69e63e7a8f895ea377fa11c9","<p style=""font-size: 30px"">&emsp;</p><br><p style=""font-size: 60px; font-family: FragmentMono"">KSBZJVXB<p style=""font-size: 15px"">Press <strong>k</strong> for yes, <strong>d</strong> for no.</p>","","","testing","KSBZJVXB","d","[""morcodeXmorcode""]","false","","",""
"24505","{""testing_strategy"":""See if I recognize the words in any way""}","survey-html-form","777","963128","0.0-25.0","69a5e91eee249ee63d49f9ca","69d7901e3430d13455efb336","69e63e7a8f895ea377fa11c9","","","","","","","","","","",""
"15830"," ","html-keyboard-response","778","978958","0.0-26.0","69a5e91eee249ee63d49f9ca","69d7901e3430d13455efb336","69e63e7a8f895ea377fa11c9","<p style=""font-size: 30px"">You've made it to the meeting on time, fantastic! The world leaders want to write a message back to the aliens, and need you to help them recognise which letter combinations you saw in their language. You'll have the choice between 2 letter combinations: one which was in the communication you saw, and one that wasn't. It's important to be friendly with these aliens, so it's important that you make the right choice!</p>
      <p style=""font-size: 30px"">Press <strong>d</strong> if you think that the letter combination on the <strong>left</strong> is the one you saw, or <strong>k</strong> if you think that it's the one on the <strong>right</strong>.</p>
      <p style=""font-size: 30px"">Press the spacebar when you're ready to begin.</p>","","","","","","","","","",""
"3277","k","html-keyboard-response","779","982236","0.0-27.0-0.0","69a5e91eee249ee63d49f9ca","69d7901e3430d13455efb336","69e63e7a8f895ea377fa11c9","<p style=""font-size: 30px;"">Which letter combination have you already seen?</p><br><p style=""font-size: 60px; font-family: FragmentMono"">RJMH&emsp;&emsp;&emsp;&emsp;SQBU<p style=""font-size: 15px"">Press <strong>d</strong> for this letter combination&emsp;&emsp;&emsp;&emsp;&emsp;&emsp;&emsp;&emsp;&emsp;&emsp;&emsp;Press <strong>k</strong> for this letter combination</p>","","","familiarity","","d","","false","RJMH","SQBU",""
"1282","d","html-keyboard-response","780","983518","0.0-27.0-0.1","69a5e91eee249ee63d49f9ca","69d7901e3430d13455efb336","69e63e7a8f895ea377fa11c9","<p style=""font-size: 30px;"">Which letter combination have you already seen?</p><br><p style=""font-size: 60px; font-family: FragmentMono"">IQYZ&emsp;&emsp;&emsp;&emsp;XMYC<p style=""font-size: 15px"">Press <strong>d</strong> for this letter combination&emsp;&emsp;&emsp;&emsp;&emsp;&emsp;&emsp;&emsp;&emsp;&emsp;&emsp;Press <strong>k</strong> for this letter combination</p>","","","familiarity","","d","","true","IQYZ","XMYC",""
"1741","d","html-keyboard-response","781","985260","0.0-27.0-0.2","69a5e91eee249ee63d49f9ca","69d7901e3430d13455efb336","69e63e7a8f895ea377fa11c9","<p style=""font-size: 30px;"">Which letter combination have you already seen?</p><br><p style=""font-size: 60px; font-family: FragmentMono"">BWVF&emsp;&emsp;&emsp;&emsp;UVIE<p style=""font-size: 15px"">Press <strong>d</strong> for this letter combination&emsp;&emsp;&emsp;&emsp;&emsp;&emsp;&emsp;&emsp;&emsp;&emsp;&emsp;Press <strong>k</strong> for this letter combination</p>","","","familiarity","","k","","false","UVIE","BWVF",""
"1512","d","html-keyboard-response","782","986773","0.0-27.0-0.3","69a5e91eee249ee63d49f9ca","69d7901e3430d13455efb336","69e63e7a8f895ea377fa11c9","<p style=""font-size: 30px"">&emsp;</p><br><p style=""font-size: 60px; font-family: FragmentMono"">OPFHS&emsp;&emsp;&emsp;&emsp;HECNW<p style=""font-size: 15px"">Press <strong>d</strong> for this letter combination&emsp;&emsp;&emsp;&emsp;&emsp;&emsp;&emsp;&emsp;&emsp;&emsp;Press <strong>k</strong> for this letter combination</p>","","","familiarity","","d","","true","OPFHS","HECNW",""
"1964","k","html-keyboard-response","783","988738","0.0-27.0-0.4","69a5e91eee249ee63d49f9ca","69d7901e3430d13455efb336","69e63e7a8f895ea377fa11c9","<p style=""font-size: 30px"">&emsp;</p><br><p style=""font-size: 60px; font-family: FragmentMono"">MYZN&emsp;&emsp;&emsp;&emsp;OLHX<p style=""font-size: 15px"">Press <strong>d</strong> for this letter combination&emsp;&emsp;&emsp;&emsp;&emsp;&emsp;&emsp;&emsp;&emsp;&emsp;Press <strong>k</strong> for this letter combination</p>","","","familiarity","","k","","true","OLHX","MYZN",""
"1710","d","html-keyboard-response","784","990448","0.0-27.0-0.5","69a5e91eee249ee63d49f9ca","69d7901e3430d13455efb336","69e63e7a8f895ea377fa11c9","<p style=""font-size: 30px"">&emsp;</p><br><p style=""font-size: 60px; font-family: FragmentMono"">FPKY&emsp;&emsp;&emsp;&emsp;EQVF<p style=""font-size: 15px"">Press <strong>d</strong> for this letter combination&emsp;&emsp;&emsp;&emsp;&emsp;&emsp;&emsp;&emsp;&emsp;&emsp;Press <strong>k</strong> for this letter combination</p>","","","familiarity","","d","","true","FPKY","EQVF",""
"1504","k","html-keyboard-response","785","991953","0.0-27.0-0.6","69a5e91eee249ee63d49f9ca","69d7901e3430d13455efb336","69e63e7a8f895ea377fa11c9","<p style=""font-size: 30px"">&emsp;</p><br><p style=""font-size: 60px; font-family: FragmentMono"">OEJAX&emsp;&emsp;&emsp;&emsp;WLXCM<p style=""font-size: 15px"">Press <strong>d</strong> for this letter combination&emsp;&emsp;&emsp;&emsp;&emsp;&emsp;&emsp;&emsp;&emsp;&emsp;Press <strong>k</strong> for this letter combination</p>","","","familiarity","","k","","true","WLXCM","OEJAX",""
"1483","k","html-keyboard-response","786","993437","0.0-27.0-0.7","69a5e91eee249ee63d49f9ca","69d7901e3430d13455efb336","69e63e7a8f895ea377fa11c9","<p style=""font-size: 30px"">&emsp;</p><br><p style=""font-size: 60px; font-family: FragmentMono"">ISPW&emsp;&emsp;&emsp;&emsp;XNJU<p style=""font-size: 15px"">Press <strong>d</strong> for this letter combination&emsp;&emsp;&emsp;&emsp;&emsp;&emsp;&emsp;&emsp;&emsp;&emsp;Press <strong>k</strong> for this letter combination</p>","","","familiarity","","k","","true","XNJU","ISPW",""
"2384","d","html-keyboard-response","787","995821","0.0-27.0-0.8","69a5e91eee249ee63d49f9ca","69d7901e3430d13455efb336","69e63e7a8f895ea377fa11c9","<p style=""font-size: 30px"">&emsp;</p><br><p style=""font-size: 60px; font-family: FragmentMono"">WBCH&emsp;&emsp;&emsp;&emsp;QRBJ<p style=""font-size: 15px"">Press <strong>d</strong> for this letter combination&emsp;&emsp;&emsp;&emsp;&emsp;&emsp;&emsp;&emsp;&emsp;&emsp;Press <strong>k</strong> for this letter combination</p>","","","familiarity","","d","","true","WBCH","QRBJ",""
"1025","d","html-keyboard-response","788","996847","0.0-27.0-0.9","69a5e91eee249ee63d49f9ca","69d7901e3430d13455efb336","69e63e7a8f895ea377fa11c9","<p style=""font-size: 30px"">&emsp;</p><br><p style=""font-size: 60px; font-family: FragmentMono"">XPWJF&emsp;&emsp;&emsp;&emsp;REAHU<p style=""font-size: 15px"">Press <strong>d</strong> for this letter combination&emsp;&emsp;&emsp;&emsp;&emsp;&emsp;&emsp;&emsp;&emsp;&emsp;Press <strong>k</strong> for this letter combination</p>","","","familiarity","","d","","true","XPWJF","REAHU",""
"1287","d","html-keyboard-response","789","998135","0.0-27.0-0.10","69a5e91eee249ee63d49f9ca","69d7901e3430d13455efb336","69e63e7a8f895ea377fa11c9","<p style=""font-size: 30px"">&emsp;</p><br><p style=""font-size: 60px; font-family: FragmentMono"">RMPE&emsp;&emsp;&emsp;&emsp;TGNL<p style=""font-size: 15px"">Press <strong>d</strong> for this letter combination&emsp;&emsp;&emsp;&emsp;&emsp;&emsp;&emsp;&emsp;&emsp;&emsp;Press <strong>k</strong> for this letter combination</p>","","","familiarity","","k","","false","TGNL","RMPE",""
"1633","d","html-keyboard-response","790","999768","0.0-27.0-0.11","69a5e91eee249ee63d49f9ca","69d7901e3430d13455efb336","69e63e7a8f895ea377fa11c9","<p style=""font-size: 30px"">&emsp;</p><br><p style=""font-size: 60px; font-family: FragmentMono"">XRJW&emsp;&emsp;&emsp;&emsp;UXWL<p style=""font-size: 15px"">Press <strong>d</strong> for this letter combination&emsp;&emsp;&emsp;&emsp;&emsp;&emsp;&emsp;&emsp;&emsp;&emsp;Press <strong>k</strong> for this letter combination</p>","","","familiarity","","k","","false","UXWL","XRJW",""
"1594","k","html-keyboard-response","791","1001362","0.0-27.0-0.12","69a5e91eee249ee63d49f9ca","69d7901e3430d13455efb336","69e63e7a8f895ea377fa11c9","<p style=""font-size: 30px"">&emsp;</p><br><p style=""font-size: 60px; font-family: FragmentMono"">CQBFS&emsp;&emsp;&emsp;&emsp;WFQNZ<p style=""font-size: 15px"">Press <strong>d</strong> for this letter combination&emsp;&emsp;&emsp;&emsp;&emsp;&emsp;&emsp;&emsp;&emsp;&emsp;Press <strong>k</strong> for this letter combination</p>","","","familiarity","","d","","false","CQBFS","WFQNZ",""
"1555","d","html-keyboard-response","792","1002917","0.0-27.0-0.13","69a5e91eee249ee63d49f9ca","69d7901e3430d13455efb336","69e63e7a8f895ea377fa11c9","<p style=""font-size: 30px"">&emsp;</p><br><p style=""font-size: 60px; font-family: FragmentMono"">WMZMM&emsp;&emsp;&emsp;&emsp;OGDSK<p style=""font-size: 15px"">Press <strong>d</strong> for this letter combination&emsp;&emsp;&emsp;&emsp;&emsp;&emsp;&emsp;&emsp;&emsp;&emsp;Press <strong>k</strong> for this letter combination</p>","","","familiarity","","k","","false","OGDSK","WMZMM",""
"1634","d","html-keyboard-response","793","1004552","0.0-27.0-0.14","69a5e91eee249ee63d49f9ca","69d7901e3430d13455efb336","69e63e7a8f895ea377fa11c9","<p style=""font-size: 30px"">&emsp;</p><br><p style=""font-size: 60px; font-family: FragmentMono"">OMPF&emsp;&emsp;&emsp;&emsp;HRDY<p style=""font-size: 15px"">Press <strong>d</strong> for this letter combination&emsp;&emsp;&emsp;&emsp;&emsp;&emsp;&emsp;&emsp;&emsp;&emsp;Press <strong>k</strong> for this letter combination</p>","","","familiarity","","k","","false","HRDY","OMPF",""
"1954","k","html-keyboard-response","794","1006508","0.0-27.0-0.15","69a5e91eee249ee63d49f9ca","69d7901e3430d13455efb336","69e63e7a8f895ea377fa11c9","<p style=""font-size: 30px"">&emsp;</p><br><p style=""font-size: 60px; font-family: FragmentMono"">CFDTA&emsp;&emsp;&emsp;&emsp;UNYZC<p style=""font-size: 15px"">Press <strong>d</strong> for this letter combination&emsp;&emsp;&emsp;&emsp;&emsp;&emsp;&emsp;&emsp;&emsp;&emsp;Press <strong>k</strong> for this letter combination</p>","","","familiarity","","d","","false","CFDTA","UNYZC",""
"2428","d","html-keyboard-response","795","1008937","0.0-27.0-0.16","69a5e91eee249ee63d49f9ca","69d7901e3430d13455efb336","69e63e7a8f895ea377fa11c9","<p style=""font-size: 30px"">&emsp;</p><br><p style=""font-size: 60px; font-family: FragmentMono"">CQPCO&emsp;&emsp;&emsp;&emsp;XUDJM<p style=""font-size: 15px"">Press <strong>d</strong> for this letter combination&emsp;&emsp;&emsp;&emsp;&emsp;&emsp;&emsp;&emsp;&emsp;&emsp;Press <strong>k</strong> for this letter combination</p>","","","familiarity","","k","","false","XUDJM","CQPCO",""
"1428","k","html-keyboard-response","796","1010365","0.0-27.0-0.17","69a5e91eee249ee63d49f9ca","69d7901e3430d13455efb336","69e63e7a8f895ea377fa11c9","<p style=""font-size: 30px"">&emsp;</p><br><p style=""font-size: 60px; font-family: FragmentMono"">OKDV&emsp;&emsp;&emsp;&emsp;TGZX<p style=""font-size: 15px"">Press <strong>d</strong> for this letter combination&emsp;&emsp;&emsp;&emsp;&emsp;&emsp;&emsp;&emsp;&emsp;&emsp;Press <strong>k</strong> for this letter combination</p>","","","familiarity","","d","","false","OKDV","TGZX",""
"888","d","html-keyboard-response","797","1011253","0.0-27.0-0.18","69a5e91eee249ee63d49f9ca","69d7901e3430d13455efb336","69e63e7a8f895ea377fa11c9","<p style=""font-size: 30px"">&emsp;</p><br><p style=""font-size: 60px; font-family: FragmentMono"">DEIQ&emsp;&emsp;&emsp;&emsp;BIWI<p style=""font-size: 15px"">Press <strong>d</strong> for this letter combination&emsp;&emsp;&emsp;&emsp;&emsp;&emsp;&emsp;&emsp;&emsp;&emsp;Press <strong>k</strong> for this letter combination</p>","","","familiarity","","k","","false","BIWI","DEIQ",""
"1445","d","html-keyboard-response","798","1012699","0.0-27.0-0.19","69a5e91eee249ee63d49f9ca","69d7901e3430d13455efb336","69e63e7a8f895ea377fa11c9","<p style=""font-size: 30px"">&emsp;</p><br><p style=""font-size: 60px; font-family: FragmentMono"">CAMU&emsp;&emsp;&emsp;&emsp;QAIT<p style=""font-size: 15px"">Press <strong>d</strong> for this letter combination&emsp;&emsp;&emsp;&emsp;&emsp;&emsp;&emsp;&emsp;&emsp;&emsp;Press <strong>k</strong> for this letter combination</p>","","","familiarity","","k","","false","QAIT","CAMU",""
"1330","k","html-keyboard-response","799","1014030","0.0-27.0-0.20","69a5e91eee249ee63d49f9ca","69d7901e3430d13455efb336","69e63e7a8f895ea377fa11c9","<p style=""font-size: 30px"">&emsp;</p><br><p style=""font-size: 60px; font-family: FragmentMono"">SXD&emsp;&emsp;&emsp;&emsp;WDB<p style=""font-size: 15px"">Press <strong>d</strong> for this letter combination&emsp;&emsp;&emsp;&emsp;&emsp;&emsp;&emsp;&emsp;&emsp;&emsp;Press <strong>k</strong> for this letter combination</p>","","","familiarity","","k","","true","WDB","SXD",""
"1458","d","html-keyboard-response","800","1015488","0.0-27.0-0.21","69a5e91eee249ee63d49f9ca","69d7901e3430d13455efb336","69e63e7a8f895ea377fa11c9","<p style=""font-size: 30px"">&emsp;</p><br><p style=""font-size: 60px; font-family: FragmentMono"">CAVY&emsp;&emsp;&emsp;&emsp;JEGI<p style=""font-size: 15px"">Press <strong>d</strong> for this letter combination&emsp;&emsp;&emsp;&emsp;&emsp;&emsp;&emsp;&emsp;&emsp;&emsp;Press <strong>k</strong> for this letter combination</p>","","","familiarity","","d","","true","CAVY","JEGI",""
"969","k","html-keyboard-response","801","1016458","0.0-27.0-0.22","69a5e91eee249ee63d49f9ca","69d7901e3430d13455efb336","69e63e7a8f895ea377fa11c9","<p style=""font-size: 30px"">&emsp;</p><br><p style=""font-size: 60px; font-family: FragmentMono"">MGAL&emsp;&emsp;&emsp;&emsp;JGFH<p style=""font-size: 15px"">Press <strong>d</strong> for this letter combination&emsp;&emsp;&emsp;&emsp;&emsp;&emsp;&emsp;&emsp;&emsp;&emsp;Press <strong>k</strong> for this letter combination</p>","","","familiarity","","d","","false","MGAL","JGFH",""
"1916","k","html-keyboard-response","802","1018375","0.0-27.0-0.23","69a5e91eee249ee63d49f9ca","69d7901e3430d13455efb336","69e63e7a8f895ea377fa11c9","<p style=""font-size: 30px"">&emsp;</p><br><p style=""font-size: 60px; font-family: FragmentMono"">PJRY&emsp;&emsp;&emsp;&emsp;VFCG<p style=""font-size: 15px"">Press <strong>d</strong> for this letter combination&emsp;&emsp;&emsp;&emsp;&emsp;&emsp;&emsp;&emsp;&emsp;&emsp;Press <strong>k</strong> for this letter combination</p>","","","familiarity","","d","","false","PJRY","VFCG",""
"1224","k","html-keyboard-response","803","1019601","0.0-27.0-0.24","69a5e91eee249ee63d49f9ca","69d7901e3430d13455efb336","69e63e7a8f895ea377fa11c9","<p style=""font-size: 30px"">&emsp;</p><br><p style=""font-size: 60px; font-family: FragmentMono"">WYZ&emsp;&emsp;&emsp;&emsp;AFN<p style=""font-size: 15px"">Press <strong>d</strong> for this letter combination&emsp;&emsp;&emsp;&emsp;&emsp;&emsp;&emsp;&emsp;&emsp;&emsp;Press <strong>k</strong> for this letter combination</p>","","","familiarity","","k","","true","AFN","WYZ",""
"910","d","html-keyboard-response","804","1020512","0.0-27.0-0.25","69a5e91eee249ee63d49f9ca","69d7901e3430d13455efb336","69e63e7a8f895ea377fa11c9","<p style=""font-size: 30px"">&emsp;</p><br><p style=""font-size: 60px; font-family: FragmentMono"">APQHT&emsp;&emsp;&emsp;&emsp;FHICD<p style=""font-size: 15px"">Press <strong>d</strong> for this letter combination&emsp;&emsp;&emsp;&emsp;&emsp;&emsp;&emsp;&emsp;&emsp;&emsp;Press <strong>k</strong> for this letter combination</p>","","","familiarity","","d","","true","APQHT","FHICD",""
"897","d","html-keyboard-response","805","1021410","0.0-27.0-0.26","69a5e91eee249ee63d49f9ca","69d7901e3430d13455efb336","69e63e7a8f895ea377fa11c9","<p style=""font-size: 30px"">&emsp;</p><br><p style=""font-size: 60px; font-family: FragmentMono"">WDRL&emsp;&emsp;&emsp;&emsp;QETU<p style=""font-size: 15px"">Press <strong>d</strong> for this letter combination&emsp;&emsp;&emsp;&emsp;&emsp;&emsp;&emsp;&emsp;&emsp;&emsp;Press <strong>k</strong> for this letter combination</p>","","","familiarity","","d","","true","WDRL","QETU",""
"1234","d","html-keyboard-response","806","1022645","0.0-27.0-0.27","69a5e91eee249ee63d49f9ca","69d7901e3430d13455efb336","69e63e7a8f895ea377fa11c9","<p style=""font-size: 30px"">&emsp;</p><br><p style=""font-size: 60px; font-family: FragmentMono"">NJLI&emsp;&emsp;&emsp;&emsp;UCSU<p style=""font-size: 15px"">Press <strong>d</strong> for this letter combination&emsp;&emsp;&emsp;&emsp;&emsp;&emsp;&emsp;&emsp;&emsp;&emsp;Press <strong>k</strong> for this letter combination</p>","","","familiarity","","k","","false","UCSU","NJLI",""
"804","d","html-keyboard-response","807","1023449","0.0-27.0-0.28","69a5e91eee249ee63d49f9ca","69d7901e3430d13455efb336","69e63e7a8f895ea377fa11c9","<p style=""font-size: 30px"">&emsp;</p><br><p style=""font-size: 60px; font-family: FragmentMono"">FDMJC&emsp;&emsp;&emsp;&emsp;LNPQV<p style=""font-size: 15px"">Press <strong>d</strong> for this letter combination&emsp;&emsp;&emsp;&emsp;&emsp;&emsp;&emsp;&emsp;&emsp;&emsp;Press <strong>k</strong> for this letter combination</p>","","","familiarity","","d","","true","FDMJC","LNPQV",""
"719","k","html-keyboard-response","808","1024169","0.0-27.0-0.29","69a5e91eee249ee63d49f9ca","69d7901e3430d13455efb336","69e63e7a8f895ea377fa11c9","<p style=""font-size: 30px"">&emsp;</p><br><p style=""font-size: 60px; font-family: FragmentMono"">CELFX&emsp;&emsp;&emsp;&emsp;BNPNC<p style=""font-size: 15px"">Press <strong>d</strong> for this letter combination&emsp;&emsp;&emsp;&emsp;&emsp;&emsp;&emsp;&emsp;&emsp;&emsp;Press <strong>k</strong> for this letter combination</p>","","","familiarity","","k","","true","BNPNC","CELFX",""
"3509"," ","html-keyboard-response","809","1027679","0.0-28.0","69a5e91eee249ee63d49f9ca","69d7901e3430d13455efb336","69e63e7a8f895ea377fa11c9","<p style=""font-size: 30px"">Thank you for your help deciphering these alien communications! In this final part, we'd like you to answer the following questions on your history, use, proficiency, and attitudes towards your own languages.</p>
      <p style=""font-size: 30px"">The questionnaire contains 19 questions and will take only 10 minutes. Please answer every question honestly: this way we'll be able to guarantee a good outcome for this experiment.</p>
      <p style=""font-size: 30px"">Press the spacebar to begin.</p>","","","","","","","","","",""
"40006","{""Age"":""18"",""Gender"":""Woman"",""Education"":""HighSchool"",""L1"":""Dutch"",""L2"":""English"",""L3"":""n/a"",""L4"":""n/a"",""otherLs"":""Yes""}","survey-html-form","810","1067687","0.0-29.0","69a5e91eee249ee63d49f9ca","69d7901e3430d13455efb336","69e63e7a8f895ea377fa11c9","","","","","","","","","","","bio_info"
"60989","{""AoAL1"":""0"",""AoAL2"":""4"",""AoEaseL1"":""0"",""AoEaseL2"":""8"",""yearsEduL1"":""12"",""yearsEduL2"":""12"",""yearsCountryL1"":""18"",""yearsCountryL2"":""18"",""yearsFamilyL1"":""18"",""yearsFamilyL2"":""18"",""yearsWorkL1"":""18"",""yearsWorkL2"":""10""}","survey-html-form","811","1128687","0.0-30.0","69a5e91eee249ee63d49f9ca","69d7901e3430d13455efb336","69e63e7a8f895ea377fa11c9","","","","","","","","","","","history_info"
"31578","{""PercFriendsL1"":""100"",""PercFriendsL2"":""0"",""PercFamilyL1"":""100"",""PercFamilyL2"":""0"",""PercWorkL1"":""90"",""PercWorkL2"":""10"",""PercSelfL1"":""70"",""PercSelfL2"":""30"",""PercCountL1"":""80"",""PercCountL2"":""20""}","survey-html-form","812","1160271","0.0-31.0-0.0-0.0","69a5e91eee249ee63d49f9ca","69d7901e3430d13455efb336","69e63e7a8f895ea377fa11c9","","","","","","","","","","","use_info"
"21034","{""ProfSpeakL1"":""6"",""ProfSpeakL2"":""6"",""ProfUnderstandL1"":""6"",""ProfUnderstandL2"":""6"",""ProfReadL1"":""6"",""ProfReadL2"":""6"",""AttentionL1"":""2"",""AttentionL2"":""2"",""ProfWriteL1"":""5"",""ProfWriteL2"":""5""}","survey-html-form","813","1181311","0.0-32.0","69a5e91eee249ee63d49f9ca","69d7901e3430d13455efb336","69e63e7a8f895ea377fa11c9","","","","","","","","","","","proficiency_info"
"22472","{""AttSelfL1"":""6"",""AttSelfL2"":""6"",""AttCultureL1"":""6"",""AttCultureL2"":""6"",""AttNativeLevelL1"":""6"",""AttNativeLevelL2"":""4"",""AttMothertongueL1"":""6"",""AttMothertongueL2"":""5""}","survey-html-form","814","1203786","0.0-33.0","69a5e91eee249ee63d49f9ca","69d7901e3430d13455efb336","69e63e7a8f895ea377fa11c9","","","","","","","","","","","attitudes_info"
"7510"," ","html-keyboard-response","815","1211297","0.0-34.0","69a5e91eee249ee63d49f9ca","69d7901e3430d13455efb336","69e63e7a8f895ea377fa11c9","<p style=""font-size: 30px""><u>Goal of the study:</u> This experiment intends to test if people with more experience with more languages are more capable of unconsciously processing statistical information of new words. The alien words you saw at the beginning of the study belonged to two different languages, and this difference was displayed in how word parts were assembled together. Thank you for your participation!</p>
      <p style=""font-size: 30px"">Data upload will take a few seconds. Please wait briefly, then you will be redirected to Prolific with your completion code. Press any key now to do so.</p>","","","","","","","","","",""
