"rt","response","trial_type","trial_index","time_elapsed","internal_node_id","subject_id","study_id","session_id","stimulus","question_order","success","task","item","correct_response","testing_condition","correct","target","confound","name"
"3628","{""ID"":""669d0b18e3a1ae0b5f7571ef""}","survey-html-form","0","3631","0.0-0.0","669d0b18e3a1ae0b5f7571ef","69d7901e3430d13455efb336","69e8c339945468bd919647b2","","","","","","","","","","",""
"6962"," ","html-keyboard-response","1","10594","0.0-1.0","669d0b18e3a1ae0b5f7571ef","69d7901e3430d13455efb336","69e8c339945468bd919647b2","<p style=""font-size: 30px;"">Before beginning, we ask that you read the consent information and confirm your agreement to participate in the experiment.</p>
      <p style=""font-size: 30px;""> We ask that you remember that this is a research project and that your participation is entirely voluntary. You can stop your participation at any time, without needing to provide any explanation. The study we're asking you to participate in aims at examining how readers process written words. You will be engaged in a session of apprximately 25-30 minutes, followed by a brief questionnaire. You will have the opportunity to take a few breaks during the experiment. You will be paid £4 for your participation, corresponding to a rate of £8/hour. While this experiment looks at cognitive faculties, this experiment doesn't constitute clinical proof of eventual pathologies.</p>
      <p style=""font-size: 30px;"">All of the information collected thanks to yours and others' participation will be held in a secure password-protected server, and will not be shared with anyone not authorised to view it. Your personal information will be kept with an arbitrary participant ID. Thanks to this data anonymity process, any researcher analysing the data won't be able to track the information back to a specific participant. Therefore, this process will make identifying you impossibile, even when results from the study will be published in scientific reviews, presented at congresses, or at any other public forum. More generally, the collected data will be treated in accordance with the laws on privacy and conformity to the Legislative Degree n. 196 ""Code regarding the protection of personal data"" of the 30th of June 2003 and to the European Regulation 2016/670 (General Data Protection Regulation - GDPR). The Data Protection Officer is Avv. Valentina Carollo, who can be contacted at the following email addresses: <a href=""mailto:dpo@sissa.it"">dpo@sissa.it</a> or <a href=""mailto:rpd@sissa.it"">rpd@sissa.it</a> - PEC: <a href=""mailto:protocollo@pec.sissa.it"">protocollo@pec.sissa.it</a>.</p>
      <p style=""font-size: 30px;""> Before expressing your consent to participate, we would like to remind you again that in case you need explanations on any aspect of the experimental procedure, the researcher is at your disposition (<a href=""mailto:aliebelt@sissa.it"">aliebelt@sissa.it</a>, <a href=""mailto:davide.crepaldi@sissa.it"">davide.crepaldi@sissa.it</a>). Please feel free to contact the researcher through the Messaging feature on Prolific if you have any questions or issues.</p>
      <p style=""font-size: 30px;"">If you would like to download the informed consent form, you can do so here: <a href=""BASL-Informed_Consent.pdf"" download>informed consent form</a>.</p>
      <p style=""font-size: 30px;"">We ask that you press the spacebar to proceed to the consent section.</p>","","","","","","","","","",""
"17000","{""consent1"":""YES"",""consent2"":""YES"",""consent3"":""YES"",""consent4"":""YES"",""consent5"":""YES"",""consent6"":""YES""}","survey-html-form","2","27595","0.0-2.0","669d0b18e3a1ae0b5f7571ef","69d7901e3430d13455efb336","69e8c339945468bd919647b2","","","","","","","","","","",""
"14737","{""Languages"":[""English"",""Portuguese""]}","survey-multi-select","3","42382","0.0-3.0-0.0","669d0b18e3a1ae0b5f7571ef","69d7901e3430d13455efb336","69e8c339945468bd919647b2","","[0]","","","","","","","","",""
"7199","","fullscreen","4","50588","0.0-4.0","669d0b18e3a1ae0b5f7571ef","69d7901e3430d13455efb336","69e8c339945468bd919647b2","","","true","","","","","","","",""
"21437"," ","html-keyboard-response","5","72026","0.0-5.0","669d0b18e3a1ae0b5f7571ef","69d7901e3430d13455efb336","69e8c339945468bd919647b2","<p style=""font-size: 30px"">Welcome, and thank you very much for your time!</p>
      <p style=""font-size: 30px"">In this experiment, you'll be a language expert who's been asked to take a look at words that Earth has received in its first communication with aliens. Your task, in this first part of the experiment, is to pay close attention to the words you'll be shown; later, world leaders will ask you questions on what you saw. The words will be shown to you quite quickly; it seems that the aliens were in a hurry :-)</p>
      <p style=""font-size: 30px"">Press the spacebar to continue.<p>","","","","","","","","","",""
"null","null","html-keyboard-response","6","72028","0.0-6.0","669d0b18e3a1ae0b5f7571ef","69d7901e3430d13455efb336","69e8c339945468bd919647b2","<p style=""font-size: 1px; font-family: FragmentMono""> x </p>","","","","","","","","","",""
"null","null","html-keyboard-response","7","73035","0.0-7.0-0.0","669d0b18e3a1ae0b5f7571ef","69d7901e3430d13455efb336","69e8c339945468bd919647b2","<p style=""font-size: 60px; font-family: FragmentMono"">KZLHICAVY</p>","","","training","","","","","","",""
"null","null","html-keyboard-response","8","74038","0.0-7.0-0.1","669d0b18e3a1ae0b5f7571ef","69d7901e3430d13455efb336","69e8c339945468bd919647b2","<p style=""font-size: 60px; font-family: FragmentMono"">QWBSJVHGM</p>","","","training","","","","","","",""
"null","null","html-keyboard-response","9","75040","0.0-7.0-0.2","669d0b18e3a1ae0b5f7571ef","69d7901e3430d13455efb336","69e8c339945468bd919647b2","<p style=""font-size: 60px; font-family: FragmentMono"">DRNXRCAVY</p>","","","training","","","","","","",""
"null","null","html-keyboard-response","10","76043","0.0-7.0-0.3","669d0b18e3a1ae0b5f7571ef","69d7901e3430d13455efb336","69e8c339945468bd919647b2","<p style=""font-size: 60px; font-family: FragmentMono"">UXBMVHGM</p>","","","training","","","","","","",""
"null","null","html-keyboard-response","11","77046","0.0-7.0-0.4","669d0b18e3a1ae0b5f7571ef","69d7901e3430d13455efb336","69e8c339945468bd919647b2","<p style=""font-size: 60px; font-family: FragmentMono"">BABJQAIT</p>","","","training","","","","","","",""
"null","null","html-keyboard-response","12","78049","0.0-7.0-0.5","669d0b18e3a1ae0b5f7571ef","69d7901e3430d13455efb336","69e8c339945468bd919647b2","<p style=""font-size: 60px; font-family: FragmentMono"">KZLHIFYG</p>","","","training","","","","","","",""
"null","null","html-keyboard-response","13","79050","0.0-7.0-0.6","669d0b18e3a1ae0b5f7571ef","69d7901e3430d13455efb336","69e8c339945468bd919647b2","<p style=""font-size: 60px; font-family: FragmentMono"">EPKSQRW</p>","","","training","","","","","","",""
"null","null","html-keyboard-response","14","80060","0.0-7.0-0.7","669d0b18e3a1ae0b5f7571ef","69d7901e3430d13455efb336","69e8c339945468bd919647b2","<p style=""font-size: 60px; font-family: FragmentMono"">DEIQTGZX</p>","","","training","","","","","","",""
"null","null","html-keyboard-response","15","81065","0.0-7.0-0.8","669d0b18e3a1ae0b5f7571ef","69d7901e3430d13455efb336","69e8c339945468bd919647b2","<p style=""font-size: 60px; font-family: FragmentMono"">DRNXRLSF</p>","","","training","","","","","","",""
"null","null","html-keyboard-response","16","82066","0.0-7.0-0.9","669d0b18e3a1ae0b5f7571ef","69d7901e3430d13455efb336","69e8c339945468bd919647b2","<p style=""font-size: 60px; font-family: FragmentMono"">UYBKDMYFT</p>","","","training","","","","","","",""
"null","null","html-keyboard-response","17","83068","0.0-7.0-0.10","669d0b18e3a1ae0b5f7571ef","69d7901e3430d13455efb336","69e8c339945468bd919647b2","<p style=""font-size: 60px; font-family: FragmentMono"">CGHNQAIT</p>","","","training","","","","","","",""
"null","null","html-keyboard-response","18","84069","0.0-7.0-0.11","669d0b18e3a1ae0b5f7571ef","69d7901e3430d13455efb336","69e8c339945468bd919647b2","<p style=""font-size: 60px; font-family: FragmentMono"">HPWYCAVY</p>","","","training","","","","","","",""
"null","null","html-keyboard-response","19","85076","0.0-7.0-0.12","669d0b18e3a1ae0b5f7571ef","69d7901e3430d13455efb336","69e8c339945468bd919647b2","<p style=""font-size: 60px; font-family: FragmentMono"">BABJMYFT</p>","","","training","","","","","","",""
"null","null","html-keyboard-response","20","86077","0.0-7.0-0.13","669d0b18e3a1ae0b5f7571ef","69d7901e3430d13455efb336","69e8c339945468bd919647b2","<p style=""font-size: 60px; font-family: FragmentMono"">VBQJPYB</p>","","","training","","","","","","",""
"null","null","html-keyboard-response","21","87090","0.0-7.0-0.14","669d0b18e3a1ae0b5f7571ef","69d7901e3430d13455efb336","69e8c339945468bd919647b2","<p style=""font-size: 60px; font-family: FragmentMono"">KZLHILSF</p>","","","training","","","","","","",""
"null","null","html-keyboard-response","22","88105","0.0-7.0-0.15","669d0b18e3a1ae0b5f7571ef","69d7901e3430d13455efb336","69e8c339945468bd919647b2","<p style=""font-size: 60px; font-family: FragmentMono"">EPKSPYB</p>","","","training","","","","","","",""
"null","null","html-keyboard-response","23","89106","0.0-7.0-0.16","669d0b18e3a1ae0b5f7571ef","69d7901e3430d13455efb336","69e8c339945468bd919647b2","<p style=""font-size: 60px; font-family: FragmentMono"">UYBKDQRW</p>","","","training","","","","","","",""
"null","null","html-keyboard-response","24","90107","0.0-7.0-0.17","669d0b18e3a1ae0b5f7571ef","69d7901e3430d13455efb336","69e8c339945468bd919647b2","<p style=""font-size: 60px; font-family: FragmentMono"">WAEMIVHGM</p>","","","training","","","","","","",""
"null","null","html-keyboard-response","25","91107","0.0-7.0-0.18","669d0b18e3a1ae0b5f7571ef","69d7901e3430d13455efb336","69e8c339945468bd919647b2","<p style=""font-size: 60px; font-family: FragmentMono"">DEIQFYG</p>","","","training","","","","","","",""
"null","null","html-keyboard-response","26","92110","0.0-7.0-0.19","669d0b18e3a1ae0b5f7571ef","69d7901e3430d13455efb336","69e8c339945468bd919647b2","<p style=""font-size: 60px; font-family: FragmentMono"">CGHNPYB</p>","","","training","","","","","","",""
"null","null","html-keyboard-response","27","93111","0.0-7.0-0.20","669d0b18e3a1ae0b5f7571ef","69d7901e3430d13455efb336","69e8c339945468bd919647b2","<p style=""font-size: 60px; font-family: FragmentMono"">KUQVMCAVY</p>","","","training","","","","","","",""
"null","null","html-keyboard-response","28","94115","0.0-7.0-0.21","669d0b18e3a1ae0b5f7571ef","69d7901e3430d13455efb336","69e8c339945468bd919647b2","<p style=""font-size: 60px; font-family: FragmentMono"">HPWYFYG</p>","","","training","","","","","","",""
"null","null","html-keyboard-response","29","95119","0.0-7.0-0.22","669d0b18e3a1ae0b5f7571ef","69d7901e3430d13455efb336","69e8c339945468bd919647b2","<p style=""font-size: 60px; font-family: FragmentMono"">VBQJKYI</p>","","","training","","","","","","",""
"null","null","html-keyboard-response","30","96134","0.0-7.0-0.23","669d0b18e3a1ae0b5f7571ef","69d7901e3430d13455efb336","69e8c339945468bd919647b2","<p style=""font-size: 60px; font-family: FragmentMono"">ISLNPYB</p>","","","training","","","","","","",""
"null","null","html-keyboard-response","31","97136","0.0-7.0-0.24","669d0b18e3a1ae0b5f7571ef","69d7901e3430d13455efb336","69e8c339945468bd919647b2","<p style=""font-size: 60px; font-family: FragmentMono"">BIWILSF</p>","","","training","","","","","","",""
"null","null","html-keyboard-response","32","98137","0.0-7.0-0.25","669d0b18e3a1ae0b5f7571ef","69d7901e3430d13455efb336","69e8c339945468bd919647b2","<p style=""font-size: 60px; font-family: FragmentMono"">GNFQWQRW</p>","","","training","","","","","","",""
"null","null","html-keyboard-response","33","99139","0.0-7.0-0.26","669d0b18e3a1ae0b5f7571ef","69d7901e3430d13455efb336","69e8c339945468bd919647b2","<p style=""font-size: 60px; font-family: FragmentMono"">UBSUQAIT</p>","","","training","","","","","","",""
"null","null","html-keyboard-response","34","100141","0.0-7.0-0.27","669d0b18e3a1ae0b5f7571ef","69d7901e3430d13455efb336","69e8c339945468bd919647b2","<p style=""font-size: 60px; font-family: FragmentMono"">IBDLLMYFT</p>","","","training","","","","","","",""
"null","null","html-keyboard-response","35","101142","0.0-7.0-0.28","669d0b18e3a1ae0b5f7571ef","69d7901e3430d13455efb336","69e8c339945468bd919647b2","<p style=""font-size: 60px; font-family: FragmentMono"">BIWICAVY</p>","","","training","","","","","","",""
"null","null","html-keyboard-response","36","102151","0.0-7.0-0.29","669d0b18e3a1ae0b5f7571ef","69d7901e3430d13455efb336","69e8c339945468bd919647b2","<p style=""font-size: 60px; font-family: FragmentMono"">BZBJSLSF</p>","","","training","","","","","","",""
"null","null","html-keyboard-response","37","103166","0.0-7.0-0.30","669d0b18e3a1ae0b5f7571ef","69d7901e3430d13455efb336","69e8c339945468bd919647b2","<p style=""font-size: 60px; font-family: FragmentMono"">UBSUQRW</p>","","","training","","","","","","",""
"null","null","html-keyboard-response","38","104167","0.0-7.0-0.31","669d0b18e3a1ae0b5f7571ef","69d7901e3430d13455efb336","69e8c339945468bd919647b2","<p style=""font-size: 60px; font-family: FragmentMono"">EPKSKYI</p>","","","training","","","","","","",""
"null","null","html-keyboard-response","39","105169","0.0-7.0-0.32","669d0b18e3a1ae0b5f7571ef","69d7901e3430d13455efb336","69e8c339945468bd919647b2","<p style=""font-size: 60px; font-family: FragmentMono"">KUQVMFYG</p>","","","training","","","","","","",""
"null","null","html-keyboard-response","40","106173","0.0-7.0-0.33","669d0b18e3a1ae0b5f7571ef","69d7901e3430d13455efb336","69e8c339945468bd919647b2","<p style=""font-size: 60px; font-family: FragmentMono"">EPKSQAIT</p>","","","training","","","","","","",""
"null","null","html-keyboard-response","41","107189","0.0-7.0-0.34","669d0b18e3a1ae0b5f7571ef","69d7901e3430d13455efb336","69e8c339945468bd919647b2","<p style=""font-size: 60px; font-family: FragmentMono"">ISLNMYFT</p>","","","training","","","","","","",""
"null","null","html-keyboard-response","42","108190","0.0-7.0-0.35","669d0b18e3a1ae0b5f7571ef","69d7901e3430d13455efb336","69e8c339945468bd919647b2","<p style=""font-size: 60px; font-family: FragmentMono"">DRNXRFYG</p>","","","training","","","","","","",""
"null","null","html-keyboard-response","43","109190","0.0-7.0-0.36","669d0b18e3a1ae0b5f7571ef","69d7901e3430d13455efb336","69e8c339945468bd919647b2","<p style=""font-size: 60px; font-family: FragmentMono"">HPWYTGZX</p>","","","training","","","","","","",""
"null","null","html-keyboard-response","44","110192","0.0-7.0-0.37","669d0b18e3a1ae0b5f7571ef","69d7901e3430d13455efb336","69e8c339945468bd919647b2","<p style=""font-size: 60px; font-family: FragmentMono"">WFQNZQRW</p>","","","training","","","","","","",""
"null","null","html-keyboard-response","45","111193","0.0-7.0-0.38","669d0b18e3a1ae0b5f7571ef","69d7901e3430d13455efb336","69e8c339945468bd919647b2","<p style=""font-size: 60px; font-family: FragmentMono"">BZBJSTGZX</p>","","","training","","","","","","",""
"null","null","html-keyboard-response","46","112195","0.0-7.0-0.39","669d0b18e3a1ae0b5f7571ef","69d7901e3430d13455efb336","69e8c339945468bd919647b2","<p style=""font-size: 60px; font-family: FragmentMono"">GNFQWPYB</p>","","","training","","","","","","",""
"null","null","html-keyboard-response","47","113199","0.0-7.0-0.40","669d0b18e3a1ae0b5f7571ef","69d7901e3430d13455efb336","69e8c339945468bd919647b2","<p style=""font-size: 60px; font-family: FragmentMono"">BIWITGZX</p>","","","training","","","","","","",""
"null","null","html-keyboard-response","48","114207","0.0-7.0-0.41","669d0b18e3a1ae0b5f7571ef","69d7901e3430d13455efb336","69e8c339945468bd919647b2","<p style=""font-size: 60px; font-family: FragmentMono"">KUQVMLSF</p>","","","training","","","","","","",""
"null","null","html-keyboard-response","49","115208","0.0-7.0-0.42","669d0b18e3a1ae0b5f7571ef","69d7901e3430d13455efb336","69e8c339945468bd919647b2","<p style=""font-size: 60px; font-family: FragmentMono"">ISLNKYI</p>","","","training","","","","","","",""
"null","null","html-keyboard-response","50","116209","0.0-7.0-0.43","669d0b18e3a1ae0b5f7571ef","69d7901e3430d13455efb336","69e8c339945468bd919647b2","<p style=""font-size: 60px; font-family: FragmentMono"">DEIQVHGM</p>","","","training","","","","","","",""
"null","null","html-keyboard-response","51","117210","0.0-7.0-0.44","669d0b18e3a1ae0b5f7571ef","69d7901e3430d13455efb336","69e8c339945468bd919647b2","<p style=""font-size: 60px; font-family: FragmentMono"">WFQNZQAIT</p>","","","training","","","","","","",""
"null","null","html-keyboard-response","52","118213","0.0-7.0-0.45","669d0b18e3a1ae0b5f7571ef","69d7901e3430d13455efb336","69e8c339945468bd919647b2","<p style=""font-size: 60px; font-family: FragmentMono"">IBDLLKYI</p>","","","training","","","","","","",""
"null","null","html-keyboard-response","53","119214","0.0-7.0-0.46","669d0b18e3a1ae0b5f7571ef","69d7901e3430d13455efb336","69e8c339945468bd919647b2","<p style=""font-size: 60px; font-family: FragmentMono"">BIWIVHGM</p>","","","training","","","","","","",""
"null","null","html-keyboard-response","54","120215","0.0-7.0-0.47","669d0b18e3a1ae0b5f7571ef","69d7901e3430d13455efb336","69e8c339945468bd919647b2","<p style=""font-size: 60px; font-family: FragmentMono"">WAEMICAVY</p>","","","training","","","","","","",""
"null","null","html-keyboard-response","55","121224","0.0-7.0-0.48","669d0b18e3a1ae0b5f7571ef","69d7901e3430d13455efb336","69e8c339945468bd919647b2","<p style=""font-size: 60px; font-family: FragmentMono"">WFQNZKYI</p>","","","training","","","","","","",""
"null","null","html-keyboard-response","56","122225","0.0-7.0-0.49","669d0b18e3a1ae0b5f7571ef","69d7901e3430d13455efb336","69e8c339945468bd919647b2","<p style=""font-size: 60px; font-family: FragmentMono"">QWBSJTGZX</p>","","","training","","","","","","",""
"null","null","html-keyboard-response","57","123226","0.0-7.0-0.50","669d0b18e3a1ae0b5f7571ef","69d7901e3430d13455efb336","69e8c339945468bd919647b2","<p style=""font-size: 60px; font-family: FragmentMono"">WAEMIFYG</p>","","","training","","","","","","",""
"null","null","html-keyboard-response","58","124227","0.0-7.0-0.51","669d0b18e3a1ae0b5f7571ef","69d7901e3430d13455efb336","69e8c339945468bd919647b2","<p style=""font-size: 60px; font-family: FragmentMono"">GNFQWKYI</p>","","","training","","","","","","",""
"null","null","html-keyboard-response","59","125229","0.0-7.0-0.52","669d0b18e3a1ae0b5f7571ef","69d7901e3430d13455efb336","69e8c339945468bd919647b2","<p style=""font-size: 60px; font-family: FragmentMono"">UBSUMYFT</p>","","","training","","","","","","",""
"null","null","html-keyboard-response","60","126231","0.0-7.0-0.53","669d0b18e3a1ae0b5f7571ef","69d7901e3430d13455efb336","69e8c339945468bd919647b2","<p style=""font-size: 60px; font-family: FragmentMono"">BZBJSCAVY</p>","","","training","","","","","","",""
"null","null","html-keyboard-response","61","127231","0.0-7.0-0.54","669d0b18e3a1ae0b5f7571ef","69d7901e3430d13455efb336","69e8c339945468bd919647b2","<p style=""font-size: 60px; font-family: FragmentMono"">GNFQWQAIT</p>","","","training","","","","","","",""
"null","null","html-keyboard-response","62","128232","0.0-7.0-0.55","669d0b18e3a1ae0b5f7571ef","69d7901e3430d13455efb336","69e8c339945468bd919647b2","<p style=""font-size: 60px; font-family: FragmentMono"">HPWYVHGM</p>","","","training","","","","","","",""
"null","null","html-keyboard-response","63","129234","0.0-7.0-0.56","669d0b18e3a1ae0b5f7571ef","69d7901e3430d13455efb336","69e8c339945468bd919647b2","<p style=""font-size: 60px; font-family: FragmentMono"">VBQJMYFT</p>","","","training","","","","","","",""
"null","null","html-keyboard-response","64","130235","0.0-7.0-0.57","669d0b18e3a1ae0b5f7571ef","69d7901e3430d13455efb336","69e8c339945468bd919647b2","<p style=""font-size: 60px; font-family: FragmentMono"">DRNXRTGZX</p>","","","training","","","","","","",""
"null","null","html-keyboard-response","65","131236","0.0-7.0-0.58","669d0b18e3a1ae0b5f7571ef","69d7901e3430d13455efb336","69e8c339945468bd919647b2","<p style=""font-size: 60px; font-family: FragmentMono"">UBSUKYI</p>","","","training","","","","","","",""
"null","null","html-keyboard-response","66","132237","0.0-7.0-0.59","669d0b18e3a1ae0b5f7571ef","69d7901e3430d13455efb336","69e8c339945468bd919647b2","<p style=""font-size: 60px; font-family: FragmentMono"">WAEMITGZX</p>","","","training","","","","","","",""
"null","null","html-keyboard-response","67","133245","0.0-7.0-0.60","669d0b18e3a1ae0b5f7571ef","69d7901e3430d13455efb336","69e8c339945468bd919647b2","<p style=""font-size: 60px; font-family: FragmentMono"">QWBSJLSF</p>","","","training","","","","","","",""
"null","null","html-keyboard-response","68","134249","0.0-7.0-0.61","669d0b18e3a1ae0b5f7571ef","69d7901e3430d13455efb336","69e8c339945468bd919647b2","<p style=""font-size: 60px; font-family: FragmentMono"">KUQVMVHGM</p>","","","training","","","","","","",""
"null","null","html-keyboard-response","69","135251","0.0-7.0-0.62","669d0b18e3a1ae0b5f7571ef","69d7901e3430d13455efb336","69e8c339945468bd919647b2","<p style=""font-size: 60px; font-family: FragmentMono"">UXBMLSF</p>","","","training","","","","","","",""
"null","null","html-keyboard-response","70","136252","0.0-7.0-0.63","669d0b18e3a1ae0b5f7571ef","69d7901e3430d13455efb336","69e8c339945468bd919647b2","<p style=""font-size: 60px; font-family: FragmentMono"">BZBJSFYG</p>","","","training","","","","","","",""
"null","null","html-keyboard-response","71","137253","0.0-7.0-0.64","669d0b18e3a1ae0b5f7571ef","69d7901e3430d13455efb336","69e8c339945468bd919647b2","<p style=""font-size: 60px; font-family: FragmentMono"">WFQNZMYFT</p>","","","training","","","","","","",""
"null","null","html-keyboard-response","72","138254","0.0-7.0-0.65","669d0b18e3a1ae0b5f7571ef","69d7901e3430d13455efb336","69e8c339945468bd919647b2","<p style=""font-size: 60px; font-family: FragmentMono"">BABJPYB</p>","","","training","","","","","","",""
"null","null","html-keyboard-response","73","139255","0.0-7.0-0.66","669d0b18e3a1ae0b5f7571ef","69d7901e3430d13455efb336","69e8c339945468bd919647b2","<p style=""font-size: 60px; font-family: FragmentMono"">UXBMTGZX</p>","","","training","","","","","","",""
"null","null","html-keyboard-response","74","140257","0.0-7.0-0.67","669d0b18e3a1ae0b5f7571ef","69d7901e3430d13455efb336","69e8c339945468bd919647b2","<p style=""font-size: 60px; font-family: FragmentMono"">VBQJQRW</p>","","","training","","","","","","",""
"null","null","html-keyboard-response","75","141270","0.0-7.0-0.68","669d0b18e3a1ae0b5f7571ef","69d7901e3430d13455efb336","69e8c339945468bd919647b2","<p style=""font-size: 60px; font-family: FragmentMono"">ISLNQAIT</p>","","","training","","","","","","",""
"null","null","html-keyboard-response","76","142281","0.0-7.0-0.69","669d0b18e3a1ae0b5f7571ef","69d7901e3430d13455efb336","69e8c339945468bd919647b2","<p style=""font-size: 60px; font-family: FragmentMono"">UXBMCAVY</p>","","","training","","","","","","",""
"null","null","html-keyboard-response","77","143282","0.0-7.0-0.70","669d0b18e3a1ae0b5f7571ef","69d7901e3430d13455efb336","69e8c339945468bd919647b2","<p style=""font-size: 60px; font-family: FragmentMono"">BABJQRW</p>","","","training","","","","","","",""
"null","null","html-keyboard-response","78","144283","0.0-7.0-0.71","669d0b18e3a1ae0b5f7571ef","69d7901e3430d13455efb336","69e8c339945468bd919647b2","<p style=""font-size: 60px; font-family: FragmentMono"">QWBSJFYG</p>","","","training","","","","","","",""
"null","null","html-keyboard-response","79","145285","0.0-7.0-0.72","669d0b18e3a1ae0b5f7571ef","69d7901e3430d13455efb336","69e8c339945468bd919647b2","<p style=""font-size: 60px; font-family: FragmentMono"">UYBKDKYI</p>","","","training","","","","","","",""
"null","null","html-keyboard-response","80","146286","0.0-7.0-0.73","669d0b18e3a1ae0b5f7571ef","69d7901e3430d13455efb336","69e8c339945468bd919647b2","<p style=""font-size: 60px; font-family: FragmentMono"">CGHNQRW</p>","","","training","","","","","","",""
"null","null","html-keyboard-response","81","147290","0.0-7.0-0.74","669d0b18e3a1ae0b5f7571ef","69d7901e3430d13455efb336","69e8c339945468bd919647b2","<p style=""font-size: 60px; font-family: FragmentMono"">IBDLLPYB</p>","","","training","","","","","","",""
"null","null","html-keyboard-response","82","148290","0.0-7.0-0.75","669d0b18e3a1ae0b5f7571ef","69d7901e3430d13455efb336","69e8c339945468bd919647b2","<p style=""font-size: 60px; font-family: FragmentMono"">DEIQLSF</p>","","","training","","","","","","",""
"null","null","html-keyboard-response","83","149299","0.0-7.0-0.76","669d0b18e3a1ae0b5f7571ef","69d7901e3430d13455efb336","69e8c339945468bd919647b2","<p style=""font-size: 60px; font-family: FragmentMono"">IBDLLQAIT</p>","","","training","","","","","","",""
"null","null","html-keyboard-response","84","150300","0.0-7.0-0.77","669d0b18e3a1ae0b5f7571ef","69d7901e3430d13455efb336","69e8c339945468bd919647b2","<p style=""font-size: 60px; font-family: FragmentMono"">KZLHIVHGM</p>","","","training","","","","","","",""
"null","null","html-keyboard-response","85","151301","0.0-7.0-0.78","669d0b18e3a1ae0b5f7571ef","69d7901e3430d13455efb336","69e8c339945468bd919647b2","<p style=""font-size: 60px; font-family: FragmentMono"">UYBKDPYB</p>","","","training","","","","","","",""
"null","null","html-keyboard-response","86","152302","0.0-7.0-0.79","669d0b18e3a1ae0b5f7571ef","69d7901e3430d13455efb336","69e8c339945468bd919647b2","<p style=""font-size: 60px; font-family: FragmentMono"">CGHNMYFT</p>","","","training","","","","","","",""
"4277"," ","html-keyboard-response","87","156580","0.0-8.0","669d0b18e3a1ae0b5f7571ef","69d7901e3430d13455efb336","69e8c339945468bd919647b2","<p style=""font-size: 30px"">Great, you've seen the first block of words. You may now take a short break.</p>
      <p style=""font-size: 30px"">Press the spacebar when you're ready to continue.</p>","","","","","","","","","",""
"null","null","html-keyboard-response","88","157580","0.0-9.0-0.0","669d0b18e3a1ae0b5f7571ef","69d7901e3430d13455efb336","69e8c339945468bd919647b2","<p style=""font-size: 60px; font-family: FragmentMono"">WAEMIVHGM</p>","","","training","","","","","","",""
"null","null","html-keyboard-response","89","158581","0.0-9.0-0.1","669d0b18e3a1ae0b5f7571ef","69d7901e3430d13455efb336","69e8c339945468bd919647b2","<p style=""font-size: 60px; font-family: FragmentMono"">KUQVMCAVY</p>","","","training","","","","","","",""
"null","null","html-keyboard-response","90","159597","0.0-9.0-0.2","669d0b18e3a1ae0b5f7571ef","69d7901e3430d13455efb336","69e8c339945468bd919647b2","<p style=""font-size: 60px; font-family: FragmentMono"">QWBSJLSF</p>","","","training","","","","","","",""
"null","null","html-keyboard-response","91","160610","0.0-9.0-0.3","669d0b18e3a1ae0b5f7571ef","69d7901e3430d13455efb336","69e8c339945468bd919647b2","<p style=""font-size: 60px; font-family: FragmentMono"">UYBKDKYI</p>","","","training","","","","","","",""
"null","null","html-keyboard-response","92","161611","0.0-9.0-0.4","669d0b18e3a1ae0b5f7571ef","69d7901e3430d13455efb336","69e8c339945468bd919647b2","<p style=""font-size: 60px; font-family: FragmentMono"">UXBMVHGM</p>","","","training","","","","","","",""
"null","null","html-keyboard-response","93","162619","0.0-9.0-0.5","669d0b18e3a1ae0b5f7571ef","69d7901e3430d13455efb336","69e8c339945468bd919647b2","<p style=""font-size: 60px; font-family: FragmentMono"">GNFQWPYB</p>","","","training","","","","","","",""
"null","null","html-keyboard-response","94","163620","0.0-9.0-0.6","669d0b18e3a1ae0b5f7571ef","69d7901e3430d13455efb336","69e8c339945468bd919647b2","<p style=""font-size: 60px; font-family: FragmentMono"">CGHNMYFT</p>","","","training","","","","","","",""
"null","null","html-keyboard-response","95","164620","0.0-9.0-0.7","669d0b18e3a1ae0b5f7571ef","69d7901e3430d13455efb336","69e8c339945468bd919647b2","<p style=""font-size: 60px; font-family: FragmentMono"">QWBSJFYG</p>","","","training","","","","","","",""
"null","null","html-keyboard-response","96","165626","0.0-9.0-0.8","669d0b18e3a1ae0b5f7571ef","69d7901e3430d13455efb336","69e8c339945468bd919647b2","<p style=""font-size: 60px; font-family: FragmentMono"">KZLHIVHGM</p>","","","training","","","","","","",""
"null","null","html-keyboard-response","97","166630","0.0-9.0-0.9","669d0b18e3a1ae0b5f7571ef","69d7901e3430d13455efb336","69e8c339945468bd919647b2","<p style=""font-size: 60px; font-family: FragmentMono"">HPWYTGZX</p>","","","training","","","","","","",""
"null","null","html-keyboard-response","98","167636","0.0-9.0-0.10","669d0b18e3a1ae0b5f7571ef","69d7901e3430d13455efb336","69e8c339945468bd919647b2","<p style=""font-size: 60px; font-family: FragmentMono"">UBSUKYI</p>","","","training","","","","","","",""
"null","null","html-keyboard-response","99","168637","0.0-9.0-0.11","669d0b18e3a1ae0b5f7571ef","69d7901e3430d13455efb336","69e8c339945468bd919647b2","<p style=""font-size: 60px; font-family: FragmentMono"">EPKSQAIT</p>","","","training","","","","","","",""
"null","null","html-keyboard-response","100","169640","0.0-9.0-0.12","669d0b18e3a1ae0b5f7571ef","69d7901e3430d13455efb336","69e8c339945468bd919647b2","<p style=""font-size: 60px; font-family: FragmentMono"">KUQVMLSF</p>","","","training","","","","","","",""
"null","null","html-keyboard-response","101","170644","0.0-9.0-0.13","669d0b18e3a1ae0b5f7571ef","69d7901e3430d13455efb336","69e8c339945468bd919647b2","<p style=""font-size: 60px; font-family: FragmentMono"">WFQNZQAIT</p>","","","training","","","","","","",""
"null","null","html-keyboard-response","102","171645","0.0-9.0-0.14","669d0b18e3a1ae0b5f7571ef","69d7901e3430d13455efb336","69e8c339945468bd919647b2","<p style=""font-size: 60px; font-family: FragmentMono"">ISLNKYI</p>","","","training","","","","","","",""
"null","null","html-keyboard-response","103","172653","0.0-9.0-0.15","669d0b18e3a1ae0b5f7571ef","69d7901e3430d13455efb336","69e8c339945468bd919647b2","<p style=""font-size: 60px; font-family: FragmentMono"">BZBJSCAVY</p>","","","training","","","","","","",""
"null","null","html-keyboard-response","104","173653","0.0-9.0-0.16","669d0b18e3a1ae0b5f7571ef","69d7901e3430d13455efb336","69e8c339945468bd919647b2","<p style=""font-size: 60px; font-family: FragmentMono"">KZLHILSF</p>","","","training","","","","","","",""
"null","null","html-keyboard-response","105","174655","0.0-9.0-0.17","669d0b18e3a1ae0b5f7571ef","69d7901e3430d13455efb336","69e8c339945468bd919647b2","<p style=""font-size: 60px; font-family: FragmentMono"">DRNXRFYG</p>","","","training","","","","","","",""
"null","null","html-keyboard-response","106","175664","0.0-9.0-0.18","669d0b18e3a1ae0b5f7571ef","69d7901e3430d13455efb336","69e8c339945468bd919647b2","<p style=""font-size: 60px; font-family: FragmentMono"">VBQJKYI</p>","","","training","","","","","","",""
"null","null","html-keyboard-response","107","176665","0.0-9.0-0.19","669d0b18e3a1ae0b5f7571ef","69d7901e3430d13455efb336","69e8c339945468bd919647b2","<p style=""font-size: 60px; font-family: FragmentMono"">BZBJSLSF</p>","","","training","","","","","","",""
"null","null","html-keyboard-response","108","177670","0.0-9.0-0.20","669d0b18e3a1ae0b5f7571ef","69d7901e3430d13455efb336","69e8c339945468bd919647b2","<p style=""font-size: 60px; font-family: FragmentMono"">HPWYCAVY</p>","","","training","","","","","","",""
"null","null","html-keyboard-response","109","178672","0.0-9.0-0.21","669d0b18e3a1ae0b5f7571ef","69d7901e3430d13455efb336","69e8c339945468bd919647b2","<p style=""font-size: 60px; font-family: FragmentMono"">GNFQWQRW</p>","","","training","","","","","","",""
"null","null","html-keyboard-response","110","179673","0.0-9.0-0.22","669d0b18e3a1ae0b5f7571ef","69d7901e3430d13455efb336","69e8c339945468bd919647b2","<p style=""font-size: 60px; font-family: FragmentMono"">CGHNPYB</p>","","","training","","","","","","",""
"null","null","html-keyboard-response","111","180674","0.0-9.0-0.23","669d0b18e3a1ae0b5f7571ef","69d7901e3430d13455efb336","69e8c339945468bd919647b2","<p style=""font-size: 60px; font-family: FragmentMono"">HPWYVHGM</p>","","","training","","","","","","",""
"null","null","html-keyboard-response","112","181678","0.0-9.0-0.24","669d0b18e3a1ae0b5f7571ef","69d7901e3430d13455efb336","69e8c339945468bd919647b2","<p style=""font-size: 60px; font-family: FragmentMono"">UBSUQAIT</p>","","","training","","","","","","",""
"null","null","html-keyboard-response","113","182679","0.0-9.0-0.25","669d0b18e3a1ae0b5f7571ef","69d7901e3430d13455efb336","69e8c339945468bd919647b2","<p style=""font-size: 60px; font-family: FragmentMono"">KUQVMFYG</p>","","","training","","","","","","",""
"null","null","html-keyboard-response","114","183690","0.0-9.0-0.26","669d0b18e3a1ae0b5f7571ef","69d7901e3430d13455efb336","69e8c339945468bd919647b2","<p style=""font-size: 60px; font-family: FragmentMono"">BIWICAVY</p>","","","training","","","","","","",""
"null","null","html-keyboard-response","115","184690","0.0-9.0-0.27","669d0b18e3a1ae0b5f7571ef","69d7901e3430d13455efb336","69e8c339945468bd919647b2","<p style=""font-size: 60px; font-family: FragmentMono"">IBDLLPYB</p>","","","training","","","","","","",""
"null","null","html-keyboard-response","116","185691","0.0-9.0-0.28","669d0b18e3a1ae0b5f7571ef","69d7901e3430d13455efb336","69e8c339945468bd919647b2","<p style=""font-size: 60px; font-family: FragmentMono"">WAEMIFYG</p>","","","training","","","","","","",""
"null","null","html-keyboard-response","117","186692","0.0-9.0-0.29","669d0b18e3a1ae0b5f7571ef","69d7901e3430d13455efb336","69e8c339945468bd919647b2","<p style=""font-size: 60px; font-family: FragmentMono"">WFQNZQRW</p>","","","training","","","","","","",""
"null","null","html-keyboard-response","118","187693","0.0-9.0-0.30","669d0b18e3a1ae0b5f7571ef","69d7901e3430d13455efb336","69e8c339945468bd919647b2","<p style=""font-size: 60px; font-family: FragmentMono"">GNFQWQAIT</p>","","","training","","","","","","",""
"null","null","html-keyboard-response","119","188707","0.0-9.0-0.31","669d0b18e3a1ae0b5f7571ef","69d7901e3430d13455efb336","69e8c339945468bd919647b2","<p style=""font-size: 60px; font-family: FragmentMono"">UBSUQRW</p>","","","training","","","","","","",""
"null","null","html-keyboard-response","120","189708","0.0-9.0-0.32","669d0b18e3a1ae0b5f7571ef","69d7901e3430d13455efb336","69e8c339945468bd919647b2","<p style=""font-size: 60px; font-family: FragmentMono"">DEIQTGZX</p>","","","training","","","","","","",""
"null","null","html-keyboard-response","121","190708","0.0-9.0-0.33","669d0b18e3a1ae0b5f7571ef","69d7901e3430d13455efb336","69e8c339945468bd919647b2","<p style=""font-size: 60px; font-family: FragmentMono"">DRNXRCAVY</p>","","","training","","","","","","",""
"null","null","html-keyboard-response","122","191709","0.0-9.0-0.34","669d0b18e3a1ae0b5f7571ef","69d7901e3430d13455efb336","69e8c339945468bd919647b2","<p style=""font-size: 60px; font-family: FragmentMono"">IBDLLKYI</p>","","","training","","","","","","",""
"null","null","html-keyboard-response","123","192712","0.0-9.0-0.35","669d0b18e3a1ae0b5f7571ef","69d7901e3430d13455efb336","69e8c339945468bd919647b2","<p style=""font-size: 60px; font-family: FragmentMono"">UYBKDPYB</p>","","","training","","","","","","",""
"null","null","html-keyboard-response","124","193713","0.0-9.0-0.36","669d0b18e3a1ae0b5f7571ef","69d7901e3430d13455efb336","69e8c339945468bd919647b2","<p style=""font-size: 60px; font-family: FragmentMono"">HPWYFYG</p>","","","training","","","","","","",""
"null","null","html-keyboard-response","125","194717","0.0-9.0-0.37","669d0b18e3a1ae0b5f7571ef","69d7901e3430d13455efb336","69e8c339945468bd919647b2","<p style=""font-size: 60px; font-family: FragmentMono"">BABJPYB</p>","","","training","","","","","","",""
"null","null","html-keyboard-response","126","195720","0.0-9.0-0.38","669d0b18e3a1ae0b5f7571ef","69d7901e3430d13455efb336","69e8c339945468bd919647b2","<p style=""font-size: 60px; font-family: FragmentMono"">UYBKDQRW</p>","","","training","","","","","","",""
"null","null","html-keyboard-response","127","196735","0.0-9.0-0.39","669d0b18e3a1ae0b5f7571ef","69d7901e3430d13455efb336","69e8c339945468bd919647b2","<p style=""font-size: 60px; font-family: FragmentMono"">UXBMTGZX</p>","","","training","","","","","","",""
"null","null","html-keyboard-response","128","197735","0.0-9.0-0.40","669d0b18e3a1ae0b5f7571ef","69d7901e3430d13455efb336","69e8c339945468bd919647b2","<p style=""font-size: 60px; font-family: FragmentMono"">EPKSQRW</p>","","","training","","","","","","",""
"null","null","html-keyboard-response","129","198746","0.0-9.0-0.41","669d0b18e3a1ae0b5f7571ef","69d7901e3430d13455efb336","69e8c339945468bd919647b2","<p style=""font-size: 60px; font-family: FragmentMono"">WFQNZMYFT</p>","","","training","","","","","","",""
"null","null","html-keyboard-response","130","199747","0.0-9.0-0.42","669d0b18e3a1ae0b5f7571ef","69d7901e3430d13455efb336","69e8c339945468bd919647b2","<p style=""font-size: 60px; font-family: FragmentMono"">UXBMLSF</p>","","","training","","","","","","",""
"null","null","html-keyboard-response","131","200752","0.0-9.0-0.43","669d0b18e3a1ae0b5f7571ef","69d7901e3430d13455efb336","69e8c339945468bd919647b2","<p style=""font-size: 60px; font-family: FragmentMono"">WFQNZKYI</p>","","","training","","","","","","",""
"null","null","html-keyboard-response","132","201754","0.0-9.0-0.44","669d0b18e3a1ae0b5f7571ef","69d7901e3430d13455efb336","69e8c339945468bd919647b2","<p style=""font-size: 60px; font-family: FragmentMono"">BABJMYFT</p>","","","training","","","","","","",""
"null","null","html-keyboard-response","133","202765","0.0-9.0-0.45","669d0b18e3a1ae0b5f7571ef","69d7901e3430d13455efb336","69e8c339945468bd919647b2","<p style=""font-size: 60px; font-family: FragmentMono"">UXBMCAVY</p>","","","training","","","","","","",""
"null","null","html-keyboard-response","134","203776","0.0-9.0-0.46","669d0b18e3a1ae0b5f7571ef","69d7901e3430d13455efb336","69e8c339945468bd919647b2","<p style=""font-size: 60px; font-family: FragmentMono"">UBSUMYFT</p>","","","training","","","","","","",""
"null","null","html-keyboard-response","135","204778","0.0-9.0-0.47","669d0b18e3a1ae0b5f7571ef","69d7901e3430d13455efb336","69e8c339945468bd919647b2","<p style=""font-size: 60px; font-family: FragmentMono"">QWBSJTGZX</p>","","","training","","","","","","",""
"null","null","html-keyboard-response","136","205779","0.0-9.0-0.48","669d0b18e3a1ae0b5f7571ef","69d7901e3430d13455efb336","69e8c339945468bd919647b2","<p style=""font-size: 60px; font-family: FragmentMono"">KZLHIFYG</p>","","","training","","","","","","",""
"null","null","html-keyboard-response","137","206796","0.0-9.0-0.49","669d0b18e3a1ae0b5f7571ef","69d7901e3430d13455efb336","69e8c339945468bd919647b2","<p style=""font-size: 60px; font-family: FragmentMono"">QWBSJVHGM</p>","","","training","","","","","","",""
"null","null","html-keyboard-response","138","207797","0.0-9.0-0.50","669d0b18e3a1ae0b5f7571ef","69d7901e3430d13455efb336","69e8c339945468bd919647b2","<p style=""font-size: 60px; font-family: FragmentMono"">CGHNQAIT</p>","","","training","","","","","","",""
"null","null","html-keyboard-response","139","208798","0.0-9.0-0.51","669d0b18e3a1ae0b5f7571ef","69d7901e3430d13455efb336","69e8c339945468bd919647b2","<p style=""font-size: 60px; font-family: FragmentMono"">KUQVMVHGM</p>","","","training","","","","","","",""
"null","null","html-keyboard-response","140","209799","0.0-9.0-0.52","669d0b18e3a1ae0b5f7571ef","69d7901e3430d13455efb336","69e8c339945468bd919647b2","<p style=""font-size: 60px; font-family: FragmentMono"">ISLNPYB</p>","","","training","","","","","","",""
"null","null","html-keyboard-response","141","210800","0.0-9.0-0.53","669d0b18e3a1ae0b5f7571ef","69d7901e3430d13455efb336","69e8c339945468bd919647b2","<p style=""font-size: 60px; font-family: FragmentMono"">BABJQAIT</p>","","","training","","","","","","",""
"null","null","html-keyboard-response","142","211811","0.0-9.0-0.54","669d0b18e3a1ae0b5f7571ef","69d7901e3430d13455efb336","69e8c339945468bd919647b2","<p style=""font-size: 60px; font-family: FragmentMono"">BIWIVHGM</p>","","","training","","","","","","",""
"null","null","html-keyboard-response","143","212812","0.0-9.0-0.55","669d0b18e3a1ae0b5f7571ef","69d7901e3430d13455efb336","69e8c339945468bd919647b2","<p style=""font-size: 60px; font-family: FragmentMono"">WAEMICAVY</p>","","","training","","","","","","",""
"null","null","html-keyboard-response","144","213813","0.0-9.0-0.56","669d0b18e3a1ae0b5f7571ef","69d7901e3430d13455efb336","69e8c339945468bd919647b2","<p style=""font-size: 60px; font-family: FragmentMono"">IBDLLQAIT</p>","","","training","","","","","","",""
"null","null","html-keyboard-response","145","214823","0.0-9.0-0.57","669d0b18e3a1ae0b5f7571ef","69d7901e3430d13455efb336","69e8c339945468bd919647b2","<p style=""font-size: 60px; font-family: FragmentMono"">BZBJSTGZX</p>","","","training","","","","","","",""
"null","null","html-keyboard-response","146","215829","0.0-9.0-0.58","669d0b18e3a1ae0b5f7571ef","69d7901e3430d13455efb336","69e8c339945468bd919647b2","<p style=""font-size: 60px; font-family: FragmentMono"">BABJQRW</p>","","","training","","","","","","",""
"null","null","html-keyboard-response","147","216829","0.0-9.0-0.59","669d0b18e3a1ae0b5f7571ef","69d7901e3430d13455efb336","69e8c339945468bd919647b2","<p style=""font-size: 60px; font-family: FragmentMono"">DEIQFYG</p>","","","training","","","","","","",""
"null","null","html-keyboard-response","148","217830","0.0-9.0-0.60","669d0b18e3a1ae0b5f7571ef","69d7901e3430d13455efb336","69e8c339945468bd919647b2","<p style=""font-size: 60px; font-family: FragmentMono"">DRNXRLSF</p>","","","training","","","","","","",""
"null","null","html-keyboard-response","149","218831","0.0-9.0-0.61","669d0b18e3a1ae0b5f7571ef","69d7901e3430d13455efb336","69e8c339945468bd919647b2","<p style=""font-size: 60px; font-family: FragmentMono"">GNFQWKYI</p>","","","training","","","","","","",""
"null","null","html-keyboard-response","150","219832","0.0-9.0-0.62","669d0b18e3a1ae0b5f7571ef","69d7901e3430d13455efb336","69e8c339945468bd919647b2","<p style=""font-size: 60px; font-family: FragmentMono"">VBQJMYFT</p>","","","training","","","","","","",""
"null","null","html-keyboard-response","151","220832","0.0-9.0-0.63","669d0b18e3a1ae0b5f7571ef","69d7901e3430d13455efb336","69e8c339945468bd919647b2","<p style=""font-size: 60px; font-family: FragmentMono"">DRNXRTGZX</p>","","","training","","","","","","",""
"null","null","html-keyboard-response","152","221834","0.0-9.0-0.64","669d0b18e3a1ae0b5f7571ef","69d7901e3430d13455efb336","69e8c339945468bd919647b2","<p style=""font-size: 60px; font-family: FragmentMono"">CGHNQRW</p>","","","training","","","","","","",""
"null","null","html-keyboard-response","153","222847","0.0-9.0-0.65","669d0b18e3a1ae0b5f7571ef","69d7901e3430d13455efb336","69e8c339945468bd919647b2","<p style=""font-size: 60px; font-family: FragmentMono"">DEIQVHGM</p>","","","training","","","","","","",""
"null","null","html-keyboard-response","154","223848","0.0-9.0-0.66","669d0b18e3a1ae0b5f7571ef","69d7901e3430d13455efb336","69e8c339945468bd919647b2","<p style=""font-size: 60px; font-family: FragmentMono"">EPKSPYB</p>","","","training","","","","","","",""
"null","null","html-keyboard-response","155","224857","0.0-9.0-0.67","669d0b18e3a1ae0b5f7571ef","69d7901e3430d13455efb336","69e8c339945468bd919647b2","<p style=""font-size: 60px; font-family: FragmentMono"">BIWILSF</p>","","","training","","","","","","",""
"null","null","html-keyboard-response","156","225872","0.0-9.0-0.68","669d0b18e3a1ae0b5f7571ef","69d7901e3430d13455efb336","69e8c339945468bd919647b2","<p style=""font-size: 60px; font-family: FragmentMono"">VBQJPYB</p>","","","training","","","","","","",""
"null","null","html-keyboard-response","157","226873","0.0-9.0-0.69","669d0b18e3a1ae0b5f7571ef","69d7901e3430d13455efb336","69e8c339945468bd919647b2","<p style=""font-size: 60px; font-family: FragmentMono"">BIWITGZX</p>","","","training","","","","","","",""
"null","null","html-keyboard-response","158","227880","0.0-9.0-0.70","669d0b18e3a1ae0b5f7571ef","69d7901e3430d13455efb336","69e8c339945468bd919647b2","<p style=""font-size: 60px; font-family: FragmentMono"">EPKSKYI</p>","","","training","","","","","","",""
"null","null","html-keyboard-response","159","228882","0.0-9.0-0.71","669d0b18e3a1ae0b5f7571ef","69d7901e3430d13455efb336","69e8c339945468bd919647b2","<p style=""font-size: 60px; font-family: FragmentMono"">ISLNMYFT</p>","","","training","","","","","","",""
"null","null","html-keyboard-response","160","229883","0.0-9.0-0.72","669d0b18e3a1ae0b5f7571ef","69d7901e3430d13455efb336","69e8c339945468bd919647b2","<p style=""font-size: 60px; font-family: FragmentMono"">WAEMITGZX</p>","","","training","","","","","","",""
"null","null","html-keyboard-response","161","230896","0.0-9.0-0.73","669d0b18e3a1ae0b5f7571ef","69d7901e3430d13455efb336","69e8c339945468bd919647b2","<p style=""font-size: 60px; font-family: FragmentMono"">BZBJSFYG</p>","","","training","","","","","","",""
"null","null","html-keyboard-response","162","231911","0.0-9.0-0.74","669d0b18e3a1ae0b5f7571ef","69d7901e3430d13455efb336","69e8c339945468bd919647b2","<p style=""font-size: 60px; font-family: FragmentMono"">ISLNQAIT</p>","","","training","","","","","","",""
"null","null","html-keyboard-response","163","232912","0.0-9.0-0.75","669d0b18e3a1ae0b5f7571ef","69d7901e3430d13455efb336","69e8c339945468bd919647b2","<p style=""font-size: 60px; font-family: FragmentMono"">DEIQLSF</p>","","","training","","","","","","",""
"null","null","html-keyboard-response","164","233913","0.0-9.0-0.76","669d0b18e3a1ae0b5f7571ef","69d7901e3430d13455efb336","69e8c339945468bd919647b2","<p style=""font-size: 60px; font-family: FragmentMono"">UYBKDMYFT</p>","","","training","","","","","","",""
"null","null","html-keyboard-response","165","234921","0.0-9.0-0.77","669d0b18e3a1ae0b5f7571ef","69d7901e3430d13455efb336","69e8c339945468bd919647b2","<p style=""font-size: 60px; font-family: FragmentMono"">VBQJQRW</p>","","","training","","","","","","",""
"null","null","html-keyboard-response","166","235925","0.0-9.0-0.78","669d0b18e3a1ae0b5f7571ef","69d7901e3430d13455efb336","69e8c339945468bd919647b2","<p style=""font-size: 60px; font-family: FragmentMono"">IBDLLMYFT</p>","","","training","","","","","","",""
"null","null","html-keyboard-response","167","236942","0.0-9.0-0.79","669d0b18e3a1ae0b5f7571ef","69d7901e3430d13455efb336","69e8c339945468bd919647b2","<p style=""font-size: 60px; font-family: FragmentMono"">KZLHICAVY</p>","","","training","","","","","","",""
"4010"," ","html-keyboard-response","168","240953","0.0-10.0","669d0b18e3a1ae0b5f7571ef","69d7901e3430d13455efb336","69e8c339945468bd919647b2","<p style=""font-size: 30px"">Great, you've seen the second block of words. You may now take a short break.</p>
      <p style=""font-size: 30px"">Press the spacebar when you're ready to continue.</p>","","","","","","","","","",""
"null","null","html-keyboard-response","169","241954","0.0-11.0-0.0","669d0b18e3a1ae0b5f7571ef","69d7901e3430d13455efb336","69e8c339945468bd919647b2","<p style=""font-size: 60px; font-family: FragmentMono"">ISLNMYFT</p>","","","training","","","","","","",""
"null","null","html-keyboard-response","170","242954","0.0-11.0-0.1","669d0b18e3a1ae0b5f7571ef","69d7901e3430d13455efb336","69e8c339945468bd919647b2","<p style=""font-size: 60px; font-family: FragmentMono"">UBSUKYI</p>","","","training","","","","","","",""
"null","null","html-keyboard-response","171","243959","0.0-11.0-0.2","669d0b18e3a1ae0b5f7571ef","69d7901e3430d13455efb336","69e8c339945468bd919647b2","<p style=""font-size: 60px; font-family: FragmentMono"">GNFQWQRW</p>","","","training","","","","","","",""
"null","null","html-keyboard-response","172","244963","0.0-11.0-0.3","669d0b18e3a1ae0b5f7571ef","69d7901e3430d13455efb336","69e8c339945468bd919647b2","<p style=""font-size: 60px; font-family: FragmentMono"">KZLHIFYG</p>","","","training","","","","","","",""
"null","null","html-keyboard-response","173","245965","0.0-11.0-0.4","669d0b18e3a1ae0b5f7571ef","69d7901e3430d13455efb336","69e8c339945468bd919647b2","<p style=""font-size: 60px; font-family: FragmentMono"">QWBSJLSF</p>","","","training","","","","","","",""
"null","null","html-keyboard-response","174","246965","0.0-11.0-0.5","669d0b18e3a1ae0b5f7571ef","69d7901e3430d13455efb336","69e8c339945468bd919647b2","<p style=""font-size: 60px; font-family: FragmentMono"">DRNXRTGZX</p>","","","training","","","","","","",""
"null","null","html-keyboard-response","175","247967","0.0-11.0-0.6","669d0b18e3a1ae0b5f7571ef","69d7901e3430d13455efb336","69e8c339945468bd919647b2","<p style=""font-size: 60px; font-family: FragmentMono"">CGHNQAIT</p>","","","training","","","","","","",""
"null","null","html-keyboard-response","176","248982","0.0-11.0-0.7","669d0b18e3a1ae0b5f7571ef","69d7901e3430d13455efb336","69e8c339945468bd919647b2","<p style=""font-size: 60px; font-family: FragmentMono"">UYBKDPYB</p>","","","training","","","","","","",""
"null","null","html-keyboard-response","177","249983","0.0-11.0-0.8","669d0b18e3a1ae0b5f7571ef","69d7901e3430d13455efb336","69e8c339945468bd919647b2","<p style=""font-size: 60px; font-family: FragmentMono"">ISLNQAIT</p>","","","training","","","","","","",""
"null","null","html-keyboard-response","178","250990","0.0-11.0-0.9","669d0b18e3a1ae0b5f7571ef","69d7901e3430d13455efb336","69e8c339945468bd919647b2","<p style=""font-size: 60px; font-family: FragmentMono"">HPWYCAVY</p>","","","training","","","","","","",""
"null","null","html-keyboard-response","179","251991","0.0-11.0-0.10","669d0b18e3a1ae0b5f7571ef","69d7901e3430d13455efb336","69e8c339945468bd919647b2","<p style=""font-size: 60px; font-family: FragmentMono"">UXBMVHGM</p>","","","training","","","","","","",""
"null","null","html-keyboard-response","180","252992","0.0-11.0-0.11","669d0b18e3a1ae0b5f7571ef","69d7901e3430d13455efb336","69e8c339945468bd919647b2","<p style=""font-size: 60px; font-family: FragmentMono"">GNFQWPYB</p>","","","training","","","","","","",""
"null","null","html-keyboard-response","181","253993","0.0-11.0-0.12","669d0b18e3a1ae0b5f7571ef","69d7901e3430d13455efb336","69e8c339945468bd919647b2","<p style=""font-size: 60px; font-family: FragmentMono"">KZLHICAVY</p>","","","training","","","","","","",""
"null","null","html-keyboard-response","182","255004","0.0-11.0-0.13","669d0b18e3a1ae0b5f7571ef","69d7901e3430d13455efb336","69e8c339945468bd919647b2","<p style=""font-size: 60px; font-family: FragmentMono"">DEIQFYG</p>","","","training","","","","","","",""
"null","null","html-keyboard-response","183","256004","0.0-11.0-0.14","669d0b18e3a1ae0b5f7571ef","69d7901e3430d13455efb336","69e8c339945468bd919647b2","<p style=""font-size: 60px; font-family: FragmentMono"">IBDLLMYFT</p>","","","training","","","","","","",""
"null","null","html-keyboard-response","184","257005","0.0-11.0-0.15","669d0b18e3a1ae0b5f7571ef","69d7901e3430d13455efb336","69e8c339945468bd919647b2","<p style=""font-size: 60px; font-family: FragmentMono"">WFQNZKYI</p>","","","training","","","","","","",""
"null","null","html-keyboard-response","185","258006","0.0-11.0-0.16","669d0b18e3a1ae0b5f7571ef","69d7901e3430d13455efb336","69e8c339945468bd919647b2","<p style=""font-size: 60px; font-family: FragmentMono"">UYBKDQRW</p>","","","training","","","","","","",""
"null","null","html-keyboard-response","186","259007","0.0-11.0-0.17","669d0b18e3a1ae0b5f7571ef","69d7901e3430d13455efb336","69e8c339945468bd919647b2","<p style=""font-size: 60px; font-family: FragmentMono"">ISLNPYB</p>","","","training","","","","","","",""
"null","null","html-keyboard-response","187","260008","0.0-11.0-0.18","669d0b18e3a1ae0b5f7571ef","69d7901e3430d13455efb336","69e8c339945468bd919647b2","<p style=""font-size: 60px; font-family: FragmentMono"">WFQNZQAIT</p>","","","training","","","","","","",""
"null","null","html-keyboard-response","188","261023","0.0-11.0-0.19","669d0b18e3a1ae0b5f7571ef","69d7901e3430d13455efb336","69e8c339945468bd919647b2","<p style=""font-size: 60px; font-family: FragmentMono"">UXBMCAVY</p>","","","training","","","","","","",""
"null","null","html-keyboard-response","189","262024","0.0-11.0-0.20","669d0b18e3a1ae0b5f7571ef","69d7901e3430d13455efb336","69e8c339945468bd919647b2","<p style=""font-size: 60px; font-family: FragmentMono"">IBDLLPYB</p>","","","training","","","","","","",""
"null","null","html-keyboard-response","190","263036","0.0-11.0-0.21","669d0b18e3a1ae0b5f7571ef","69d7901e3430d13455efb336","69e8c339945468bd919647b2","<p style=""font-size: 60px; font-family: FragmentMono"">BIWIVHGM</p>","","","training","","","","","","",""
"null","null","html-keyboard-response","191","264036","0.0-11.0-0.22","669d0b18e3a1ae0b5f7571ef","69d7901e3430d13455efb336","69e8c339945468bd919647b2","<p style=""font-size: 60px; font-family: FragmentMono"">WAEMIFYG</p>","","","training","","","","","","",""
"null","null","html-keyboard-response","192","265048","0.0-11.0-0.23","669d0b18e3a1ae0b5f7571ef","69d7901e3430d13455efb336","69e8c339945468bd919647b2","<p style=""font-size: 60px; font-family: FragmentMono"">WFQNZMYFT</p>","","","training","","","","","","",""
"null","null","html-keyboard-response","193","266056","0.0-11.0-0.24","669d0b18e3a1ae0b5f7571ef","69d7901e3430d13455efb336","69e8c339945468bd919647b2","<p style=""font-size: 60px; font-family: FragmentMono"">KUQVMLSF</p>","","","training","","","","","","",""
"null","null","html-keyboard-response","194","267058","0.0-11.0-0.25","669d0b18e3a1ae0b5f7571ef","69d7901e3430d13455efb336","69e8c339945468bd919647b2","<p style=""font-size: 60px; font-family: FragmentMono"">UBSUQRW</p>","","","training","","","","","","",""
"null","null","html-keyboard-response","195","268058","0.0-11.0-0.26","669d0b18e3a1ae0b5f7571ef","69d7901e3430d13455efb336","69e8c339945468bd919647b2","<p style=""font-size: 60px; font-family: FragmentMono"">WAEMITGZX</p>","","","training","","","","","","",""
"null","null","html-keyboard-response","196","269060","0.0-11.0-0.27","669d0b18e3a1ae0b5f7571ef","69d7901e3430d13455efb336","69e8c339945468bd919647b2","<p style=""font-size: 60px; font-family: FragmentMono"">HPWYFYG</p>","","","training","","","","","","",""
"null","null","html-keyboard-response","197","270064","0.0-11.0-0.28","669d0b18e3a1ae0b5f7571ef","69d7901e3430d13455efb336","69e8c339945468bd919647b2","<p style=""font-size: 60px; font-family: FragmentMono"">BZBJSCAVY</p>","","","training","","","","","","",""
"null","null","html-keyboard-response","198","271066","0.0-11.0-0.29","669d0b18e3a1ae0b5f7571ef","69d7901e3430d13455efb336","69e8c339945468bd919647b2","<p style=""font-size: 60px; font-family: FragmentMono"">WFQNZQRW</p>","","","training","","","","","","",""
"null","null","html-keyboard-response","199","272068","0.0-11.0-0.30","669d0b18e3a1ae0b5f7571ef","69d7901e3430d13455efb336","69e8c339945468bd919647b2","<p style=""font-size: 60px; font-family: FragmentMono"">QWBSJFYG</p>","","","training","","","","","","",""
"null","null","html-keyboard-response","200","273069","0.0-11.0-0.31","669d0b18e3a1ae0b5f7571ef","69d7901e3430d13455efb336","69e8c339945468bd919647b2","<p style=""font-size: 60px; font-family: FragmentMono"">UYBKDMYFT</p>","","","training","","","","","","",""
"null","null","html-keyboard-response","201","274069","0.0-11.0-0.32","669d0b18e3a1ae0b5f7571ef","69d7901e3430d13455efb336","69e8c339945468bd919647b2","<p style=""font-size: 60px; font-family: FragmentMono"">ISLNKYI</p>","","","training","","","","","","",""
"null","null","html-keyboard-response","202","275070","0.0-11.0-0.33","669d0b18e3a1ae0b5f7571ef","69d7901e3430d13455efb336","69e8c339945468bd919647b2","<p style=""font-size: 60px; font-family: FragmentMono"">BZBJSTGZX</p>","","","training","","","","","","",""
"null","null","html-keyboard-response","203","276071","0.0-11.0-0.34","669d0b18e3a1ae0b5f7571ef","69d7901e3430d13455efb336","69e8c339945468bd919647b2","<p style=""font-size: 60px; font-family: FragmentMono"">CGHNMYFT</p>","","","training","","","","","","",""
"null","null","html-keyboard-response","204","277074","0.0-11.0-0.35","669d0b18e3a1ae0b5f7571ef","69d7901e3430d13455efb336","69e8c339945468bd919647b2","<p style=""font-size: 60px; font-family: FragmentMono"">UBSUQAIT</p>","","","training","","","","","","",""
"null","null","html-keyboard-response","205","278074","0.0-11.0-0.36","669d0b18e3a1ae0b5f7571ef","69d7901e3430d13455efb336","69e8c339945468bd919647b2","<p style=""font-size: 60px; font-family: FragmentMono"">QWBSJVHGM</p>","","","training","","","","","","",""
"null","null","html-keyboard-response","206","279076","0.0-11.0-0.37","669d0b18e3a1ae0b5f7571ef","69d7901e3430d13455efb336","69e8c339945468bd919647b2","<p style=""font-size: 60px; font-family: FragmentMono"">UXBMTGZX</p>","","","training","","","","","","",""
"null","null","html-keyboard-response","207","280076","0.0-11.0-0.38","669d0b18e3a1ae0b5f7571ef","69d7901e3430d13455efb336","69e8c339945468bd919647b2","<p style=""font-size: 60px; font-family: FragmentMono"">DRNXRFYG</p>","","","training","","","","","","",""
"null","null","html-keyboard-response","208","281078","0.0-11.0-0.39","669d0b18e3a1ae0b5f7571ef","69d7901e3430d13455efb336","69e8c339945468bd919647b2","<p style=""font-size: 60px; font-family: FragmentMono"">BABJQRW</p>","","","training","","","","","","",""
"null","null","html-keyboard-response","209","282085","0.0-11.0-0.40","669d0b18e3a1ae0b5f7571ef","69d7901e3430d13455efb336","69e8c339945468bd919647b2","<p style=""font-size: 60px; font-family: FragmentMono"">WAEMICAVY</p>","","","training","","","","","","",""
"null","null","html-keyboard-response","210","283086","0.0-11.0-0.41","669d0b18e3a1ae0b5f7571ef","69d7901e3430d13455efb336","69e8c339945468bd919647b2","<p style=""font-size: 60px; font-family: FragmentMono"">KUQVMFYG</p>","","","training","","","","","","",""
"null","null","html-keyboard-response","211","284099","0.0-11.0-0.42","669d0b18e3a1ae0b5f7571ef","69d7901e3430d13455efb336","69e8c339945468bd919647b2","<p style=""font-size: 60px; font-family: FragmentMono"">GNFQWKYI</p>","","","training","","","","","","",""
"null","null","html-keyboard-response","212","285114","0.0-11.0-0.43","669d0b18e3a1ae0b5f7571ef","69d7901e3430d13455efb336","69e8c339945468bd919647b2","<p style=""font-size: 60px; font-family: FragmentMono"">DEIQVHGM</p>","","","training","","","","","","",""
"null","null","html-keyboard-response","213","286128","0.0-11.0-0.44","669d0b18e3a1ae0b5f7571ef","69d7901e3430d13455efb336","69e8c339945468bd919647b2","<p style=""font-size: 60px; font-family: FragmentMono"">EPKSKYI</p>","","","training","","","","","","",""
"null","null","html-keyboard-response","214","287129","0.0-11.0-0.45","669d0b18e3a1ae0b5f7571ef","69d7901e3430d13455efb336","69e8c339945468bd919647b2","<p style=""font-size: 60px; font-family: FragmentMono"">VBQJPYB</p>","","","training","","","","","","",""
"null","null","html-keyboard-response","215","288139","0.0-11.0-0.46","669d0b18e3a1ae0b5f7571ef","69d7901e3430d13455efb336","69e8c339945468bd919647b2","<p style=""font-size: 60px; font-family: FragmentMono"">GNFQWQAIT</p>","","","training","","","","","","",""
"null","null","html-keyboard-response","216","289140","0.0-11.0-0.47","669d0b18e3a1ae0b5f7571ef","69d7901e3430d13455efb336","69e8c339945468bd919647b2","<p style=""font-size: 60px; font-family: FragmentMono"">EPKSQRW</p>","","","training","","","","","","",""
"null","null","html-keyboard-response","217","290142","0.0-11.0-0.48","669d0b18e3a1ae0b5f7571ef","69d7901e3430d13455efb336","69e8c339945468bd919647b2","<p style=""font-size: 60px; font-family: FragmentMono"">IBDLLQAIT</p>","","","training","","","","","","",""
"null","null","html-keyboard-response","218","291145","0.0-11.0-0.49","669d0b18e3a1ae0b5f7571ef","69d7901e3430d13455efb336","69e8c339945468bd919647b2","<p style=""font-size: 60px; font-family: FragmentMono"">HPWYTGZX</p>","","","training","","","","","","",""
"null","null","html-keyboard-response","219","292156","0.0-11.0-0.50","669d0b18e3a1ae0b5f7571ef","69d7901e3430d13455efb336","69e8c339945468bd919647b2","<p style=""font-size: 60px; font-family: FragmentMono"">UYBKDKYI</p>","","","training","","","","","","",""
"null","null","html-keyboard-response","220","293157","0.0-11.0-0.51","669d0b18e3a1ae0b5f7571ef","69d7901e3430d13455efb336","69e8c339945468bd919647b2","<p style=""font-size: 60px; font-family: FragmentMono"">BZBJSFYG</p>","","","training","","","","","","",""
"null","null","html-keyboard-response","221","294160","0.0-11.0-0.52","669d0b18e3a1ae0b5f7571ef","69d7901e3430d13455efb336","69e8c339945468bd919647b2","<p style=""font-size: 60px; font-family: FragmentMono"">VBQJKYI</p>","","","training","","","","","","",""
"null","null","html-keyboard-response","222","295161","0.0-11.0-0.53","669d0b18e3a1ae0b5f7571ef","69d7901e3430d13455efb336","69e8c339945468bd919647b2","<p style=""font-size: 60px; font-family: FragmentMono"">BABJQAIT</p>","","","training","","","","","","",""
"null","null","html-keyboard-response","223","296162","0.0-11.0-0.54","669d0b18e3a1ae0b5f7571ef","69d7901e3430d13455efb336","69e8c339945468bd919647b2","<p style=""font-size: 60px; font-family: FragmentMono"">HPWYVHGM</p>","","","training","","","","","","",""
"null","null","html-keyboard-response","224","297172","0.0-11.0-0.55","669d0b18e3a1ae0b5f7571ef","69d7901e3430d13455efb336","69e8c339945468bd919647b2","<p style=""font-size: 60px; font-family: FragmentMono"">CGHNQRW</p>","","","training","","","","","","",""
"null","null","html-keyboard-response","225","298173","0.0-11.0-0.56","669d0b18e3a1ae0b5f7571ef","69d7901e3430d13455efb336","69e8c339945468bd919647b2","<p style=""font-size: 60px; font-family: FragmentMono"">BZBJSLSF</p>","","","training","","","","","","",""
"null","null","html-keyboard-response","226","299184","0.0-11.0-0.57","669d0b18e3a1ae0b5f7571ef","69d7901e3430d13455efb336","69e8c339945468bd919647b2","<p style=""font-size: 60px; font-family: FragmentMono"">IBDLLKYI</p>","","","training","","","","","","",""
"null","null","html-keyboard-response","227","300185","0.0-11.0-0.58","669d0b18e3a1ae0b5f7571ef","69d7901e3430d13455efb336","69e8c339945468bd919647b2","<p style=""font-size: 60px; font-family: FragmentMono"">KZLHILSF</p>","","","training","","","","","","",""
"null","null","html-keyboard-response","228","301186","0.0-11.0-0.59","669d0b18e3a1ae0b5f7571ef","69d7901e3430d13455efb336","69e8c339945468bd919647b2","<p style=""font-size: 60px; font-family: FragmentMono"">VBQJMYFT</p>","","","training","","","","","","",""
"null","null","html-keyboard-response","229","302192","0.0-11.0-0.60","669d0b18e3a1ae0b5f7571ef","69d7901e3430d13455efb336","69e8c339945468bd919647b2","<p style=""font-size: 60px; font-family: FragmentMono"">DRNXRLSF</p>","","","training","","","","","","",""
"null","null","html-keyboard-response","230","303193","0.0-11.0-0.61","669d0b18e3a1ae0b5f7571ef","69d7901e3430d13455efb336","69e8c339945468bd919647b2","<p style=""font-size: 60px; font-family: FragmentMono"">EPKSPYB</p>","","","training","","","","","","",""
"null","null","html-keyboard-response","231","304193","0.0-11.0-0.62","669d0b18e3a1ae0b5f7571ef","69d7901e3430d13455efb336","69e8c339945468bd919647b2","<p style=""font-size: 60px; font-family: FragmentMono"">BABJMYFT</p>","","","training","","","","","","",""
"null","null","html-keyboard-response","232","305194","0.0-11.0-0.63","669d0b18e3a1ae0b5f7571ef","69d7901e3430d13455efb336","69e8c339945468bd919647b2","<p style=""font-size: 60px; font-family: FragmentMono"">DEIQTGZX</p>","","","training","","","","","","",""
"null","null","html-keyboard-response","233","306194","0.0-11.0-0.64","669d0b18e3a1ae0b5f7571ef","69d7901e3430d13455efb336","69e8c339945468bd919647b2","<p style=""font-size: 60px; font-family: FragmentMono"">WAEMIVHGM</p>","","","training","","","","","","",""
"null","null","html-keyboard-response","234","307196","0.0-11.0-0.65","669d0b18e3a1ae0b5f7571ef","69d7901e3430d13455efb336","69e8c339945468bd919647b2","<p style=""font-size: 60px; font-family: FragmentMono"">UBSUMYFT</p>","","","training","","","","","","",""
"null","null","html-keyboard-response","235","308196","0.0-11.0-0.66","669d0b18e3a1ae0b5f7571ef","69d7901e3430d13455efb336","69e8c339945468bd919647b2","<p style=""font-size: 60px; font-family: FragmentMono"">DEIQLSF</p>","","","training","","","","","","",""
"null","null","html-keyboard-response","236","309201","0.0-11.0-0.67","669d0b18e3a1ae0b5f7571ef","69d7901e3430d13455efb336","69e8c339945468bd919647b2","<p style=""font-size: 60px; font-family: FragmentMono"">QWBSJTGZX</p>","","","training","","","","","","",""
"null","null","html-keyboard-response","237","310202","0.0-11.0-0.68","669d0b18e3a1ae0b5f7571ef","69d7901e3430d13455efb336","69e8c339945468bd919647b2","<p style=""font-size: 60px; font-family: FragmentMono"">BIWICAVY</p>","","","training","","","","","","",""
"null","null","html-keyboard-response","238","311203","0.0-11.0-0.69","669d0b18e3a1ae0b5f7571ef","69d7901e3430d13455efb336","69e8c339945468bd919647b2","<p style=""font-size: 60px; font-family: FragmentMono"">KUQVMVHGM</p>","","","training","","","","","","",""
"null","null","html-keyboard-response","239","312213","0.0-11.0-0.70","669d0b18e3a1ae0b5f7571ef","69d7901e3430d13455efb336","69e8c339945468bd919647b2","<p style=""font-size: 60px; font-family: FragmentMono"">VBQJQRW</p>","","","training","","","","","","",""
"null","null","html-keyboard-response","240","313213","0.0-11.0-0.71","669d0b18e3a1ae0b5f7571ef","69d7901e3430d13455efb336","69e8c339945468bd919647b2","<p style=""font-size: 60px; font-family: FragmentMono"">EPKSQAIT</p>","","","training","","","","","","",""
"null","null","html-keyboard-response","241","314222","0.0-11.0-0.72","669d0b18e3a1ae0b5f7571ef","69d7901e3430d13455efb336","69e8c339945468bd919647b2","<p style=""font-size: 60px; font-family: FragmentMono"">BABJPYB</p>","","","training","","","","","","",""
"null","null","html-keyboard-response","242","315238","0.0-11.0-0.73","669d0b18e3a1ae0b5f7571ef","69d7901e3430d13455efb336","69e8c339945468bd919647b2","<p style=""font-size: 60px; font-family: FragmentMono"">UXBMLSF</p>","","","training","","","","","","",""
"null","null","html-keyboard-response","243","316239","0.0-11.0-0.74","669d0b18e3a1ae0b5f7571ef","69d7901e3430d13455efb336","69e8c339945468bd919647b2","<p style=""font-size: 60px; font-family: FragmentMono"">KUQVMCAVY</p>","","","training","","","","","","",""
"null","null","html-keyboard-response","244","317240","0.0-11.0-0.75","669d0b18e3a1ae0b5f7571ef","69d7901e3430d13455efb336","69e8c339945468bd919647b2","<p style=""font-size: 60px; font-family: FragmentMono"">BIWITGZX</p>","","","training","","","","","","",""
"null","null","html-keyboard-response","245","318249","0.0-11.0-0.76","669d0b18e3a1ae0b5f7571ef","69d7901e3430d13455efb336","69e8c339945468bd919647b2","<p style=""font-size: 60px; font-family: FragmentMono"">DRNXRCAVY</p>","","","training","","","","","","",""
"null","null","html-keyboard-response","246","319253","0.0-11.0-0.77","669d0b18e3a1ae0b5f7571ef","69d7901e3430d13455efb336","69e8c339945468bd919647b2","<p style=""font-size: 60px; font-family: FragmentMono"">CGHNPYB</p>","","","training","","","","","","",""
"null","null","html-keyboard-response","247","320269","0.0-11.0-0.78","669d0b18e3a1ae0b5f7571ef","69d7901e3430d13455efb336","69e8c339945468bd919647b2","<p style=""font-size: 60px; font-family: FragmentMono"">KZLHIVHGM</p>","","","training","","","","","","",""
"null","null","html-keyboard-response","248","321270","0.0-11.0-0.79","669d0b18e3a1ae0b5f7571ef","69d7901e3430d13455efb336","69e8c339945468bd919647b2","<p style=""font-size: 60px; font-family: FragmentMono"">BIWILSF</p>","","","training","","","","","","",""
"12125"," ","html-keyboard-response","249","333395","0.0-12.0","669d0b18e3a1ae0b5f7571ef","69d7901e3430d13455efb336","69e8c339945468bd919647b2","<p style=""font-size: 30px"">Great, you've seen the third block of words. You may now take a short break.</p>
      <p style=""font-size: 30px"">Press the spacebar when you're ready to continue.</p>","","","","","","","","","",""
"null","null","html-keyboard-response","250","334406","0.0-13.0-0.0","669d0b18e3a1ae0b5f7571ef","69d7901e3430d13455efb336","69e8c339945468bd919647b2","<p style=""font-size: 60px; font-family: FragmentMono"">QWBSJFYG</p>","","","training","","","","","","",""
"null","null","html-keyboard-response","251","335407","0.0-13.0-0.1","669d0b18e3a1ae0b5f7571ef","69d7901e3430d13455efb336","69e8c339945468bd919647b2","<p style=""font-size: 60px; font-family: FragmentMono"">VBQJKYI</p>","","","training","","","","","","",""
"null","null","html-keyboard-response","252","336408","0.0-13.0-0.2","669d0b18e3a1ae0b5f7571ef","69d7901e3430d13455efb336","69e8c339945468bd919647b2","<p style=""font-size: 60px; font-family: FragmentMono"">HPWYTGZX</p>","","","training","","","","","","",""
"null","null","html-keyboard-response","253","337408","0.0-13.0-0.3","669d0b18e3a1ae0b5f7571ef","69d7901e3430d13455efb336","69e8c339945468bd919647b2","<p style=""font-size: 60px; font-family: FragmentMono"">WFQNZKYI</p>","","","training","","","","","","",""
"null","null","html-keyboard-response","254","338412","0.0-13.0-0.4","669d0b18e3a1ae0b5f7571ef","69d7901e3430d13455efb336","69e8c339945468bd919647b2","<p style=""font-size: 60px; font-family: FragmentMono"">UBSUQAIT</p>","","","training","","","","","","",""
"null","null","html-keyboard-response","255","339416","0.0-13.0-0.5","669d0b18e3a1ae0b5f7571ef","69d7901e3430d13455efb336","69e8c339945468bd919647b2","<p style=""font-size: 60px; font-family: FragmentMono"">BABJPYB</p>","","","training","","","","","","",""
"null","null","html-keyboard-response","256","340431","0.0-13.0-0.6","669d0b18e3a1ae0b5f7571ef","69d7901e3430d13455efb336","69e8c339945468bd919647b2","<p style=""font-size: 60px; font-family: FragmentMono"">DRNXRCAVY</p>","","","training","","","","","","",""
"null","null","html-keyboard-response","257","341437","0.0-13.0-0.7","669d0b18e3a1ae0b5f7571ef","69d7901e3430d13455efb336","69e8c339945468bd919647b2","<p style=""font-size: 60px; font-family: FragmentMono"">CGHNMYFT</p>","","","training","","","","","","",""
"null","null","html-keyboard-response","258","342439","0.0-13.0-0.8","669d0b18e3a1ae0b5f7571ef","69d7901e3430d13455efb336","69e8c339945468bd919647b2","<p style=""font-size: 60px; font-family: FragmentMono"">KUQVMFYG</p>","","","training","","","","","","",""
"null","null","html-keyboard-response","259","343439","0.0-13.0-0.9","669d0b18e3a1ae0b5f7571ef","69d7901e3430d13455efb336","69e8c339945468bd919647b2","<p style=""font-size: 60px; font-family: FragmentMono"">QWBSJTGZX</p>","","","training","","","","","","",""
"null","null","html-keyboard-response","260","344441","0.0-13.0-0.10","669d0b18e3a1ae0b5f7571ef","69d7901e3430d13455efb336","69e8c339945468bd919647b2","<p style=""font-size: 60px; font-family: FragmentMono"">UXBMVHGM</p>","","","training","","","","","","",""
"null","null","html-keyboard-response","261","345444","0.0-13.0-0.11","669d0b18e3a1ae0b5f7571ef","69d7901e3430d13455efb336","69e8c339945468bd919647b2","<p style=""font-size: 60px; font-family: FragmentMono"">GNFQWKYI</p>","","","training","","","","","","",""
"null","null","html-keyboard-response","262","346455","0.0-13.0-0.12","669d0b18e3a1ae0b5f7571ef","69d7901e3430d13455efb336","69e8c339945468bd919647b2","<p style=""font-size: 60px; font-family: FragmentMono"">BABJQRW</p>","","","training","","","","","","",""
"null","null","html-keyboard-response","263","347457","0.0-13.0-0.13","669d0b18e3a1ae0b5f7571ef","69d7901e3430d13455efb336","69e8c339945468bd919647b2","<p style=""font-size: 60px; font-family: FragmentMono"">QWBSJVHGM</p>","","","training","","","","","","",""
"null","null","html-keyboard-response","264","348458","0.0-13.0-0.14","669d0b18e3a1ae0b5f7571ef","69d7901e3430d13455efb336","69e8c339945468bd919647b2","<p style=""font-size: 60px; font-family: FragmentMono"">UYBKDPYB</p>","","","training","","","","","","",""
"null","null","html-keyboard-response","265","349472","0.0-13.0-0.15","669d0b18e3a1ae0b5f7571ef","69d7901e3430d13455efb336","69e8c339945468bd919647b2","<p style=""font-size: 60px; font-family: FragmentMono"">UXBMTGZX</p>","","","training","","","","","","",""
"null","null","html-keyboard-response","266","350473","0.0-13.0-0.16","669d0b18e3a1ae0b5f7571ef","69d7901e3430d13455efb336","69e8c339945468bd919647b2","<p style=""font-size: 60px; font-family: FragmentMono"">WFQNZMYFT</p>","","","training","","","","","","",""
"null","null","html-keyboard-response","267","351475","0.0-13.0-0.17","669d0b18e3a1ae0b5f7571ef","69d7901e3430d13455efb336","69e8c339945468bd919647b2","<p style=""font-size: 60px; font-family: FragmentMono"">GNFQWQAIT</p>","","","training","","","","","","",""
"null","null","html-keyboard-response","268","352476","0.0-13.0-0.18","669d0b18e3a1ae0b5f7571ef","69d7901e3430d13455efb336","69e8c339945468bd919647b2","<p style=""font-size: 60px; font-family: FragmentMono"">IBDLLKYI</p>","","","training","","","","","","",""
"null","null","html-keyboard-response","269","353489","0.0-13.0-0.19","669d0b18e3a1ae0b5f7571ef","69d7901e3430d13455efb336","69e8c339945468bd919647b2","<p style=""font-size: 60px; font-family: FragmentMono"">BIWICAVY</p>","","","training","","","","","","",""
"null","null","html-keyboard-response","270","354499","0.0-13.0-0.20","669d0b18e3a1ae0b5f7571ef","69d7901e3430d13455efb336","69e8c339945468bd919647b2","<p style=""font-size: 60px; font-family: FragmentMono"">VBQJMYFT</p>","","","training","","","","","","",""
"null","null","html-keyboard-response","271","355500","0.0-13.0-0.21","669d0b18e3a1ae0b5f7571ef","69d7901e3430d13455efb336","69e8c339945468bd919647b2","<p style=""font-size: 60px; font-family: FragmentMono"">ISLNQAIT</p>","","","training","","","","","","",""
"null","null","html-keyboard-response","272","356504","0.0-13.0-0.22","669d0b18e3a1ae0b5f7571ef","69d7901e3430d13455efb336","69e8c339945468bd919647b2","<p style=""font-size: 60px; font-family: FragmentMono"">EPKSKYI</p>","","","training","","","","","","",""
"null","null","html-keyboard-response","273","357506","0.0-13.0-0.23","669d0b18e3a1ae0b5f7571ef","69d7901e3430d13455efb336","69e8c339945468bd919647b2","<p style=""font-size: 60px; font-family: FragmentMono"">ISLNPYB</p>","","","training","","","","","","",""
"null","null","html-keyboard-response","274","358507","0.0-13.0-0.24","669d0b18e3a1ae0b5f7571ef","69d7901e3430d13455efb336","69e8c339945468bd919647b2","<p style=""font-size: 60px; font-family: FragmentMono"">KZLHIVHGM</p>","","","training","","","","","","",""
"null","null","html-keyboard-response","275","359508","0.0-13.0-0.25","669d0b18e3a1ae0b5f7571ef","69d7901e3430d13455efb336","69e8c339945468bd919647b2","<p style=""font-size: 60px; font-family: FragmentMono"">BZBJSTGZX</p>","","","training","","","","","","",""
"null","null","html-keyboard-response","276","360509","0.0-13.0-0.26","669d0b18e3a1ae0b5f7571ef","69d7901e3430d13455efb336","69e8c339945468bd919647b2","<p style=""font-size: 60px; font-family: FragmentMono"">EPKSQRW</p>","","","training","","","","","","",""
"null","null","html-keyboard-response","277","361509","0.0-13.0-0.27","669d0b18e3a1ae0b5f7571ef","69d7901e3430d13455efb336","69e8c339945468bd919647b2","<p style=""font-size: 60px; font-family: FragmentMono"">UBSUMYFT</p>","","","training","","","","","","",""
"null","null","html-keyboard-response","278","362517","0.0-13.0-0.28","669d0b18e3a1ae0b5f7571ef","69d7901e3430d13455efb336","69e8c339945468bd919647b2","<p style=""font-size: 60px; font-family: FragmentMono"">HPWYVHGM</p>","","","training","","","","","","",""
"null","null","html-keyboard-response","279","363518","0.0-13.0-0.29","669d0b18e3a1ae0b5f7571ef","69d7901e3430d13455efb336","69e8c339945468bd919647b2","<p style=""font-size: 60px; font-family: FragmentMono"">DRNXRLSF</p>","","","training","","","","","","",""
"null","null","html-keyboard-response","280","364529","0.0-13.0-0.30","669d0b18e3a1ae0b5f7571ef","69d7901e3430d13455efb336","69e8c339945468bd919647b2","<p style=""font-size: 60px; font-family: FragmentMono"">IBDLLPYB</p>","","","training","","","","","","",""
"null","null","html-keyboard-response","281","365531","0.0-13.0-0.31","669d0b18e3a1ae0b5f7571ef","69d7901e3430d13455efb336","69e8c339945468bd919647b2","<p style=""font-size: 60px; font-family: FragmentMono"">KUQVMCAVY</p>","","","training","","","","","","",""
"null","null","html-keyboard-response","282","366532","0.0-13.0-0.32","669d0b18e3a1ae0b5f7571ef","69d7901e3430d13455efb336","69e8c339945468bd919647b2","<p style=""font-size: 60px; font-family: FragmentMono"">BIWILSF</p>","","","training","","","","","","",""
"null","null","html-keyboard-response","283","367535","0.0-13.0-0.33","669d0b18e3a1ae0b5f7571ef","69d7901e3430d13455efb336","69e8c339945468bd919647b2","<p style=""font-size: 60px; font-family: FragmentMono"">UYBKDQRW</p>","","","training","","","","","","",""
"null","null","html-keyboard-response","284","368535","0.0-13.0-0.34","669d0b18e3a1ae0b5f7571ef","69d7901e3430d13455efb336","69e8c339945468bd919647b2","<p style=""font-size: 60px; font-family: FragmentMono"">ISLNMYFT</p>","","","training","","","","","","",""
"null","null","html-keyboard-response","285","369540","0.0-13.0-0.35","669d0b18e3a1ae0b5f7571ef","69d7901e3430d13455efb336","69e8c339945468bd919647b2","<p style=""font-size: 60px; font-family: FragmentMono"">WAEMITGZX</p>","","","training","","","","","","",""
"null","null","html-keyboard-response","286","370547","0.0-13.0-0.36","669d0b18e3a1ae0b5f7571ef","69d7901e3430d13455efb336","69e8c339945468bd919647b2","<p style=""font-size: 60px; font-family: FragmentMono"">BABJQAIT</p>","","","training","","","","","","",""
"null","null","html-keyboard-response","287","371548","0.0-13.0-0.37","669d0b18e3a1ae0b5f7571ef","69d7901e3430d13455efb336","69e8c339945468bd919647b2","<p style=""font-size: 60px; font-family: FragmentMono"">BIWITGZX</p>","","","training","","","","","","",""
"null","null","html-keyboard-response","288","372549","0.0-13.0-0.38","669d0b18e3a1ae0b5f7571ef","69d7901e3430d13455efb336","69e8c339945468bd919647b2","<p style=""font-size: 60px; font-family: FragmentMono"">IBDLLQAIT</p>","","","training","","","","","","",""
"null","null","html-keyboard-response","289","373549","0.0-13.0-0.39","669d0b18e3a1ae0b5f7571ef","69d7901e3430d13455efb336","69e8c339945468bd919647b2","<p style=""font-size: 60px; font-family: FragmentMono"">UYBKDKYI</p>","","","training","","","","","","",""
"null","null","html-keyboard-response","290","374562","0.0-13.0-0.40","669d0b18e3a1ae0b5f7571ef","69d7901e3430d13455efb336","69e8c339945468bd919647b2","<p style=""font-size: 60px; font-family: FragmentMono"">WAEMIFYG</p>","","","training","","","","","","",""
"null","null","html-keyboard-response","291","375566","0.0-13.0-0.41","669d0b18e3a1ae0b5f7571ef","69d7901e3430d13455efb336","69e8c339945468bd919647b2","<p style=""font-size: 60px; font-family: FragmentMono"">CGHNPYB</p>","","","training","","","","","","",""
"null","null","html-keyboard-response","292","376569","0.0-13.0-0.42","669d0b18e3a1ae0b5f7571ef","69d7901e3430d13455efb336","69e8c339945468bd919647b2","<p style=""font-size: 60px; font-family: FragmentMono"">VBQJQRW</p>","","","training","","","","","","",""
"null","null","html-keyboard-response","293","377569","0.0-13.0-0.43","669d0b18e3a1ae0b5f7571ef","69d7901e3430d13455efb336","69e8c339945468bd919647b2","<p style=""font-size: 60px; font-family: FragmentMono"">IBDLLMYFT</p>","","","training","","","","","","",""
"null","null","html-keyboard-response","294","378570","0.0-13.0-0.44","669d0b18e3a1ae0b5f7571ef","69d7901e3430d13455efb336","69e8c339945468bd919647b2","<p style=""font-size: 60px; font-family: FragmentMono"">DRNXRTGZX</p>","","","training","","","","","","",""
"null","null","html-keyboard-response","295","379578","0.0-13.0-0.45","669d0b18e3a1ae0b5f7571ef","69d7901e3430d13455efb336","69e8c339945468bd919647b2","<p style=""font-size: 60px; font-family: FragmentMono"">EPKSPYB</p>","","","training","","","","","","",""
"null","null","html-keyboard-response","296","380580","0.0-13.0-0.46","669d0b18e3a1ae0b5f7571ef","69d7901e3430d13455efb336","69e8c339945468bd919647b2","<p style=""font-size: 60px; font-family: FragmentMono"">BABJMYFT</p>","","","training","","","","","","",""
"null","null","html-keyboard-response","297","381580","0.0-13.0-0.47","669d0b18e3a1ae0b5f7571ef","69d7901e3430d13455efb336","69e8c339945468bd919647b2","<p style=""font-size: 60px; font-family: FragmentMono"">WFQNZQRW</p>","","","training","","","","","","",""
"null","null","html-keyboard-response","298","382591","0.0-13.0-0.48","669d0b18e3a1ae0b5f7571ef","69d7901e3430d13455efb336","69e8c339945468bd919647b2","<p style=""font-size: 60px; font-family: FragmentMono"">CGHNQAIT</p>","","","training","","","","","","",""
"null","null","html-keyboard-response","299","383599","0.0-13.0-0.49","669d0b18e3a1ae0b5f7571ef","69d7901e3430d13455efb336","69e8c339945468bd919647b2","<p style=""font-size: 60px; font-family: FragmentMono"">DEIQTGZX</p>","","","training","","","","","","",""
"null","null","html-keyboard-response","300","384610","0.0-13.0-0.50","669d0b18e3a1ae0b5f7571ef","69d7901e3430d13455efb336","69e8c339945468bd919647b2","<p style=""font-size: 60px; font-family: FragmentMono"">ISLNKYI</p>","","","training","","","","","","",""
"null","null","html-keyboard-response","301","385611","0.0-13.0-0.51","669d0b18e3a1ae0b5f7571ef","69d7901e3430d13455efb336","69e8c339945468bd919647b2","<p style=""font-size: 60px; font-family: FragmentMono"">GNFQWPYB</p>","","","training","","","","","","",""
"null","null","html-keyboard-response","302","386622","0.0-13.0-0.52","669d0b18e3a1ae0b5f7571ef","69d7901e3430d13455efb336","69e8c339945468bd919647b2","<p style=""font-size: 60px; font-family: FragmentMono"">DEIQVHGM</p>","","","training","","","","","","",""
"null","null","html-keyboard-response","303","387636","0.0-13.0-0.53","669d0b18e3a1ae0b5f7571ef","69d7901e3430d13455efb336","69e8c339945468bd919647b2","<p style=""font-size: 60px; font-family: FragmentMono"">HPWYFYG</p>","","","training","","","","","","",""
"null","null","html-keyboard-response","304","388639","0.0-13.0-0.54","669d0b18e3a1ae0b5f7571ef","69d7901e3430d13455efb336","69e8c339945468bd919647b2","<p style=""font-size: 60px; font-family: FragmentMono"">KUQVMLSF</p>","","","training","","","","","","",""
"null","null","html-keyboard-response","305","389640","0.0-13.0-0.55","669d0b18e3a1ae0b5f7571ef","69d7901e3430d13455efb336","69e8c339945468bd919647b2","<p style=""font-size: 60px; font-family: FragmentMono"">GNFQWQRW</p>","","","training","","","","","","",""
"null","null","html-keyboard-response","306","390655","0.0-13.0-0.56","669d0b18e3a1ae0b5f7571ef","69d7901e3430d13455efb336","69e8c339945468bd919647b2","<p style=""font-size: 60px; font-family: FragmentMono"">HPWYCAVY</p>","","","training","","","","","","",""
"null","null","html-keyboard-response","307","391663","0.0-13.0-0.57","669d0b18e3a1ae0b5f7571ef","69d7901e3430d13455efb336","69e8c339945468bd919647b2","<p style=""font-size: 60px; font-family: FragmentMono"">BIWIVHGM</p>","","","training","","","","","","",""
"null","null","html-keyboard-response","308","392667","0.0-13.0-0.58","669d0b18e3a1ae0b5f7571ef","69d7901e3430d13455efb336","69e8c339945468bd919647b2","<p style=""font-size: 60px; font-family: FragmentMono"">UXBMLSF</p>","","","training","","","","","","",""
"null","null","html-keyboard-response","309","393668","0.0-13.0-0.59","669d0b18e3a1ae0b5f7571ef","69d7901e3430d13455efb336","69e8c339945468bd919647b2","<p style=""font-size: 60px; font-family: FragmentMono"">CGHNQRW</p>","","","training","","","","","","",""
"null","null","html-keyboard-response","310","394668","0.0-13.0-0.60","669d0b18e3a1ae0b5f7571ef","69d7901e3430d13455efb336","69e8c339945468bd919647b2","<p style=""font-size: 60px; font-family: FragmentMono"">UBSUKYI</p>","","","training","","","","","","",""
"null","null","html-keyboard-response","311","395669","0.0-13.0-0.61","669d0b18e3a1ae0b5f7571ef","69d7901e3430d13455efb336","69e8c339945468bd919647b2","<p style=""font-size: 60px; font-family: FragmentMono"">KZLHILSF</p>","","","training","","","","","","",""
"null","null","html-keyboard-response","312","396670","0.0-13.0-0.62","669d0b18e3a1ae0b5f7571ef","69d7901e3430d13455efb336","69e8c339945468bd919647b2","<p style=""font-size: 60px; font-family: FragmentMono"">WAEMIVHGM</p>","","","training","","","","","","",""
"null","null","html-keyboard-response","313","397672","0.0-13.0-0.63","669d0b18e3a1ae0b5f7571ef","69d7901e3430d13455efb336","69e8c339945468bd919647b2","<p style=""font-size: 60px; font-family: FragmentMono"">BZBJSFYG</p>","","","training","","","","","","",""
"null","null","html-keyboard-response","314","398678","0.0-13.0-0.64","669d0b18e3a1ae0b5f7571ef","69d7901e3430d13455efb336","69e8c339945468bd919647b2","<p style=""font-size: 60px; font-family: FragmentMono"">UYBKDMYFT</p>","","","training","","","","","","",""
"null","null","html-keyboard-response","315","399679","0.0-13.0-0.65","669d0b18e3a1ae0b5f7571ef","69d7901e3430d13455efb336","69e8c339945468bd919647b2","<p style=""font-size: 60px; font-family: FragmentMono"">EPKSQAIT</p>","","","training","","","","","","",""
"null","null","html-keyboard-response","316","400684","0.0-13.0-0.66","669d0b18e3a1ae0b5f7571ef","69d7901e3430d13455efb336","69e8c339945468bd919647b2","<p style=""font-size: 60px; font-family: FragmentMono"">KZLHICAVY</p>","","","training","","","","","","",""
"null","null","html-keyboard-response","317","401685","0.0-13.0-0.67","669d0b18e3a1ae0b5f7571ef","69d7901e3430d13455efb336","69e8c339945468bd919647b2","<p style=""font-size: 60px; font-family: FragmentMono"">BZBJSLSF</p>","","","training","","","","","","",""
"null","null","html-keyboard-response","318","402695","0.0-13.0-0.68","669d0b18e3a1ae0b5f7571ef","69d7901e3430d13455efb336","69e8c339945468bd919647b2","<p style=""font-size: 60px; font-family: FragmentMono"">VBQJPYB</p>","","","training","","","","","","",""
"null","null","html-keyboard-response","319","403696","0.0-13.0-0.69","669d0b18e3a1ae0b5f7571ef","69d7901e3430d13455efb336","69e8c339945468bd919647b2","<p style=""font-size: 60px; font-family: FragmentMono"">WAEMICAVY</p>","","","training","","","","","","",""
"null","null","html-keyboard-response","320","404697","0.0-13.0-0.70","669d0b18e3a1ae0b5f7571ef","69d7901e3430d13455efb336","69e8c339945468bd919647b2","<p style=""font-size: 60px; font-family: FragmentMono"">DRNXRFYG</p>","","","training","","","","","","",""
"null","null","html-keyboard-response","321","405708","0.0-13.0-0.71","669d0b18e3a1ae0b5f7571ef","69d7901e3430d13455efb336","69e8c339945468bd919647b2","<p style=""font-size: 60px; font-family: FragmentMono"">UXBMCAVY</p>","","","training","","","","","","",""
"null","null","html-keyboard-response","322","406709","0.0-13.0-0.72","669d0b18e3a1ae0b5f7571ef","69d7901e3430d13455efb336","69e8c339945468bd919647b2","<p style=""font-size: 60px; font-family: FragmentMono"">QWBSJLSF</p>","","","training","","","","","","",""
"null","null","html-keyboard-response","323","407724","0.0-13.0-0.73","669d0b18e3a1ae0b5f7571ef","69d7901e3430d13455efb336","69e8c339945468bd919647b2","<p style=""font-size: 60px; font-family: FragmentMono"">KZLHIFYG</p>","","","training","","","","","","",""
"null","null","html-keyboard-response","324","408738","0.0-13.0-0.74","669d0b18e3a1ae0b5f7571ef","69d7901e3430d13455efb336","69e8c339945468bd919647b2","<p style=""font-size: 60px; font-family: FragmentMono"">KUQVMVHGM</p>","","","training","","","","","","",""
"null","null","html-keyboard-response","325","409738","0.0-13.0-0.75","669d0b18e3a1ae0b5f7571ef","69d7901e3430d13455efb336","69e8c339945468bd919647b2","<p style=""font-size: 60px; font-family: FragmentMono"">DEIQLSF</p>","","","training","","","","","","",""
"null","null","html-keyboard-response","326","410754","0.0-13.0-0.76","669d0b18e3a1ae0b5f7571ef","69d7901e3430d13455efb336","69e8c339945468bd919647b2","<p style=""font-size: 60px; font-family: FragmentMono"">BZBJSCAVY</p>","","","training","","","","","","",""
"null","null","html-keyboard-response","327","411755","0.0-13.0-0.77","669d0b18e3a1ae0b5f7571ef","69d7901e3430d13455efb336","69e8c339945468bd919647b2","<p style=""font-size: 60px; font-family: FragmentMono"">WFQNZQAIT</p>","","","training","","","","","","",""
"null","null","html-keyboard-response","328","412756","0.0-13.0-0.78","669d0b18e3a1ae0b5f7571ef","69d7901e3430d13455efb336","69e8c339945468bd919647b2","<p style=""font-size: 60px; font-family: FragmentMono"">DEIQFYG</p>","","","training","","","","","","",""
"null","null","html-keyboard-response","329","413758","0.0-13.0-0.79","669d0b18e3a1ae0b5f7571ef","69d7901e3430d13455efb336","69e8c339945468bd919647b2","<p style=""font-size: 60px; font-family: FragmentMono"">UBSUQRW</p>","","","training","","","","","","",""
"3872"," ","html-keyboard-response","330","417630","0.0-14.0","669d0b18e3a1ae0b5f7571ef","69d7901e3430d13455efb336","69e8c339945468bd919647b2","<p style=""font-size: 30px"">Great, you've seen the fourth block of words. You may now take a short break.</p>
      <p style=""font-size: 30px"">Press the spacebar when you're ready to continue.</p>","","","","","","","","","",""
"null","null","html-keyboard-response","331","418637","0.0-15.0-0.0","669d0b18e3a1ae0b5f7571ef","69d7901e3430d13455efb336","69e8c339945468bd919647b2","<p style=""font-size: 60px; font-family: FragmentMono"">WFQNZMYFT</p>","","","training","","","","","","",""
"null","null","html-keyboard-response","332","419642","0.0-15.0-0.1","669d0b18e3a1ae0b5f7571ef","69d7901e3430d13455efb336","69e8c339945468bd919647b2","<p style=""font-size: 60px; font-family: FragmentMono"">IBDLLKYI</p>","","","training","","","","","","",""
"null","null","html-keyboard-response","333","420643","0.0-15.0-0.2","669d0b18e3a1ae0b5f7571ef","69d7901e3430d13455efb336","69e8c339945468bd919647b2","<p style=""font-size: 60px; font-family: FragmentMono"">WFQNZQAIT</p>","","","training","","","","","","",""
"null","null","html-keyboard-response","334","421648","0.0-15.0-0.3","669d0b18e3a1ae0b5f7571ef","69d7901e3430d13455efb336","69e8c339945468bd919647b2","<p style=""font-size: 60px; font-family: FragmentMono"">BIWITGZX</p>","","","training","","","","","","",""
"null","null","html-keyboard-response","335","422651","0.0-15.0-0.4","669d0b18e3a1ae0b5f7571ef","69d7901e3430d13455efb336","69e8c339945468bd919647b2","<p style=""font-size: 60px; font-family: FragmentMono"">UBSUKYI</p>","","","training","","","","","","",""
"null","null","html-keyboard-response","336","423658","0.0-15.0-0.5","669d0b18e3a1ae0b5f7571ef","69d7901e3430d13455efb336","69e8c339945468bd919647b2","<p style=""font-size: 60px; font-family: FragmentMono"">UXBMTGZX</p>","","","training","","","","","","",""
"null","null","html-keyboard-response","337","424660","0.0-15.0-0.6","669d0b18e3a1ae0b5f7571ef","69d7901e3430d13455efb336","69e8c339945468bd919647b2","<p style=""font-size: 60px; font-family: FragmentMono"">BABJQAIT</p>","","","training","","","","","","",""
"null","null","html-keyboard-response","338","425665","0.0-15.0-0.7","669d0b18e3a1ae0b5f7571ef","69d7901e3430d13455efb336","69e8c339945468bd919647b2","<p style=""font-size: 60px; font-family: FragmentMono"">VBQJMYFT</p>","","","training","","","","","","",""
"null","null","html-keyboard-response","339","426668","0.0-15.0-0.8","669d0b18e3a1ae0b5f7571ef","69d7901e3430d13455efb336","69e8c339945468bd919647b2","<p style=""font-size: 60px; font-family: FragmentMono"">DEIQLSF</p>","","","training","","","","","","",""
"null","null","html-keyboard-response","340","427684","0.0-15.0-0.9","669d0b18e3a1ae0b5f7571ef","69d7901e3430d13455efb336","69e8c339945468bd919647b2","<p style=""font-size: 60px; font-family: FragmentMono"">WFQNZQRW</p>","","","training","","","","","","",""
"null","null","html-keyboard-response","341","428694","0.0-15.0-0.10","669d0b18e3a1ae0b5f7571ef","69d7901e3430d13455efb336","69e8c339945468bd919647b2","<p style=""font-size: 60px; font-family: FragmentMono"">HPWYTGZX</p>","","","training","","","","","","",""
"null","null","html-keyboard-response","342","429709","0.0-15.0-0.11","669d0b18e3a1ae0b5f7571ef","69d7901e3430d13455efb336","69e8c339945468bd919647b2","<p style=""font-size: 60px; font-family: FragmentMono"">VBQJKYI</p>","","","training","","","","","","",""
"null","null","html-keyboard-response","343","430714","0.0-15.0-0.12","669d0b18e3a1ae0b5f7571ef","69d7901e3430d13455efb336","69e8c339945468bd919647b2","<p style=""font-size: 60px; font-family: FragmentMono"">ISLNQAIT</p>","","","training","","","","","","",""
"null","null","html-keyboard-response","344","431723","0.0-15.0-0.13","669d0b18e3a1ae0b5f7571ef","69d7901e3430d13455efb336","69e8c339945468bd919647b2","<p style=""font-size: 60px; font-family: FragmentMono"">BABJPYB</p>","","","training","","","","","","",""
"null","null","html-keyboard-response","345","432727","0.0-15.0-0.14","669d0b18e3a1ae0b5f7571ef","69d7901e3430d13455efb336","69e8c339945468bd919647b2","<p style=""font-size: 60px; font-family: FragmentMono"">CGHNQRW</p>","","","training","","","","","","",""
"null","null","html-keyboard-response","346","433740","0.0-15.0-0.15","669d0b18e3a1ae0b5f7571ef","69d7901e3430d13455efb336","69e8c339945468bd919647b2","<p style=""font-size: 60px; font-family: FragmentMono"">GNFQWQAIT</p>","","","training","","","","","","",""
"null","null","html-keyboard-response","347","434756","0.0-15.0-0.16","669d0b18e3a1ae0b5f7571ef","69d7901e3430d13455efb336","69e8c339945468bd919647b2","<p style=""font-size: 60px; font-family: FragmentMono"">ISLNMYFT</p>","","","training","","","","","","",""
"null","null","html-keyboard-response","348","435769","0.0-15.0-0.17","669d0b18e3a1ae0b5f7571ef","69d7901e3430d13455efb336","69e8c339945468bd919647b2","<p style=""font-size: 60px; font-family: FragmentMono"">GNFQWPYB</p>","","","training","","","","","","",""
"null","null","html-keyboard-response","349","436770","0.0-15.0-0.18","669d0b18e3a1ae0b5f7571ef","69d7901e3430d13455efb336","69e8c339945468bd919647b2","<p style=""font-size: 60px; font-family: FragmentMono"">IBDLLQAIT</p>","","","training","","","","","","",""
"null","null","html-keyboard-response","350","437773","0.0-15.0-0.19","669d0b18e3a1ae0b5f7571ef","69d7901e3430d13455efb336","69e8c339945468bd919647b2","<p style=""font-size: 60px; font-family: FragmentMono"">BABJMYFT</p>","","","training","","","","","","",""
"null","null","html-keyboard-response","351","438774","0.0-15.0-0.20","669d0b18e3a1ae0b5f7571ef","69d7901e3430d13455efb336","69e8c339945468bd919647b2","<p style=""font-size: 60px; font-family: FragmentMono"">WAEMITGZX</p>","","","training","","","","","","",""
"null","null","html-keyboard-response","352","439775","0.0-15.0-0.21","669d0b18e3a1ae0b5f7571ef","69d7901e3430d13455efb336","69e8c339945468bd919647b2","<p style=""font-size: 60px; font-family: FragmentMono"">BIWICAVY</p>","","","training","","","","","","",""
"null","null","html-keyboard-response","353","440776","0.0-15.0-0.22","669d0b18e3a1ae0b5f7571ef","69d7901e3430d13455efb336","69e8c339945468bd919647b2","<p style=""font-size: 60px; font-family: FragmentMono"">UBSUMYFT</p>","","","training","","","","","","",""
"null","null","html-keyboard-response","354","441784","0.0-15.0-0.23","669d0b18e3a1ae0b5f7571ef","69d7901e3430d13455efb336","69e8c339945468bd919647b2","<p style=""font-size: 60px; font-family: FragmentMono"">BZBJSFYG</p>","","","training","","","","","","",""
"null","null","html-keyboard-response","355","442792","0.0-15.0-0.24","669d0b18e3a1ae0b5f7571ef","69d7901e3430d13455efb336","69e8c339945468bd919647b2","<p style=""font-size: 60px; font-family: FragmentMono"">KUQVMLSF</p>","","","training","","","","","","",""
"null","null","html-keyboard-response","356","443793","0.0-15.0-0.25","669d0b18e3a1ae0b5f7571ef","69d7901e3430d13455efb336","69e8c339945468bd919647b2","<p style=""font-size: 60px; font-family: FragmentMono"">CGHNQAIT</p>","","","training","","","","","","",""
"null","null","html-keyboard-response","357","444794","0.0-15.0-0.26","669d0b18e3a1ae0b5f7571ef","69d7901e3430d13455efb336","69e8c339945468bd919647b2","<p style=""font-size: 60px; font-family: FragmentMono"">QWBSJFYG</p>","","","training","","","","","","",""
"null","null","html-keyboard-response","358","445795","0.0-15.0-0.27","669d0b18e3a1ae0b5f7571ef","69d7901e3430d13455efb336","69e8c339945468bd919647b2","<p style=""font-size: 60px; font-family: FragmentMono"">UBSUQAIT</p>","","","training","","","","","","",""
"null","null","html-keyboard-response","359","446796","0.0-15.0-0.28","669d0b18e3a1ae0b5f7571ef","69d7901e3430d13455efb336","69e8c339945468bd919647b2","<p style=""font-size: 60px; font-family: FragmentMono"">VBQJPYB</p>","","","training","","","","","","",""
"null","null","html-keyboard-response","360","447797","0.0-15.0-0.29","669d0b18e3a1ae0b5f7571ef","69d7901e3430d13455efb336","69e8c339945468bd919647b2","<p style=""font-size: 60px; font-family: FragmentMono"">UBSUQRW</p>","","","training","","","","","","",""
"null","null","html-keyboard-response","361","448800","0.0-15.0-0.30","669d0b18e3a1ae0b5f7571ef","69d7901e3430d13455efb336","69e8c339945468bd919647b2","<p style=""font-size: 60px; font-family: FragmentMono"">KUQVMVHGM</p>","","","training","","","","","","",""
"null","null","html-keyboard-response","362","449801","0.0-15.0-0.31","669d0b18e3a1ae0b5f7571ef","69d7901e3430d13455efb336","69e8c339945468bd919647b2","<p style=""font-size: 60px; font-family: FragmentMono"">BIWILSF</p>","","","training","","","","","","",""
"null","null","html-keyboard-response","363","450802","0.0-15.0-0.32","669d0b18e3a1ae0b5f7571ef","69d7901e3430d13455efb336","69e8c339945468bd919647b2","<p style=""font-size: 60px; font-family: FragmentMono"">KZLHICAVY</p>","","","training","","","","","","",""
"null","null","html-keyboard-response","364","451803","0.0-15.0-0.33","669d0b18e3a1ae0b5f7571ef","69d7901e3430d13455efb336","69e8c339945468bd919647b2","<p style=""font-size: 60px; font-family: FragmentMono"">CGHNMYFT</p>","","","training","","","","","","",""
"null","null","html-keyboard-response","365","452814","0.0-15.0-0.34","669d0b18e3a1ae0b5f7571ef","69d7901e3430d13455efb336","69e8c339945468bd919647b2","<p style=""font-size: 60px; font-family: FragmentMono"">KZLHILSF</p>","","","training","","","","","","",""
"null","null","html-keyboard-response","366","453816","0.0-15.0-0.35","669d0b18e3a1ae0b5f7571ef","69d7901e3430d13455efb336","69e8c339945468bd919647b2","<p style=""font-size: 60px; font-family: FragmentMono"">UYBKDQRW</p>","","","training","","","","","","",""
"null","null","html-keyboard-response","367","454816","0.0-15.0-0.36","669d0b18e3a1ae0b5f7571ef","69d7901e3430d13455efb336","69e8c339945468bd919647b2","<p style=""font-size: 60px; font-family: FragmentMono"">IBDLLPYB</p>","","","training","","","","","","",""
"null","null","html-keyboard-response","368","455818","0.0-15.0-0.37","669d0b18e3a1ae0b5f7571ef","69d7901e3430d13455efb336","69e8c339945468bd919647b2","<p style=""font-size: 60px; font-family: FragmentMono"">EPKSKYI</p>","","","training","","","","","","",""
"null","null","html-keyboard-response","369","456819","0.0-15.0-0.38","669d0b18e3a1ae0b5f7571ef","69d7901e3430d13455efb336","69e8c339945468bd919647b2","<p style=""font-size: 60px; font-family: FragmentMono"">KUQVMFYG</p>","","","training","","","","","","",""
"null","null","html-keyboard-response","370","457820","0.0-15.0-0.39","669d0b18e3a1ae0b5f7571ef","69d7901e3430d13455efb336","69e8c339945468bd919647b2","<p style=""font-size: 60px; font-family: FragmentMono"">DRNXRCAVY</p>","","","training","","","","","","",""
"null","null","html-keyboard-response","371","458821","0.0-15.0-0.40","669d0b18e3a1ae0b5f7571ef","69d7901e3430d13455efb336","69e8c339945468bd919647b2","<p style=""font-size: 60px; font-family: FragmentMono"">ISLNPYB</p>","","","training","","","","","","",""
"null","null","html-keyboard-response","372","459831","0.0-15.0-0.41","669d0b18e3a1ae0b5f7571ef","69d7901e3430d13455efb336","69e8c339945468bd919647b2","<p style=""font-size: 60px; font-family: FragmentMono"">EPKSQAIT</p>","","","training","","","","","","",""
"null","null","html-keyboard-response","373","460832","0.0-15.0-0.42","669d0b18e3a1ae0b5f7571ef","69d7901e3430d13455efb336","69e8c339945468bd919647b2","<p style=""font-size: 60px; font-family: FragmentMono"">UYBKDKYI</p>","","","training","","","","","","",""
"null","null","html-keyboard-response","374","461834","0.0-15.0-0.43","669d0b18e3a1ae0b5f7571ef","69d7901e3430d13455efb336","69e8c339945468bd919647b2","<p style=""font-size: 60px; font-family: FragmentMono"">BZBJSTGZX</p>","","","training","","","","","","",""
"null","null","html-keyboard-response","375","462835","0.0-15.0-0.44","669d0b18e3a1ae0b5f7571ef","69d7901e3430d13455efb336","69e8c339945468bd919647b2","<p style=""font-size: 60px; font-family: FragmentMono"">WAEMIFYG</p>","","","training","","","","","","",""
"null","null","html-keyboard-response","376","463836","0.0-15.0-0.45","669d0b18e3a1ae0b5f7571ef","69d7901e3430d13455efb336","69e8c339945468bd919647b2","<p style=""font-size: 60px; font-family: FragmentMono"">BZBJSLSF</p>","","","training","","","","","","",""
"null","null","html-keyboard-response","377","464836","0.0-15.0-0.46","669d0b18e3a1ae0b5f7571ef","69d7901e3430d13455efb336","69e8c339945468bd919647b2","<p style=""font-size: 60px; font-family: FragmentMono"">BABJQRW</p>","","","training","","","","","","",""
"null","null","html-keyboard-response","378","465837","0.0-15.0-0.47","669d0b18e3a1ae0b5f7571ef","69d7901e3430d13455efb336","69e8c339945468bd919647b2","<p style=""font-size: 60px; font-family: FragmentMono"">HPWYCAVY</p>","","","training","","","","","","",""
"null","null","html-keyboard-response","379","466849","0.0-15.0-0.48","669d0b18e3a1ae0b5f7571ef","69d7901e3430d13455efb336","69e8c339945468bd919647b2","<p style=""font-size: 60px; font-family: FragmentMono"">IBDLLMYFT</p>","","","training","","","","","","",""
"null","null","html-keyboard-response","380","467850","0.0-15.0-0.49","669d0b18e3a1ae0b5f7571ef","69d7901e3430d13455efb336","69e8c339945468bd919647b2","<p style=""font-size: 60px; font-family: FragmentMono"">KUQVMCAVY</p>","","","training","","","","","","",""
"null","null","html-keyboard-response","381","468852","0.0-15.0-0.50","669d0b18e3a1ae0b5f7571ef","69d7901e3430d13455efb336","69e8c339945468bd919647b2","<p style=""font-size: 60px; font-family: FragmentMono"">DRNXRTGZX</p>","","","training","","","","","","",""
"null","null","html-keyboard-response","382","469854","0.0-15.0-0.51","669d0b18e3a1ae0b5f7571ef","69d7901e3430d13455efb336","69e8c339945468bd919647b2","<p style=""font-size: 60px; font-family: FragmentMono"">HPWYFYG</p>","","","training","","","","","","",""
"null","null","html-keyboard-response","383","470855","0.0-15.0-0.52","669d0b18e3a1ae0b5f7571ef","69d7901e3430d13455efb336","69e8c339945468bd919647b2","<p style=""font-size: 60px; font-family: FragmentMono"">QWBSJTGZX</p>","","","training","","","","","","",""
"null","null","html-keyboard-response","384","471855","0.0-15.0-0.53","669d0b18e3a1ae0b5f7571ef","69d7901e3430d13455efb336","69e8c339945468bd919647b2","<p style=""font-size: 60px; font-family: FragmentMono"">BZBJSCAVY</p>","","","training","","","","","","",""
"null","null","html-keyboard-response","385","472856","0.0-15.0-0.54","669d0b18e3a1ae0b5f7571ef","69d7901e3430d13455efb336","69e8c339945468bd919647b2","<p style=""font-size: 60px; font-family: FragmentMono"">VBQJQRW</p>","","","training","","","","","","",""
"null","null","html-keyboard-response","386","473856","0.0-15.0-0.55","669d0b18e3a1ae0b5f7571ef","69d7901e3430d13455efb336","69e8c339945468bd919647b2","<p style=""font-size: 60px; font-family: FragmentMono"">QWBSJVHGM</p>","","","training","","","","","","",""
"null","null","html-keyboard-response","387","474857","0.0-15.0-0.56","669d0b18e3a1ae0b5f7571ef","69d7901e3430d13455efb336","69e8c339945468bd919647b2","<p style=""font-size: 60px; font-family: FragmentMono"">EPKSQRW</p>","","","training","","","","","","",""
"null","null","html-keyboard-response","388","475858","0.0-15.0-0.57","669d0b18e3a1ae0b5f7571ef","69d7901e3430d13455efb336","69e8c339945468bd919647b2","<p style=""font-size: 60px; font-family: FragmentMono"">UXBMVHGM</p>","","","training","","","","","","",""
"null","null","html-keyboard-response","389","476873","0.0-15.0-0.58","669d0b18e3a1ae0b5f7571ef","69d7901e3430d13455efb336","69e8c339945468bd919647b2","<p style=""font-size: 60px; font-family: FragmentMono"">DEIQTGZX</p>","","","training","","","","","","",""
"null","null","html-keyboard-response","390","477881","0.0-15.0-0.59","669d0b18e3a1ae0b5f7571ef","69d7901e3430d13455efb336","69e8c339945468bd919647b2","<p style=""font-size: 60px; font-family: FragmentMono"">WAEMIVHGM</p>","","","training","","","","","","",""
"null","null","html-keyboard-response","391","478883","0.0-15.0-0.60","669d0b18e3a1ae0b5f7571ef","69d7901e3430d13455efb336","69e8c339945468bd919647b2","<p style=""font-size: 60px; font-family: FragmentMono"">UXBMCAVY</p>","","","training","","","","","","",""
"null","null","html-keyboard-response","392","479896","0.0-15.0-0.61","669d0b18e3a1ae0b5f7571ef","69d7901e3430d13455efb336","69e8c339945468bd919647b2","<p style=""font-size: 60px; font-family: FragmentMono"">CGHNPYB</p>","","","training","","","","","","",""
"null","null","html-keyboard-response","393","480897","0.0-15.0-0.62","669d0b18e3a1ae0b5f7571ef","69d7901e3430d13455efb336","69e8c339945468bd919647b2","<p style=""font-size: 60px; font-family: FragmentMono"">GNFQWQRW</p>","","","training","","","","","","",""
"null","null","html-keyboard-response","394","481898","0.0-15.0-0.63","669d0b18e3a1ae0b5f7571ef","69d7901e3430d13455efb336","69e8c339945468bd919647b2","<p style=""font-size: 60px; font-family: FragmentMono"">QWBSJLSF</p>","","","training","","","","","","",""
"null","null","html-keyboard-response","395","482899","0.0-15.0-0.64","669d0b18e3a1ae0b5f7571ef","69d7901e3430d13455efb336","69e8c339945468bd919647b2","<p style=""font-size: 60px; font-family: FragmentMono"">ISLNKYI</p>","","","training","","","","","","",""
"null","null","html-keyboard-response","396","483903","0.0-15.0-0.65","669d0b18e3a1ae0b5f7571ef","69d7901e3430d13455efb336","69e8c339945468bd919647b2","<p style=""font-size: 60px; font-family: FragmentMono"">WAEMICAVY</p>","","","training","","","","","","",""
"null","null","html-keyboard-response","397","484903","0.0-15.0-0.66","669d0b18e3a1ae0b5f7571ef","69d7901e3430d13455efb336","69e8c339945468bd919647b2","<p style=""font-size: 60px; font-family: FragmentMono"">UYBKDPYB</p>","","","training","","","","","","",""
"null","null","html-keyboard-response","398","485906","0.0-15.0-0.67","669d0b18e3a1ae0b5f7571ef","69d7901e3430d13455efb336","69e8c339945468bd919647b2","<p style=""font-size: 60px; font-family: FragmentMono"">DEIQVHGM</p>","","","training","","","","","","",""
"null","null","html-keyboard-response","399","486909","0.0-15.0-0.68","669d0b18e3a1ae0b5f7571ef","69d7901e3430d13455efb336","69e8c339945468bd919647b2","<p style=""font-size: 60px; font-family: FragmentMono"">WFQNZKYI</p>","","","training","","","","","","",""
"null","null","html-keyboard-response","400","487910","0.0-15.0-0.69","669d0b18e3a1ae0b5f7571ef","69d7901e3430d13455efb336","69e8c339945468bd919647b2","<p style=""font-size: 60px; font-family: FragmentMono"">DRNXRLSF</p>","","","training","","","","","","",""
"null","null","html-keyboard-response","401","488912","0.0-15.0-0.70","669d0b18e3a1ae0b5f7571ef","69d7901e3430d13455efb336","69e8c339945468bd919647b2","<p style=""font-size: 60px; font-family: FragmentMono"">EPKSPYB</p>","","","training","","","","","","",""
"null","null","html-keyboard-response","402","489927","0.0-15.0-0.71","669d0b18e3a1ae0b5f7571ef","69d7901e3430d13455efb336","69e8c339945468bd919647b2","<p style=""font-size: 60px; font-family: FragmentMono"">KZLHIFYG</p>","","","training","","","","","","",""
"null","null","html-keyboard-response","403","490928","0.0-15.0-0.72","669d0b18e3a1ae0b5f7571ef","69d7901e3430d13455efb336","69e8c339945468bd919647b2","<p style=""font-size: 60px; font-family: FragmentMono"">GNFQWKYI</p>","","","training","","","","","","",""
"null","null","html-keyboard-response","404","491929","0.0-15.0-0.73","669d0b18e3a1ae0b5f7571ef","69d7901e3430d13455efb336","69e8c339945468bd919647b2","<p style=""font-size: 60px; font-family: FragmentMono"">BIWIVHGM</p>","","","training","","","","","","",""
"null","null","html-keyboard-response","405","492930","0.0-15.0-0.74","669d0b18e3a1ae0b5f7571ef","69d7901e3430d13455efb336","69e8c339945468bd919647b2","<p style=""font-size: 60px; font-family: FragmentMono"">DEIQFYG</p>","","","training","","","","","","",""
"null","null","html-keyboard-response","406","493931","0.0-15.0-0.75","669d0b18e3a1ae0b5f7571ef","69d7901e3430d13455efb336","69e8c339945468bd919647b2","<p style=""font-size: 60px; font-family: FragmentMono"">UXBMLSF</p>","","","training","","","","","","",""
"null","null","html-keyboard-response","407","494942","0.0-15.0-0.76","669d0b18e3a1ae0b5f7571ef","69d7901e3430d13455efb336","69e8c339945468bd919647b2","<p style=""font-size: 60px; font-family: FragmentMono"">HPWYVHGM</p>","","","training","","","","","","",""
"null","null","html-keyboard-response","408","495943","0.0-15.0-0.77","669d0b18e3a1ae0b5f7571ef","69d7901e3430d13455efb336","69e8c339945468bd919647b2","<p style=""font-size: 60px; font-family: FragmentMono"">DRNXRFYG</p>","","","training","","","","","","",""
"null","null","html-keyboard-response","409","496945","0.0-15.0-0.78","669d0b18e3a1ae0b5f7571ef","69d7901e3430d13455efb336","69e8c339945468bd919647b2","<p style=""font-size: 60px; font-family: FragmentMono"">KZLHIVHGM</p>","","","training","","","","","","",""
"null","null","html-keyboard-response","410","497945","0.0-15.0-0.79","669d0b18e3a1ae0b5f7571ef","69d7901e3430d13455efb336","69e8c339945468bd919647b2","<p style=""font-size: 60px; font-family: FragmentMono"">UYBKDMYFT</p>","","","training","","","","","","",""
"5168"," ","html-keyboard-response","411","503114","0.0-16.0","669d0b18e3a1ae0b5f7571ef","69d7901e3430d13455efb336","69e8c339945468bd919647b2","<p style=""font-size: 30px"">Great, you've seen the fifth block of words. You may now take a short break.</p>
      <p style=""font-size: 30px"">Press the spacebar when you're ready to continue.</p>","","","","","","","","","",""
"null","null","html-keyboard-response","412","504114","0.0-17.0-0.0","669d0b18e3a1ae0b5f7571ef","69d7901e3430d13455efb336","69e8c339945468bd919647b2","<p style=""font-size: 60px; font-family: FragmentMono"">QWBSJFYG</p>","","","training","","","","","","",""
"null","null","html-keyboard-response","413","505123","0.0-17.0-0.1","669d0b18e3a1ae0b5f7571ef","69d7901e3430d13455efb336","69e8c339945468bd919647b2","<p style=""font-size: 60px; font-family: FragmentMono"">EPKSPYB</p>","","","training","","","","","","",""
"null","null","html-keyboard-response","414","506124","0.0-17.0-0.2","669d0b18e3a1ae0b5f7571ef","69d7901e3430d13455efb336","69e8c339945468bd919647b2","<p style=""font-size: 60px; font-family: FragmentMono"">BZBJSLSF</p>","","","training","","","","","","",""
"null","null","html-keyboard-response","415","507124","0.0-17.0-0.3","669d0b18e3a1ae0b5f7571ef","69d7901e3430d13455efb336","69e8c339945468bd919647b2","<p style=""font-size: 60px; font-family: FragmentMono"">UXBMCAVY</p>","","","training","","","","","","",""
"null","null","html-keyboard-response","416","508125","0.0-17.0-0.4","669d0b18e3a1ae0b5f7571ef","69d7901e3430d13455efb336","69e8c339945468bd919647b2","<p style=""font-size: 60px; font-family: FragmentMono"">IBDLLKYI</p>","","","training","","","","","","",""
"null","null","html-keyboard-response","417","509126","0.0-17.0-0.5","669d0b18e3a1ae0b5f7571ef","69d7901e3430d13455efb336","69e8c339945468bd919647b2","<p style=""font-size: 60px; font-family: FragmentMono"">BZBJSTGZX</p>","","","training","","","","","","",""
"null","null","html-keyboard-response","418","510126","0.0-17.0-0.6","669d0b18e3a1ae0b5f7571ef","69d7901e3430d13455efb336","69e8c339945468bd919647b2","<p style=""font-size: 60px; font-family: FragmentMono"">VBQJPYB</p>","","","training","","","","","","",""
"null","null","html-keyboard-response","419","511127","0.0-17.0-0.7","669d0b18e3a1ae0b5f7571ef","69d7901e3430d13455efb336","69e8c339945468bd919647b2","<p style=""font-size: 60px; font-family: FragmentMono"">KUQVMFYG</p>","","","training","","","","","","",""
"null","null","html-keyboard-response","420","512128","0.0-17.0-0.8","669d0b18e3a1ae0b5f7571ef","69d7901e3430d13455efb336","69e8c339945468bd919647b2","<p style=""font-size: 60px; font-family: FragmentMono"">UBSUKYI</p>","","","training","","","","","","",""
"null","null","html-keyboard-response","421","513143","0.0-17.0-0.9","669d0b18e3a1ae0b5f7571ef","69d7901e3430d13455efb336","69e8c339945468bd919647b2","<p style=""font-size: 60px; font-family: FragmentMono"">DRNXRCAVY</p>","","","training","","","","","","",""
"null","null","html-keyboard-response","422","514156","0.0-17.0-0.10","669d0b18e3a1ae0b5f7571ef","69d7901e3430d13455efb336","69e8c339945468bd919647b2","<p style=""font-size: 60px; font-family: FragmentMono"">KZLHILSF</p>","","","training","","","","","","",""
"null","null","html-keyboard-response","423","515164","0.0-17.0-0.11","669d0b18e3a1ae0b5f7571ef","69d7901e3430d13455efb336","69e8c339945468bd919647b2","<p style=""font-size: 60px; font-family: FragmentMono"">VBQJMYFT</p>","","","training","","","","","","",""
"null","null","html-keyboard-response","424","516164","0.0-17.0-0.12","669d0b18e3a1ae0b5f7571ef","69d7901e3430d13455efb336","69e8c339945468bd919647b2","<p style=""font-size: 60px; font-family: FragmentMono"">CGHNPYB</p>","","","training","","","","","","",""
"null","null","html-keyboard-response","425","517167","0.0-17.0-0.13","669d0b18e3a1ae0b5f7571ef","69d7901e3430d13455efb336","69e8c339945468bd919647b2","<p style=""font-size: 60px; font-family: FragmentMono"">EPKSKYI</p>","","","training","","","","","","",""
"null","null","html-keyboard-response","426","518168","0.0-17.0-0.14","669d0b18e3a1ae0b5f7571ef","69d7901e3430d13455efb336","69e8c339945468bd919647b2","<p style=""font-size: 60px; font-family: FragmentMono"">QWBSJVHGM</p>","","","training","","","","","","",""
"null","null","html-keyboard-response","427","519175","0.0-17.0-0.15","669d0b18e3a1ae0b5f7571ef","69d7901e3430d13455efb336","69e8c339945468bd919647b2","<p style=""font-size: 60px; font-family: FragmentMono"">WFQNZQRW</p>","","","training","","","","","","",""
"null","null","html-keyboard-response","428","520188","0.0-17.0-0.16","669d0b18e3a1ae0b5f7571ef","69d7901e3430d13455efb336","69e8c339945468bd919647b2","<p style=""font-size: 60px; font-family: FragmentMono"">BABJMYFT</p>","","","training","","","","","","",""
"null","null","html-keyboard-response","429","521189","0.0-17.0-0.17","669d0b18e3a1ae0b5f7571ef","69d7901e3430d13455efb336","69e8c339945468bd919647b2","<p style=""font-size: 60px; font-family: FragmentMono"">GNFQWQAIT</p>","","","training","","","","","","",""
"null","null","html-keyboard-response","430","522190","0.0-17.0-0.18","669d0b18e3a1ae0b5f7571ef","69d7901e3430d13455efb336","69e8c339945468bd919647b2","<p style=""font-size: 60px; font-family: FragmentMono"">WFQNZMYFT</p>","","","training","","","","","","",""
"null","null","html-keyboard-response","431","523192","0.0-17.0-0.19","669d0b18e3a1ae0b5f7571ef","69d7901e3430d13455efb336","69e8c339945468bd919647b2","<p style=""font-size: 60px; font-family: FragmentMono"">QWBSJTGZX</p>","","","training","","","","","","",""
"null","null","html-keyboard-response","432","524192","0.0-17.0-0.20","669d0b18e3a1ae0b5f7571ef","69d7901e3430d13455efb336","69e8c339945468bd919647b2","<p style=""font-size: 60px; font-family: FragmentMono"">UYBKDKYI</p>","","","training","","","","","","",""
"null","null","html-keyboard-response","433","525198","0.0-17.0-0.21","669d0b18e3a1ae0b5f7571ef","69d7901e3430d13455efb336","69e8c339945468bd919647b2","<p style=""font-size: 60px; font-family: FragmentMono"">HPWYTGZX</p>","","","training","","","","","","",""
"null","null","html-keyboard-response","434","526199","0.0-17.0-0.22","669d0b18e3a1ae0b5f7571ef","69d7901e3430d13455efb336","69e8c339945468bd919647b2","<p style=""font-size: 60px; font-family: FragmentMono"">VBQJKYI</p>","","","training","","","","","","",""
"null","null","html-keyboard-response","435","527203","0.0-17.0-0.23","669d0b18e3a1ae0b5f7571ef","69d7901e3430d13455efb336","69e8c339945468bd919647b2","<p style=""font-size: 60px; font-family: FragmentMono"">UBSUQAIT</p>","","","training","","","","","","",""
"null","null","html-keyboard-response","436","528208","0.0-17.0-0.24","669d0b18e3a1ae0b5f7571ef","69d7901e3430d13455efb336","69e8c339945468bd919647b2","<p style=""font-size: 60px; font-family: FragmentMono"">KZLHICAVY</p>","","","training","","","","","","",""
"null","null","html-keyboard-response","437","529216","0.0-17.0-0.25","669d0b18e3a1ae0b5f7571ef","69d7901e3430d13455efb336","69e8c339945468bd919647b2","<p style=""font-size: 60px; font-family: FragmentMono"">UXBMTGZX</p>","","","training","","","","","","",""
"null","null","html-keyboard-response","438","530219","0.0-17.0-0.26","669d0b18e3a1ae0b5f7571ef","69d7901e3430d13455efb336","69e8c339945468bd919647b2","<p style=""font-size: 60px; font-family: FragmentMono"">CGHNMYFT</p>","","","training","","","","","","",""
"null","null","html-keyboard-response","439","531225","0.0-17.0-0.27","669d0b18e3a1ae0b5f7571ef","69d7901e3430d13455efb336","69e8c339945468bd919647b2","<p style=""font-size: 60px; font-family: FragmentMono"">WFQNZQAIT</p>","","","training","","","","","","",""
"null","null","html-keyboard-response","440","532226","0.0-17.0-0.28","669d0b18e3a1ae0b5f7571ef","69d7901e3430d13455efb336","69e8c339945468bd919647b2","<p style=""font-size: 60px; font-family: FragmentMono"">UBSUQRW</p>","","","training","","","","","","",""
"null","null","html-keyboard-response","441","533226","0.0-17.0-0.29","669d0b18e3a1ae0b5f7571ef","69d7901e3430d13455efb336","69e8c339945468bd919647b2","<p style=""font-size: 60px; font-family: FragmentMono"">DEIQVHGM</p>","","","training","","","","","","",""
"null","null","html-keyboard-response","442","534232","0.0-17.0-0.30","669d0b18e3a1ae0b5f7571ef","69d7901e3430d13455efb336","69e8c339945468bd919647b2","<p style=""font-size: 60px; font-family: FragmentMono"">BABJQAIT</p>","","","training","","","","","","",""
"null","null","html-keyboard-response","443","535242","0.0-17.0-0.31","669d0b18e3a1ae0b5f7571ef","69d7901e3430d13455efb336","69e8c339945468bd919647b2","<p style=""font-size: 60px; font-family: FragmentMono"">BIWICAVY</p>","","","training","","","","","","",""
"null","null","html-keyboard-response","444","536244","0.0-17.0-0.32","669d0b18e3a1ae0b5f7571ef","69d7901e3430d13455efb336","69e8c339945468bd919647b2","<p style=""font-size: 60px; font-family: FragmentMono"">GNFQWQRW</p>","","","training","","","","","","",""
"null","null","html-keyboard-response","445","537259","0.0-17.0-0.33","669d0b18e3a1ae0b5f7571ef","69d7901e3430d13455efb336","69e8c339945468bd919647b2","<p style=""font-size: 60px; font-family: FragmentMono"">EPKSQAIT</p>","","","training","","","","","","",""
"null","null","html-keyboard-response","446","538263","0.0-17.0-0.34","669d0b18e3a1ae0b5f7571ef","69d7901e3430d13455efb336","69e8c339945468bd919647b2","<p style=""font-size: 60px; font-family: FragmentMono"">GNFQWPYB</p>","","","training","","","","","","",""
"null","null","html-keyboard-response","447","539264","0.0-17.0-0.35","669d0b18e3a1ae0b5f7571ef","69d7901e3430d13455efb336","69e8c339945468bd919647b2","<p style=""font-size: 60px; font-family: FragmentMono"">ISLNMYFT</p>","","","training","","","","","","",""
"null","null","html-keyboard-response","448","540271","0.0-17.0-0.36","669d0b18e3a1ae0b5f7571ef","69d7901e3430d13455efb336","69e8c339945468bd919647b2","<p style=""font-size: 60px; font-family: FragmentMono"">QWBSJLSF</p>","","","training","","","","","","",""
"null","null","html-keyboard-response","449","541274","0.0-17.0-0.37","669d0b18e3a1ae0b5f7571ef","69d7901e3430d13455efb336","69e8c339945468bd919647b2","<p style=""font-size: 60px; font-family: FragmentMono"">UBSUMYFT</p>","","","training","","","","","","",""
"null","null","html-keyboard-response","450","542276","0.0-17.0-0.38","669d0b18e3a1ae0b5f7571ef","69d7901e3430d13455efb336","69e8c339945468bd919647b2","<p style=""font-size: 60px; font-family: FragmentMono"">UXBMLSF</p>","","","training","","","","","","",""
"null","null","html-keyboard-response","451","543276","0.0-17.0-0.39","669d0b18e3a1ae0b5f7571ef","69d7901e3430d13455efb336","69e8c339945468bd919647b2","<p style=""font-size: 60px; font-family: FragmentMono"">BIWIVHGM</p>","","","training","","","","","","",""
"null","null","html-keyboard-response","452","544277","0.0-17.0-0.40","669d0b18e3a1ae0b5f7571ef","69d7901e3430d13455efb336","69e8c339945468bd919647b2","<p style=""font-size: 60px; font-family: FragmentMono"">DEIQLSF</p>","","","training","","","","","","",""
"null","null","html-keyboard-response","453","545292","0.0-17.0-0.41","669d0b18e3a1ae0b5f7571ef","69d7901e3430d13455efb336","69e8c339945468bd919647b2","<p style=""font-size: 60px; font-family: FragmentMono"">ISLNQAIT</p>","","","training","","","","","","",""
"null","null","html-keyboard-response","454","546293","0.0-17.0-0.42","669d0b18e3a1ae0b5f7571ef","69d7901e3430d13455efb336","69e8c339945468bd919647b2","<p style=""font-size: 60px; font-family: FragmentMono"">BZBJSFYG</p>","","","training","","","","","","",""
"null","null","html-keyboard-response","455","547294","0.0-17.0-0.43","669d0b18e3a1ae0b5f7571ef","69d7901e3430d13455efb336","69e8c339945468bd919647b2","<p style=""font-size: 60px; font-family: FragmentMono"">DRNXRTGZX</p>","","","training","","","","","","",""
"null","null","html-keyboard-response","456","548295","0.0-17.0-0.44","669d0b18e3a1ae0b5f7571ef","69d7901e3430d13455efb336","69e8c339945468bd919647b2","<p style=""font-size: 60px; font-family: FragmentMono"">UYBKDPYB</p>","","","training","","","","","","",""
"null","null","html-keyboard-response","457","549295","0.0-17.0-0.45","669d0b18e3a1ae0b5f7571ef","69d7901e3430d13455efb336","69e8c339945468bd919647b2","<p style=""font-size: 60px; font-family: FragmentMono"">CGHNQAIT</p>","","","training","","","","","","",""
"null","null","html-keyboard-response","458","550296","0.0-17.0-0.46","669d0b18e3a1ae0b5f7571ef","69d7901e3430d13455efb336","69e8c339945468bd919647b2","<p style=""font-size: 60px; font-family: FragmentMono"">WAEMICAVY</p>","","","training","","","","","","",""
"null","null","html-keyboard-response","459","551297","0.0-17.0-0.47","669d0b18e3a1ae0b5f7571ef","69d7901e3430d13455efb336","69e8c339945468bd919647b2","<p style=""font-size: 60px; font-family: FragmentMono"">EPKSQRW</p>","","","training","","","","","","",""
"null","null","html-keyboard-response","460","552299","0.0-17.0-0.48","669d0b18e3a1ae0b5f7571ef","69d7901e3430d13455efb336","69e8c339945468bd919647b2","<p style=""font-size: 60px; font-family: FragmentMono"">KUQVMVHGM</p>","","","training","","","","","","",""
"null","null","html-keyboard-response","461","553300","0.0-17.0-0.49","669d0b18e3a1ae0b5f7571ef","69d7901e3430d13455efb336","69e8c339945468bd919647b2","<p style=""font-size: 60px; font-family: FragmentMono"">UYBKDQRW</p>","","","training","","","","","","",""
"null","null","html-keyboard-response","462","554302","0.0-17.0-0.50","669d0b18e3a1ae0b5f7571ef","69d7901e3430d13455efb336","69e8c339945468bd919647b2","<p style=""font-size: 60px; font-family: FragmentMono"">KUQVMCAVY</p>","","","training","","","","","","",""
"null","null","html-keyboard-response","463","555303","0.0-17.0-0.51","669d0b18e3a1ae0b5f7571ef","69d7901e3430d13455efb336","69e8c339945468bd919647b2","<p style=""font-size: 60px; font-family: FragmentMono"">DEIQFYG</p>","","","training","","","","","","",""
"null","null","html-keyboard-response","464","556304","0.0-17.0-0.52","669d0b18e3a1ae0b5f7571ef","69d7901e3430d13455efb336","69e8c339945468bd919647b2","<p style=""font-size: 60px; font-family: FragmentMono"">IBDLLMYFT</p>","","","training","","","","","","",""
"null","null","html-keyboard-response","465","557309","0.0-17.0-0.53","669d0b18e3a1ae0b5f7571ef","69d7901e3430d13455efb336","69e8c339945468bd919647b2","<p style=""font-size: 60px; font-family: FragmentMono"">BIWILSF</p>","","","training","","","","","","",""
"null","null","html-keyboard-response","466","558309","0.0-17.0-0.54","669d0b18e3a1ae0b5f7571ef","69d7901e3430d13455efb336","69e8c339945468bd919647b2","<p style=""font-size: 60px; font-family: FragmentMono"">VBQJQRW</p>","","","training","","","","","","",""
"null","null","html-keyboard-response","467","559312","0.0-17.0-0.55","669d0b18e3a1ae0b5f7571ef","69d7901e3430d13455efb336","69e8c339945468bd919647b2","<p style=""font-size: 60px; font-family: FragmentMono"">WFQNZKYI</p>","","","training","","","","","","",""
"null","null","html-keyboard-response","468","560318","0.0-17.0-0.56","669d0b18e3a1ae0b5f7571ef","69d7901e3430d13455efb336","69e8c339945468bd919647b2","<p style=""font-size: 60px; font-family: FragmentMono"">CGHNQRW</p>","","","training","","","","","","",""
"null","null","html-keyboard-response","469","561319","0.0-17.0-0.57","669d0b18e3a1ae0b5f7571ef","69d7901e3430d13455efb336","69e8c339945468bd919647b2","<p style=""font-size: 60px; font-family: FragmentMono"">KZLHIFYG</p>","","","training","","","","","","",""
"null","null","html-keyboard-response","470","562335","0.0-17.0-0.58","669d0b18e3a1ae0b5f7571ef","69d7901e3430d13455efb336","69e8c339945468bd919647b2","<p style=""font-size: 60px; font-family: FragmentMono"">UXBMVHGM</p>","","","training","","","","","","",""
"null","null","html-keyboard-response","471","563335","0.0-17.0-0.59","669d0b18e3a1ae0b5f7571ef","69d7901e3430d13455efb336","69e8c339945468bd919647b2","<p style=""font-size: 60px; font-family: FragmentMono"">DRNXRLSF</p>","","","training","","","","","","",""
"null","null","html-keyboard-response","472","564352","0.0-17.0-0.60","669d0b18e3a1ae0b5f7571ef","69d7901e3430d13455efb336","69e8c339945468bd919647b2","<p style=""font-size: 60px; font-family: FragmentMono"">ISLNPYB</p>","","","training","","","","","","",""
"null","null","html-keyboard-response","473","565353","0.0-17.0-0.61","669d0b18e3a1ae0b5f7571ef","69d7901e3430d13455efb336","69e8c339945468bd919647b2","<p style=""font-size: 60px; font-family: FragmentMono"">WAEMIVHGM</p>","","","training","","","","","","",""
"null","null","html-keyboard-response","474","566365","0.0-17.0-0.62","669d0b18e3a1ae0b5f7571ef","69d7901e3430d13455efb336","69e8c339945468bd919647b2","<p style=""font-size: 60px; font-family: FragmentMono"">DRNXRFYG</p>","","","training","","","","","","",""
"null","null","html-keyboard-response","475","567370","0.0-17.0-0.63","669d0b18e3a1ae0b5f7571ef","69d7901e3430d13455efb336","69e8c339945468bd919647b2","<p style=""font-size: 60px; font-family: FragmentMono"">BABJPYB</p>","","","training","","","","","","",""
"null","null","html-keyboard-response","476","568371","0.0-17.0-0.64","669d0b18e3a1ae0b5f7571ef","69d7901e3430d13455efb336","69e8c339945468bd919647b2","<p style=""font-size: 60px; font-family: FragmentMono"">KZLHIVHGM</p>","","","training","","","","","","",""
"null","null","html-keyboard-response","477","569377","0.0-17.0-0.65","669d0b18e3a1ae0b5f7571ef","69d7901e3430d13455efb336","69e8c339945468bd919647b2","<p style=""font-size: 60px; font-family: FragmentMono"">HPWYFYG</p>","","","training","","","","","","",""
"null","null","html-keyboard-response","478","570380","0.0-17.0-0.66","669d0b18e3a1ae0b5f7571ef","69d7901e3430d13455efb336","69e8c339945468bd919647b2","<p style=""font-size: 60px; font-family: FragmentMono"">ISLNKYI</p>","","","training","","","","","","",""
"null","null","html-keyboard-response","479","571380","0.0-17.0-0.67","669d0b18e3a1ae0b5f7571ef","69d7901e3430d13455efb336","69e8c339945468bd919647b2","<p style=""font-size: 60px; font-family: FragmentMono"">WAEMITGZX</p>","","","training","","","","","","",""
"null","null","html-keyboard-response","480","572384","0.0-17.0-0.68","669d0b18e3a1ae0b5f7571ef","69d7901e3430d13455efb336","69e8c339945468bd919647b2","<p style=""font-size: 60px; font-family: FragmentMono"">BABJQRW</p>","","","training","","","","","","",""
"null","null","html-keyboard-response","481","573386","0.0-17.0-0.69","669d0b18e3a1ae0b5f7571ef","69d7901e3430d13455efb336","69e8c339945468bd919647b2","<p style=""font-size: 60px; font-family: FragmentMono"">WAEMIFYG</p>","","","training","","","","","","",""
"null","null","html-keyboard-response","482","574399","0.0-17.0-0.70","669d0b18e3a1ae0b5f7571ef","69d7901e3430d13455efb336","69e8c339945468bd919647b2","<p style=""font-size: 60px; font-family: FragmentMono"">IBDLLPYB</p>","","","training","","","","","","",""
"null","null","html-keyboard-response","483","575401","0.0-17.0-0.71","669d0b18e3a1ae0b5f7571ef","69d7901e3430d13455efb336","69e8c339945468bd919647b2","<p style=""font-size: 60px; font-family: FragmentMono"">UYBKDMYFT</p>","","","training","","","","","","",""
"null","null","html-keyboard-response","484","576413","0.0-17.0-0.72","669d0b18e3a1ae0b5f7571ef","69d7901e3430d13455efb336","69e8c339945468bd919647b2","<p style=""font-size: 60px; font-family: FragmentMono"">DEIQTGZX</p>","","","training","","","","","","",""
"null","null","html-keyboard-response","485","577416","0.0-17.0-0.73","669d0b18e3a1ae0b5f7571ef","69d7901e3430d13455efb336","69e8c339945468bd919647b2","<p style=""font-size: 60px; font-family: FragmentMono"">KUQVMLSF</p>","","","training","","","","","","",""
"null","null","html-keyboard-response","486","578418","0.0-17.0-0.74","669d0b18e3a1ae0b5f7571ef","69d7901e3430d13455efb336","69e8c339945468bd919647b2","<p style=""font-size: 60px; font-family: FragmentMono"">GNFQWKYI</p>","","","training","","","","","","",""
"null","null","html-keyboard-response","487","579423","0.0-17.0-0.75","669d0b18e3a1ae0b5f7571ef","69d7901e3430d13455efb336","69e8c339945468bd919647b2","<p style=""font-size: 60px; font-family: FragmentMono"">HPWYCAVY</p>","","","training","","","","","","",""
"null","null","html-keyboard-response","488","580424","0.0-17.0-0.76","669d0b18e3a1ae0b5f7571ef","69d7901e3430d13455efb336","69e8c339945468bd919647b2","<p style=""font-size: 60px; font-family: FragmentMono"">BIWITGZX</p>","","","training","","","","","","",""
"null","null","html-keyboard-response","489","581426","0.0-17.0-0.77","669d0b18e3a1ae0b5f7571ef","69d7901e3430d13455efb336","69e8c339945468bd919647b2","<p style=""font-size: 60px; font-family: FragmentMono"">IBDLLQAIT</p>","","","training","","","","","","",""
"null","null","html-keyboard-response","490","582441","0.0-17.0-0.78","669d0b18e3a1ae0b5f7571ef","69d7901e3430d13455efb336","69e8c339945468bd919647b2","<p style=""font-size: 60px; font-family: FragmentMono"">BZBJSCAVY</p>","","","training","","","","","","",""
"null","null","html-keyboard-response","491","583443","0.0-17.0-0.79","669d0b18e3a1ae0b5f7571ef","69d7901e3430d13455efb336","69e8c339945468bd919647b2","<p style=""font-size: 60px; font-family: FragmentMono"">HPWYVHGM</p>","","","training","","","","","","",""
"3513"," ","html-keyboard-response","492","586957","0.0-18.0","669d0b18e3a1ae0b5f7571ef","69d7901e3430d13455efb336","69e8c339945468bd919647b2","<p style=""font-size: 30px"">Great, you've seen the sixth block of words. You may now take a short break.</p>
      <p style=""font-size: 30px"">Press the spacebar when you're ready to continue.</p>","","","","","","","","","",""
"null","null","html-keyboard-response","493","587968","0.0-19.0-0.0","669d0b18e3a1ae0b5f7571ef","69d7901e3430d13455efb336","69e8c339945468bd919647b2","<p style=""font-size: 60px; font-family: FragmentMono"">ISLNPYB</p>","","","training","","","","","","",""
"null","null","html-keyboard-response","494","588968","0.0-19.0-0.1","669d0b18e3a1ae0b5f7571ef","69d7901e3430d13455efb336","69e8c339945468bd919647b2","<p style=""font-size: 60px; font-family: FragmentMono"">BZBJSLSF</p>","","","training","","","","","","",""
"null","null","html-keyboard-response","495","589969","0.0-19.0-0.2","669d0b18e3a1ae0b5f7571ef","69d7901e3430d13455efb336","69e8c339945468bd919647b2","<p style=""font-size: 60px; font-family: FragmentMono"">BABJQRW</p>","","","training","","","","","","",""
"null","null","html-keyboard-response","496","590970","0.0-19.0-0.3","669d0b18e3a1ae0b5f7571ef","69d7901e3430d13455efb336","69e8c339945468bd919647b2","<p style=""font-size: 60px; font-family: FragmentMono"">UXBMTGZX</p>","","","training","","","","","","",""
"null","null","html-keyboard-response","497","591971","0.0-19.0-0.4","669d0b18e3a1ae0b5f7571ef","69d7901e3430d13455efb336","69e8c339945468bd919647b2","<p style=""font-size: 60px; font-family: FragmentMono"">GNFQWQRW</p>","","","training","","","","","","",""
"null","null","html-keyboard-response","498","592983","0.0-19.0-0.5","669d0b18e3a1ae0b5f7571ef","69d7901e3430d13455efb336","69e8c339945468bd919647b2","<p style=""font-size: 60px; font-family: FragmentMono"">IBDLLMYFT</p>","","","training","","","","","","",""
"null","null","html-keyboard-response","499","593988","0.0-19.0-0.6","669d0b18e3a1ae0b5f7571ef","69d7901e3430d13455efb336","69e8c339945468bd919647b2","<p style=""font-size: 60px; font-family: FragmentMono"">WAEMICAVY</p>","","","training","","","","","","",""
"null","null","html-keyboard-response","500","594990","0.0-19.0-0.7","669d0b18e3a1ae0b5f7571ef","69d7901e3430d13455efb336","69e8c339945468bd919647b2","<p style=""font-size: 60px; font-family: FragmentMono"">UBSUKYI</p>","","","training","","","","","","",""
"null","null","html-keyboard-response","501","595990","0.0-19.0-0.8","669d0b18e3a1ae0b5f7571ef","69d7901e3430d13455efb336","69e8c339945468bd919647b2","<p style=""font-size: 60px; font-family: FragmentMono"">BZBJSCAVY</p>","","","training","","","","","","",""
"null","null","html-keyboard-response","502","596992","0.0-19.0-0.9","669d0b18e3a1ae0b5f7571ef","69d7901e3430d13455efb336","69e8c339945468bd919647b2","<p style=""font-size: 60px; font-family: FragmentMono"">UYBKDMYFT</p>","","","training","","","","","","",""
"null","null","html-keyboard-response","503","598001","0.0-19.0-0.10","669d0b18e3a1ae0b5f7571ef","69d7901e3430d13455efb336","69e8c339945468bd919647b2","<p style=""font-size: 60px; font-family: FragmentMono"">KZLHIFYG</p>","","","training","","","","","","",""
"null","null","html-keyboard-response","504","599012","0.0-19.0-0.11","669d0b18e3a1ae0b5f7571ef","69d7901e3430d13455efb336","69e8c339945468bd919647b2","<p style=""font-size: 60px; font-family: FragmentMono"">CGHNQAIT</p>","","","training","","","","","","",""
"null","null","html-keyboard-response","505","600022","0.0-19.0-0.12","669d0b18e3a1ae0b5f7571ef","69d7901e3430d13455efb336","69e8c339945468bd919647b2","<p style=""font-size: 60px; font-family: FragmentMono"">BZBJSTGZX</p>","","","training","","","","","","",""
"null","null","html-keyboard-response","506","601024","0.0-19.0-0.13","669d0b18e3a1ae0b5f7571ef","69d7901e3430d13455efb336","69e8c339945468bd919647b2","<p style=""font-size: 60px; font-family: FragmentMono"">BABJPYB</p>","","","training","","","","","","",""
"null","null","html-keyboard-response","507","602024","0.0-19.0-0.14","669d0b18e3a1ae0b5f7571ef","69d7901e3430d13455efb336","69e8c339945468bd919647b2","<p style=""font-size: 60px; font-family: FragmentMono"">DRNXRCAVY</p>","","","training","","","","","","",""
"null","null","html-keyboard-response","508","603024","0.0-19.0-0.15","669d0b18e3a1ae0b5f7571ef","69d7901e3430d13455efb336","69e8c339945468bd919647b2","<p style=""font-size: 60px; font-family: FragmentMono"">UBSUQRW</p>","","","training","","","","","","",""
"null","null","html-keyboard-response","509","604026","0.0-19.0-0.16","669d0b18e3a1ae0b5f7571ef","69d7901e3430d13455efb336","69e8c339945468bd919647b2","<p style=""font-size: 60px; font-family: FragmentMono"">IBDLLKYI</p>","","","training","","","","","","",""
"null","null","html-keyboard-response","510","605031","0.0-19.0-0.17","669d0b18e3a1ae0b5f7571ef","69d7901e3430d13455efb336","69e8c339945468bd919647b2","<p style=""font-size: 60px; font-family: FragmentMono"">BIWITGZX</p>","","","training","","","","","","",""
"null","null","html-keyboard-response","511","606033","0.0-19.0-0.18","669d0b18e3a1ae0b5f7571ef","69d7901e3430d13455efb336","69e8c339945468bd919647b2","<p style=""font-size: 60px; font-family: FragmentMono"">IBDLLQAIT</p>","","","training","","","","","","",""
"null","null","html-keyboard-response","512","607033","0.0-19.0-0.19","669d0b18e3a1ae0b5f7571ef","69d7901e3430d13455efb336","69e8c339945468bd919647b2","<p style=""font-size: 60px; font-family: FragmentMono"">HPWYVHGM</p>","","","training","","","","","","",""
"null","null","html-keyboard-response","513","608042","0.0-19.0-0.20","669d0b18e3a1ae0b5f7571ef","69d7901e3430d13455efb336","69e8c339945468bd919647b2","<p style=""font-size: 60px; font-family: FragmentMono"">UYBKDPYB</p>","","","training","","","","","","",""
"null","null","html-keyboard-response","514","609054","0.0-19.0-0.21","669d0b18e3a1ae0b5f7571ef","69d7901e3430d13455efb336","69e8c339945468bd919647b2","<p style=""font-size: 60px; font-family: FragmentMono"">EPKSQRW</p>","","","training","","","","","","",""
"null","null","html-keyboard-response","515","610055","0.0-19.0-0.22","669d0b18e3a1ae0b5f7571ef","69d7901e3430d13455efb336","69e8c339945468bd919647b2","<p style=""font-size: 60px; font-family: FragmentMono"">BABJQAIT</p>","","","training","","","","","","",""
"null","null","html-keyboard-response","516","611070","0.0-19.0-0.23","669d0b18e3a1ae0b5f7571ef","69d7901e3430d13455efb336","69e8c339945468bd919647b2","<p style=""font-size: 60px; font-family: FragmentMono"">WFQNZMYFT</p>","","","training","","","","","","",""
"null","null","html-keyboard-response","517","612073","0.0-19.0-0.24","669d0b18e3a1ae0b5f7571ef","69d7901e3430d13455efb336","69e8c339945468bd919647b2","<p style=""font-size: 60px; font-family: FragmentMono"">VBQJPYB</p>","","","training","","","","","","",""
"null","null","html-keyboard-response","518","613074","0.0-19.0-0.25","669d0b18e3a1ae0b5f7571ef","69d7901e3430d13455efb336","69e8c339945468bd919647b2","<p style=""font-size: 60px; font-family: FragmentMono"">ISLNMYFT</p>","","","training","","","","","","",""
"null","null","html-keyboard-response","519","614087","0.0-19.0-0.26","669d0b18e3a1ae0b5f7571ef","69d7901e3430d13455efb336","69e8c339945468bd919647b2","<p style=""font-size: 60px; font-family: FragmentMono"">DEIQLSF</p>","","","training","","","","","","",""
"null","null","html-keyboard-response","520","615088","0.0-19.0-0.27","669d0b18e3a1ae0b5f7571ef","69d7901e3430d13455efb336","69e8c339945468bd919647b2","<p style=""font-size: 60px; font-family: FragmentMono"">VBQJMYFT</p>","","","training","","","","","","",""
"null","null","html-keyboard-response","521","616101","0.0-19.0-0.28","669d0b18e3a1ae0b5f7571ef","69d7901e3430d13455efb336","69e8c339945468bd919647b2","<p style=""font-size: 60px; font-family: FragmentMono"">GNFQWQAIT</p>","","","training","","","","","","",""
"null","null","html-keyboard-response","522","617103","0.0-19.0-0.29","669d0b18e3a1ae0b5f7571ef","69d7901e3430d13455efb336","69e8c339945468bd919647b2","<p style=""font-size: 60px; font-family: FragmentMono"">WAEMIFYG</p>","","","training","","","","","","",""
"null","null","html-keyboard-response","523","618105","0.0-19.0-0.30","669d0b18e3a1ae0b5f7571ef","69d7901e3430d13455efb336","69e8c339945468bd919647b2","<p style=""font-size: 60px; font-family: FragmentMono"">KUQVMVHGM</p>","","","training","","","","","","",""
"null","null","html-keyboard-response","524","619107","0.0-19.0-0.31","669d0b18e3a1ae0b5f7571ef","69d7901e3430d13455efb336","69e8c339945468bd919647b2","<p style=""font-size: 60px; font-family: FragmentMono"">KZLHILSF</p>","","","training","","","","","","",""
"null","null","html-keyboard-response","525","620109","0.0-19.0-0.32","669d0b18e3a1ae0b5f7571ef","69d7901e3430d13455efb336","69e8c339945468bd919647b2","<p style=""font-size: 60px; font-family: FragmentMono"">BZBJSFYG</p>","","","training","","","","","","",""
"null","null","html-keyboard-response","526","621109","0.0-19.0-0.33","669d0b18e3a1ae0b5f7571ef","69d7901e3430d13455efb336","69e8c339945468bd919647b2","<p style=""font-size: 60px; font-family: FragmentMono"">EPKSKYI</p>","","","training","","","","","","",""
"null","null","html-keyboard-response","527","622111","0.0-19.0-0.34","669d0b18e3a1ae0b5f7571ef","69d7901e3430d13455efb336","69e8c339945468bd919647b2","<p style=""font-size: 60px; font-family: FragmentMono"">WFQNZQRW</p>","","","training","","","","","","",""
"null","null","html-keyboard-response","528","623112","0.0-19.0-0.35","669d0b18e3a1ae0b5f7571ef","69d7901e3430d13455efb336","69e8c339945468bd919647b2","<p style=""font-size: 60px; font-family: FragmentMono"">UYBKDKYI</p>","","","training","","","","","","",""
"null","null","html-keyboard-response","529","624113","0.0-19.0-0.36","669d0b18e3a1ae0b5f7571ef","69d7901e3430d13455efb336","69e8c339945468bd919647b2","<p style=""font-size: 60px; font-family: FragmentMono"">QWBSJFYG</p>","","","training","","","","","","",""
"null","null","html-keyboard-response","530","625125","0.0-19.0-0.37","669d0b18e3a1ae0b5f7571ef","69d7901e3430d13455efb336","69e8c339945468bd919647b2","<p style=""font-size: 60px; font-family: FragmentMono"">UXBMVHGM</p>","","","training","","","","","","",""
"null","null","html-keyboard-response","531","626126","0.0-19.0-0.38","669d0b18e3a1ae0b5f7571ef","69d7901e3430d13455efb336","69e8c339945468bd919647b2","<p style=""font-size: 60px; font-family: FragmentMono"">ISLNKYI</p>","","","training","","","","","","",""
"null","null","html-keyboard-response","532","627127","0.0-19.0-0.39","669d0b18e3a1ae0b5f7571ef","69d7901e3430d13455efb336","69e8c339945468bd919647b2","<p style=""font-size: 60px; font-family: FragmentMono"">WAEMIVHGM</p>","","","training","","","","","","",""
"null","null","html-keyboard-response","533","628130","0.0-19.0-0.40","669d0b18e3a1ae0b5f7571ef","69d7901e3430d13455efb336","69e8c339945468bd919647b2","<p style=""font-size: 60px; font-family: FragmentMono"">DRNXRLSF</p>","","","training","","","","","","",""
"null","null","html-keyboard-response","534","629142","0.0-19.0-0.41","669d0b18e3a1ae0b5f7571ef","69d7901e3430d13455efb336","69e8c339945468bd919647b2","<p style=""font-size: 60px; font-family: FragmentMono"">WAEMITGZX</p>","","","training","","","","","","",""
"null","null","html-keyboard-response","535","630146","0.0-19.0-0.42","669d0b18e3a1ae0b5f7571ef","69d7901e3430d13455efb336","69e8c339945468bd919647b2","<p style=""font-size: 60px; font-family: FragmentMono"">DRNXRFYG</p>","","","training","","","","","","",""
"null","null","html-keyboard-response","536","631147","0.0-19.0-0.43","669d0b18e3a1ae0b5f7571ef","69d7901e3430d13455efb336","69e8c339945468bd919647b2","<p style=""font-size: 60px; font-family: FragmentMono"">EPKSPYB</p>","","","training","","","","","","",""
"null","null","html-keyboard-response","537","632160","0.0-19.0-0.44","669d0b18e3a1ae0b5f7571ef","69d7901e3430d13455efb336","69e8c339945468bd919647b2","<p style=""font-size: 60px; font-family: FragmentMono"">BIWILSF</p>","","","training","","","","","","",""
"null","null","html-keyboard-response","538","633165","0.0-19.0-0.45","669d0b18e3a1ae0b5f7571ef","69d7901e3430d13455efb336","69e8c339945468bd919647b2","<p style=""font-size: 60px; font-family: FragmentMono"">CGHNPYB</p>","","","training","","","","","","",""
"null","null","html-keyboard-response","539","634165","0.0-19.0-0.46","669d0b18e3a1ae0b5f7571ef","69d7901e3430d13455efb336","69e8c339945468bd919647b2","<p style=""font-size: 60px; font-family: FragmentMono"">WFQNZKYI</p>","","","training","","","","","","",""
"null","null","html-keyboard-response","540","635167","0.0-19.0-0.47","669d0b18e3a1ae0b5f7571ef","69d7901e3430d13455efb336","69e8c339945468bd919647b2","<p style=""font-size: 60px; font-family: FragmentMono"">KUQVMLSF</p>","","","training","","","","","","",""
"null","null","html-keyboard-response","541","636170","0.0-19.0-0.48","669d0b18e3a1ae0b5f7571ef","69d7901e3430d13455efb336","69e8c339945468bd919647b2","<p style=""font-size: 60px; font-family: FragmentMono"">HPWYTGZX</p>","","","training","","","","","","",""
"null","null","html-keyboard-response","542","637172","0.0-19.0-0.49","669d0b18e3a1ae0b5f7571ef","69d7901e3430d13455efb336","69e8c339945468bd919647b2","<p style=""font-size: 60px; font-family: FragmentMono"">GNFQWKYI</p>","","","training","","","","","","",""
"null","null","html-keyboard-response","543","638175","0.0-19.0-0.50","669d0b18e3a1ae0b5f7571ef","69d7901e3430d13455efb336","69e8c339945468bd919647b2","<p style=""font-size: 60px; font-family: FragmentMono"">BIWIVHGM</p>","","","training","","","","","","",""
"null","null","html-keyboard-response","544","639189","0.0-19.0-0.51","669d0b18e3a1ae0b5f7571ef","69d7901e3430d13455efb336","69e8c339945468bd919647b2","<p style=""font-size: 60px; font-family: FragmentMono"">UXBMLSF</p>","","","training","","","","","","",""
"null","null","html-keyboard-response","545","640190","0.0-19.0-0.52","669d0b18e3a1ae0b5f7571ef","69d7901e3430d13455efb336","69e8c339945468bd919647b2","<p style=""font-size: 60px; font-family: FragmentMono"">GNFQWPYB</p>","","","training","","","","","","",""
"null","null","html-keyboard-response","546","641205","0.0-19.0-0.53","669d0b18e3a1ae0b5f7571ef","69d7901e3430d13455efb336","69e8c339945468bd919647b2","<p style=""font-size: 60px; font-family: FragmentMono"">HPWYCAVY</p>","","","training","","","","","","",""
"null","null","html-keyboard-response","547","642221","0.0-19.0-0.54","669d0b18e3a1ae0b5f7571ef","69d7901e3430d13455efb336","69e8c339945468bd919647b2","<p style=""font-size: 60px; font-family: FragmentMono"">VBQJQRW</p>","","","training","","","","","","",""
"null","null","html-keyboard-response","548","643235","0.0-19.0-0.55","669d0b18e3a1ae0b5f7571ef","69d7901e3430d13455efb336","69e8c339945468bd919647b2","<p style=""font-size: 60px; font-family: FragmentMono"">QWBSJTGZX</p>","","","training","","","","","","",""
"null","null","html-keyboard-response","549","644236","0.0-19.0-0.56","669d0b18e3a1ae0b5f7571ef","69d7901e3430d13455efb336","69e8c339945468bd919647b2","<p style=""font-size: 60px; font-family: FragmentMono"">WFQNZQAIT</p>","","","training","","","","","","",""
"null","null","html-keyboard-response","550","645241","0.0-19.0-0.57","669d0b18e3a1ae0b5f7571ef","69d7901e3430d13455efb336","69e8c339945468bd919647b2","<p style=""font-size: 60px; font-family: FragmentMono"">UXBMCAVY</p>","","","training","","","","","","",""
"null","null","html-keyboard-response","551","646255","0.0-19.0-0.58","669d0b18e3a1ae0b5f7571ef","69d7901e3430d13455efb336","69e8c339945468bd919647b2","<p style=""font-size: 60px; font-family: FragmentMono"">UYBKDQRW</p>","","","training","","","","","","",""
"null","null","html-keyboard-response","552","647256","0.0-19.0-0.59","669d0b18e3a1ae0b5f7571ef","69d7901e3430d13455efb336","69e8c339945468bd919647b2","<p style=""font-size: 60px; font-family: FragmentMono"">UBSUMYFT</p>","","","training","","","","","","",""
"null","null","html-keyboard-response","553","648263","0.0-19.0-0.60","669d0b18e3a1ae0b5f7571ef","69d7901e3430d13455efb336","69e8c339945468bd919647b2","<p style=""font-size: 60px; font-family: FragmentMono"">EPKSQAIT</p>","","","training","","","","","","",""
"null","null","html-keyboard-response","554","649276","0.0-19.0-0.61","669d0b18e3a1ae0b5f7571ef","69d7901e3430d13455efb336","69e8c339945468bd919647b2","<p style=""font-size: 60px; font-family: FragmentMono"">IBDLLPYB</p>","","","training","","","","","","",""
"null","null","html-keyboard-response","555","650282","0.0-19.0-0.62","669d0b18e3a1ae0b5f7571ef","69d7901e3430d13455efb336","69e8c339945468bd919647b2","<p style=""font-size: 60px; font-family: FragmentMono"">DEIQVHGM</p>","","","training","","","","","","",""
"null","null","html-keyboard-response","556","651287","0.0-19.0-0.63","669d0b18e3a1ae0b5f7571ef","69d7901e3430d13455efb336","69e8c339945468bd919647b2","<p style=""font-size: 60px; font-family: FragmentMono"">BIWICAVY</p>","","","training","","","","","","",""
"null","null","html-keyboard-response","557","652288","0.0-19.0-0.64","669d0b18e3a1ae0b5f7571ef","69d7901e3430d13455efb336","69e8c339945468bd919647b2","<p style=""font-size: 60px; font-family: FragmentMono"">VBQJKYI</p>","","","training","","","","","","",""
"null","null","html-keyboard-response","558","653297","0.0-19.0-0.65","669d0b18e3a1ae0b5f7571ef","69d7901e3430d13455efb336","69e8c339945468bd919647b2","<p style=""font-size: 60px; font-family: FragmentMono"">BABJMYFT</p>","","","training","","","","","","",""
"null","null","html-keyboard-response","559","654298","0.0-19.0-0.66","669d0b18e3a1ae0b5f7571ef","69d7901e3430d13455efb336","69e8c339945468bd919647b2","<p style=""font-size: 60px; font-family: FragmentMono"">QWBSJLSF</p>","","","training","","","","","","",""
"null","null","html-keyboard-response","560","655309","0.0-19.0-0.67","669d0b18e3a1ae0b5f7571ef","69d7901e3430d13455efb336","69e8c339945468bd919647b2","<p style=""font-size: 60px; font-family: FragmentMono"">HPWYFYG</p>","","","training","","","","","","",""
"null","null","html-keyboard-response","561","656311","0.0-19.0-0.68","669d0b18e3a1ae0b5f7571ef","69d7901e3430d13455efb336","69e8c339945468bd919647b2","<p style=""font-size: 60px; font-family: FragmentMono"">CGHNQRW</p>","","","training","","","","","","",""
"null","null","html-keyboard-response","562","657314","0.0-19.0-0.69","669d0b18e3a1ae0b5f7571ef","69d7901e3430d13455efb336","69e8c339945468bd919647b2","<p style=""font-size: 60px; font-family: FragmentMono"">DEIQFYG</p>","","","training","","","","","","",""
"null","null","html-keyboard-response","563","658315","0.0-19.0-0.70","669d0b18e3a1ae0b5f7571ef","69d7901e3430d13455efb336","69e8c339945468bd919647b2","<p style=""font-size: 60px; font-family: FragmentMono"">CGHNMYFT</p>","","","training","","","","","","",""
"null","null","html-keyboard-response","564","659317","0.0-19.0-0.71","669d0b18e3a1ae0b5f7571ef","69d7901e3430d13455efb336","69e8c339945468bd919647b2","<p style=""font-size: 60px; font-family: FragmentMono"">KZLHICAVY</p>","","","training","","","","","","",""
"null","null","html-keyboard-response","565","660331","0.0-19.0-0.72","669d0b18e3a1ae0b5f7571ef","69d7901e3430d13455efb336","69e8c339945468bd919647b2","<p style=""font-size: 60px; font-family: FragmentMono"">ISLNQAIT</p>","","","training","","","","","","",""
"null","null","html-keyboard-response","566","661338","0.0-19.0-0.73","669d0b18e3a1ae0b5f7571ef","69d7901e3430d13455efb336","69e8c339945468bd919647b2","<p style=""font-size: 60px; font-family: FragmentMono"">DRNXRTGZX</p>","","","training","","","","","","",""
"null","null","html-keyboard-response","567","662339","0.0-19.0-0.74","669d0b18e3a1ae0b5f7571ef","69d7901e3430d13455efb336","69e8c339945468bd919647b2","<p style=""font-size: 60px; font-family: FragmentMono"">KZLHIVHGM</p>","","","training","","","","","","",""
"null","null","html-keyboard-response","568","663346","0.0-19.0-0.75","669d0b18e3a1ae0b5f7571ef","69d7901e3430d13455efb336","69e8c339945468bd919647b2","<p style=""font-size: 60px; font-family: FragmentMono"">UBSUQAIT</p>","","","training","","","","","","",""
"null","null","html-keyboard-response","569","664346","0.0-19.0-0.76","669d0b18e3a1ae0b5f7571ef","69d7901e3430d13455efb336","69e8c339945468bd919647b2","<p style=""font-size: 60px; font-family: FragmentMono"">KUQVMFYG</p>","","","training","","","","","","",""
"null","null","html-keyboard-response","570","665351","0.0-19.0-0.77","669d0b18e3a1ae0b5f7571ef","69d7901e3430d13455efb336","69e8c339945468bd919647b2","<p style=""font-size: 60px; font-family: FragmentMono"">DEIQTGZX</p>","","","training","","","","","","",""
"null","null","html-keyboard-response","571","666352","0.0-19.0-0.78","669d0b18e3a1ae0b5f7571ef","69d7901e3430d13455efb336","69e8c339945468bd919647b2","<p style=""font-size: 60px; font-family: FragmentMono"">QWBSJVHGM</p>","","","training","","","","","","",""
"null","null","html-keyboard-response","572","667353","0.0-19.0-0.79","669d0b18e3a1ae0b5f7571ef","69d7901e3430d13455efb336","69e8c339945468bd919647b2","<p style=""font-size: 60px; font-family: FragmentMono"">KUQVMCAVY</p>","","","training","","","","","","",""
"83086"," ","html-keyboard-response","573","750439","0.0-20.0","669d0b18e3a1ae0b5f7571ef","69d7901e3430d13455efb336","69e8c339945468bd919647b2","<p style=""font-size: 30px"">Great, you've seen the seventh block of words. You may now take a short break.</p>
      <p style=""font-size: 30px"">Press the spacebar when you're ready to continue.</p>","","","","","","","","","",""
"null","null","html-keyboard-response","574","751440","0.0-21.0-0.0","669d0b18e3a1ae0b5f7571ef","69d7901e3430d13455efb336","69e8c339945468bd919647b2","<p style=""font-size: 60px; font-family: FragmentMono"">BZBJSTGZX</p>","","","training","","","","","","",""
"null","null","html-keyboard-response","575","752441","0.0-21.0-0.1","669d0b18e3a1ae0b5f7571ef","69d7901e3430d13455efb336","69e8c339945468bd919647b2","<p style=""font-size: 60px; font-family: FragmentMono"">HPWYVHGM</p>","","","training","","","","","","",""
"null","null","html-keyboard-response","576","753442","0.0-21.0-0.2","669d0b18e3a1ae0b5f7571ef","69d7901e3430d13455efb336","69e8c339945468bd919647b2","<p style=""font-size: 60px; font-family: FragmentMono"">VBQJPYB</p>","","","training","","","","","","",""
"null","null","html-keyboard-response","577","754457","0.0-21.0-0.3","669d0b18e3a1ae0b5f7571ef","69d7901e3430d13455efb336","69e8c339945468bd919647b2","<p style=""font-size: 60px; font-family: FragmentMono"">KZLHIFYG</p>","","","training","","","","","","",""
"null","null","html-keyboard-response","578","755467","0.0-21.0-0.4","669d0b18e3a1ae0b5f7571ef","69d7901e3430d13455efb336","69e8c339945468bd919647b2","<p style=""font-size: 60px; font-family: FragmentMono"">DEIQLSF</p>","","","training","","","","","","",""
"null","null","html-keyboard-response","579","756469","0.0-21.0-0.5","669d0b18e3a1ae0b5f7571ef","69d7901e3430d13455efb336","69e8c339945468bd919647b2","<p style=""font-size: 60px; font-family: FragmentMono"">UYBKDMYFT</p>","","","training","","","","","","",""
"null","null","html-keyboard-response","580","757470","0.0-21.0-0.6","669d0b18e3a1ae0b5f7571ef","69d7901e3430d13455efb336","69e8c339945468bd919647b2","<p style=""font-size: 60px; font-family: FragmentMono"">VBQJKYI</p>","","","training","","","","","","",""
"null","null","html-keyboard-response","581","758471","0.0-21.0-0.7","669d0b18e3a1ae0b5f7571ef","69d7901e3430d13455efb336","69e8c339945468bd919647b2","<p style=""font-size: 60px; font-family: FragmentMono"">GNFQWQAIT</p>","","","training","","","","","","",""
"null","null","html-keyboard-response","582","759472","0.0-21.0-0.8","669d0b18e3a1ae0b5f7571ef","69d7901e3430d13455efb336","69e8c339945468bd919647b2","<p style=""font-size: 60px; font-family: FragmentMono"">BIWITGZX</p>","","","training","","","","","","",""
"null","null","html-keyboard-response","583","760485","0.0-21.0-0.9","669d0b18e3a1ae0b5f7571ef","69d7901e3430d13455efb336","69e8c339945468bd919647b2","<p style=""font-size: 60px; font-family: FragmentMono"">DRNXRLSF</p>","","","training","","","","","","",""
"null","null","html-keyboard-response","584","761486","0.0-21.0-0.10","669d0b18e3a1ae0b5f7571ef","69d7901e3430d13455efb336","69e8c339945468bd919647b2","<p style=""font-size: 60px; font-family: FragmentMono"">BABJMYFT</p>","","","training","","","","","","",""
"null","null","html-keyboard-response","585","762500","0.0-21.0-0.11","669d0b18e3a1ae0b5f7571ef","69d7901e3430d13455efb336","69e8c339945468bd919647b2","<p style=""font-size: 60px; font-family: FragmentMono"">ISLNPYB</p>","","","training","","","","","","",""
"null","null","html-keyboard-response","586","763514","0.0-21.0-0.12","669d0b18e3a1ae0b5f7571ef","69d7901e3430d13455efb336","69e8c339945468bd919647b2","<p style=""font-size: 60px; font-family: FragmentMono"">DRNXRTGZX</p>","","","training","","","","","","",""
"null","null","html-keyboard-response","587","764523","0.0-21.0-0.13","669d0b18e3a1ae0b5f7571ef","69d7901e3430d13455efb336","69e8c339945468bd919647b2","<p style=""font-size: 60px; font-family: FragmentMono"">EPKSQAIT</p>","","","training","","","","","","",""
"null","null","html-keyboard-response","588","765524","0.0-21.0-0.14","669d0b18e3a1ae0b5f7571ef","69d7901e3430d13455efb336","69e8c339945468bd919647b2","<p style=""font-size: 60px; font-family: FragmentMono"">UXBMVHGM</p>","","","training","","","","","","",""
"null","null","html-keyboard-response","589","766524","0.0-21.0-0.15","669d0b18e3a1ae0b5f7571ef","69d7901e3430d13455efb336","69e8c339945468bd919647b2","<p style=""font-size: 60px; font-family: FragmentMono"">UYBKDKYI</p>","","","training","","","","","","",""
"null","null","html-keyboard-response","590","767538","0.0-21.0-0.16","669d0b18e3a1ae0b5f7571ef","69d7901e3430d13455efb336","69e8c339945468bd919647b2","<p style=""font-size: 60px; font-family: FragmentMono"">WAEMITGZX</p>","","","training","","","","","","",""
"null","null","html-keyboard-response","591","768541","0.0-21.0-0.17","669d0b18e3a1ae0b5f7571ef","69d7901e3430d13455efb336","69e8c339945468bd919647b2","<p style=""font-size: 60px; font-family: FragmentMono"">DEIQFYG</p>","","","training","","","","","","",""
"null","null","html-keyboard-response","592","769542","0.0-21.0-0.18","669d0b18e3a1ae0b5f7571ef","69d7901e3430d13455efb336","69e8c339945468bd919647b2","<p style=""font-size: 60px; font-family: FragmentMono"">BZBJSCAVY</p>","","","training","","","","","","",""
"null","null","html-keyboard-response","593","770557","0.0-21.0-0.19","669d0b18e3a1ae0b5f7571ef","69d7901e3430d13455efb336","69e8c339945468bd919647b2","<p style=""font-size: 60px; font-family: FragmentMono"">ISLNKYI</p>","","","training","","","","","","",""
"null","null","html-keyboard-response","594","771558","0.0-21.0-0.20","669d0b18e3a1ae0b5f7571ef","69d7901e3430d13455efb336","69e8c339945468bd919647b2","<p style=""font-size: 60px; font-family: FragmentMono"">KUQVMVHGM</p>","","","training","","","","","","",""
"null","null","html-keyboard-response","595","772559","0.0-21.0-0.21","669d0b18e3a1ae0b5f7571ef","69d7901e3430d13455efb336","69e8c339945468bd919647b2","<p style=""font-size: 60px; font-family: FragmentMono"">GNFQWPYB</p>","","","training","","","","","","",""
"null","null","html-keyboard-response","596","773570","0.0-21.0-0.22","669d0b18e3a1ae0b5f7571ef","69d7901e3430d13455efb336","69e8c339945468bd919647b2","<p style=""font-size: 60px; font-family: FragmentMono"">BABJQAIT</p>","","","training","","","","","","",""
"null","null","html-keyboard-response","597","774571","0.0-21.0-0.23","669d0b18e3a1ae0b5f7571ef","69d7901e3430d13455efb336","69e8c339945468bd919647b2","<p style=""font-size: 60px; font-family: FragmentMono"">UYBKDQRW</p>","","","training","","","","","","",""
"null","null","html-keyboard-response","598","775572","0.0-21.0-0.24","669d0b18e3a1ae0b5f7571ef","69d7901e3430d13455efb336","69e8c339945468bd919647b2","<p style=""font-size: 60px; font-family: FragmentMono"">KUQVMFYG</p>","","","training","","","","","","",""
"null","null","html-keyboard-response","599","776576","0.0-21.0-0.25","669d0b18e3a1ae0b5f7571ef","69d7901e3430d13455efb336","69e8c339945468bd919647b2","<p style=""font-size: 60px; font-family: FragmentMono"">UBSUQAIT</p>","","","training","","","","","","",""
"null","null","html-keyboard-response","600","777577","0.0-21.0-0.26","669d0b18e3a1ae0b5f7571ef","69d7901e3430d13455efb336","69e8c339945468bd919647b2","<p style=""font-size: 60px; font-family: FragmentMono"">BZBJSLSF</p>","","","training","","","","","","",""
"null","null","html-keyboard-response","601","778582","0.0-21.0-0.27","669d0b18e3a1ae0b5f7571ef","69d7901e3430d13455efb336","69e8c339945468bd919647b2","<p style=""font-size: 60px; font-family: FragmentMono"">EPKSQRW</p>","","","training","","","","","","",""
"null","null","html-keyboard-response","602","779584","0.0-21.0-0.28","669d0b18e3a1ae0b5f7571ef","69d7901e3430d13455efb336","69e8c339945468bd919647b2","<p style=""font-size: 60px; font-family: FragmentMono"">UBSUMYFT</p>","","","training","","","","","","",""
"null","null","html-keyboard-response","603","780585","0.0-21.0-0.29","669d0b18e3a1ae0b5f7571ef","69d7901e3430d13455efb336","69e8c339945468bd919647b2","<p style=""font-size: 60px; font-family: FragmentMono"">WAEMIVHGM</p>","","","training","","","","","","",""
"null","null","html-keyboard-response","604","781598","0.0-21.0-0.30","669d0b18e3a1ae0b5f7571ef","69d7901e3430d13455efb336","69e8c339945468bd919647b2","<p style=""font-size: 60px; font-family: FragmentMono"">UXBMCAVY</p>","","","training","","","","","","",""
"null","null","html-keyboard-response","605","782599","0.0-21.0-0.31","669d0b18e3a1ae0b5f7571ef","69d7901e3430d13455efb336","69e8c339945468bd919647b2","<p style=""font-size: 60px; font-family: FragmentMono"">CGHNQAIT</p>","","","training","","","","","","",""
"null","null","html-keyboard-response","606","783600","0.0-21.0-0.32","669d0b18e3a1ae0b5f7571ef","69d7901e3430d13455efb336","69e8c339945468bd919647b2","<p style=""font-size: 60px; font-family: FragmentMono"">VBQJQRW</p>","","","training","","","","","","",""
"null","null","html-keyboard-response","607","784601","0.0-21.0-0.33","669d0b18e3a1ae0b5f7571ef","69d7901e3430d13455efb336","69e8c339945468bd919647b2","<p style=""font-size: 60px; font-family: FragmentMono"">QWBSJTGZX</p>","","","training","","","","","","",""
"null","null","html-keyboard-response","608","785605","0.0-21.0-0.34","669d0b18e3a1ae0b5f7571ef","69d7901e3430d13455efb336","69e8c339945468bd919647b2","<p style=""font-size: 60px; font-family: FragmentMono"">CGHNQRW</p>","","","training","","","","","","",""
"null","null","html-keyboard-response","609","786607","0.0-21.0-0.35","669d0b18e3a1ae0b5f7571ef","69d7901e3430d13455efb336","69e8c339945468bd919647b2","<p style=""font-size: 60px; font-family: FragmentMono"">DEIQTGZX</p>","","","training","","","","","","",""
"null","null","html-keyboard-response","610","787608","0.0-21.0-0.36","669d0b18e3a1ae0b5f7571ef","69d7901e3430d13455efb336","69e8c339945468bd919647b2","<p style=""font-size: 60px; font-family: FragmentMono"">BIWIVHGM</p>","","","training","","","","","","",""
"null","null","html-keyboard-response","611","788614","0.0-21.0-0.37","669d0b18e3a1ae0b5f7571ef","69d7901e3430d13455efb336","69e8c339945468bd919647b2","<p style=""font-size: 60px; font-family: FragmentMono"">UYBKDPYB</p>","","","training","","","","","","",""
"null","null","html-keyboard-response","612","789615","0.0-21.0-0.38","669d0b18e3a1ae0b5f7571ef","69d7901e3430d13455efb336","69e8c339945468bd919647b2","<p style=""font-size: 60px; font-family: FragmentMono"">GNFQWKYI</p>","","","training","","","","","","",""
"null","null","html-keyboard-response","613","790616","0.0-21.0-0.39","669d0b18e3a1ae0b5f7571ef","69d7901e3430d13455efb336","69e8c339945468bd919647b2","<p style=""font-size: 60px; font-family: FragmentMono"">CGHNMYFT</p>","","","training","","","","","","",""
"null","null","html-keyboard-response","614","791618","0.0-21.0-0.40","669d0b18e3a1ae0b5f7571ef","69d7901e3430d13455efb336","69e8c339945468bd919647b2","<p style=""font-size: 60px; font-family: FragmentMono"">ISLNQAIT</p>","","","training","","","","","","",""
"null","null","html-keyboard-response","615","792630","0.0-21.0-0.41","669d0b18e3a1ae0b5f7571ef","69d7901e3430d13455efb336","69e8c339945468bd919647b2","<p style=""font-size: 60px; font-family: FragmentMono"">HPWYFYG</p>","","","training","","","","","","",""
"null","null","html-keyboard-response","616","793634","0.0-21.0-0.42","669d0b18e3a1ae0b5f7571ef","69d7901e3430d13455efb336","69e8c339945468bd919647b2","<p style=""font-size: 60px; font-family: FragmentMono"">IBDLLMYFT</p>","","","training","","","","","","",""
"null","null","html-keyboard-response","617","794644","0.0-21.0-0.43","669d0b18e3a1ae0b5f7571ef","69d7901e3430d13455efb336","69e8c339945468bd919647b2","<p style=""font-size: 60px; font-family: FragmentMono"">EPKSPYB</p>","","","training","","","","","","",""
"null","null","html-keyboard-response","618","795651","0.0-21.0-0.44","669d0b18e3a1ae0b5f7571ef","69d7901e3430d13455efb336","69e8c339945468bd919647b2","<p style=""font-size: 60px; font-family: FragmentMono"">WFQNZKYI</p>","","","training","","","","","","",""
"null","null","html-keyboard-response","619","796665","0.0-21.0-0.45","669d0b18e3a1ae0b5f7571ef","69d7901e3430d13455efb336","69e8c339945468bd919647b2","<p style=""font-size: 60px; font-family: FragmentMono"">KUQVMLSF</p>","","","training","","","","","","",""
"null","null","html-keyboard-response","620","797667","0.0-21.0-0.46","669d0b18e3a1ae0b5f7571ef","69d7901e3430d13455efb336","69e8c339945468bd919647b2","<p style=""font-size: 60px; font-family: FragmentMono"">UBSUQRW</p>","","","training","","","","","","",""
"null","null","html-keyboard-response","621","798672","0.0-21.0-0.47","669d0b18e3a1ae0b5f7571ef","69d7901e3430d13455efb336","69e8c339945468bd919647b2","<p style=""font-size: 60px; font-family: FragmentMono"">IBDLLPYB</p>","","","training","","","","","","",""
"null","null","html-keyboard-response","622","799673","0.0-21.0-0.48","669d0b18e3a1ae0b5f7571ef","69d7901e3430d13455efb336","69e8c339945468bd919647b2","<p style=""font-size: 60px; font-family: FragmentMono"">DEIQVHGM</p>","","","training","","","","","","",""
"null","null","html-keyboard-response","623","800674","0.0-21.0-0.49","669d0b18e3a1ae0b5f7571ef","69d7901e3430d13455efb336","69e8c339945468bd919647b2","<p style=""font-size: 60px; font-family: FragmentMono"">GNFQWQRW</p>","","","training","","","","","","",""
"null","null","html-keyboard-response","624","801675","0.0-21.0-0.50","669d0b18e3a1ae0b5f7571ef","69d7901e3430d13455efb336","69e8c339945468bd919647b2","<p style=""font-size: 60px; font-family: FragmentMono"">UXBMLSF</p>","","","training","","","","","","",""
"null","null","html-keyboard-response","625","802685","0.0-21.0-0.51","669d0b18e3a1ae0b5f7571ef","69d7901e3430d13455efb336","69e8c339945468bd919647b2","<p style=""font-size: 60px; font-family: FragmentMono"">UBSUKYI</p>","","","training","","","","","","",""
"null","null","html-keyboard-response","626","803693","0.0-21.0-0.52","669d0b18e3a1ae0b5f7571ef","69d7901e3430d13455efb336","69e8c339945468bd919647b2","<p style=""font-size: 60px; font-family: FragmentMono"">QWBSJLSF</p>","","","training","","","","","","",""
"null","null","html-keyboard-response","627","804697","0.0-21.0-0.53","669d0b18e3a1ae0b5f7571ef","69d7901e3430d13455efb336","69e8c339945468bd919647b2","<p style=""font-size: 60px; font-family: FragmentMono"">IBDLLKYI</p>","","","training","","","","","","",""
"null","null","html-keyboard-response","628","805704","0.0-21.0-0.54","669d0b18e3a1ae0b5f7571ef","69d7901e3430d13455efb336","69e8c339945468bd919647b2","<p style=""font-size: 60px; font-family: FragmentMono"">UXBMTGZX</p>","","","training","","","","","","",""
"null","null","html-keyboard-response","629","806705","0.0-21.0-0.55","669d0b18e3a1ae0b5f7571ef","69d7901e3430d13455efb336","69e8c339945468bd919647b2","<p style=""font-size: 60px; font-family: FragmentMono"">WAEMICAVY</p>","","","training","","","","","","",""
"null","null","html-keyboard-response","630","807706","0.0-21.0-0.56","669d0b18e3a1ae0b5f7571ef","69d7901e3430d13455efb336","69e8c339945468bd919647b2","<p style=""font-size: 60px; font-family: FragmentMono"">BABJQRW</p>","","","training","","","","","","",""
"null","null","html-keyboard-response","631","808706","0.0-21.0-0.57","669d0b18e3a1ae0b5f7571ef","69d7901e3430d13455efb336","69e8c339945468bd919647b2","<p style=""font-size: 60px; font-family: FragmentMono"">KZLHIVHGM</p>","","","training","","","","","","",""
"null","null","html-keyboard-response","632","809707","0.0-21.0-0.58","669d0b18e3a1ae0b5f7571ef","69d7901e3430d13455efb336","69e8c339945468bd919647b2","<p style=""font-size: 60px; font-family: FragmentMono"">WFQNZQRW</p>","","","training","","","","","","",""
"null","null","html-keyboard-response","633","810714","0.0-21.0-0.59","669d0b18e3a1ae0b5f7571ef","69d7901e3430d13455efb336","69e8c339945468bd919647b2","<p style=""font-size: 60px; font-family: FragmentMono"">ISLNMYFT</p>","","","training","","","","","","",""
"null","null","html-keyboard-response","634","811718","0.0-21.0-0.60","669d0b18e3a1ae0b5f7571ef","69d7901e3430d13455efb336","69e8c339945468bd919647b2","<p style=""font-size: 60px; font-family: FragmentMono"">KUQVMCAVY</p>","","","training","","","","","","",""
"null","null","html-keyboard-response","635","812720","0.0-21.0-0.61","669d0b18e3a1ae0b5f7571ef","69d7901e3430d13455efb336","69e8c339945468bd919647b2","<p style=""font-size: 60px; font-family: FragmentMono"">WAEMIFYG</p>","","","training","","","","","","",""
"null","null","html-keyboard-response","636","813722","0.0-21.0-0.62","669d0b18e3a1ae0b5f7571ef","69d7901e3430d13455efb336","69e8c339945468bd919647b2","<p style=""font-size: 60px; font-family: FragmentMono"">QWBSJVHGM</p>","","","training","","","","","","",""
"null","null","html-keyboard-response","637","814722","0.0-21.0-0.63","669d0b18e3a1ae0b5f7571ef","69d7901e3430d13455efb336","69e8c339945468bd919647b2","<p style=""font-size: 60px; font-family: FragmentMono"">IBDLLQAIT</p>","","","training","","","","","","",""
"null","null","html-keyboard-response","638","815732","0.0-21.0-0.64","669d0b18e3a1ae0b5f7571ef","69d7901e3430d13455efb336","69e8c339945468bd919647b2","<p style=""font-size: 60px; font-family: FragmentMono"">BZBJSFYG</p>","","","training","","","","","","",""
"null","null","html-keyboard-response","639","816734","0.0-21.0-0.65","669d0b18e3a1ae0b5f7571ef","69d7901e3430d13455efb336","69e8c339945468bd919647b2","<p style=""font-size: 60px; font-family: FragmentMono"">BIWILSF</p>","","","training","","","","","","",""
"null","null","html-keyboard-response","640","817734","0.0-21.0-0.66","669d0b18e3a1ae0b5f7571ef","69d7901e3430d13455efb336","69e8c339945468bd919647b2","<p style=""font-size: 60px; font-family: FragmentMono"">EPKSKYI</p>","","","training","","","","","","",""
"null","null","html-keyboard-response","641","818735","0.0-21.0-0.67","669d0b18e3a1ae0b5f7571ef","69d7901e3430d13455efb336","69e8c339945468bd919647b2","<p style=""font-size: 60px; font-family: FragmentMono"">KZLHILSF</p>","","","training","","","","","","",""
"null","null","html-keyboard-response","642","819747","0.0-21.0-0.68","669d0b18e3a1ae0b5f7571ef","69d7901e3430d13455efb336","69e8c339945468bd919647b2","<p style=""font-size: 60px; font-family: FragmentMono"">DRNXRCAVY</p>","","","training","","","","","","",""
"null","null","html-keyboard-response","643","820752","0.0-21.0-0.69","669d0b18e3a1ae0b5f7571ef","69d7901e3430d13455efb336","69e8c339945468bd919647b2","<p style=""font-size: 60px; font-family: FragmentMono"">CGHNPYB</p>","","","training","","","","","","",""
"null","null","html-keyboard-response","644","821757","0.0-21.0-0.70","669d0b18e3a1ae0b5f7571ef","69d7901e3430d13455efb336","69e8c339945468bd919647b2","<p style=""font-size: 60px; font-family: FragmentMono"">HPWYCAVY</p>","","","training","","","","","","",""
"null","null","html-keyboard-response","645","822761","0.0-21.0-0.71","669d0b18e3a1ae0b5f7571ef","69d7901e3430d13455efb336","69e8c339945468bd919647b2","<p style=""font-size: 60px; font-family: FragmentMono"">BABJPYB</p>","","","training","","","","","","",""
"null","null","html-keyboard-response","646","823762","0.0-21.0-0.72","669d0b18e3a1ae0b5f7571ef","69d7901e3430d13455efb336","69e8c339945468bd919647b2","<p style=""font-size: 60px; font-family: FragmentMono"">WFQNZMYFT</p>","","","training","","","","","","",""
"null","null","html-keyboard-response","647","824772","0.0-21.0-0.73","669d0b18e3a1ae0b5f7571ef","69d7901e3430d13455efb336","69e8c339945468bd919647b2","<p style=""font-size: 60px; font-family: FragmentMono"">DRNXRFYG</p>","","","training","","","","","","",""
"null","null","html-keyboard-response","648","825781","0.0-21.0-0.74","669d0b18e3a1ae0b5f7571ef","69d7901e3430d13455efb336","69e8c339945468bd919647b2","<p style=""font-size: 60px; font-family: FragmentMono"">KZLHICAVY</p>","","","training","","","","","","",""
"null","null","html-keyboard-response","649","826781","0.0-21.0-0.75","669d0b18e3a1ae0b5f7571ef","69d7901e3430d13455efb336","69e8c339945468bd919647b2","<p style=""font-size: 60px; font-family: FragmentMono"">HPWYTGZX</p>","","","training","","","","","","",""
"null","null","html-keyboard-response","650","827783","0.0-21.0-0.76","669d0b18e3a1ae0b5f7571ef","69d7901e3430d13455efb336","69e8c339945468bd919647b2","<p style=""font-size: 60px; font-family: FragmentMono"">VBQJMYFT</p>","","","training","","","","","","",""
"null","null","html-keyboard-response","651","828795","0.0-21.0-0.77","669d0b18e3a1ae0b5f7571ef","69d7901e3430d13455efb336","69e8c339945468bd919647b2","<p style=""font-size: 60px; font-family: FragmentMono"">WFQNZQAIT</p>","","","training","","","","","","",""
"null","null","html-keyboard-response","652","829796","0.0-21.0-0.78","669d0b18e3a1ae0b5f7571ef","69d7901e3430d13455efb336","69e8c339945468bd919647b2","<p style=""font-size: 60px; font-family: FragmentMono"">QWBSJFYG</p>","","","training","","","","","","",""
"null","null","html-keyboard-response","653","830797","0.0-21.0-0.79","669d0b18e3a1ae0b5f7571ef","69d7901e3430d13455efb336","69e8c339945468bd919647b2","<p style=""font-size: 60px; font-family: FragmentMono"">BIWICAVY</p>","","","training","","","","","","",""
"2829"," ","html-keyboard-response","654","833626","0.0-22.0","669d0b18e3a1ae0b5f7571ef","69d7901e3430d13455efb336","69e8c339945468bd919647b2","<p style=""font-size: 30px"">Great! You've seen all the words that we received from space.</p>
      <p style=""font-size: 30px"">Press the spacebar when you're ready to continue.</p>","","","","","","","","","",""
"35635"," ","html-keyboard-response","655","869262","0.0-23.0","669d0b18e3a1ae0b5f7571ef","69d7901e3430d13455efb336","69e8c339945468bd919647b2","<p style=""font-size: 30px"">In this second part, you'll be given some words from a new communication from the same group of aliens, and others that belong to a communication from a different group of aliens. However, the two communications arrived at the same time, so the words are mixed up. Your task is to identify the words that belong to the same group of aliens as the communication you saw in the first part of the experiment.</p>
      <p style=""font-size: 30px"">This is a very tricky task, since both alien groups use the same characters. Your meeting with the world leaders starts very soon, so you won't have much time to decide; you need to work quickly. Try to do your best using your intuition; you don't have much time to spend thinking about each word.</p>
      <p style=""font-size: 30px"">Press <strong>k</strong> when you think that the word you're being shown is from the same group of aliens as before, and <strong>d</strong> when you think it's from a communication from the other alien group.</p><p>Press the spacebar when you're ready to begin.</p>","","","","","","","","","",""
"2247","d","html-keyboard-response","656","871509","0.0-24.0-0.0","669d0b18e3a1ae0b5f7571ef","69d7901e3430d13455efb336","69e8c339945468bd919647b2","<p style=""font-size: 30px;"">Does this word come from the alien group you studied previously?</p><br><p style=""font-size: 60px; font-family: FragmentMono"">XILSTGZX<p style=""font-size: 15px"">Press <strong>k</strong> for yes, <strong>d</strong> for no.</p>","","","testing","XILSTGZX","k","[""morcodeXmorpheme""]","false","","",""
"2472"," ","html-keyboard-response","657","873982","0.0-24.0-1.0-0.0","669d0b18e3a1ae0b5f7571ef","69d7901e3430d13455efb336","69e8c339945468bd919647b2","<p style=""font-size: 30px; color: red"">Careful! You were too slow for this word.</p>
      <p style=""font-size: 30px; color: red"">Try to be faster.</p><p></p><p>Press the spacebar to continue.</p>","","","","","","","","","",""
"700","k","html-keyboard-response","658","874682","0.0-24.0-0.1","669d0b18e3a1ae0b5f7571ef","69d7901e3430d13455efb336","69e8c339945468bd919647b2","<p style=""font-size: 30px;"">Does this word come from the alien group you studied previously?</p><br><p style=""font-size: 60px; font-family: FragmentMono"">VBQJQAIT<p style=""font-size: 15px"">Press <strong>k</strong> for yes, <strong>d</strong> for no.</p>","","","testing","VBQJQAIT","k","[""morphemeXmorpheme""]","true","","",""
"811","k","html-keyboard-response","659","875494","0.0-24.0-0.2","669d0b18e3a1ae0b5f7571ef","69d7901e3430d13455efb336","69e8c339945468bd919647b2","<p style=""font-size: 30px;"">Does this word come from the alien group you studied previously?</p><br><p style=""font-size: 60px; font-family: FragmentMono"">KZLHIBVLT<p style=""font-size: 15px"">Press <strong>k</strong> for yes, <strong>d</strong> for no.</p>","","","testing","KZLHIBVLT","k","[""morphemeXmorcode""]","true","","",""
"834","k","html-keyboard-response","660","876328","0.0-24.0-0.3","669d0b18e3a1ae0b5f7571ef","69d7901e3430d13455efb336","69e8c339945468bd919647b2","<p style=""font-size: 30px"">&emsp;</p><br><p style=""font-size: 60px; font-family: FragmentMono"">REAHURBO<p style=""font-size: 15px"">Press <strong>k</strong> for yes, <strong>d</strong> for no.</p>","","","testing","REAHURBO","d","[""morcodeXmorcode""]","false","","",""
"1031","k","html-keyboard-response","661","877359","0.0-24.0-0.4","669d0b18e3a1ae0b5f7571ef","69d7901e3430d13455efb336","69e8c339945468bd919647b2","<p style=""font-size: 30px"">&emsp;</p><br><p style=""font-size: 60px; font-family: FragmentMono"">IBDLLQRW<p style=""font-size: 15px"">Press <strong>k</strong> for yes, <strong>d</strong> for no.</p>","","","testing","IBDLLQRW","k","[""morphemeXmorpheme""]","true","","",""
"782","k","html-keyboard-response","662","878142","0.0-24.0-0.5","669d0b18e3a1ae0b5f7571ef","69d7901e3430d13455efb336","69e8c339945468bd919647b2","<p style=""font-size: 30px"">&emsp;</p><br><p style=""font-size: 60px; font-family: FragmentMono"">QWBSJWZHG<p style=""font-size: 15px"">Press <strong>k</strong> for yes, <strong>d</strong> for no.</p>","","","testing","QWBSJWZHG","k","[""morphemeXmorcode""]","true","","",""
"844","k","html-keyboard-response","663","878986","0.0-24.0-0.6","669d0b18e3a1ae0b5f7571ef","69d7901e3430d13455efb336","69e8c339945468bd919647b2","<p style=""font-size: 30px"">&emsp;</p><br><p style=""font-size: 60px; font-family: FragmentMono"">QCYKQHYRC<p style=""font-size: 15px"">Press <strong>k</strong> for yes, <strong>d</strong> for no.</p>","","","testing","QCYKQHYRC","d","[""morcodeXmorcode""]","false","","",""
"707","d","html-keyboard-response","664","879694","0.0-24.0-0.7","669d0b18e3a1ae0b5f7571ef","69d7901e3430d13455efb336","69e8c339945468bd919647b2","<p style=""font-size: 30px"">&emsp;</p><br><p style=""font-size: 60px; font-family: FragmentMono"">KUQVMQRW<p style=""font-size: 15px"">Press <strong>k</strong> for yes, <strong>d</strong> for no.</p>","","","testing","KUQVMQRW","d","[""morphemeXmorpheme""]","true","","",""
"762","k","html-keyboard-response","665","880456","0.0-24.0-0.8","669d0b18e3a1ae0b5f7571ef","69d7901e3430d13455efb336","69e8c339945468bd919647b2","<p style=""font-size: 30px"">&emsp;</p><br><p style=""font-size: 60px; font-family: FragmentMono"">DEIQCAVY<p style=""font-size: 15px"">Press <strong>k</strong> for yes, <strong>d</strong> for no.</p>","","","testing","DEIQCAVY","k","[""morphemeXmorpheme""]","true","","",""
"763","d","html-keyboard-response","666","881220","0.0-24.0-0.9","669d0b18e3a1ae0b5f7571ef","69d7901e3430d13455efb336","69e8c339945468bd919647b2","<p style=""font-size: 30px"">&emsp;</p><br><p style=""font-size: 60px; font-family: FragmentMono"">OMPFELG<p style=""font-size: 15px"">Press <strong>k</strong> for yes, <strong>d</strong> for no.</p>","","","testing","OMPFELG","d","[""morcodeXmorcode""]","true","","",""
"869","k","html-keyboard-response","667","882089","0.0-24.0-0.10","669d0b18e3a1ae0b5f7571ef","69d7901e3430d13455efb336","69e8c339945468bd919647b2","<p style=""font-size: 30px"">&emsp;</p><br><p style=""font-size: 60px; font-family: FragmentMono"">QWSNFYG<p style=""font-size: 15px"">Press <strong>k</strong> for yes, <strong>d</strong> for no.</p>","","","testing","QWSNFYG","k","[""morcodeXmorpheme""]","true","","",""
"974","d","html-keyboard-response","668","883063","0.0-24.0-0.11","669d0b18e3a1ae0b5f7571ef","69d7901e3430d13455efb336","69e8c339945468bd919647b2","<p style=""font-size: 30px"">&emsp;</p><br><p style=""font-size: 60px; font-family: FragmentMono"">KUQVMTGZX<p style=""font-size: 15px"">Press <strong>k</strong> for yes, <strong>d</strong> for no.</p>","","","testing","KUQVMTGZX","k","[""morphemeXmorpheme""]","false","","",""
"1120","k","html-keyboard-response","669","884183","0.0-24.0-0.12","669d0b18e3a1ae0b5f7571ef","69d7901e3430d13455efb336","69e8c339945468bd919647b2","<p style=""font-size: 30px"">&emsp;</p><br><p style=""font-size: 60px; font-family: FragmentMono"">SCEIFYG<p style=""font-size: 15px"">Press <strong>k</strong> for yes, <strong>d</strong> for no.</p>","","","testing","SCEIFYG","k","[""morcodeXmorpheme""]","true","","",""
"1144","k","html-keyboard-response","670","885328","0.0-24.0-0.13","669d0b18e3a1ae0b5f7571ef","69d7901e3430d13455efb336","69e8c339945468bd919647b2","<p style=""font-size: 30px"">&emsp;</p><br><p style=""font-size: 60px; font-family: FragmentMono"">HPWYLSF<p style=""font-size: 15px"">Press <strong>k</strong> for yes, <strong>d</strong> for no.</p>","","","testing","HPWYLSF","k","[""morphemeXmorpheme""]","true","","",""
"1150","d","html-keyboard-response","671","886477","0.0-24.0-0.14","669d0b18e3a1ae0b5f7571ef","69d7901e3430d13455efb336","69e8c339945468bd919647b2","<p style=""font-size: 30px"">&emsp;</p><br><p style=""font-size: 60px; font-family: FragmentMono"">DWXDFCJS<p style=""font-size: 15px"">Press <strong>k</strong> for yes, <strong>d</strong> for no.</p>","","","testing","DWXDFCJS","d","[""morcodeXmorcode""]","true","","",""
"992","d","html-keyboard-response","672","887470","0.0-24.0-0.15","669d0b18e3a1ae0b5f7571ef","69d7901e3430d13455efb336","69e8c339945468bd919647b2","<p style=""font-size: 30px"">&emsp;</p><br><p style=""font-size: 60px; font-family: FragmentMono"">QPMYNZE<p style=""font-size: 15px"">Press <strong>k</strong> for yes, <strong>d</strong> for no.</p>","","","testing","QPMYNZE","d","[""morcodeXmorcode""]","true","","",""
"1146","k","html-keyboard-response","673","888615","0.0-24.0-0.16","669d0b18e3a1ae0b5f7571ef","69d7901e3430d13455efb336","69e8c339945468bd919647b2","<p style=""font-size: 30px"">&emsp;</p><br><p style=""font-size: 60px; font-family: FragmentMono"">QBTRTSL<p style=""font-size: 15px"">Press <strong>k</strong> for yes, <strong>d</strong> for no.</p>","","","testing","QBTRTSL","d","[""morcodeXmorcode""]","false","","",""
"916","d","html-keyboard-response","674","889531","0.0-24.0-0.17","669d0b18e3a1ae0b5f7571ef","69d7901e3430d13455efb336","69e8c339945468bd919647b2","<p style=""font-size: 30px"">&emsp;</p><br><p style=""font-size: 60px; font-family: FragmentMono"">APQHTQHS<p style=""font-size: 15px"">Press <strong>k</strong> for yes, <strong>d</strong> for no.</p>","","","testing","APQHTQHS","d","[""morcodeXmorcode""]","true","","",""
"808","k","html-keyboard-response","675","890339","0.0-24.0-0.18","669d0b18e3a1ae0b5f7571ef","69d7901e3430d13455efb336","69e8c339945468bd919647b2","<p style=""font-size: 30px"">&emsp;</p><br><p style=""font-size: 60px; font-family: FragmentMono"">UWQEOPOKJ<p style=""font-size: 15px"">Press <strong>k</strong> for yes, <strong>d</strong> for no.</p>","","","testing","UWQEOPOKJ","d","[""morcodeXmorcode""]","false","","",""
"726","k","html-keyboard-response","676","891066","0.0-24.0-0.19","669d0b18e3a1ae0b5f7571ef","69d7901e3430d13455efb336","69e8c339945468bd919647b2","<p style=""font-size: 30px"">&emsp;</p><br><p style=""font-size: 60px; font-family: FragmentMono"">EPKSOBJA<p style=""font-size: 15px"">Press <strong>k</strong> for yes, <strong>d</strong> for no.</p>","","","testing","EPKSOBJA","k","[""morphemeXmorcode""]","true","","",""
"1419","k","html-keyboard-response","677","892485","0.0-24.0-0.20","669d0b18e3a1ae0b5f7571ef","69d7901e3430d13455efb336","69e8c339945468bd919647b2","<p style=""font-size: 30px"">&emsp;</p><br><p style=""font-size: 60px; font-family: FragmentMono"">ZUKXOVHGM<p style=""font-size: 15px"">Press <strong>k</strong> for yes, <strong>d</strong> for no.</p>","","","testing","ZUKXOVHGM","k","[""morcodeXmorpheme""]","true","","",""
"780","d","html-keyboard-response","678","893265","0.0-24.0-0.21","669d0b18e3a1ae0b5f7571ef","69d7901e3430d13455efb336","69e8c339945468bd919647b2","<p style=""font-size: 30px"">&emsp;</p><br><p style=""font-size: 60px; font-family: FragmentMono"">AFVRFLSF<p style=""font-size: 15px"">Press <strong>k</strong> for yes, <strong>d</strong> for no.</p>","","","testing","AFVRFLSF","k","[""morcodeXmorpheme""]","false","","",""
"1156","k","html-keyboard-response","679","894422","0.0-24.0-0.22","669d0b18e3a1ae0b5f7571ef","69d7901e3430d13455efb336","69e8c339945468bd919647b2","<p style=""font-size: 30px"">&emsp;</p><br><p style=""font-size: 60px; font-family: FragmentMono"">EKYAOKQRK<p style=""font-size: 15px"">Press <strong>k</strong> for yes, <strong>d</strong> for no.</p>","","","testing","EKYAOKQRK","d","[""morcodeXmorcode""]","false","","",""
"1219","d","html-keyboard-response","680","895642","0.0-24.0-0.23","669d0b18e3a1ae0b5f7571ef","69d7901e3430d13455efb336","69e8c339945468bd919647b2","<p style=""font-size: 30px"">&emsp;</p><br><p style=""font-size: 60px; font-family: FragmentMono"">VLQVQAIT<p style=""font-size: 15px"">Press <strong>k</strong> for yes, <strong>d</strong> for no.</p>","","","testing","VLQVQAIT","k","[""morcodeXmorpheme""]","false","","",""
"745","k","html-keyboard-response","681","896387","0.0-24.0-0.24","669d0b18e3a1ae0b5f7571ef","69d7901e3430d13455efb336","69e8c339945468bd919647b2","<p style=""font-size: 30px"">&emsp;</p><br><p style=""font-size: 60px; font-family: FragmentMono"">JGFHCAVY<p style=""font-size: 15px"">Press <strong>k</strong> for yes, <strong>d</strong> for no.</p>","","","testing","JGFHCAVY","k","[""morcodeXmorpheme""]","true","","",""
"1564","k","html-keyboard-response","682","897951","0.0-24.0-0.25","669d0b18e3a1ae0b5f7571ef","69d7901e3430d13455efb336","69e8c339945468bd919647b2","<p style=""font-size: 30px"">&emsp;</p><br><p style=""font-size: 60px; font-family: FragmentMono"">GNFQWMYFT<p style=""font-size: 15px"">Press <strong>k</strong> for yes, <strong>d</strong> for no.</p>","","","testing","GNFQWMYFT","k","[""morphemeXmorpheme""]","true","","",""
"1099","k","html-keyboard-response","683","899051","0.0-24.0-0.26","669d0b18e3a1ae0b5f7571ef","69d7901e3430d13455efb336","69e8c339945468bd919647b2","<p style=""font-size: 30px"">&emsp;</p><br><p style=""font-size: 60px; font-family: FragmentMono"">DEIQBYCY<p style=""font-size: 15px"">Press <strong>k</strong> for yes, <strong>d</strong> for no.</p>","","","testing","DEIQBYCY","k","[""morphemeXmorcode""]","true","","",""
"909","k","html-keyboard-response","684","899960","0.0-24.0-0.27","669d0b18e3a1ae0b5f7571ef","69d7901e3430d13455efb336","69e8c339945468bd919647b2","<p style=""font-size: 30px"">&emsp;</p><br><p style=""font-size: 60px; font-family: FragmentMono"">CGHNKYI<p style=""font-size: 15px"">Press <strong>k</strong> for yes, <strong>d</strong> for no.</p>","","","testing","CGHNKYI","k","[""morphemeXmorpheme""]","true","","",""
"1468","k","html-keyboard-response","685","901429","0.0-24.0-0.28","669d0b18e3a1ae0b5f7571ef","69d7901e3430d13455efb336","69e8c339945468bd919647b2","<p style=""font-size: 30px"">&emsp;</p><br><p style=""font-size: 60px; font-family: FragmentMono"">DRNXRPYB<p style=""font-size: 15px"">Press <strong>k</strong> for yes, <strong>d</strong> for no.</p>","","","testing","DRNXRPYB","d","[""morphemeXmorpheme""]","false","","",""
"1353","d","html-keyboard-response","686","902782","0.0-24.0-0.29","669d0b18e3a1ae0b5f7571ef","69d7901e3430d13455efb336","69e8c339945468bd919647b2","<p style=""font-size: 30px"">&emsp;</p><br><p style=""font-size: 60px; font-family: FragmentMono"">JRZVHJLSE<p style=""font-size: 15px"">Press <strong>k</strong> for yes, <strong>d</strong> for no.</p>","","","testing","JRZVHJLSE","d","[""morcodeXmorcode""]","true","","",""
"970","d","html-keyboard-response","687","903752","0.0-24.0-0.30","669d0b18e3a1ae0b5f7571ef","69d7901e3430d13455efb336","69e8c339945468bd919647b2","<p style=""font-size: 30px"">&emsp;</p><br><p style=""font-size: 60px; font-family: FragmentMono"">BABJKYI<p style=""font-size: 15px"">Press <strong>k</strong> for yes, <strong>d</strong> for no.</p>","","","testing","BABJKYI","k","[""morphemeXmorpheme""]","false","","",""
"1112","k","html-keyboard-response","688","904865","0.0-24.0-0.31","669d0b18e3a1ae0b5f7571ef","69d7901e3430d13455efb336","69e8c339945468bd919647b2","<p style=""font-size: 30px"">&emsp;</p><br><p style=""font-size: 60px; font-family: FragmentMono"">GJVMZQRW<p style=""font-size: 15px"">Press <strong>k</strong> for yes, <strong>d</strong> for no.</p>","","","testing","GJVMZQRW","k","[""morcodeXmorpheme""]","true","","",""
"1303","d","html-keyboard-response","689","906169","0.0-24.0-0.32","669d0b18e3a1ae0b5f7571ef","69d7901e3430d13455efb336","69e8c339945468bd919647b2","<p style=""font-size: 30px"">&emsp;</p><br><p style=""font-size: 60px; font-family: FragmentMono"">MYZNFBS<p style=""font-size: 15px"">Press <strong>k</strong> for yes, <strong>d</strong> for no.</p>","","","testing","MYZNFBS","d","[""morcodeXmorcode""]","true","","",""
"1048","k","html-keyboard-response","690","907217","0.0-24.0-0.33","669d0b18e3a1ae0b5f7571ef","69d7901e3430d13455efb336","69e8c339945468bd919647b2","<p style=""font-size: 30px"">&emsp;</p><br><p style=""font-size: 60px; font-family: FragmentMono"">ISLNQRW<p style=""font-size: 15px"">Press <strong>k</strong> for yes, <strong>d</strong> for no.</p>","","","testing","ISLNQRW","k","[""morphemeXmorpheme""]","true","","",""
"1380","d","html-keyboard-response","691","908597","0.0-24.0-0.34","669d0b18e3a1ae0b5f7571ef","69d7901e3430d13455efb336","69e8c339945468bd919647b2","<p style=""font-size: 30px"">&emsp;</p><br><p style=""font-size: 60px; font-family: FragmentMono"">LQUJOHRDY<p style=""font-size: 15px"">Press <strong>k</strong> for yes, <strong>d</strong> for no.</p>","","","testing","LQUJOHRDY","d","[""morcodeXmorcode""]","true","","",""
"1269","k","html-keyboard-response","692","909866","0.0-24.0-0.35","669d0b18e3a1ae0b5f7571ef","69d7901e3430d13455efb336","69e8c339945468bd919647b2","<p style=""font-size: 30px"">&emsp;</p><br><p style=""font-size: 60px; font-family: FragmentMono"">WFQNZPYB<p style=""font-size: 15px"">Press <strong>k</strong> for yes, <strong>d</strong> for no.</p>","","","testing","WFQNZPYB","k","[""morphemeXmorpheme""]","true","","",""
"1634","k","html-keyboard-response","693","911501","0.0-24.0-0.36","669d0b18e3a1ae0b5f7571ef","69d7901e3430d13455efb336","69e8c339945468bd919647b2","<p style=""font-size: 30px"">&emsp;</p><br><p style=""font-size: 60px; font-family: FragmentMono"">UXBMPRQ<p style=""font-size: 15px"">Press <strong>k</strong> for yes, <strong>d</strong> for no.</p>","","","testing","UXBMPRQ","k","[""morphemeXmorcode""]","true","","",""
"1096","k","html-keyboard-response","694","912597","0.0-24.0-0.37","669d0b18e3a1ae0b5f7571ef","69d7901e3430d13455efb336","69e8c339945468bd919647b2","<p style=""font-size: 30px"">&emsp;</p><br><p style=""font-size: 60px; font-family: FragmentMono"">QWBSJQAIT<p style=""font-size: 15px"">Press <strong>k</strong> for yes, <strong>d</strong> for no.</p>","","","testing","QWBSJQAIT","d","[""morphemeXmorpheme""]","false","","",""
"1751","d","html-keyboard-response","695","914348","0.0-24.0-0.38","669d0b18e3a1ae0b5f7571ef","69d7901e3430d13455efb336","69e8c339945468bd919647b2","<p style=""font-size: 30px"">&emsp;</p><br><p style=""font-size: 60px; font-family: FragmentMono"">XZQFDJN<p style=""font-size: 15px"">Press <strong>k</strong> for yes, <strong>d</strong> for no.</p>","","","testing","XZQFDJN","d","[""morcodeXmorcode""]","true","","",""
"1227","k","html-keyboard-response","696","915575","0.0-24.0-0.39","669d0b18e3a1ae0b5f7571ef","69d7901e3430d13455efb336","69e8c339945468bd919647b2","<p style=""font-size: 30px"">&emsp;</p><br><p style=""font-size: 60px; font-family: FragmentMono"">WFQNZOFG<p style=""font-size: 15px"">Press <strong>k</strong> for yes, <strong>d</strong> for no.</p>","","","testing","WFQNZOFG","k","[""morphemeXmorcode""]","true","","",""
"1550","d","html-keyboard-response","697","917125","0.0-24.0-0.40","669d0b18e3a1ae0b5f7571ef","69d7901e3430d13455efb336","69e8c339945468bd919647b2","<p style=""font-size: 30px"">&emsp;</p><br><p style=""font-size: 60px; font-family: FragmentMono"">DXLIKYI<p style=""font-size: 15px"">Press <strong>k</strong> for yes, <strong>d</strong> for no.</p>","","","testing","DXLIKYI","k","[""morcodeXmorpheme""]","false","","",""
"868","d","html-keyboard-response","698","917994","0.0-24.0-0.41","669d0b18e3a1ae0b5f7571ef","69d7901e3430d13455efb336","69e8c339945468bd919647b2","<p style=""font-size: 30px"">&emsp;</p><br><p style=""font-size: 60px; font-family: FragmentMono"">DRNXRVHGM<p style=""font-size: 15px"">Press <strong>k</strong> for yes, <strong>d</strong> for no.</p>","","","testing","DRNXRVHGM","k","[""morphemeXmorpheme""]","false","","",""
"784","d","html-keyboard-response","699","918779","0.0-24.0-0.42","669d0b18e3a1ae0b5f7571ef","69d7901e3430d13455efb336","69e8c339945468bd919647b2","<p style=""font-size: 30px"">&emsp;</p><br><p style=""font-size: 60px; font-family: FragmentMono"">EKCYGVXB<p style=""font-size: 15px"">Press <strong>k</strong> for yes, <strong>d</strong> for no.</p>","","","testing","EKCYGVXB","d","[""morcodeXmorcode""]","true","","",""
"1345","d","html-keyboard-response","700","920124","0.0-24.0-0.43","669d0b18e3a1ae0b5f7571ef","69d7901e3430d13455efb336","69e8c339945468bd919647b2","<p style=""font-size: 30px"">&emsp;</p><br><p style=""font-size: 60px; font-family: FragmentMono"">BABJHDC<p style=""font-size: 15px"">Press <strong>k</strong> for yes, <strong>d</strong> for no.</p>","","","testing","BABJHDC","k","[""morphemeXmorcode""]","false","","",""
"1164","k","html-keyboard-response","701","921288","0.0-24.0-0.44","669d0b18e3a1ae0b5f7571ef","69d7901e3430d13455efb336","69e8c339945468bd919647b2","<p style=""font-size: 30px"">&emsp;</p><br><p style=""font-size: 60px; font-family: FragmentMono"">BZBJSPYB<p style=""font-size: 15px"">Press <strong>k</strong> for yes, <strong>d</strong> for no.</p>","","","testing","BZBJSPYB","d","[""morphemeXmorpheme""]","false","","",""
"1336","d","html-keyboard-response","702","922624","0.0-24.0-0.45","669d0b18e3a1ae0b5f7571ef","69d7901e3430d13455efb336","69e8c339945468bd919647b2","<p style=""font-size: 30px"">&emsp;</p><br><p style=""font-size: 60px; font-family: FragmentMono"">UBSUVHGM<p style=""font-size: 15px"">Press <strong>k</strong> for yes, <strong>d</strong> for no.</p>","","","testing","UBSUVHGM","d","[""morphemeXmorpheme""]","true","","",""
"982","k","html-keyboard-response","703","923607","0.0-24.0-0.46","669d0b18e3a1ae0b5f7571ef","69d7901e3430d13455efb336","69e8c339945468bd919647b2","<p style=""font-size: 30px"">&emsp;</p><br><p style=""font-size: 60px; font-family: FragmentMono"">KZLHITGZX<p style=""font-size: 15px"">Press <strong>k</strong> for yes, <strong>d</strong> for no.</p>","","","testing","KZLHITGZX","k","[""morphemeXmorpheme""]","true","","",""
"1232","k","html-keyboard-response","704","924839","0.0-24.0-0.47","669d0b18e3a1ae0b5f7571ef","69d7901e3430d13455efb336","69e8c339945468bd919647b2","<p style=""font-size: 30px"">&emsp;</p><br><p style=""font-size: 60px; font-family: FragmentMono"">CGHNFYG<p style=""font-size: 15px"">Press <strong>k</strong> for yes, <strong>d</strong> for no.</p>","","","testing","CGHNFYG","d","[""morphemeXmorpheme""]","false","","",""
"876","d","html-keyboard-response","705","925716","0.0-24.0-0.48","669d0b18e3a1ae0b5f7571ef","69d7901e3430d13455efb336","69e8c339945468bd919647b2","<p style=""font-size: 30px"">&emsp;</p><br><p style=""font-size: 60px; font-family: FragmentMono"">TREHMEBM<p style=""font-size: 15px"">Press <strong>k</strong> for yes, <strong>d</strong> for no.</p>","","","testing","TREHMEBM","d","[""morcodeXmorcode""]","true","","",""
"973","d","html-keyboard-response","706","926690","0.0-24.0-0.49","669d0b18e3a1ae0b5f7571ef","69d7901e3430d13455efb336","69e8c339945468bd919647b2","<p style=""font-size: 30px"">&emsp;</p><br><p style=""font-size: 60px; font-family: FragmentMono"">ISLNTGZX<p style=""font-size: 15px"">Press <strong>k</strong> for yes, <strong>d</strong> for no.</p>","","","testing","ISLNTGZX","d","[""morphemeXmorpheme""]","true","","",""
"864","d","html-keyboard-response","707","927554","0.0-24.0-0.50","669d0b18e3a1ae0b5f7571ef","69d7901e3430d13455efb336","69e8c339945468bd919647b2","<p style=""font-size: 30px"">&emsp;</p><br><p style=""font-size: 60px; font-family: FragmentMono"">EPKSLSF<p style=""font-size: 15px"">Press <strong>k</strong> for yes, <strong>d</strong> for no.</p>","","","testing","EPKSLSF","d","[""morphemeXmorpheme""]","true","","",""
"1094","k","html-keyboard-response","708","928648","0.0-24.0-0.51","669d0b18e3a1ae0b5f7571ef","69d7901e3430d13455efb336","69e8c339945468bd919647b2","<p style=""font-size: 30px"">&emsp;</p><br><p style=""font-size: 60px; font-family: FragmentMono"">QWBSJCAVY<p style=""font-size: 15px"">Press <strong>k</strong> for yes, <strong>d</strong> for no.</p>","","","testing","QWBSJCAVY","k","[""morphemeXmorpheme""]","true","","",""
"967","d","html-keyboard-response","709","929615","0.0-24.0-0.52","669d0b18e3a1ae0b5f7571ef","69d7901e3430d13455efb336","69e8c339945468bd919647b2","<p style=""font-size: 30px"">&emsp;</p><br><p style=""font-size: 60px; font-family: FragmentMono"">OSHEZCHB<p style=""font-size: 15px"">Press <strong>k</strong> for yes, <strong>d</strong> for no.</p>","","","testing","OSHEZCHB","d","[""morcodeXmorcode""]","true","","",""
"973","d","html-keyboard-response","710","930589","0.0-24.0-0.53","669d0b18e3a1ae0b5f7571ef","69d7901e3430d13455efb336","69e8c339945468bd919647b2","<p style=""font-size: 30px"">&emsp;</p><br><p style=""font-size: 60px; font-family: FragmentMono"">OPFHSQAIT<p style=""font-size: 15px"">Press <strong>k</strong> for yes, <strong>d</strong> for no.</p>","","","testing","OPFHSQAIT","k","[""morcodeXmorpheme""]","false","","",""
"1224","d","html-keyboard-response","711","931813","0.0-24.0-0.54","669d0b18e3a1ae0b5f7571ef","69d7901e3430d13455efb336","69e8c339945468bd919647b2","<p style=""font-size: 30px"">&emsp;</p><br><p style=""font-size: 60px; font-family: FragmentMono"">BZBJSRMPE<p style=""font-size: 15px"">Press <strong>k</strong> for yes, <strong>d</strong> for no.</p>","","","testing","BZBJSRMPE","k","[""morphemeXmorcode""]","false","","",""
"1278","d","html-keyboard-response","712","933091","0.0-24.0-0.55","669d0b18e3a1ae0b5f7571ef","69d7901e3430d13455efb336","69e8c339945468bd919647b2","<p style=""font-size: 30px"">&emsp;</p><br><p style=""font-size: 60px; font-family: FragmentMono"">VBQJPZOU<p style=""font-size: 15px"">Press <strong>k</strong> for yes, <strong>d</strong> for no.</p>","","","testing","VBQJPZOU","k","[""morphemeXmorcode""]","false","","",""
"895","d","html-keyboard-response","713","933986","0.0-24.0-0.56","669d0b18e3a1ae0b5f7571ef","69d7901e3430d13455efb336","69e8c339945468bd919647b2","<p style=""font-size: 30px"">&emsp;</p><br><p style=""font-size: 60px; font-family: FragmentMono"">SQBUMYFT<p style=""font-size: 15px"">Press <strong>k</strong> for yes, <strong>d</strong> for no.</p>","","","testing","SQBUMYFT","k","[""morcodeXmorpheme""]","false","","",""
"820","k","html-keyboard-response","714","934806","0.0-24.0-0.57","669d0b18e3a1ae0b5f7571ef","69d7901e3430d13455efb336","69e8c339945468bd919647b2","<p style=""font-size: 30px"">&emsp;</p><br><p style=""font-size: 60px; font-family: FragmentMono"">JXPXVHGM<p style=""font-size: 15px"">Press <strong>k</strong> for yes, <strong>d</strong> for no.</p>","","","testing","JXPXVHGM","k","[""morcodeXmorpheme""]","true","","",""
"701","k","html-keyboard-response","715","935507","0.0-24.0-0.58","669d0b18e3a1ae0b5f7571ef","69d7901e3430d13455efb336","69e8c339945468bd919647b2","<p style=""font-size: 30px"">&emsp;</p><br><p style=""font-size: 60px; font-family: FragmentMono"">UXBMFYG<p style=""font-size: 15px"">Press <strong>k</strong> for yes, <strong>d</strong> for no.</p>","","","testing","UXBMFYG","k","[""morphemeXmorpheme""]","true","","",""
"771","d","html-keyboard-response","716","936278","0.0-24.0-0.59","669d0b18e3a1ae0b5f7571ef","69d7901e3430d13455efb336","69e8c339945468bd919647b2","<p style=""font-size: 30px"">&emsp;</p><br><p style=""font-size: 60px; font-family: FragmentMono"">TUSOGAFN<p style=""font-size: 15px"">Press <strong>k</strong> for yes, <strong>d</strong> for no.</p>","","","testing","TUSOGAFN","d","[""morcodeXmorcode""]","true","","",""
"793","k","html-keyboard-response","717","937071","0.0-24.0-0.60","669d0b18e3a1ae0b5f7571ef","69d7901e3430d13455efb336","69e8c339945468bd919647b2","<p style=""font-size: 30px"">&emsp;</p><br><p style=""font-size: 60px; font-family: FragmentMono"">GNFQWKBLP<p style=""font-size: 15px"">Press <strong>k</strong> for yes, <strong>d</strong> for no.</p>","","","testing","GNFQWKBLP","k","[""morphemeXmorcode""]","true","","",""
"1479","d","html-keyboard-response","718","938550","0.0-24.0-0.61","669d0b18e3a1ae0b5f7571ef","69d7901e3430d13455efb336","69e8c339945468bd919647b2","<p style=""font-size: 30px"">&emsp;</p><br><p style=""font-size: 60px; font-family: FragmentMono"">EZURRFI<p style=""font-size: 15px"">Press <strong>k</strong> for yes, <strong>d</strong> for no.</p>","","","testing","EZURRFI","d","[""morcodeXmorcode""]","true","","",""
"616","k","html-keyboard-response","719","939167","0.0-24.0-0.62","669d0b18e3a1ae0b5f7571ef","69d7901e3430d13455efb336","69e8c339945468bd919647b2","<p style=""font-size: 30px"">&emsp;</p><br><p style=""font-size: 60px; font-family: FragmentMono"">QANKYEYOG<p style=""font-size: 15px"">Press <strong>k</strong> for yes, <strong>d</strong> for no.</p>","","","testing","QANKYEYOG","d","[""morcodeXmorcode""]","false","","",""
"768","k","html-keyboard-response","720","939935","0.0-24.0-0.63","669d0b18e3a1ae0b5f7571ef","69d7901e3430d13455efb336","69e8c339945468bd919647b2","<p style=""font-size: 30px"">&emsp;</p><br><p style=""font-size: 60px; font-family: FragmentMono"">UYBKDTHXI<p style=""font-size: 15px"">Press <strong>k</strong> for yes, <strong>d</strong> for no.</p>","","","testing","UYBKDTHXI","k","[""morphemeXmorcode""]","true","","",""
"723","d","html-keyboard-response","721","940658","0.0-24.0-0.64","669d0b18e3a1ae0b5f7571ef","69d7901e3430d13455efb336","69e8c339945468bd919647b2","<p style=""font-size: 30px"">&emsp;</p><br><p style=""font-size: 60px; font-family: FragmentMono"">OTJMUHYRC<p style=""font-size: 15px"">Press <strong>k</strong> for yes, <strong>d</strong> for no.</p>","","","testing","OTJMUHYRC","d","[""morcodeXmorcode""]","true","","",""
"706","k","html-keyboard-response","722","941365","0.0-24.0-0.65","669d0b18e3a1ae0b5f7571ef","69d7901e3430d13455efb336","69e8c339945468bd919647b2","<p style=""font-size: 30px"">&emsp;</p><br><p style=""font-size: 60px; font-family: FragmentMono"">UBSUPYB<p style=""font-size: 15px"">Press <strong>k</strong> for yes, <strong>d</strong> for no.</p>","","","testing","UBSUPYB","k","[""morphemeXmorpheme""]","true","","",""
"894","k","html-keyboard-response","723","942259","0.0-24.0-0.66","669d0b18e3a1ae0b5f7571ef","69d7901e3430d13455efb336","69e8c339945468bd919647b2","<p style=""font-size: 30px"">&emsp;</p><br><p style=""font-size: 60px; font-family: FragmentMono"">BZBJSVHGM<p style=""font-size: 15px"">Press <strong>k</strong> for yes, <strong>d</strong> for no.</p>","","","testing","BZBJSVHGM","k","[""morphemeXmorpheme""]","true","","",""
"939","d","html-keyboard-response","724","943198","0.0-24.0-0.67","669d0b18e3a1ae0b5f7571ef","69d7901e3430d13455efb336","69e8c339945468bd919647b2","<p style=""font-size: 30px"">&emsp;</p><br><p style=""font-size: 60px; font-family: FragmentMono"">AEBWOHRG<p style=""font-size: 15px"">Press <strong>k</strong> for yes, <strong>d</strong> for no.</p>","","","testing","AEBWOHRG","d","[""morcodeXmorcode""]","true","","",""
"1353","k","html-keyboard-response","725","944552","0.0-24.0-0.68","669d0b18e3a1ae0b5f7571ef","69d7901e3430d13455efb336","69e8c339945468bd919647b2","<p style=""font-size: 30px"">&emsp;</p><br><p style=""font-size: 60px; font-family: FragmentMono"">KUQVMOLHX<p style=""font-size: 15px"">Press <strong>k</strong> for yes, <strong>d</strong> for no.</p>","","","testing","KUQVMOLHX","k","[""morphemeXmorcode""]","true","","",""
"1296","d","html-keyboard-response","726","945849","0.0-24.0-0.69","669d0b18e3a1ae0b5f7571ef","69d7901e3430d13455efb336","69e8c339945468bd919647b2","<p style=""font-size: 30px"">&emsp;</p><br><p style=""font-size: 60px; font-family: FragmentMono"">NJHGVUXWL<p style=""font-size: 15px"">Press <strong>k</strong> for yes, <strong>d</strong> for no.</p>","","","testing","NJHGVUXWL","d","[""morcodeXmorcode""]","true","","",""
"950","d","html-keyboard-response","727","946799","0.0-24.0-0.70","669d0b18e3a1ae0b5f7571ef","69d7901e3430d13455efb336","69e8c339945468bd919647b2","<p style=""font-size: 30px"">&emsp;</p><br><p style=""font-size: 60px; font-family: FragmentMono"">UHUZOMPF<p style=""font-size: 15px"">Press <strong>k</strong> for yes, <strong>d</strong> for no.</p>","","","testing","UHUZOMPF","d","[""morcodeXmorcode""]","true","","",""
"669","d","html-keyboard-response","728","947468","0.0-24.0-0.71","669d0b18e3a1ae0b5f7571ef","69d7901e3430d13455efb336","69e8c339945468bd919647b2","<p style=""font-size: 30px"">&emsp;</p><br><p style=""font-size: 60px; font-family: FragmentMono"">AJDZUQRW<p style=""font-size: 15px"">Press <strong>k</strong> for yes, <strong>d</strong> for no.</p>","","","testing","AJDZUQRW","k","[""morcodeXmorpheme""]","false","","",""
"914","k","html-keyboard-response","729","948382","0.0-24.0-0.72","669d0b18e3a1ae0b5f7571ef","69d7901e3430d13455efb336","69e8c339945468bd919647b2","<p style=""font-size: 30px"">&emsp;</p><br><p style=""font-size: 60px; font-family: FragmentMono"">IBDLLJFN<p style=""font-size: 15px"">Press <strong>k</strong> for yes, <strong>d</strong> for no.</p>","","","testing","IBDLLJFN","k","[""morphemeXmorcode""]","true","","",""
"1577","k","html-keyboard-response","730","949960","0.0-24.0-0.73","669d0b18e3a1ae0b5f7571ef","69d7901e3430d13455efb336","69e8c339945468bd919647b2","<p style=""font-size: 30px"">&emsp;</p><br><p style=""font-size: 60px; font-family: FragmentMono"">UBSUZKY<p style=""font-size: 15px"">Press <strong>k</strong> for yes, <strong>d</strong> for no.</p>","","","testing","UBSUZKY","k","[""morphemeXmorcode""]","true","","",""
"1083","k","html-keyboard-response","731","951043","0.0-24.0-0.74","669d0b18e3a1ae0b5f7571ef","69d7901e3430d13455efb336","69e8c339945468bd919647b2","<p style=""font-size: 30px"">&emsp;</p><br><p style=""font-size: 60px; font-family: FragmentMono"">WAEMIMYFT<p style=""font-size: 15px"">Press <strong>k</strong> for yes, <strong>d</strong> for no.</p>","","","testing","WAEMIMYFT","d","[""morphemeXmorpheme""]","false","","",""
"899","k","html-keyboard-response","732","951943","0.0-24.0-0.75","669d0b18e3a1ae0b5f7571ef","69d7901e3430d13455efb336","69e8c339945468bd919647b2","<p style=""font-size: 30px"">&emsp;</p><br><p style=""font-size: 60px; font-family: FragmentMono"">VBQJCAVY<p style=""font-size: 15px"">Press <strong>k</strong> for yes, <strong>d</strong> for no.</p>","","","testing","VBQJCAVY","d","[""morphemeXmorpheme""]","false","","",""
"1368","k","html-keyboard-response","733","953311","0.0-24.0-0.76","669d0b18e3a1ae0b5f7571ef","69d7901e3430d13455efb336","69e8c339945468bd919647b2","<p style=""font-size: 30px"">&emsp;</p><br><p style=""font-size: 60px; font-family: FragmentMono"">ISLNQVZ<p style=""font-size: 15px"">Press <strong>k</strong> for yes, <strong>d</strong> for no.</p>","","","testing","ISLNQVZ","k","[""morphemeXmorcode""]","true","","",""
"962","k","html-keyboard-response","734","954273","0.0-24.0-0.77","669d0b18e3a1ae0b5f7571ef","69d7901e3430d13455efb336","69e8c339945468bd919647b2","<p style=""font-size: 30px"">&emsp;</p><br><p style=""font-size: 60px; font-family: FragmentMono"">UYBKDCAVY<p style=""font-size: 15px"">Press <strong>k</strong> for yes, <strong>d</strong> for no.</p>","","","testing","UYBKDCAVY","d","[""morphemeXmorpheme""]","false","","",""
"1413","k","html-keyboard-response","735","955686","0.0-24.0-0.78","669d0b18e3a1ae0b5f7571ef","69d7901e3430d13455efb336","69e8c339945468bd919647b2","<p style=""font-size: 30px"">&emsp;</p><br><p style=""font-size: 60px; font-family: FragmentMono"">BIWIKYI<p style=""font-size: 15px"">Press <strong>k</strong> for yes, <strong>d</strong> for no.</p>","","","testing","BIWIKYI","d","[""morphemeXmorpheme""]","false","","",""
"1544","k","html-keyboard-response","736","957231","0.0-24.0-0.79","669d0b18e3a1ae0b5f7571ef","69d7901e3430d13455efb336","69e8c339945468bd919647b2","<p style=""font-size: 30px"">&emsp;</p><br><p style=""font-size: 60px; font-family: FragmentMono"">DEIQQAIT<p style=""font-size: 15px"">Press <strong>k</strong> for yes, <strong>d</strong> for no.</p>","","","testing","DEIQQAIT","d","[""morphemeXmorpheme""]","false","","",""
"1460","k","html-keyboard-response","737","958692","0.0-24.0-0.80","669d0b18e3a1ae0b5f7571ef","69d7901e3430d13455efb336","69e8c339945468bd919647b2","<p style=""font-size: 30px"">&emsp;</p><br><p style=""font-size: 60px; font-family: FragmentMono"">HSXWWGYV<p style=""font-size: 15px"">Press <strong>k</strong> for yes, <strong>d</strong> for no.</p>","","","testing","HSXWWGYV","d","[""morcodeXmorcode""]","false","","",""
"849","d","html-keyboard-response","738","959541","0.0-24.0-0.81","669d0b18e3a1ae0b5f7571ef","69d7901e3430d13455efb336","69e8c339945468bd919647b2","<p style=""font-size: 30px"">&emsp;</p><br><p style=""font-size: 60px; font-family: FragmentMono"">VWLDMSYC<p style=""font-size: 15px"">Press <strong>k</strong> for yes, <strong>d</strong> for no.</p>","","","testing","VWLDMSYC","d","[""morcodeXmorcode""]","true","","",""
"907","d","html-keyboard-response","739","960449","0.0-24.0-0.82","669d0b18e3a1ae0b5f7571ef","69d7901e3430d13455efb336","69e8c339945468bd919647b2","<p style=""font-size: 30px"">&emsp;</p><br><p style=""font-size: 60px; font-family: FragmentMono"">PGOLWXM<p style=""font-size: 15px"">Press <strong>k</strong> for yes, <strong>d</strong> for no.</p>","","","testing","PGOLWXM","d","[""morcodeXmorcode""]","true","","",""
"1351","k","html-keyboard-response","740","961799","0.0-24.0-0.83","669d0b18e3a1ae0b5f7571ef","69d7901e3430d13455efb336","69e8c339945468bd919647b2","<p style=""font-size: 30px"">&emsp;</p><br><p style=""font-size: 60px; font-family: FragmentMono"">KLDSJCAVY<p style=""font-size: 15px"">Press <strong>k</strong> for yes, <strong>d</strong> for no.</p>","","","testing","KLDSJCAVY","k","[""morcodeXmorpheme""]","true","","",""
"1283","d","html-keyboard-response","741","963083","0.0-24.0-0.84","669d0b18e3a1ae0b5f7571ef","69d7901e3430d13455efb336","69e8c339945468bd919647b2","<p style=""font-size: 30px"">&emsp;</p><br><p style=""font-size: 60px; font-family: FragmentMono"">SEWIYPYB<p style=""font-size: 15px"">Press <strong>k</strong> for yes, <strong>d</strong> for no.</p>","","","testing","SEWIYPYB","k","[""morcodeXmorpheme""]","false","","",""
"983","d","html-keyboard-response","742","964066","0.0-24.0-0.85","669d0b18e3a1ae0b5f7571ef","69d7901e3430d13455efb336","69e8c339945468bd919647b2","<p style=""font-size: 30px"">&emsp;</p><br><p style=""font-size: 60px; font-family: FragmentMono"">OSHEZSVN<p style=""font-size: 15px"">Press <strong>k</strong> for yes, <strong>d</strong> for no.</p>","","","testing","OSHEZSVN","d","[""morcodeXmorcode""]","true","","",""
"1055","k","html-keyboard-response","743","965121","0.0-24.0-0.86","669d0b18e3a1ae0b5f7571ef","69d7901e3430d13455efb336","69e8c339945468bd919647b2","<p style=""font-size: 30px"">&emsp;</p><br><p style=""font-size: 60px; font-family: FragmentMono"">WFQNZVHGM<p style=""font-size: 15px"">Press <strong>k</strong> for yes, <strong>d</strong> for no.</p>","","","testing","WFQNZVHGM","d","[""morphemeXmorpheme""]","false","","",""
"1308","k","html-keyboard-response","744","966430","0.0-24.0-0.87","669d0b18e3a1ae0b5f7571ef","69d7901e3430d13455efb336","69e8c339945468bd919647b2","<p style=""font-size: 30px"">&emsp;</p><br><p style=""font-size: 60px; font-family: FragmentMono"">BIWIFYG<p style=""font-size: 15px"">Press <strong>k</strong> for yes, <strong>d</strong> for no.</p>","","","testing","BIWIFYG","k","[""morphemeXmorpheme""]","true","","",""
"1295","d","html-keyboard-response","745","967725","0.0-24.0-0.88","669d0b18e3a1ae0b5f7571ef","69d7901e3430d13455efb336","69e8c339945468bd919647b2","<p style=""font-size: 30px"">&emsp;</p><br><p style=""font-size: 60px; font-family: FragmentMono"">HPWYMYFT<p style=""font-size: 15px"">Press <strong>k</strong> for yes, <strong>d</strong> for no.</p>","","","testing","HPWYMYFT","d","[""morphemeXmorpheme""]","true","","",""
"1299","d","html-keyboard-response","746","969024","0.0-24.0-0.89","669d0b18e3a1ae0b5f7571ef","69d7901e3430d13455efb336","69e8c339945468bd919647b2","<p style=""font-size: 30px"">&emsp;</p><br><p style=""font-size: 60px; font-family: FragmentMono"">JEGIKQW<p style=""font-size: 15px"">Press <strong>k</strong> for yes, <strong>d</strong> for no.</p>","","","testing","JEGIKQW","d","[""morcodeXmorcode""]","true","","",""
"581","d","html-keyboard-response","747","969605","0.0-24.0-0.90","669d0b18e3a1ae0b5f7571ef","69d7901e3430d13455efb336","69e8c339945468bd919647b2","<p style=""font-size: 30px"">&emsp;</p><br><p style=""font-size: 60px; font-family: FragmentMono"">JWTIURO<p style=""font-size: 15px"">Press <strong>k</strong> for yes, <strong>d</strong> for no.</p>","","","testing","JWTIURO","d","[""morcodeXmorcode""]","true","","",""
"966","d","html-keyboard-response","748","970572","0.0-24.0-0.91","669d0b18e3a1ae0b5f7571ef","69d7901e3430d13455efb336","69e8c339945468bd919647b2","<p style=""font-size: 30px"">&emsp;</p><br><p style=""font-size: 60px; font-family: FragmentMono"">IQYZAFN<p style=""font-size: 15px"">Press <strong>k</strong> for yes, <strong>d</strong> for no.</p>","","","testing","IQYZAFN","d","[""morcodeXmorcode""]","true","","",""
"1113","d","html-keyboard-response","749","971686","0.0-24.0-0.92","669d0b18e3a1ae0b5f7571ef","69d7901e3430d13455efb336","69e8c339945468bd919647b2","<p style=""font-size: 30px"">&emsp;</p><br><p style=""font-size: 60px; font-family: FragmentMono"">CGHNMVH<p style=""font-size: 15px"">Press <strong>k</strong> for yes, <strong>d</strong> for no.</p>","","","testing","CGHNMVH","k","[""morphemeXmorcode""]","false","","",""
"629","d","html-keyboard-response","750","972315","0.0-24.0-0.93","669d0b18e3a1ae0b5f7571ef","69d7901e3430d13455efb336","69e8c339945468bd919647b2","<p style=""font-size: 30px"">&emsp;</p><br><p style=""font-size: 60px; font-family: FragmentMono"">ATWFGLQXI<p style=""font-size: 15px"">Press <strong>k</strong> for yes, <strong>d</strong> for no.</p>","","","testing","ATWFGLQXI","d","[""morcodeXmorcode""]","true","","",""
"906","d","html-keyboard-response","751","973222","0.0-24.0-0.94","669d0b18e3a1ae0b5f7571ef","69d7901e3430d13455efb336","69e8c339945468bd919647b2","<p style=""font-size: 30px"">&emsp;</p><br><p style=""font-size: 60px; font-family: FragmentMono"">EKYAOHRDY<p style=""font-size: 15px"">Press <strong>k</strong> for yes, <strong>d</strong> for no.</p>","","","testing","EKYAOHRDY","d","[""morcodeXmorcode""]","true","","",""
"999","d","html-keyboard-response","752","974221","0.0-24.0-0.95","669d0b18e3a1ae0b5f7571ef","69d7901e3430d13455efb336","69e8c339945468bd919647b2","<p style=""font-size: 30px"">&emsp;</p><br><p style=""font-size: 60px; font-family: FragmentMono"">BIWIDRM<p style=""font-size: 15px"">Press <strong>k</strong> for yes, <strong>d</strong> for no.</p>","","","testing","BIWIDRM","k","[""morphemeXmorcode""]","false","","",""
"820","d","html-keyboard-response","753","975041","0.0-24.0-0.96","669d0b18e3a1ae0b5f7571ef","69d7901e3430d13455efb336","69e8c339945468bd919647b2","<p style=""font-size: 30px"">&emsp;</p><br><p style=""font-size: 60px; font-family: FragmentMono"">ECKFXUMGW<p style=""font-size: 15px"">Press <strong>k</strong> for yes, <strong>d</strong> for no.</p>","","","testing","ECKFXUMGW","d","[""morcodeXmorcode""]","true","","",""
"1461","k","html-keyboard-response","754","976502","0.0-24.0-0.97","669d0b18e3a1ae0b5f7571ef","69d7901e3430d13455efb336","69e8c339945468bd919647b2","<p style=""font-size: 30px"">&emsp;</p><br><p style=""font-size: 60px; font-family: FragmentMono"">KZLHIQRW<p style=""font-size: 15px"">Press <strong>k</strong> for yes, <strong>d</strong> for no.</p>","","","testing","KZLHIQRW","d","[""morphemeXmorpheme""]","false","","",""
"1149","d","html-keyboard-response","755","977651","0.0-24.0-0.98","669d0b18e3a1ae0b5f7571ef","69d7901e3430d13455efb336","69e8c339945468bd919647b2","<p style=""font-size: 30px"">&emsp;</p><br><p style=""font-size: 60px; font-family: FragmentMono"">HPWYUZQ<p style=""font-size: 15px"">Press <strong>k</strong> for yes, <strong>d</strong> for no.</p>","","","testing","HPWYUZQ","k","[""morphemeXmorcode""]","false","","",""
"1412","d","html-keyboard-response","756","979063","0.0-24.0-0.99","669d0b18e3a1ae0b5f7571ef","69d7901e3430d13455efb336","69e8c339945468bd919647b2","<p style=""font-size: 30px"">&emsp;</p><br><p style=""font-size: 60px; font-family: FragmentMono"">GNFQWLSF<p style=""font-size: 15px"">Press <strong>k</strong> for yes, <strong>d</strong> for no.</p>","","","testing","GNFQWLSF","d","[""morphemeXmorpheme""]","true","","",""
"918","k","html-keyboard-response","757","979982","0.0-24.0-0.100","669d0b18e3a1ae0b5f7571ef","69d7901e3430d13455efb336","69e8c339945468bd919647b2","<p style=""font-size: 30px"">&emsp;</p><br><p style=""font-size: 60px; font-family: FragmentMono"">UYAFKYI<p style=""font-size: 15px"">Press <strong>k</strong> for yes, <strong>d</strong> for no.</p>","","","testing","UYAFKYI","k","[""morcodeXmorpheme""]","true","","",""
"1832","d","html-keyboard-response","758","981815","0.0-24.0-0.101","669d0b18e3a1ae0b5f7571ef","69d7901e3430d13455efb336","69e8c339945468bd919647b2","<p style=""font-size: 30px"">&emsp;</p><br><p style=""font-size: 60px; font-family: FragmentMono"">NJLISHSP<p style=""font-size: 15px"">Press <strong>k</strong> for yes, <strong>d</strong> for no.</p>","","","testing","NJLISHSP","d","[""morcodeXmorcode""]","true","","",""
"1190","d","html-keyboard-response","759","983005","0.0-24.0-0.102","669d0b18e3a1ae0b5f7571ef","69d7901e3430d13455efb336","69e8c339945468bd919647b2","<p style=""font-size: 30px"">&emsp;</p><br><p style=""font-size: 60px; font-family: FragmentMono"">EMCPLXG<p style=""font-size: 15px"">Press <strong>k</strong> for yes, <strong>d</strong> for no.</p>","","","testing","EMCPLXG","d","[""morcodeXmorcode""]","true","","",""
"951","d","html-keyboard-response","760","983956","0.0-24.0-0.103","669d0b18e3a1ae0b5f7571ef","69d7901e3430d13455efb336","69e8c339945468bd919647b2","<p style=""font-size: 30px"">&emsp;</p><br><p style=""font-size: 60px; font-family: FragmentMono"">WAEMIEYX<p style=""font-size: 15px"">Press <strong>k</strong> for yes, <strong>d</strong> for no.</p>","","","testing","WAEMIEYX","k","[""morphemeXmorcode""]","false","","",""
"749","d","html-keyboard-response","761","984706","0.0-24.0-0.104","669d0b18e3a1ae0b5f7571ef","69d7901e3430d13455efb336","69e8c339945468bd919647b2","<p style=""font-size: 30px"">&emsp;</p><br><p style=""font-size: 60px; font-family: FragmentMono"">OSQLLSF<p style=""font-size: 15px"">Press <strong>k</strong> for yes, <strong>d</strong> for no.</p>","","","testing","OSQLLSF","k","[""morcodeXmorpheme""]","false","","",""
"974","k","html-keyboard-response","762","985680","0.0-24.0-0.105","669d0b18e3a1ae0b5f7571ef","69d7901e3430d13455efb336","69e8c339945468bd919647b2","<p style=""font-size: 30px"">&emsp;</p><br><p style=""font-size: 60px; font-family: FragmentMono"">UYBKDQAIT<p style=""font-size: 15px"">Press <strong>k</strong> for yes, <strong>d</strong> for no.</p>","","","testing","UYBKDQAIT","k","[""morphemeXmorpheme""]","true","","",""
"1072","d","html-keyboard-response","763","986752","0.0-24.0-0.106","669d0b18e3a1ae0b5f7571ef","69d7901e3430d13455efb336","69e8c339945468bd919647b2","<p style=""font-size: 30px"">&emsp;</p><br><p style=""font-size: 60px; font-family: FragmentMono"">EPKSMYFT<p style=""font-size: 15px"">Press <strong>k</strong> for yes, <strong>d</strong> for no.</p>","","","testing","EPKSMYFT","k","[""morphemeXmorpheme""]","false","","",""
"1631","k","html-keyboard-response","764","988383","0.0-24.0-0.107","669d0b18e3a1ae0b5f7571ef","69d7901e3430d13455efb336","69e8c339945468bd919647b2","<p style=""font-size: 30px"">&emsp;</p><br><p style=""font-size: 60px; font-family: FragmentMono"">BABJFYG<p style=""font-size: 15px"">Press <strong>k</strong> for yes, <strong>d</strong> for no.</p>","","","testing","BABJFYG","d","[""morphemeXmorpheme""]","false","","",""
"1067","k","html-keyboard-response","765","989450","0.0-24.0-0.108","669d0b18e3a1ae0b5f7571ef","69d7901e3430d13455efb336","69e8c339945468bd919647b2","<p style=""font-size: 30px"">&emsp;</p><br><p style=""font-size: 60px; font-family: FragmentMono"">UXBMKYI<p style=""font-size: 15px"">Press <strong>k</strong> for yes, <strong>d</strong> for no.</p>","","","testing","UXBMKYI","d","[""morphemeXmorpheme""]","false","","",""
"1304","d","html-keyboard-response","766","990754","0.0-24.0-0.109","669d0b18e3a1ae0b5f7571ef","69d7901e3430d13455efb336","69e8c339945468bd919647b2","<p style=""font-size: 30px"">&emsp;</p><br><p style=""font-size: 60px; font-family: FragmentMono"">EKCYGFQD<p style=""font-size: 15px"">Press <strong>k</strong> for yes, <strong>d</strong> for no.</p>","","","testing","EKCYGFQD","d","[""morcodeXmorcode""]","true","","",""
"1570","k","html-keyboard-response","767","992325","0.0-24.0-0.110","669d0b18e3a1ae0b5f7571ef","69d7901e3430d13455efb336","69e8c339945468bd919647b2","<p style=""font-size: 30px"">&emsp;</p><br><p style=""font-size: 60px; font-family: FragmentMono"">DOFTBTGZX<p style=""font-size: 15px"">Press <strong>k</strong> for yes, <strong>d</strong> for no.</p>","","","testing","DOFTBTGZX","k","[""morcodeXmorpheme""]","true","","",""
"1250","d","html-keyboard-response","768","993576","0.0-24.0-0.111","669d0b18e3a1ae0b5f7571ef","69d7901e3430d13455efb336","69e8c339945468bd919647b2","<p style=""font-size: 30px"">&emsp;</p><br><p style=""font-size: 60px; font-family: FragmentMono"">DRNXRZKWO<p style=""font-size: 15px"">Press <strong>k</strong> for yes, <strong>d</strong> for no.</p>","","","testing","DRNXRZKWO","k","[""morphemeXmorcode""]","false","","",""
"1004","d","html-keyboard-response","769","994580","0.0-24.0-0.112","669d0b18e3a1ae0b5f7571ef","69d7901e3430d13455efb336","69e8c339945468bd919647b2","<p style=""font-size: 30px"">&emsp;</p><br><p style=""font-size: 60px; font-family: FragmentMono"">HJZOGMYFT<p style=""font-size: 15px"">Press <strong>k</strong> for yes, <strong>d</strong> for no.</p>","","","testing","HJZOGMYFT","k","[""morcodeXmorpheme""]","false","","",""
"1092","d","html-keyboard-response","770","995672","0.0-24.0-0.113","669d0b18e3a1ae0b5f7571ef","69d7901e3430d13455efb336","69e8c339945468bd919647b2","<p style=""font-size: 30px"">&emsp;</p><br><p style=""font-size: 60px; font-family: FragmentMono"">AEBWQPMY<p style=""font-size: 15px"">Press <strong>k</strong> for yes, <strong>d</strong> for no.</p>","","","testing","AEBWQPMY","d","[""morcodeXmorcode""]","true","","",""
"1308","d","html-keyboard-response","771","996981","0.0-24.0-0.114","669d0b18e3a1ae0b5f7571ef","69d7901e3430d13455efb336","69e8c339945468bd919647b2","<p style=""font-size: 30px"">&emsp;</p><br><p style=""font-size: 60px; font-family: FragmentMono"">LRYWXAYA<p style=""font-size: 15px"">Press <strong>k</strong> for yes, <strong>d</strong> for no.</p>","","","testing","LRYWXAYA","d","[""morcodeXmorcode""]","true","","",""
"962","k","html-keyboard-response","772","997944","0.0-24.0-0.115","669d0b18e3a1ae0b5f7571ef","69d7901e3430d13455efb336","69e8c339945468bd919647b2","<p style=""font-size: 30px"">&emsp;</p><br><p style=""font-size: 60px; font-family: FragmentMono"">IPHAQPYB<p style=""font-size: 15px"">Press <strong>k</strong> for yes, <strong>d</strong> for no.</p>","","","testing","IPHAQPYB","k","[""morcodeXmorpheme""]","true","","",""
"820","d","html-keyboard-response","773","998764","0.0-24.0-0.116","669d0b18e3a1ae0b5f7571ef","69d7901e3430d13455efb336","69e8c339945468bd919647b2","<p style=""font-size: 30px"">&emsp;</p><br><p style=""font-size: 60px; font-family: FragmentMono"">WAEMILSF<p style=""font-size: 15px"">Press <strong>k</strong> for yes, <strong>d</strong> for no.</p>","","","testing","WAEMILSF","k","[""morphemeXmorpheme""]","false","","",""
"587","d","html-keyboard-response","774","999352","0.0-24.0-0.117","669d0b18e3a1ae0b5f7571ef","69d7901e3430d13455efb336","69e8c339945468bd919647b2","<p style=""font-size: 30px"">&emsp;</p><br><p style=""font-size: 60px; font-family: FragmentMono"">OHDBWYZ<p style=""font-size: 15px"">Press <strong>k</strong> for yes, <strong>d</strong> for no.</p>","","","testing","OHDBWYZ","d","[""morcodeXmorcode""]","true","","",""
"830","d","html-keyboard-response","775","1000182","0.0-24.0-0.118","669d0b18e3a1ae0b5f7571ef","69d7901e3430d13455efb336","69e8c339945468bd919647b2","<p style=""font-size: 30px"">&emsp;</p><br><p style=""font-size: 60px; font-family: FragmentMono"">VUWYKILIN<p style=""font-size: 15px"">Press <strong>k</strong> for yes, <strong>d</strong> for no.</p>","","","testing","VUWYKILIN","d","[""morcodeXmorcode""]","true","","",""
"930","k","html-keyboard-response","776","1001112","0.0-24.0-0.119","669d0b18e3a1ae0b5f7571ef","69d7901e3430d13455efb336","69e8c339945468bd919647b2","<p style=""font-size: 30px"">&emsp;</p><br><p style=""font-size: 60px; font-family: FragmentMono"">IBDLLTGZX<p style=""font-size: 15px"">Press <strong>k</strong> for yes, <strong>d</strong> for no.</p>","","","testing","IBDLLTGZX","d","[""morphemeXmorpheme""]","false","","",""
"75656","{""testing_strategy"":""A mix of intuition and me memorizing the end of some words""}","survey-html-form","777","1076768","0.0-25.0","669d0b18e3a1ae0b5f7571ef","69d7901e3430d13455efb336","69e8c339945468bd919647b2","","","","","","","","","","",""
"26468"," ","html-keyboard-response","778","1103236","0.0-26.0","669d0b18e3a1ae0b5f7571ef","69d7901e3430d13455efb336","69e8c339945468bd919647b2","<p style=""font-size: 30px"">You've made it to the meeting on time, fantastic! The world leaders want to write a message back to the aliens, and need you to help them recognise which letter combinations you saw in their language. You'll have the choice between 2 letter combinations: one which was in the communication you saw, and one that wasn't. It's important to be friendly with these aliens, so it's important that you make the right choice!</p>
      <p style=""font-size: 30px"">Press <strong>d</strong> if you think that the letter combination on the <strong>left</strong> is the one you saw, or <strong>k</strong> if you think that it's the one on the <strong>right</strong>.</p>
      <p style=""font-size: 30px"">Press the spacebar when you're ready to begin.</p>","","","","","","","","","",""
"1897","d","html-keyboard-response","779","1105134","0.0-27.0-0.0","669d0b18e3a1ae0b5f7571ef","69d7901e3430d13455efb336","69e8c339945468bd919647b2","<p style=""font-size: 30px;"">Which letter combination have you already seen?</p><br><p style=""font-size: 60px; font-family: FragmentMono"">QXUT&emsp;&emsp;&emsp;&emsp;HPWY<p style=""font-size: 15px"">Press <strong>d</strong> for this letter combination&emsp;&emsp;&emsp;&emsp;&emsp;&emsp;&emsp;&emsp;&emsp;&emsp;&emsp;Press <strong>k</strong> for this letter combination</p>","","","familiarity","","k","","false","HPWY","QXUT",""
"2473","d","html-keyboard-response","780","1107608","0.0-27.0-0.1","669d0b18e3a1ae0b5f7571ef","69d7901e3430d13455efb336","69e8c339945468bd919647b2","<p style=""font-size: 30px;"">Which letter combination have you already seen?</p><br><p style=""font-size: 60px; font-family: FragmentMono"">TGZX&emsp;&emsp;&emsp;&emsp;FPKY<p style=""font-size: 15px"">Press <strong>d</strong> for this letter combination&emsp;&emsp;&emsp;&emsp;&emsp;&emsp;&emsp;&emsp;&emsp;&emsp;&emsp;Press <strong>k</strong> for this letter combination</p>","","","familiarity","","d","","true","TGZX","FPKY",""
"1580","k","html-keyboard-response","781","1109188","0.0-27.0-0.2","669d0b18e3a1ae0b5f7571ef","69d7901e3430d13455efb336","69e8c339945468bd919647b2","<p style=""font-size: 30px;"">Which letter combination have you already seen?</p><br><p style=""font-size: 60px; font-family: FragmentMono"">GOZHM&emsp;&emsp;&emsp;&emsp;UYBKD<p style=""font-size: 15px"">Press <strong>d</strong> for this letter combination&emsp;&emsp;&emsp;&emsp;&emsp;&emsp;&emsp;&emsp;&emsp;&emsp;&emsp;Press <strong>k</strong> for this letter combination</p>","","","familiarity","","k","","true","UYBKD","GOZHM",""
"949","k","html-keyboard-response","782","1110138","0.0-27.0-0.3","669d0b18e3a1ae0b5f7571ef","69d7901e3430d13455efb336","69e8c339945468bd919647b2","<p style=""font-size: 30px"">&emsp;</p><br><p style=""font-size: 60px; font-family: FragmentMono"">SNUX&emsp;&emsp;&emsp;&emsp;QAIT<p style=""font-size: 15px"">Press <strong>d</strong> for this letter combination&emsp;&emsp;&emsp;&emsp;&emsp;&emsp;&emsp;&emsp;&emsp;&emsp;Press <strong>k</strong> for this letter combination</p>","","","familiarity","","k","","true","QAIT","SNUX",""
"2242","k","html-keyboard-response","783","1112381","0.0-27.0-0.4","669d0b18e3a1ae0b5f7571ef","69d7901e3430d13455efb336","69e8c339945468bd919647b2","<p style=""font-size: 30px"">&emsp;</p><br><p style=""font-size: 60px; font-family: FragmentMono"">BZBJS&emsp;&emsp;&emsp;&emsp;NPVHK<p style=""font-size: 15px"">Press <strong>d</strong> for this letter combination&emsp;&emsp;&emsp;&emsp;&emsp;&emsp;&emsp;&emsp;&emsp;&emsp;Press <strong>k</strong> for this letter combination</p>","","","familiarity","","d","","false","BZBJS","NPVHK",""
"1893","d","html-keyboard-response","784","1114274","0.0-27.0-0.5","669d0b18e3a1ae0b5f7571ef","69d7901e3430d13455efb336","69e8c339945468bd919647b2","<p style=""font-size: 30px"">&emsp;</p><br><p style=""font-size: 60px; font-family: FragmentMono"">DRNXR&emsp;&emsp;&emsp;&emsp;BNPNC<p style=""font-size: 15px"">Press <strong>d</strong> for this letter combination&emsp;&emsp;&emsp;&emsp;&emsp;&emsp;&emsp;&emsp;&emsp;&emsp;Press <strong>k</strong> for this letter combination</p>","","","familiarity","","d","","true","DRNXR","BNPNC",""
"2455","d","html-keyboard-response","785","1116730","0.0-27.0-0.6","669d0b18e3a1ae0b5f7571ef","69d7901e3430d13455efb336","69e8c339945468bd919647b2","<p style=""font-size: 30px"">&emsp;</p><br><p style=""font-size: 60px; font-family: FragmentMono"">QRW&emsp;&emsp;&emsp;&emsp;PTP<p style=""font-size: 15px"">Press <strong>d</strong> for this letter combination&emsp;&emsp;&emsp;&emsp;&emsp;&emsp;&emsp;&emsp;&emsp;&emsp;Press <strong>k</strong> for this letter combination</p>","","","familiarity","","d","","true","QRW","PTP",""
"1636","d","html-keyboard-response","786","1118366","0.0-27.0-0.7","669d0b18e3a1ae0b5f7571ef","69d7901e3430d13455efb336","69e8c339945468bd919647b2","<p style=""font-size: 30px"">&emsp;</p><br><p style=""font-size: 60px; font-family: FragmentMono"">MZAI&emsp;&emsp;&emsp;&emsp;ISLN<p style=""font-size: 15px"">Press <strong>d</strong> for this letter combination&emsp;&emsp;&emsp;&emsp;&emsp;&emsp;&emsp;&emsp;&emsp;&emsp;Press <strong>k</strong> for this letter combination</p>","","","familiarity","","k","","false","ISLN","MZAI",""
"2450","d","html-keyboard-response","787","1120817","0.0-27.0-0.8","669d0b18e3a1ae0b5f7571ef","69d7901e3430d13455efb336","69e8c339945468bd919647b2","<p style=""font-size: 30px"">&emsp;</p><br><p style=""font-size: 60px; font-family: FragmentMono"">VBQJ&emsp;&emsp;&emsp;&emsp;ZFGC<p style=""font-size: 15px"">Press <strong>d</strong> for this letter combination&emsp;&emsp;&emsp;&emsp;&emsp;&emsp;&emsp;&emsp;&emsp;&emsp;Press <strong>k</strong> for this letter combination</p>","","","familiarity","","d","","true","VBQJ","ZFGC",""
"1163","k","html-keyboard-response","788","1121980","0.0-27.0-0.9","669d0b18e3a1ae0b5f7571ef","69d7901e3430d13455efb336","69e8c339945468bd919647b2","<p style=""font-size: 30px"">&emsp;</p><br><p style=""font-size: 60px; font-family: FragmentMono"">KGLU&emsp;&emsp;&emsp;&emsp;UXBM<p style=""font-size: 15px"">Press <strong>d</strong> for this letter combination&emsp;&emsp;&emsp;&emsp;&emsp;&emsp;&emsp;&emsp;&emsp;&emsp;Press <strong>k</strong> for this letter combination</p>","","","familiarity","","k","","true","UXBM","KGLU",""
"968","k","html-keyboard-response","789","1122948","0.0-27.0-0.10","669d0b18e3a1ae0b5f7571ef","69d7901e3430d13455efb336","69e8c339945468bd919647b2","<p style=""font-size: 30px"">&emsp;</p><br><p style=""font-size: 60px; font-family: FragmentMono"">FBMN&emsp;&emsp;&emsp;&emsp;VHGM<p style=""font-size: 15px"">Press <strong>d</strong> for this letter combination&emsp;&emsp;&emsp;&emsp;&emsp;&emsp;&emsp;&emsp;&emsp;&emsp;Press <strong>k</strong> for this letter combination</p>","","","familiarity","","k","","true","VHGM","FBMN",""
"897","d","html-keyboard-response","790","1123846","0.0-27.0-0.11","669d0b18e3a1ae0b5f7571ef","69d7901e3430d13455efb336","69e8c339945468bd919647b2","<p style=""font-size: 30px"">&emsp;</p><br><p style=""font-size: 60px; font-family: FragmentMono"">PYB&emsp;&emsp;&emsp;&emsp;FDO<p style=""font-size: 15px"">Press <strong>d</strong> for this letter combination&emsp;&emsp;&emsp;&emsp;&emsp;&emsp;&emsp;&emsp;&emsp;&emsp;Press <strong>k</strong> for this letter combination</p>","","","familiarity","","d","","true","PYB","FDO",""
"2156","d","html-keyboard-response","791","1126002","0.0-27.0-0.12","669d0b18e3a1ae0b5f7571ef","69d7901e3430d13455efb336","69e8c339945468bd919647b2","<p style=""font-size: 30px"">&emsp;</p><br><p style=""font-size: 60px; font-family: FragmentMono"">BIWI&emsp;&emsp;&emsp;&emsp;MWYP<p style=""font-size: 15px"">Press <strong>d</strong> for this letter combination&emsp;&emsp;&emsp;&emsp;&emsp;&emsp;&emsp;&emsp;&emsp;&emsp;Press <strong>k</strong> for this letter combination</p>","","","familiarity","","d","","true","BIWI","MWYP",""
"2456","d","html-keyboard-response","792","1128458","0.0-27.0-0.13","669d0b18e3a1ae0b5f7571ef","69d7901e3430d13455efb336","69e8c339945468bd919647b2","<p style=""font-size: 30px"">&emsp;</p><br><p style=""font-size: 60px; font-family: FragmentMono"">LSF&emsp;&emsp;&emsp;&emsp;DCP<p style=""font-size: 15px"">Press <strong>d</strong> for this letter combination&emsp;&emsp;&emsp;&emsp;&emsp;&emsp;&emsp;&emsp;&emsp;&emsp;Press <strong>k</strong> for this letter combination</p>","","","familiarity","","d","","true","LSF","DCP",""
"1335","k","html-keyboard-response","793","1129793","0.0-27.0-0.14","669d0b18e3a1ae0b5f7571ef","69d7901e3430d13455efb336","69e8c339945468bd919647b2","<p style=""font-size: 30px"">&emsp;</p><br><p style=""font-size: 60px; font-family: FragmentMono"">BABJ&emsp;&emsp;&emsp;&emsp;OWJB<p style=""font-size: 15px"">Press <strong>d</strong> for this letter combination&emsp;&emsp;&emsp;&emsp;&emsp;&emsp;&emsp;&emsp;&emsp;&emsp;Press <strong>k</strong> for this letter combination</p>","","","familiarity","","d","","false","BABJ","OWJB",""
"1488","k","html-keyboard-response","794","1131282","0.0-27.0-0.15","669d0b18e3a1ae0b5f7571ef","69d7901e3430d13455efb336","69e8c339945468bd919647b2","<p style=""font-size: 30px"">&emsp;</p><br><p style=""font-size: 60px; font-family: FragmentMono"">LYEA&emsp;&emsp;&emsp;&emsp;CGHN<p style=""font-size: 15px"">Press <strong>d</strong> for this letter combination&emsp;&emsp;&emsp;&emsp;&emsp;&emsp;&emsp;&emsp;&emsp;&emsp;Press <strong>k</strong> for this letter combination</p>","","","familiarity","","k","","true","CGHN","LYEA",""
"1928","k","html-keyboard-response","795","1133210","0.0-27.0-0.16","669d0b18e3a1ae0b5f7571ef","69d7901e3430d13455efb336","69e8c339945468bd919647b2","<p style=""font-size: 30px"">&emsp;</p><br><p style=""font-size: 60px; font-family: FragmentMono"">CTOIV&emsp;&emsp;&emsp;&emsp;WAEMI<p style=""font-size: 15px"">Press <strong>d</strong> for this letter combination&emsp;&emsp;&emsp;&emsp;&emsp;&emsp;&emsp;&emsp;&emsp;&emsp;Press <strong>k</strong> for this letter combination</p>","","","familiarity","","k","","true","WAEMI","CTOIV",""
"1180","d","html-keyboard-response","796","1134390","0.0-27.0-0.17","669d0b18e3a1ae0b5f7571ef","69d7901e3430d13455efb336","69e8c339945468bd919647b2","<p style=""font-size: 30px"">&emsp;</p><br><p style=""font-size: 60px; font-family: FragmentMono"">CAVY&emsp;&emsp;&emsp;&emsp;XFSV<p style=""font-size: 15px"">Press <strong>d</strong> for this letter combination&emsp;&emsp;&emsp;&emsp;&emsp;&emsp;&emsp;&emsp;&emsp;&emsp;Press <strong>k</strong> for this letter combination</p>","","","familiarity","","d","","true","CAVY","XFSV",""
"2636","d","html-keyboard-response","797","1137027","0.0-27.0-0.18","669d0b18e3a1ae0b5f7571ef","69d7901e3430d13455efb336","69e8c339945468bd919647b2","<p style=""font-size: 30px"">&emsp;</p><br><p style=""font-size: 60px; font-family: FragmentMono"">KUQVM&emsp;&emsp;&emsp;&emsp;TNKDO<p style=""font-size: 15px"">Press <strong>d</strong> for this letter combination&emsp;&emsp;&emsp;&emsp;&emsp;&emsp;&emsp;&emsp;&emsp;&emsp;Press <strong>k</strong> for this letter combination</p>","","","familiarity","","d","","true","KUQVM","TNKDO",""
"1759","k","html-keyboard-response","798","1138786","0.0-27.0-0.19","669d0b18e3a1ae0b5f7571ef","69d7901e3430d13455efb336","69e8c339945468bd919647b2","<p style=""font-size: 30px"">&emsp;</p><br><p style=""font-size: 60px; font-family: FragmentMono"">JVRU&emsp;&emsp;&emsp;&emsp;EPKS<p style=""font-size: 15px"">Press <strong>d</strong> for this letter combination&emsp;&emsp;&emsp;&emsp;&emsp;&emsp;&emsp;&emsp;&emsp;&emsp;Press <strong>k</strong> for this letter combination</p>","","","familiarity","","k","","true","EPKS","JVRU",""
"2157","k","html-keyboard-response","799","1140944","0.0-27.0-0.20","669d0b18e3a1ae0b5f7571ef","69d7901e3430d13455efb336","69e8c339945468bd919647b2","<p style=""font-size: 30px"">&emsp;</p><br><p style=""font-size: 60px; font-family: FragmentMono"">GNFQW&emsp;&emsp;&emsp;&emsp;KVAQW<p style=""font-size: 15px"">Press <strong>d</strong> for this letter combination&emsp;&emsp;&emsp;&emsp;&emsp;&emsp;&emsp;&emsp;&emsp;&emsp;Press <strong>k</strong> for this letter combination</p>","","","familiarity","","d","","false","GNFQW","KVAQW",""
"3016","d","html-keyboard-response","800","1143960","0.0-27.0-0.21","669d0b18e3a1ae0b5f7571ef","69d7901e3430d13455efb336","69e8c339945468bd919647b2","<p style=""font-size: 30px"">&emsp;</p><br><p style=""font-size: 60px; font-family: FragmentMono"">HQCB&emsp;&emsp;&emsp;&emsp;MYFT<p style=""font-size: 15px"">Press <strong>d</strong> for this letter combination&emsp;&emsp;&emsp;&emsp;&emsp;&emsp;&emsp;&emsp;&emsp;&emsp;Press <strong>k</strong> for this letter combination</p>","","","familiarity","","k","","false","MYFT","HQCB",""
"2004","d","html-keyboard-response","801","1145965","0.0-27.0-0.22","669d0b18e3a1ae0b5f7571ef","69d7901e3430d13455efb336","69e8c339945468bd919647b2","<p style=""font-size: 30px"">&emsp;</p><br><p style=""font-size: 60px; font-family: FragmentMono"">IBDLL&emsp;&emsp;&emsp;&emsp;BRSWX<p style=""font-size: 15px"">Press <strong>d</strong> for this letter combination&emsp;&emsp;&emsp;&emsp;&emsp;&emsp;&emsp;&emsp;&emsp;&emsp;Press <strong>k</strong> for this letter combination</p>","","","familiarity","","d","","true","IBDLL","BRSWX",""
"1720","d","html-keyboard-response","802","1147685","0.0-27.0-0.23","669d0b18e3a1ae0b5f7571ef","69d7901e3430d13455efb336","69e8c339945468bd919647b2","<p style=""font-size: 30px"">&emsp;</p><br><p style=""font-size: 60px; font-family: FragmentMono"">QWBSJ&emsp;&emsp;&emsp;&emsp;ZCPBU<p style=""font-size: 15px"">Press <strong>d</strong> for this letter combination&emsp;&emsp;&emsp;&emsp;&emsp;&emsp;&emsp;&emsp;&emsp;&emsp;Press <strong>k</strong> for this letter combination</p>","","","familiarity","","d","","true","QWBSJ","ZCPBU",""
"883","k","html-keyboard-response","803","1148569","0.0-27.0-0.24","669d0b18e3a1ae0b5f7571ef","69d7901e3430d13455efb336","69e8c339945468bd919647b2","<p style=""font-size: 30px"">&emsp;</p><br><p style=""font-size: 60px; font-family: FragmentMono"">DEIQ&emsp;&emsp;&emsp;&emsp;UGYK<p style=""font-size: 15px"">Press <strong>d</strong> for this letter combination&emsp;&emsp;&emsp;&emsp;&emsp;&emsp;&emsp;&emsp;&emsp;&emsp;Press <strong>k</strong> for this letter combination</p>","","","familiarity","","d","","false","DEIQ","UGYK",""
"3266","k","html-keyboard-response","804","1151835","0.0-27.0-0.25","669d0b18e3a1ae0b5f7571ef","69d7901e3430d13455efb336","69e8c339945468bd919647b2","<p style=""font-size: 30px"">&emsp;</p><br><p style=""font-size: 60px; font-family: FragmentMono"">KYI&emsp;&emsp;&emsp;&emsp;JKL<p style=""font-size: 15px"">Press <strong>d</strong> for this letter combination&emsp;&emsp;&emsp;&emsp;&emsp;&emsp;&emsp;&emsp;&emsp;&emsp;Press <strong>k</strong> for this letter combination</p>","","","familiarity","","d","","false","KYI","JKL",""
"1385","d","html-keyboard-response","805","1153221","0.0-27.0-0.26","669d0b18e3a1ae0b5f7571ef","69d7901e3430d13455efb336","69e8c339945468bd919647b2","<p style=""font-size: 30px"">&emsp;</p><br><p style=""font-size: 60px; font-family: FragmentMono"">UBSU&emsp;&emsp;&emsp;&emsp;JOEX<p style=""font-size: 15px"">Press <strong>d</strong> for this letter combination&emsp;&emsp;&emsp;&emsp;&emsp;&emsp;&emsp;&emsp;&emsp;&emsp;Press <strong>k</strong> for this letter combination</p>","","","familiarity","","d","","true","UBSU","JOEX",""
"1320","k","html-keyboard-response","806","1154541","0.0-27.0-0.27","669d0b18e3a1ae0b5f7571ef","69d7901e3430d13455efb336","69e8c339945468bd919647b2","<p style=""font-size: 30px"">&emsp;</p><br><p style=""font-size: 60px; font-family: FragmentMono"">VEVCH&emsp;&emsp;&emsp;&emsp;KZLHI<p style=""font-size: 15px"">Press <strong>d</strong> for this letter combination&emsp;&emsp;&emsp;&emsp;&emsp;&emsp;&emsp;&emsp;&emsp;&emsp;Press <strong>k</strong> for this letter combination</p>","","","familiarity","","k","","true","KZLHI","VEVCH",""
"994","k","html-keyboard-response","807","1155535","0.0-27.0-0.28","669d0b18e3a1ae0b5f7571ef","69d7901e3430d13455efb336","69e8c339945468bd919647b2","<p style=""font-size: 30px"">&emsp;</p><br><p style=""font-size: 60px; font-family: FragmentMono"">TGB&emsp;&emsp;&emsp;&emsp;FYG<p style=""font-size: 15px"">Press <strong>d</strong> for this letter combination&emsp;&emsp;&emsp;&emsp;&emsp;&emsp;&emsp;&emsp;&emsp;&emsp;Press <strong>k</strong> for this letter combination</p>","","","familiarity","","k","","true","FYG","TGB",""
"938","d","html-keyboard-response","808","1156473","0.0-27.0-0.29","669d0b18e3a1ae0b5f7571ef","69d7901e3430d13455efb336","69e8c339945468bd919647b2","<p style=""font-size: 30px"">&emsp;</p><br><p style=""font-size: 60px; font-family: FragmentMono"">WFQNZ&emsp;&emsp;&emsp;&emsp;AQOZO<p style=""font-size: 15px"">Press <strong>d</strong> for this letter combination&emsp;&emsp;&emsp;&emsp;&emsp;&emsp;&emsp;&emsp;&emsp;&emsp;Press <strong>k</strong> for this letter combination</p>","","","familiarity","","d","","true","WFQNZ","AQOZO",""
"11336"," ","html-keyboard-response","809","1167810","0.0-28.0","669d0b18e3a1ae0b5f7571ef","69d7901e3430d13455efb336","69e8c339945468bd919647b2","<p style=""font-size: 30px"">Thank you for your help deciphering these alien communications! In this final part, we'd like you to answer the following questions on your history, use, proficiency, and attitudes towards your own languages.</p>
      <p style=""font-size: 30px"">The questionnaire contains 19 questions and will take only 10 minutes. Please answer every question honestly: this way we'll be able to guarantee a good outcome for this experiment.</p>
      <p style=""font-size: 30px"">Press the spacebar to begin.</p>","","","","","","","","","",""
"41277","{""Age"":""23"",""Gender"":""Man"",""Education"":""MinusCollege"",""L1"":""English"",""L2"":""Portuguese"",""L3"":""n/a"",""L4"":""n/a"",""otherLs"":""n/a""}","survey-html-form","810","1209087","0.0-29.0","669d0b18e3a1ae0b5f7571ef","69d7901e3430d13455efb336","69e8c339945468bd919647b2","","","","","","","","","","","bio_info"
"88088","{""AoAL1"":""0"",""AoAL2"":""0"",""AoEaseL1"":""0"",""AoEaseL2"":""0"",""yearsEduL1"":""4"",""yearsEduL2"":""16"",""yearsCountryL1"":""4"",""yearsCountryL2"":""19"",""yearsFamilyL1"":""20+"",""yearsFamilyL2"":""20+"",""yearsWorkL1"":""4"",""yearsWorkL2"":""4""}","survey-html-form","811","1297185","0.0-30.0","669d0b18e3a1ae0b5f7571ef","69d7901e3430d13455efb336","69e8c339945468bd919647b2","","","","","","","","","","","history_info"
"43775","{""PercFriendsL1"":""50"",""PercFriendsL2"":""50"",""PercFamilyL1"":""60"",""PercFamilyL2"":""40"",""PercWorkL1"":""50"",""PercWorkL2"":""50"",""PercSelfL1"":""90"",""PercSelfL2"":""10"",""PercCountL1"":""90"",""PercCountL2"":""10""}","survey-html-form","812","1340966","0.0-31.0-0.0-0.0","669d0b18e3a1ae0b5f7571ef","69d7901e3430d13455efb336","69e8c339945468bd919647b2","","","","","","","","","","","use_info"
"24439","{""ProfSpeakL1"":""6"",""ProfSpeakL2"":""6"",""ProfUnderstandL1"":""6"",""ProfUnderstandL2"":""6"",""ProfReadL1"":""6"",""ProfReadL2"":""5"",""AttentionL1"":""2"",""AttentionL2"":""2"",""ProfWriteL1"":""6"",""ProfWriteL2"":""6""}","survey-html-form","813","1365410","0.0-32.0","669d0b18e3a1ae0b5f7571ef","69d7901e3430d13455efb336","69e8c339945468bd919647b2","","","","","","","","","","","proficiency_info"
"20537","{""AttSelfL1"":""6"",""AttSelfL2"":""4"",""AttCultureL1"":""5"",""AttCultureL2"":""4"",""AttNativeLevelL1"":""6"",""AttNativeLevelL2"":""6"",""AttMothertongueL1"":""6"",""AttMothertongueL2"":""6""}","survey-html-form","814","1385949","0.0-33.0","669d0b18e3a1ae0b5f7571ef","69d7901e3430d13455efb336","69e8c339945468bd919647b2","","","","","","","","","","","attitudes_info"
"14857"," ","html-keyboard-response","815","1400807","0.0-34.0","669d0b18e3a1ae0b5f7571ef","69d7901e3430d13455efb336","69e8c339945468bd919647b2","<p style=""font-size: 30px""><u>Goal of the study:</u> This experiment intends to test if people with more experience with more languages are more capable of unconsciously processing statistical information of new words. The alien words you saw at the beginning of the study belonged to two different languages, and this difference was displayed in how word parts were assembled together. Thank you for your participation!</p>
      <p style=""font-size: 30px"">Data upload will take a few seconds. Please wait briefly, then you will be redirected to Prolific with your completion code. Press any key now to do so.</p>","","","","","","","","","",""
