"rt","response","trial_type","trial_index","time_elapsed","internal_node_id","subject_id","study_id","session_id","stimulus","question_order","success","task","item","correct_response","testing_condition","correct","target","confound","name"
"22577","{""ID"":""69c2a6ec39af7c4c4c681804""}","survey-html-form","0","22580","0.0-0.0","69c2a6ec39af7c4c4c681804","69d7901e3430d13455efb336","69e8e953bd5e0bb8c4012632","","","","","","","","","","",""
"25035"," ","html-keyboard-response","1","47617","0.0-1.0","69c2a6ec39af7c4c4c681804","69d7901e3430d13455efb336","69e8e953bd5e0bb8c4012632","<p style=""font-size: 30px;"">Before beginning, we ask that you read the consent information and confirm your agreement to participate in the experiment.</p>
      <p style=""font-size: 30px;""> We ask that you remember that this is a research project and that your participation is entirely voluntary. You can stop your participation at any time, without needing to provide any explanation. The study we're asking you to participate in aims at examining how readers process written words. You will be engaged in a session of apprximately 25-30 minutes, followed by a brief questionnaire. You will have the opportunity to take a few breaks during the experiment. You will be paid £4 for your participation, corresponding to a rate of £8/hour. While this experiment looks at cognitive faculties, this experiment doesn't constitute clinical proof of eventual pathologies.</p>
      <p style=""font-size: 30px;"">All of the information collected thanks to yours and others' participation will be held in a secure password-protected server, and will not be shared with anyone not authorised to view it. Your personal information will be kept with an arbitrary participant ID. Thanks to this data anonymity process, any researcher analysing the data won't be able to track the information back to a specific participant. Therefore, this process will make identifying you impossibile, even when results from the study will be published in scientific reviews, presented at congresses, or at any other public forum. More generally, the collected data will be treated in accordance with the laws on privacy and conformity to the Legislative Degree n. 196 ""Code regarding the protection of personal data"" of the 30th of June 2003 and to the European Regulation 2016/670 (General Data Protection Regulation - GDPR). The Data Protection Officer is Avv. Valentina Carollo, who can be contacted at the following email addresses: <a href=""mailto:dpo@sissa.it"">dpo@sissa.it</a> or <a href=""mailto:rpd@sissa.it"">rpd@sissa.it</a> - PEC: <a href=""mailto:protocollo@pec.sissa.it"">protocollo@pec.sissa.it</a>.</p>
      <p style=""font-size: 30px;""> Before expressing your consent to participate, we would like to remind you again that in case you need explanations on any aspect of the experimental procedure, the researcher is at your disposition (<a href=""mailto:aliebelt@sissa.it"">aliebelt@sissa.it</a>, <a href=""mailto:davide.crepaldi@sissa.it"">davide.crepaldi@sissa.it</a>). Please feel free to contact the researcher through the Messaging feature on Prolific if you have any questions or issues.</p>
      <p style=""font-size: 30px;"">If you would like to download the informed consent form, you can do so here: <a href=""BASL-Informed_Consent.pdf"" download>informed consent form</a>.</p>
      <p style=""font-size: 30px;"">We ask that you press the spacebar to proceed to the consent section.</p>","","","","","","","","","",""
"20774","{""consent1"":""YES"",""consent2"":""YES"",""consent3"":""YES"",""consent4"":""YES"",""consent5"":""YES"",""consent6"":""YES""}","survey-html-form","2","68393","0.0-2.0","69c2a6ec39af7c4c4c681804","69d7901e3430d13455efb336","69e8e953bd5e0bb8c4012632","","","","","","","","","","",""
"11382","{""Languages"":[""English""]}","survey-multi-select","3","79877","0.0-3.0-0.0","69c2a6ec39af7c4c4c681804","69d7901e3430d13455efb336","69e8e953bd5e0bb8c4012632","","[0]","","","","","","","","",""
"8310","","fullscreen","4","89205","0.0-4.0","69c2a6ec39af7c4c4c681804","69d7901e3430d13455efb336","69e8e953bd5e0bb8c4012632","","","true","","","","","","","",""
"16928"," ","html-keyboard-response","5","106135","0.0-5.0","69c2a6ec39af7c4c4c681804","69d7901e3430d13455efb336","69e8e953bd5e0bb8c4012632","<p style=""font-size: 30px"">Welcome, and thank you very much for your time!</p>
      <p style=""font-size: 30px"">In this experiment, you'll be a language expert who's been asked to take a look at words that Earth has received in its first communication with aliens. Your task, in this first part of the experiment, is to pay close attention to the words you'll be shown; later, world leaders will ask you questions on what you saw. The words will be shown to you quite quickly; it seems that the aliens were in a hurry :-)</p>
      <p style=""font-size: 30px"">Press the spacebar to continue.<p>","","","","","","","","","",""
"null","null","html-keyboard-response","6","106141","0.0-6.0","69c2a6ec39af7c4c4c681804","69d7901e3430d13455efb336","69e8e953bd5e0bb8c4012632","<p style=""font-size: 1px; font-family: FragmentMono""> x </p>","","","","","","","","","",""
"null","null","html-keyboard-response","7","107148","0.0-7.0-0.0","69c2a6ec39af7c4c4c681804","69d7901e3430d13455efb336","69e8e953bd5e0bb8c4012632","<p style=""font-size: 60px; font-family: FragmentMono"">RGWFWCAVY</p>","","","training","","","","","","",""
"null","null","html-keyboard-response","8","108158","0.0-7.0-0.1","69c2a6ec39af7c4c4c681804","69d7901e3430d13455efb336","69e8e953bd5e0bb8c4012632","<p style=""font-size: 60px; font-family: FragmentMono"">UXVTIQFMC</p>","","","training","","","","","","",""
"null","null","html-keyboard-response","9","109172","0.0-7.0-0.2","69c2a6ec39af7c4c4c681804","69d7901e3430d13455efb336","69e8e953bd5e0bb8c4012632","<p style=""font-size: 60px; font-family: FragmentMono"">XQXQFKSL</p>","","","training","","","","","","",""
"null","null","html-keyboard-response","10","110182","0.0-7.0-0.3","69c2a6ec39af7c4c4c681804","69d7901e3430d13455efb336","69e8e953bd5e0bb8c4012632","<p style=""font-size: 60px; font-family: FragmentMono"">VEVCHJXPX</p>","","","training","","","","","","",""
"null","null","html-keyboard-response","11","111189","0.0-7.0-0.4","69c2a6ec39af7c4c4c681804","69d7901e3430d13455efb336","69e8e953bd5e0bb8c4012632","<p style=""font-size: 60px; font-family: FragmentMono"">FDMJCQFMC</p>","","","training","","","","","","",""
"null","null","html-keyboard-response","12","112190","0.0-7.0-0.5","69c2a6ec39af7c4c4c681804","69d7901e3430d13455efb336","69e8e953bd5e0bb8c4012632","<p style=""font-size: 60px; font-family: FragmentMono"">KSBZJGLY</p>","","","training","","","","","","",""
"null","null","html-keyboard-response","13","113191","0.0-7.0-0.6","69c2a6ec39af7c4c4c681804","69d7901e3430d13455efb336","69e8e953bd5e0bb8c4012632","<p style=""font-size: 60px; font-family: FragmentMono"">IDKYXJXPX</p>","","","training","","","","","","",""
"null","null","html-keyboard-response","14","114192","0.0-7.0-0.7","69c2a6ec39af7c4c4c681804","69d7901e3430d13455efb336","69e8e953bd5e0bb8c4012632","<p style=""font-size: 60px; font-family: FragmentMono"">BABJTHW</p>","","","training","","","","","","",""
"null","null","html-keyboard-response","15","115207","0.0-7.0-0.8","69c2a6ec39af7c4c4c681804","69d7901e3430d13455efb336","69e8e953bd5e0bb8c4012632","<p style=""font-size: 60px; font-family: FragmentMono"">WRGAMPSU</p>","","","training","","","","","","",""
"null","null","html-keyboard-response","16","116221","0.0-7.0-0.9","69c2a6ec39af7c4c4c681804","69d7901e3430d13455efb336","69e8e953bd5e0bb8c4012632","<p style=""font-size: 60px; font-family: FragmentMono"">NTGLGKQW</p>","","","training","","","","","","",""
"null","null","html-keyboard-response","17","117236","0.0-7.0-0.10","69c2a6ec39af7c4c4c681804","69d7901e3430d13455efb336","69e8e953bd5e0bb8c4012632","<p style=""font-size: 60px; font-family: FragmentMono"">WAEMICAVY</p>","","","training","","","","","","",""
"null","null","html-keyboard-response","18","118241","0.0-7.0-0.11","69c2a6ec39af7c4c4c681804","69d7901e3430d13455efb336","69e8e953bd5e0bb8c4012632","<p style=""font-size: 60px; font-family: FragmentMono"">TUSOGRBO</p>","","","training","","","","","","",""
"null","null","html-keyboard-response","19","119249","0.0-7.0-0.12","69c2a6ec39af7c4c4c681804","69d7901e3430d13455efb336","69e8e953bd5e0bb8c4012632","<p style=""font-size: 60px; font-family: FragmentMono"">KSBZJTHW</p>","","","training","","","","","","",""
"null","null","html-keyboard-response","20","120257","0.0-7.0-0.13","69c2a6ec39af7c4c4c681804","69d7901e3430d13455efb336","69e8e953bd5e0bb8c4012632","<p style=""font-size: 60px; font-family: FragmentMono"">TQITPSU</p>","","","training","","","","","","",""
"null","null","html-keyboard-response","21","121266","0.0-7.0-0.14","69c2a6ec39af7c4c4c681804","69d7901e3430d13455efb336","69e8e953bd5e0bb8c4012632","<p style=""font-size: 60px; font-family: FragmentMono"">BIWIJXPX</p>","","","training","","","","","","",""
"null","null","html-keyboard-response","22","122270","0.0-7.0-0.15","69c2a6ec39af7c4c4c681804","69d7901e3430d13455efb336","69e8e953bd5e0bb8c4012632","<p style=""font-size: 60px; font-family: FragmentMono"">JXTJXGLY</p>","","","training","","","","","","",""
"null","null","html-keyboard-response","23","123284","0.0-7.0-0.16","69c2a6ec39af7c4c4c681804","69d7901e3430d13455efb336","69e8e953bd5e0bb8c4012632","<p style=""font-size: 60px; font-family: FragmentMono"">OSHEZTHW</p>","","","training","","","","","","",""
"null","null","html-keyboard-response","24","124292","0.0-7.0-0.17","69c2a6ec39af7c4c4c681804","69d7901e3430d13455efb336","69e8e953bd5e0bb8c4012632","<p style=""font-size: 60px; font-family: FragmentMono"">IDKYXPSU</p>","","","training","","","","","","",""
"null","null","html-keyboard-response","25","125302","0.0-7.0-0.18","69c2a6ec39af7c4c4c681804","69d7901e3430d13455efb336","69e8e953bd5e0bb8c4012632","<p style=""font-size: 60px; font-family: FragmentMono"">UXVTITHW</p>","","","training","","","","","","",""
"null","null","html-keyboard-response","26","126313","0.0-7.0-0.19","69c2a6ec39af7c4c4c681804","69d7901e3430d13455efb336","69e8e953bd5e0bb8c4012632","<p style=""font-size: 60px; font-family: FragmentMono"">XNJUGLY</p>","","","training","","","","","","",""
"null","null","html-keyboard-response","27","127327","0.0-7.0-0.20","69c2a6ec39af7c4c4c681804","69d7901e3430d13455efb336","69e8e953bd5e0bb8c4012632","<p style=""font-size: 60px; font-family: FragmentMono"">BIWIKQW</p>","","","training","","","","","","",""
"null","null","html-keyboard-response","28","128333","0.0-7.0-0.21","69c2a6ec39af7c4c4c681804","69d7901e3430d13455efb336","69e8e953bd5e0bb8c4012632","<p style=""font-size: 60px; font-family: FragmentMono"">BABJEYOG</p>","","","training","","","","","","",""
"null","null","html-keyboard-response","29","129343","0.0-7.0-0.22","69c2a6ec39af7c4c4c681804","69d7901e3430d13455efb336","69e8e953bd5e0bb8c4012632","<p style=""font-size: 60px; font-family: FragmentMono"">JXTJXQFMC</p>","","","training","","","","","","",""
"null","null","html-keyboard-response","30","130355","0.0-7.0-0.23","69c2a6ec39af7c4c4c681804","69d7901e3430d13455efb336","69e8e953bd5e0bb8c4012632","<p style=""font-size: 60px; font-family: FragmentMono"">XNJUKSL</p>","","","training","","","","","","",""
"null","null","html-keyboard-response","31","131360","0.0-7.0-0.24","69c2a6ec39af7c4c4c681804","69d7901e3430d13455efb336","69e8e953bd5e0bb8c4012632","<p style=""font-size: 60px; font-family: FragmentMono"">TQITKQW</p>","","","training","","","","","","",""
"null","null","html-keyboard-response","32","132366","0.0-7.0-0.25","69c2a6ec39af7c4c4c681804","69d7901e3430d13455efb336","69e8e953bd5e0bb8c4012632","<p style=""font-size: 60px; font-family: FragmentMono"">LYEAKSL</p>","","","training","","","","","","",""
"null","null","html-keyboard-response","33","133381","0.0-7.0-0.26","69c2a6ec39af7c4c4c681804","69d7901e3430d13455efb336","69e8e953bd5e0bb8c4012632","<p style=""font-size: 60px; font-family: FragmentMono"">VEVCHPSU</p>","","","training","","","","","","",""
"null","null","html-keyboard-response","34","134393","0.0-7.0-0.27","69c2a6ec39af7c4c4c681804","69d7901e3430d13455efb336","69e8e953bd5e0bb8c4012632","<p style=""font-size: 60px; font-family: FragmentMono"">WRGAMJXPX</p>","","","training","","","","","","",""
"null","null","html-keyboard-response","35","135405","0.0-7.0-0.28","69c2a6ec39af7c4c4c681804","69d7901e3430d13455efb336","69e8e953bd5e0bb8c4012632","<p style=""font-size: 60px; font-family: FragmentMono"">BABJKSL</p>","","","training","","","","","","",""
"null","null","html-keyboard-response","36","136415","0.0-7.0-0.29","69c2a6ec39af7c4c4c681804","69d7901e3430d13455efb336","69e8e953bd5e0bb8c4012632","<p style=""font-size: 60px; font-family: FragmentMono"">NTGLGJXPX</p>","","","training","","","","","","",""
"null","null","html-keyboard-response","37","137428","0.0-7.0-0.30","69c2a6ec39af7c4c4c681804","69d7901e3430d13455efb336","69e8e953bd5e0bb8c4012632","<p style=""font-size: 60px; font-family: FragmentMono"">KSBZJQFMC</p>","","","training","","","","","","",""
"null","null","html-keyboard-response","38","138441","0.0-7.0-0.31","69c2a6ec39af7c4c4c681804","69d7901e3430d13455efb336","69e8e953bd5e0bb8c4012632","<p style=""font-size: 60px; font-family: FragmentMono"">FDMJCEYOG</p>","","","training","","","","","","",""
"null","null","html-keyboard-response","39","139453","0.0-7.0-0.32","69c2a6ec39af7c4c4c681804","69d7901e3430d13455efb336","69e8e953bd5e0bb8c4012632","<p style=""font-size: 60px; font-family: FragmentMono"">BIWIRBO</p>","","","training","","","","","","",""
"null","null","html-keyboard-response","40","140463","0.0-7.0-0.33","69c2a6ec39af7c4c4c681804","69d7901e3430d13455efb336","69e8e953bd5e0bb8c4012632","<p style=""font-size: 60px; font-family: FragmentMono"">BABJGLY</p>","","","training","","","","","","",""
"null","null","html-keyboard-response","41","141468","0.0-7.0-0.34","69c2a6ec39af7c4c4c681804","69d7901e3430d13455efb336","69e8e953bd5e0bb8c4012632","<p style=""font-size: 60px; font-family: FragmentMono"">DJZJKSL</p>","","","training","","","","","","",""
"null","null","html-keyboard-response","42","142479","0.0-7.0-0.35","69c2a6ec39af7c4c4c681804","69d7901e3430d13455efb336","69e8e953bd5e0bb8c4012632","<p style=""font-size: 60px; font-family: FragmentMono"">TUSOGKQW</p>","","","training","","","","","","",""
"null","null","html-keyboard-response","43","143487","0.0-7.0-0.36","69c2a6ec39af7c4c4c681804","69d7901e3430d13455efb336","69e8e953bd5e0bb8c4012632","<p style=""font-size: 60px; font-family: FragmentMono"">WAEMIJXPX</p>","","","training","","","","","","",""
"null","null","html-keyboard-response","44","144498","0.0-7.0-0.37","69c2a6ec39af7c4c4c681804","69d7901e3430d13455efb336","69e8e953bd5e0bb8c4012632","<p style=""font-size: 60px; font-family: FragmentMono"">JXTJXKSL</p>","","","training","","","","","","",""
"null","null","html-keyboard-response","45","145500","0.0-7.0-0.38","69c2a6ec39af7c4c4c681804","69d7901e3430d13455efb336","69e8e953bd5e0bb8c4012632","<p style=""font-size: 60px; font-family: FragmentMono"">BIWICAVY</p>","","","training","","","","","","",""
"null","null","html-keyboard-response","46","146509","0.0-7.0-0.39","69c2a6ec39af7c4c4c681804","69d7901e3430d13455efb336","69e8e953bd5e0bb8c4012632","<p style=""font-size: 60px; font-family: FragmentMono"">UXVTIEYOG</p>","","","training","","","","","","",""
"null","null","html-keyboard-response","47","147521","0.0-7.0-0.40","69c2a6ec39af7c4c4c681804","69d7901e3430d13455efb336","69e8e953bd5e0bb8c4012632","<p style=""font-size: 60px; font-family: FragmentMono"">TQITCAVY</p>","","","training","","","","","","",""
"null","null","html-keyboard-response","48","148523","0.0-7.0-0.41","69c2a6ec39af7c4c4c681804","69d7901e3430d13455efb336","69e8e953bd5e0bb8c4012632","<p style=""font-size: 60px; font-family: FragmentMono"">UXWLKQW</p>","","","training","","","","","","",""
"null","null","html-keyboard-response","49","149530","0.0-7.0-0.42","69c2a6ec39af7c4c4c681804","69d7901e3430d13455efb336","69e8e953bd5e0bb8c4012632","<p style=""font-size: 60px; font-family: FragmentMono"">WRGAMRBO</p>","","","training","","","","","","",""
"null","null","html-keyboard-response","50","150531","0.0-7.0-0.43","69c2a6ec39af7c4c4c681804","69d7901e3430d13455efb336","69e8e953bd5e0bb8c4012632","<p style=""font-size: 60px; font-family: FragmentMono"">UXWLJXPX</p>","","","training","","","","","","",""
"null","null","html-keyboard-response","51","151532","0.0-7.0-0.44","69c2a6ec39af7c4c4c681804","69d7901e3430d13455efb336","69e8e953bd5e0bb8c4012632","<p style=""font-size: 60px; font-family: FragmentMono"">RGWFWPSU</p>","","","training","","","","","","",""
"null","null","html-keyboard-response","52","152548","0.0-7.0-0.45","69c2a6ec39af7c4c4c681804","69d7901e3430d13455efb336","69e8e953bd5e0bb8c4012632","<p style=""font-size: 60px; font-family: FragmentMono"">UXWLRBO</p>","","","training","","","","","","",""
"null","null","html-keyboard-response","53","153560","0.0-7.0-0.46","69c2a6ec39af7c4c4c681804","69d7901e3430d13455efb336","69e8e953bd5e0bb8c4012632","<p style=""font-size: 60px; font-family: FragmentMono"">VEVCHKQW</p>","","","training","","","","","","",""
"null","null","html-keyboard-response","54","154568","0.0-7.0-0.47","69c2a6ec39af7c4c4c681804","69d7901e3430d13455efb336","69e8e953bd5e0bb8c4012632","<p style=""font-size: 60px; font-family: FragmentMono"">TQITRBO</p>","","","training","","","","","","",""
"null","null","html-keyboard-response","55","155570","0.0-7.0-0.48","69c2a6ec39af7c4c4c681804","69d7901e3430d13455efb336","69e8e953bd5e0bb8c4012632","<p style=""font-size: 60px; font-family: FragmentMono"">LYEAQFMC</p>","","","training","","","","","","",""
"null","null","html-keyboard-response","56","156571","0.0-7.0-0.49","69c2a6ec39af7c4c4c681804","69d7901e3430d13455efb336","69e8e953bd5e0bb8c4012632","<p style=""font-size: 60px; font-family: FragmentMono"">DJZJEYOG</p>","","","training","","","","","","",""
"null","null","html-keyboard-response","57","157579","0.0-7.0-0.50","69c2a6ec39af7c4c4c681804","69d7901e3430d13455efb336","69e8e953bd5e0bb8c4012632","<p style=""font-size: 60px; font-family: FragmentMono"">OSHEZGLY</p>","","","training","","","","","","",""
"null","null","html-keyboard-response","58","158592","0.0-7.0-0.51","69c2a6ec39af7c4c4c681804","69d7901e3430d13455efb336","69e8e953bd5e0bb8c4012632","<p style=""font-size: 60px; font-family: FragmentMono"">TUSOGCAVY</p>","","","training","","","","","","",""
"null","null","html-keyboard-response","59","159598","0.0-7.0-0.52","69c2a6ec39af7c4c4c681804","69d7901e3430d13455efb336","69e8e953bd5e0bb8c4012632","<p style=""font-size: 60px; font-family: FragmentMono"">DJZJGLY</p>","","","training","","","","","","",""
"null","null","html-keyboard-response","60","160611","0.0-7.0-0.53","69c2a6ec39af7c4c4c681804","69d7901e3430d13455efb336","69e8e953bd5e0bb8c4012632","<p style=""font-size: 60px; font-family: FragmentMono"">XNJUTHW</p>","","","training","","","","","","",""
"null","null","html-keyboard-response","61","161625","0.0-7.0-0.54","69c2a6ec39af7c4c4c681804","69d7901e3430d13455efb336","69e8e953bd5e0bb8c4012632","<p style=""font-size: 60px; font-family: FragmentMono"">UXVTIKSL</p>","","","training","","","","","","",""
"null","null","html-keyboard-response","62","162626","0.0-7.0-0.55","69c2a6ec39af7c4c4c681804","69d7901e3430d13455efb336","69e8e953bd5e0bb8c4012632","<p style=""font-size: 60px; font-family: FragmentMono"">JXTJXTHW</p>","","","training","","","","","","",""
"null","null","html-keyboard-response","63","163642","0.0-7.0-0.56","69c2a6ec39af7c4c4c681804","69d7901e3430d13455efb336","69e8e953bd5e0bb8c4012632","<p style=""font-size: 60px; font-family: FragmentMono"">WAEMIRBO</p>","","","training","","","","","","",""
"null","null","html-keyboard-response","64","164643","0.0-7.0-0.57","69c2a6ec39af7c4c4c681804","69d7901e3430d13455efb336","69e8e953bd5e0bb8c4012632","<p style=""font-size: 60px; font-family: FragmentMono"">XQXQFEYOG</p>","","","training","","","","","","",""
"null","null","html-keyboard-response","65","165644","0.0-7.0-0.58","69c2a6ec39af7c4c4c681804","69d7901e3430d13455efb336","69e8e953bd5e0bb8c4012632","<p style=""font-size: 60px; font-family: FragmentMono"">LYEATHW</p>","","","training","","","","","","",""
"null","null","html-keyboard-response","66","166655","0.0-7.0-0.59","69c2a6ec39af7c4c4c681804","69d7901e3430d13455efb336","69e8e953bd5e0bb8c4012632","<p style=""font-size: 60px; font-family: FragmentMono"">OSHEZQFMC</p>","","","training","","","","","","",""
"null","null","html-keyboard-response","67","167665","0.0-7.0-0.60","69c2a6ec39af7c4c4c681804","69d7901e3430d13455efb336","69e8e953bd5e0bb8c4012632","<p style=""font-size: 60px; font-family: FragmentMono"">TUSOGPSU</p>","","","training","","","","","","",""
"null","null","html-keyboard-response","68","168673","0.0-7.0-0.61","69c2a6ec39af7c4c4c681804","69d7901e3430d13455efb336","69e8e953bd5e0bb8c4012632","<p style=""font-size: 60px; font-family: FragmentMono"">VEVCHRBO</p>","","","training","","","","","","",""
"null","null","html-keyboard-response","69","169674","0.0-7.0-0.62","69c2a6ec39af7c4c4c681804","69d7901e3430d13455efb336","69e8e953bd5e0bb8c4012632","<p style=""font-size: 60px; font-family: FragmentMono"">IDKYXKQW</p>","","","training","","","","","","",""
"null","null","html-keyboard-response","70","170676","0.0-7.0-0.63","69c2a6ec39af7c4c4c681804","69d7901e3430d13455efb336","69e8e953bd5e0bb8c4012632","<p style=""font-size: 60px; font-family: FragmentMono"">LYEAEYOG</p>","","","training","","","","","","",""
"null","null","html-keyboard-response","71","171689","0.0-7.0-0.64","69c2a6ec39af7c4c4c681804","69d7901e3430d13455efb336","69e8e953bd5e0bb8c4012632","<p style=""font-size: 60px; font-family: FragmentMono"">UXWLPSU</p>","","","training","","","","","","",""
"null","null","html-keyboard-response","72","172690","0.0-7.0-0.65","69c2a6ec39af7c4c4c681804","69d7901e3430d13455efb336","69e8e953bd5e0bb8c4012632","<p style=""font-size: 60px; font-family: FragmentMono"">KSBZJEYOG</p>","","","training","","","","","","",""
"null","null","html-keyboard-response","73","173703","0.0-7.0-0.66","69c2a6ec39af7c4c4c681804","69d7901e3430d13455efb336","69e8e953bd5e0bb8c4012632","<p style=""font-size: 60px; font-family: FragmentMono"">WAEMIPSU</p>","","","training","","","","","","",""
"null","null","html-keyboard-response","74","174707","0.0-7.0-0.67","69c2a6ec39af7c4c4c681804","69d7901e3430d13455efb336","69e8e953bd5e0bb8c4012632","<p style=""font-size: 60px; font-family: FragmentMono"">NTGLGCAVY</p>","","","training","","","","","","",""
"null","null","html-keyboard-response","75","175721","0.0-7.0-0.68","69c2a6ec39af7c4c4c681804","69d7901e3430d13455efb336","69e8e953bd5e0bb8c4012632","<p style=""font-size: 60px; font-family: FragmentMono"">RGWFWKQW</p>","","","training","","","","","","",""
"null","null","html-keyboard-response","76","176731","0.0-7.0-0.69","69c2a6ec39af7c4c4c681804","69d7901e3430d13455efb336","69e8e953bd5e0bb8c4012632","<p style=""font-size: 60px; font-family: FragmentMono"">IDKYXCAVY</p>","","","training","","","","","","",""
"null","null","html-keyboard-response","77","177743","0.0-7.0-0.70","69c2a6ec39af7c4c4c681804","69d7901e3430d13455efb336","69e8e953bd5e0bb8c4012632","<p style=""font-size: 60px; font-family: FragmentMono"">XQXQFGLY</p>","","","training","","","","","","",""
"null","null","html-keyboard-response","78","178750","0.0-7.0-0.71","69c2a6ec39af7c4c4c681804","69d7901e3430d13455efb336","69e8e953bd5e0bb8c4012632","<p style=""font-size: 60px; font-family: FragmentMono"">OSHEZEYOG</p>","","","training","","","","","","",""
"null","null","html-keyboard-response","79","179751","0.0-7.0-0.72","69c2a6ec39af7c4c4c681804","69d7901e3430d13455efb336","69e8e953bd5e0bb8c4012632","<p style=""font-size: 60px; font-family: FragmentMono"">FDMJCKSL</p>","","","training","","","","","","",""
"null","null","html-keyboard-response","80","180752","0.0-7.0-0.73","69c2a6ec39af7c4c4c681804","69d7901e3430d13455efb336","69e8e953bd5e0bb8c4012632","<p style=""font-size: 60px; font-family: FragmentMono"">XNJUQFMC</p>","","","training","","","","","","",""
"null","null","html-keyboard-response","81","181753","0.0-7.0-0.74","69c2a6ec39af7c4c4c681804","69d7901e3430d13455efb336","69e8e953bd5e0bb8c4012632","<p style=""font-size: 60px; font-family: FragmentMono"">FDMJCGLY</p>","","","training","","","","","","",""
"null","null","html-keyboard-response","82","182754","0.0-7.0-0.75","69c2a6ec39af7c4c4c681804","69d7901e3430d13455efb336","69e8e953bd5e0bb8c4012632","<p style=""font-size: 60px; font-family: FragmentMono"">WRGAMCAVY</p>","","","training","","","","","","",""
"null","null","html-keyboard-response","83","183768","0.0-7.0-0.76","69c2a6ec39af7c4c4c681804","69d7901e3430d13455efb336","69e8e953bd5e0bb8c4012632","<p style=""font-size: 60px; font-family: FragmentMono"">XQXQFTHW</p>","","","training","","","","","","",""
"null","null","html-keyboard-response","84","184782","0.0-7.0-0.77","69c2a6ec39af7c4c4c681804","69d7901e3430d13455efb336","69e8e953bd5e0bb8c4012632","<p style=""font-size: 60px; font-family: FragmentMono"">DJZJQFMC</p>","","","training","","","","","","",""
"null","null","html-keyboard-response","85","185795","0.0-7.0-0.78","69c2a6ec39af7c4c4c681804","69d7901e3430d13455efb336","69e8e953bd5e0bb8c4012632","<p style=""font-size: 60px; font-family: FragmentMono"">NTGLGRBO</p>","","","training","","","","","","",""
"null","null","html-keyboard-response","86","186805","0.0-7.0-0.79","69c2a6ec39af7c4c4c681804","69d7901e3430d13455efb336","69e8e953bd5e0bb8c4012632","<p style=""font-size: 60px; font-family: FragmentMono"">RGWFWJXPX</p>","","","training","","","","","","",""
"175230"," ","html-keyboard-response","87","362035","0.0-8.0","69c2a6ec39af7c4c4c681804","69d7901e3430d13455efb336","69e8e953bd5e0bb8c4012632","<p style=""font-size: 30px"">Great, you've seen the first block of words. You may now take a short break.</p>
      <p style=""font-size: 30px"">Press the spacebar when you're ready to continue.</p>","","","","","","","","","",""
"null","null","html-keyboard-response","88","363049","0.0-9.0-0.0","69c2a6ec39af7c4c4c681804","69d7901e3430d13455efb336","69e8e953bd5e0bb8c4012632","<p style=""font-size: 60px; font-family: FragmentMono"">NTGLGCAVY</p>","","","training","","","","","","",""
"null","null","html-keyboard-response","89","364051","0.0-9.0-0.1","69c2a6ec39af7c4c4c681804","69d7901e3430d13455efb336","69e8e953bd5e0bb8c4012632","<p style=""font-size: 60px; font-family: FragmentMono"">VEVCHPSU</p>","","","training","","","","","","",""
"null","null","html-keyboard-response","90","365052","0.0-9.0-0.2","69c2a6ec39af7c4c4c681804","69d7901e3430d13455efb336","69e8e953bd5e0bb8c4012632","<p style=""font-size: 60px; font-family: FragmentMono"">XQXQFGLY</p>","","","training","","","","","","",""
"null","null","html-keyboard-response","91","366064","0.0-9.0-0.3","69c2a6ec39af7c4c4c681804","69d7901e3430d13455efb336","69e8e953bd5e0bb8c4012632","<p style=""font-size: 60px; font-family: FragmentMono"">RGWFWCAVY</p>","","","training","","","","","","",""
"null","null","html-keyboard-response","92","367077","0.0-9.0-0.4","69c2a6ec39af7c4c4c681804","69d7901e3430d13455efb336","69e8e953bd5e0bb8c4012632","<p style=""font-size: 60px; font-family: FragmentMono"">JXTJXGLY</p>","","","training","","","","","","",""
"null","null","html-keyboard-response","93","368086","0.0-9.0-0.5","69c2a6ec39af7c4c4c681804","69d7901e3430d13455efb336","69e8e953bd5e0bb8c4012632","<p style=""font-size: 60px; font-family: FragmentMono"">WRGAMJXPX</p>","","","training","","","","","","",""
"null","null","html-keyboard-response","94","369097","0.0-9.0-0.6","69c2a6ec39af7c4c4c681804","69d7901e3430d13455efb336","69e8e953bd5e0bb8c4012632","<p style=""font-size: 60px; font-family: FragmentMono"">UXWLRBO</p>","","","training","","","","","","",""
"null","null","html-keyboard-response","95","370103","0.0-9.0-0.7","69c2a6ec39af7c4c4c681804","69d7901e3430d13455efb336","69e8e953bd5e0bb8c4012632","<p style=""font-size: 60px; font-family: FragmentMono"">TQITPSU</p>","","","training","","","","","","",""
"null","null","html-keyboard-response","96","371115","0.0-9.0-0.8","69c2a6ec39af7c4c4c681804","69d7901e3430d13455efb336","69e8e953bd5e0bb8c4012632","<p style=""font-size: 60px; font-family: FragmentMono"">TUSOGRBO</p>","","","training","","","","","","",""
"null","null","html-keyboard-response","97","372117","0.0-9.0-0.9","69c2a6ec39af7c4c4c681804","69d7901e3430d13455efb336","69e8e953bd5e0bb8c4012632","<p style=""font-size: 60px; font-family: FragmentMono"">VEVCHKQW</p>","","","training","","","","","","",""
"null","null","html-keyboard-response","98","373126","0.0-9.0-0.10","69c2a6ec39af7c4c4c681804","69d7901e3430d13455efb336","69e8e953bd5e0bb8c4012632","<p style=""font-size: 60px; font-family: FragmentMono"">OSHEZQFMC</p>","","","training","","","","","","",""
"null","null","html-keyboard-response","99","374128","0.0-9.0-0.11","69c2a6ec39af7c4c4c681804","69d7901e3430d13455efb336","69e8e953bd5e0bb8c4012632","<p style=""font-size: 60px; font-family: FragmentMono"">WAEMIJXPX</p>","","","training","","","","","","",""
"null","null","html-keyboard-response","100","375136","0.0-9.0-0.12","69c2a6ec39af7c4c4c681804","69d7901e3430d13455efb336","69e8e953bd5e0bb8c4012632","<p style=""font-size: 60px; font-family: FragmentMono"">TQITCAVY</p>","","","training","","","","","","",""
"null","null","html-keyboard-response","101","376145","0.0-9.0-0.13","69c2a6ec39af7c4c4c681804","69d7901e3430d13455efb336","69e8e953bd5e0bb8c4012632","<p style=""font-size: 60px; font-family: FragmentMono"">WAEMIRBO</p>","","","training","","","","","","",""
"null","null","html-keyboard-response","102","377158","0.0-9.0-0.14","69c2a6ec39af7c4c4c681804","69d7901e3430d13455efb336","69e8e953bd5e0bb8c4012632","<p style=""font-size: 60px; font-family: FragmentMono"">KSBZJTHW</p>","","","training","","","","","","",""
"null","null","html-keyboard-response","103","378159","0.0-9.0-0.15","69c2a6ec39af7c4c4c681804","69d7901e3430d13455efb336","69e8e953bd5e0bb8c4012632","<p style=""font-size: 60px; font-family: FragmentMono"">BIWIKQW</p>","","","training","","","","","","",""
"null","null","html-keyboard-response","104","379160","0.0-9.0-0.16","69c2a6ec39af7c4c4c681804","69d7901e3430d13455efb336","69e8e953bd5e0bb8c4012632","<p style=""font-size: 60px; font-family: FragmentMono"">FDMJCGLY</p>","","","training","","","","","","",""
"null","null","html-keyboard-response","105","380175","0.0-9.0-0.17","69c2a6ec39af7c4c4c681804","69d7901e3430d13455efb336","69e8e953bd5e0bb8c4012632","<p style=""font-size: 60px; font-family: FragmentMono"">UXWLPSU</p>","","","training","","","","","","",""
"null","null","html-keyboard-response","106","381176","0.0-9.0-0.18","69c2a6ec39af7c4c4c681804","69d7901e3430d13455efb336","69e8e953bd5e0bb8c4012632","<p style=""font-size: 60px; font-family: FragmentMono"">BIWIJXPX</p>","","","training","","","","","","",""
"null","null","html-keyboard-response","107","382177","0.0-9.0-0.19","69c2a6ec39af7c4c4c681804","69d7901e3430d13455efb336","69e8e953bd5e0bb8c4012632","<p style=""font-size: 60px; font-family: FragmentMono"">BABJTHW</p>","","","training","","","","","","",""
"null","null","html-keyboard-response","108","383179","0.0-9.0-0.20","69c2a6ec39af7c4c4c681804","69d7901e3430d13455efb336","69e8e953bd5e0bb8c4012632","<p style=""font-size: 60px; font-family: FragmentMono"">DJZJEYOG</p>","","","training","","","","","","",""
"null","null","html-keyboard-response","109","384191","0.0-9.0-0.21","69c2a6ec39af7c4c4c681804","69d7901e3430d13455efb336","69e8e953bd5e0bb8c4012632","<p style=""font-size: 60px; font-family: FragmentMono"">RGWFWPSU</p>","","","training","","","","","","",""
"null","null","html-keyboard-response","110","385202","0.0-9.0-0.22","69c2a6ec39af7c4c4c681804","69d7901e3430d13455efb336","69e8e953bd5e0bb8c4012632","<p style=""font-size: 60px; font-family: FragmentMono"">TUSOGCAVY</p>","","","training","","","","","","",""
"null","null","html-keyboard-response","111","386204","0.0-9.0-0.23","69c2a6ec39af7c4c4c681804","69d7901e3430d13455efb336","69e8e953bd5e0bb8c4012632","<p style=""font-size: 60px; font-family: FragmentMono"">XQXQFTHW</p>","","","training","","","","","","",""
"null","null","html-keyboard-response","112","387211","0.0-9.0-0.24","69c2a6ec39af7c4c4c681804","69d7901e3430d13455efb336","69e8e953bd5e0bb8c4012632","<p style=""font-size: 60px; font-family: FragmentMono"">TUSOGPSU</p>","","","training","","","","","","",""
"null","null","html-keyboard-response","113","388213","0.0-9.0-0.25","69c2a6ec39af7c4c4c681804","69d7901e3430d13455efb336","69e8e953bd5e0bb8c4012632","<p style=""font-size: 60px; font-family: FragmentMono"">XQXQFEYOG</p>","","","training","","","","","","",""
"null","null","html-keyboard-response","114","389214","0.0-9.0-0.26","69c2a6ec39af7c4c4c681804","69d7901e3430d13455efb336","69e8e953bd5e0bb8c4012632","<p style=""font-size: 60px; font-family: FragmentMono"">TUSOGKQW</p>","","","training","","","","","","",""
"null","null","html-keyboard-response","115","390215","0.0-9.0-0.27","69c2a6ec39af7c4c4c681804","69d7901e3430d13455efb336","69e8e953bd5e0bb8c4012632","<p style=""font-size: 60px; font-family: FragmentMono"">DJZJQFMC</p>","","","training","","","","","","",""
"null","null","html-keyboard-response","116","391216","0.0-9.0-0.28","69c2a6ec39af7c4c4c681804","69d7901e3430d13455efb336","69e8e953bd5e0bb8c4012632","<p style=""font-size: 60px; font-family: FragmentMono"">RGWFWKQW</p>","","","training","","","","","","",""
"null","null","html-keyboard-response","117","392217","0.0-9.0-0.29","69c2a6ec39af7c4c4c681804","69d7901e3430d13455efb336","69e8e953bd5e0bb8c4012632","<p style=""font-size: 60px; font-family: FragmentMono"">OSHEZGLY</p>","","","training","","","","","","",""
"null","null","html-keyboard-response","118","393219","0.0-9.0-0.30","69c2a6ec39af7c4c4c681804","69d7901e3430d13455efb336","69e8e953bd5e0bb8c4012632","<p style=""font-size: 60px; font-family: FragmentMono"">LYEAQFMC</p>","","","training","","","","","","",""
"null","null","html-keyboard-response","119","394219","0.0-9.0-0.31","69c2a6ec39af7c4c4c681804","69d7901e3430d13455efb336","69e8e953bd5e0bb8c4012632","<p style=""font-size: 60px; font-family: FragmentMono"">RGWFWJXPX</p>","","","training","","","","","","",""
"null","null","html-keyboard-response","120","395236","0.0-9.0-0.32","69c2a6ec39af7c4c4c681804","69d7901e3430d13455efb336","69e8e953bd5e0bb8c4012632","<p style=""font-size: 60px; font-family: FragmentMono"">WRGAMCAVY</p>","","","training","","","","","","",""
"null","null","html-keyboard-response","121","396247","0.0-9.0-0.33","69c2a6ec39af7c4c4c681804","69d7901e3430d13455efb336","69e8e953bd5e0bb8c4012632","<p style=""font-size: 60px; font-family: FragmentMono"">FDMJCQFMC</p>","","","training","","","","","","",""
"null","null","html-keyboard-response","122","397248","0.0-9.0-0.34","69c2a6ec39af7c4c4c681804","69d7901e3430d13455efb336","69e8e953bd5e0bb8c4012632","<p style=""font-size: 60px; font-family: FragmentMono"">UXVTIEYOG</p>","","","training","","","","","","",""
"null","null","html-keyboard-response","123","398249","0.0-9.0-0.35","69c2a6ec39af7c4c4c681804","69d7901e3430d13455efb336","69e8e953bd5e0bb8c4012632","<p style=""font-size: 60px; font-family: FragmentMono"">BIWICAVY</p>","","","training","","","","","","",""
"null","null","html-keyboard-response","124","399251","0.0-9.0-0.36","69c2a6ec39af7c4c4c681804","69d7901e3430d13455efb336","69e8e953bd5e0bb8c4012632","<p style=""font-size: 60px; font-family: FragmentMono"">UXWLKQW</p>","","","training","","","","","","",""
"null","null","html-keyboard-response","125","400263","0.0-9.0-0.37","69c2a6ec39af7c4c4c681804","69d7901e3430d13455efb336","69e8e953bd5e0bb8c4012632","<p style=""font-size: 60px; font-family: FragmentMono"">JXTJXKSL</p>","","","training","","","","","","",""
"null","null","html-keyboard-response","126","401269","0.0-9.0-0.38","69c2a6ec39af7c4c4c681804","69d7901e3430d13455efb336","69e8e953bd5e0bb8c4012632","<p style=""font-size: 60px; font-family: FragmentMono"">BABJEYOG</p>","","","training","","","","","","",""
"null","null","html-keyboard-response","127","402270","0.0-9.0-0.39","69c2a6ec39af7c4c4c681804","69d7901e3430d13455efb336","69e8e953bd5e0bb8c4012632","<p style=""font-size: 60px; font-family: FragmentMono"">IDKYXCAVY</p>","","","training","","","","","","",""
"null","null","html-keyboard-response","128","403274","0.0-9.0-0.40","69c2a6ec39af7c4c4c681804","69d7901e3430d13455efb336","69e8e953bd5e0bb8c4012632","<p style=""font-size: 60px; font-family: FragmentMono"">XNJUKSL</p>","","","training","","","","","","",""
"null","null","html-keyboard-response","129","404287","0.0-9.0-0.41","69c2a6ec39af7c4c4c681804","69d7901e3430d13455efb336","69e8e953bd5e0bb8c4012632","<p style=""font-size: 60px; font-family: FragmentMono"">NTGLGKQW</p>","","","training","","","","","","",""
"null","null","html-keyboard-response","130","405287","0.0-9.0-0.42","69c2a6ec39af7c4c4c681804","69d7901e3430d13455efb336","69e8e953bd5e0bb8c4012632","<p style=""font-size: 60px; font-family: FragmentMono"">VEVCHRBO</p>","","","training","","","","","","",""
"null","null","html-keyboard-response","131","406288","0.0-9.0-0.43","69c2a6ec39af7c4c4c681804","69d7901e3430d13455efb336","69e8e953bd5e0bb8c4012632","<p style=""font-size: 60px; font-family: FragmentMono"">IDKYXJXPX</p>","","","training","","","","","","",""
"null","null","html-keyboard-response","132","407290","0.0-9.0-0.44","69c2a6ec39af7c4c4c681804","69d7901e3430d13455efb336","69e8e953bd5e0bb8c4012632","<p style=""font-size: 60px; font-family: FragmentMono"">OSHEZEYOG</p>","","","training","","","","","","",""
"null","null","html-keyboard-response","133","408290","0.0-9.0-0.45","69c2a6ec39af7c4c4c681804","69d7901e3430d13455efb336","69e8e953bd5e0bb8c4012632","<p style=""font-size: 60px; font-family: FragmentMono"">JXTJXQFMC</p>","","","training","","","","","","",""
"null","null","html-keyboard-response","134","409302","0.0-9.0-0.46","69c2a6ec39af7c4c4c681804","69d7901e3430d13455efb336","69e8e953bd5e0bb8c4012632","<p style=""font-size: 60px; font-family: FragmentMono"">KSBZJEYOG</p>","","","training","","","","","","",""
"null","null","html-keyboard-response","135","410313","0.0-9.0-0.47","69c2a6ec39af7c4c4c681804","69d7901e3430d13455efb336","69e8e953bd5e0bb8c4012632","<p style=""font-size: 60px; font-family: FragmentMono"">FDMJCKSL</p>","","","training","","","","","","",""
"null","null","html-keyboard-response","136","411315","0.0-9.0-0.48","69c2a6ec39af7c4c4c681804","69d7901e3430d13455efb336","69e8e953bd5e0bb8c4012632","<p style=""font-size: 60px; font-family: FragmentMono"">DJZJGLY</p>","","","training","","","","","","",""
"null","null","html-keyboard-response","137","412317","0.0-9.0-0.49","69c2a6ec39af7c4c4c681804","69d7901e3430d13455efb336","69e8e953bd5e0bb8c4012632","<p style=""font-size: 60px; font-family: FragmentMono"">LYEAKSL</p>","","","training","","","","","","",""
"null","null","html-keyboard-response","138","413318","0.0-9.0-0.50","69c2a6ec39af7c4c4c681804","69d7901e3430d13455efb336","69e8e953bd5e0bb8c4012632","<p style=""font-size: 60px; font-family: FragmentMono"">TQITKQW</p>","","","training","","","","","","",""
"null","null","html-keyboard-response","139","414319","0.0-9.0-0.51","69c2a6ec39af7c4c4c681804","69d7901e3430d13455efb336","69e8e953bd5e0bb8c4012632","<p style=""font-size: 60px; font-family: FragmentMono"">UXVTIQFMC</p>","","","training","","","","","","",""
"null","null","html-keyboard-response","140","415324","0.0-9.0-0.52","69c2a6ec39af7c4c4c681804","69d7901e3430d13455efb336","69e8e953bd5e0bb8c4012632","<p style=""font-size: 60px; font-family: FragmentMono"">XNJUGLY</p>","","","training","","","","","","",""
"null","null","html-keyboard-response","141","416336","0.0-9.0-0.53","69c2a6ec39af7c4c4c681804","69d7901e3430d13455efb336","69e8e953bd5e0bb8c4012632","<p style=""font-size: 60px; font-family: FragmentMono"">WRGAMPSU</p>","","","training","","","","","","",""
"null","null","html-keyboard-response","142","417344","0.0-9.0-0.54","69c2a6ec39af7c4c4c681804","69d7901e3430d13455efb336","69e8e953bd5e0bb8c4012632","<p style=""font-size: 60px; font-family: FragmentMono"">JXTJXTHW</p>","","","training","","","","","","",""
"null","null","html-keyboard-response","143","418352","0.0-9.0-0.55","69c2a6ec39af7c4c4c681804","69d7901e3430d13455efb336","69e8e953bd5e0bb8c4012632","<p style=""font-size: 60px; font-family: FragmentMono"">LYEAEYOG</p>","","","training","","","","","","",""
"null","null","html-keyboard-response","144","419354","0.0-9.0-0.56","69c2a6ec39af7c4c4c681804","69d7901e3430d13455efb336","69e8e953bd5e0bb8c4012632","<p style=""font-size: 60px; font-family: FragmentMono"">KSBZJGLY</p>","","","training","","","","","","",""
"null","null","html-keyboard-response","145","420355","0.0-9.0-0.57","69c2a6ec39af7c4c4c681804","69d7901e3430d13455efb336","69e8e953bd5e0bb8c4012632","<p style=""font-size: 60px; font-family: FragmentMono"">XQXQFKSL</p>","","","training","","","","","","",""
"null","null","html-keyboard-response","146","421356","0.0-9.0-0.58","69c2a6ec39af7c4c4c681804","69d7901e3430d13455efb336","69e8e953bd5e0bb8c4012632","<p style=""font-size: 60px; font-family: FragmentMono"">OSHEZTHW</p>","","","training","","","","","","",""
"null","null","html-keyboard-response","147","422358","0.0-9.0-0.59","69c2a6ec39af7c4c4c681804","69d7901e3430d13455efb336","69e8e953bd5e0bb8c4012632","<p style=""font-size: 60px; font-family: FragmentMono"">VEVCHJXPX</p>","","","training","","","","","","",""
"null","null","html-keyboard-response","148","423367","0.0-9.0-0.60","69c2a6ec39af7c4c4c681804","69d7901e3430d13455efb336","69e8e953bd5e0bb8c4012632","<p style=""font-size: 60px; font-family: FragmentMono"">TQITRBO</p>","","","training","","","","","","",""
"null","null","html-keyboard-response","149","424368","0.0-9.0-0.61","69c2a6ec39af7c4c4c681804","69d7901e3430d13455efb336","69e8e953bd5e0bb8c4012632","<p style=""font-size: 60px; font-family: FragmentMono"">LYEATHW</p>","","","training","","","","","","",""
"null","null","html-keyboard-response","150","425369","0.0-9.0-0.62","69c2a6ec39af7c4c4c681804","69d7901e3430d13455efb336","69e8e953bd5e0bb8c4012632","<p style=""font-size: 60px; font-family: FragmentMono"">NTGLGJXPX</p>","","","training","","","","","","",""
"null","null","html-keyboard-response","151","426371","0.0-9.0-0.63","69c2a6ec39af7c4c4c681804","69d7901e3430d13455efb336","69e8e953bd5e0bb8c4012632","<p style=""font-size: 60px; font-family: FragmentMono"">UXVTITHW</p>","","","training","","","","","","",""
"null","null","html-keyboard-response","152","427372","0.0-9.0-0.64","69c2a6ec39af7c4c4c681804","69d7901e3430d13455efb336","69e8e953bd5e0bb8c4012632","<p style=""font-size: 60px; font-family: FragmentMono"">WAEMICAVY</p>","","","training","","","","","","",""
"null","null","html-keyboard-response","153","428385","0.0-9.0-0.65","69c2a6ec39af7c4c4c681804","69d7901e3430d13455efb336","69e8e953bd5e0bb8c4012632","<p style=""font-size: 60px; font-family: FragmentMono"">NTGLGRBO</p>","","","training","","","","","","",""
"null","null","html-keyboard-response","154","429394","0.0-9.0-0.66","69c2a6ec39af7c4c4c681804","69d7901e3430d13455efb336","69e8e953bd5e0bb8c4012632","<p style=""font-size: 60px; font-family: FragmentMono"">KSBZJQFMC</p>","","","training","","","","","","",""
"null","null","html-keyboard-response","155","430396","0.0-9.0-0.67","69c2a6ec39af7c4c4c681804","69d7901e3430d13455efb336","69e8e953bd5e0bb8c4012632","<p style=""font-size: 60px; font-family: FragmentMono"">UXVTIKSL</p>","","","training","","","","","","",""
"null","null","html-keyboard-response","156","431397","0.0-9.0-0.68","69c2a6ec39af7c4c4c681804","69d7901e3430d13455efb336","69e8e953bd5e0bb8c4012632","<p style=""font-size: 60px; font-family: FragmentMono"">WAEMIPSU</p>","","","training","","","","","","",""
"null","null","html-keyboard-response","157","432406","0.0-9.0-0.69","69c2a6ec39af7c4c4c681804","69d7901e3430d13455efb336","69e8e953bd5e0bb8c4012632","<p style=""font-size: 60px; font-family: FragmentMono"">BABJGLY</p>","","","training","","","","","","",""
"null","null","html-keyboard-response","158","433407","0.0-9.0-0.70","69c2a6ec39af7c4c4c681804","69d7901e3430d13455efb336","69e8e953bd5e0bb8c4012632","<p style=""font-size: 60px; font-family: FragmentMono"">IDKYXPSU</p>","","","training","","","","","","",""
"null","null","html-keyboard-response","159","434409","0.0-9.0-0.71","69c2a6ec39af7c4c4c681804","69d7901e3430d13455efb336","69e8e953bd5e0bb8c4012632","<p style=""font-size: 60px; font-family: FragmentMono"">UXWLJXPX</p>","","","training","","","","","","",""
"null","null","html-keyboard-response","160","435425","0.0-9.0-0.72","69c2a6ec39af7c4c4c681804","69d7901e3430d13455efb336","69e8e953bd5e0bb8c4012632","<p style=""font-size: 60px; font-family: FragmentMono"">DJZJKSL</p>","","","training","","","","","","",""
"null","null","html-keyboard-response","161","436432","0.0-9.0-0.73","69c2a6ec39af7c4c4c681804","69d7901e3430d13455efb336","69e8e953bd5e0bb8c4012632","<p style=""font-size: 60px; font-family: FragmentMono"">XNJUTHW</p>","","","training","","","","","","",""
"null","null","html-keyboard-response","162","437441","0.0-9.0-0.74","69c2a6ec39af7c4c4c681804","69d7901e3430d13455efb336","69e8e953bd5e0bb8c4012632","<p style=""font-size: 60px; font-family: FragmentMono"">FDMJCEYOG</p>","","","training","","","","","","",""
"null","null","html-keyboard-response","163","438449","0.0-9.0-0.75","69c2a6ec39af7c4c4c681804","69d7901e3430d13455efb336","69e8e953bd5e0bb8c4012632","<p style=""font-size: 60px; font-family: FragmentMono"">XNJUQFMC</p>","","","training","","","","","","",""
"null","null","html-keyboard-response","164","439450","0.0-9.0-0.76","69c2a6ec39af7c4c4c681804","69d7901e3430d13455efb336","69e8e953bd5e0bb8c4012632","<p style=""font-size: 60px; font-family: FragmentMono"">IDKYXKQW</p>","","","training","","","","","","",""
"null","null","html-keyboard-response","165","440457","0.0-9.0-0.77","69c2a6ec39af7c4c4c681804","69d7901e3430d13455efb336","69e8e953bd5e0bb8c4012632","<p style=""font-size: 60px; font-family: FragmentMono"">WRGAMRBO</p>","","","training","","","","","","",""
"null","null","html-keyboard-response","166","441457","0.0-9.0-0.78","69c2a6ec39af7c4c4c681804","69d7901e3430d13455efb336","69e8e953bd5e0bb8c4012632","<p style=""font-size: 60px; font-family: FragmentMono"">BABJKSL</p>","","","training","","","","","","",""
"null","null","html-keyboard-response","167","442473","0.0-9.0-0.79","69c2a6ec39af7c4c4c681804","69d7901e3430d13455efb336","69e8e953bd5e0bb8c4012632","<p style=""font-size: 60px; font-family: FragmentMono"">BIWIRBO</p>","","","training","","","","","","",""
"224133"," ","html-keyboard-response","168","666606","0.0-10.0","69c2a6ec39af7c4c4c681804","69d7901e3430d13455efb336","69e8e953bd5e0bb8c4012632","<p style=""font-size: 30px"">Great, you've seen the second block of words. You may now take a short break.</p>
      <p style=""font-size: 30px"">Press the spacebar when you're ready to continue.</p>","","","","","","","","","",""
"null","null","html-keyboard-response","169","667608","0.0-11.0-0.0","69c2a6ec39af7c4c4c681804","69d7901e3430d13455efb336","69e8e953bd5e0bb8c4012632","<p style=""font-size: 60px; font-family: FragmentMono"">TQITKQW</p>","","","training","","","","","","",""
"null","null","html-keyboard-response","170","668617","0.0-11.0-0.1","69c2a6ec39af7c4c4c681804","69d7901e3430d13455efb336","69e8e953bd5e0bb8c4012632","<p style=""font-size: 60px; font-family: FragmentMono"">VEVCHJXPX</p>","","","training","","","","","","",""
"null","null","html-keyboard-response","171","669627","0.0-11.0-0.2","69c2a6ec39af7c4c4c681804","69d7901e3430d13455efb336","69e8e953bd5e0bb8c4012632","<p style=""font-size: 60px; font-family: FragmentMono"">BIWIKQW</p>","","","training","","","","","","",""
"null","null","html-keyboard-response","172","670631","0.0-11.0-0.3","69c2a6ec39af7c4c4c681804","69d7901e3430d13455efb336","69e8e953bd5e0bb8c4012632","<p style=""font-size: 60px; font-family: FragmentMono"">KSBZJGLY</p>","","","training","","","","","","",""
"null","null","html-keyboard-response","173","671640","0.0-11.0-0.4","69c2a6ec39af7c4c4c681804","69d7901e3430d13455efb336","69e8e953bd5e0bb8c4012632","<p style=""font-size: 60px; font-family: FragmentMono"">VEVCHPSU</p>","","","training","","","","","","",""
"null","null","html-keyboard-response","174","672641","0.0-11.0-0.5","69c2a6ec39af7c4c4c681804","69d7901e3430d13455efb336","69e8e953bd5e0bb8c4012632","<p style=""font-size: 60px; font-family: FragmentMono"">TQITCAVY</p>","","","training","","","","","","",""
"null","null","html-keyboard-response","175","673643","0.0-11.0-0.6","69c2a6ec39af7c4c4c681804","69d7901e3430d13455efb336","69e8e953bd5e0bb8c4012632","<p style=""font-size: 60px; font-family: FragmentMono"">NTGLGRBO</p>","","","training","","","","","","",""
"null","null","html-keyboard-response","176","674645","0.0-11.0-0.7","69c2a6ec39af7c4c4c681804","69d7901e3430d13455efb336","69e8e953bd5e0bb8c4012632","<p style=""font-size: 60px; font-family: FragmentMono"">XQXQFKSL</p>","","","training","","","","","","",""
"null","null","html-keyboard-response","177","675649","0.0-11.0-0.8","69c2a6ec39af7c4c4c681804","69d7901e3430d13455efb336","69e8e953bd5e0bb8c4012632","<p style=""font-size: 60px; font-family: FragmentMono"">WRGAMRBO</p>","","","training","","","","","","",""
"null","null","html-keyboard-response","178","676661","0.0-11.0-0.9","69c2a6ec39af7c4c4c681804","69d7901e3430d13455efb336","69e8e953bd5e0bb8c4012632","<p style=""font-size: 60px; font-family: FragmentMono"">LYEAQFMC</p>","","","training","","","","","","",""
"null","null","html-keyboard-response","179","677674","0.0-11.0-0.10","69c2a6ec39af7c4c4c681804","69d7901e3430d13455efb336","69e8e953bd5e0bb8c4012632","<p style=""font-size: 60px; font-family: FragmentMono"">DJZJEYOG</p>","","","training","","","","","","",""
"null","null","html-keyboard-response","180","678683","0.0-11.0-0.11","69c2a6ec39af7c4c4c681804","69d7901e3430d13455efb336","69e8e953bd5e0bb8c4012632","<p style=""font-size: 60px; font-family: FragmentMono"">IDKYXKQW</p>","","","training","","","","","","",""
"null","null","html-keyboard-response","181","679684","0.0-11.0-0.12","69c2a6ec39af7c4c4c681804","69d7901e3430d13455efb336","69e8e953bd5e0bb8c4012632","<p style=""font-size: 60px; font-family: FragmentMono"">KSBZJEYOG</p>","","","training","","","","","","",""
"null","null","html-keyboard-response","182","680692","0.0-11.0-0.13","69c2a6ec39af7c4c4c681804","69d7901e3430d13455efb336","69e8e953bd5e0bb8c4012632","<p style=""font-size: 60px; font-family: FragmentMono"">LYEAKSL</p>","","","training","","","","","","",""
"null","null","html-keyboard-response","183","681693","0.0-11.0-0.14","69c2a6ec39af7c4c4c681804","69d7901e3430d13455efb336","69e8e953bd5e0bb8c4012632","<p style=""font-size: 60px; font-family: FragmentMono"">UXWLPSU</p>","","","training","","","","","","",""
"null","null","html-keyboard-response","184","682695","0.0-11.0-0.15","69c2a6ec39af7c4c4c681804","69d7901e3430d13455efb336","69e8e953bd5e0bb8c4012632","<p style=""font-size: 60px; font-family: FragmentMono"">VEVCHKQW</p>","","","training","","","","","","",""
"null","null","html-keyboard-response","185","683708","0.0-11.0-0.16","69c2a6ec39af7c4c4c681804","69d7901e3430d13455efb336","69e8e953bd5e0bb8c4012632","<p style=""font-size: 60px; font-family: FragmentMono"">WRGAMPSU</p>","","","training","","","","","","",""
"null","null","html-keyboard-response","186","684710","0.0-11.0-0.17","69c2a6ec39af7c4c4c681804","69d7901e3430d13455efb336","69e8e953bd5e0bb8c4012632","<p style=""font-size: 60px; font-family: FragmentMono"">NTGLGKQW</p>","","","training","","","","","","",""
"null","null","html-keyboard-response","187","685717","0.0-11.0-0.18","69c2a6ec39af7c4c4c681804","69d7901e3430d13455efb336","69e8e953bd5e0bb8c4012632","<p style=""font-size: 60px; font-family: FragmentMono"">BIWIRBO</p>","","","training","","","","","","",""
"null","null","html-keyboard-response","188","686718","0.0-11.0-0.19","69c2a6ec39af7c4c4c681804","69d7901e3430d13455efb336","69e8e953bd5e0bb8c4012632","<p style=""font-size: 60px; font-family: FragmentMono"">IDKYXCAVY</p>","","","training","","","","","","",""
"null","null","html-keyboard-response","189","687719","0.0-11.0-0.20","69c2a6ec39af7c4c4c681804","69d7901e3430d13455efb336","69e8e953bd5e0bb8c4012632","<p style=""font-size: 60px; font-family: FragmentMono"">DJZJKSL</p>","","","training","","","","","","",""
"null","null","html-keyboard-response","190","688720","0.0-11.0-0.21","69c2a6ec39af7c4c4c681804","69d7901e3430d13455efb336","69e8e953bd5e0bb8c4012632","<p style=""font-size: 60px; font-family: FragmentMono"">RGWFWPSU</p>","","","training","","","","","","",""
"null","null","html-keyboard-response","191","689721","0.0-11.0-0.22","69c2a6ec39af7c4c4c681804","69d7901e3430d13455efb336","69e8e953bd5e0bb8c4012632","<p style=""font-size: 60px; font-family: FragmentMono"">WAEMIRBO</p>","","","training","","","","","","",""
"null","null","html-keyboard-response","192","690723","0.0-11.0-0.23","69c2a6ec39af7c4c4c681804","69d7901e3430d13455efb336","69e8e953bd5e0bb8c4012632","<p style=""font-size: 60px; font-family: FragmentMono"">UXVTIEYOG</p>","","","training","","","","","","",""
"null","null","html-keyboard-response","193","691724","0.0-11.0-0.24","69c2a6ec39af7c4c4c681804","69d7901e3430d13455efb336","69e8e953bd5e0bb8c4012632","<p style=""font-size: 60px; font-family: FragmentMono"">TUSOGPSU</p>","","","training","","","","","","",""
"null","null","html-keyboard-response","194","692725","0.0-11.0-0.25","69c2a6ec39af7c4c4c681804","69d7901e3430d13455efb336","69e8e953bd5e0bb8c4012632","<p style=""font-size: 60px; font-family: FragmentMono"">LYEATHW</p>","","","training","","","","","","",""
"null","null","html-keyboard-response","195","693734","0.0-11.0-0.26","69c2a6ec39af7c4c4c681804","69d7901e3430d13455efb336","69e8e953bd5e0bb8c4012632","<p style=""font-size: 60px; font-family: FragmentMono"">RGWFWCAVY</p>","","","training","","","","","","",""
"null","null","html-keyboard-response","196","694747","0.0-11.0-0.27","69c2a6ec39af7c4c4c681804","69d7901e3430d13455efb336","69e8e953bd5e0bb8c4012632","<p style=""font-size: 60px; font-family: FragmentMono"">JXTJXQFMC</p>","","","training","","","","","","",""
"null","null","html-keyboard-response","197","695759","0.0-11.0-0.28","69c2a6ec39af7c4c4c681804","69d7901e3430d13455efb336","69e8e953bd5e0bb8c4012632","<p style=""font-size: 60px; font-family: FragmentMono"">NTGLGCAVY</p>","","","training","","","","","","",""
"null","null","html-keyboard-response","198","696770","0.0-11.0-0.29","69c2a6ec39af7c4c4c681804","69d7901e3430d13455efb336","69e8e953bd5e0bb8c4012632","<p style=""font-size: 60px; font-family: FragmentMono"">JXTJXTHW</p>","","","training","","","","","","",""
"null","null","html-keyboard-response","199","697781","0.0-11.0-0.30","69c2a6ec39af7c4c4c681804","69d7901e3430d13455efb336","69e8e953bd5e0bb8c4012632","<p style=""font-size: 60px; font-family: FragmentMono"">KSBZJQFMC</p>","","","training","","","","","","",""
"null","null","html-keyboard-response","200","698781","0.0-11.0-0.31","69c2a6ec39af7c4c4c681804","69d7901e3430d13455efb336","69e8e953bd5e0bb8c4012632","<p style=""font-size: 60px; font-family: FragmentMono"">OSHEZTHW</p>","","","training","","","","","","",""
"null","null","html-keyboard-response","201","699782","0.0-11.0-0.32","69c2a6ec39af7c4c4c681804","69d7901e3430d13455efb336","69e8e953bd5e0bb8c4012632","<p style=""font-size: 60px; font-family: FragmentMono"">UXVTIKSL</p>","","","training","","","","","","",""
"null","null","html-keyboard-response","202","700789","0.0-11.0-0.33","69c2a6ec39af7c4c4c681804","69d7901e3430d13455efb336","69e8e953bd5e0bb8c4012632","<p style=""font-size: 60px; font-family: FragmentMono"">WRGAMCAVY</p>","","","training","","","","","","",""
"null","null","html-keyboard-response","203","701790","0.0-11.0-0.34","69c2a6ec39af7c4c4c681804","69d7901e3430d13455efb336","69e8e953bd5e0bb8c4012632","<p style=""font-size: 60px; font-family: FragmentMono"">UXWLRBO</p>","","","training","","","","","","",""
"null","null","html-keyboard-response","204","702791","0.0-11.0-0.35","69c2a6ec39af7c4c4c681804","69d7901e3430d13455efb336","69e8e953bd5e0bb8c4012632","<p style=""font-size: 60px; font-family: FragmentMono"">BABJGLY</p>","","","training","","","","","","",""
"null","null","html-keyboard-response","205","703804","0.0-11.0-0.36","69c2a6ec39af7c4c4c681804","69d7901e3430d13455efb336","69e8e953bd5e0bb8c4012632","<p style=""font-size: 60px; font-family: FragmentMono"">XQXQFEYOG</p>","","","training","","","","","","",""
"null","null","html-keyboard-response","206","704805","0.0-11.0-0.37","69c2a6ec39af7c4c4c681804","69d7901e3430d13455efb336","69e8e953bd5e0bb8c4012632","<p style=""font-size: 60px; font-family: FragmentMono"">VEVCHRBO</p>","","","training","","","","","","",""
"null","null","html-keyboard-response","207","705812","0.0-11.0-0.38","69c2a6ec39af7c4c4c681804","69d7901e3430d13455efb336","69e8e953bd5e0bb8c4012632","<p style=""font-size: 60px; font-family: FragmentMono"">NTGLGJXPX</p>","","","training","","","","","","",""
"null","null","html-keyboard-response","208","706814","0.0-11.0-0.39","69c2a6ec39af7c4c4c681804","69d7901e3430d13455efb336","69e8e953bd5e0bb8c4012632","<p style=""font-size: 60px; font-family: FragmentMono"">DJZJQFMC</p>","","","training","","","","","","",""
"null","null","html-keyboard-response","209","707826","0.0-11.0-0.40","69c2a6ec39af7c4c4c681804","69d7901e3430d13455efb336","69e8e953bd5e0bb8c4012632","<p style=""font-size: 60px; font-family: FragmentMono"">LYEAEYOG</p>","","","training","","","","","","",""
"null","null","html-keyboard-response","210","708827","0.0-11.0-0.41","69c2a6ec39af7c4c4c681804","69d7901e3430d13455efb336","69e8e953bd5e0bb8c4012632","<p style=""font-size: 60px; font-family: FragmentMono"">JXTJXGLY</p>","","","training","","","","","","",""
"null","null","html-keyboard-response","211","709828","0.0-11.0-0.42","69c2a6ec39af7c4c4c681804","69d7901e3430d13455efb336","69e8e953bd5e0bb8c4012632","<p style=""font-size: 60px; font-family: FragmentMono"">BABJTHW</p>","","","training","","","","","","",""
"null","null","html-keyboard-response","212","710842","0.0-11.0-0.43","69c2a6ec39af7c4c4c681804","69d7901e3430d13455efb336","69e8e953bd5e0bb8c4012632","<p style=""font-size: 60px; font-family: FragmentMono"">UXWLJXPX</p>","","","training","","","","","","",""
"null","null","html-keyboard-response","213","711852","0.0-11.0-0.44","69c2a6ec39af7c4c4c681804","69d7901e3430d13455efb336","69e8e953bd5e0bb8c4012632","<p style=""font-size: 60px; font-family: FragmentMono"">KSBZJTHW</p>","","","training","","","","","","",""
"null","null","html-keyboard-response","214","712860","0.0-11.0-0.45","69c2a6ec39af7c4c4c681804","69d7901e3430d13455efb336","69e8e953bd5e0bb8c4012632","<p style=""font-size: 60px; font-family: FragmentMono"">IDKYXJXPX</p>","","","training","","","","","","",""
"null","null","html-keyboard-response","215","713861","0.0-11.0-0.46","69c2a6ec39af7c4c4c681804","69d7901e3430d13455efb336","69e8e953bd5e0bb8c4012632","<p style=""font-size: 60px; font-family: FragmentMono"">UXWLKQW</p>","","","training","","","","","","",""
"null","null","html-keyboard-response","216","714862","0.0-11.0-0.47","69c2a6ec39af7c4c4c681804","69d7901e3430d13455efb336","69e8e953bd5e0bb8c4012632","<p style=""font-size: 60px; font-family: FragmentMono"">FDMJCQFMC</p>","","","training","","","","","","",""
"null","null","html-keyboard-response","217","715863","0.0-11.0-0.48","69c2a6ec39af7c4c4c681804","69d7901e3430d13455efb336","69e8e953bd5e0bb8c4012632","<p style=""font-size: 60px; font-family: FragmentMono"">TUSOGCAVY</p>","","","training","","","","","","",""
"null","null","html-keyboard-response","218","716864","0.0-11.0-0.49","69c2a6ec39af7c4c4c681804","69d7901e3430d13455efb336","69e8e953bd5e0bb8c4012632","<p style=""font-size: 60px; font-family: FragmentMono"">XQXQFGLY</p>","","","training","","","","","","",""
"null","null","html-keyboard-response","219","717865","0.0-11.0-0.50","69c2a6ec39af7c4c4c681804","69d7901e3430d13455efb336","69e8e953bd5e0bb8c4012632","<p style=""font-size: 60px; font-family: FragmentMono"">TUSOGKQW</p>","","","training","","","","","","",""
"null","null","html-keyboard-response","220","718866","0.0-11.0-0.51","69c2a6ec39af7c4c4c681804","69d7901e3430d13455efb336","69e8e953bd5e0bb8c4012632","<p style=""font-size: 60px; font-family: FragmentMono"">TQITRBO</p>","","","training","","","","","","",""
"null","null","html-keyboard-response","221","719867","0.0-11.0-0.52","69c2a6ec39af7c4c4c681804","69d7901e3430d13455efb336","69e8e953bd5e0bb8c4012632","<p style=""font-size: 60px; font-family: FragmentMono"">IDKYXPSU</p>","","","training","","","","","","",""
"null","null","html-keyboard-response","222","720870","0.0-11.0-0.53","69c2a6ec39af7c4c4c681804","69d7901e3430d13455efb336","69e8e953bd5e0bb8c4012632","<p style=""font-size: 60px; font-family: FragmentMono"">FDMJCEYOG</p>","","","training","","","","","","",""
"null","null","html-keyboard-response","223","721878","0.0-11.0-0.54","69c2a6ec39af7c4c4c681804","69d7901e3430d13455efb336","69e8e953bd5e0bb8c4012632","<p style=""font-size: 60px; font-family: FragmentMono"">BIWICAVY</p>","","","training","","","","","","",""
"null","null","html-keyboard-response","224","722879","0.0-11.0-0.55","69c2a6ec39af7c4c4c681804","69d7901e3430d13455efb336","69e8e953bd5e0bb8c4012632","<p style=""font-size: 60px; font-family: FragmentMono"">OSHEZQFMC</p>","","","training","","","","","","",""
"null","null","html-keyboard-response","225","723886","0.0-11.0-0.56","69c2a6ec39af7c4c4c681804","69d7901e3430d13455efb336","69e8e953bd5e0bb8c4012632","<p style=""font-size: 60px; font-family: FragmentMono"">FDMJCGLY</p>","","","training","","","","","","",""
"null","null","html-keyboard-response","226","724894","0.0-11.0-0.57","69c2a6ec39af7c4c4c681804","69d7901e3430d13455efb336","69e8e953bd5e0bb8c4012632","<p style=""font-size: 60px; font-family: FragmentMono"">XNJUKSL</p>","","","training","","","","","","",""
"null","null","html-keyboard-response","227","725905","0.0-11.0-0.58","69c2a6ec39af7c4c4c681804","69d7901e3430d13455efb336","69e8e953bd5e0bb8c4012632","<p style=""font-size: 60px; font-family: FragmentMono"">WAEMIJXPX</p>","","","training","","","","","","",""
"null","null","html-keyboard-response","228","726907","0.0-11.0-0.59","69c2a6ec39af7c4c4c681804","69d7901e3430d13455efb336","69e8e953bd5e0bb8c4012632","<p style=""font-size: 60px; font-family: FragmentMono"">XQXQFTHW</p>","","","training","","","","","","",""
"null","null","html-keyboard-response","229","727907","0.0-11.0-0.60","69c2a6ec39af7c4c4c681804","69d7901e3430d13455efb336","69e8e953bd5e0bb8c4012632","<p style=""font-size: 60px; font-family: FragmentMono"">FDMJCKSL</p>","","","training","","","","","","",""
"null","null","html-keyboard-response","230","728908","0.0-11.0-0.61","69c2a6ec39af7c4c4c681804","69d7901e3430d13455efb336","69e8e953bd5e0bb8c4012632","<p style=""font-size: 60px; font-family: FragmentMono"">OSHEZEYOG</p>","","","training","","","","","","",""
"null","null","html-keyboard-response","231","729920","0.0-11.0-0.62","69c2a6ec39af7c4c4c681804","69d7901e3430d13455efb336","69e8e953bd5e0bb8c4012632","<p style=""font-size: 60px; font-family: FragmentMono"">XNJUQFMC</p>","","","training","","","","","","",""
"null","null","html-keyboard-response","232","730921","0.0-11.0-0.63","69c2a6ec39af7c4c4c681804","69d7901e3430d13455efb336","69e8e953bd5e0bb8c4012632","<p style=""font-size: 60px; font-family: FragmentMono"">WAEMICAVY</p>","","","training","","","","","","",""
"null","null","html-keyboard-response","233","731922","0.0-11.0-0.64","69c2a6ec39af7c4c4c681804","69d7901e3430d13455efb336","69e8e953bd5e0bb8c4012632","<p style=""font-size: 60px; font-family: FragmentMono"">XNJUTHW</p>","","","training","","","","","","",""
"null","null","html-keyboard-response","234","732930","0.0-11.0-0.65","69c2a6ec39af7c4c4c681804","69d7901e3430d13455efb336","69e8e953bd5e0bb8c4012632","<p style=""font-size: 60px; font-family: FragmentMono"">RGWFWKQW</p>","","","training","","","","","","",""
"null","null","html-keyboard-response","235","733940","0.0-11.0-0.66","69c2a6ec39af7c4c4c681804","69d7901e3430d13455efb336","69e8e953bd5e0bb8c4012632","<p style=""font-size: 60px; font-family: FragmentMono"">TUSOGRBO</p>","","","training","","","","","","",""
"null","null","html-keyboard-response","236","734949","0.0-11.0-0.67","69c2a6ec39af7c4c4c681804","69d7901e3430d13455efb336","69e8e953bd5e0bb8c4012632","<p style=""font-size: 60px; font-family: FragmentMono"">BABJKSL</p>","","","training","","","","","","",""
"null","null","html-keyboard-response","237","735951","0.0-11.0-0.68","69c2a6ec39af7c4c4c681804","69d7901e3430d13455efb336","69e8e953bd5e0bb8c4012632","<p style=""font-size: 60px; font-family: FragmentMono"">XNJUGLY</p>","","","training","","","","","","",""
"null","null","html-keyboard-response","238","736960","0.0-11.0-0.69","69c2a6ec39af7c4c4c681804","69d7901e3430d13455efb336","69e8e953bd5e0bb8c4012632","<p style=""font-size: 60px; font-family: FragmentMono"">WAEMIPSU</p>","","","training","","","","","","",""
"null","null","html-keyboard-response","239","737961","0.0-11.0-0.70","69c2a6ec39af7c4c4c681804","69d7901e3430d13455efb336","69e8e953bd5e0bb8c4012632","<p style=""font-size: 60px; font-family: FragmentMono"">RGWFWJXPX</p>","","","training","","","","","","",""
"null","null","html-keyboard-response","240","738969","0.0-11.0-0.71","69c2a6ec39af7c4c4c681804","69d7901e3430d13455efb336","69e8e953bd5e0bb8c4012632","<p style=""font-size: 60px; font-family: FragmentMono"">BABJEYOG</p>","","","training","","","","","","",""
"null","null","html-keyboard-response","241","739980","0.0-11.0-0.72","69c2a6ec39af7c4c4c681804","69d7901e3430d13455efb336","69e8e953bd5e0bb8c4012632","<p style=""font-size: 60px; font-family: FragmentMono"">JXTJXKSL</p>","","","training","","","","","","",""
"null","null","html-keyboard-response","242","740996","0.0-11.0-0.73","69c2a6ec39af7c4c4c681804","69d7901e3430d13455efb336","69e8e953bd5e0bb8c4012632","<p style=""font-size: 60px; font-family: FragmentMono"">OSHEZGLY</p>","","","training","","","","","","",""
"null","null","html-keyboard-response","243","742008","0.0-11.0-0.74","69c2a6ec39af7c4c4c681804","69d7901e3430d13455efb336","69e8e953bd5e0bb8c4012632","<p style=""font-size: 60px; font-family: FragmentMono"">TQITPSU</p>","","","training","","","","","","",""
"null","null","html-keyboard-response","244","743009","0.0-11.0-0.75","69c2a6ec39af7c4c4c681804","69d7901e3430d13455efb336","69e8e953bd5e0bb8c4012632","<p style=""font-size: 60px; font-family: FragmentMono"">UXVTITHW</p>","","","training","","","","","","",""
"null","null","html-keyboard-response","245","744016","0.0-11.0-0.76","69c2a6ec39af7c4c4c681804","69d7901e3430d13455efb336","69e8e953bd5e0bb8c4012632","<p style=""font-size: 60px; font-family: FragmentMono"">BIWIJXPX</p>","","","training","","","","","","",""
"null","null","html-keyboard-response","246","745017","0.0-11.0-0.77","69c2a6ec39af7c4c4c681804","69d7901e3430d13455efb336","69e8e953bd5e0bb8c4012632","<p style=""font-size: 60px; font-family: FragmentMono"">UXVTIQFMC</p>","","","training","","","","","","",""
"null","null","html-keyboard-response","247","746021","0.0-11.0-0.78","69c2a6ec39af7c4c4c681804","69d7901e3430d13455efb336","69e8e953bd5e0bb8c4012632","<p style=""font-size: 60px; font-family: FragmentMono"">WRGAMJXPX</p>","","","training","","","","","","",""
"null","null","html-keyboard-response","248","747028","0.0-11.0-0.79","69c2a6ec39af7c4c4c681804","69d7901e3430d13455efb336","69e8e953bd5e0bb8c4012632","<p style=""font-size: 60px; font-family: FragmentMono"">DJZJGLY</p>","","","training","","","","","","",""
"260045"," ","html-keyboard-response","249","1007073","0.0-12.0","69c2a6ec39af7c4c4c681804","69d7901e3430d13455efb336","69e8e953bd5e0bb8c4012632","<p style=""font-size: 30px"">Great, you've seen the third block of words. You may now take a short break.</p>
      <p style=""font-size: 30px"">Press the spacebar when you're ready to continue.</p>","","","","","","","","","",""
"null","null","html-keyboard-response","250","1008074","0.0-13.0-0.0","69c2a6ec39af7c4c4c681804","69d7901e3430d13455efb336","69e8e953bd5e0bb8c4012632","<p style=""font-size: 60px; font-family: FragmentMono"">WRGAMCAVY</p>","","","training","","","","","","",""
"null","null","html-keyboard-response","251","1009076","0.0-13.0-0.1","69c2a6ec39af7c4c4c681804","69d7901e3430d13455efb336","69e8e953bd5e0bb8c4012632","<p style=""font-size: 60px; font-family: FragmentMono"">UXWLKQW</p>","","","training","","","","","","",""
"null","null","html-keyboard-response","252","1010076","0.0-13.0-0.2","69c2a6ec39af7c4c4c681804","69d7901e3430d13455efb336","69e8e953bd5e0bb8c4012632","<p style=""font-size: 60px; font-family: FragmentMono"">FDMJCQFMC</p>","","","training","","","","","","",""
"null","null","html-keyboard-response","253","1011080","0.0-13.0-0.3","69c2a6ec39af7c4c4c681804","69d7901e3430d13455efb336","69e8e953bd5e0bb8c4012632","<p style=""font-size: 60px; font-family: FragmentMono"">JXTJXTHW</p>","","","training","","","","","","",""
"null","null","html-keyboard-response","254","1012092","0.0-13.0-0.4","69c2a6ec39af7c4c4c681804","69d7901e3430d13455efb336","69e8e953bd5e0bb8c4012632","<p style=""font-size: 60px; font-family: FragmentMono"">BABJKSL</p>","","","training","","","","","","",""
"null","null","html-keyboard-response","255","1013094","0.0-13.0-0.5","69c2a6ec39af7c4c4c681804","69d7901e3430d13455efb336","69e8e953bd5e0bb8c4012632","<p style=""font-size: 60px; font-family: FragmentMono"">FDMJCGLY</p>","","","training","","","","","","",""
"null","null","html-keyboard-response","256","1014099","0.0-13.0-0.6","69c2a6ec39af7c4c4c681804","69d7901e3430d13455efb336","69e8e953bd5e0bb8c4012632","<p style=""font-size: 60px; font-family: FragmentMono"">UXVTIKSL</p>","","","training","","","","","","",""
"null","null","html-keyboard-response","257","1015100","0.0-13.0-0.7","69c2a6ec39af7c4c4c681804","69d7901e3430d13455efb336","69e8e953bd5e0bb8c4012632","<p style=""font-size: 60px; font-family: FragmentMono"">NTGLGJXPX</p>","","","training","","","","","","",""
"null","null","html-keyboard-response","258","1016101","0.0-13.0-0.8","69c2a6ec39af7c4c4c681804","69d7901e3430d13455efb336","69e8e953bd5e0bb8c4012632","<p style=""font-size: 60px; font-family: FragmentMono"">KSBZJGLY</p>","","","training","","","","","","",""
"null","null","html-keyboard-response","259","1017101","0.0-13.0-0.9","69c2a6ec39af7c4c4c681804","69d7901e3430d13455efb336","69e8e953bd5e0bb8c4012632","<p style=""font-size: 60px; font-family: FragmentMono"">LYEAKSL</p>","","","training","","","","","","",""
"null","null","html-keyboard-response","260","1018105","0.0-13.0-0.10","69c2a6ec39af7c4c4c681804","69d7901e3430d13455efb336","69e8e953bd5e0bb8c4012632","<p style=""font-size: 60px; font-family: FragmentMono"">BABJTHW</p>","","","training","","","","","","",""
"null","null","html-keyboard-response","261","1019115","0.0-13.0-0.11","69c2a6ec39af7c4c4c681804","69d7901e3430d13455efb336","69e8e953bd5e0bb8c4012632","<p style=""font-size: 60px; font-family: FragmentMono"">KSBZJEYOG</p>","","","training","","","","","","",""
"null","null","html-keyboard-response","262","1020117","0.0-13.0-0.12","69c2a6ec39af7c4c4c681804","69d7901e3430d13455efb336","69e8e953bd5e0bb8c4012632","<p style=""font-size: 60px; font-family: FragmentMono"">UXWLRBO</p>","","","training","","","","","","",""
"null","null","html-keyboard-response","263","1021133","0.0-13.0-0.13","69c2a6ec39af7c4c4c681804","69d7901e3430d13455efb336","69e8e953bd5e0bb8c4012632","<p style=""font-size: 60px; font-family: FragmentMono"">XNJUGLY</p>","","","training","","","","","","",""
"null","null","html-keyboard-response","264","1022143","0.0-13.0-0.14","69c2a6ec39af7c4c4c681804","69d7901e3430d13455efb336","69e8e953bd5e0bb8c4012632","<p style=""font-size: 60px; font-family: FragmentMono"">UXVTIEYOG</p>","","","training","","","","","","",""
"null","null","html-keyboard-response","265","1023156","0.0-13.0-0.15","69c2a6ec39af7c4c4c681804","69d7901e3430d13455efb336","69e8e953bd5e0bb8c4012632","<p style=""font-size: 60px; font-family: FragmentMono"">RGWFWPSU</p>","","","training","","","","","","",""
"null","null","html-keyboard-response","266","1024163","0.0-13.0-0.16","69c2a6ec39af7c4c4c681804","69d7901e3430d13455efb336","69e8e953bd5e0bb8c4012632","<p style=""font-size: 60px; font-family: FragmentMono"">NTGLGKQW</p>","","","training","","","","","","",""
"null","null","html-keyboard-response","267","1025178","0.0-13.0-0.17","69c2a6ec39af7c4c4c681804","69d7901e3430d13455efb336","69e8e953bd5e0bb8c4012632","<p style=""font-size: 60px; font-family: FragmentMono"">VEVCHRBO</p>","","","training","","","","","","",""
"null","null","html-keyboard-response","268","1026189","0.0-13.0-0.18","69c2a6ec39af7c4c4c681804","69d7901e3430d13455efb336","69e8e953bd5e0bb8c4012632","<p style=""font-size: 60px; font-family: FragmentMono"">TQITKQW</p>","","","training","","","","","","",""
"null","null","html-keyboard-response","269","1027191","0.0-13.0-0.19","69c2a6ec39af7c4c4c681804","69d7901e3430d13455efb336","69e8e953bd5e0bb8c4012632","<p style=""font-size: 60px; font-family: FragmentMono"">JXTJXKSL</p>","","","training","","","","","","",""
"null","null","html-keyboard-response","270","1028207","0.0-13.0-0.20","69c2a6ec39af7c4c4c681804","69d7901e3430d13455efb336","69e8e953bd5e0bb8c4012632","<p style=""font-size: 60px; font-family: FragmentMono"">WAEMICAVY</p>","","","training","","","","","","",""
"null","null","html-keyboard-response","271","1029220","0.0-13.0-0.21","69c2a6ec39af7c4c4c681804","69d7901e3430d13455efb336","69e8e953bd5e0bb8c4012632","<p style=""font-size: 60px; font-family: FragmentMono"">TQITRBO</p>","","","training","","","","","","",""
"null","null","html-keyboard-response","272","1030221","0.0-13.0-0.22","69c2a6ec39af7c4c4c681804","69d7901e3430d13455efb336","69e8e953bd5e0bb8c4012632","<p style=""font-size: 60px; font-family: FragmentMono"">KSBZJQFMC</p>","","","training","","","","","","",""
"null","null","html-keyboard-response","273","1031225","0.0-13.0-0.23","69c2a6ec39af7c4c4c681804","69d7901e3430d13455efb336","69e8e953bd5e0bb8c4012632","<p style=""font-size: 60px; font-family: FragmentMono"">XQXQFTHW</p>","","","training","","","","","","",""
"null","null","html-keyboard-response","274","1032226","0.0-13.0-0.24","69c2a6ec39af7c4c4c681804","69d7901e3430d13455efb336","69e8e953bd5e0bb8c4012632","<p style=""font-size: 60px; font-family: FragmentMono"">LYEAQFMC</p>","","","training","","","","","","",""
"null","null","html-keyboard-response","275","1033228","0.0-13.0-0.25","69c2a6ec39af7c4c4c681804","69d7901e3430d13455efb336","69e8e953bd5e0bb8c4012632","<p style=""font-size: 60px; font-family: FragmentMono"">IDKYXJXPX</p>","","","training","","","","","","",""
"null","null","html-keyboard-response","276","1034229","0.0-13.0-0.26","69c2a6ec39af7c4c4c681804","69d7901e3430d13455efb336","69e8e953bd5e0bb8c4012632","<p style=""font-size: 60px; font-family: FragmentMono"">KSBZJTHW</p>","","","training","","","","","","",""
"null","null","html-keyboard-response","277","1035236","0.0-13.0-0.27","69c2a6ec39af7c4c4c681804","69d7901e3430d13455efb336","69e8e953bd5e0bb8c4012632","<p style=""font-size: 60px; font-family: FragmentMono"">UXWLJXPX</p>","","","training","","","","","","",""
"null","null","html-keyboard-response","278","1036238","0.0-13.0-0.28","69c2a6ec39af7c4c4c681804","69d7901e3430d13455efb336","69e8e953bd5e0bb8c4012632","<p style=""font-size: 60px; font-family: FragmentMono"">BIWIKQW</p>","","","training","","","","","","",""
"null","null","html-keyboard-response","279","1037239","0.0-13.0-0.29","69c2a6ec39af7c4c4c681804","69d7901e3430d13455efb336","69e8e953bd5e0bb8c4012632","<p style=""font-size: 60px; font-family: FragmentMono"">UXWLPSU</p>","","","training","","","","","","",""
"null","null","html-keyboard-response","280","1038239","0.0-13.0-0.30","69c2a6ec39af7c4c4c681804","69d7901e3430d13455efb336","69e8e953bd5e0bb8c4012632","<p style=""font-size: 60px; font-family: FragmentMono"">OSHEZGLY</p>","","","training","","","","","","",""
"null","null","html-keyboard-response","281","1039249","0.0-13.0-0.31","69c2a6ec39af7c4c4c681804","69d7901e3430d13455efb336","69e8e953bd5e0bb8c4012632","<p style=""font-size: 60px; font-family: FragmentMono"">DJZJEYOG</p>","","","training","","","","","","",""
"null","null","html-keyboard-response","282","1040254","0.0-13.0-0.32","69c2a6ec39af7c4c4c681804","69d7901e3430d13455efb336","69e8e953bd5e0bb8c4012632","<p style=""font-size: 60px; font-family: FragmentMono"">RGWFWJXPX</p>","","","training","","","","","","",""
"null","null","html-keyboard-response","283","1041254","0.0-13.0-0.33","69c2a6ec39af7c4c4c681804","69d7901e3430d13455efb336","69e8e953bd5e0bb8c4012632","<p style=""font-size: 60px; font-family: FragmentMono"">BIWICAVY</p>","","","training","","","","","","",""
"null","null","html-keyboard-response","284","1042255","0.0-13.0-0.34","69c2a6ec39af7c4c4c681804","69d7901e3430d13455efb336","69e8e953bd5e0bb8c4012632","<p style=""font-size: 60px; font-family: FragmentMono"">DJZJQFMC</p>","","","training","","","","","","",""
"null","null","html-keyboard-response","285","1043268","0.0-13.0-0.35","69c2a6ec39af7c4c4c681804","69d7901e3430d13455efb336","69e8e953bd5e0bb8c4012632","<p style=""font-size: 60px; font-family: FragmentMono"">TUSOGPSU</p>","","","training","","","","","","",""
"null","null","html-keyboard-response","286","1044276","0.0-13.0-0.36","69c2a6ec39af7c4c4c681804","69d7901e3430d13455efb336","69e8e953bd5e0bb8c4012632","<p style=""font-size: 60px; font-family: FragmentMono"">NTGLGRBO</p>","","","training","","","","","","",""
"null","null","html-keyboard-response","287","1045284","0.0-13.0-0.37","69c2a6ec39af7c4c4c681804","69d7901e3430d13455efb336","69e8e953bd5e0bb8c4012632","<p style=""font-size: 60px; font-family: FragmentMono"">IDKYXCAVY</p>","","","training","","","","","","",""
"null","null","html-keyboard-response","288","1046291","0.0-13.0-0.38","69c2a6ec39af7c4c4c681804","69d7901e3430d13455efb336","69e8e953bd5e0bb8c4012632","<p style=""font-size: 60px; font-family: FragmentMono"">BABJEYOG</p>","","","training","","","","","","",""
"null","null","html-keyboard-response","289","1047292","0.0-13.0-0.39","69c2a6ec39af7c4c4c681804","69d7901e3430d13455efb336","69e8e953bd5e0bb8c4012632","<p style=""font-size: 60px; font-family: FragmentMono"">DJZJKSL</p>","","","training","","","","","","",""
"null","null","html-keyboard-response","290","1048292","0.0-13.0-0.40","69c2a6ec39af7c4c4c681804","69d7901e3430d13455efb336","69e8e953bd5e0bb8c4012632","<p style=""font-size: 60px; font-family: FragmentMono"">OSHEZTHW</p>","","","training","","","","","","",""
"null","null","html-keyboard-response","291","1049297","0.0-13.0-0.41","69c2a6ec39af7c4c4c681804","69d7901e3430d13455efb336","69e8e953bd5e0bb8c4012632","<p style=""font-size: 60px; font-family: FragmentMono"">DJZJGLY</p>","","","training","","","","","","",""
"null","null","html-keyboard-response","292","1050298","0.0-13.0-0.42","69c2a6ec39af7c4c4c681804","69d7901e3430d13455efb336","69e8e953bd5e0bb8c4012632","<p style=""font-size: 60px; font-family: FragmentMono"">XQXQFEYOG</p>","","","training","","","","","","",""
"null","null","html-keyboard-response","293","1051309","0.0-13.0-0.43","69c2a6ec39af7c4c4c681804","69d7901e3430d13455efb336","69e8e953bd5e0bb8c4012632","<p style=""font-size: 60px; font-family: FragmentMono"">WRGAMPSU</p>","","","training","","","","","","",""
"null","null","html-keyboard-response","294","1052310","0.0-13.0-0.44","69c2a6ec39af7c4c4c681804","69d7901e3430d13455efb336","69e8e953bd5e0bb8c4012632","<p style=""font-size: 60px; font-family: FragmentMono"">OSHEZQFMC</p>","","","training","","","","","","",""
"null","null","html-keyboard-response","295","1053311","0.0-13.0-0.45","69c2a6ec39af7c4c4c681804","69d7901e3430d13455efb336","69e8e953bd5e0bb8c4012632","<p style=""font-size: 60px; font-family: FragmentMono"">WRGAMRBO</p>","","","training","","","","","","",""
"null","null","html-keyboard-response","296","1054323","0.0-13.0-0.46","69c2a6ec39af7c4c4c681804","69d7901e3430d13455efb336","69e8e953bd5e0bb8c4012632","<p style=""font-size: 60px; font-family: FragmentMono"">XNJUTHW</p>","","","training","","","","","","",""
"null","null","html-keyboard-response","297","1055330","0.0-13.0-0.47","69c2a6ec39af7c4c4c681804","69d7901e3430d13455efb336","69e8e953bd5e0bb8c4012632","<p style=""font-size: 60px; font-family: FragmentMono"">TUSOGKQW</p>","","","training","","","","","","",""
"null","null","html-keyboard-response","298","1056338","0.0-13.0-0.48","69c2a6ec39af7c4c4c681804","69d7901e3430d13455efb336","69e8e953bd5e0bb8c4012632","<p style=""font-size: 60px; font-family: FragmentMono"">OSHEZEYOG</p>","","","training","","","","","","",""
"null","null","html-keyboard-response","299","1057349","0.0-13.0-0.49","69c2a6ec39af7c4c4c681804","69d7901e3430d13455efb336","69e8e953bd5e0bb8c4012632","<p style=""font-size: 60px; font-family: FragmentMono"">RGWFWKQW</p>","","","training","","","","","","",""
"null","null","html-keyboard-response","300","1058358","0.0-13.0-0.50","69c2a6ec39af7c4c4c681804","69d7901e3430d13455efb336","69e8e953bd5e0bb8c4012632","<p style=""font-size: 60px; font-family: FragmentMono"">TUSOGRBO</p>","","","training","","","","","","",""
"null","null","html-keyboard-response","301","1059359","0.0-13.0-0.51","69c2a6ec39af7c4c4c681804","69d7901e3430d13455efb336","69e8e953bd5e0bb8c4012632","<p style=""font-size: 60px; font-family: FragmentMono"">XNJUQFMC</p>","","","training","","","","","","",""
"null","null","html-keyboard-response","302","1060360","0.0-13.0-0.52","69c2a6ec39af7c4c4c681804","69d7901e3430d13455efb336","69e8e953bd5e0bb8c4012632","<p style=""font-size: 60px; font-family: FragmentMono"">XQXQFKSL</p>","","","training","","","","","","",""
"null","null","html-keyboard-response","303","1061361","0.0-13.0-0.53","69c2a6ec39af7c4c4c681804","69d7901e3430d13455efb336","69e8e953bd5e0bb8c4012632","<p style=""font-size: 60px; font-family: FragmentMono"">VEVCHKQW</p>","","","training","","","","","","",""
"null","null","html-keyboard-response","304","1062377","0.0-13.0-0.54","69c2a6ec39af7c4c4c681804","69d7901e3430d13455efb336","69e8e953bd5e0bb8c4012632","<p style=""font-size: 60px; font-family: FragmentMono"">NTGLGCAVY</p>","","","training","","","","","","",""
"null","null","html-keyboard-response","305","1063389","0.0-13.0-0.55","69c2a6ec39af7c4c4c681804","69d7901e3430d13455efb336","69e8e953bd5e0bb8c4012632","<p style=""font-size: 60px; font-family: FragmentMono"">VEVCHJXPX</p>","","","training","","","","","","",""
"null","null","html-keyboard-response","306","1064390","0.0-13.0-0.56","69c2a6ec39af7c4c4c681804","69d7901e3430d13455efb336","69e8e953bd5e0bb8c4012632","<p style=""font-size: 60px; font-family: FragmentMono"">IDKYXKQW</p>","","","training","","","","","","",""
"null","null","html-keyboard-response","307","1065391","0.0-13.0-0.57","69c2a6ec39af7c4c4c681804","69d7901e3430d13455efb336","69e8e953bd5e0bb8c4012632","<p style=""font-size: 60px; font-family: FragmentMono"">LYEATHW</p>","","","training","","","","","","",""
"null","null","html-keyboard-response","308","1066402","0.0-13.0-0.58","69c2a6ec39af7c4c4c681804","69d7901e3430d13455efb336","69e8e953bd5e0bb8c4012632","<p style=""font-size: 60px; font-family: FragmentMono"">XNJUKSL</p>","","","training","","","","","","",""
"null","null","html-keyboard-response","309","1067409","0.0-13.0-0.59","69c2a6ec39af7c4c4c681804","69d7901e3430d13455efb336","69e8e953bd5e0bb8c4012632","<p style=""font-size: 60px; font-family: FragmentMono"">FDMJCEYOG</p>","","","training","","","","","","",""
"null","null","html-keyboard-response","310","1068414","0.0-13.0-0.60","69c2a6ec39af7c4c4c681804","69d7901e3430d13455efb336","69e8e953bd5e0bb8c4012632","<p style=""font-size: 60px; font-family: FragmentMono"">WAEMIRBO</p>","","","training","","","","","","",""
"null","null","html-keyboard-response","311","1069424","0.0-13.0-0.61","69c2a6ec39af7c4c4c681804","69d7901e3430d13455efb336","69e8e953bd5e0bb8c4012632","<p style=""font-size: 60px; font-family: FragmentMono"">BIWIJXPX</p>","","","training","","","","","","",""
"null","null","html-keyboard-response","312","1070425","0.0-13.0-0.62","69c2a6ec39af7c4c4c681804","69d7901e3430d13455efb336","69e8e953bd5e0bb8c4012632","<p style=""font-size: 60px; font-family: FragmentMono"">FDMJCKSL</p>","","","training","","","","","","",""
"null","null","html-keyboard-response","313","1071434","0.0-13.0-0.63","69c2a6ec39af7c4c4c681804","69d7901e3430d13455efb336","69e8e953bd5e0bb8c4012632","<p style=""font-size: 60px; font-family: FragmentMono"">WRGAMJXPX</p>","","","training","","","","","","",""
"null","null","html-keyboard-response","314","1072434","0.0-13.0-0.64","69c2a6ec39af7c4c4c681804","69d7901e3430d13455efb336","69e8e953bd5e0bb8c4012632","<p style=""font-size: 60px; font-family: FragmentMono"">IDKYXPSU</p>","","","training","","","","","","",""
"null","null","html-keyboard-response","315","1073435","0.0-13.0-0.65","69c2a6ec39af7c4c4c681804","69d7901e3430d13455efb336","69e8e953bd5e0bb8c4012632","<p style=""font-size: 60px; font-family: FragmentMono"">WAEMIJXPX</p>","","","training","","","","","","",""
"null","null","html-keyboard-response","316","1074436","0.0-13.0-0.66","69c2a6ec39af7c4c4c681804","69d7901e3430d13455efb336","69e8e953bd5e0bb8c4012632","<p style=""font-size: 60px; font-family: FragmentMono"">VEVCHPSU</p>","","","training","","","","","","",""
"null","null","html-keyboard-response","317","1075448","0.0-13.0-0.67","69c2a6ec39af7c4c4c681804","69d7901e3430d13455efb336","69e8e953bd5e0bb8c4012632","<p style=""font-size: 60px; font-family: FragmentMono"">BABJGLY</p>","","","training","","","","","","",""
"null","null","html-keyboard-response","318","1076454","0.0-13.0-0.68","69c2a6ec39af7c4c4c681804","69d7901e3430d13455efb336","69e8e953bd5e0bb8c4012632","<p style=""font-size: 60px; font-family: FragmentMono"">TQITCAVY</p>","","","training","","","","","","",""
"null","null","html-keyboard-response","319","1077460","0.0-13.0-0.69","69c2a6ec39af7c4c4c681804","69d7901e3430d13455efb336","69e8e953bd5e0bb8c4012632","<p style=""font-size: 60px; font-family: FragmentMono"">JXTJXGLY</p>","","","training","","","","","","",""
"null","null","html-keyboard-response","320","1078461","0.0-13.0-0.70","69c2a6ec39af7c4c4c681804","69d7901e3430d13455efb336","69e8e953bd5e0bb8c4012632","<p style=""font-size: 60px; font-family: FragmentMono"">UXVTITHW</p>","","","training","","","","","","",""
"null","null","html-keyboard-response","321","1079463","0.0-13.0-0.71","69c2a6ec39af7c4c4c681804","69d7901e3430d13455efb336","69e8e953bd5e0bb8c4012632","<p style=""font-size: 60px; font-family: FragmentMono"">TQITPSU</p>","","","training","","","","","","",""
"null","null","html-keyboard-response","322","1080464","0.0-13.0-0.72","69c2a6ec39af7c4c4c681804","69d7901e3430d13455efb336","69e8e953bd5e0bb8c4012632","<p style=""font-size: 60px; font-family: FragmentMono"">JXTJXQFMC</p>","","","training","","","","","","",""
"null","null","html-keyboard-response","323","1081465","0.0-13.0-0.73","69c2a6ec39af7c4c4c681804","69d7901e3430d13455efb336","69e8e953bd5e0bb8c4012632","<p style=""font-size: 60px; font-family: FragmentMono"">TUSOGCAVY</p>","","","training","","","","","","",""
"null","null","html-keyboard-response","324","1082471","0.0-13.0-0.74","69c2a6ec39af7c4c4c681804","69d7901e3430d13455efb336","69e8e953bd5e0bb8c4012632","<p style=""font-size: 60px; font-family: FragmentMono"">WAEMIPSU</p>","","","training","","","","","","",""
"null","null","html-keyboard-response","325","1083486","0.0-13.0-0.75","69c2a6ec39af7c4c4c681804","69d7901e3430d13455efb336","69e8e953bd5e0bb8c4012632","<p style=""font-size: 60px; font-family: FragmentMono"">RGWFWCAVY</p>","","","training","","","","","","",""
"null","null","html-keyboard-response","326","1084487","0.0-13.0-0.76","69c2a6ec39af7c4c4c681804","69d7901e3430d13455efb336","69e8e953bd5e0bb8c4012632","<p style=""font-size: 60px; font-family: FragmentMono"">UXVTIQFMC</p>","","","training","","","","","","",""
"null","null","html-keyboard-response","327","1085488","0.0-13.0-0.77","69c2a6ec39af7c4c4c681804","69d7901e3430d13455efb336","69e8e953bd5e0bb8c4012632","<p style=""font-size: 60px; font-family: FragmentMono"">XQXQFGLY</p>","","","training","","","","","","",""
"null","null","html-keyboard-response","328","1086488","0.0-13.0-0.78","69c2a6ec39af7c4c4c681804","69d7901e3430d13455efb336","69e8e953bd5e0bb8c4012632","<p style=""font-size: 60px; font-family: FragmentMono"">BIWIRBO</p>","","","training","","","","","","",""
"null","null","html-keyboard-response","329","1087490","0.0-13.0-0.79","69c2a6ec39af7c4c4c681804","69d7901e3430d13455efb336","69e8e953bd5e0bb8c4012632","<p style=""font-size: 60px; font-family: FragmentMono"">LYEAEYOG</p>","","","training","","","","","","",""
"7051"," ","html-keyboard-response","330","1094542","0.0-14.0","69c2a6ec39af7c4c4c681804","69d7901e3430d13455efb336","69e8e953bd5e0bb8c4012632","<p style=""font-size: 30px"">Great, you've seen the fourth block of words. You may now take a short break.</p>
      <p style=""font-size: 30px"">Press the spacebar when you're ready to continue.</p>","","","","","","","","","",""
"null","null","html-keyboard-response","331","1095543","0.0-15.0-0.0","69c2a6ec39af7c4c4c681804","69d7901e3430d13455efb336","69e8e953bd5e0bb8c4012632","<p style=""font-size: 60px; font-family: FragmentMono"">WAEMIPSU</p>","","","training","","","","","","",""
"null","null","html-keyboard-response","332","1096544","0.0-15.0-0.1","69c2a6ec39af7c4c4c681804","69d7901e3430d13455efb336","69e8e953bd5e0bb8c4012632","<p style=""font-size: 60px; font-family: FragmentMono"">XQXQFEYOG</p>","","","training","","","","","","",""
"null","null","html-keyboard-response","333","1097545","0.0-15.0-0.2","69c2a6ec39af7c4c4c681804","69d7901e3430d13455efb336","69e8e953bd5e0bb8c4012632","<p style=""font-size: 60px; font-family: FragmentMono"">UXWLKQW</p>","","","training","","","","","","",""
"null","null","html-keyboard-response","334","1098560","0.0-15.0-0.3","69c2a6ec39af7c4c4c681804","69d7901e3430d13455efb336","69e8e953bd5e0bb8c4012632","<p style=""font-size: 60px; font-family: FragmentMono"">RGWFWPSU</p>","","","training","","","","","","",""
"null","null","html-keyboard-response","335","1099561","0.0-15.0-0.4","69c2a6ec39af7c4c4c681804","69d7901e3430d13455efb336","69e8e953bd5e0bb8c4012632","<p style=""font-size: 60px; font-family: FragmentMono"">FDMJCKSL</p>","","","training","","","","","","",""
"null","null","html-keyboard-response","336","1100573","0.0-15.0-0.5","69c2a6ec39af7c4c4c681804","69d7901e3430d13455efb336","69e8e953bd5e0bb8c4012632","<p style=""font-size: 60px; font-family: FragmentMono"">XNJUQFMC</p>","","","training","","","","","","",""
"null","null","html-keyboard-response","337","1101574","0.0-15.0-0.6","69c2a6ec39af7c4c4c681804","69d7901e3430d13455efb336","69e8e953bd5e0bb8c4012632","<p style=""font-size: 60px; font-family: FragmentMono"">UXVTITHW</p>","","","training","","","","","","",""
"null","null","html-keyboard-response","338","1102586","0.0-15.0-0.7","69c2a6ec39af7c4c4c681804","69d7901e3430d13455efb336","69e8e953bd5e0bb8c4012632","<p style=""font-size: 60px; font-family: FragmentMono"">IDKYXJXPX</p>","","","training","","","","","","",""
"null","null","html-keyboard-response","339","1103588","0.0-15.0-0.8","69c2a6ec39af7c4c4c681804","69d7901e3430d13455efb336","69e8e953bd5e0bb8c4012632","<p style=""font-size: 60px; font-family: FragmentMono"">KSBZJTHW</p>","","","training","","","","","","",""
"null","null","html-keyboard-response","340","1104588","0.0-15.0-0.9","69c2a6ec39af7c4c4c681804","69d7901e3430d13455efb336","69e8e953bd5e0bb8c4012632","<p style=""font-size: 60px; font-family: FragmentMono"">NTGLGCAVY</p>","","","training","","","","","","",""
"null","null","html-keyboard-response","341","1105589","0.0-15.0-0.10","69c2a6ec39af7c4c4c681804","69d7901e3430d13455efb336","69e8e953bd5e0bb8c4012632","<p style=""font-size: 60px; font-family: FragmentMono"">UXVTIEYOG</p>","","","training","","","","","","",""
"null","null","html-keyboard-response","342","1106597","0.0-15.0-0.11","69c2a6ec39af7c4c4c681804","69d7901e3430d13455efb336","69e8e953bd5e0bb8c4012632","<p style=""font-size: 60px; font-family: FragmentMono"">NTGLGKQW</p>","","","training","","","","","","",""
"null","null","html-keyboard-response","343","1107597","0.0-15.0-0.12","69c2a6ec39af7c4c4c681804","69d7901e3430d13455efb336","69e8e953bd5e0bb8c4012632","<p style=""font-size: 60px; font-family: FragmentMono"">UXVTIQFMC</p>","","","training","","","","","","",""
"null","null","html-keyboard-response","344","1108598","0.0-15.0-0.13","69c2a6ec39af7c4c4c681804","69d7901e3430d13455efb336","69e8e953bd5e0bb8c4012632","<p style=""font-size: 60px; font-family: FragmentMono"">OSHEZTHW</p>","","","training","","","","","","",""
"null","null","html-keyboard-response","345","1109599","0.0-15.0-0.14","69c2a6ec39af7c4c4c681804","69d7901e3430d13455efb336","69e8e953bd5e0bb8c4012632","<p style=""font-size: 60px; font-family: FragmentMono"">WAEMICAVY</p>","","","training","","","","","","",""
"null","null","html-keyboard-response","346","1110601","0.0-15.0-0.15","69c2a6ec39af7c4c4c681804","69d7901e3430d13455efb336","69e8e953bd5e0bb8c4012632","<p style=""font-size: 60px; font-family: FragmentMono"">NTGLGRBO</p>","","","training","","","","","","",""
"null","null","html-keyboard-response","347","1111602","0.0-15.0-0.16","69c2a6ec39af7c4c4c681804","69d7901e3430d13455efb336","69e8e953bd5e0bb8c4012632","<p style=""font-size: 60px; font-family: FragmentMono"">UXVTIKSL</p>","","","training","","","","","","",""
"null","null","html-keyboard-response","348","1112603","0.0-15.0-0.17","69c2a6ec39af7c4c4c681804","69d7901e3430d13455efb336","69e8e953bd5e0bb8c4012632","<p style=""font-size: 60px; font-family: FragmentMono"">JXTJXGLY</p>","","","training","","","","","","",""
"null","null","html-keyboard-response","349","1113604","0.0-15.0-0.18","69c2a6ec39af7c4c4c681804","69d7901e3430d13455efb336","69e8e953bd5e0bb8c4012632","<p style=""font-size: 60px; font-family: FragmentMono"">UXWLRBO</p>","","","training","","","","","","",""
"null","null","html-keyboard-response","350","1114614","0.0-15.0-0.19","69c2a6ec39af7c4c4c681804","69d7901e3430d13455efb336","69e8e953bd5e0bb8c4012632","<p style=""font-size: 60px; font-family: FragmentMono"">WAEMIJXPX</p>","","","training","","","","","","",""
"null","null","html-keyboard-response","351","1115631","0.0-15.0-0.20","69c2a6ec39af7c4c4c681804","69d7901e3430d13455efb336","69e8e953bd5e0bb8c4012632","<p style=""font-size: 60px; font-family: FragmentMono"">DJZJKSL</p>","","","training","","","","","","",""
"null","null","html-keyboard-response","352","1116644","0.0-15.0-0.21","69c2a6ec39af7c4c4c681804","69d7901e3430d13455efb336","69e8e953bd5e0bb8c4012632","<p style=""font-size: 60px; font-family: FragmentMono"">JXTJXTHW</p>","","","training","","","","","","",""
"null","null","html-keyboard-response","353","1117658","0.0-15.0-0.22","69c2a6ec39af7c4c4c681804","69d7901e3430d13455efb336","69e8e953bd5e0bb8c4012632","<p style=""font-size: 60px; font-family: FragmentMono"">OSHEZEYOG</p>","","","training","","","","","","",""
"null","null","html-keyboard-response","354","1118660","0.0-15.0-0.23","69c2a6ec39af7c4c4c681804","69d7901e3430d13455efb336","69e8e953bd5e0bb8c4012632","<p style=""font-size: 60px; font-family: FragmentMono"">BIWIRBO</p>","","","training","","","","","","",""
"null","null","html-keyboard-response","355","1119661","0.0-15.0-0.24","69c2a6ec39af7c4c4c681804","69d7901e3430d13455efb336","69e8e953bd5e0bb8c4012632","<p style=""font-size: 60px; font-family: FragmentMono"">LYEAKSL</p>","","","training","","","","","","",""
"null","null","html-keyboard-response","356","1120661","0.0-15.0-0.25","69c2a6ec39af7c4c4c681804","69d7901e3430d13455efb336","69e8e953bd5e0bb8c4012632","<p style=""font-size: 60px; font-family: FragmentMono"">VEVCHJXPX</p>","","","training","","","","","","",""
"null","null","html-keyboard-response","357","1121663","0.0-15.0-0.26","69c2a6ec39af7c4c4c681804","69d7901e3430d13455efb336","69e8e953bd5e0bb8c4012632","<p style=""font-size: 60px; font-family: FragmentMono"">FDMJCGLY</p>","","","training","","","","","","",""
"null","null","html-keyboard-response","358","1122664","0.0-15.0-0.27","69c2a6ec39af7c4c4c681804","69d7901e3430d13455efb336","69e8e953bd5e0bb8c4012632","<p style=""font-size: 60px; font-family: FragmentMono"">TQITRBO</p>","","","training","","","","","","",""
"null","null","html-keyboard-response","359","1123665","0.0-15.0-0.28","69c2a6ec39af7c4c4c681804","69d7901e3430d13455efb336","69e8e953bd5e0bb8c4012632","<p style=""font-size: 60px; font-family: FragmentMono"">IDKYXPSU</p>","","","training","","","","","","",""
"null","null","html-keyboard-response","360","1124666","0.0-15.0-0.29","69c2a6ec39af7c4c4c681804","69d7901e3430d13455efb336","69e8e953bd5e0bb8c4012632","<p style=""font-size: 60px; font-family: FragmentMono"">BABJKSL</p>","","","training","","","","","","",""
"null","null","html-keyboard-response","361","1125674","0.0-15.0-0.30","69c2a6ec39af7c4c4c681804","69d7901e3430d13455efb336","69e8e953bd5e0bb8c4012632","<p style=""font-size: 60px; font-family: FragmentMono"">OSHEZGLY</p>","","","training","","","","","","",""
"null","null","html-keyboard-response","362","1126674","0.0-15.0-0.31","69c2a6ec39af7c4c4c681804","69d7901e3430d13455efb336","69e8e953bd5e0bb8c4012632","<p style=""font-size: 60px; font-family: FragmentMono"">BABJEYOG</p>","","","training","","","","","","",""
"null","null","html-keyboard-response","363","1127680","0.0-15.0-0.32","69c2a6ec39af7c4c4c681804","69d7901e3430d13455efb336","69e8e953bd5e0bb8c4012632","<p style=""font-size: 60px; font-family: FragmentMono"">KSBZJGLY</p>","","","training","","","","","","",""
"null","null","html-keyboard-response","364","1128689","0.0-15.0-0.33","69c2a6ec39af7c4c4c681804","69d7901e3430d13455efb336","69e8e953bd5e0bb8c4012632","<p style=""font-size: 60px; font-family: FragmentMono"">WRGAMCAVY</p>","","","training","","","","","","",""
"null","null","html-keyboard-response","365","1129690","0.0-15.0-0.34","69c2a6ec39af7c4c4c681804","69d7901e3430d13455efb336","69e8e953bd5e0bb8c4012632","<p style=""font-size: 60px; font-family: FragmentMono"">XNJUGLY</p>","","","training","","","","","","",""
"null","null","html-keyboard-response","366","1130691","0.0-15.0-0.35","69c2a6ec39af7c4c4c681804","69d7901e3430d13455efb336","69e8e953bd5e0bb8c4012632","<p style=""font-size: 60px; font-family: FragmentMono"">LYEAEYOG</p>","","","training","","","","","","",""
"null","null","html-keyboard-response","367","1131692","0.0-15.0-0.36","69c2a6ec39af7c4c4c681804","69d7901e3430d13455efb336","69e8e953bd5e0bb8c4012632","<p style=""font-size: 60px; font-family: FragmentMono"">VEVCHKQW</p>","","","training","","","","","","",""
"null","null","html-keyboard-response","368","1132693","0.0-15.0-0.37","69c2a6ec39af7c4c4c681804","69d7901e3430d13455efb336","69e8e953bd5e0bb8c4012632","<p style=""font-size: 60px; font-family: FragmentMono"">TQITPSU</p>","","","training","","","","","","",""
"null","null","html-keyboard-response","369","1133697","0.0-15.0-0.38","69c2a6ec39af7c4c4c681804","69d7901e3430d13455efb336","69e8e953bd5e0bb8c4012632","<p style=""font-size: 60px; font-family: FragmentMono"">JXTJXKSL</p>","","","training","","","","","","",""
"null","null","html-keyboard-response","370","1134706","0.0-15.0-0.39","69c2a6ec39af7c4c4c681804","69d7901e3430d13455efb336","69e8e953bd5e0bb8c4012632","<p style=""font-size: 60px; font-family: FragmentMono"">BIWIJXPX</p>","","","training","","","","","","",""
"null","null","html-keyboard-response","371","1135717","0.0-15.0-0.40","69c2a6ec39af7c4c4c681804","69d7901e3430d13455efb336","69e8e953bd5e0bb8c4012632","<p style=""font-size: 60px; font-family: FragmentMono"">WAEMIRBO</p>","","","training","","","","","","",""
"null","null","html-keyboard-response","372","1136724","0.0-15.0-0.41","69c2a6ec39af7c4c4c681804","69d7901e3430d13455efb336","69e8e953bd5e0bb8c4012632","<p style=""font-size: 60px; font-family: FragmentMono"">RGWFWJXPX</p>","","","training","","","","","","",""
"null","null","html-keyboard-response","373","1137730","0.0-15.0-0.42","69c2a6ec39af7c4c4c681804","69d7901e3430d13455efb336","69e8e953bd5e0bb8c4012632","<p style=""font-size: 60px; font-family: FragmentMono"">WRGAMPSU</p>","","","training","","","","","","",""
"null","null","html-keyboard-response","374","1138741","0.0-15.0-0.43","69c2a6ec39af7c4c4c681804","69d7901e3430d13455efb336","69e8e953bd5e0bb8c4012632","<p style=""font-size: 60px; font-family: FragmentMono"">JXTJXQFMC</p>","","","training","","","","","","",""
"null","null","html-keyboard-response","375","1139742","0.0-15.0-0.44","69c2a6ec39af7c4c4c681804","69d7901e3430d13455efb336","69e8e953bd5e0bb8c4012632","<p style=""font-size: 60px; font-family: FragmentMono"">BIWICAVY</p>","","","training","","","","","","",""
"null","null","html-keyboard-response","376","1140743","0.0-15.0-0.45","69c2a6ec39af7c4c4c681804","69d7901e3430d13455efb336","69e8e953bd5e0bb8c4012632","<p style=""font-size: 60px; font-family: FragmentMono"">WRGAMRBO</p>","","","training","","","","","","",""
"null","null","html-keyboard-response","377","1141744","0.0-15.0-0.46","69c2a6ec39af7c4c4c681804","69d7901e3430d13455efb336","69e8e953bd5e0bb8c4012632","<p style=""font-size: 60px; font-family: FragmentMono"">XQXQFGLY</p>","","","training","","","","","","",""
"null","null","html-keyboard-response","378","1142747","0.0-15.0-0.47","69c2a6ec39af7c4c4c681804","69d7901e3430d13455efb336","69e8e953bd5e0bb8c4012632","<p style=""font-size: 60px; font-family: FragmentMono"">TUSOGPSU</p>","","","training","","","","","","",""
"null","null","html-keyboard-response","379","1143761","0.0-15.0-0.48","69c2a6ec39af7c4c4c681804","69d7901e3430d13455efb336","69e8e953bd5e0bb8c4012632","<p style=""font-size: 60px; font-family: FragmentMono"">TQITCAVY</p>","","","training","","","","","","",""
"null","null","html-keyboard-response","380","1144773","0.0-15.0-0.49","69c2a6ec39af7c4c4c681804","69d7901e3430d13455efb336","69e8e953bd5e0bb8c4012632","<p style=""font-size: 60px; font-family: FragmentMono"">UXWLPSU</p>","","","training","","","","","","",""
"null","null","html-keyboard-response","381","1145783","0.0-15.0-0.50","69c2a6ec39af7c4c4c681804","69d7901e3430d13455efb336","69e8e953bd5e0bb8c4012632","<p style=""font-size: 60px; font-family: FragmentMono"">LYEATHW</p>","","","training","","","","","","",""
"null","null","html-keyboard-response","382","1146785","0.0-15.0-0.51","69c2a6ec39af7c4c4c681804","69d7901e3430d13455efb336","69e8e953bd5e0bb8c4012632","<p style=""font-size: 60px; font-family: FragmentMono"">DJZJGLY</p>","","","training","","","","","","",""
"null","null","html-keyboard-response","383","1147793","0.0-15.0-0.52","69c2a6ec39af7c4c4c681804","69d7901e3430d13455efb336","69e8e953bd5e0bb8c4012632","<p style=""font-size: 60px; font-family: FragmentMono"">KSBZJEYOG</p>","","","training","","","","","","",""
"null","null","html-keyboard-response","384","1148795","0.0-15.0-0.53","69c2a6ec39af7c4c4c681804","69d7901e3430d13455efb336","69e8e953bd5e0bb8c4012632","<p style=""font-size: 60px; font-family: FragmentMono"">VEVCHRBO</p>","","","training","","","","","","",""
"null","null","html-keyboard-response","385","1149810","0.0-15.0-0.54","69c2a6ec39af7c4c4c681804","69d7901e3430d13455efb336","69e8e953bd5e0bb8c4012632","<p style=""font-size: 60px; font-family: FragmentMono"">IDKYXCAVY</p>","","","training","","","","","","",""
"null","null","html-keyboard-response","386","1150811","0.0-15.0-0.55","69c2a6ec39af7c4c4c681804","69d7901e3430d13455efb336","69e8e953bd5e0bb8c4012632","<p style=""font-size: 60px; font-family: FragmentMono"">XQXQFTHW</p>","","","training","","","","","","",""
"null","null","html-keyboard-response","387","1151812","0.0-15.0-0.56","69c2a6ec39af7c4c4c681804","69d7901e3430d13455efb336","69e8e953bd5e0bb8c4012632","<p style=""font-size: 60px; font-family: FragmentMono"">VEVCHPSU</p>","","","training","","","","","","",""
"null","null","html-keyboard-response","388","1152814","0.0-15.0-0.57","69c2a6ec39af7c4c4c681804","69d7901e3430d13455efb336","69e8e953bd5e0bb8c4012632","<p style=""font-size: 60px; font-family: FragmentMono"">TUSOGRBO</p>","","","training","","","","","","",""
"null","null","html-keyboard-response","389","1153815","0.0-15.0-0.58","69c2a6ec39af7c4c4c681804","69d7901e3430d13455efb336","69e8e953bd5e0bb8c4012632","<p style=""font-size: 60px; font-family: FragmentMono"">IDKYXKQW</p>","","","training","","","","","","",""
"null","null","html-keyboard-response","390","1154815","0.0-15.0-0.59","69c2a6ec39af7c4c4c681804","69d7901e3430d13455efb336","69e8e953bd5e0bb8c4012632","<p style=""font-size: 60px; font-family: FragmentMono"">XNJUKSL</p>","","","training","","","","","","",""
"null","null","html-keyboard-response","391","1155822","0.0-15.0-0.60","69c2a6ec39af7c4c4c681804","69d7901e3430d13455efb336","69e8e953bd5e0bb8c4012632","<p style=""font-size: 60px; font-family: FragmentMono"">LYEAQFMC</p>","","","training","","","","","","",""
"null","null","html-keyboard-response","392","1156825","0.0-15.0-0.61","69c2a6ec39af7c4c4c681804","69d7901e3430d13455efb336","69e8e953bd5e0bb8c4012632","<p style=""font-size: 60px; font-family: FragmentMono"">TUSOGCAVY</p>","","","training","","","","","","",""
"null","null","html-keyboard-response","393","1157833","0.0-15.0-0.62","69c2a6ec39af7c4c4c681804","69d7901e3430d13455efb336","69e8e953bd5e0bb8c4012632","<p style=""font-size: 60px; font-family: FragmentMono"">RGWFWKQW</p>","","","training","","","","","","",""
"null","null","html-keyboard-response","394","1158838","0.0-15.0-0.63","69c2a6ec39af7c4c4c681804","69d7901e3430d13455efb336","69e8e953bd5e0bb8c4012632","<p style=""font-size: 60px; font-family: FragmentMono"">XQXQFKSL</p>","","","training","","","","","","",""
"null","null","html-keyboard-response","395","1159852","0.0-15.0-0.64","69c2a6ec39af7c4c4c681804","69d7901e3430d13455efb336","69e8e953bd5e0bb8c4012632","<p style=""font-size: 60px; font-family: FragmentMono"">BIWIKQW</p>","","","training","","","","","","",""
"null","null","html-keyboard-response","396","1160861","0.0-15.0-0.65","69c2a6ec39af7c4c4c681804","69d7901e3430d13455efb336","69e8e953bd5e0bb8c4012632","<p style=""font-size: 60px; font-family: FragmentMono"">BABJGLY</p>","","","training","","","","","","",""
"null","null","html-keyboard-response","397","1161868","0.0-15.0-0.66","69c2a6ec39af7c4c4c681804","69d7901e3430d13455efb336","69e8e953bd5e0bb8c4012632","<p style=""font-size: 60px; font-family: FragmentMono"">OSHEZQFMC</p>","","","training","","","","","","",""
"null","null","html-keyboard-response","398","1162883","0.0-15.0-0.67","69c2a6ec39af7c4c4c681804","69d7901e3430d13455efb336","69e8e953bd5e0bb8c4012632","<p style=""font-size: 60px; font-family: FragmentMono"">BABJTHW</p>","","","training","","","","","","",""
"null","null","html-keyboard-response","399","1163884","0.0-15.0-0.68","69c2a6ec39af7c4c4c681804","69d7901e3430d13455efb336","69e8e953bd5e0bb8c4012632","<p style=""font-size: 60px; font-family: FragmentMono"">KSBZJQFMC</p>","","","training","","","","","","",""
"null","null","html-keyboard-response","400","1164885","0.0-15.0-0.69","69c2a6ec39af7c4c4c681804","69d7901e3430d13455efb336","69e8e953bd5e0bb8c4012632","<p style=""font-size: 60px; font-family: FragmentMono"">RGWFWCAVY</p>","","","training","","","","","","",""
"null","null","html-keyboard-response","401","1165887","0.0-15.0-0.70","69c2a6ec39af7c4c4c681804","69d7901e3430d13455efb336","69e8e953bd5e0bb8c4012632","<p style=""font-size: 60px; font-family: FragmentMono"">WRGAMJXPX</p>","","","training","","","","","","",""
"null","null","html-keyboard-response","402","1166888","0.0-15.0-0.71","69c2a6ec39af7c4c4c681804","69d7901e3430d13455efb336","69e8e953bd5e0bb8c4012632","<p style=""font-size: 60px; font-family: FragmentMono"">FDMJCQFMC</p>","","","training","","","","","","",""
"null","null","html-keyboard-response","403","1167888","0.0-15.0-0.72","69c2a6ec39af7c4c4c681804","69d7901e3430d13455efb336","69e8e953bd5e0bb8c4012632","<p style=""font-size: 60px; font-family: FragmentMono"">DJZJEYOG</p>","","","training","","","","","","",""
"null","null","html-keyboard-response","404","1168900","0.0-15.0-0.73","69c2a6ec39af7c4c4c681804","69d7901e3430d13455efb336","69e8e953bd5e0bb8c4012632","<p style=""font-size: 60px; font-family: FragmentMono"">TUSOGKQW</p>","","","training","","","","","","",""
"null","null","html-keyboard-response","405","1169901","0.0-15.0-0.74","69c2a6ec39af7c4c4c681804","69d7901e3430d13455efb336","69e8e953bd5e0bb8c4012632","<p style=""font-size: 60px; font-family: FragmentMono"">XNJUTHW</p>","","","training","","","","","","",""
"null","null","html-keyboard-response","406","1170902","0.0-15.0-0.75","69c2a6ec39af7c4c4c681804","69d7901e3430d13455efb336","69e8e953bd5e0bb8c4012632","<p style=""font-size: 60px; font-family: FragmentMono"">UXWLJXPX</p>","","","training","","","","","","",""
"null","null","html-keyboard-response","407","1171907","0.0-15.0-0.76","69c2a6ec39af7c4c4c681804","69d7901e3430d13455efb336","69e8e953bd5e0bb8c4012632","<p style=""font-size: 60px; font-family: FragmentMono"">TQITKQW</p>","","","training","","","","","","",""
"null","null","html-keyboard-response","408","1172908","0.0-15.0-0.77","69c2a6ec39af7c4c4c681804","69d7901e3430d13455efb336","69e8e953bd5e0bb8c4012632","<p style=""font-size: 60px; font-family: FragmentMono"">NTGLGJXPX</p>","","","training","","","","","","",""
"null","null","html-keyboard-response","409","1173909","0.0-15.0-0.78","69c2a6ec39af7c4c4c681804","69d7901e3430d13455efb336","69e8e953bd5e0bb8c4012632","<p style=""font-size: 60px; font-family: FragmentMono"">DJZJQFMC</p>","","","training","","","","","","",""
"null","null","html-keyboard-response","410","1174921","0.0-15.0-0.79","69c2a6ec39af7c4c4c681804","69d7901e3430d13455efb336","69e8e953bd5e0bb8c4012632","<p style=""font-size: 60px; font-family: FragmentMono"">FDMJCEYOG</p>","","","training","","","","","","",""
"4197"," ","html-keyboard-response","411","1179118","0.0-16.0","69c2a6ec39af7c4c4c681804","69d7901e3430d13455efb336","69e8e953bd5e0bb8c4012632","<p style=""font-size: 30px"">Great, you've seen the fifth block of words. You may now take a short break.</p>
      <p style=""font-size: 30px"">Press the spacebar when you're ready to continue.</p>","","","","","","","","","",""
"null","null","html-keyboard-response","412","1180119","0.0-17.0-0.0","69c2a6ec39af7c4c4c681804","69d7901e3430d13455efb336","69e8e953bd5e0bb8c4012632","<p style=""font-size: 60px; font-family: FragmentMono"">FDMJCQFMC</p>","","","training","","","","","","",""
"null","null","html-keyboard-response","413","1181120","0.0-17.0-0.1","69c2a6ec39af7c4c4c681804","69d7901e3430d13455efb336","69e8e953bd5e0bb8c4012632","<p style=""font-size: 60px; font-family: FragmentMono"">VEVCHRBO</p>","","","training","","","","","","",""
"null","null","html-keyboard-response","414","1182121","0.0-17.0-0.2","69c2a6ec39af7c4c4c681804","69d7901e3430d13455efb336","69e8e953bd5e0bb8c4012632","<p style=""font-size: 60px; font-family: FragmentMono"">XQXQFTHW</p>","","","training","","","","","","",""
"null","null","html-keyboard-response","415","1183122","0.0-17.0-0.3","69c2a6ec39af7c4c4c681804","69d7901e3430d13455efb336","69e8e953bd5e0bb8c4012632","<p style=""font-size: 60px; font-family: FragmentMono"">WAEMIJXPX</p>","","","training","","","","","","",""
"null","null","html-keyboard-response","416","1184126","0.0-17.0-0.4","69c2a6ec39af7c4c4c681804","69d7901e3430d13455efb336","69e8e953bd5e0bb8c4012632","<p style=""font-size: 60px; font-family: FragmentMono"">UXVTIKSL</p>","","","training","","","","","","",""
"null","null","html-keyboard-response","417","1185127","0.0-17.0-0.5","69c2a6ec39af7c4c4c681804","69d7901e3430d13455efb336","69e8e953bd5e0bb8c4012632","<p style=""font-size: 60px; font-family: FragmentMono"">KSBZJEYOG</p>","","","training","","","","","","",""
"null","null","html-keyboard-response","418","1186129","0.0-17.0-0.6","69c2a6ec39af7c4c4c681804","69d7901e3430d13455efb336","69e8e953bd5e0bb8c4012632","<p style=""font-size: 60px; font-family: FragmentMono"">IDKYXJXPX</p>","","","training","","","","","","",""
"null","null","html-keyboard-response","419","1187135","0.0-17.0-0.7","69c2a6ec39af7c4c4c681804","69d7901e3430d13455efb336","69e8e953bd5e0bb8c4012632","<p style=""font-size: 60px; font-family: FragmentMono"">TQITKQW</p>","","","training","","","","","","",""
"null","null","html-keyboard-response","420","1188136","0.0-17.0-0.8","69c2a6ec39af7c4c4c681804","69d7901e3430d13455efb336","69e8e953bd5e0bb8c4012632","<p style=""font-size: 60px; font-family: FragmentMono"">JXTJXGLY</p>","","","training","","","","","","",""
"null","null","html-keyboard-response","421","1189137","0.0-17.0-0.9","69c2a6ec39af7c4c4c681804","69d7901e3430d13455efb336","69e8e953bd5e0bb8c4012632","<p style=""font-size: 60px; font-family: FragmentMono"">DJZJQFMC</p>","","","training","","","","","","",""
"null","null","html-keyboard-response","422","1190138","0.0-17.0-0.10","69c2a6ec39af7c4c4c681804","69d7901e3430d13455efb336","69e8e953bd5e0bb8c4012632","<p style=""font-size: 60px; font-family: FragmentMono"">UXVTITHW</p>","","","training","","","","","","",""
"null","null","html-keyboard-response","423","1191150","0.0-17.0-0.11","69c2a6ec39af7c4c4c681804","69d7901e3430d13455efb336","69e8e953bd5e0bb8c4012632","<p style=""font-size: 60px; font-family: FragmentMono"">XQXQFGLY</p>","","","training","","","","","","",""
"null","null","html-keyboard-response","424","1192165","0.0-17.0-0.12","69c2a6ec39af7c4c4c681804","69d7901e3430d13455efb336","69e8e953bd5e0bb8c4012632","<p style=""font-size: 60px; font-family: FragmentMono"">KSBZJTHW</p>","","","training","","","","","","",""
"null","null","html-keyboard-response","425","1193166","0.0-17.0-0.13","69c2a6ec39af7c4c4c681804","69d7901e3430d13455efb336","69e8e953bd5e0bb8c4012632","<p style=""font-size: 60px; font-family: FragmentMono"">RGWFWJXPX</p>","","","training","","","","","","",""
"null","null","html-keyboard-response","426","1194169","0.0-17.0-0.14","69c2a6ec39af7c4c4c681804","69d7901e3430d13455efb336","69e8e953bd5e0bb8c4012632","<p style=""font-size: 60px; font-family: FragmentMono"">WRGAMCAVY</p>","","","training","","","","","","",""
"null","null","html-keyboard-response","427","1195171","0.0-17.0-0.15","69c2a6ec39af7c4c4c681804","69d7901e3430d13455efb336","69e8e953bd5e0bb8c4012632","<p style=""font-size: 60px; font-family: FragmentMono"">OSHEZGLY</p>","","","training","","","","","","",""
"null","null","html-keyboard-response","428","1196175","0.0-17.0-0.16","69c2a6ec39af7c4c4c681804","69d7901e3430d13455efb336","69e8e953bd5e0bb8c4012632","<p style=""font-size: 60px; font-family: FragmentMono"">RGWFWCAVY</p>","","","training","","","","","","",""
"null","null","html-keyboard-response","429","1197176","0.0-17.0-0.17","69c2a6ec39af7c4c4c681804","69d7901e3430d13455efb336","69e8e953bd5e0bb8c4012632","<p style=""font-size: 60px; font-family: FragmentMono"">WRGAMRBO</p>","","","training","","","","","","",""
"null","null","html-keyboard-response","430","1198178","0.0-17.0-0.18","69c2a6ec39af7c4c4c681804","69d7901e3430d13455efb336","69e8e953bd5e0bb8c4012632","<p style=""font-size: 60px; font-family: FragmentMono"">IDKYXCAVY</p>","","","training","","","","","","",""
"null","null","html-keyboard-response","431","1199180","0.0-17.0-0.19","69c2a6ec39af7c4c4c681804","69d7901e3430d13455efb336","69e8e953bd5e0bb8c4012632","<p style=""font-size: 60px; font-family: FragmentMono"">BABJEYOG</p>","","","training","","","","","","",""
"null","null","html-keyboard-response","432","1200190","0.0-17.0-0.20","69c2a6ec39af7c4c4c681804","69d7901e3430d13455efb336","69e8e953bd5e0bb8c4012632","<p style=""font-size: 60px; font-family: FragmentMono"">TUSOGKQW</p>","","","training","","","","","","",""
"null","null","html-keyboard-response","433","1201191","0.0-17.0-0.21","69c2a6ec39af7c4c4c681804","69d7901e3430d13455efb336","69e8e953bd5e0bb8c4012632","<p style=""font-size: 60px; font-family: FragmentMono"">LYEATHW</p>","","","training","","","","","","",""
"null","null","html-keyboard-response","434","1202192","0.0-17.0-0.22","69c2a6ec39af7c4c4c681804","69d7901e3430d13455efb336","69e8e953bd5e0bb8c4012632","<p style=""font-size: 60px; font-family: FragmentMono"">IDKYXPSU</p>","","","training","","","","","","",""
"null","null","html-keyboard-response","435","1203192","0.0-17.0-0.23","69c2a6ec39af7c4c4c681804","69d7901e3430d13455efb336","69e8e953bd5e0bb8c4012632","<p style=""font-size: 60px; font-family: FragmentMono"">UXWLJXPX</p>","","","training","","","","","","",""
"null","null","html-keyboard-response","436","1204193","0.0-17.0-0.24","69c2a6ec39af7c4c4c681804","69d7901e3430d13455efb336","69e8e953bd5e0bb8c4012632","<p style=""font-size: 60px; font-family: FragmentMono"">TUSOGCAVY</p>","","","training","","","","","","",""
"null","null","html-keyboard-response","437","1205195","0.0-17.0-0.25","69c2a6ec39af7c4c4c681804","69d7901e3430d13455efb336","69e8e953bd5e0bb8c4012632","<p style=""font-size: 60px; font-family: FragmentMono"">NTGLGKQW</p>","","","training","","","","","","",""
"null","null","html-keyboard-response","438","1206205","0.0-17.0-0.26","69c2a6ec39af7c4c4c681804","69d7901e3430d13455efb336","69e8e953bd5e0bb8c4012632","<p style=""font-size: 60px; font-family: FragmentMono"">UXWLRBO</p>","","","training","","","","","","",""
"null","null","html-keyboard-response","439","1207206","0.0-17.0-0.27","69c2a6ec39af7c4c4c681804","69d7901e3430d13455efb336","69e8e953bd5e0bb8c4012632","<p style=""font-size: 60px; font-family: FragmentMono"">RGWFWKQW</p>","","","training","","","","","","",""
"null","null","html-keyboard-response","440","1208214","0.0-17.0-0.28","69c2a6ec39af7c4c4c681804","69d7901e3430d13455efb336","69e8e953bd5e0bb8c4012632","<p style=""font-size: 60px; font-family: FragmentMono"">OSHEZQFMC</p>","","","training","","","","","","",""
"null","null","html-keyboard-response","441","1209227","0.0-17.0-0.29","69c2a6ec39af7c4c4c681804","69d7901e3430d13455efb336","69e8e953bd5e0bb8c4012632","<p style=""font-size: 60px; font-family: FragmentMono"">DJZJKSL</p>","","","training","","","","","","",""
"null","null","html-keyboard-response","442","1210228","0.0-17.0-0.30","69c2a6ec39af7c4c4c681804","69d7901e3430d13455efb336","69e8e953bd5e0bb8c4012632","<p style=""font-size: 60px; font-family: FragmentMono"">VEVCHPSU</p>","","","training","","","","","","",""
"null","null","html-keyboard-response","443","1211230","0.0-17.0-0.31","69c2a6ec39af7c4c4c681804","69d7901e3430d13455efb336","69e8e953bd5e0bb8c4012632","<p style=""font-size: 60px; font-family: FragmentMono"">OSHEZEYOG</p>","","","training","","","","","","",""
"null","null","html-keyboard-response","444","1212231","0.0-17.0-0.32","69c2a6ec39af7c4c4c681804","69d7901e3430d13455efb336","69e8e953bd5e0bb8c4012632","<p style=""font-size: 60px; font-family: FragmentMono"">UXVTIQFMC</p>","","","training","","","","","","",""
"null","null","html-keyboard-response","445","1213242","0.0-17.0-0.33","69c2a6ec39af7c4c4c681804","69d7901e3430d13455efb336","69e8e953bd5e0bb8c4012632","<p style=""font-size: 60px; font-family: FragmentMono"">TUSOGPSU</p>","","","training","","","","","","",""
"null","null","html-keyboard-response","446","1214243","0.0-17.0-0.34","69c2a6ec39af7c4c4c681804","69d7901e3430d13455efb336","69e8e953bd5e0bb8c4012632","<p style=""font-size: 60px; font-family: FragmentMono"">BABJGLY</p>","","","training","","","","","","",""
"null","null","html-keyboard-response","447","1215244","0.0-17.0-0.35","69c2a6ec39af7c4c4c681804","69d7901e3430d13455efb336","69e8e953bd5e0bb8c4012632","<p style=""font-size: 60px; font-family: FragmentMono"">UXVTIEYOG</p>","","","training","","","","","","",""
"null","null","html-keyboard-response","448","1216245","0.0-17.0-0.36","69c2a6ec39af7c4c4c681804","69d7901e3430d13455efb336","69e8e953bd5e0bb8c4012632","<p style=""font-size: 60px; font-family: FragmentMono"">IDKYXKQW</p>","","","training","","","","","","",""
"null","null","html-keyboard-response","449","1217247","0.0-17.0-0.37","69c2a6ec39af7c4c4c681804","69d7901e3430d13455efb336","69e8e953bd5e0bb8c4012632","<p style=""font-size: 60px; font-family: FragmentMono"">WAEMIRBO</p>","","","training","","","","","","",""
"null","null","html-keyboard-response","450","1218262","0.0-17.0-0.38","69c2a6ec39af7c4c4c681804","69d7901e3430d13455efb336","69e8e953bd5e0bb8c4012632","<p style=""font-size: 60px; font-family: FragmentMono"">FDMJCEYOG</p>","","","training","","","","","","",""
"null","null","html-keyboard-response","451","1219262","0.0-17.0-0.39","69c2a6ec39af7c4c4c681804","69d7901e3430d13455efb336","69e8e953bd5e0bb8c4012632","<p style=""font-size: 60px; font-family: FragmentMono"">TUSOGRBO</p>","","","training","","","","","","",""
"null","null","html-keyboard-response","452","1220264","0.0-17.0-0.40","69c2a6ec39af7c4c4c681804","69d7901e3430d13455efb336","69e8e953bd5e0bb8c4012632","<p style=""font-size: 60px; font-family: FragmentMono"">XNJUGLY</p>","","","training","","","","","","",""
"null","null","html-keyboard-response","453","1221278","0.0-17.0-0.41","69c2a6ec39af7c4c4c681804","69d7901e3430d13455efb336","69e8e953bd5e0bb8c4012632","<p style=""font-size: 60px; font-family: FragmentMono"">LYEAQFMC</p>","","","training","","","","","","",""
"null","null","html-keyboard-response","454","1222279","0.0-17.0-0.42","69c2a6ec39af7c4c4c681804","69d7901e3430d13455efb336","69e8e953bd5e0bb8c4012632","<p style=""font-size: 60px; font-family: FragmentMono"">JXTJXTHW</p>","","","training","","","","","","",""
"null","null","html-keyboard-response","455","1223279","0.0-17.0-0.43","69c2a6ec39af7c4c4c681804","69d7901e3430d13455efb336","69e8e953bd5e0bb8c4012632","<p style=""font-size: 60px; font-family: FragmentMono"">DJZJEYOG</p>","","","training","","","","","","",""
"null","null","html-keyboard-response","456","1224294","0.0-17.0-0.44","69c2a6ec39af7c4c4c681804","69d7901e3430d13455efb336","69e8e953bd5e0bb8c4012632","<p style=""font-size: 60px; font-family: FragmentMono"">WAEMIPSU</p>","","","training","","","","","","",""
"null","null","html-keyboard-response","457","1225295","0.0-17.0-0.45","69c2a6ec39af7c4c4c681804","69d7901e3430d13455efb336","69e8e953bd5e0bb8c4012632","<p style=""font-size: 60px; font-family: FragmentMono"">FDMJCGLY</p>","","","training","","","","","","",""
"null","null","html-keyboard-response","458","1226296","0.0-17.0-0.46","69c2a6ec39af7c4c4c681804","69d7901e3430d13455efb336","69e8e953bd5e0bb8c4012632","<p style=""font-size: 60px; font-family: FragmentMono"">VEVCHJXPX</p>","","","training","","","","","","",""
"null","null","html-keyboard-response","459","1227311","0.0-17.0-0.47","69c2a6ec39af7c4c4c681804","69d7901e3430d13455efb336","69e8e953bd5e0bb8c4012632","<p style=""font-size: 60px; font-family: FragmentMono"">DJZJGLY</p>","","","training","","","","","","",""
"null","null","html-keyboard-response","460","1228312","0.0-17.0-0.48","69c2a6ec39af7c4c4c681804","69d7901e3430d13455efb336","69e8e953bd5e0bb8c4012632","<p style=""font-size: 60px; font-family: FragmentMono"">LYEAKSL</p>","","","training","","","","","","",""
"null","null","html-keyboard-response","461","1229316","0.0-17.0-0.49","69c2a6ec39af7c4c4c681804","69d7901e3430d13455efb336","69e8e953bd5e0bb8c4012632","<p style=""font-size: 60px; font-family: FragmentMono"">WAEMICAVY</p>","","","training","","","","","","",""
"null","null","html-keyboard-response","462","1230317","0.0-17.0-0.50","69c2a6ec39af7c4c4c681804","69d7901e3430d13455efb336","69e8e953bd5e0bb8c4012632","<p style=""font-size: 60px; font-family: FragmentMono"">XNJUKSL</p>","","","training","","","","","","",""
"null","null","html-keyboard-response","463","1231330","0.0-17.0-0.51","69c2a6ec39af7c4c4c681804","69d7901e3430d13455efb336","69e8e953bd5e0bb8c4012632","<p style=""font-size: 60px; font-family: FragmentMono"">UXWLPSU</p>","","","training","","","","","","",""
"null","null","html-keyboard-response","464","1232345","0.0-17.0-0.52","69c2a6ec39af7c4c4c681804","69d7901e3430d13455efb336","69e8e953bd5e0bb8c4012632","<p style=""font-size: 60px; font-family: FragmentMono"">BABJTHW</p>","","","training","","","","","","",""
"null","null","html-keyboard-response","465","1233352","0.0-17.0-0.53","69c2a6ec39af7c4c4c681804","69d7901e3430d13455efb336","69e8e953bd5e0bb8c4012632","<p style=""font-size: 60px; font-family: FragmentMono"">BIWIRBO</p>","","","training","","","","","","",""
"null","null","html-keyboard-response","466","1234353","0.0-17.0-0.54","69c2a6ec39af7c4c4c681804","69d7901e3430d13455efb336","69e8e953bd5e0bb8c4012632","<p style=""font-size: 60px; font-family: FragmentMono"">BABJKSL</p>","","","training","","","","","","",""
"null","null","html-keyboard-response","467","1235354","0.0-17.0-0.55","69c2a6ec39af7c4c4c681804","69d7901e3430d13455efb336","69e8e953bd5e0bb8c4012632","<p style=""font-size: 60px; font-family: FragmentMono"">BIWIJXPX</p>","","","training","","","","","","",""
"null","null","html-keyboard-response","468","1236355","0.0-17.0-0.56","69c2a6ec39af7c4c4c681804","69d7901e3430d13455efb336","69e8e953bd5e0bb8c4012632","<p style=""font-size: 60px; font-family: FragmentMono"">JXTJXKSL</p>","","","training","","","","","","",""
"null","null","html-keyboard-response","469","1237356","0.0-17.0-0.57","69c2a6ec39af7c4c4c681804","69d7901e3430d13455efb336","69e8e953bd5e0bb8c4012632","<p style=""font-size: 60px; font-family: FragmentMono"">WRGAMJXPX</p>","","","training","","","","","","",""
"null","null","html-keyboard-response","470","1238369","0.0-17.0-0.58","69c2a6ec39af7c4c4c681804","69d7901e3430d13455efb336","69e8e953bd5e0bb8c4012632","<p style=""font-size: 60px; font-family: FragmentMono"">NTGLGCAVY</p>","","","training","","","","","","",""
"null","null","html-keyboard-response","471","1239381","0.0-17.0-0.59","69c2a6ec39af7c4c4c681804","69d7901e3430d13455efb336","69e8e953bd5e0bb8c4012632","<p style=""font-size: 60px; font-family: FragmentMono"">FDMJCKSL</p>","","","training","","","","","","",""
"null","null","html-keyboard-response","472","1240382","0.0-17.0-0.60","69c2a6ec39af7c4c4c681804","69d7901e3430d13455efb336","69e8e953bd5e0bb8c4012632","<p style=""font-size: 60px; font-family: FragmentMono"">RGWFWPSU</p>","","","training","","","","","","",""
"null","null","html-keyboard-response","473","1241383","0.0-17.0-0.61","69c2a6ec39af7c4c4c681804","69d7901e3430d13455efb336","69e8e953bd5e0bb8c4012632","<p style=""font-size: 60px; font-family: FragmentMono"">TQITRBO</p>","","","training","","","","","","",""
"null","null","html-keyboard-response","474","1242384","0.0-17.0-0.62","69c2a6ec39af7c4c4c681804","69d7901e3430d13455efb336","69e8e953bd5e0bb8c4012632","<p style=""font-size: 60px; font-family: FragmentMono"">XQXQFEYOG</p>","","","training","","","","","","",""
"null","null","html-keyboard-response","475","1243384","0.0-17.0-0.63","69c2a6ec39af7c4c4c681804","69d7901e3430d13455efb336","69e8e953bd5e0bb8c4012632","<p style=""font-size: 60px; font-family: FragmentMono"">KSBZJQFMC</p>","","","training","","","","","","",""
"null","null","html-keyboard-response","476","1244386","0.0-17.0-0.64","69c2a6ec39af7c4c4c681804","69d7901e3430d13455efb336","69e8e953bd5e0bb8c4012632","<p style=""font-size: 60px; font-family: FragmentMono"">NTGLGJXPX</p>","","","training","","","","","","",""
"null","null","html-keyboard-response","477","1245387","0.0-17.0-0.65","69c2a6ec39af7c4c4c681804","69d7901e3430d13455efb336","69e8e953bd5e0bb8c4012632","<p style=""font-size: 60px; font-family: FragmentMono"">XNJUTHW</p>","","","training","","","","","","",""
"null","null","html-keyboard-response","478","1246388","0.0-17.0-0.66","69c2a6ec39af7c4c4c681804","69d7901e3430d13455efb336","69e8e953bd5e0bb8c4012632","<p style=""font-size: 60px; font-family: FragmentMono"">KSBZJGLY</p>","","","training","","","","","","",""
"null","null","html-keyboard-response","479","1247389","0.0-17.0-0.67","69c2a6ec39af7c4c4c681804","69d7901e3430d13455efb336","69e8e953bd5e0bb8c4012632","<p style=""font-size: 60px; font-family: FragmentMono"">BIWIKQW</p>","","","training","","","","","","",""
"null","null","html-keyboard-response","480","1248390","0.0-17.0-0.68","69c2a6ec39af7c4c4c681804","69d7901e3430d13455efb336","69e8e953bd5e0bb8c4012632","<p style=""font-size: 60px; font-family: FragmentMono"">WRGAMPSU</p>","","","training","","","","","","",""
"null","null","html-keyboard-response","481","1249391","0.0-17.0-0.69","69c2a6ec39af7c4c4c681804","69d7901e3430d13455efb336","69e8e953bd5e0bb8c4012632","<p style=""font-size: 60px; font-family: FragmentMono"">XNJUQFMC</p>","","","training","","","","","","",""
"null","null","html-keyboard-response","482","1250407","0.0-17.0-0.70","69c2a6ec39af7c4c4c681804","69d7901e3430d13455efb336","69e8e953bd5e0bb8c4012632","<p style=""font-size: 60px; font-family: FragmentMono"">VEVCHKQW</p>","","","training","","","","","","",""
"null","null","html-keyboard-response","483","1251418","0.0-17.0-0.71","69c2a6ec39af7c4c4c681804","69d7901e3430d13455efb336","69e8e953bd5e0bb8c4012632","<p style=""font-size: 60px; font-family: FragmentMono"">OSHEZTHW</p>","","","training","","","","","","",""
"null","null","html-keyboard-response","484","1252429","0.0-17.0-0.72","69c2a6ec39af7c4c4c681804","69d7901e3430d13455efb336","69e8e953bd5e0bb8c4012632","<p style=""font-size: 60px; font-family: FragmentMono"">LYEAEYOG</p>","","","training","","","","","","",""
"null","null","html-keyboard-response","485","1253438","0.0-17.0-0.73","69c2a6ec39af7c4c4c681804","69d7901e3430d13455efb336","69e8e953bd5e0bb8c4012632","<p style=""font-size: 60px; font-family: FragmentMono"">TQITCAVY</p>","","","training","","","","","","",""
"null","null","html-keyboard-response","486","1254439","0.0-17.0-0.74","69c2a6ec39af7c4c4c681804","69d7901e3430d13455efb336","69e8e953bd5e0bb8c4012632","<p style=""font-size: 60px; font-family: FragmentMono"">UXWLKQW</p>","","","training","","","","","","",""
"null","null","html-keyboard-response","487","1255441","0.0-17.0-0.75","69c2a6ec39af7c4c4c681804","69d7901e3430d13455efb336","69e8e953bd5e0bb8c4012632","<p style=""font-size: 60px; font-family: FragmentMono"">XQXQFKSL</p>","","","training","","","","","","",""
"null","null","html-keyboard-response","488","1256443","0.0-17.0-0.76","69c2a6ec39af7c4c4c681804","69d7901e3430d13455efb336","69e8e953bd5e0bb8c4012632","<p style=""font-size: 60px; font-family: FragmentMono"">BIWICAVY</p>","","","training","","","","","","",""
"null","null","html-keyboard-response","489","1257444","0.0-17.0-0.77","69c2a6ec39af7c4c4c681804","69d7901e3430d13455efb336","69e8e953bd5e0bb8c4012632","<p style=""font-size: 60px; font-family: FragmentMono"">JXTJXQFMC</p>","","","training","","","","","","",""
"null","null","html-keyboard-response","490","1258450","0.0-17.0-0.78","69c2a6ec39af7c4c4c681804","69d7901e3430d13455efb336","69e8e953bd5e0bb8c4012632","<p style=""font-size: 60px; font-family: FragmentMono"">NTGLGRBO</p>","","","training","","","","","","",""
"null","null","html-keyboard-response","491","1259451","0.0-17.0-0.79","69c2a6ec39af7c4c4c681804","69d7901e3430d13455efb336","69e8e953bd5e0bb8c4012632","<p style=""font-size: 60px; font-family: FragmentMono"">TQITPSU</p>","","","training","","","","","","",""
"30471"," ","html-keyboard-response","492","1289922","0.0-18.0","69c2a6ec39af7c4c4c681804","69d7901e3430d13455efb336","69e8e953bd5e0bb8c4012632","<p style=""font-size: 30px"">Great, you've seen the sixth block of words. You may now take a short break.</p>
      <p style=""font-size: 30px"">Press the spacebar when you're ready to continue.</p>","","","","","","","","","",""
"null","null","html-keyboard-response","493","1290923","0.0-19.0-0.0","69c2a6ec39af7c4c4c681804","69d7901e3430d13455efb336","69e8e953bd5e0bb8c4012632","<p style=""font-size: 60px; font-family: FragmentMono"">IDKYXKQW</p>","","","training","","","","","","",""
"null","null","html-keyboard-response","494","1291929","0.0-19.0-0.1","69c2a6ec39af7c4c4c681804","69d7901e3430d13455efb336","69e8e953bd5e0bb8c4012632","<p style=""font-size: 60px; font-family: FragmentMono"">NTGLGRBO</p>","","","training","","","","","","",""
"null","null","html-keyboard-response","495","1292930","0.0-19.0-0.2","69c2a6ec39af7c4c4c681804","69d7901e3430d13455efb336","69e8e953bd5e0bb8c4012632","<p style=""font-size: 60px; font-family: FragmentMono"">FDMJCEYOG</p>","","","training","","","","","","",""
"null","null","html-keyboard-response","496","1293931","0.0-19.0-0.3","69c2a6ec39af7c4c4c681804","69d7901e3430d13455efb336","69e8e953bd5e0bb8c4012632","<p style=""font-size: 60px; font-family: FragmentMono"">RGWFWKQW</p>","","","training","","","","","","",""
"null","null","html-keyboard-response","497","1294932","0.0-19.0-0.4","69c2a6ec39af7c4c4c681804","69d7901e3430d13455efb336","69e8e953bd5e0bb8c4012632","<p style=""font-size: 60px; font-family: FragmentMono"">UXVTIEYOG</p>","","","training","","","","","","",""
"null","null","html-keyboard-response","498","1295932","0.0-19.0-0.5","69c2a6ec39af7c4c4c681804","69d7901e3430d13455efb336","69e8e953bd5e0bb8c4012632","<p style=""font-size: 60px; font-family: FragmentMono"">WRGAMRBO</p>","","","training","","","","","","",""
"null","null","html-keyboard-response","499","1296943","0.0-19.0-0.6","69c2a6ec39af7c4c4c681804","69d7901e3430d13455efb336","69e8e953bd5e0bb8c4012632","<p style=""font-size: 60px; font-family: FragmentMono"">BIWIJXPX</p>","","","training","","","","","","",""
"null","null","html-keyboard-response","500","1297958","0.0-19.0-0.7","69c2a6ec39af7c4c4c681804","69d7901e3430d13455efb336","69e8e953bd5e0bb8c4012632","<p style=""font-size: 60px; font-family: FragmentMono"">JXTJXKSL</p>","","","training","","","","","","",""
"null","null","html-keyboard-response","501","1298966","0.0-19.0-0.8","69c2a6ec39af7c4c4c681804","69d7901e3430d13455efb336","69e8e953bd5e0bb8c4012632","<p style=""font-size: 60px; font-family: FragmentMono"">BABJEYOG</p>","","","training","","","","","","",""
"null","null","html-keyboard-response","502","1299976","0.0-19.0-0.9","69c2a6ec39af7c4c4c681804","69d7901e3430d13455efb336","69e8e953bd5e0bb8c4012632","<p style=""font-size: 60px; font-family: FragmentMono"">KSBZJQFMC</p>","","","training","","","","","","",""
"null","null","html-keyboard-response","503","1300984","0.0-19.0-0.10","69c2a6ec39af7c4c4c681804","69d7901e3430d13455efb336","69e8e953bd5e0bb8c4012632","<p style=""font-size: 60px; font-family: FragmentMono"">IDKYXJXPX</p>","","","training","","","","","","",""
"null","null","html-keyboard-response","504","1301986","0.0-19.0-0.11","69c2a6ec39af7c4c4c681804","69d7901e3430d13455efb336","69e8e953bd5e0bb8c4012632","<p style=""font-size: 60px; font-family: FragmentMono"">NTGLGCAVY</p>","","","training","","","","","","",""
"null","null","html-keyboard-response","505","1302987","0.0-19.0-0.12","69c2a6ec39af7c4c4c681804","69d7901e3430d13455efb336","69e8e953bd5e0bb8c4012632","<p style=""font-size: 60px; font-family: FragmentMono"">BIWIKQW</p>","","","training","","","","","","",""
"null","null","html-keyboard-response","506","1303987","0.0-19.0-0.13","69c2a6ec39af7c4c4c681804","69d7901e3430d13455efb336","69e8e953bd5e0bb8c4012632","<p style=""font-size: 60px; font-family: FragmentMono"">FDMJCKSL</p>","","","training","","","","","","",""
"null","null","html-keyboard-response","507","1304988","0.0-19.0-0.14","69c2a6ec39af7c4c4c681804","69d7901e3430d13455efb336","69e8e953bd5e0bb8c4012632","<p style=""font-size: 60px; font-family: FragmentMono"">XQXQFGLY</p>","","","training","","","","","","",""
"null","null","html-keyboard-response","508","1305989","0.0-19.0-0.15","69c2a6ec39af7c4c4c681804","69d7901e3430d13455efb336","69e8e953bd5e0bb8c4012632","<p style=""font-size: 60px; font-family: FragmentMono"">RGWFWJXPX</p>","","","training","","","","","","",""
"null","null","html-keyboard-response","509","1306991","0.0-19.0-0.16","69c2a6ec39af7c4c4c681804","69d7901e3430d13455efb336","69e8e953bd5e0bb8c4012632","<p style=""font-size: 60px; font-family: FragmentMono"">UXVTIKSL</p>","","","training","","","","","","",""
"null","null","html-keyboard-response","510","1307992","0.0-19.0-0.17","69c2a6ec39af7c4c4c681804","69d7901e3430d13455efb336","69e8e953bd5e0bb8c4012632","<p style=""font-size: 60px; font-family: FragmentMono"">TUSOGPSU</p>","","","training","","","","","","",""
"null","null","html-keyboard-response","511","1308995","0.0-19.0-0.18","69c2a6ec39af7c4c4c681804","69d7901e3430d13455efb336","69e8e953bd5e0bb8c4012632","<p style=""font-size: 60px; font-family: FragmentMono"">KSBZJGLY</p>","","","training","","","","","","",""
"null","null","html-keyboard-response","512","1309997","0.0-19.0-0.19","69c2a6ec39af7c4c4c681804","69d7901e3430d13455efb336","69e8e953bd5e0bb8c4012632","<p style=""font-size: 60px; font-family: FragmentMono"">IDKYXPSU</p>","","","training","","","","","","",""
"null","null","html-keyboard-response","513","1311007","0.0-19.0-0.20","69c2a6ec39af7c4c4c681804","69d7901e3430d13455efb336","69e8e953bd5e0bb8c4012632","<p style=""font-size: 60px; font-family: FragmentMono"">UXWLKQW</p>","","","training","","","","","","",""
"null","null","html-keyboard-response","514","1312009","0.0-19.0-0.21","69c2a6ec39af7c4c4c681804","69d7901e3430d13455efb336","69e8e953bd5e0bb8c4012632","<p style=""font-size: 60px; font-family: FragmentMono"">OSHEZGLY</p>","","","training","","","","","","",""
"null","null","html-keyboard-response","515","1313018","0.0-19.0-0.22","69c2a6ec39af7c4c4c681804","69d7901e3430d13455efb336","69e8e953bd5e0bb8c4012632","<p style=""font-size: 60px; font-family: FragmentMono"">VEVCHPSU</p>","","","training","","","","","","",""
"null","null","html-keyboard-response","516","1314019","0.0-19.0-0.23","69c2a6ec39af7c4c4c681804","69d7901e3430d13455efb336","69e8e953bd5e0bb8c4012632","<p style=""font-size: 60px; font-family: FragmentMono"">JXTJXGLY</p>","","","training","","","","","","",""
"null","null","html-keyboard-response","517","1315027","0.0-19.0-0.24","69c2a6ec39af7c4c4c681804","69d7901e3430d13455efb336","69e8e953bd5e0bb8c4012632","<p style=""font-size: 60px; font-family: FragmentMono"">XNJUTHW</p>","","","training","","","","","","",""
"null","null","html-keyboard-response","518","1316034","0.0-19.0-0.25","69c2a6ec39af7c4c4c681804","69d7901e3430d13455efb336","69e8e953bd5e0bb8c4012632","<p style=""font-size: 60px; font-family: FragmentMono"">UXVTIQFMC</p>","","","training","","","","","","",""
"null","null","html-keyboard-response","519","1317050","0.0-19.0-0.26","69c2a6ec39af7c4c4c681804","69d7901e3430d13455efb336","69e8e953bd5e0bb8c4012632","<p style=""font-size: 60px; font-family: FragmentMono"">BIWIRBO</p>","","","training","","","","","","",""
"null","null","html-keyboard-response","520","1318064","0.0-19.0-0.27","69c2a6ec39af7c4c4c681804","69d7901e3430d13455efb336","69e8e953bd5e0bb8c4012632","<p style=""font-size: 60px; font-family: FragmentMono"">TQITCAVY</p>","","","training","","","","","","",""
"null","null","html-keyboard-response","521","1319065","0.0-19.0-0.28","69c2a6ec39af7c4c4c681804","69d7901e3430d13455efb336","69e8e953bd5e0bb8c4012632","<p style=""font-size: 60px; font-family: FragmentMono"">KSBZJEYOG</p>","","","training","","","","","","",""
"null","null","html-keyboard-response","522","1320066","0.0-19.0-0.29","69c2a6ec39af7c4c4c681804","69d7901e3430d13455efb336","69e8e953bd5e0bb8c4012632","<p style=""font-size: 60px; font-family: FragmentMono"">UXVTITHW</p>","","","training","","","","","","",""
"null","null","html-keyboard-response","523","1321067","0.0-19.0-0.30","69c2a6ec39af7c4c4c681804","69d7901e3430d13455efb336","69e8e953bd5e0bb8c4012632","<p style=""font-size: 60px; font-family: FragmentMono"">DJZJEYOG</p>","","","training","","","","","","",""
"null","null","html-keyboard-response","524","1322068","0.0-19.0-0.31","69c2a6ec39af7c4c4c681804","69d7901e3430d13455efb336","69e8e953bd5e0bb8c4012632","<p style=""font-size: 60px; font-family: FragmentMono"">LYEAQFMC</p>","","","training","","","","","","",""
"null","null","html-keyboard-response","525","1323073","0.0-19.0-0.32","69c2a6ec39af7c4c4c681804","69d7901e3430d13455efb336","69e8e953bd5e0bb8c4012632","<p style=""font-size: 60px; font-family: FragmentMono"">WRGAMJXPX</p>","","","training","","","","","","",""
"null","null","html-keyboard-response","526","1324083","0.0-19.0-0.33","69c2a6ec39af7c4c4c681804","69d7901e3430d13455efb336","69e8e953bd5e0bb8c4012632","<p style=""font-size: 60px; font-family: FragmentMono"">LYEAEYOG</p>","","","training","","","","","","",""
"null","null","html-keyboard-response","527","1325084","0.0-19.0-0.34","69c2a6ec39af7c4c4c681804","69d7901e3430d13455efb336","69e8e953bd5e0bb8c4012632","<p style=""font-size: 60px; font-family: FragmentMono"">JXTJXQFMC</p>","","","training","","","","","","",""
"null","null","html-keyboard-response","528","1326093","0.0-19.0-0.35","69c2a6ec39af7c4c4c681804","69d7901e3430d13455efb336","69e8e953bd5e0bb8c4012632","<p style=""font-size: 60px; font-family: FragmentMono"">BABJTHW</p>","","","training","","","","","","",""
"null","null","html-keyboard-response","529","1327093","0.0-19.0-0.36","69c2a6ec39af7c4c4c681804","69d7901e3430d13455efb336","69e8e953bd5e0bb8c4012632","<p style=""font-size: 60px; font-family: FragmentMono"">RGWFWCAVY</p>","","","training","","","","","","",""
"null","null","html-keyboard-response","530","1328095","0.0-19.0-0.37","69c2a6ec39af7c4c4c681804","69d7901e3430d13455efb336","69e8e953bd5e0bb8c4012632","<p style=""font-size: 60px; font-family: FragmentMono"">UXWLJXPX</p>","","","training","","","","","","",""
"null","null","html-keyboard-response","531","1329109","0.0-19.0-0.38","69c2a6ec39af7c4c4c681804","69d7901e3430d13455efb336","69e8e953bd5e0bb8c4012632","<p style=""font-size: 60px; font-family: FragmentMono"">WRGAMPSU</p>","","","training","","","","","","",""
"null","null","html-keyboard-response","532","1330119","0.0-19.0-0.39","69c2a6ec39af7c4c4c681804","69d7901e3430d13455efb336","69e8e953bd5e0bb8c4012632","<p style=""font-size: 60px; font-family: FragmentMono"">TQITKQW</p>","","","training","","","","","","",""
"null","null","html-keyboard-response","533","1331120","0.0-19.0-0.40","69c2a6ec39af7c4c4c681804","69d7901e3430d13455efb336","69e8e953bd5e0bb8c4012632","<p style=""font-size: 60px; font-family: FragmentMono"">WAEMIRBO</p>","","","training","","","","","","",""
"null","null","html-keyboard-response","534","1332128","0.0-19.0-0.41","69c2a6ec39af7c4c4c681804","69d7901e3430d13455efb336","69e8e953bd5e0bb8c4012632","<p style=""font-size: 60px; font-family: FragmentMono"">XQXQFKSL</p>","","","training","","","","","","",""
"null","null","html-keyboard-response","535","1333138","0.0-19.0-0.42","69c2a6ec39af7c4c4c681804","69d7901e3430d13455efb336","69e8e953bd5e0bb8c4012632","<p style=""font-size: 60px; font-family: FragmentMono"">OSHEZQFMC</p>","","","training","","","","","","",""
"null","null","html-keyboard-response","536","1334139","0.0-19.0-0.43","69c2a6ec39af7c4c4c681804","69d7901e3430d13455efb336","69e8e953bd5e0bb8c4012632","<p style=""font-size: 60px; font-family: FragmentMono"">TQITPSU</p>","","","training","","","","","","",""
"null","null","html-keyboard-response","537","1335141","0.0-19.0-0.44","69c2a6ec39af7c4c4c681804","69d7901e3430d13455efb336","69e8e953bd5e0bb8c4012632","<p style=""font-size: 60px; font-family: FragmentMono"">OSHEZTHW</p>","","","training","","","","","","",""
"null","null","html-keyboard-response","538","1336142","0.0-19.0-0.45","69c2a6ec39af7c4c4c681804","69d7901e3430d13455efb336","69e8e953bd5e0bb8c4012632","<p style=""font-size: 60px; font-family: FragmentMono"">TUSOGCAVY</p>","","","training","","","","","","",""
"null","null","html-keyboard-response","539","1337143","0.0-19.0-0.46","69c2a6ec39af7c4c4c681804","69d7901e3430d13455efb336","69e8e953bd5e0bb8c4012632","<p style=""font-size: 60px; font-family: FragmentMono"">DJZJKSL</p>","","","training","","","","","","",""
"null","null","html-keyboard-response","540","1338149","0.0-19.0-0.47","69c2a6ec39af7c4c4c681804","69d7901e3430d13455efb336","69e8e953bd5e0bb8c4012632","<p style=""font-size: 60px; font-family: FragmentMono"">FDMJCGLY</p>","","","training","","","","","","",""
"null","null","html-keyboard-response","541","1339150","0.0-19.0-0.48","69c2a6ec39af7c4c4c681804","69d7901e3430d13455efb336","69e8e953bd5e0bb8c4012632","<p style=""font-size: 60px; font-family: FragmentMono"">NTGLGJXPX</p>","","","training","","","","","","",""
"null","null","html-keyboard-response","542","1340151","0.0-19.0-0.49","69c2a6ec39af7c4c4c681804","69d7901e3430d13455efb336","69e8e953bd5e0bb8c4012632","<p style=""font-size: 60px; font-family: FragmentMono"">JXTJXTHW</p>","","","training","","","","","","",""
"null","null","html-keyboard-response","543","1341152","0.0-19.0-0.50","69c2a6ec39af7c4c4c681804","69d7901e3430d13455efb336","69e8e953bd5e0bb8c4012632","<p style=""font-size: 60px; font-family: FragmentMono"">DJZJGLY</p>","","","training","","","","","","",""
"null","null","html-keyboard-response","544","1342162","0.0-19.0-0.51","69c2a6ec39af7c4c4c681804","69d7901e3430d13455efb336","69e8e953bd5e0bb8c4012632","<p style=""font-size: 60px; font-family: FragmentMono"">XQXQFEYOG</p>","","","training","","","","","","",""
"null","null","html-keyboard-response","545","1343170","0.0-19.0-0.52","69c2a6ec39af7c4c4c681804","69d7901e3430d13455efb336","69e8e953bd5e0bb8c4012632","<p style=""font-size: 60px; font-family: FragmentMono"">VEVCHRBO</p>","","","training","","","","","","",""
"null","null","html-keyboard-response","546","1344171","0.0-19.0-0.53","69c2a6ec39af7c4c4c681804","69d7901e3430d13455efb336","69e8e953bd5e0bb8c4012632","<p style=""font-size: 60px; font-family: FragmentMono"">FDMJCQFMC</p>","","","training","","","","","","",""
"null","null","html-keyboard-response","547","1345171","0.0-19.0-0.54","69c2a6ec39af7c4c4c681804","69d7901e3430d13455efb336","69e8e953bd5e0bb8c4012632","<p style=""font-size: 60px; font-family: FragmentMono"">BABJKSL</p>","","","training","","","","","","",""
"null","null","html-keyboard-response","548","1346185","0.0-19.0-0.55","69c2a6ec39af7c4c4c681804","69d7901e3430d13455efb336","69e8e953bd5e0bb8c4012632","<p style=""font-size: 60px; font-family: FragmentMono"">KSBZJTHW</p>","","","training","","","","","","",""
"null","null","html-keyboard-response","549","1347186","0.0-19.0-0.56","69c2a6ec39af7c4c4c681804","69d7901e3430d13455efb336","69e8e953bd5e0bb8c4012632","<p style=""font-size: 60px; font-family: FragmentMono"">XNJUKSL</p>","","","training","","","","","","",""
"null","null","html-keyboard-response","550","1348186","0.0-19.0-0.57","69c2a6ec39af7c4c4c681804","69d7901e3430d13455efb336","69e8e953bd5e0bb8c4012632","<p style=""font-size: 60px; font-family: FragmentMono"">VEVCHJXPX</p>","","","training","","","","","","",""
"null","null","html-keyboard-response","551","1349197","0.0-19.0-0.58","69c2a6ec39af7c4c4c681804","69d7901e3430d13455efb336","69e8e953bd5e0bb8c4012632","<p style=""font-size: 60px; font-family: FragmentMono"">LYEAKSL</p>","","","training","","","","","","",""
"null","null","html-keyboard-response","552","1350199","0.0-19.0-0.59","69c2a6ec39af7c4c4c681804","69d7901e3430d13455efb336","69e8e953bd5e0bb8c4012632","<p style=""font-size: 60px; font-family: FragmentMono"">OSHEZEYOG</p>","","","training","","","","","","",""
"null","null","html-keyboard-response","553","1351199","0.0-19.0-0.60","69c2a6ec39af7c4c4c681804","69d7901e3430d13455efb336","69e8e953bd5e0bb8c4012632","<p style=""font-size: 60px; font-family: FragmentMono"">TQITRBO</p>","","","training","","","","","","",""
"null","null","html-keyboard-response","554","1352200","0.0-19.0-0.61","69c2a6ec39af7c4c4c681804","69d7901e3430d13455efb336","69e8e953bd5e0bb8c4012632","<p style=""font-size: 60px; font-family: FragmentMono"">NTGLGKQW</p>","","","training","","","","","","",""
"null","null","html-keyboard-response","555","1353202","0.0-19.0-0.62","69c2a6ec39af7c4c4c681804","69d7901e3430d13455efb336","69e8e953bd5e0bb8c4012632","<p style=""font-size: 60px; font-family: FragmentMono"">WAEMICAVY</p>","","","training","","","","","","",""
"null","null","html-keyboard-response","556","1354202","0.0-19.0-0.63","69c2a6ec39af7c4c4c681804","69d7901e3430d13455efb336","69e8e953bd5e0bb8c4012632","<p style=""font-size: 60px; font-family: FragmentMono"">LYEATHW</p>","","","training","","","","","","",""
"null","null","html-keyboard-response","557","1355216","0.0-19.0-0.64","69c2a6ec39af7c4c4c681804","69d7901e3430d13455efb336","69e8e953bd5e0bb8c4012632","<p style=""font-size: 60px; font-family: FragmentMono"">TUSOGKQW</p>","","","training","","","","","","",""
"null","null","html-keyboard-response","558","1356217","0.0-19.0-0.65","69c2a6ec39af7c4c4c681804","69d7901e3430d13455efb336","69e8e953bd5e0bb8c4012632","<p style=""font-size: 60px; font-family: FragmentMono"">IDKYXCAVY</p>","","","training","","","","","","",""
"null","null","html-keyboard-response","559","1357217","0.0-19.0-0.66","69c2a6ec39af7c4c4c681804","69d7901e3430d13455efb336","69e8e953bd5e0bb8c4012632","<p style=""font-size: 60px; font-family: FragmentMono"">XNJUQFMC</p>","","","training","","","","","","",""
"null","null","html-keyboard-response","560","1358230","0.0-19.0-0.67","69c2a6ec39af7c4c4c681804","69d7901e3430d13455efb336","69e8e953bd5e0bb8c4012632","<p style=""font-size: 60px; font-family: FragmentMono"">RGWFWPSU</p>","","","training","","","","","","",""
"null","null","html-keyboard-response","561","1359243","0.0-19.0-0.68","69c2a6ec39af7c4c4c681804","69d7901e3430d13455efb336","69e8e953bd5e0bb8c4012632","<p style=""font-size: 60px; font-family: FragmentMono"">UXWLRBO</p>","","","training","","","","","","",""
"null","null","html-keyboard-response","562","1360253","0.0-19.0-0.69","69c2a6ec39af7c4c4c681804","69d7901e3430d13455efb336","69e8e953bd5e0bb8c4012632","<p style=""font-size: 60px; font-family: FragmentMono"">VEVCHKQW</p>","","","training","","","","","","",""
"null","null","html-keyboard-response","563","1361254","0.0-19.0-0.70","69c2a6ec39af7c4c4c681804","69d7901e3430d13455efb336","69e8e953bd5e0bb8c4012632","<p style=""font-size: 60px; font-family: FragmentMono"">XQXQFTHW</p>","","","training","","","","","","",""
"null","null","html-keyboard-response","564","1362257","0.0-19.0-0.71","69c2a6ec39af7c4c4c681804","69d7901e3430d13455efb336","69e8e953bd5e0bb8c4012632","<p style=""font-size: 60px; font-family: FragmentMono"">WRGAMCAVY</p>","","","training","","","","","","",""
"null","null","html-keyboard-response","565","1363268","0.0-19.0-0.72","69c2a6ec39af7c4c4c681804","69d7901e3430d13455efb336","69e8e953bd5e0bb8c4012632","<p style=""font-size: 60px; font-family: FragmentMono"">WAEMIPSU</p>","","","training","","","","","","",""
"null","null","html-keyboard-response","566","1364278","0.0-19.0-0.73","69c2a6ec39af7c4c4c681804","69d7901e3430d13455efb336","69e8e953bd5e0bb8c4012632","<p style=""font-size: 60px; font-family: FragmentMono"">XNJUGLY</p>","","","training","","","","","","",""
"null","null","html-keyboard-response","567","1365292","0.0-19.0-0.74","69c2a6ec39af7c4c4c681804","69d7901e3430d13455efb336","69e8e953bd5e0bb8c4012632","<p style=""font-size: 60px; font-family: FragmentMono"">BIWICAVY</p>","","","training","","","","","","",""
"null","null","html-keyboard-response","568","1366292","0.0-19.0-0.75","69c2a6ec39af7c4c4c681804","69d7901e3430d13455efb336","69e8e953bd5e0bb8c4012632","<p style=""font-size: 60px; font-family: FragmentMono"">UXWLPSU</p>","","","training","","","","","","",""
"null","null","html-keyboard-response","569","1367296","0.0-19.0-0.76","69c2a6ec39af7c4c4c681804","69d7901e3430d13455efb336","69e8e953bd5e0bb8c4012632","<p style=""font-size: 60px; font-family: FragmentMono"">BABJGLY</p>","","","training","","","","","","",""
"null","null","html-keyboard-response","570","1368298","0.0-19.0-0.77","69c2a6ec39af7c4c4c681804","69d7901e3430d13455efb336","69e8e953bd5e0bb8c4012632","<p style=""font-size: 60px; font-family: FragmentMono"">WAEMIJXPX</p>","","","training","","","","","","",""
"null","null","html-keyboard-response","571","1369298","0.0-19.0-0.78","69c2a6ec39af7c4c4c681804","69d7901e3430d13455efb336","69e8e953bd5e0bb8c4012632","<p style=""font-size: 60px; font-family: FragmentMono"">DJZJQFMC</p>","","","training","","","","","","",""
"null","null","html-keyboard-response","572","1370299","0.0-19.0-0.79","69c2a6ec39af7c4c4c681804","69d7901e3430d13455efb336","69e8e953bd5e0bb8c4012632","<p style=""font-size: 60px; font-family: FragmentMono"">TUSOGRBO</p>","","","training","","","","","","",""
"145692"," ","html-keyboard-response","573","1515991","0.0-20.0","69c2a6ec39af7c4c4c681804","69d7901e3430d13455efb336","69e8e953bd5e0bb8c4012632","<p style=""font-size: 30px"">Great, you've seen the seventh block of words. You may now take a short break.</p>
      <p style=""font-size: 30px"">Press the spacebar when you're ready to continue.</p>","","","","","","","","","",""
"null","null","html-keyboard-response","574","1516993","0.0-21.0-0.0","69c2a6ec39af7c4c4c681804","69d7901e3430d13455efb336","69e8e953bd5e0bb8c4012632","<p style=""font-size: 60px; font-family: FragmentMono"">XNJUKSL</p>","","","training","","","","","","",""
"null","null","html-keyboard-response","575","1517993","0.0-21.0-0.1","69c2a6ec39af7c4c4c681804","69d7901e3430d13455efb336","69e8e953bd5e0bb8c4012632","<p style=""font-size: 60px; font-family: FragmentMono"">JXTJXQFMC</p>","","","training","","","","","","",""
"null","null","html-keyboard-response","576","1518996","0.0-21.0-0.2","69c2a6ec39af7c4c4c681804","69d7901e3430d13455efb336","69e8e953bd5e0bb8c4012632","<p style=""font-size: 60px; font-family: FragmentMono"">OSHEZEYOG</p>","","","training","","","","","","",""
"null","null","html-keyboard-response","577","1519997","0.0-21.0-0.3","69c2a6ec39af7c4c4c681804","69d7901e3430d13455efb336","69e8e953bd5e0bb8c4012632","<p style=""font-size: 60px; font-family: FragmentMono"">FDMJCGLY</p>","","","training","","","","","","",""
"null","null","html-keyboard-response","578","1520998","0.0-21.0-0.4","69c2a6ec39af7c4c4c681804","69d7901e3430d13455efb336","69e8e953bd5e0bb8c4012632","<p style=""font-size: 60px; font-family: FragmentMono"">XNJUTHW</p>","","","training","","","","","","",""
"null","null","html-keyboard-response","579","1522000","0.0-21.0-0.5","69c2a6ec39af7c4c4c681804","69d7901e3430d13455efb336","69e8e953bd5e0bb8c4012632","<p style=""font-size: 60px; font-family: FragmentMono"">TUSOGRBO</p>","","","training","","","","","","",""
"null","null","html-keyboard-response","580","1523000","0.0-21.0-0.6","69c2a6ec39af7c4c4c681804","69d7901e3430d13455efb336","69e8e953bd5e0bb8c4012632","<p style=""font-size: 60px; font-family: FragmentMono"">RGWFWJXPX</p>","","","training","","","","","","",""
"null","null","html-keyboard-response","581","1524002","0.0-21.0-0.7","69c2a6ec39af7c4c4c681804","69d7901e3430d13455efb336","69e8e953bd5e0bb8c4012632","<p style=""font-size: 60px; font-family: FragmentMono"">WAEMIRBO</p>","","","training","","","","","","",""
"null","null","html-keyboard-response","582","1525003","0.0-21.0-0.8","69c2a6ec39af7c4c4c681804","69d7901e3430d13455efb336","69e8e953bd5e0bb8c4012632","<p style=""font-size: 60px; font-family: FragmentMono"">WRGAMCAVY</p>","","","training","","","","","","",""
"null","null","html-keyboard-response","583","1526009","0.0-21.0-0.9","69c2a6ec39af7c4c4c681804","69d7901e3430d13455efb336","69e8e953bd5e0bb8c4012632","<p style=""font-size: 60px; font-family: FragmentMono"">UXWLPSU</p>","","","training","","","","","","",""
"null","null","html-keyboard-response","584","1527010","0.0-21.0-0.10","69c2a6ec39af7c4c4c681804","69d7901e3430d13455efb336","69e8e953bd5e0bb8c4012632","<p style=""font-size: 60px; font-family: FragmentMono"">DJZJQFMC</p>","","","training","","","","","","",""
"null","null","html-keyboard-response","585","1528011","0.0-21.0-0.11","69c2a6ec39af7c4c4c681804","69d7901e3430d13455efb336","69e8e953bd5e0bb8c4012632","<p style=""font-size: 60px; font-family: FragmentMono"">WRGAMRBO</p>","","","training","","","","","","",""
"null","null","html-keyboard-response","586","1529012","0.0-21.0-0.12","69c2a6ec39af7c4c4c681804","69d7901e3430d13455efb336","69e8e953bd5e0bb8c4012632","<p style=""font-size: 60px; font-family: FragmentMono"">XQXQFEYOG</p>","","","training","","","","","","",""
"null","null","html-keyboard-response","587","1530013","0.0-21.0-0.13","69c2a6ec39af7c4c4c681804","69d7901e3430d13455efb336","69e8e953bd5e0bb8c4012632","<p style=""font-size: 60px; font-family: FragmentMono"">DJZJKSL</p>","","","training","","","","","","",""
"null","null","html-keyboard-response","588","1531018","0.0-21.0-0.14","69c2a6ec39af7c4c4c681804","69d7901e3430d13455efb336","69e8e953bd5e0bb8c4012632","<p style=""font-size: 60px; font-family: FragmentMono"">XNJUQFMC</p>","","","training","","","","","","",""
"null","null","html-keyboard-response","589","1532019","0.0-21.0-0.15","69c2a6ec39af7c4c4c681804","69d7901e3430d13455efb336","69e8e953bd5e0bb8c4012632","<p style=""font-size: 60px; font-family: FragmentMono"">BIWICAVY</p>","","","training","","","","","","",""
"null","null","html-keyboard-response","590","1533020","0.0-21.0-0.16","69c2a6ec39af7c4c4c681804","69d7901e3430d13455efb336","69e8e953bd5e0bb8c4012632","<p style=""font-size: 60px; font-family: FragmentMono"">WRGAMJXPX</p>","","","training","","","","","","",""
"null","null","html-keyboard-response","591","1534031","0.0-21.0-0.17","69c2a6ec39af7c4c4c681804","69d7901e3430d13455efb336","69e8e953bd5e0bb8c4012632","<p style=""font-size: 60px; font-family: FragmentMono"">KSBZJTHW</p>","","","training","","","","","","",""
"null","null","html-keyboard-response","592","1535032","0.0-21.0-0.18","69c2a6ec39af7c4c4c681804","69d7901e3430d13455efb336","69e8e953bd5e0bb8c4012632","<p style=""font-size: 60px; font-family: FragmentMono"">FDMJCEYOG</p>","","","training","","","","","","",""
"null","null","html-keyboard-response","593","1536033","0.0-21.0-0.19","69c2a6ec39af7c4c4c681804","69d7901e3430d13455efb336","69e8e953bd5e0bb8c4012632","<p style=""font-size: 60px; font-family: FragmentMono"">LYEAQFMC</p>","","","training","","","","","","",""
"null","null","html-keyboard-response","594","1537039","0.0-21.0-0.20","69c2a6ec39af7c4c4c681804","69d7901e3430d13455efb336","69e8e953bd5e0bb8c4012632","<p style=""font-size: 60px; font-family: FragmentMono"">TQITKQW</p>","","","training","","","","","","",""
"null","null","html-keyboard-response","595","1538050","0.0-21.0-0.21","69c2a6ec39af7c4c4c681804","69d7901e3430d13455efb336","69e8e953bd5e0bb8c4012632","<p style=""font-size: 60px; font-family: FragmentMono"">FDMJCKSL</p>","","","training","","","","","","",""
"null","null","html-keyboard-response","596","1539059","0.0-21.0-0.22","69c2a6ec39af7c4c4c681804","69d7901e3430d13455efb336","69e8e953bd5e0bb8c4012632","<p style=""font-size: 60px; font-family: FragmentMono"">VEVCHKQW</p>","","","training","","","","","","",""
"null","null","html-keyboard-response","597","1540071","0.0-21.0-0.23","69c2a6ec39af7c4c4c681804","69d7901e3430d13455efb336","69e8e953bd5e0bb8c4012632","<p style=""font-size: 60px; font-family: FragmentMono"">BABJGLY</p>","","","training","","","","","","",""
"null","null","html-keyboard-response","598","1541073","0.0-21.0-0.24","69c2a6ec39af7c4c4c681804","69d7901e3430d13455efb336","69e8e953bd5e0bb8c4012632","<p style=""font-size: 60px; font-family: FragmentMono"">FDMJCQFMC</p>","","","training","","","","","","",""
"null","null","html-keyboard-response","599","1542075","0.0-21.0-0.25","69c2a6ec39af7c4c4c681804","69d7901e3430d13455efb336","69e8e953bd5e0bb8c4012632","<p style=""font-size: 60px; font-family: FragmentMono"">BABJKSL</p>","","","training","","","","","","",""
"null","null","html-keyboard-response","600","1543087","0.0-21.0-0.26","69c2a6ec39af7c4c4c681804","69d7901e3430d13455efb336","69e8e953bd5e0bb8c4012632","<p style=""font-size: 60px; font-family: FragmentMono"">LYEATHW</p>","","","training","","","","","","",""
"null","null","html-keyboard-response","601","1544088","0.0-21.0-0.27","69c2a6ec39af7c4c4c681804","69d7901e3430d13455efb336","69e8e953bd5e0bb8c4012632","<p style=""font-size: 60px; font-family: FragmentMono"">VEVCHRBO</p>","","","training","","","","","","",""
"null","null","html-keyboard-response","602","1545100","0.0-21.0-0.28","69c2a6ec39af7c4c4c681804","69d7901e3430d13455efb336","69e8e953bd5e0bb8c4012632","<p style=""font-size: 60px; font-family: FragmentMono"">NTGLGJXPX</p>","","","training","","","","","","",""
"null","null","html-keyboard-response","603","1546111","0.0-21.0-0.29","69c2a6ec39af7c4c4c681804","69d7901e3430d13455efb336","69e8e953bd5e0bb8c4012632","<p style=""font-size: 60px; font-family: FragmentMono"">XQXQFGLY</p>","","","training","","","","","","",""
"null","null","html-keyboard-response","604","1547114","0.0-21.0-0.30","69c2a6ec39af7c4c4c681804","69d7901e3430d13455efb336","69e8e953bd5e0bb8c4012632","<p style=""font-size: 60px; font-family: FragmentMono"">UXWLRBO</p>","","","training","","","","","","",""
"null","null","html-keyboard-response","605","1548116","0.0-21.0-0.31","69c2a6ec39af7c4c4c681804","69d7901e3430d13455efb336","69e8e953bd5e0bb8c4012632","<p style=""font-size: 60px; font-family: FragmentMono"">IDKYXPSU</p>","","","training","","","","","","",""
"null","null","html-keyboard-response","606","1549117","0.0-21.0-0.32","69c2a6ec39af7c4c4c681804","69d7901e3430d13455efb336","69e8e953bd5e0bb8c4012632","<p style=""font-size: 60px; font-family: FragmentMono"">WAEMIJXPX</p>","","","training","","","","","","",""
"null","null","html-keyboard-response","607","1550127","0.0-21.0-0.33","69c2a6ec39af7c4c4c681804","69d7901e3430d13455efb336","69e8e953bd5e0bb8c4012632","<p style=""font-size: 60px; font-family: FragmentMono"">TQITCAVY</p>","","","training","","","","","","",""
"null","null","html-keyboard-response","608","1551128","0.0-21.0-0.34","69c2a6ec39af7c4c4c681804","69d7901e3430d13455efb336","69e8e953bd5e0bb8c4012632","<p style=""font-size: 60px; font-family: FragmentMono"">JXTJXTHW</p>","","","training","","","","","","",""
"null","null","html-keyboard-response","609","1552129","0.0-21.0-0.35","69c2a6ec39af7c4c4c681804","69d7901e3430d13455efb336","69e8e953bd5e0bb8c4012632","<p style=""font-size: 60px; font-family: FragmentMono"">KSBZJEYOG</p>","","","training","","","","","","",""
"null","null","html-keyboard-response","610","1553130","0.0-21.0-0.36","69c2a6ec39af7c4c4c681804","69d7901e3430d13455efb336","69e8e953bd5e0bb8c4012632","<p style=""font-size: 60px; font-family: FragmentMono"">RGWFWPSU</p>","","","training","","","","","","",""
"null","null","html-keyboard-response","611","1554145","0.0-21.0-0.37","69c2a6ec39af7c4c4c681804","69d7901e3430d13455efb336","69e8e953bd5e0bb8c4012632","<p style=""font-size: 60px; font-family: FragmentMono"">UXVTIQFMC</p>","","","training","","","","","","",""
"null","null","html-keyboard-response","612","1555146","0.0-21.0-0.38","69c2a6ec39af7c4c4c681804","69d7901e3430d13455efb336","69e8e953bd5e0bb8c4012632","<p style=""font-size: 60px; font-family: FragmentMono"">TUSOGCAVY</p>","","","training","","","","","","",""
"null","null","html-keyboard-response","613","1556148","0.0-21.0-0.39","69c2a6ec39af7c4c4c681804","69d7901e3430d13455efb336","69e8e953bd5e0bb8c4012632","<p style=""font-size: 60px; font-family: FragmentMono"">OSHEZQFMC</p>","","","training","","","","","","",""
"null","null","html-keyboard-response","614","1557162","0.0-21.0-0.40","69c2a6ec39af7c4c4c681804","69d7901e3430d13455efb336","69e8e953bd5e0bb8c4012632","<p style=""font-size: 60px; font-family: FragmentMono"">WAEMICAVY</p>","","","training","","","","","","",""
"null","null","html-keyboard-response","615","1558171","0.0-21.0-0.41","69c2a6ec39af7c4c4c681804","69d7901e3430d13455efb336","69e8e953bd5e0bb8c4012632","<p style=""font-size: 60px; font-family: FragmentMono"">DJZJEYOG</p>","","","training","","","","","","",""
"null","null","html-keyboard-response","616","1559172","0.0-21.0-0.42","69c2a6ec39af7c4c4c681804","69d7901e3430d13455efb336","69e8e953bd5e0bb8c4012632","<p style=""font-size: 60px; font-family: FragmentMono"">BIWIKQW</p>","","","training","","","","","","",""
"null","null","html-keyboard-response","617","1560173","0.0-21.0-0.43","69c2a6ec39af7c4c4c681804","69d7901e3430d13455efb336","69e8e953bd5e0bb8c4012632","<p style=""font-size: 60px; font-family: FragmentMono"">RGWFWCAVY</p>","","","training","","","","","","",""
"null","null","html-keyboard-response","618","1561174","0.0-21.0-0.44","69c2a6ec39af7c4c4c681804","69d7901e3430d13455efb336","69e8e953bd5e0bb8c4012632","<p style=""font-size: 60px; font-family: FragmentMono"">DJZJGLY</p>","","","training","","","","","","",""
"null","null","html-keyboard-response","619","1562176","0.0-21.0-0.45","69c2a6ec39af7c4c4c681804","69d7901e3430d13455efb336","69e8e953bd5e0bb8c4012632","<p style=""font-size: 60px; font-family: FragmentMono"">LYEAEYOG</p>","","","training","","","","","","",""
"null","null","html-keyboard-response","620","1563176","0.0-21.0-0.46","69c2a6ec39af7c4c4c681804","69d7901e3430d13455efb336","69e8e953bd5e0bb8c4012632","<p style=""font-size: 60px; font-family: FragmentMono"">XQXQFKSL</p>","","","training","","","","","","",""
"null","null","html-keyboard-response","621","1564177","0.0-21.0-0.47","69c2a6ec39af7c4c4c681804","69d7901e3430d13455efb336","69e8e953bd5e0bb8c4012632","<p style=""font-size: 60px; font-family: FragmentMono"">IDKYXJXPX</p>","","","training","","","","","","",""
"null","null","html-keyboard-response","622","1565180","0.0-21.0-0.48","69c2a6ec39af7c4c4c681804","69d7901e3430d13455efb336","69e8e953bd5e0bb8c4012632","<p style=""font-size: 60px; font-family: FragmentMono"">UXVTIKSL</p>","","","training","","","","","","",""
"null","null","html-keyboard-response","623","1566193","0.0-21.0-0.49","69c2a6ec39af7c4c4c681804","69d7901e3430d13455efb336","69e8e953bd5e0bb8c4012632","<p style=""font-size: 60px; font-family: FragmentMono"">WAEMIPSU</p>","","","training","","","","","","",""
"null","null","html-keyboard-response","624","1567194","0.0-21.0-0.50","69c2a6ec39af7c4c4c681804","69d7901e3430d13455efb336","69e8e953bd5e0bb8c4012632","<p style=""font-size: 60px; font-family: FragmentMono"">OSHEZTHW</p>","","","training","","","","","","",""
"null","null","html-keyboard-response","625","1568195","0.0-21.0-0.51","69c2a6ec39af7c4c4c681804","69d7901e3430d13455efb336","69e8e953bd5e0bb8c4012632","<p style=""font-size: 60px; font-family: FragmentMono"">JXTJXGLY</p>","","","training","","","","","","",""
"null","null","html-keyboard-response","626","1569196","0.0-21.0-0.52","69c2a6ec39af7c4c4c681804","69d7901e3430d13455efb336","69e8e953bd5e0bb8c4012632","<p style=""font-size: 60px; font-family: FragmentMono"">IDKYXCAVY</p>","","","training","","","","","","",""
"null","null","html-keyboard-response","627","1570205","0.0-21.0-0.53","69c2a6ec39af7c4c4c681804","69d7901e3430d13455efb336","69e8e953bd5e0bb8c4012632","<p style=""font-size: 60px; font-family: FragmentMono"">TQITPSU</p>","","","training","","","","","","",""
"null","null","html-keyboard-response","628","1571206","0.0-21.0-0.54","69c2a6ec39af7c4c4c681804","69d7901e3430d13455efb336","69e8e953bd5e0bb8c4012632","<p style=""font-size: 60px; font-family: FragmentMono"">UXWLJXPX</p>","","","training","","","","","","",""
"null","null","html-keyboard-response","629","1572219","0.0-21.0-0.55","69c2a6ec39af7c4c4c681804","69d7901e3430d13455efb336","69e8e953bd5e0bb8c4012632","<p style=""font-size: 60px; font-family: FragmentMono"">BABJEYOG</p>","","","training","","","","","","",""
"null","null","html-keyboard-response","630","1573220","0.0-21.0-0.56","69c2a6ec39af7c4c4c681804","69d7901e3430d13455efb336","69e8e953bd5e0bb8c4012632","<p style=""font-size: 60px; font-family: FragmentMono"">LYEAKSL</p>","","","training","","","","","","",""
"null","null","html-keyboard-response","631","1574221","0.0-21.0-0.57","69c2a6ec39af7c4c4c681804","69d7901e3430d13455efb336","69e8e953bd5e0bb8c4012632","<p style=""font-size: 60px; font-family: FragmentMono"">OSHEZGLY</p>","","","training","","","","","","",""
"null","null","html-keyboard-response","632","1575232","0.0-21.0-0.58","69c2a6ec39af7c4c4c681804","69d7901e3430d13455efb336","69e8e953bd5e0bb8c4012632","<p style=""font-size: 60px; font-family: FragmentMono"">TQITRBO</p>","","","training","","","","","","",""
"null","null","html-keyboard-response","633","1576233","0.0-21.0-0.59","69c2a6ec39af7c4c4c681804","69d7901e3430d13455efb336","69e8e953bd5e0bb8c4012632","<p style=""font-size: 60px; font-family: FragmentMono"">BABJTHW</p>","","","training","","","","","","",""
"null","null","html-keyboard-response","634","1577234","0.0-21.0-0.60","69c2a6ec39af7c4c4c681804","69d7901e3430d13455efb336","69e8e953bd5e0bb8c4012632","<p style=""font-size: 60px; font-family: FragmentMono"">BIWIRBO</p>","","","training","","","","","","",""
"null","null","html-keyboard-response","635","1578247","0.0-21.0-0.61","69c2a6ec39af7c4c4c681804","69d7901e3430d13455efb336","69e8e953bd5e0bb8c4012632","<p style=""font-size: 60px; font-family: FragmentMono"">KSBZJGLY</p>","","","training","","","","","","",""
"null","null","html-keyboard-response","636","1579248","0.0-21.0-0.62","69c2a6ec39af7c4c4c681804","69d7901e3430d13455efb336","69e8e953bd5e0bb8c4012632","<p style=""font-size: 60px; font-family: FragmentMono"">NTGLGKQW</p>","","","training","","","","","","",""
"null","null","html-keyboard-response","637","1580249","0.0-21.0-0.63","69c2a6ec39af7c4c4c681804","69d7901e3430d13455efb336","69e8e953bd5e0bb8c4012632","<p style=""font-size: 60px; font-family: FragmentMono"">UXVTIEYOG</p>","","","training","","","","","","",""
"null","null","html-keyboard-response","638","1581260","0.0-21.0-0.64","69c2a6ec39af7c4c4c681804","69d7901e3430d13455efb336","69e8e953bd5e0bb8c4012632","<p style=""font-size: 60px; font-family: FragmentMono"">NTGLGCAVY</p>","","","training","","","","","","",""
"null","null","html-keyboard-response","639","1582261","0.0-21.0-0.65","69c2a6ec39af7c4c4c681804","69d7901e3430d13455efb336","69e8e953bd5e0bb8c4012632","<p style=""font-size: 60px; font-family: FragmentMono"">UXWLKQW</p>","","","training","","","","","","",""
"null","null","html-keyboard-response","640","1583269","0.0-21.0-0.66","69c2a6ec39af7c4c4c681804","69d7901e3430d13455efb336","69e8e953bd5e0bb8c4012632","<p style=""font-size: 60px; font-family: FragmentMono"">KSBZJQFMC</p>","","","training","","","","","","",""
"null","null","html-keyboard-response","641","1584280","0.0-21.0-0.67","69c2a6ec39af7c4c4c681804","69d7901e3430d13455efb336","69e8e953bd5e0bb8c4012632","<p style=""font-size: 60px; font-family: FragmentMono"">WRGAMPSU</p>","","","training","","","","","","",""
"null","null","html-keyboard-response","642","1585292","0.0-21.0-0.68","69c2a6ec39af7c4c4c681804","69d7901e3430d13455efb336","69e8e953bd5e0bb8c4012632","<p style=""font-size: 60px; font-family: FragmentMono"">XNJUGLY</p>","","","training","","","","","","",""
"null","null","html-keyboard-response","643","1586293","0.0-21.0-0.69","69c2a6ec39af7c4c4c681804","69d7901e3430d13455efb336","69e8e953bd5e0bb8c4012632","<p style=""font-size: 60px; font-family: FragmentMono"">JXTJXKSL</p>","","","training","","","","","","",""
"null","null","html-keyboard-response","644","1587301","0.0-21.0-0.70","69c2a6ec39af7c4c4c681804","69d7901e3430d13455efb336","69e8e953bd5e0bb8c4012632","<p style=""font-size: 60px; font-family: FragmentMono"">XQXQFTHW</p>","","","training","","","","","","",""
"null","null","html-keyboard-response","645","1588309","0.0-21.0-0.71","69c2a6ec39af7c4c4c681804","69d7901e3430d13455efb336","69e8e953bd5e0bb8c4012632","<p style=""font-size: 60px; font-family: FragmentMono"">TUSOGKQW</p>","","","training","","","","","","",""
"null","null","html-keyboard-response","646","1589318","0.0-21.0-0.72","69c2a6ec39af7c4c4c681804","69d7901e3430d13455efb336","69e8e953bd5e0bb8c4012632","<p style=""font-size: 60px; font-family: FragmentMono"">VEVCHPSU</p>","","","training","","","","","","",""
"null","null","html-keyboard-response","647","1590324","0.0-21.0-0.73","69c2a6ec39af7c4c4c681804","69d7901e3430d13455efb336","69e8e953bd5e0bb8c4012632","<p style=""font-size: 60px; font-family: FragmentMono"">IDKYXKQW</p>","","","training","","","","","","",""
"null","null","html-keyboard-response","648","1591332","0.0-21.0-0.74","69c2a6ec39af7c4c4c681804","69d7901e3430d13455efb336","69e8e953bd5e0bb8c4012632","<p style=""font-size: 60px; font-family: FragmentMono"">BIWIJXPX</p>","","","training","","","","","","",""
"null","null","html-keyboard-response","649","1592333","0.0-21.0-0.75","69c2a6ec39af7c4c4c681804","69d7901e3430d13455efb336","69e8e953bd5e0bb8c4012632","<p style=""font-size: 60px; font-family: FragmentMono"">RGWFWKQW</p>","","","training","","","","","","",""
"null","null","html-keyboard-response","650","1593334","0.0-21.0-0.76","69c2a6ec39af7c4c4c681804","69d7901e3430d13455efb336","69e8e953bd5e0bb8c4012632","<p style=""font-size: 60px; font-family: FragmentMono"">VEVCHJXPX</p>","","","training","","","","","","",""
"null","null","html-keyboard-response","651","1594344","0.0-21.0-0.77","69c2a6ec39af7c4c4c681804","69d7901e3430d13455efb336","69e8e953bd5e0bb8c4012632","<p style=""font-size: 60px; font-family: FragmentMono"">TUSOGPSU</p>","","","training","","","","","","",""
"null","null","html-keyboard-response","652","1595345","0.0-21.0-0.78","69c2a6ec39af7c4c4c681804","69d7901e3430d13455efb336","69e8e953bd5e0bb8c4012632","<p style=""font-size: 60px; font-family: FragmentMono"">UXVTITHW</p>","","","training","","","","","","",""
"null","null","html-keyboard-response","653","1596355","0.0-21.0-0.79","69c2a6ec39af7c4c4c681804","69d7901e3430d13455efb336","69e8e953bd5e0bb8c4012632","<p style=""font-size: 60px; font-family: FragmentMono"">NTGLGRBO</p>","","","training","","","","","","",""
"38138"," ","html-keyboard-response","654","1634494","0.0-22.0","69c2a6ec39af7c4c4c681804","69d7901e3430d13455efb336","69e8e953bd5e0bb8c4012632","<p style=""font-size: 30px"">Great! You've seen all the words that we received from space.</p>
      <p style=""font-size: 30px"">Press the spacebar when you're ready to continue.</p>","","","","","","","","","",""
"74308"," ","html-keyboard-response","655","1708801","0.0-23.0","69c2a6ec39af7c4c4c681804","69d7901e3430d13455efb336","69e8e953bd5e0bb8c4012632","<p style=""font-size: 30px"">In this second part, you'll be given some words from a new communication from the same group of aliens, and others that belong to a communication from a different group of aliens. However, the two communications arrived at the same time, so the words are mixed up. Your task is to identify the words that belong to the same group of aliens as the communication you saw in the first part of the experiment.</p>
      <p style=""font-size: 30px"">This is a very tricky task, since both alien groups use the same characters. Your meeting with the world leaders starts very soon, so you won't have much time to decide; you need to work quickly. Try to do your best using your intuition; you don't have much time to spend thinking about each word.</p>
      <p style=""font-size: 30px"">Press <strong>k</strong> when you think that the word you're being shown is from the same group of aliens as before, and <strong>d</strong> when you think it's from a communication from the other alien group.</p><p>Press the spacebar when you're ready to begin.</p>","","","","","","","","","",""
"2837","d","html-keyboard-response","656","1711639","0.0-24.0-0.0","69c2a6ec39af7c4c4c681804","69d7901e3430d13455efb336","69e8e953bd5e0bb8c4012632","<p style=""font-size: 30px;"">Does this word come from the alien group you studied previously?</p><br><p style=""font-size: 60px; font-family: FragmentMono"">PBIQUKSL<p style=""font-size: 15px"">Press <strong>k</strong> for yes, <strong>d</strong> for no.</p>","","","testing","PBIQUKSL","k","[""morcodeXmorpheme""]","false","","",""
"4534"," ","html-keyboard-response","657","1716173","0.0-24.0-1.0-0.0","69c2a6ec39af7c4c4c681804","69d7901e3430d13455efb336","69e8e953bd5e0bb8c4012632","<p style=""font-size: 30px; color: red"">Careful! You were too slow for this word.</p>
      <p style=""font-size: 30px; color: red"">Try to be faster.</p><p></p><p>Press the spacebar to continue.</p>","","","","","","","","","",""
"574","d","html-keyboard-response","658","1716748","0.0-24.0-0.1","69c2a6ec39af7c4c4c681804","69d7901e3430d13455efb336","69e8e953bd5e0bb8c4012632","<p style=""font-size: 30px;"">Does this word come from the alien group you studied previously?</p><br><p style=""font-size: 60px; font-family: FragmentMono"">KSBZJWKT<p style=""font-size: 15px"">Press <strong>k</strong> for yes, <strong>d</strong> for no.</p>","","","testing","KSBZJWKT","k","[""morphemeXmorcode""]","false","","",""
"1103","k","html-keyboard-response","659","1717851","0.0-24.0-0.2","69c2a6ec39af7c4c4c681804","69d7901e3430d13455efb336","69e8e953bd5e0bb8c4012632","<p style=""font-size: 30px;"">Does this word come from the alien group you studied previously?</p><br><p style=""font-size: 60px; font-family: FragmentMono"">DJZJTHW<p style=""font-size: 15px"">Press <strong>k</strong> for yes, <strong>d</strong> for no.</p>","","","testing","DJZJTHW","k","[""morphemeXmorpheme""]","true","","",""
"938","d","html-keyboard-response","660","1718789","0.0-24.0-0.3","69c2a6ec39af7c4c4c681804","69d7901e3430d13455efb336","69e8e953bd5e0bb8c4012632","<p style=""font-size: 30px"">&emsp;</p><br><p style=""font-size: 60px; font-family: FragmentMono"">LYEAJKL<p style=""font-size: 15px"">Press <strong>k</strong> for yes, <strong>d</strong> for no.</p>","","","testing","LYEAJKL","k","[""morphemeXmorcode""]","false","","",""
"985","k","html-keyboard-response","661","1719775","0.0-24.0-0.4","69c2a6ec39af7c4c4c681804","69d7901e3430d13455efb336","69e8e953bd5e0bb8c4012632","<p style=""font-size: 30px"">&emsp;</p><br><p style=""font-size: 60px; font-family: FragmentMono"">TUSOGDBPG<p style=""font-size: 15px"">Press <strong>k</strong> for yes, <strong>d</strong> for no.</p>","","","testing","TUSOGDBPG","k","[""morphemeXmorcode""]","true","","",""
"975","k","html-keyboard-response","662","1720751","0.0-24.0-0.5","69c2a6ec39af7c4c4c681804","69d7901e3430d13455efb336","69e8e953bd5e0bb8c4012632","<p style=""font-size: 30px"">&emsp;</p><br><p style=""font-size: 60px; font-family: FragmentMono"">BWXLEYOG<p style=""font-size: 15px"">Press <strong>k</strong> for yes, <strong>d</strong> for no.</p>","","","testing","BWXLEYOG","k","[""morcodeXmorpheme""]","true","","",""
"826","k","html-keyboard-response","663","1721577","0.0-24.0-0.6","69c2a6ec39af7c4c4c681804","69d7901e3430d13455efb336","69e8e953bd5e0bb8c4012632","<p style=""font-size: 30px"">&emsp;</p><br><p style=""font-size: 60px; font-family: FragmentMono"">BIWIPSU<p style=""font-size: 15px"">Press <strong>k</strong> for yes, <strong>d</strong> for no.</p>","","","testing","BIWIPSU","k","[""morphemeXmorpheme""]","true","","",""
"980","d","html-keyboard-response","664","1722557","0.0-24.0-0.7","69c2a6ec39af7c4c4c681804","69d7901e3430d13455efb336","69e8e953bd5e0bb8c4012632","<p style=""font-size: 30px"">&emsp;</p><br><p style=""font-size: 60px; font-family: FragmentMono"">NTGLGGLY<p style=""font-size: 15px"">Press <strong>k</strong> for yes, <strong>d</strong> for no.</p>","","","testing","NTGLGGLY","d","[""morphemeXmorpheme""]","true","","",""
"877","d","html-keyboard-response","665","1723435","0.0-24.0-0.8","69c2a6ec39af7c4c4c681804","69d7901e3430d13455efb336","69e8e953bd5e0bb8c4012632","<p style=""font-size: 30px"">&emsp;</p><br><p style=""font-size: 60px; font-family: FragmentMono"">QFTPTUZ<p style=""font-size: 15px"">Press <strong>k</strong> for yes, <strong>d</strong> for no.</p>","","","testing","QFTPTUZ","d","[""morcodeXmorcode""]","true","","",""
"911","d","html-keyboard-response","666","1724346","0.0-24.0-0.9","69c2a6ec39af7c4c4c681804","69d7901e3430d13455efb336","69e8e953bd5e0bb8c4012632","<p style=""font-size: 30px"">&emsp;</p><br><p style=""font-size: 60px; font-family: FragmentMono"">MGALOMPF<p style=""font-size: 15px"">Press <strong>k</strong> for yes, <strong>d</strong> for no.</p>","","","testing","MGALOMPF","d","[""morcodeXmorcode""]","true","","",""
"986","d","html-keyboard-response","667","1725333","0.0-24.0-0.10","69c2a6ec39af7c4c4c681804","69d7901e3430d13455efb336","69e8e953bd5e0bb8c4012632","<p style=""font-size: 30px"">&emsp;</p><br><p style=""font-size: 60px; font-family: FragmentMono"">QGZSZWQR<p style=""font-size: 15px"">Press <strong>k</strong> for yes, <strong>d</strong> for no.</p>","","","testing","QGZSZWQR","d","[""morcodeXmorcode""]","true","","",""
"1259","k","html-keyboard-response","668","1726593","0.0-24.0-0.11","69c2a6ec39af7c4c4c681804","69d7901e3430d13455efb336","69e8e953bd5e0bb8c4012632","<p style=""font-size: 30px"">&emsp;</p><br><p style=""font-size: 60px; font-family: FragmentMono"">WDRLFQSI<p style=""font-size: 15px"">Press <strong>k</strong> for yes, <strong>d</strong> for no.</p>","","","testing","WDRLFQSI","d","[""morcodeXmorcode""]","false","","",""
"1124","d","html-keyboard-response","669","1727717","0.0-24.0-0.12","69c2a6ec39af7c4c4c681804","69d7901e3430d13455efb336","69e8e953bd5e0bb8c4012632","<p style=""font-size: 30px"">&emsp;</p><br><p style=""font-size: 60px; font-family: FragmentMono"">SYJEOLXG<p style=""font-size: 15px"">Press <strong>k</strong> for yes, <strong>d</strong> for no.</p>","","","testing","SYJEOLXG","d","[""morcodeXmorcode""]","true","","",""
"1149","k","html-keyboard-response","670","1728866","0.0-24.0-0.13","69c2a6ec39af7c4c4c681804","69d7901e3430d13455efb336","69e8e953bd5e0bb8c4012632","<p style=""font-size: 30px"">&emsp;</p><br><p style=""font-size: 60px; font-family: FragmentMono"">CWGEVWMBW<p style=""font-size: 15px"">Press <strong>k</strong> for yes, <strong>d</strong> for no.</p>","","","testing","CWGEVWMBW","d","[""morcodeXmorcode""]","false","","",""
"1518","d","html-keyboard-response","671","1730384","0.0-24.0-0.14","69c2a6ec39af7c4c4c681804","69d7901e3430d13455efb336","69e8e953bd5e0bb8c4012632","<p style=""font-size: 30px"">&emsp;</p><br><p style=""font-size: 60px; font-family: FragmentMono"">IDCMUVXB<p style=""font-size: 15px"">Press <strong>k</strong> for yes, <strong>d</strong> for no.</p>","","","testing","IDCMUVXB","d","[""morcodeXmorcode""]","true","","",""
"1043","k","html-keyboard-response","672","1731428","0.0-24.0-0.15","69c2a6ec39af7c4c4c681804","69d7901e3430d13455efb336","69e8e953bd5e0bb8c4012632","<p style=""font-size: 30px"">&emsp;</p><br><p style=""font-size: 60px; font-family: FragmentMono"">WGFUGGLY<p style=""font-size: 15px"">Press <strong>k</strong> for yes, <strong>d</strong> for no.</p>","","","testing","WGFUGGLY","k","[""morcodeXmorpheme""]","true","","",""
"1320","k","html-keyboard-response","673","1732749","0.0-24.0-0.16","69c2a6ec39af7c4c4c681804","69d7901e3430d13455efb336","69e8e953bd5e0bb8c4012632","<p style=""font-size: 30px"">&emsp;</p><br><p style=""font-size: 60px; font-family: FragmentMono"">QHJGWKQW<p style=""font-size: 15px"">Press <strong>k</strong> for yes, <strong>d</strong> for no.</p>","","","testing","QHJGWKQW","k","[""morcodeXmorpheme""]","true","","",""
"771","k","html-keyboard-response","674","1733521","0.0-24.0-0.17","69c2a6ec39af7c4c4c681804","69d7901e3430d13455efb336","69e8e953bd5e0bb8c4012632","<p style=""font-size: 30px"">&emsp;</p><br><p style=""font-size: 60px; font-family: FragmentMono"">TUSOGQFMC<p style=""font-size: 15px"">Press <strong>k</strong> for yes, <strong>d</strong> for no.</p>","","","testing","TUSOGQFMC","d","[""morphemeXmorpheme""]","false","","",""
"1471","d","html-keyboard-response","675","1734993","0.0-24.0-0.18","69c2a6ec39af7c4c4c681804","69d7901e3430d13455efb336","69e8e953bd5e0bb8c4012632","<p style=""font-size: 30px"">&emsp;</p><br><p style=""font-size: 60px; font-family: FragmentMono"">IDKYXRBO<p style=""font-size: 15px"">Press <strong>k</strong> for yes, <strong>d</strong> for no.</p>","","","testing","IDKYXRBO","k","[""morphemeXmorpheme""]","false","","",""
"1307","d","html-keyboard-response","676","1736300","0.0-24.0-0.19","69c2a6ec39af7c4c4c681804","69d7901e3430d13455efb336","69e8e953bd5e0bb8c4012632","<p style=""font-size: 30px"">&emsp;</p><br><p style=""font-size: 60px; font-family: FragmentMono"">QETUTCSB<p style=""font-size: 15px"">Press <strong>k</strong> for yes, <strong>d</strong> for no.</p>","","","testing","QETUTCSB","d","[""morcodeXmorcode""]","true","","",""
"1291","d","html-keyboard-response","677","1737592","0.0-24.0-0.20","69c2a6ec39af7c4c4c681804","69d7901e3430d13455efb336","69e8e953bd5e0bb8c4012632","<p style=""font-size: 30px"">&emsp;</p><br><p style=""font-size: 60px; font-family: FragmentMono"">XQXQFTXBX<p style=""font-size: 15px"">Press <strong>k</strong> for yes, <strong>d</strong> for no.</p>","","","testing","XQXQFTXBX","k","[""morphemeXmorcode""]","false","","",""
"1646","d","html-keyboard-response","678","1739239","0.0-24.0-0.21","69c2a6ec39af7c4c4c681804","69d7901e3430d13455efb336","69e8e953bd5e0bb8c4012632","<p style=""font-size: 30px"">&emsp;</p><br><p style=""font-size: 60px; font-family: FragmentMono"">WRGAMKQW<p style=""font-size: 15px"">Press <strong>k</strong> for yes, <strong>d</strong> for no.</p>","","","testing","WRGAMKQW","k","[""morphemeXmorpheme""]","false","","",""
"2020","k","html-keyboard-response","679","1741260","0.0-24.0-0.22","69c2a6ec39af7c4c4c681804","69d7901e3430d13455efb336","69e8e953bd5e0bb8c4012632","<p style=""font-size: 30px"">&emsp;</p><br><p style=""font-size: 60px; font-family: FragmentMono"">KVAQWTGB<p style=""font-size: 15px"">Press <strong>k</strong> for yes, <strong>d</strong> for no.</p>","","","testing","KVAQWTGB","d","[""morcodeXmorcode""]","false","","",""
"5960"," ","html-keyboard-response","680","1747221","0.0-24.0-1.22-0.22","69c2a6ec39af7c4c4c681804","69d7901e3430d13455efb336","69e8e953bd5e0bb8c4012632","<p style=""font-size: 30px; color: red"">Careful! You were too slow for this word.</p>
      <p style=""font-size: 30px; color: red"">Try to be faster.</p><p></p><p>Press the spacebar to continue.</p>","","","","","","","","","",""
"840","d","html-keyboard-response","681","1748061","0.0-24.0-0.23","69c2a6ec39af7c4c4c681804","69d7901e3430d13455efb336","69e8e953bd5e0bb8c4012632","<p style=""font-size: 30px"">&emsp;</p><br><p style=""font-size: 60px; font-family: FragmentMono"">ERBYXILIN<p style=""font-size: 15px"">Press <strong>k</strong> for yes, <strong>d</strong> for no.</p>","","","testing","ERBYXILIN","d","[""morcodeXmorcode""]","true","","",""
"888","k","html-keyboard-response","682","1748950","0.0-24.0-0.24","69c2a6ec39af7c4c4c681804","69d7901e3430d13455efb336","69e8e953bd5e0bb8c4012632","<p style=""font-size: 30px"">&emsp;</p><br><p style=""font-size: 60px; font-family: FragmentMono"">JXTJXEYOG<p style=""font-size: 15px"">Press <strong>k</strong> for yes, <strong>d</strong> for no.</p>","","","testing","JXTJXEYOG","k","[""morphemeXmorpheme""]","true","","",""
"736","k","html-keyboard-response","683","1749687","0.0-24.0-0.25","69c2a6ec39af7c4c4c681804","69d7901e3430d13455efb336","69e8e953bd5e0bb8c4012632","<p style=""font-size: 30px"">&emsp;</p><br><p style=""font-size: 60px; font-family: FragmentMono"">XWUBMPSU<p style=""font-size: 15px"">Press <strong>k</strong> for yes, <strong>d</strong> for no.</p>","","","testing","XWUBMPSU","k","[""morcodeXmorpheme""]","true","","",""
"708","k","html-keyboard-response","684","1750396","0.0-24.0-0.26","69c2a6ec39af7c4c4c681804","69d7901e3430d13455efb336","69e8e953bd5e0bb8c4012632","<p style=""font-size: 30px"">&emsp;</p><br><p style=""font-size: 60px; font-family: FragmentMono"">JXTJXTQZU<p style=""font-size: 15px"">Press <strong>k</strong> for yes, <strong>d</strong> for no.</p>","","","testing","JXTJXTQZU","k","[""morphemeXmorcode""]","true","","",""
"745","k","html-keyboard-response","685","1751141","0.0-24.0-0.27","69c2a6ec39af7c4c4c681804","69d7901e3430d13455efb336","69e8e953bd5e0bb8c4012632","<p style=""font-size: 30px"">&emsp;</p><br><p style=""font-size: 60px; font-family: FragmentMono"">IQEVFILIN<p style=""font-size: 15px"">Press <strong>k</strong> for yes, <strong>d</strong> for no.</p>","","","testing","IQEVFILIN","d","[""morcodeXmorcode""]","false","","",""
"593","d","html-keyboard-response","686","1751735","0.0-24.0-0.28","69c2a6ec39af7c4c4c681804","69d7901e3430d13455efb336","69e8e953bd5e0bb8c4012632","<p style=""font-size: 30px"">&emsp;</p><br><p style=""font-size: 60px; font-family: FragmentMono"">OGDSKEMCP<p style=""font-size: 15px"">Press <strong>k</strong> for yes, <strong>d</strong> for no.</p>","","","testing","OGDSKEMCP","d","[""morcodeXmorcode""]","true","","",""
"683","d","html-keyboard-response","687","1752419","0.0-24.0-0.29","69c2a6ec39af7c4c4c681804","69d7901e3430d13455efb336","69e8e953bd5e0bb8c4012632","<p style=""font-size: 30px"">&emsp;</p><br><p style=""font-size: 60px; font-family: FragmentMono"">MVIVIOMPF<p style=""font-size: 15px"">Press <strong>k</strong> for yes, <strong>d</strong> for no.</p>","","","testing","MVIVIOMPF","d","[""morcodeXmorcode""]","true","","",""
"887","d","html-keyboard-response","688","1753306","0.0-24.0-0.30","69c2a6ec39af7c4c4c681804","69d7901e3430d13455efb336","69e8e953bd5e0bb8c4012632","<p style=""font-size: 30px"">&emsp;</p><br><p style=""font-size: 60px; font-family: FragmentMono"">WRGAMKSL<p style=""font-size: 15px"">Press <strong>k</strong> for yes, <strong>d</strong> for no.</p>","","","testing","WRGAMKSL","d","[""morphemeXmorpheme""]","true","","",""
"765","d","html-keyboard-response","689","1754072","0.0-24.0-0.31","69c2a6ec39af7c4c4c681804","69d7901e3430d13455efb336","69e8e953bd5e0bb8c4012632","<p style=""font-size: 30px"">&emsp;</p><br><p style=""font-size: 60px; font-family: FragmentMono"">KSBZJKQW<p style=""font-size: 15px"">Press <strong>k</strong> for yes, <strong>d</strong> for no.</p>","","","testing","KSBZJKQW","d","[""morphemeXmorpheme""]","true","","",""
"708","d","html-keyboard-response","690","1754781","0.0-24.0-0.32","69c2a6ec39af7c4c4c681804","69d7901e3430d13455efb336","69e8e953bd5e0bb8c4012632","<p style=""font-size: 30px"">&emsp;</p><br><p style=""font-size: 60px; font-family: FragmentMono"">ZBNOEVOF<p style=""font-size: 15px"">Press <strong>k</strong> for yes, <strong>d</strong> for no.</p>","","","testing","ZBNOEVOF","d","[""morcodeXmorcode""]","true","","",""
"829","d","html-keyboard-response","691","1755610","0.0-24.0-0.33","69c2a6ec39af7c4c4c681804","69d7901e3430d13455efb336","69e8e953bd5e0bb8c4012632","<p style=""font-size: 30px"">&emsp;</p><br><p style=""font-size: 60px; font-family: FragmentMono"">IQYZRBO<p style=""font-size: 15px"">Press <strong>k</strong> for yes, <strong>d</strong> for no.</p>","","","testing","IQYZRBO","k","[""morcodeXmorpheme""]","false","","",""
"925","d","html-keyboard-response","692","1756535","0.0-24.0-0.34","69c2a6ec39af7c4c4c681804","69d7901e3430d13455efb336","69e8e953bd5e0bb8c4012632","<p style=""font-size: 30px"">&emsp;</p><br><p style=""font-size: 60px; font-family: FragmentMono"">LYEAGLY<p style=""font-size: 15px"">Press <strong>k</strong> for yes, <strong>d</strong> for no.</p>","","","testing","LYEAGLY","k","[""morphemeXmorpheme""]","false","","",""
"1022","d","html-keyboard-response","693","1757557","0.0-24.0-0.35","69c2a6ec39af7c4c4c681804","69d7901e3430d13455efb336","69e8e953bd5e0bb8c4012632","<p style=""font-size: 30px"">&emsp;</p><br><p style=""font-size: 60px; font-family: FragmentMono"">FDMJCQVZ<p style=""font-size: 15px"">Press <strong>k</strong> for yes, <strong>d</strong> for no.</p>","","","testing","FDMJCQVZ","k","[""morphemeXmorcode""]","false","","",""
"871","d","html-keyboard-response","694","1758429","0.0-24.0-0.36","69c2a6ec39af7c4c4c681804","69d7901e3430d13455efb336","69e8e953bd5e0bb8c4012632","<p style=""font-size: 30px"">&emsp;</p><br><p style=""font-size: 60px; font-family: FragmentMono"">KSBZJKSL<p style=""font-size: 15px"">Press <strong>k</strong> for yes, <strong>d</strong> for no.</p>","","","testing","KSBZJKSL","k","[""morphemeXmorpheme""]","false","","",""
"723","d","html-keyboard-response","695","1759152","0.0-24.0-0.37","69c2a6ec39af7c4c4c681804","69d7901e3430d13455efb336","69e8e953bd5e0bb8c4012632","<p style=""font-size: 30px"">&emsp;</p><br><p style=""font-size: 60px; font-family: FragmentMono"">ULUJJXPX<p style=""font-size: 15px"">Press <strong>k</strong> for yes, <strong>d</strong> for no.</p>","","","testing","ULUJJXPX","k","[""morcodeXmorpheme""]","false","","",""
"979","d","html-keyboard-response","696","1760132","0.0-24.0-0.38","69c2a6ec39af7c4c4c681804","69d7901e3430d13455efb336","69e8e953bd5e0bb8c4012632","<p style=""font-size: 30px"">&emsp;</p><br><p style=""font-size: 60px; font-family: FragmentMono"">RCIJKSXD<p style=""font-size: 15px"">Press <strong>k</strong> for yes, <strong>d</strong> for no.</p>","","","testing","RCIJKSXD","d","[""morcodeXmorcode""]","true","","",""
"969","k","html-keyboard-response","697","1761102","0.0-24.0-0.39","69c2a6ec39af7c4c4c681804","69d7901e3430d13455efb336","69e8e953bd5e0bb8c4012632","<p style=""font-size: 30px"">&emsp;</p><br><p style=""font-size: 60px; font-family: FragmentMono"">UXWLXBQD<p style=""font-size: 15px"">Press <strong>k</strong> for yes, <strong>d</strong> for no.</p>","","","testing","UXWLXBQD","k","[""morphemeXmorcode""]","true","","",""
"911","d","html-keyboard-response","698","1762014","0.0-24.0-0.40","69c2a6ec39af7c4c4c681804","69d7901e3430d13455efb336","69e8e953bd5e0bb8c4012632","<p style=""font-size: 30px"">&emsp;</p><br><p style=""font-size: 60px; font-family: FragmentMono"">UYBKDFBS<p style=""font-size: 15px"">Press <strong>k</strong> for yes, <strong>d</strong> for no.</p>","","","testing","UYBKDFBS","d","[""morcodeXmorcode""]","true","","",""
"673","k","html-keyboard-response","699","1762687","0.0-24.0-0.41","69c2a6ec39af7c4c4c681804","69d7901e3430d13455efb336","69e8e953bd5e0bb8c4012632","<p style=""font-size: 30px"">&emsp;</p><br><p style=""font-size: 60px; font-family: FragmentMono"">BIWIGLY<p style=""font-size: 15px"">Press <strong>k</strong> for yes, <strong>d</strong> for no.</p>","","","testing","BIWIGLY","d","[""morphemeXmorpheme""]","false","","",""
"967","k","html-keyboard-response","700","1763654","0.0-24.0-0.42","69c2a6ec39af7c4c4c681804","69d7901e3430d13455efb336","69e8e953bd5e0bb8c4012632","<p style=""font-size: 30px"">&emsp;</p><br><p style=""font-size: 60px; font-family: FragmentMono"">SZIDPSU<p style=""font-size: 15px"">Press <strong>k</strong> for yes, <strong>d</strong> for no.</p>","","","testing","SZIDPSU","k","[""morcodeXmorpheme""]","true","","",""
"870","k","html-keyboard-response","701","1764524","0.0-24.0-0.43","69c2a6ec39af7c4c4c681804","69d7901e3430d13455efb336","69e8e953bd5e0bb8c4012632","<p style=""font-size: 30px"">&emsp;</p><br><p style=""font-size: 60px; font-family: FragmentMono"">OKDVCAVY<p style=""font-size: 15px"">Press <strong>k</strong> for yes, <strong>d</strong> for no.</p>","","","testing","OKDVCAVY","k","[""morcodeXmorpheme""]","true","","",""
"1015","d","html-keyboard-response","702","1765540","0.0-24.0-0.44","69c2a6ec39af7c4c4c681804","69d7901e3430d13455efb336","69e8e953bd5e0bb8c4012632","<p style=""font-size: 30px"">&emsp;</p><br><p style=""font-size: 60px; font-family: FragmentMono"">TQITAKYS<p style=""font-size: 15px"">Press <strong>k</strong> for yes, <strong>d</strong> for no.</p>","","","testing","TQITAKYS","k","[""morphemeXmorcode""]","false","","",""
"1011","k","html-keyboard-response","703","1766552","0.0-24.0-0.45","69c2a6ec39af7c4c4c681804","69d7901e3430d13455efb336","69e8e953bd5e0bb8c4012632","<p style=""font-size: 30px"">&emsp;</p><br><p style=""font-size: 60px; font-family: FragmentMono"">VEVCHCAVY<p style=""font-size: 15px"">Press <strong>k</strong> for yes, <strong>d</strong> for no.</p>","","","testing","VEVCHCAVY","k","[""morphemeXmorpheme""]","true","","",""
"1237","k","html-keyboard-response","704","1767789","0.0-24.0-0.46","69c2a6ec39af7c4c4c681804","69d7901e3430d13455efb336","69e8e953bd5e0bb8c4012632","<p style=""font-size: 30px"">&emsp;</p><br><p style=""font-size: 60px; font-family: FragmentMono"">XNJUEYOG<p style=""font-size: 15px"">Press <strong>k</strong> for yes, <strong>d</strong> for no.</p>","","","testing","XNJUEYOG","k","[""morphemeXmorpheme""]","true","","",""
"985","k","html-keyboard-response","705","1768775","0.0-24.0-0.47","69c2a6ec39af7c4c4c681804","69d7901e3430d13455efb336","69e8e953bd5e0bb8c4012632","<p style=""font-size: 30px"">&emsp;</p><br><p style=""font-size: 60px; font-family: FragmentMono"">VMIXWXM<p style=""font-size: 15px"">Press <strong>k</strong> for yes, <strong>d</strong> for no.</p>","","","testing","VMIXWXM","d","[""morcodeXmorcode""]","false","","",""
"1073","d","html-keyboard-response","706","1769849","0.0-24.0-0.48","69c2a6ec39af7c4c4c681804","69d7901e3430d13455efb336","69e8e953bd5e0bb8c4012632","<p style=""font-size: 30px"">&emsp;</p><br><p style=""font-size: 60px; font-family: FragmentMono"">LMAZWOJU<p style=""font-size: 15px"">Press <strong>k</strong> for yes, <strong>d</strong> for no.</p>","","","testing","LMAZWOJU","d","[""morcodeXmorcode""]","true","","",""
"1166","k","html-keyboard-response","707","1771016","0.0-24.0-0.49","69c2a6ec39af7c4c4c681804","69d7901e3430d13455efb336","69e8e953bd5e0bb8c4012632","<p style=""font-size: 30px"">&emsp;</p><br><p style=""font-size: 60px; font-family: FragmentMono"">TQITQFMC<p style=""font-size: 15px"">Press <strong>k</strong> for yes, <strong>d</strong> for no.</p>","","","testing","TQITQFMC","d","[""morphemeXmorpheme""]","false","","",""
"933","k","html-keyboard-response","708","1771949","0.0-24.0-0.50","69c2a6ec39af7c4c4c681804","69d7901e3430d13455efb336","69e8e953bd5e0bb8c4012632","<p style=""font-size: 30px"">&emsp;</p><br><p style=""font-size: 60px; font-family: FragmentMono"">TEKUTCSB<p style=""font-size: 15px"">Press <strong>k</strong> for yes, <strong>d</strong> for no.</p>","","","testing","TEKUTCSB","d","[""morcodeXmorcode""]","false","","",""
"604","d","html-keyboard-response","709","1772554","0.0-24.0-0.51","69c2a6ec39af7c4c4c681804","69d7901e3430d13455efb336","69e8e953bd5e0bb8c4012632","<p style=""font-size: 30px"">&emsp;</p><br><p style=""font-size: 60px; font-family: FragmentMono"">DJZJHIK<p style=""font-size: 15px"">Press <strong>k</strong> for yes, <strong>d</strong> for no.</p>","","","testing","DJZJHIK","k","[""morphemeXmorcode""]","false","","",""
"767","d","html-keyboard-response","710","1773322","0.0-24.0-0.52","69c2a6ec39af7c4c4c681804","69d7901e3430d13455efb336","69e8e953bd5e0bb8c4012632","<p style=""font-size: 30px"">&emsp;</p><br><p style=""font-size: 60px; font-family: FragmentMono"">WRGAMLTW<p style=""font-size: 15px"">Press <strong>k</strong> for yes, <strong>d</strong> for no.</p>","","","testing","WRGAMLTW","k","[""morphemeXmorcode""]","false","","",""
"947","k","html-keyboard-response","711","1774269","0.0-24.0-0.53","69c2a6ec39af7c4c4c681804","69d7901e3430d13455efb336","69e8e953bd5e0bb8c4012632","<p style=""font-size: 30px"">&emsp;</p><br><p style=""font-size: 60px; font-family: FragmentMono"">LYEAPSU<p style=""font-size: 15px"">Press <strong>k</strong> for yes, <strong>d</strong> for no.</p>","","","testing","LYEAPSU","d","[""morphemeXmorpheme""]","false","","",""
"1005","k","html-keyboard-response","712","1775274","0.0-24.0-0.54","69c2a6ec39af7c4c4c681804","69d7901e3430d13455efb336","69e8e953bd5e0bb8c4012632","<p style=""font-size: 30px"">&emsp;</p><br><p style=""font-size: 60px; font-family: FragmentMono"">FHICDCAVY<p style=""font-size: 15px"">Press <strong>k</strong> for yes, <strong>d</strong> for no.</p>","","","testing","FHICDCAVY","k","[""morcodeXmorpheme""]","true","","",""
"968","d","html-keyboard-response","713","1776243","0.0-24.0-0.55","69c2a6ec39af7c4c4c681804","69d7901e3430d13455efb336","69e8e953bd5e0bb8c4012632","<p style=""font-size: 30px"">&emsp;</p><br><p style=""font-size: 60px; font-family: FragmentMono"">OTJMUFCJS<p style=""font-size: 15px"">Press <strong>k</strong> for yes, <strong>d</strong> for no.</p>","","","testing","OTJMUFCJS","d","[""morcodeXmorcode""]","true","","",""
"1123","d","html-keyboard-response","714","1777367","0.0-24.0-0.56","69c2a6ec39af7c4c4c681804","69d7901e3430d13455efb336","69e8e953bd5e0bb8c4012632","<p style=""font-size: 30px"">&emsp;</p><br><p style=""font-size: 60px; font-family: FragmentMono"">TQITJXPX<p style=""font-size: 15px"">Press <strong>k</strong> for yes, <strong>d</strong> for no.</p>","","","testing","TQITJXPX","k","[""morphemeXmorpheme""]","false","","",""
"1318","d","html-keyboard-response","715","1778686","0.0-24.0-0.57","69c2a6ec39af7c4c4c681804","69d7901e3430d13455efb336","69e8e953bd5e0bb8c4012632","<p style=""font-size: 30px"">&emsp;</p><br><p style=""font-size: 60px; font-family: FragmentMono"">FDMJCTHW<p style=""font-size: 15px"">Press <strong>k</strong> for yes, <strong>d</strong> for no.</p>","","","testing","FDMJCTHW","k","[""morphemeXmorpheme""]","false","","",""
"718","k","html-keyboard-response","716","1779405","0.0-24.0-0.58","69c2a6ec39af7c4c4c681804","69d7901e3430d13455efb336","69e8e953bd5e0bb8c4012632","<p style=""font-size: 30px"">&emsp;</p><br><p style=""font-size: 60px; font-family: FragmentMono"">UXWLCAVY<p style=""font-size: 15px"">Press <strong>k</strong> for yes, <strong>d</strong> for no.</p>","","","testing","UXWLCAVY","k","[""morphemeXmorpheme""]","true","","",""
"1025","d","html-keyboard-response","717","1780431","0.0-24.0-0.59","69c2a6ec39af7c4c4c681804","69d7901e3430d13455efb336","69e8e953bd5e0bb8c4012632","<p style=""font-size: 30px"">&emsp;</p><br><p style=""font-size: 60px; font-family: FragmentMono"">VBQJFZLF<p style=""font-size: 15px"">Press <strong>k</strong> for yes, <strong>d</strong> for no.</p>","","","testing","VBQJFZLF","d","[""morcodeXmorcode""]","true","","",""
"830","k","html-keyboard-response","718","1781261","0.0-24.0-0.60","69c2a6ec39af7c4c4c681804","69d7901e3430d13455efb336","69e8e953bd5e0bb8c4012632","<p style=""font-size: 30px"">&emsp;</p><br><p style=""font-size: 60px; font-family: FragmentMono"">JXTJXCAVY<p style=""font-size: 15px"">Press <strong>k</strong> for yes, <strong>d</strong> for no.</p>","","","testing","JXTJXCAVY","d","[""morphemeXmorpheme""]","false","","",""
"1037","k","html-keyboard-response","719","1782298","0.0-24.0-0.61","69c2a6ec39af7c4c4c681804","69d7901e3430d13455efb336","69e8e953bd5e0bb8c4012632","<p style=""font-size: 30px"">&emsp;</p><br><p style=""font-size: 60px; font-family: FragmentMono"">CQBFSKQW<p style=""font-size: 15px"">Press <strong>k</strong> for yes, <strong>d</strong> for no.</p>","","","testing","CQBFSKQW","k","[""morcodeXmorpheme""]","true","","",""
"770","d","html-keyboard-response","720","1783068","0.0-24.0-0.62","69c2a6ec39af7c4c4c681804","69d7901e3430d13455efb336","69e8e953bd5e0bb8c4012632","<p style=""font-size: 30px"">&emsp;</p><br><p style=""font-size: 60px; font-family: FragmentMono"">EIEQNXRJW<p style=""font-size: 15px"">Press <strong>k</strong> for yes, <strong>d</strong> for no.</p>","","","testing","EIEQNXRJW","d","[""morcodeXmorcode""]","true","","",""
"1148","k","html-keyboard-response","721","1784216","0.0-24.0-0.63","69c2a6ec39af7c4c4c681804","69d7901e3430d13455efb336","69e8e953bd5e0bb8c4012632","<p style=""font-size: 30px"">&emsp;</p><br><p style=""font-size: 60px; font-family: FragmentMono"">BABJBHPZ<p style=""font-size: 15px"">Press <strong>k</strong> for yes, <strong>d</strong> for no.</p>","","","testing","BABJBHPZ","k","[""morphemeXmorcode""]","true","","",""
"761","d","html-keyboard-response","722","1784979","0.0-24.0-0.64","69c2a6ec39af7c4c4c681804","69d7901e3430d13455efb336","69e8e953bd5e0bb8c4012632","<p style=""font-size: 30px"">&emsp;</p><br><p style=""font-size: 60px; font-family: FragmentMono"">SYJEOBYM<p style=""font-size: 15px"">Press <strong>k</strong> for yes, <strong>d</strong> for no.</p>","","","testing","SYJEOBYM","d","[""morcodeXmorcode""]","true","","",""
"777","d","html-keyboard-response","723","1785756","0.0-24.0-0.65","69c2a6ec39af7c4c4c681804","69d7901e3430d13455efb336","69e8e953bd5e0bb8c4012632","<p style=""font-size: 30px"">&emsp;</p><br><p style=""font-size: 60px; font-family: FragmentMono"">JRZVHQFMC<p style=""font-size: 15px"">Press <strong>k</strong> for yes, <strong>d</strong> for no.</p>","","","testing","JRZVHQFMC","k","[""morcodeXmorpheme""]","false","","",""
"908","k","html-keyboard-response","724","1786665","0.0-24.0-0.66","69c2a6ec39af7c4c4c681804","69d7901e3430d13455efb336","69e8e953bd5e0bb8c4012632","<p style=""font-size: 30px"">&emsp;</p><br><p style=""font-size: 60px; font-family: FragmentMono"">WAEMIKQW<p style=""font-size: 15px"">Press <strong>k</strong> for yes, <strong>d</strong> for no.</p>","","","testing","WAEMIKQW","k","[""morphemeXmorpheme""]","true","","",""
"848","d","html-keyboard-response","725","1787513","0.0-24.0-0.67","69c2a6ec39af7c4c4c681804","69d7901e3430d13455efb336","69e8e953bd5e0bb8c4012632","<p style=""font-size: 30px"">&emsp;</p><br><p style=""font-size: 60px; font-family: FragmentMono"">KFOFSJXPX<p style=""font-size: 15px"">Press <strong>k</strong> for yes, <strong>d</strong> for no.</p>","","","testing","KFOFSJXPX","k","[""morcodeXmorpheme""]","false","","",""
"870","d","html-keyboard-response","726","1788384","0.0-24.0-0.68","69c2a6ec39af7c4c4c681804","69d7901e3430d13455efb336","69e8e953bd5e0bb8c4012632","<p style=""font-size: 30px"">&emsp;</p><br><p style=""font-size: 60px; font-family: FragmentMono"">IDKYXJQV<p style=""font-size: 15px"">Press <strong>k</strong> for yes, <strong>d</strong> for no.</p>","","","testing","IDKYXJQV","k","[""morphemeXmorcode""]","false","","",""
"927","d","html-keyboard-response","727","1789311","0.0-24.0-0.69","69c2a6ec39af7c4c4c681804","69d7901e3430d13455efb336","69e8e953bd5e0bb8c4012632","<p style=""font-size: 30px"">&emsp;</p><br><p style=""font-size: 60px; font-family: FragmentMono"">OGDSKWDB<p style=""font-size: 15px"">Press <strong>k</strong> for yes, <strong>d</strong> for no.</p>","","","testing","OGDSKWDB","d","[""morcodeXmorcode""]","true","","",""
"835","d","html-keyboard-response","728","1790147","0.0-24.0-0.70","69c2a6ec39af7c4c4c681804","69d7901e3430d13455efb336","69e8e953bd5e0bb8c4012632","<p style=""font-size: 30px"">&emsp;</p><br><p style=""font-size: 60px; font-family: FragmentMono"">RKSFJNO<p style=""font-size: 15px"">Press <strong>k</strong> for yes, <strong>d</strong> for no.</p>","","","testing","RKSFJNO","d","[""morcodeXmorcode""]","true","","",""
"853","k","html-keyboard-response","729","1791000","0.0-24.0-0.71","69c2a6ec39af7c4c4c681804","69d7901e3430d13455efb336","69e8e953bd5e0bb8c4012632","<p style=""font-size: 30px"">&emsp;</p><br><p style=""font-size: 60px; font-family: FragmentMono"">XQXQFQFMC<p style=""font-size: 15px"">Press <strong>k</strong> for yes, <strong>d</strong> for no.</p>","","","testing","XQXQFQFMC","k","[""morphemeXmorpheme""]","true","","",""
"915","d","html-keyboard-response","730","1791916","0.0-24.0-0.72","69c2a6ec39af7c4c4c681804","69d7901e3430d13455efb336","69e8e953bd5e0bb8c4012632","<p style=""font-size: 30px"">&emsp;</p><br><p style=""font-size: 60px; font-family: FragmentMono"">RGWFWZTE<p style=""font-size: 15px"">Press <strong>k</strong> for yes, <strong>d</strong> for no.</p>","","","testing","RGWFWZTE","k","[""morphemeXmorcode""]","false","","",""
"1049","k","html-keyboard-response","731","1792965","0.0-24.0-0.73","69c2a6ec39af7c4c4c681804","69d7901e3430d13455efb336","69e8e953bd5e0bb8c4012632","<p style=""font-size: 30px"">&emsp;</p><br><p style=""font-size: 60px; font-family: FragmentMono"">VJGQJRBO<p style=""font-size: 15px"">Press <strong>k</strong> for yes, <strong>d</strong> for no.</p>","","","testing","VJGQJRBO","k","[""morcodeXmorpheme""]","true","","",""
"557","d","html-keyboard-response","732","1793522","0.0-24.0-0.74","69c2a6ec39af7c4c4c681804","69d7901e3430d13455efb336","69e8e953bd5e0bb8c4012632","<p style=""font-size: 30px"">&emsp;</p><br><p style=""font-size: 60px; font-family: FragmentMono"">UXJCGYV<p style=""font-size: 15px"">Press <strong>k</strong> for yes, <strong>d</strong> for no.</p>","","","testing","UXJCGYV","d","[""morcodeXmorcode""]","true","","",""
"1032","d","html-keyboard-response","733","1794555","0.0-24.0-0.75","69c2a6ec39af7c4c4c681804","69d7901e3430d13455efb336","69e8e953bd5e0bb8c4012632","<p style=""font-size: 30px"">&emsp;</p><br><p style=""font-size: 60px; font-family: FragmentMono"">BABJJXPX<p style=""font-size: 15px"">Press <strong>k</strong> for yes, <strong>d</strong> for no.</p>","","","testing","BABJJXPX","d","[""morphemeXmorpheme""]","true","","",""
"888","k","html-keyboard-response","734","1795443","0.0-24.0-0.76","69c2a6ec39af7c4c4c681804","69d7901e3430d13455efb336","69e8e953bd5e0bb8c4012632","<p style=""font-size: 30px"">&emsp;</p><br><p style=""font-size: 60px; font-family: FragmentMono"">FDMJCRBO<p style=""font-size: 15px"">Press <strong>k</strong> for yes, <strong>d</strong> for no.</p>","","","testing","FDMJCRBO","d","[""morphemeXmorpheme""]","false","","",""
"1002","d","html-keyboard-response","735","1796446","0.0-24.0-0.77","69c2a6ec39af7c4c4c681804","69d7901e3430d13455efb336","69e8e953bd5e0bb8c4012632","<p style=""font-size: 30px"">&emsp;</p><br><p style=""font-size: 60px; font-family: FragmentMono"">UXWLEYOG<p style=""font-size: 15px"">Press <strong>k</strong> for yes, <strong>d</strong> for no.</p>","","","testing","UXWLEYOG","d","[""morphemeXmorpheme""]","true","","",""
"967","k","html-keyboard-response","736","1797413","0.0-24.0-0.78","69c2a6ec39af7c4c4c681804","69d7901e3430d13455efb336","69e8e953bd5e0bb8c4012632","<p style=""font-size: 30px"">&emsp;</p><br><p style=""font-size: 60px; font-family: FragmentMono"">BABJQFMC<p style=""font-size: 15px"">Press <strong>k</strong> for yes, <strong>d</strong> for no.</p>","","","testing","BABJQFMC","k","[""morphemeXmorpheme""]","true","","",""
"838","d","html-keyboard-response","737","1798252","0.0-24.0-0.79","69c2a6ec39af7c4c4c681804","69d7901e3430d13455efb336","69e8e953bd5e0bb8c4012632","<p style=""font-size: 30px"">&emsp;</p><br><p style=""font-size: 60px; font-family: FragmentMono"">NTGLGPSU<p style=""font-size: 15px"">Press <strong>k</strong> for yes, <strong>d</strong> for no.</p>","","","testing","NTGLGPSU","k","[""morphemeXmorpheme""]","false","","",""
"1184","k","html-keyboard-response","738","1799436","0.0-24.0-0.80","69c2a6ec39af7c4c4c681804","69d7901e3430d13455efb336","69e8e953bd5e0bb8c4012632","<p style=""font-size: 30px"">&emsp;</p><br><p style=""font-size: 60px; font-family: FragmentMono"">OSHEZKQW<p style=""font-size: 15px"">Press <strong>k</strong> for yes, <strong>d</strong> for no.</p>","","","testing","OSHEZKQW","d","[""morphemeXmorpheme""]","false","","",""
"788","k","html-keyboard-response","739","1800224","0.0-24.0-0.81","69c2a6ec39af7c4c4c681804","69d7901e3430d13455efb336","69e8e953bd5e0bb8c4012632","<p style=""font-size: 30px"">&emsp;</p><br><p style=""font-size: 60px; font-family: FragmentMono"">VEVCHEYOG<p style=""font-size: 15px"">Press <strong>k</strong> for yes, <strong>d</strong> for no.</p>","","","testing","VEVCHEYOG","d","[""morphemeXmorpheme""]","false","","",""
"1162","d","html-keyboard-response","740","1801387","0.0-24.0-0.82","69c2a6ec39af7c4c4c681804","69d7901e3430d13455efb336","69e8e953bd5e0bb8c4012632","<p style=""font-size: 30px"">&emsp;</p><br><p style=""font-size: 60px; font-family: FragmentMono"">EKCYGTZF<p style=""font-size: 15px"">Press <strong>k</strong> for yes, <strong>d</strong> for no.</p>","","","testing","EKCYGTZF","d","[""morcodeXmorcode""]","true","","",""
"784","d","html-keyboard-response","741","1802172","0.0-24.0-0.83","69c2a6ec39af7c4c4c681804","69d7901e3430d13455efb336","69e8e953bd5e0bb8c4012632","<p style=""font-size: 30px"">&emsp;</p><br><p style=""font-size: 60px; font-family: FragmentMono"">RGWFWRBO<p style=""font-size: 15px"">Press <strong>k</strong> for yes, <strong>d</strong> for no.</p>","","","testing","RGWFWRBO","k","[""morphemeXmorpheme""]","false","","",""
"774","d","html-keyboard-response","742","1802947","0.0-24.0-0.84","69c2a6ec39af7c4c4c681804","69d7901e3430d13455efb336","69e8e953bd5e0bb8c4012632","<p style=""font-size: 30px"">&emsp;</p><br><p style=""font-size: 60px; font-family: FragmentMono"">FWTPNUHN<p style=""font-size: 15px"">Press <strong>k</strong> for yes, <strong>d</strong> for no.</p>","","","testing","FWTPNUHN","d","[""morcodeXmorcode""]","true","","",""
"1117","k","html-keyboard-response","743","1804064","0.0-24.0-0.85","69c2a6ec39af7c4c4c681804","69d7901e3430d13455efb336","69e8e953bd5e0bb8c4012632","<p style=""font-size: 30px"">&emsp;</p><br><p style=""font-size: 60px; font-family: FragmentMono"">UWXVLWMSD<p style=""font-size: 15px"">Press <strong>k</strong> for yes, <strong>d</strong> for no.</p>","","","testing","UWXVLWMSD","d","[""morcodeXmorcode""]","false","","",""
"881","d","html-keyboard-response","744","1804946","0.0-24.0-0.86","69c2a6ec39af7c4c4c681804","69d7901e3430d13455efb336","69e8e953bd5e0bb8c4012632","<p style=""font-size: 30px"">&emsp;</p><br><p style=""font-size: 60px; font-family: FragmentMono"">VIWBZZQA<p style=""font-size: 15px"">Press <strong>k</strong> for yes, <strong>d</strong> for no.</p>","","","testing","VIWBZZQA","d","[""morcodeXmorcode""]","true","","",""
"778","k","html-keyboard-response","745","1805724","0.0-24.0-0.87","69c2a6ec39af7c4c4c681804","69d7901e3430d13455efb336","69e8e953bd5e0bb8c4012632","<p style=""font-size: 30px"">&emsp;</p><br><p style=""font-size: 60px; font-family: FragmentMono"">XNJUCAVY<p style=""font-size: 15px"">Press <strong>k</strong> for yes, <strong>d</strong> for no.</p>","","","testing","XNJUCAVY","d","[""morphemeXmorpheme""]","false","","",""
"946","d","html-keyboard-response","746","1806671","0.0-24.0-0.88","69c2a6ec39af7c4c4c681804","69d7901e3430d13455efb336","69e8e953bd5e0bb8c4012632","<p style=""font-size: 30px"">&emsp;</p><br><p style=""font-size: 60px; font-family: FragmentMono"">AWSUJFN<p style=""font-size: 15px"">Press <strong>k</strong> for yes, <strong>d</strong> for no.</p>","","","testing","AWSUJFN","d","[""morcodeXmorcode""]","true","","",""
"1892","k","html-keyboard-response","747","1808563","0.0-24.0-0.89","69c2a6ec39af7c4c4c681804","69d7901e3430d13455efb336","69e8e953bd5e0bb8c4012632","<p style=""font-size: 30px"">&emsp;</p><br><p style=""font-size: 60px; font-family: FragmentMono"">XQXQFJXPX<p style=""font-size: 15px"">Press <strong>k</strong> for yes, <strong>d</strong> for no.</p>","","","testing","XQXQFJXPX","d","[""morphemeXmorpheme""]","false","","",""
"933","d","html-keyboard-response","748","1809497","0.0-24.0-0.90","69c2a6ec39af7c4c4c681804","69d7901e3430d13455efb336","69e8e953bd5e0bb8c4012632","<p style=""font-size: 30px"">&emsp;</p><br><p style=""font-size: 60px; font-family: FragmentMono"">UXVTIPSU<p style=""font-size: 15px"">Press <strong>k</strong> for yes, <strong>d</strong> for no.</p>","","","testing","UXVTIPSU","d","[""morphemeXmorpheme""]","true","","",""
"1361","d","html-keyboard-response","749","1810859","0.0-24.0-0.91","69c2a6ec39af7c4c4c681804","69d7901e3430d13455efb336","69e8e953bd5e0bb8c4012632","<p style=""font-size: 30px"">&emsp;</p><br><p style=""font-size: 60px; font-family: FragmentMono"">NTGLGXHO<p style=""font-size: 15px"">Press <strong>k</strong> for yes, <strong>d</strong> for no.</p>","","","testing","NTGLGXHO","k","[""morphemeXmorcode""]","false","","",""
"1077","d","html-keyboard-response","750","1811936","0.0-24.0-0.92","69c2a6ec39af7c4c4c681804","69d7901e3430d13455efb336","69e8e953bd5e0bb8c4012632","<p style=""font-size: 30px"">&emsp;</p><br><p style=""font-size: 60px; font-family: FragmentMono"">IPHAQDCP<p style=""font-size: 15px"">Press <strong>k</strong> for yes, <strong>d</strong> for no.</p>","","","testing","IPHAQDCP","d","[""morcodeXmorcode""]","true","","",""
"957","d","html-keyboard-response","751","1812894","0.0-24.0-0.93","69c2a6ec39af7c4c4c681804","69d7901e3430d13455efb336","69e8e953bd5e0bb8c4012632","<p style=""font-size: 30px"">&emsp;</p><br><p style=""font-size: 60px; font-family: FragmentMono"">OSHEZRXV<p style=""font-size: 15px"">Press <strong>k</strong> for yes, <strong>d</strong> for no.</p>","","","testing","OSHEZRXV","k","[""morphemeXmorcode""]","false","","",""
"1018","k","html-keyboard-response","752","1813913","0.0-24.0-0.94","69c2a6ec39af7c4c4c681804","69d7901e3430d13455efb336","69e8e953bd5e0bb8c4012632","<p style=""font-size: 30px"">&emsp;</p><br><p style=""font-size: 60px; font-family: FragmentMono"">XNJUMZJH<p style=""font-size: 15px"">Press <strong>k</strong> for yes, <strong>d</strong> for no.</p>","","","testing","XNJUMZJH","k","[""morphemeXmorcode""]","true","","",""
"644","d","html-keyboard-response","753","1814557","0.0-24.0-0.95","69c2a6ec39af7c4c4c681804","69d7901e3430d13455efb336","69e8e953bd5e0bb8c4012632","<p style=""font-size: 30px"">&emsp;</p><br><p style=""font-size: 60px; font-family: FragmentMono"">MSYCQFMC<p style=""font-size: 15px"">Press <strong>k</strong> for yes, <strong>d</strong> for no.</p>","","","testing","MSYCQFMC","k","[""morcodeXmorpheme""]","false","","",""
"1269","d","html-keyboard-response","754","1815827","0.0-24.0-0.96","69c2a6ec39af7c4c4c681804","69d7901e3430d13455efb336","69e8e953bd5e0bb8c4012632","<p style=""font-size: 30px"">&emsp;</p><br><p style=""font-size: 60px; font-family: FragmentMono"">YIDUNKSL<p style=""font-size: 15px"">Press <strong>k</strong> for yes, <strong>d</strong> for no.</p>","","","testing","YIDUNKSL","k","[""morcodeXmorpheme""]","false","","",""
"874","d","html-keyboard-response","755","1816702","0.0-24.0-0.97","69c2a6ec39af7c4c4c681804","69d7901e3430d13455efb336","69e8e953bd5e0bb8c4012632","<p style=""font-size: 30px"">&emsp;</p><br><p style=""font-size: 60px; font-family: FragmentMono"">UNYZCFBS<p style=""font-size: 15px"">Press <strong>k</strong> for yes, <strong>d</strong> for no.</p>","","","testing","UNYZCFBS","d","[""morcodeXmorcode""]","true","","",""
"1503","k","html-keyboard-response","756","1818205","0.0-24.0-0.98","69c2a6ec39af7c4c4c681804","69d7901e3430d13455efb336","69e8e953bd5e0bb8c4012632","<p style=""font-size: 30px"">&emsp;</p><br><p style=""font-size: 60px; font-family: FragmentMono"">IDKYXTHW<p style=""font-size: 15px"">Press <strong>k</strong> for yes, <strong>d</strong> for no.</p>","","","testing","IDKYXTHW","d","[""morphemeXmorpheme""]","false","","",""
"867","k","html-keyboard-response","757","1819073","0.0-24.0-0.99","69c2a6ec39af7c4c4c681804","69d7901e3430d13455efb336","69e8e953bd5e0bb8c4012632","<p style=""font-size: 30px"">&emsp;</p><br><p style=""font-size: 60px; font-family: FragmentMono"">WAEMIKSL<p style=""font-size: 15px"">Press <strong>k</strong> for yes, <strong>d</strong> for no.</p>","","","testing","WAEMIKSL","d","[""morphemeXmorpheme""]","false","","",""
"769","k","html-keyboard-response","758","1819843","0.0-24.0-0.100","69c2a6ec39af7c4c4c681804","69d7901e3430d13455efb336","69e8e953bd5e0bb8c4012632","<p style=""font-size: 30px"">&emsp;</p><br><p style=""font-size: 60px; font-family: FragmentMono"">COMFVTHW<p style=""font-size: 15px"">Press <strong>k</strong> for yes, <strong>d</strong> for no.</p>","","","testing","COMFVTHW","k","[""morcodeXmorpheme""]","true","","",""
"870","k","html-keyboard-response","759","1820714","0.0-24.0-0.101","69c2a6ec39af7c4c4c681804","69d7901e3430d13455efb336","69e8e953bd5e0bb8c4012632","<p style=""font-size: 30px"">&emsp;</p><br><p style=""font-size: 60px; font-family: FragmentMono"">DJZJRBO<p style=""font-size: 15px"">Press <strong>k</strong> for yes, <strong>d</strong> for no.</p>","","","testing","DJZJRBO","d","[""morphemeXmorpheme""]","false","","",""
"748","k","html-keyboard-response","760","1821462","0.0-24.0-0.102","69c2a6ec39af7c4c4c681804","69d7901e3430d13455efb336","69e8e953bd5e0bb8c4012632","<p style=""font-size: 30px"">&emsp;</p><br><p style=""font-size: 60px; font-family: FragmentMono"">SJNXFTHW<p style=""font-size: 15px"">Press <strong>k</strong> for yes, <strong>d</strong> for no.</p>","","","testing","SJNXFTHW","k","[""morcodeXmorpheme""]","true","","",""
"612","d","html-keyboard-response","761","1822075","0.0-24.0-0.103","69c2a6ec39af7c4c4c681804","69d7901e3430d13455efb336","69e8e953bd5e0bb8c4012632","<p style=""font-size: 30px"">&emsp;</p><br><p style=""font-size: 60px; font-family: FragmentMono"">VEVCHEXDT<p style=""font-size: 15px"">Press <strong>k</strong> for yes, <strong>d</strong> for no.</p>","","","testing","VEVCHEXDT","k","[""morphemeXmorcode""]","false","","",""
"1068","k","html-keyboard-response","762","1823144","0.0-24.0-0.104","69c2a6ec39af7c4c4c681804","69d7901e3430d13455efb336","69e8e953bd5e0bb8c4012632","<p style=""font-size: 30px"">&emsp;</p><br><p style=""font-size: 60px; font-family: FragmentMono"">MVIVIELG<p style=""font-size: 15px"">Press <strong>k</strong> for yes, <strong>d</strong> for no.</p>","","","testing","MVIVIELG","d","[""morcodeXmorcode""]","false","","",""
"735","k","html-keyboard-response","763","1823879","0.0-24.0-0.105","69c2a6ec39af7c4c4c681804","69d7901e3430d13455efb336","69e8e953bd5e0bb8c4012632","<p style=""font-size: 30px"">&emsp;</p><br><p style=""font-size: 60px; font-family: FragmentMono"">UWQEOKYV<p style=""font-size: 15px"">Press <strong>k</strong> for yes, <strong>d</strong> for no.</p>","","","testing","UWQEOKYV","d","[""morcodeXmorcode""]","false","","",""
"680","d","html-keyboard-response","764","1824559","0.0-24.0-0.106","69c2a6ec39af7c4c4c681804","69d7901e3430d13455efb336","69e8e953bd5e0bb8c4012632","<p style=""font-size: 30px"">&emsp;</p><br><p style=""font-size: 60px; font-family: FragmentMono"">JZQMJOJU<p style=""font-size: 15px"">Press <strong>k</strong> for yes, <strong>d</strong> for no.</p>","","","testing","JZQMJOJU","d","[""morcodeXmorcode""]","true","","",""
"974","k","html-keyboard-response","765","1825535","0.0-24.0-0.107","69c2a6ec39af7c4c4c681804","69d7901e3430d13455efb336","69e8e953bd5e0bb8c4012632","<p style=""font-size: 30px"">&emsp;</p><br><p style=""font-size: 60px; font-family: FragmentMono"">KVAQWWYZ<p style=""font-size: 15px"">Press <strong>k</strong> for yes, <strong>d</strong> for no.</p>","","","testing","KVAQWWYZ","d","[""morcodeXmorcode""]","false","","",""
"586","d","html-keyboard-response","766","1826121","0.0-24.0-0.108","69c2a6ec39af7c4c4c681804","69d7901e3430d13455efb336","69e8e953bd5e0bb8c4012632","<p style=""font-size: 30px"">&emsp;</p><br><p style=""font-size: 60px; font-family: FragmentMono"">BIWILHQ<p style=""font-size: 15px"">Press <strong>k</strong> for yes, <strong>d</strong> for no.</p>","","","testing","BIWILHQ","k","[""morphemeXmorcode""]","false","","",""
"1039","k","html-keyboard-response","767","1827161","0.0-24.0-0.109","69c2a6ec39af7c4c4c681804","69d7901e3430d13455efb336","69e8e953bd5e0bb8c4012632","<p style=""font-size: 30px"">&emsp;</p><br><p style=""font-size: 60px; font-family: FragmentMono"">UXVTIDJN<p style=""font-size: 15px"">Press <strong>k</strong> for yes, <strong>d</strong> for no.</p>","","","testing","UXVTIDJN","k","[""morphemeXmorcode""]","true","","",""
"860","d","html-keyboard-response","768","1828022","0.0-24.0-0.110","69c2a6ec39af7c4c4c681804","69d7901e3430d13455efb336","69e8e953bd5e0bb8c4012632","<p style=""font-size: 30px"">&emsp;</p><br><p style=""font-size: 60px; font-family: FragmentMono"">TFRZQWFU<p style=""font-size: 15px"">Press <strong>k</strong> for yes, <strong>d</strong> for no.</p>","","","testing","TFRZQWFU","d","[""morcodeXmorcode""]","true","","",""
"880","k","html-keyboard-response","769","1828903","0.0-24.0-0.111","69c2a6ec39af7c4c4c681804","69d7901e3430d13455efb336","69e8e953bd5e0bb8c4012632","<p style=""font-size: 30px"">&emsp;</p><br><p style=""font-size: 60px; font-family: FragmentMono"">WAEMINLP<p style=""font-size: 15px"">Press <strong>k</strong> for yes, <strong>d</strong> for no.</p>","","","testing","WAEMINLP","k","[""morphemeXmorcode""]","true","","",""
"874","k","html-keyboard-response","770","1829777","0.0-24.0-0.112","69c2a6ec39af7c4c4c681804","69d7901e3430d13455efb336","69e8e953bd5e0bb8c4012632","<p style=""font-size: 30px"">&emsp;</p><br><p style=""font-size: 60px; font-family: FragmentMono"">YIUGGLY<p style=""font-size: 15px"">Press <strong>k</strong> for yes, <strong>d</strong> for no.</p>","","","testing","YIUGGLY","k","[""morcodeXmorpheme""]","true","","",""
"2524","k","html-keyboard-response","771","1832302","0.0-24.0-0.113","69c2a6ec39af7c4c4c681804","69d7901e3430d13455efb336","69e8e953bd5e0bb8c4012632","<p style=""font-size: 30px"">&emsp;</p><br><p style=""font-size: 60px; font-family: FragmentMono"">RGWFWTHW<p style=""font-size: 15px"">Press <strong>k</strong> for yes, <strong>d</strong> for no.</p>","","","testing","RGWFWTHW","d","[""morphemeXmorpheme""]","false","","",""
"38497"," ","html-keyboard-response","772","1870799","0.0-24.0-1.113-0.113","69c2a6ec39af7c4c4c681804","69d7901e3430d13455efb336","69e8e953bd5e0bb8c4012632","<p style=""font-size: 30px; color: red"">Careful! You were too slow for this word.</p>
      <p style=""font-size: 30px; color: red"">Try to be faster.</p><p></p><p>Press the spacebar to continue.</p>","","","","","","","","","",""
"1599","k","html-keyboard-response","773","1872399","0.0-24.0-0.114","69c2a6ec39af7c4c4c681804","69d7901e3430d13455efb336","69e8e953bd5e0bb8c4012632","<p style=""font-size: 30px"">&emsp;</p><br><p style=""font-size: 60px; font-family: FragmentMono"">NVSZPPMZ<p style=""font-size: 15px"">Press <strong>k</strong> for yes, <strong>d</strong> for no.</p>","","","testing","NVSZPPMZ","d","[""morcodeXmorcode""]","false","","",""
"2157","k","html-keyboard-response","774","1874556","0.0-24.0-0.115","69c2a6ec39af7c4c4c681804","69d7901e3430d13455efb336","69e8e953bd5e0bb8c4012632","<p style=""font-size: 30px"">&emsp;</p><br><p style=""font-size: 60px; font-family: FragmentMono"">FYFIDCP<p style=""font-size: 15px"">Press <strong>k</strong> for yes, <strong>d</strong> for no.</p>","","","testing","FYFIDCP","d","[""morcodeXmorcode""]","false","","",""
"1078"," ","html-keyboard-response","775","1875634","0.0-24.0-1.115-0.115","69c2a6ec39af7c4c4c681804","69d7901e3430d13455efb336","69e8e953bd5e0bb8c4012632","<p style=""font-size: 30px; color: red"">Careful! You were too slow for this word.</p>
      <p style=""font-size: 30px; color: red"">Try to be faster.</p><p></p><p>Press the spacebar to continue.</p>","","","","","","","","","",""
"717","k","html-keyboard-response","776","1876352","0.0-24.0-0.116","69c2a6ec39af7c4c4c681804","69d7901e3430d13455efb336","69e8e953bd5e0bb8c4012632","<p style=""font-size: 30px"">&emsp;</p><br><p style=""font-size: 60px; font-family: FragmentMono"">OSHEZKSL<p style=""font-size: 15px"">Press <strong>k</strong> for yes, <strong>d</strong> for no.</p>","","","testing","OSHEZKSL","k","[""morphemeXmorpheme""]","true","","",""
"563","k","html-keyboard-response","777","1876915","0.0-24.0-0.117","69c2a6ec39af7c4c4c681804","69d7901e3430d13455efb336","69e8e953bd5e0bb8c4012632","<p style=""font-size: 30px"">&emsp;</p><br><p style=""font-size: 60px; font-family: FragmentMono"">UXVTIGLY<p style=""font-size: 15px"">Press <strong>k</strong> for yes, <strong>d</strong> for no.</p>","","","testing","UXVTIGLY","k","[""morphemeXmorpheme""]","true","","",""
"676","k","html-keyboard-response","778","1877592","0.0-24.0-0.118","69c2a6ec39af7c4c4c681804","69d7901e3430d13455efb336","69e8e953bd5e0bb8c4012632","<p style=""font-size: 30px"">&emsp;</p><br><p style=""font-size: 60px; font-family: FragmentMono"">EKYAOEYOG<p style=""font-size: 15px"">Press <strong>k</strong> for yes, <strong>d</strong> for no.</p>","","","testing","EKYAOEYOG","k","[""morcodeXmorpheme""]","true","","",""
"712","k","html-keyboard-response","779","1878304","0.0-24.0-0.119","69c2a6ec39af7c4c4c681804","69d7901e3430d13455efb336","69e8e953bd5e0bb8c4012632","<p style=""font-size: 30px"">&emsp;</p><br><p style=""font-size: 60px; font-family: FragmentMono"">TUSOGJXPX<p style=""font-size: 15px"">Press <strong>k</strong> for yes, <strong>d</strong> for no.</p>","","","testing","TUSOGJXPX","k","[""morphemeXmorpheme""]","true","","",""
"184384","{""testing_strategy"":""I basically just tried to identify the words from memory, based on if i had seen them on any of the previous blocks.""}","survey-html-form","780","2062689","0.0-25.0","69c2a6ec39af7c4c4c681804","69d7901e3430d13455efb336","69e8e953bd5e0bb8c4012632","","","","","","","","","","",""
"41384"," ","html-keyboard-response","781","2104073","0.0-26.0","69c2a6ec39af7c4c4c681804","69d7901e3430d13455efb336","69e8e953bd5e0bb8c4012632","<p style=""font-size: 30px"">You've made it to the meeting on time, fantastic! The world leaders want to write a message back to the aliens, and need you to help them recognise which letter combinations you saw in their language. You'll have the choice between 2 letter combinations: one which was in the communication you saw, and one that wasn't. It's important to be friendly with these aliens, so it's important that you make the right choice!</p>
      <p style=""font-size: 30px"">Press <strong>d</strong> if you think that the letter combination on the <strong>left</strong> is the one you saw, or <strong>k</strong> if you think that it's the one on the <strong>right</strong>.</p>
      <p style=""font-size: 30px"">Press the spacebar when you're ready to begin.</p>","","","","","","","","","",""
"1362","d","html-keyboard-response","782","2105436","0.0-27.0-0.0","69c2a6ec39af7c4c4c681804","69d7901e3430d13455efb336","69e8e953bd5e0bb8c4012632","<p style=""font-size: 30px;"">Which letter combination have you already seen?</p><br><p style=""font-size: 60px; font-family: FragmentMono"">RGWFW&emsp;&emsp;&emsp;&emsp;STCKM<p style=""font-size: 15px"">Press <strong>d</strong> for this letter combination&emsp;&emsp;&emsp;&emsp;&emsp;&emsp;&emsp;&emsp;&emsp;&emsp;&emsp;Press <strong>k</strong> for this letter combination</p>","","","familiarity","","d","","true","RGWFW","STCKM",""
"2289","k","html-keyboard-response","783","2107726","0.0-27.0-0.1","69c2a6ec39af7c4c4c681804","69d7901e3430d13455efb336","69e8e953bd5e0bb8c4012632","<p style=""font-size: 30px;"">Which letter combination have you already seen?</p><br><p style=""font-size: 60px; font-family: FragmentMono"">ATWFG&emsp;&emsp;&emsp;&emsp;NTGLG<p style=""font-size: 15px"">Press <strong>d</strong> for this letter combination&emsp;&emsp;&emsp;&emsp;&emsp;&emsp;&emsp;&emsp;&emsp;&emsp;&emsp;Press <strong>k</strong> for this letter combination</p>","","","familiarity","","k","","true","NTGLG","ATWFG",""
"1140","k","html-keyboard-response","784","2108866","0.0-27.0-0.2","69c2a6ec39af7c4c4c681804","69d7901e3430d13455efb336","69e8e953bd5e0bb8c4012632","<p style=""font-size: 30px;"">Which letter combination have you already seen?</p><br><p style=""font-size: 60px; font-family: FragmentMono"">FDMJC&emsp;&emsp;&emsp;&emsp;QWVPX<p style=""font-size: 15px"">Press <strong>d</strong> for this letter combination&emsp;&emsp;&emsp;&emsp;&emsp;&emsp;&emsp;&emsp;&emsp;&emsp;&emsp;Press <strong>k</strong> for this letter combination</p>","","","familiarity","","d","","false","FDMJC","QWVPX",""
"1067","d","html-keyboard-response","785","2109934","0.0-27.0-0.3","69c2a6ec39af7c4c4c681804","69d7901e3430d13455efb336","69e8e953bd5e0bb8c4012632","<p style=""font-size: 30px"">&emsp;</p><br><p style=""font-size: 60px; font-family: FragmentMono"">BIWI&emsp;&emsp;&emsp;&emsp;LDEG<p style=""font-size: 15px"">Press <strong>d</strong> for this letter combination&emsp;&emsp;&emsp;&emsp;&emsp;&emsp;&emsp;&emsp;&emsp;&emsp;Press <strong>k</strong> for this letter combination</p>","","","familiarity","","d","","true","BIWI","LDEG",""
"1588","k","html-keyboard-response","786","2111522","0.0-27.0-0.4","69c2a6ec39af7c4c4c681804","69d7901e3430d13455efb336","69e8e953bd5e0bb8c4012632","<p style=""font-size: 30px"">&emsp;</p><br><p style=""font-size: 60px; font-family: FragmentMono"">EOSUX&emsp;&emsp;&emsp;&emsp;VEVCH<p style=""font-size: 15px"">Press <strong>d</strong> for this letter combination&emsp;&emsp;&emsp;&emsp;&emsp;&emsp;&emsp;&emsp;&emsp;&emsp;Press <strong>k</strong> for this letter combination</p>","","","familiarity","","k","","true","VEVCH","EOSUX",""
"841","d","html-keyboard-response","787","2112364","0.0-27.0-0.5","69c2a6ec39af7c4c4c681804","69d7901e3430d13455efb336","69e8e953bd5e0bb8c4012632","<p style=""font-size: 30px"">&emsp;</p><br><p style=""font-size: 60px; font-family: FragmentMono"">LYEA&emsp;&emsp;&emsp;&emsp;XIXR<p style=""font-size: 15px"">Press <strong>d</strong> for this letter combination&emsp;&emsp;&emsp;&emsp;&emsp;&emsp;&emsp;&emsp;&emsp;&emsp;Press <strong>k</strong> for this letter combination</p>","","","familiarity","","d","","true","LYEA","XIXR",""
"1479","d","html-keyboard-response","788","2113843","0.0-27.0-0.6","69c2a6ec39af7c4c4c681804","69d7901e3430d13455efb336","69e8e953bd5e0bb8c4012632","<p style=""font-size: 30px"">&emsp;</p><br><p style=""font-size: 60px; font-family: FragmentMono"">KSBZJ&emsp;&emsp;&emsp;&emsp;KLDSJ<p style=""font-size: 15px"">Press <strong>d</strong> for this letter combination&emsp;&emsp;&emsp;&emsp;&emsp;&emsp;&emsp;&emsp;&emsp;&emsp;Press <strong>k</strong> for this letter combination</p>","","","familiarity","","d","","true","KSBZJ","KLDSJ",""
"961","d","html-keyboard-response","789","2114804","0.0-27.0-0.7","69c2a6ec39af7c4c4c681804","69d7901e3430d13455efb336","69e8e953bd5e0bb8c4012632","<p style=""font-size: 30px"">&emsp;</p><br><p style=""font-size: 60px; font-family: FragmentMono"">IDKYX&emsp;&emsp;&emsp;&emsp;HJZOG<p style=""font-size: 15px"">Press <strong>d</strong> for this letter combination&emsp;&emsp;&emsp;&emsp;&emsp;&emsp;&emsp;&emsp;&emsp;&emsp;Press <strong>k</strong> for this letter combination</p>","","","familiarity","","d","","true","IDKYX","HJZOG",""
"1314","d","html-keyboard-response","790","2116119","0.0-27.0-0.8","69c2a6ec39af7c4c4c681804","69d7901e3430d13455efb336","69e8e953bd5e0bb8c4012632","<p style=""font-size: 30px"">&emsp;</p><br><p style=""font-size: 60px; font-family: FragmentMono"">WRGAM&emsp;&emsp;&emsp;&emsp;NPGVJ<p style=""font-size: 15px"">Press <strong>d</strong> for this letter combination&emsp;&emsp;&emsp;&emsp;&emsp;&emsp;&emsp;&emsp;&emsp;&emsp;Press <strong>k</strong> for this letter combination</p>","","","familiarity","","d","","true","WRGAM","NPGVJ",""
"1233","d","html-keyboard-response","791","2117352","0.0-27.0-0.9","69c2a6ec39af7c4c4c681804","69d7901e3430d13455efb336","69e8e953bd5e0bb8c4012632","<p style=""font-size: 30px"">&emsp;</p><br><p style=""font-size: 60px; font-family: FragmentMono"">UXWL&emsp;&emsp;&emsp;&emsp;ILGF<p style=""font-size: 15px"">Press <strong>d</strong> for this letter combination&emsp;&emsp;&emsp;&emsp;&emsp;&emsp;&emsp;&emsp;&emsp;&emsp;Press <strong>k</strong> for this letter combination</p>","","","familiarity","","d","","true","UXWL","ILGF",""
"1337","d","html-keyboard-response","792","2118690","0.0-27.0-0.10","69c2a6ec39af7c4c4c681804","69d7901e3430d13455efb336","69e8e953bd5e0bb8c4012632","<p style=""font-size: 30px"">&emsp;</p><br><p style=""font-size: 60px; font-family: FragmentMono"">ISLN&emsp;&emsp;&emsp;&emsp;XNJU<p style=""font-size: 15px"">Press <strong>d</strong> for this letter combination&emsp;&emsp;&emsp;&emsp;&emsp;&emsp;&emsp;&emsp;&emsp;&emsp;Press <strong>k</strong> for this letter combination</p>","","","familiarity","","k","","false","XNJU","ISLN",""
"1712","k","html-keyboard-response","793","2120403","0.0-27.0-0.11","69c2a6ec39af7c4c4c681804","69d7901e3430d13455efb336","69e8e953bd5e0bb8c4012632","<p style=""font-size: 30px"">&emsp;</p><br><p style=""font-size: 60px; font-family: FragmentMono"">GLY&emsp;&emsp;&emsp;&emsp;FYG<p style=""font-size: 15px"">Press <strong>d</strong> for this letter combination&emsp;&emsp;&emsp;&emsp;&emsp;&emsp;&emsp;&emsp;&emsp;&emsp;Press <strong>k</strong> for this letter combination</p>","","","familiarity","","d","","false","GLY","FYG",""
"1773","d","html-keyboard-response","794","2122177","0.0-27.0-0.12","69c2a6ec39af7c4c4c681804","69d7901e3430d13455efb336","69e8e953bd5e0bb8c4012632","<p style=""font-size: 30px"">&emsp;</p><br><p style=""font-size: 60px; font-family: FragmentMono"">JXTJX&emsp;&emsp;&emsp;&emsp;ZTKEH<p style=""font-size: 15px"">Press <strong>d</strong> for this letter combination&emsp;&emsp;&emsp;&emsp;&emsp;&emsp;&emsp;&emsp;&emsp;&emsp;Press <strong>k</strong> for this letter combination</p>","","","familiarity","","d","","true","JXTJX","ZTKEH",""
"1041","d","html-keyboard-response","795","2123218","0.0-27.0-0.13","69c2a6ec39af7c4c4c681804","69d7901e3430d13455efb336","69e8e953bd5e0bb8c4012632","<p style=""font-size: 30px"">&emsp;</p><br><p style=""font-size: 60px; font-family: FragmentMono"">PSU&emsp;&emsp;&emsp;&emsp;QRW<p style=""font-size: 15px"">Press <strong>d</strong> for this letter combination&emsp;&emsp;&emsp;&emsp;&emsp;&emsp;&emsp;&emsp;&emsp;&emsp;Press <strong>k</strong> for this letter combination</p>","","","familiarity","","d","","true","PSU","QRW",""
"1588","k","html-keyboard-response","796","2124807","0.0-27.0-0.14","69c2a6ec39af7c4c4c681804","69d7901e3430d13455efb336","69e8e953bd5e0bb8c4012632","<p style=""font-size: 30px"">&emsp;</p><br><p style=""font-size: 60px; font-family: FragmentMono"">TQIT&emsp;&emsp;&emsp;&emsp;VLQV<p style=""font-size: 15px"">Press <strong>d</strong> for this letter combination&emsp;&emsp;&emsp;&emsp;&emsp;&emsp;&emsp;&emsp;&emsp;&emsp;Press <strong>k</strong> for this letter combination</p>","","","familiarity","","d","","false","TQIT","VLQV",""
"1046","k","html-keyboard-response","797","2125853","0.0-27.0-0.15","69c2a6ec39af7c4c4c681804","69d7901e3430d13455efb336","69e8e953bd5e0bb8c4012632","<p style=""font-size: 30px"">&emsp;</p><br><p style=""font-size: 60px; font-family: FragmentMono"">TGPV&emsp;&emsp;&emsp;&emsp;BABJ<p style=""font-size: 15px"">Press <strong>d</strong> for this letter combination&emsp;&emsp;&emsp;&emsp;&emsp;&emsp;&emsp;&emsp;&emsp;&emsp;Press <strong>k</strong> for this letter combination</p>","","","familiarity","","k","","true","BABJ","TGPV",""
"1422","k","html-keyboard-response","798","2127276","0.0-27.0-0.16","69c2a6ec39af7c4c4c681804","69d7901e3430d13455efb336","69e8e953bd5e0bb8c4012632","<p style=""font-size: 30px"">&emsp;</p><br><p style=""font-size: 60px; font-family: FragmentMono"">WFQNZ&emsp;&emsp;&emsp;&emsp;TUSOG<p style=""font-size: 15px"">Press <strong>d</strong> for this letter combination&emsp;&emsp;&emsp;&emsp;&emsp;&emsp;&emsp;&emsp;&emsp;&emsp;Press <strong>k</strong> for this letter combination</p>","","","familiarity","","k","","true","TUSOG","WFQNZ",""
"967","d","html-keyboard-response","799","2128244","0.0-27.0-0.17","69c2a6ec39af7c4c4c681804","69d7901e3430d13455efb336","69e8e953bd5e0bb8c4012632","<p style=""font-size: 30px"">&emsp;</p><br><p style=""font-size: 60px; font-family: FragmentMono"">OSHEZ&emsp;&emsp;&emsp;&emsp;IDEUB<p style=""font-size: 15px"">Press <strong>d</strong> for this letter combination&emsp;&emsp;&emsp;&emsp;&emsp;&emsp;&emsp;&emsp;&emsp;&emsp;Press <strong>k</strong> for this letter combination</p>","","","familiarity","","d","","true","OSHEZ","IDEUB",""
"821","k","html-keyboard-response","800","2129065","0.0-27.0-0.18","69c2a6ec39af7c4c4c681804","69d7901e3430d13455efb336","69e8e953bd5e0bb8c4012632","<p style=""font-size: 30px"">&emsp;</p><br><p style=""font-size: 60px; font-family: FragmentMono"">RWEQM&emsp;&emsp;&emsp;&emsp;WAEMI<p style=""font-size: 15px"">Press <strong>d</strong> for this letter combination&emsp;&emsp;&emsp;&emsp;&emsp;&emsp;&emsp;&emsp;&emsp;&emsp;Press <strong>k</strong> for this letter combination</p>","","","familiarity","","k","","true","WAEMI","RWEQM",""
"1286","d","html-keyboard-response","801","2130352","0.0-27.0-0.19","69c2a6ec39af7c4c4c681804","69d7901e3430d13455efb336","69e8e953bd5e0bb8c4012632","<p style=""font-size: 30px"">&emsp;</p><br><p style=""font-size: 60px; font-family: FragmentMono"">CAVY&emsp;&emsp;&emsp;&emsp;CPJS<p style=""font-size: 15px"">Press <strong>d</strong> for this letter combination&emsp;&emsp;&emsp;&emsp;&emsp;&emsp;&emsp;&emsp;&emsp;&emsp;Press <strong>k</strong> for this letter combination</p>","","","familiarity","","d","","true","CAVY","CPJS",""
"1884","k","html-keyboard-response","802","2132236","0.0-27.0-0.20","69c2a6ec39af7c4c4c681804","69d7901e3430d13455efb336","69e8e953bd5e0bb8c4012632","<p style=""font-size: 30px"">&emsp;</p><br><p style=""font-size: 60px; font-family: FragmentMono"">UPHS&emsp;&emsp;&emsp;&emsp;JXPX<p style=""font-size: 15px"">Press <strong>d</strong> for this letter combination&emsp;&emsp;&emsp;&emsp;&emsp;&emsp;&emsp;&emsp;&emsp;&emsp;Press <strong>k</strong> for this letter combination</p>","","","familiarity","","k","","true","JXPX","UPHS",""
"1055","d","html-keyboard-response","803","2133291","0.0-27.0-0.21","69c2a6ec39af7c4c4c681804","69d7901e3430d13455efb336","69e8e953bd5e0bb8c4012632","<p style=""font-size: 30px"">&emsp;</p><br><p style=""font-size: 60px; font-family: FragmentMono"">MYZN&emsp;&emsp;&emsp;&emsp;EYOG<p style=""font-size: 15px"">Press <strong>d</strong> for this letter combination&emsp;&emsp;&emsp;&emsp;&emsp;&emsp;&emsp;&emsp;&emsp;&emsp;Press <strong>k</strong> for this letter combination</p>","","","familiarity","","k","","false","EYOG","MYZN",""
"1346","k","html-keyboard-response","804","2134638","0.0-27.0-0.22","69c2a6ec39af7c4c4c681804","69d7901e3430d13455efb336","69e8e953bd5e0bb8c4012632","<p style=""font-size: 30px"">&emsp;</p><br><p style=""font-size: 60px; font-family: FragmentMono"">RFI&emsp;&emsp;&emsp;&emsp;KSL<p style=""font-size: 15px"">Press <strong>d</strong> for this letter combination&emsp;&emsp;&emsp;&emsp;&emsp;&emsp;&emsp;&emsp;&emsp;&emsp;Press <strong>k</strong> for this letter combination</p>","","","familiarity","","k","","true","KSL","RFI",""
"1429","k","html-keyboard-response","805","2136068","0.0-27.0-0.23","69c2a6ec39af7c4c4c681804","69d7901e3430d13455efb336","69e8e953bd5e0bb8c4012632","<p style=""font-size: 30px"">&emsp;</p><br><p style=""font-size: 60px; font-family: FragmentMono"">QFMC&emsp;&emsp;&emsp;&emsp;KYNY<p style=""font-size: 15px"">Press <strong>d</strong> for this letter combination&emsp;&emsp;&emsp;&emsp;&emsp;&emsp;&emsp;&emsp;&emsp;&emsp;Press <strong>k</strong> for this letter combination</p>","","","familiarity","","d","","false","QFMC","KYNY",""
"759","k","html-keyboard-response","806","2136828","0.0-27.0-0.24","69c2a6ec39af7c4c4c681804","69d7901e3430d13455efb336","69e8e953bd5e0bb8c4012632","<p style=""font-size: 30px"">&emsp;</p><br><p style=""font-size: 60px; font-family: FragmentMono"">SVN&emsp;&emsp;&emsp;&emsp;THW<p style=""font-size: 15px"">Press <strong>d</strong> for this letter combination&emsp;&emsp;&emsp;&emsp;&emsp;&emsp;&emsp;&emsp;&emsp;&emsp;Press <strong>k</strong> for this letter combination</p>","","","familiarity","","k","","true","THW","SVN",""
"1367","k","html-keyboard-response","807","2138195","0.0-27.0-0.25","69c2a6ec39af7c4c4c681804","69d7901e3430d13455efb336","69e8e953bd5e0bb8c4012632","<p style=""font-size: 30px"">&emsp;</p><br><p style=""font-size: 60px; font-family: FragmentMono"">WSH&emsp;&emsp;&emsp;&emsp;KQW<p style=""font-size: 15px"">Press <strong>d</strong> for this letter combination&emsp;&emsp;&emsp;&emsp;&emsp;&emsp;&emsp;&emsp;&emsp;&emsp;Press <strong>k</strong> for this letter combination</p>","","","familiarity","","k","","true","KQW","WSH",""
"1648","k","html-keyboard-response","808","2139843","0.0-27.0-0.26","69c2a6ec39af7c4c4c681804","69d7901e3430d13455efb336","69e8e953bd5e0bb8c4012632","<p style=""font-size: 30px"">&emsp;</p><br><p style=""font-size: 60px; font-family: FragmentMono"">ZCPBU&emsp;&emsp;&emsp;&emsp;UXVTI<p style=""font-size: 15px"">Press <strong>d</strong> for this letter combination&emsp;&emsp;&emsp;&emsp;&emsp;&emsp;&emsp;&emsp;&emsp;&emsp;Press <strong>k</strong> for this letter combination</p>","","","familiarity","","k","","true","UXVTI","ZCPBU",""
"1269","k","html-keyboard-response","809","2141113","0.0-27.0-0.27","69c2a6ec39af7c4c4c681804","69d7901e3430d13455efb336","69e8e953bd5e0bb8c4012632","<p style=""font-size: 30px"">&emsp;</p><br><p style=""font-size: 60px; font-family: FragmentMono"">XQXQF&emsp;&emsp;&emsp;&emsp;MKCIY<p style=""font-size: 15px"">Press <strong>d</strong> for this letter combination&emsp;&emsp;&emsp;&emsp;&emsp;&emsp;&emsp;&emsp;&emsp;&emsp;Press <strong>k</strong> for this letter combination</p>","","","familiarity","","d","","false","XQXQF","MKCIY",""
"1359","k","html-keyboard-response","810","2142473","0.0-27.0-0.28","69c2a6ec39af7c4c4c681804","69d7901e3430d13455efb336","69e8e953bd5e0bb8c4012632","<p style=""font-size: 30px"">&emsp;</p><br><p style=""font-size: 60px; font-family: FragmentMono"">DJZJ&emsp;&emsp;&emsp;&emsp;RJMH<p style=""font-size: 15px"">Press <strong>d</strong> for this letter combination&emsp;&emsp;&emsp;&emsp;&emsp;&emsp;&emsp;&emsp;&emsp;&emsp;Press <strong>k</strong> for this letter combination</p>","","","familiarity","","d","","false","DJZJ","RJMH",""
"979","d","html-keyboard-response","811","2143453","0.0-27.0-0.29","69c2a6ec39af7c4c4c681804","69d7901e3430d13455efb336","69e8e953bd5e0bb8c4012632","<p style=""font-size: 30px"">&emsp;</p><br><p style=""font-size: 60px; font-family: FragmentMono"">RBO&emsp;&emsp;&emsp;&emsp;EYX<p style=""font-size: 15px"">Press <strong>d</strong> for this letter combination&emsp;&emsp;&emsp;&emsp;&emsp;&emsp;&emsp;&emsp;&emsp;&emsp;Press <strong>k</strong> for this letter combination</p>","","","familiarity","","d","","true","RBO","EYX",""
"10697"," ","html-keyboard-response","812","2154150","0.0-28.0","69c2a6ec39af7c4c4c681804","69d7901e3430d13455efb336","69e8e953bd5e0bb8c4012632","<p style=""font-size: 30px"">Thank you for your help deciphering these alien communications! In this final part, we'd like you to answer the following questions on your history, use, proficiency, and attitudes towards your own languages.</p>
      <p style=""font-size: 30px"">The questionnaire contains 19 questions and will take only 10 minutes. Please answer every question honestly: this way we'll be able to guarantee a good outcome for this experiment.</p>
      <p style=""font-size: 30px"">Press the spacebar to begin.</p>","","","","","","","","","",""
"137617","{""Age"":""23"",""Gender"":""Woman"",""Education"":""College"",""L1"":""English"",""L2"":""n/a"",""L3"":""n/a"",""L4"":""n/a"",""otherLs"":""No""}","survey-html-form","813","2291769","0.0-29.0","69c2a6ec39af7c4c4c681804","69d7901e3430d13455efb336","69e8e953bd5e0bb8c4012632","","","","","","","","","","","bio_info"
"49837","{""AoAL1"":""0"",""AoEaseL1"":""0"",""yearsEduL1"":""20+"",""yearsCountryL1"":""20+"",""yearsFamilyL1"":""20+"",""yearsWorkL1"":""3""}","survey-html-form","814","2341628","0.0-30.0","69c2a6ec39af7c4c4c681804","69d7901e3430d13455efb336","69e8e953bd5e0bb8c4012632","","","","","","","","","","","history_info"
"14513","{""PercFriendsL1"":""100"",""PercFamilyL1"":""100"",""PercWorkL1"":""100"",""PercSelfL1"":""100"",""PercCountL1"":""100""}","survey-html-form","815","2356148","0.0-31.0-0.0-0.0","69c2a6ec39af7c4c4c681804","69d7901e3430d13455efb336","69e8e953bd5e0bb8c4012632","","","","","","","","","","","use_info"
"20845","{""ProfSpeakL1"":""6"",""ProfUnderstandL1"":""6"",""ProfReadL1"":""6"",""AttentionL1"":""2"",""ProfWriteL1"":""6""}","survey-html-form","816","2376999","0.0-32.0","69c2a6ec39af7c4c4c681804","69d7901e3430d13455efb336","69e8e953bd5e0bb8c4012632","","","","","","","","","","","proficiency_info"
"28286","{""AttSelfL1"":""6"",""AttCultureL1"":""5"",""AttNativeLevelL1"":""6"",""AttMothertongueL1"":""6""}","survey-html-form","817","2405289","0.0-33.0","69c2a6ec39af7c4c4c681804","69d7901e3430d13455efb336","69e8e953bd5e0bb8c4012632","","","","","","","","","","","attitudes_info"
"38667"," ","html-keyboard-response","818","2443957","0.0-34.0","69c2a6ec39af7c4c4c681804","69d7901e3430d13455efb336","69e8e953bd5e0bb8c4012632","<p style=""font-size: 30px""><u>Goal of the study:</u> This experiment intends to test if people with more experience with more languages are more capable of unconsciously processing statistical information of new words. The alien words you saw at the beginning of the study belonged to two different languages, and this difference was displayed in how word parts were assembled together. Thank you for your participation!</p>
      <p style=""font-size: 30px"">Data upload will take a few seconds. Please wait briefly, then you will be redirected to Prolific with your completion code. Press any key now to do so.</p>","","","","","","","","","",""
