"rt","response","trial_type","trial_index","time_elapsed","internal_node_id","subject_id","study_id","session_id","stimulus","question_order","success","task","item","correct_response","testing_condition","correct","target","confound","name"
"8846","{""ID"":""6980c16f9985e39f6bcbbe3a""}","survey-html-form","0","8853","0.0-0.0","6980c16f9985e39f6bcbbe3a","69de1b11a980ed2dab60a60c","69dfc595dab1511c600af1bf","","","","","","","","","","",""
"17788"," ","html-keyboard-response","1","26645","0.0-1.0","6980c16f9985e39f6bcbbe3a","69de1b11a980ed2dab60a60c","69dfc595dab1511c600af1bf","<p style=""font-size: 30px;"">Before beginning, we ask that you read the consent information and confirm your agreement to participate in the experiment.</p>
      <p style=""font-size: 30px;""> We ask that you remember that this is a research project and that your participation is entirely voluntary. You can stop your participation at any time, without needing to provide any explanation. The study we're asking you to participate in aims at examining how readers process written words. You will be engaged in a session of apprximately 25-30 minutes, followed by a brief questionnaire. You will have the opportunity to take a few breaks during the experiment. You will be paid £4 for your participation, corresponding to a rate of £8/hour. While this experiment looks at cognitive faculties, this experiment doesn't constitute clinical proof of eventual pathologies.</p>
      <p style=""font-size: 30px;"">All of the information collected thanks to yours and others' participation will be held in a secure password-protected server, and will not be shared with anyone not authorised to view it. Your personal information will be kept with an arbitrary participant ID. Thanks to this data anonymity process, any researcher analysing the data won't be able to track the information back to a specific participant. Therefore, this process will make identifying you impossibile, even when results from the study will be published in scientific reviews, presented at congresses, or at any other public forum. More generally, the collected data will be treated in accordance with the laws on privacy and conformity to the Legislative Degree n. 196 ""Code regarding the protection of personal data"" of the 30th of June 2003 and to the European Regulation 2016/670 (General Data Protection Regulation - GDPR). The Data Protection Officer is Avv. Valentina Carollo, who can be contacted at the following email addresses: <a href=""mailto:dpo@sissa.it"">dpo@sissa.it</a> or <a href=""mailto:rpd@sissa.it"">rpd@sissa.it</a> - PEC: <a href=""mailto:protocollo@pec.sissa.it"">protocollo@pec.sissa.it</a>.</p>
      <p style=""font-size: 30px;""> Before expressing your consent to participate, we would like to remind you again that in case you need explanations on any aspect of the experimental procedure, the researcher is at your disposition (<a href=""mailto:aliebelt@sissa.it"">aliebelt@sissa.it</a>, <a href=""mailto:davide.crepaldi@sissa.it"">davide.crepaldi@sissa.it</a>). Please feel free to contact the researcher through the Messaging feature on Prolific if you have any questions or issues.</p>
      <p style=""font-size: 30px;"">If you would like to download the informed consent form, you can do so here: <a href=""BASL-Informed_Consent.pdf"" download>informed consent form</a>.</p>
      <p style=""font-size: 30px;"">We ask that you press the spacebar to proceed to the consent section.</p>","","","","","","","","","",""
"14425","{""consent1"":""YES"",""consent2"":""YES"",""consent3"":""YES"",""consent4"":""YES"",""consent5"":""YES"",""consent6"":""YES""}","survey-html-form","2","41072","0.0-2.0","6980c16f9985e39f6bcbbe3a","69de1b11a980ed2dab60a60c","69dfc595dab1511c600af1bf","","","","","","","","","","",""
"39601","{""Languages"":[""Arabic"",""English"",""German""]}","survey-multi-select","3","80763","0.0-3.0-0.0","6980c16f9985e39f6bcbbe3a","69de1b11a980ed2dab60a60c","69dfc595dab1511c600af1bf","","[0]","","","","","","","","",""
"11010","","fullscreen","4","92776","0.0-4.0","6980c16f9985e39f6bcbbe3a","69de1b11a980ed2dab60a60c","69dfc595dab1511c600af1bf","","","true","","","","","","","",""
"23415"," ","html-keyboard-response","5","116192","0.0-5.0","6980c16f9985e39f6bcbbe3a","69de1b11a980ed2dab60a60c","69dfc595dab1511c600af1bf","<p style=""font-size: 30px"">Welcome, and thank you very much for your time!</p>
      <p style=""font-size: 30px"">In this experiment, you'll be a language expert who's been asked to take a look at words that Earth has received in its first communication with aliens. Your task, in this first part of the experiment, is to pay close attention to the words you'll be shown; later, world leaders will ask you questions on what you saw. The words will be shown to you quite quickly; it seems that the aliens were in a hurry :-)</p>
      <p style=""font-size: 30px"">Press the spacebar to continue.<p>","","","","","","","","","",""
"null","null","html-keyboard-response","6","116213","0.0-6.0","6980c16f9985e39f6bcbbe3a","69de1b11a980ed2dab60a60c","69dfc595dab1511c600af1bf","<p style=""font-size: 1px; font-family: FragmentMono""> x </p>","","","","","","","","","",""
"null","null","html-keyboard-response","7","117227","0.0-7.0-0.0","6980c16f9985e39f6bcbbe3a","69de1b11a980ed2dab60a60c","69dfc595dab1511c600af1bf","<p style=""font-size: 60px; font-family: FragmentMono"">XQTKWBVLT</p>","","","training","","","","","","",""
"null","null","html-keyboard-response","8","118238","0.0-7.0-0.1","6980c16f9985e39f6bcbbe3a","69de1b11a980ed2dab60a60c","69dfc595dab1511c600af1bf","<p style=""font-size: 60px; font-family: FragmentMono"">ZTKEHAWSU</p>","","","training","","","","","","",""
"null","null","html-keyboard-response","9","119254","0.0-7.0-0.2","6980c16f9985e39f6bcbbe3a","69de1b11a980ed2dab60a60c","69dfc595dab1511c600af1bf","<p style=""font-size: 60px; font-family: FragmentMono"">LQXIKBY</p>","","","training","","","","","","",""
"null","null","html-keyboard-response","10","120256","0.0-7.0-0.3","6980c16f9985e39f6bcbbe3a","69de1b11a980ed2dab60a60c","69dfc595dab1511c600af1bf","<p style=""font-size: 60px; font-family: FragmentMono"">HTZXDYFJ</p>","","","training","","","","","","",""
"null","null","html-keyboard-response","11","121271","0.0-7.0-0.4","6980c16f9985e39f6bcbbe3a","69de1b11a980ed2dab60a60c","69dfc595dab1511c600af1bf","<p style=""font-size: 60px; font-family: FragmentMono"">FWTPNSXD</p>","","","training","","","","","","",""
"null","null","html-keyboard-response","12","122281","0.0-7.0-0.5","6980c16f9985e39f6bcbbe3a","69de1b11a980ed2dab60a60c","69dfc595dab1511c600af1bf","<p style=""font-size: 60px; font-family: FragmentMono"">UXWLAWSU</p>","","","training","","","","","","",""
"null","null","html-keyboard-response","13","123297","0.0-7.0-0.6","6980c16f9985e39f6bcbbe3a","69de1b11a980ed2dab60a60c","69dfc595dab1511c600af1bf","<p style=""font-size: 60px; font-family: FragmentMono"">VPKWHSXD</p>","","","training","","","","","","",""
"null","null","html-keyboard-response","14","124299","0.0-7.0-0.7","6980c16f9985e39f6bcbbe3a","69de1b11a980ed2dab60a60c","69dfc595dab1511c600af1bf","<p style=""font-size: 60px; font-family: FragmentMono"">UXWLPMZ</p>","","","training","","","","","","",""
"null","null","html-keyboard-response","15","125314","0.0-7.0-0.8","6980c16f9985e39f6bcbbe3a","69de1b11a980ed2dab60a60c","69dfc595dab1511c600af1bf","<p style=""font-size: 60px; font-family: FragmentMono"">FWTPNBHPZ</p>","","","training","","","","","","",""
"null","null","html-keyboard-response","16","126332","0.0-7.0-0.9","6980c16f9985e39f6bcbbe3a","69de1b11a980ed2dab60a60c","69dfc595dab1511c600af1bf","<p style=""font-size: 60px; font-family: FragmentMono"">LRYWKBY</p>","","","training","","","","","","",""
"null","null","html-keyboard-response","17","127348","0.0-7.0-0.10","6980c16f9985e39f6bcbbe3a","69de1b11a980ed2dab60a60c","69dfc595dab1511c600af1bf","<p style=""font-size: 60px; font-family: FragmentMono"">LQXIDGI</p>","","","training","","","","","","",""
"null","null","html-keyboard-response","18","128358","0.0-7.0-0.11","6980c16f9985e39f6bcbbe3a","69de1b11a980ed2dab60a60c","69dfc595dab1511c600af1bf","<p style=""font-size: 60px; font-family: FragmentMono"">BRSWXYFJ</p>","","","training","","","","","","",""
"null","null","html-keyboard-response","19","129366","0.0-7.0-0.12","6980c16f9985e39f6bcbbe3a","69de1b11a980ed2dab60a60c","69dfc595dab1511c600af1bf","<p style=""font-size: 60px; font-family: FragmentMono"">SLHUOVDIS</p>","","","training","","","","","","",""
"null","null","html-keyboard-response","20","130375","0.0-7.0-0.13","6980c16f9985e39f6bcbbe3a","69de1b11a980ed2dab60a60c","69dfc595dab1511c600af1bf","<p style=""font-size: 60px; font-family: FragmentMono"">VPKWHBVLT</p>","","","training","","","","","","",""
"null","null","html-keyboard-response","21","131384","0.0-7.0-0.14","6980c16f9985e39f6bcbbe3a","69de1b11a980ed2dab60a60c","69dfc595dab1511c600af1bf","<p style=""font-size: 60px; font-family: FragmentMono"">MGALKBY</p>","","","training","","","","","","",""
"null","null","html-keyboard-response","22","132398","0.0-7.0-0.15","6980c16f9985e39f6bcbbe3a","69de1b11a980ed2dab60a60c","69dfc595dab1511c600af1bf","<p style=""font-size: 60px; font-family: FragmentMono"">BRSWXPZKS</p>","","","training","","","","","","",""
"null","null","html-keyboard-response","23","133403","0.0-7.0-0.16","6980c16f9985e39f6bcbbe3a","69de1b11a980ed2dab60a60c","69dfc595dab1511c600af1bf","<p style=""font-size: 60px; font-family: FragmentMono"">UABSDGI</p>","","","training","","","","","","",""
"null","null","html-keyboard-response","24","134419","0.0-7.0-0.17","6980c16f9985e39f6bcbbe3a","69de1b11a980ed2dab60a60c","69dfc595dab1511c600af1bf","<p style=""font-size: 60px; font-family: FragmentMono"">KMSKSXD</p>","","","training","","","","","","",""
"null","null","html-keyboard-response","25","135436","0.0-7.0-0.18","6980c16f9985e39f6bcbbe3a","69de1b11a980ed2dab60a60c","69dfc595dab1511c600af1bf","<p style=""font-size: 60px; font-family: FragmentMono"">UABSAWSU</p>","","","training","","","","","","",""
"null","null","html-keyboard-response","26","136452","0.0-7.0-0.19","6980c16f9985e39f6bcbbe3a","69de1b11a980ed2dab60a60c","69dfc595dab1511c600af1bf","<p style=""font-size: 60px; font-family: FragmentMono"">BRSWXBHPZ</p>","","","training","","","","","","",""
"null","null","html-keyboard-response","27","137462","0.0-7.0-0.20","6980c16f9985e39f6bcbbe3a","69de1b11a980ed2dab60a60c","69dfc595dab1511c600af1bf","<p style=""font-size: 60px; font-family: FragmentMono"">XQTKWPZKS</p>","","","training","","","","","","",""
"null","null","html-keyboard-response","28","138470","0.0-7.0-0.21","6980c16f9985e39f6bcbbe3a","69de1b11a980ed2dab60a60c","69dfc595dab1511c600af1bf","<p style=""font-size: 60px; font-family: FragmentMono"">CVJTSXD</p>","","","training","","","","","","",""
"null","null","html-keyboard-response","29","139487","0.0-7.0-0.22","6980c16f9985e39f6bcbbe3a","69de1b11a980ed2dab60a60c","69dfc595dab1511c600af1bf","<p style=""font-size: 60px; font-family: FragmentMono"">UBSUPZKS</p>","","","training","","","","","","",""
"null","null","html-keyboard-response","30","140504","0.0-7.0-0.23","6980c16f9985e39f6bcbbe3a","69de1b11a980ed2dab60a60c","69dfc595dab1511c600af1bf","<p style=""font-size: 60px; font-family: FragmentMono"">TPABLVDIS</p>","","","training","","","","","","",""
"null","null","html-keyboard-response","31","141521","0.0-7.0-0.24","6980c16f9985e39f6bcbbe3a","69de1b11a980ed2dab60a60c","69dfc595dab1511c600af1bf","<p style=""font-size: 60px; font-family: FragmentMono"">CVJTBVLT</p>","","","training","","","","","","",""
"null","null","html-keyboard-response","32","142538","0.0-7.0-0.25","6980c16f9985e39f6bcbbe3a","69de1b11a980ed2dab60a60c","69dfc595dab1511c600af1bf","<p style=""font-size: 60px; font-family: FragmentMono"">XQTKWYFJ</p>","","","training","","","","","","",""
"null","null","html-keyboard-response","33","143555","0.0-7.0-0.26","6980c16f9985e39f6bcbbe3a","69de1b11a980ed2dab60a60c","69dfc595dab1511c600af1bf","<p style=""font-size: 60px; font-family: FragmentMono"">FWTPNBVLT</p>","","","training","","","","","","",""
"null","null","html-keyboard-response","34","144572","0.0-7.0-0.27","6980c16f9985e39f6bcbbe3a","69de1b11a980ed2dab60a60c","69dfc595dab1511c600af1bf","<p style=""font-size: 60px; font-family: FragmentMono"">GQFHXDGI</p>","","","training","","","","","","",""
"null","null","html-keyboard-response","35","145582","0.0-7.0-0.28","6980c16f9985e39f6bcbbe3a","69de1b11a980ed2dab60a60c","69dfc595dab1511c600af1bf","<p style=""font-size: 60px; font-family: FragmentMono"">MGALVDIS</p>","","","training","","","","","","",""
"null","null","html-keyboard-response","36","146599","0.0-7.0-0.29","6980c16f9985e39f6bcbbe3a","69de1b11a980ed2dab60a60c","69dfc595dab1511c600af1bf","<p style=""font-size: 60px; font-family: FragmentMono"">HTZXDBVLT</p>","","","training","","","","","","",""
"null","null","html-keyboard-response","37","147616","0.0-7.0-0.30","6980c16f9985e39f6bcbbe3a","69de1b11a980ed2dab60a60c","69dfc595dab1511c600af1bf","<p style=""font-size: 60px; font-family: FragmentMono"">LQXIPMZ</p>","","","training","","","","","","",""
"null","null","html-keyboard-response","38","148632","0.0-7.0-0.31","6980c16f9985e39f6bcbbe3a","69de1b11a980ed2dab60a60c","69dfc595dab1511c600af1bf","<p style=""font-size: 60px; font-family: FragmentMono"">WFQNZPZKS</p>","","","training","","","","","","",""
"null","null","html-keyboard-response","39","149642","0.0-7.0-0.32","6980c16f9985e39f6bcbbe3a","69de1b11a980ed2dab60a60c","69dfc595dab1511c600af1bf","<p style=""font-size: 60px; font-family: FragmentMono"">CVJTBHPZ</p>","","","training","","","","","","",""
"null","null","html-keyboard-response","40","150643","0.0-7.0-0.33","6980c16f9985e39f6bcbbe3a","69de1b11a980ed2dab60a60c","69dfc595dab1511c600af1bf","<p style=""font-size: 60px; font-family: FragmentMono"">LRYWPMZ</p>","","","training","","","","","","",""
"null","null","html-keyboard-response","41","151652","0.0-7.0-0.34","6980c16f9985e39f6bcbbe3a","69de1b11a980ed2dab60a60c","69dfc595dab1511c600af1bf","<p style=""font-size: 60px; font-family: FragmentMono"">CVJTYFJ</p>","","","training","","","","","","",""
"null","null","html-keyboard-response","42","152669","0.0-7.0-0.35","6980c16f9985e39f6bcbbe3a","69de1b11a980ed2dab60a60c","69dfc595dab1511c600af1bf","<p style=""font-size: 60px; font-family: FragmentMono"">HTZXDSXD</p>","","","training","","","","","","",""
"null","null","html-keyboard-response","43","153670","0.0-7.0-0.36","6980c16f9985e39f6bcbbe3a","69de1b11a980ed2dab60a60c","69dfc595dab1511c600af1bf","<p style=""font-size: 60px; font-family: FragmentMono"">DHNYVDIS</p>","","","training","","","","","","",""
"null","null","html-keyboard-response","44","154686","0.0-7.0-0.37","6980c16f9985e39f6bcbbe3a","69de1b11a980ed2dab60a60c","69dfc595dab1511c600af1bf","<p style=""font-size: 60px; font-family: FragmentMono"">JBNIBVLT</p>","","","training","","","","","","",""
"null","null","html-keyboard-response","45","155696","0.0-7.0-0.38","6980c16f9985e39f6bcbbe3a","69de1b11a980ed2dab60a60c","69dfc595dab1511c600af1bf","<p style=""font-size: 60px; font-family: FragmentMono"">UABSPMZ</p>","","","training","","","","","","",""
"null","null","html-keyboard-response","46","156711","0.0-7.0-0.39","6980c16f9985e39f6bcbbe3a","69de1b11a980ed2dab60a60c","69dfc595dab1511c600af1bf","<p style=""font-size: 60px; font-family: FragmentMono"">ZTKEHVDIS</p>","","","training","","","","","","",""
"null","null","html-keyboard-response","47","157721","0.0-7.0-0.40","6980c16f9985e39f6bcbbe3a","69de1b11a980ed2dab60a60c","69dfc595dab1511c600af1bf","<p style=""font-size: 60px; font-family: FragmentMono"">WFQNZYFJ</p>","","","training","","","","","","",""
"null","null","html-keyboard-response","48","158731","0.0-7.0-0.41","6980c16f9985e39f6bcbbe3a","69de1b11a980ed2dab60a60c","69dfc595dab1511c600af1bf","<p style=""font-size: 60px; font-family: FragmentMono"">MGALAWSU</p>","","","training","","","","","","",""
"null","null","html-keyboard-response","49","159732","0.0-7.0-0.42","6980c16f9985e39f6bcbbe3a","69de1b11a980ed2dab60a60c","69dfc595dab1511c600af1bf","<p style=""font-size: 60px; font-family: FragmentMono"">JBNIPZKS</p>","","","training","","","","","","",""
"null","null","html-keyboard-response","50","160740","0.0-7.0-0.43","6980c16f9985e39f6bcbbe3a","69de1b11a980ed2dab60a60c","69dfc595dab1511c600af1bf","<p style=""font-size: 60px; font-family: FragmentMono"">XQTKWSXD</p>","","","training","","","","","","",""
"null","null","html-keyboard-response","51","161747","0.0-7.0-0.44","6980c16f9985e39f6bcbbe3a","69de1b11a980ed2dab60a60c","69dfc595dab1511c600af1bf","<p style=""font-size: 60px; font-family: FragmentMono"">UXWLDGI</p>","","","training","","","","","","",""
"null","null","html-keyboard-response","52","162757","0.0-7.0-0.45","6980c16f9985e39f6bcbbe3a","69de1b11a980ed2dab60a60c","69dfc595dab1511c600af1bf","<p style=""font-size: 60px; font-family: FragmentMono"">FWTPNPZKS</p>","","","training","","","","","","",""
"null","null","html-keyboard-response","53","163774","0.0-7.0-0.46","6980c16f9985e39f6bcbbe3a","69de1b11a980ed2dab60a60c","69dfc595dab1511c600af1bf","<p style=""font-size: 60px; font-family: FragmentMono"">TPABLPMZ</p>","","","training","","","","","","",""
"null","null","html-keyboard-response","54","164776","0.0-7.0-0.47","6980c16f9985e39f6bcbbe3a","69de1b11a980ed2dab60a60c","69dfc595dab1511c600af1bf","<p style=""font-size: 60px; font-family: FragmentMono"">LRYWDGI</p>","","","training","","","","","","",""
"null","null","html-keyboard-response","55","165784","0.0-7.0-0.48","6980c16f9985e39f6bcbbe3a","69de1b11a980ed2dab60a60c","69dfc595dab1511c600af1bf","<p style=""font-size: 60px; font-family: FragmentMono"">DHNYAWSU</p>","","","training","","","","","","",""
"null","null","html-keyboard-response","56","166799","0.0-7.0-0.49","6980c16f9985e39f6bcbbe3a","69de1b11a980ed2dab60a60c","69dfc595dab1511c600af1bf","<p style=""font-size: 60px; font-family: FragmentMono"">MGALPMZ</p>","","","training","","","","","","",""
"null","null","html-keyboard-response","57","167809","0.0-7.0-0.50","6980c16f9985e39f6bcbbe3a","69de1b11a980ed2dab60a60c","69dfc595dab1511c600af1bf","<p style=""font-size: 60px; font-family: FragmentMono"">DHNYDGI</p>","","","training","","","","","","",""
"null","null","html-keyboard-response","58","168818","0.0-7.0-0.51","6980c16f9985e39f6bcbbe3a","69de1b11a980ed2dab60a60c","69dfc595dab1511c600af1bf","<p style=""font-size: 60px; font-family: FragmentMono"">UBSUBHPZ</p>","","","training","","","","","","",""
"null","null","html-keyboard-response","59","169834","0.0-7.0-0.52","6980c16f9985e39f6bcbbe3a","69de1b11a980ed2dab60a60c","69dfc595dab1511c600af1bf","<p style=""font-size: 60px; font-family: FragmentMono"">GQFHXKBY</p>","","","training","","","","","","",""
"null","null","html-keyboard-response","60","170836","0.0-7.0-0.53","6980c16f9985e39f6bcbbe3a","69de1b11a980ed2dab60a60c","69dfc595dab1511c600af1bf","<p style=""font-size: 60px; font-family: FragmentMono"">VPKWHPZKS</p>","","","training","","","","","","",""
"null","null","html-keyboard-response","61","171844","0.0-7.0-0.54","6980c16f9985e39f6bcbbe3a","69de1b11a980ed2dab60a60c","69dfc595dab1511c600af1bf","<p style=""font-size: 60px; font-family: FragmentMono"">GQFHXVDIS</p>","","","training","","","","","","",""
"null","null","html-keyboard-response","62","172860","0.0-7.0-0.55","6980c16f9985e39f6bcbbe3a","69de1b11a980ed2dab60a60c","69dfc595dab1511c600af1bf","<p style=""font-size: 60px; font-family: FragmentMono"">SLHUOPMZ</p>","","","training","","","","","","",""
"null","null","html-keyboard-response","63","173871","0.0-7.0-0.56","6980c16f9985e39f6bcbbe3a","69de1b11a980ed2dab60a60c","69dfc595dab1511c600af1bf","<p style=""font-size: 60px; font-family: FragmentMono"">ZTKEHDGI</p>","","","training","","","","","","",""
"null","null","html-keyboard-response","64","174887","0.0-7.0-0.57","6980c16f9985e39f6bcbbe3a","69de1b11a980ed2dab60a60c","69dfc595dab1511c600af1bf","<p style=""font-size: 60px; font-family: FragmentMono"">TPABLAWSU</p>","","","training","","","","","","",""
"null","null","html-keyboard-response","65","175903","0.0-7.0-0.58","6980c16f9985e39f6bcbbe3a","69de1b11a980ed2dab60a60c","69dfc595dab1511c600af1bf","<p style=""font-size: 60px; font-family: FragmentMono"">KMSKBHPZ</p>","","","training","","","","","","",""
"null","null","html-keyboard-response","66","176920","0.0-7.0-0.59","6980c16f9985e39f6bcbbe3a","69de1b11a980ed2dab60a60c","69dfc595dab1511c600af1bf","<p style=""font-size: 60px; font-family: FragmentMono"">TPABLKBY</p>","","","training","","","","","","",""
"null","null","html-keyboard-response","67","177922","0.0-7.0-0.60","6980c16f9985e39f6bcbbe3a","69de1b11a980ed2dab60a60c","69dfc595dab1511c600af1bf","<p style=""font-size: 60px; font-family: FragmentMono"">UBSUSXD</p>","","","training","","","","","","",""
"null","null","html-keyboard-response","68","178939","0.0-7.0-0.61","6980c16f9985e39f6bcbbe3a","69de1b11a980ed2dab60a60c","69dfc595dab1511c600af1bf","<p style=""font-size: 60px; font-family: FragmentMono"">HTZXDPZKS</p>","","","training","","","","","","",""
"null","null","html-keyboard-response","69","179947","0.0-7.0-0.62","6980c16f9985e39f6bcbbe3a","69de1b11a980ed2dab60a60c","69dfc595dab1511c600af1bf","<p style=""font-size: 60px; font-family: FragmentMono"">KMSKBVLT</p>","","","training","","","","","","",""
"null","null","html-keyboard-response","70","180963","0.0-7.0-0.63","6980c16f9985e39f6bcbbe3a","69de1b11a980ed2dab60a60c","69dfc595dab1511c600af1bf","<p style=""font-size: 60px; font-family: FragmentMono"">DHNYKBY</p>","","","training","","","","","","",""
"null","null","html-keyboard-response","71","181973","0.0-7.0-0.64","6980c16f9985e39f6bcbbe3a","69de1b11a980ed2dab60a60c","69dfc595dab1511c600af1bf","<p style=""font-size: 60px; font-family: FragmentMono"">VPKWHBHPZ</p>","","","training","","","","","","",""
"null","null","html-keyboard-response","72","182975","0.0-7.0-0.65","6980c16f9985e39f6bcbbe3a","69de1b11a980ed2dab60a60c","69dfc595dab1511c600af1bf","<p style=""font-size: 60px; font-family: FragmentMono"">UABSVDIS</p>","","","training","","","","","","",""
"null","null","html-keyboard-response","73","183990","0.0-7.0-0.66","6980c16f9985e39f6bcbbe3a","69de1b11a980ed2dab60a60c","69dfc595dab1511c600af1bf","<p style=""font-size: 60px; font-family: FragmentMono"">WFQNZBHPZ</p>","","","training","","","","","","",""
"null","null","html-keyboard-response","74","185000","0.0-7.0-0.67","6980c16f9985e39f6bcbbe3a","69de1b11a980ed2dab60a60c","69dfc595dab1511c600af1bf","<p style=""font-size: 60px; font-family: FragmentMono"">LRYWAWSU</p>","","","training","","","","","","",""
"null","null","html-keyboard-response","75","186016","0.0-7.0-0.68","6980c16f9985e39f6bcbbe3a","69de1b11a980ed2dab60a60c","69dfc595dab1511c600af1bf","<p style=""font-size: 60px; font-family: FragmentMono"">WFQNZBVLT</p>","","","training","","","","","","",""
"null","null","html-keyboard-response","76","187026","0.0-7.0-0.69","6980c16f9985e39f6bcbbe3a","69de1b11a980ed2dab60a60c","69dfc595dab1511c600af1bf","<p style=""font-size: 60px; font-family: FragmentMono"">JBNIBHPZ</p>","","","training","","","","","","",""
"null","null","html-keyboard-response","77","188043","0.0-7.0-0.70","6980c16f9985e39f6bcbbe3a","69de1b11a980ed2dab60a60c","69dfc595dab1511c600af1bf","<p style=""font-size: 60px; font-family: FragmentMono"">KMSKYFJ</p>","","","training","","","","","","",""
"null","null","html-keyboard-response","78","189059","0.0-7.0-0.71","6980c16f9985e39f6bcbbe3a","69de1b11a980ed2dab60a60c","69dfc595dab1511c600af1bf","<p style=""font-size: 60px; font-family: FragmentMono"">LQXIAWSU</p>","","","training","","","","","","",""
"null","null","html-keyboard-response","79","190069","0.0-7.0-0.72","6980c16f9985e39f6bcbbe3a","69de1b11a980ed2dab60a60c","69dfc595dab1511c600af1bf","<p style=""font-size: 60px; font-family: FragmentMono"">SLHUOKBY</p>","","","training","","","","","","",""
"null","null","html-keyboard-response","80","191086","0.0-7.0-0.73","6980c16f9985e39f6bcbbe3a","69de1b11a980ed2dab60a60c","69dfc595dab1511c600af1bf","<p style=""font-size: 60px; font-family: FragmentMono"">UBSUYFJ</p>","","","training","","","","","","",""
"null","null","html-keyboard-response","81","192089","0.0-7.0-0.74","6980c16f9985e39f6bcbbe3a","69de1b11a980ed2dab60a60c","69dfc595dab1511c600af1bf","<p style=""font-size: 60px; font-family: FragmentMono"">GQFHXPMZ</p>","","","training","","","","","","",""
"null","null","html-keyboard-response","82","193105","0.0-7.0-0.75","6980c16f9985e39f6bcbbe3a","69de1b11a980ed2dab60a60c","69dfc595dab1511c600af1bf","<p style=""font-size: 60px; font-family: FragmentMono"">UXWLVDIS</p>","","","training","","","","","","",""
"null","null","html-keyboard-response","83","194121","0.0-7.0-0.76","6980c16f9985e39f6bcbbe3a","69de1b11a980ed2dab60a60c","69dfc595dab1511c600af1bf","<p style=""font-size: 60px; font-family: FragmentMono"">BRSWXSXD</p>","","","training","","","","","","",""
"null","null","html-keyboard-response","84","195131","0.0-7.0-0.77","6980c16f9985e39f6bcbbe3a","69de1b11a980ed2dab60a60c","69dfc595dab1511c600af1bf","<p style=""font-size: 60px; font-family: FragmentMono"">ZTKEHKBY</p>","","","training","","","","","","",""
"null","null","html-keyboard-response","85","196139","0.0-7.0-0.78","6980c16f9985e39f6bcbbe3a","69de1b11a980ed2dab60a60c","69dfc595dab1511c600af1bf","<p style=""font-size: 60px; font-family: FragmentMono"">SLHUODGI</p>","","","training","","","","","","",""
"null","null","html-keyboard-response","86","197148","0.0-7.0-0.79","6980c16f9985e39f6bcbbe3a","69de1b11a980ed2dab60a60c","69dfc595dab1511c600af1bf","<p style=""font-size: 60px; font-family: FragmentMono"">JBNIYFJ</p>","","","training","","","","","","",""
"7069"," ","html-keyboard-response","87","204218","0.0-8.0","6980c16f9985e39f6bcbbe3a","69de1b11a980ed2dab60a60c","69dfc595dab1511c600af1bf","<p style=""font-size: 30px"">Great, you've seen the first block of words. You may now take a short break.</p>
      <p style=""font-size: 30px"">Press the spacebar when you're ready to continue.</p>","","","","","","","","","",""
"null","null","html-keyboard-response","88","205226","0.0-9.0-0.0","6980c16f9985e39f6bcbbe3a","69de1b11a980ed2dab60a60c","69dfc595dab1511c600af1bf","<p style=""font-size: 60px; font-family: FragmentMono"">MGALPMZ</p>","","","training","","","","","","",""
"null","null","html-keyboard-response","89","206236","0.0-9.0-0.1","6980c16f9985e39f6bcbbe3a","69de1b11a980ed2dab60a60c","69dfc595dab1511c600af1bf","<p style=""font-size: 60px; font-family: FragmentMono"">UABSDGI</p>","","","training","","","","","","",""
"null","null","html-keyboard-response","90","207252","0.0-9.0-0.2","6980c16f9985e39f6bcbbe3a","69de1b11a980ed2dab60a60c","69dfc595dab1511c600af1bf","<p style=""font-size: 60px; font-family: FragmentMono"">CVJTBHPZ</p>","","","training","","","","","","",""
"null","null","html-keyboard-response","91","208269","0.0-9.0-0.3","6980c16f9985e39f6bcbbe3a","69de1b11a980ed2dab60a60c","69dfc595dab1511c600af1bf","<p style=""font-size: 60px; font-family: FragmentMono"">FWTPNPZKS</p>","","","training","","","","","","",""
"null","null","html-keyboard-response","92","209278","0.0-9.0-0.4","6980c16f9985e39f6bcbbe3a","69de1b11a980ed2dab60a60c","69dfc595dab1511c600af1bf","<p style=""font-size: 60px; font-family: FragmentMono"">LRYWDGI</p>","","","training","","","","","","",""
"null","null","html-keyboard-response","93","210287","0.0-9.0-0.5","6980c16f9985e39f6bcbbe3a","69de1b11a980ed2dab60a60c","69dfc595dab1511c600af1bf","<p style=""font-size: 60px; font-family: FragmentMono"">UXWLVDIS</p>","","","training","","","","","","",""
"null","null","html-keyboard-response","94","211302","0.0-9.0-0.6","6980c16f9985e39f6bcbbe3a","69de1b11a980ed2dab60a60c","69dfc595dab1511c600af1bf","<p style=""font-size: 60px; font-family: FragmentMono"">UABSPMZ</p>","","","training","","","","","","",""
"null","null","html-keyboard-response","95","212316","0.0-9.0-0.7","6980c16f9985e39f6bcbbe3a","69de1b11a980ed2dab60a60c","69dfc595dab1511c600af1bf","<p style=""font-size: 60px; font-family: FragmentMono"">XQTKWBVLT</p>","","","training","","","","","","",""
"null","null","html-keyboard-response","96","213321","0.0-9.0-0.8","6980c16f9985e39f6bcbbe3a","69de1b11a980ed2dab60a60c","69dfc595dab1511c600af1bf","<p style=""font-size: 60px; font-family: FragmentMono"">JBNIBHPZ</p>","","","training","","","","","","",""
"null","null","html-keyboard-response","97","214322","0.0-9.0-0.9","6980c16f9985e39f6bcbbe3a","69de1b11a980ed2dab60a60c","69dfc595dab1511c600af1bf","<p style=""font-size: 60px; font-family: FragmentMono"">TPABLKBY</p>","","","training","","","","","","",""
"null","null","html-keyboard-response","98","215337","0.0-9.0-0.10","6980c16f9985e39f6bcbbe3a","69de1b11a980ed2dab60a60c","69dfc595dab1511c600af1bf","<p style=""font-size: 60px; font-family: FragmentMono"">ZTKEHDGI</p>","","","training","","","","","","",""
"null","null","html-keyboard-response","99","216348","0.0-9.0-0.11","6980c16f9985e39f6bcbbe3a","69de1b11a980ed2dab60a60c","69dfc595dab1511c600af1bf","<p style=""font-size: 60px; font-family: FragmentMono"">BRSWXPZKS</p>","","","training","","","","","","",""
"null","null","html-keyboard-response","100","217350","0.0-9.0-0.12","6980c16f9985e39f6bcbbe3a","69de1b11a980ed2dab60a60c","69dfc595dab1511c600af1bf","<p style=""font-size: 60px; font-family: FragmentMono"">LRYWPMZ</p>","","","training","","","","","","",""
"null","null","html-keyboard-response","101","218357","0.0-9.0-0.13","6980c16f9985e39f6bcbbe3a","69de1b11a980ed2dab60a60c","69dfc595dab1511c600af1bf","<p style=""font-size: 60px; font-family: FragmentMono"">TPABLVDIS</p>","","","training","","","","","","",""
"null","null","html-keyboard-response","102","219373","0.0-9.0-0.14","6980c16f9985e39f6bcbbe3a","69de1b11a980ed2dab60a60c","69dfc595dab1511c600af1bf","<p style=""font-size: 60px; font-family: FragmentMono"">LQXIDGI</p>","","","training","","","","","","",""
"null","null","html-keyboard-response","103","220382","0.0-9.0-0.15","6980c16f9985e39f6bcbbe3a","69de1b11a980ed2dab60a60c","69dfc595dab1511c600af1bf","<p style=""font-size: 60px; font-family: FragmentMono"">UXWLAWSU</p>","","","training","","","","","","",""
"null","null","html-keyboard-response","104","221389","0.0-9.0-0.16","6980c16f9985e39f6bcbbe3a","69de1b11a980ed2dab60a60c","69dfc595dab1511c600af1bf","<p style=""font-size: 60px; font-family: FragmentMono"">VPKWHBVLT</p>","","","training","","","","","","",""
"null","null","html-keyboard-response","105","222392","0.0-9.0-0.17","6980c16f9985e39f6bcbbe3a","69de1b11a980ed2dab60a60c","69dfc595dab1511c600af1bf","<p style=""font-size: 60px; font-family: FragmentMono"">UBSUPZKS</p>","","","training","","","","","","",""
"null","null","html-keyboard-response","106","223408","0.0-9.0-0.18","6980c16f9985e39f6bcbbe3a","69de1b11a980ed2dab60a60c","69dfc595dab1511c600af1bf","<p style=""font-size: 60px; font-family: FragmentMono"">HTZXDYFJ</p>","","","training","","","","","","",""
"null","null","html-keyboard-response","107","224425","0.0-9.0-0.19","6980c16f9985e39f6bcbbe3a","69de1b11a980ed2dab60a60c","69dfc595dab1511c600af1bf","<p style=""font-size: 60px; font-family: FragmentMono"">LRYWKBY</p>","","","training","","","","","","",""
"null","null","html-keyboard-response","108","225435","0.0-9.0-0.20","6980c16f9985e39f6bcbbe3a","69de1b11a980ed2dab60a60c","69dfc595dab1511c600af1bf","<p style=""font-size: 60px; font-family: FragmentMono"">MGALAWSU</p>","","","training","","","","","","",""
"null","null","html-keyboard-response","109","226452","0.0-9.0-0.21","6980c16f9985e39f6bcbbe3a","69de1b11a980ed2dab60a60c","69dfc595dab1511c600af1bf","<p style=""font-size: 60px; font-family: FragmentMono"">XQTKWPZKS</p>","","","training","","","","","","",""
"null","null","html-keyboard-response","110","227469","0.0-9.0-0.22","6980c16f9985e39f6bcbbe3a","69de1b11a980ed2dab60a60c","69dfc595dab1511c600af1bf","<p style=""font-size: 60px; font-family: FragmentMono"">GQFHXKBY</p>","","","training","","","","","","",""
"null","null","html-keyboard-response","111","228471","0.0-9.0-0.23","6980c16f9985e39f6bcbbe3a","69de1b11a980ed2dab60a60c","69dfc595dab1511c600af1bf","<p style=""font-size: 60px; font-family: FragmentMono"">KMSKBHPZ</p>","","","training","","","","","","",""
"null","null","html-keyboard-response","112","229487","0.0-9.0-0.24","6980c16f9985e39f6bcbbe3a","69de1b11a980ed2dab60a60c","69dfc595dab1511c600af1bf","<p style=""font-size: 60px; font-family: FragmentMono"">HTZXDBVLT</p>","","","training","","","","","","",""
"null","null","html-keyboard-response","113","230504","0.0-9.0-0.25","6980c16f9985e39f6bcbbe3a","69de1b11a980ed2dab60a60c","69dfc595dab1511c600af1bf","<p style=""font-size: 60px; font-family: FragmentMono"">UBSUBHPZ</p>","","","training","","","","","","",""
"null","null","html-keyboard-response","114","231506","0.0-9.0-0.26","6980c16f9985e39f6bcbbe3a","69de1b11a980ed2dab60a60c","69dfc595dab1511c600af1bf","<p style=""font-size: 60px; font-family: FragmentMono"">MGALKBY</p>","","","training","","","","","","",""
"null","null","html-keyboard-response","115","232522","0.0-9.0-0.27","6980c16f9985e39f6bcbbe3a","69de1b11a980ed2dab60a60c","69dfc595dab1511c600af1bf","<p style=""font-size: 60px; font-family: FragmentMono"">CVJTYFJ</p>","","","training","","","","","","",""
"null","null","html-keyboard-response","116","233523","0.0-9.0-0.28","6980c16f9985e39f6bcbbe3a","69de1b11a980ed2dab60a60c","69dfc595dab1511c600af1bf","<p style=""font-size: 60px; font-family: FragmentMono"">UBSUSXD</p>","","","training","","","","","","",""
"null","null","html-keyboard-response","117","234539","0.0-9.0-0.29","6980c16f9985e39f6bcbbe3a","69de1b11a980ed2dab60a60c","69dfc595dab1511c600af1bf","<p style=""font-size: 60px; font-family: FragmentMono"">ZTKEHAWSU</p>","","","training","","","","","","",""
"null","null","html-keyboard-response","118","235556","0.0-9.0-0.30","6980c16f9985e39f6bcbbe3a","69de1b11a980ed2dab60a60c","69dfc595dab1511c600af1bf","<p style=""font-size: 60px; font-family: FragmentMono"">KMSKBVLT</p>","","","training","","","","","","",""
"null","null","html-keyboard-response","119","236565","0.0-9.0-0.31","6980c16f9985e39f6bcbbe3a","69de1b11a980ed2dab60a60c","69dfc595dab1511c600af1bf","<p style=""font-size: 60px; font-family: FragmentMono"">DHNYKBY</p>","","","training","","","","","","",""
"null","null","html-keyboard-response","120","237573","0.0-9.0-0.32","6980c16f9985e39f6bcbbe3a","69de1b11a980ed2dab60a60c","69dfc595dab1511c600af1bf","<p style=""font-size: 60px; font-family: FragmentMono"">XQTKWSXD</p>","","","training","","","","","","",""
"null","null","html-keyboard-response","121","238576","0.0-9.0-0.33","6980c16f9985e39f6bcbbe3a","69de1b11a980ed2dab60a60c","69dfc595dab1511c600af1bf","<p style=""font-size: 60px; font-family: FragmentMono"">LQXIAWSU</p>","","","training","","","","","","",""
"null","null","html-keyboard-response","122","239589","0.0-9.0-0.34","6980c16f9985e39f6bcbbe3a","69de1b11a980ed2dab60a60c","69dfc595dab1511c600af1bf","<p style=""font-size: 60px; font-family: FragmentMono"">MGALVDIS</p>","","","training","","","","","","",""
"null","null","html-keyboard-response","123","240592","0.0-9.0-0.35","6980c16f9985e39f6bcbbe3a","69de1b11a980ed2dab60a60c","69dfc595dab1511c600af1bf","<p style=""font-size: 60px; font-family: FragmentMono"">TPABLPMZ</p>","","","training","","","","","","",""
"null","null","html-keyboard-response","124","241601","0.0-9.0-0.36","6980c16f9985e39f6bcbbe3a","69de1b11a980ed2dab60a60c","69dfc595dab1511c600af1bf","<p style=""font-size: 60px; font-family: FragmentMono"">LQXIKBY</p>","","","training","","","","","","",""
"null","null","html-keyboard-response","125","242604","0.0-9.0-0.37","6980c16f9985e39f6bcbbe3a","69de1b11a980ed2dab60a60c","69dfc595dab1511c600af1bf","<p style=""font-size: 60px; font-family: FragmentMono"">CVJTSXD</p>","","","training","","","","","","",""
"null","null","html-keyboard-response","126","243614","0.0-9.0-0.38","6980c16f9985e39f6bcbbe3a","69de1b11a980ed2dab60a60c","69dfc595dab1511c600af1bf","<p style=""font-size: 60px; font-family: FragmentMono"">UXWLPMZ</p>","","","training","","","","","","",""
"null","null","html-keyboard-response","127","244619","0.0-9.0-0.39","6980c16f9985e39f6bcbbe3a","69de1b11a980ed2dab60a60c","69dfc595dab1511c600af1bf","<p style=""font-size: 60px; font-family: FragmentMono"">UABSVDIS</p>","","","training","","","","","","",""
"null","null","html-keyboard-response","128","245627","0.0-9.0-0.40","6980c16f9985e39f6bcbbe3a","69de1b11a980ed2dab60a60c","69dfc595dab1511c600af1bf","<p style=""font-size: 60px; font-family: FragmentMono"">GQFHXPMZ</p>","","","training","","","","","","",""
"null","null","html-keyboard-response","129","246637","0.0-9.0-0.41","6980c16f9985e39f6bcbbe3a","69de1b11a980ed2dab60a60c","69dfc595dab1511c600af1bf","<p style=""font-size: 60px; font-family: FragmentMono"">VPKWHPZKS</p>","","","training","","","","","","",""
"null","null","html-keyboard-response","130","247652","0.0-9.0-0.42","6980c16f9985e39f6bcbbe3a","69de1b11a980ed2dab60a60c","69dfc595dab1511c600af1bf","<p style=""font-size: 60px; font-family: FragmentMono"">LRYWAWSU</p>","","","training","","","","","","",""
"null","null","html-keyboard-response","131","248655","0.0-9.0-0.43","6980c16f9985e39f6bcbbe3a","69de1b11a980ed2dab60a60c","69dfc595dab1511c600af1bf","<p style=""font-size: 60px; font-family: FragmentMono"">GQFHXDGI</p>","","","training","","","","","","",""
"null","null","html-keyboard-response","132","249662","0.0-9.0-0.44","6980c16f9985e39f6bcbbe3a","69de1b11a980ed2dab60a60c","69dfc595dab1511c600af1bf","<p style=""font-size: 60px; font-family: FragmentMono"">CVJTBVLT</p>","","","training","","","","","","",""
"null","null","html-keyboard-response","133","250671","0.0-9.0-0.45","6980c16f9985e39f6bcbbe3a","69de1b11a980ed2dab60a60c","69dfc595dab1511c600af1bf","<p style=""font-size: 60px; font-family: FragmentMono"">VPKWHSXD</p>","","","training","","","","","","",""
"null","null","html-keyboard-response","134","251680","0.0-9.0-0.46","6980c16f9985e39f6bcbbe3a","69de1b11a980ed2dab60a60c","69dfc595dab1511c600af1bf","<p style=""font-size: 60px; font-family: FragmentMono"">WFQNZPZKS</p>","","","training","","","","","","",""
"null","null","html-keyboard-response","135","252690","0.0-9.0-0.47","6980c16f9985e39f6bcbbe3a","69de1b11a980ed2dab60a60c","69dfc595dab1511c600af1bf","<p style=""font-size: 60px; font-family: FragmentMono"">GQFHXVDIS</p>","","","training","","","","","","",""
"null","null","html-keyboard-response","136","253706","0.0-9.0-0.48","6980c16f9985e39f6bcbbe3a","69de1b11a980ed2dab60a60c","69dfc595dab1511c600af1bf","<p style=""font-size: 60px; font-family: FragmentMono"">UABSAWSU</p>","","","training","","","","","","",""
"null","null","html-keyboard-response","137","254715","0.0-9.0-0.49","6980c16f9985e39f6bcbbe3a","69de1b11a980ed2dab60a60c","69dfc595dab1511c600af1bf","<p style=""font-size: 60px; font-family: FragmentMono"">JBNIYFJ</p>","","","training","","","","","","",""
"null","null","html-keyboard-response","138","255732","0.0-9.0-0.50","6980c16f9985e39f6bcbbe3a","69de1b11a980ed2dab60a60c","69dfc595dab1511c600af1bf","<p style=""font-size: 60px; font-family: FragmentMono"">SLHUOKBY</p>","","","training","","","","","","",""
"null","null","html-keyboard-response","139","256741","0.0-9.0-0.51","6980c16f9985e39f6bcbbe3a","69de1b11a980ed2dab60a60c","69dfc595dab1511c600af1bf","<p style=""font-size: 60px; font-family: FragmentMono"">LQXIPMZ</p>","","","training","","","","","","",""
"null","null","html-keyboard-response","140","257749","0.0-9.0-0.52","6980c16f9985e39f6bcbbe3a","69de1b11a980ed2dab60a60c","69dfc595dab1511c600af1bf","<p style=""font-size: 60px; font-family: FragmentMono"">WFQNZBHPZ</p>","","","training","","","","","","",""
"null","null","html-keyboard-response","141","258751","0.0-9.0-0.53","6980c16f9985e39f6bcbbe3a","69de1b11a980ed2dab60a60c","69dfc595dab1511c600af1bf","<p style=""font-size: 60px; font-family: FragmentMono"">ZTKEHVDIS</p>","","","training","","","","","","",""
"null","null","html-keyboard-response","142","259768","0.0-9.0-0.54","6980c16f9985e39f6bcbbe3a","69de1b11a980ed2dab60a60c","69dfc595dab1511c600af1bf","<p style=""font-size: 60px; font-family: FragmentMono"">TPABLAWSU</p>","","","training","","","","","","",""
"null","null","html-keyboard-response","143","260769","0.0-9.0-0.55","6980c16f9985e39f6bcbbe3a","69de1b11a980ed2dab60a60c","69dfc595dab1511c600af1bf","<p style=""font-size: 60px; font-family: FragmentMono"">JBNIPZKS</p>","","","training","","","","","","",""
"null","null","html-keyboard-response","144","261786","0.0-9.0-0.56","6980c16f9985e39f6bcbbe3a","69de1b11a980ed2dab60a60c","69dfc595dab1511c600af1bf","<p style=""font-size: 60px; font-family: FragmentMono"">UXWLDGI</p>","","","training","","","","","","",""
"null","null","html-keyboard-response","145","262795","0.0-9.0-0.57","6980c16f9985e39f6bcbbe3a","69de1b11a980ed2dab60a60c","69dfc595dab1511c600af1bf","<p style=""font-size: 60px; font-family: FragmentMono"">XQTKWYFJ</p>","","","training","","","","","","",""
"null","null","html-keyboard-response","146","263802","0.0-9.0-0.58","6980c16f9985e39f6bcbbe3a","69de1b11a980ed2dab60a60c","69dfc595dab1511c600af1bf","<p style=""font-size: 60px; font-family: FragmentMono"">FWTPNSXD</p>","","","training","","","","","","",""
"null","null","html-keyboard-response","147","264819","0.0-9.0-0.59","6980c16f9985e39f6bcbbe3a","69de1b11a980ed2dab60a60c","69dfc595dab1511c600af1bf","<p style=""font-size: 60px; font-family: FragmentMono"">JBNIBVLT</p>","","","training","","","","","","",""
"null","null","html-keyboard-response","148","265836","0.0-9.0-0.60","6980c16f9985e39f6bcbbe3a","69de1b11a980ed2dab60a60c","69dfc595dab1511c600af1bf","<p style=""font-size: 60px; font-family: FragmentMono"">DHNYVDIS</p>","","","training","","","","","","",""
"null","null","html-keyboard-response","149","266845","0.0-9.0-0.61","6980c16f9985e39f6bcbbe3a","69de1b11a980ed2dab60a60c","69dfc595dab1511c600af1bf","<p style=""font-size: 60px; font-family: FragmentMono"">FWTPNBVLT</p>","","","training","","","","","","",""
"null","null","html-keyboard-response","150","267862","0.0-9.0-0.62","6980c16f9985e39f6bcbbe3a","69de1b11a980ed2dab60a60c","69dfc595dab1511c600af1bf","<p style=""font-size: 60px; font-family: FragmentMono"">KMSKSXD</p>","","","training","","","","","","",""
"null","null","html-keyboard-response","151","268871","0.0-9.0-0.63","6980c16f9985e39f6bcbbe3a","69de1b11a980ed2dab60a60c","69dfc595dab1511c600af1bf","<p style=""font-size: 60px; font-family: FragmentMono"">WFQNZYFJ</p>","","","training","","","","","","",""
"null","null","html-keyboard-response","152","269881","0.0-9.0-0.64","6980c16f9985e39f6bcbbe3a","69de1b11a980ed2dab60a60c","69dfc595dab1511c600af1bf","<p style=""font-size: 60px; font-family: FragmentMono"">SLHUOVDIS</p>","","","training","","","","","","",""
"null","null","html-keyboard-response","153","270897","0.0-9.0-0.65","6980c16f9985e39f6bcbbe3a","69de1b11a980ed2dab60a60c","69dfc595dab1511c600af1bf","<p style=""font-size: 60px; font-family: FragmentMono"">BRSWXBHPZ</p>","","","training","","","","","","",""
"null","null","html-keyboard-response","154","271898","0.0-9.0-0.66","6980c16f9985e39f6bcbbe3a","69de1b11a980ed2dab60a60c","69dfc595dab1511c600af1bf","<p style=""font-size: 60px; font-family: FragmentMono"">DHNYAWSU</p>","","","training","","","","","","",""
"null","null","html-keyboard-response","155","272914","0.0-9.0-0.67","6980c16f9985e39f6bcbbe3a","69de1b11a980ed2dab60a60c","69dfc595dab1511c600af1bf","<p style=""font-size: 60px; font-family: FragmentMono"">SLHUODGI</p>","","","training","","","","","","",""
"null","null","html-keyboard-response","156","273915","0.0-9.0-0.68","6980c16f9985e39f6bcbbe3a","69de1b11a980ed2dab60a60c","69dfc595dab1511c600af1bf","<p style=""font-size: 60px; font-family: FragmentMono"">VPKWHBHPZ</p>","","","training","","","","","","",""
"null","null","html-keyboard-response","157","274931","0.0-9.0-0.69","6980c16f9985e39f6bcbbe3a","69de1b11a980ed2dab60a60c","69dfc595dab1511c600af1bf","<p style=""font-size: 60px; font-family: FragmentMono"">HTZXDPZKS</p>","","","training","","","","","","",""
"null","null","html-keyboard-response","158","275942","0.0-9.0-0.70","6980c16f9985e39f6bcbbe3a","69de1b11a980ed2dab60a60c","69dfc595dab1511c600af1bf","<p style=""font-size: 60px; font-family: FragmentMono"">BRSWXYFJ</p>","","","training","","","","","","",""
"null","null","html-keyboard-response","159","276947","0.0-9.0-0.71","6980c16f9985e39f6bcbbe3a","69de1b11a980ed2dab60a60c","69dfc595dab1511c600af1bf","<p style=""font-size: 60px; font-family: FragmentMono"">FWTPNBHPZ</p>","","","training","","","","","","",""
"null","null","html-keyboard-response","160","277951","0.0-9.0-0.72","6980c16f9985e39f6bcbbe3a","69de1b11a980ed2dab60a60c","69dfc595dab1511c600af1bf","<p style=""font-size: 60px; font-family: FragmentMono"">KMSKYFJ</p>","","","training","","","","","","",""
"null","null","html-keyboard-response","161","278959","0.0-9.0-0.73","6980c16f9985e39f6bcbbe3a","69de1b11a980ed2dab60a60c","69dfc595dab1511c600af1bf","<p style=""font-size: 60px; font-family: FragmentMono"">HTZXDSXD</p>","","","training","","","","","","",""
"null","null","html-keyboard-response","162","279961","0.0-9.0-0.74","6980c16f9985e39f6bcbbe3a","69de1b11a980ed2dab60a60c","69dfc595dab1511c600af1bf","<p style=""font-size: 60px; font-family: FragmentMono"">ZTKEHKBY</p>","","","training","","","","","","",""
"null","null","html-keyboard-response","163","280977","0.0-9.0-0.75","6980c16f9985e39f6bcbbe3a","69de1b11a980ed2dab60a60c","69dfc595dab1511c600af1bf","<p style=""font-size: 60px; font-family: FragmentMono"">UBSUYFJ</p>","","","training","","","","","","",""
"null","null","html-keyboard-response","164","281994","0.0-9.0-0.76","6980c16f9985e39f6bcbbe3a","69de1b11a980ed2dab60a60c","69dfc595dab1511c600af1bf","<p style=""font-size: 60px; font-family: FragmentMono"">SLHUOPMZ</p>","","","training","","","","","","",""
"null","null","html-keyboard-response","165","283010","0.0-9.0-0.77","6980c16f9985e39f6bcbbe3a","69de1b11a980ed2dab60a60c","69dfc595dab1511c600af1bf","<p style=""font-size: 60px; font-family: FragmentMono"">DHNYDGI</p>","","","training","","","","","","",""
"null","null","html-keyboard-response","166","284011","0.0-9.0-0.78","6980c16f9985e39f6bcbbe3a","69de1b11a980ed2dab60a60c","69dfc595dab1511c600af1bf","<p style=""font-size: 60px; font-family: FragmentMono"">BRSWXSXD</p>","","","training","","","","","","",""
"null","null","html-keyboard-response","167","285013","0.0-9.0-0.79","6980c16f9985e39f6bcbbe3a","69de1b11a980ed2dab60a60c","69dfc595dab1511c600af1bf","<p style=""font-size: 60px; font-family: FragmentMono"">WFQNZBVLT</p>","","","training","","","","","","",""
"3558"," ","html-keyboard-response","168","288572","0.0-10.0","6980c16f9985e39f6bcbbe3a","69de1b11a980ed2dab60a60c","69dfc595dab1511c600af1bf","<p style=""font-size: 30px"">Great, you've seen the second block of words. You may now take a short break.</p>
      <p style=""font-size: 30px"">Press the spacebar when you're ready to continue.</p>","","","","","","","","","",""
"null","null","html-keyboard-response","169","289581","0.0-11.0-0.0","6980c16f9985e39f6bcbbe3a","69de1b11a980ed2dab60a60c","69dfc595dab1511c600af1bf","<p style=""font-size: 60px; font-family: FragmentMono"">LQXIPMZ</p>","","","training","","","","","","",""
"null","null","html-keyboard-response","170","290589","0.0-11.0-0.1","6980c16f9985e39f6bcbbe3a","69de1b11a980ed2dab60a60c","69dfc595dab1511c600af1bf","<p style=""font-size: 60px; font-family: FragmentMono"">HTZXDBVLT</p>","","","training","","","","","","",""
"null","null","html-keyboard-response","171","291605","0.0-11.0-0.2","6980c16f9985e39f6bcbbe3a","69de1b11a980ed2dab60a60c","69dfc595dab1511c600af1bf","<p style=""font-size: 60px; font-family: FragmentMono"">UBSUPZKS</p>","","","training","","","","","","",""
"null","null","html-keyboard-response","172","292608","0.0-11.0-0.3","6980c16f9985e39f6bcbbe3a","69de1b11a980ed2dab60a60c","69dfc595dab1511c600af1bf","<p style=""font-size: 60px; font-family: FragmentMono"">BRSWXBHPZ</p>","","","training","","","","","","",""
"null","null","html-keyboard-response","173","293623","0.0-11.0-0.4","6980c16f9985e39f6bcbbe3a","69de1b11a980ed2dab60a60c","69dfc595dab1511c600af1bf","<p style=""font-size: 60px; font-family: FragmentMono"">FWTPNPZKS</p>","","","training","","","","","","",""
"null","null","html-keyboard-response","174","294633","0.0-11.0-0.5","6980c16f9985e39f6bcbbe3a","69de1b11a980ed2dab60a60c","69dfc595dab1511c600af1bf","<p style=""font-size: 60px; font-family: FragmentMono"">MGALPMZ</p>","","","training","","","","","","",""
"null","null","html-keyboard-response","175","295642","0.0-11.0-0.6","6980c16f9985e39f6bcbbe3a","69de1b11a980ed2dab60a60c","69dfc595dab1511c600af1bf","<p style=""font-size: 60px; font-family: FragmentMono"">UBSUBHPZ</p>","","","training","","","","","","",""
"null","null","html-keyboard-response","176","296651","0.0-11.0-0.7","6980c16f9985e39f6bcbbe3a","69de1b11a980ed2dab60a60c","69dfc595dab1511c600af1bf","<p style=""font-size: 60px; font-family: FragmentMono"">DHNYKBY</p>","","","training","","","","","","",""
"null","null","html-keyboard-response","177","297660","0.0-11.0-0.8","6980c16f9985e39f6bcbbe3a","69de1b11a980ed2dab60a60c","69dfc595dab1511c600af1bf","<p style=""font-size: 60px; font-family: FragmentMono"">LRYWPMZ</p>","","","training","","","","","","",""
"null","null","html-keyboard-response","178","298676","0.0-11.0-0.9","6980c16f9985e39f6bcbbe3a","69de1b11a980ed2dab60a60c","69dfc595dab1511c600af1bf","<p style=""font-size: 60px; font-family: FragmentMono"">ZTKEHAWSU</p>","","","training","","","","","","",""
"null","null","html-keyboard-response","179","299693","0.0-11.0-0.10","6980c16f9985e39f6bcbbe3a","69de1b11a980ed2dab60a60c","69dfc595dab1511c600af1bf","<p style=""font-size: 60px; font-family: FragmentMono"">TPABLKBY</p>","","","training","","","","","","",""
"null","null","html-keyboard-response","180","300694","0.0-11.0-0.11","6980c16f9985e39f6bcbbe3a","69de1b11a980ed2dab60a60c","69dfc595dab1511c600af1bf","<p style=""font-size: 60px; font-family: FragmentMono"">FWTPNSXD</p>","","","training","","","","","","",""
"null","null","html-keyboard-response","181","301710","0.0-11.0-0.12","6980c16f9985e39f6bcbbe3a","69de1b11a980ed2dab60a60c","69dfc595dab1511c600af1bf","<p style=""font-size: 60px; font-family: FragmentMono"">UABSPMZ</p>","","","training","","","","","","",""
"null","null","html-keyboard-response","182","302727","0.0-11.0-0.13","6980c16f9985e39f6bcbbe3a","69de1b11a980ed2dab60a60c","69dfc595dab1511c600af1bf","<p style=""font-size: 60px; font-family: FragmentMono"">XQTKWPZKS</p>","","","training","","","","","","",""
"null","null","html-keyboard-response","183","303745","0.0-11.0-0.14","6980c16f9985e39f6bcbbe3a","69de1b11a980ed2dab60a60c","69dfc595dab1511c600af1bf","<p style=""font-size: 60px; font-family: FragmentMono"">DHNYVDIS</p>","","","training","","","","","","",""
"null","null","html-keyboard-response","184","304762","0.0-11.0-0.15","6980c16f9985e39f6bcbbe3a","69de1b11a980ed2dab60a60c","69dfc595dab1511c600af1bf","<p style=""font-size: 60px; font-family: FragmentMono"">UABSAWSU</p>","","","training","","","","","","",""
"null","null","html-keyboard-response","185","305771","0.0-11.0-0.16","6980c16f9985e39f6bcbbe3a","69de1b11a980ed2dab60a60c","69dfc595dab1511c600af1bf","<p style=""font-size: 60px; font-family: FragmentMono"">SLHUOKBY</p>","","","training","","","","","","",""
"null","null","html-keyboard-response","186","306783","0.0-11.0-0.17","6980c16f9985e39f6bcbbe3a","69de1b11a980ed2dab60a60c","69dfc595dab1511c600af1bf","<p style=""font-size: 60px; font-family: FragmentMono"">JBNIBVLT</p>","","","training","","","","","","",""
"null","null","html-keyboard-response","187","307789","0.0-11.0-0.18","6980c16f9985e39f6bcbbe3a","69de1b11a980ed2dab60a60c","69dfc595dab1511c600af1bf","<p style=""font-size: 60px; font-family: FragmentMono"">UABSDGI</p>","","","training","","","","","","",""
"null","null","html-keyboard-response","188","308805","0.0-11.0-0.19","6980c16f9985e39f6bcbbe3a","69de1b11a980ed2dab60a60c","69dfc595dab1511c600af1bf","<p style=""font-size: 60px; font-family: FragmentMono"">TPABLPMZ</p>","","","training","","","","","","",""
"null","null","html-keyboard-response","189","309814","0.0-11.0-0.20","6980c16f9985e39f6bcbbe3a","69de1b11a980ed2dab60a60c","69dfc595dab1511c600af1bf","<p style=""font-size: 60px; font-family: FragmentMono"">KMSKBHPZ</p>","","","training","","","","","","",""
"null","null","html-keyboard-response","190","310823","0.0-11.0-0.21","6980c16f9985e39f6bcbbe3a","69de1b11a980ed2dab60a60c","69dfc595dab1511c600af1bf","<p style=""font-size: 60px; font-family: FragmentMono"">CVJTBVLT</p>","","","training","","","","","","",""
"null","null","html-keyboard-response","191","311826","0.0-11.0-0.22","6980c16f9985e39f6bcbbe3a","69de1b11a980ed2dab60a60c","69dfc595dab1511c600af1bf","<p style=""font-size: 60px; font-family: FragmentMono"">HTZXDSXD</p>","","","training","","","","","","",""
"null","null","html-keyboard-response","192","312842","0.0-11.0-0.23","6980c16f9985e39f6bcbbe3a","69de1b11a980ed2dab60a60c","69dfc595dab1511c600af1bf","<p style=""font-size: 60px; font-family: FragmentMono"">ZTKEHKBY</p>","","","training","","","","","","",""
"null","null","html-keyboard-response","193","313851","0.0-11.0-0.24","6980c16f9985e39f6bcbbe3a","69de1b11a980ed2dab60a60c","69dfc595dab1511c600af1bf","<p style=""font-size: 60px; font-family: FragmentMono"">BRSWXYFJ</p>","","","training","","","","","","",""
"null","null","html-keyboard-response","194","314852","0.0-11.0-0.25","6980c16f9985e39f6bcbbe3a","69de1b11a980ed2dab60a60c","69dfc595dab1511c600af1bf","<p style=""font-size: 60px; font-family: FragmentMono"">LQXIKBY</p>","","","training","","","","","","",""
"null","null","html-keyboard-response","195","315866","0.0-11.0-0.26","6980c16f9985e39f6bcbbe3a","69de1b11a980ed2dab60a60c","69dfc595dab1511c600af1bf","<p style=""font-size: 60px; font-family: FragmentMono"">ZTKEHDGI</p>","","","training","","","","","","",""
"null","null","html-keyboard-response","196","316877","0.0-11.0-0.27","6980c16f9985e39f6bcbbe3a","69de1b11a980ed2dab60a60c","69dfc595dab1511c600af1bf","<p style=""font-size: 60px; font-family: FragmentMono"">KMSKYFJ</p>","","","training","","","","","","",""
"null","null","html-keyboard-response","197","317885","0.0-11.0-0.28","6980c16f9985e39f6bcbbe3a","69de1b11a980ed2dab60a60c","69dfc595dab1511c600af1bf","<p style=""font-size: 60px; font-family: FragmentMono"">TPABLVDIS</p>","","","training","","","","","","",""
"null","null","html-keyboard-response","198","318886","0.0-11.0-0.29","6980c16f9985e39f6bcbbe3a","69de1b11a980ed2dab60a60c","69dfc595dab1511c600af1bf","<p style=""font-size: 60px; font-family: FragmentMono"">BRSWXSXD</p>","","","training","","","","","","",""
"null","null","html-keyboard-response","199","319894","0.0-11.0-0.30","6980c16f9985e39f6bcbbe3a","69de1b11a980ed2dab60a60c","69dfc595dab1511c600af1bf","<p style=""font-size: 60px; font-family: FragmentMono"">WFQNZBVLT</p>","","","training","","","","","","",""
"null","null","html-keyboard-response","200","320905","0.0-11.0-0.31","6980c16f9985e39f6bcbbe3a","69de1b11a980ed2dab60a60c","69dfc595dab1511c600af1bf","<p style=""font-size: 60px; font-family: FragmentMono"">LRYWKBY</p>","","","training","","","","","","",""
"null","null","html-keyboard-response","201","321912","0.0-11.0-0.32","6980c16f9985e39f6bcbbe3a","69de1b11a980ed2dab60a60c","69dfc595dab1511c600af1bf","<p style=""font-size: 60px; font-family: FragmentMono"">VPKWHSXD</p>","","","training","","","","","","",""
"null","null","html-keyboard-response","202","322930","0.0-11.0-0.33","6980c16f9985e39f6bcbbe3a","69de1b11a980ed2dab60a60c","69dfc595dab1511c600af1bf","<p style=""font-size: 60px; font-family: FragmentMono"">DHNYDGI</p>","","","training","","","","","","",""
"null","null","html-keyboard-response","203","323938","0.0-11.0-0.34","6980c16f9985e39f6bcbbe3a","69de1b11a980ed2dab60a60c","69dfc595dab1511c600af1bf","<p style=""font-size: 60px; font-family: FragmentMono"">UXWLAWSU</p>","","","training","","","","","","",""
"null","null","html-keyboard-response","204","324939","0.0-11.0-0.35","6980c16f9985e39f6bcbbe3a","69de1b11a980ed2dab60a60c","69dfc595dab1511c600af1bf","<p style=""font-size: 60px; font-family: FragmentMono"">CVJTYFJ</p>","","","training","","","","","","",""
"null","null","html-keyboard-response","205","325947","0.0-11.0-0.36","6980c16f9985e39f6bcbbe3a","69de1b11a980ed2dab60a60c","69dfc595dab1511c600af1bf","<p style=""font-size: 60px; font-family: FragmentMono"">VPKWHPZKS</p>","","","training","","","","","","",""
"null","null","html-keyboard-response","206","326950","0.0-11.0-0.37","6980c16f9985e39f6bcbbe3a","69de1b11a980ed2dab60a60c","69dfc595dab1511c600af1bf","<p style=""font-size: 60px; font-family: FragmentMono"">FWTPNBHPZ</p>","","","training","","","","","","",""
"null","null","html-keyboard-response","207","327965","0.0-11.0-0.38","6980c16f9985e39f6bcbbe3a","69de1b11a980ed2dab60a60c","69dfc595dab1511c600af1bf","<p style=""font-size: 60px; font-family: FragmentMono"">WFQNZPZKS</p>","","","training","","","","","","",""
"null","null","html-keyboard-response","208","328968","0.0-11.0-0.39","6980c16f9985e39f6bcbbe3a","69de1b11a980ed2dab60a60c","69dfc595dab1511c600af1bf","<p style=""font-size: 60px; font-family: FragmentMono"">XQTKWYFJ</p>","","","training","","","","","","",""
"null","null","html-keyboard-response","209","329974","0.0-11.0-0.40","6980c16f9985e39f6bcbbe3a","69de1b11a980ed2dab60a60c","69dfc595dab1511c600af1bf","<p style=""font-size: 60px; font-family: FragmentMono"">UXWLVDIS</p>","","","training","","","","","","",""
"null","null","html-keyboard-response","210","330982","0.0-11.0-0.41","6980c16f9985e39f6bcbbe3a","69de1b11a980ed2dab60a60c","69dfc595dab1511c600af1bf","<p style=""font-size: 60px; font-family: FragmentMono"">MGALAWSU</p>","","","training","","","","","","",""
"null","null","html-keyboard-response","211","331992","0.0-11.0-0.42","6980c16f9985e39f6bcbbe3a","69de1b11a980ed2dab60a60c","69dfc595dab1511c600af1bf","<p style=""font-size: 60px; font-family: FragmentMono"">ZTKEHVDIS</p>","","","training","","","","","","",""
"null","null","html-keyboard-response","212","333008","0.0-11.0-0.43","6980c16f9985e39f6bcbbe3a","69de1b11a980ed2dab60a60c","69dfc595dab1511c600af1bf","<p style=""font-size: 60px; font-family: FragmentMono"">XQTKWBVLT</p>","","","training","","","","","","",""
"null","null","html-keyboard-response","213","334017","0.0-11.0-0.44","6980c16f9985e39f6bcbbe3a","69de1b11a980ed2dab60a60c","69dfc595dab1511c600af1bf","<p style=""font-size: 60px; font-family: FragmentMono"">LQXIAWSU</p>","","","training","","","","","","",""
"null","null","html-keyboard-response","214","335027","0.0-11.0-0.45","6980c16f9985e39f6bcbbe3a","69de1b11a980ed2dab60a60c","69dfc595dab1511c600af1bf","<p style=""font-size: 60px; font-family: FragmentMono"">UXWLDGI</p>","","","training","","","","","","",""
"null","null","html-keyboard-response","215","336036","0.0-11.0-0.46","6980c16f9985e39f6bcbbe3a","69de1b11a980ed2dab60a60c","69dfc595dab1511c600af1bf","<p style=""font-size: 60px; font-family: FragmentMono"">SLHUOPMZ</p>","","","training","","","","","","",""
"null","null","html-keyboard-response","216","337044","0.0-11.0-0.47","6980c16f9985e39f6bcbbe3a","69de1b11a980ed2dab60a60c","69dfc595dab1511c600af1bf","<p style=""font-size: 60px; font-family: FragmentMono"">LRYWAWSU</p>","","","training","","","","","","",""
"null","null","html-keyboard-response","217","338052","0.0-11.0-0.48","6980c16f9985e39f6bcbbe3a","69de1b11a980ed2dab60a60c","69dfc595dab1511c600af1bf","<p style=""font-size: 60px; font-family: FragmentMono"">FWTPNBVLT</p>","","","training","","","","","","",""
"null","null","html-keyboard-response","218","339054","0.0-11.0-0.49","6980c16f9985e39f6bcbbe3a","69de1b11a980ed2dab60a60c","69dfc595dab1511c600af1bf","<p style=""font-size: 60px; font-family: FragmentMono"">GQFHXPMZ</p>","","","training","","","","","","",""
"null","null","html-keyboard-response","219","340062","0.0-11.0-0.50","6980c16f9985e39f6bcbbe3a","69de1b11a980ed2dab60a60c","69dfc595dab1511c600af1bf","<p style=""font-size: 60px; font-family: FragmentMono"">UABSVDIS</p>","","","training","","","","","","",""
"null","null","html-keyboard-response","220","341070","0.0-11.0-0.51","6980c16f9985e39f6bcbbe3a","69de1b11a980ed2dab60a60c","69dfc595dab1511c600af1bf","<p style=""font-size: 60px; font-family: FragmentMono"">MGALKBY</p>","","","training","","","","","","",""
"null","null","html-keyboard-response","221","342075","0.0-11.0-0.52","6980c16f9985e39f6bcbbe3a","69de1b11a980ed2dab60a60c","69dfc595dab1511c600af1bf","<p style=""font-size: 60px; font-family: FragmentMono"">KMSKSXD</p>","","","training","","","","","","",""
"null","null","html-keyboard-response","222","343089","0.0-11.0-0.53","6980c16f9985e39f6bcbbe3a","69de1b11a980ed2dab60a60c","69dfc595dab1511c600af1bf","<p style=""font-size: 60px; font-family: FragmentMono"">WFQNZBHPZ</p>","","","training","","","","","","",""
"null","null","html-keyboard-response","223","344105","0.0-11.0-0.54","6980c16f9985e39f6bcbbe3a","69de1b11a980ed2dab60a60c","69dfc595dab1511c600af1bf","<p style=""font-size: 60px; font-family: FragmentMono"">UBSUSXD</p>","","","training","","","","","","",""
"null","null","html-keyboard-response","224","345114","0.0-11.0-0.55","6980c16f9985e39f6bcbbe3a","69de1b11a980ed2dab60a60c","69dfc595dab1511c600af1bf","<p style=""font-size: 60px; font-family: FragmentMono"">BRSWXPZKS</p>","","","training","","","","","","",""
"null","null","html-keyboard-response","225","346130","0.0-11.0-0.56","6980c16f9985e39f6bcbbe3a","69de1b11a980ed2dab60a60c","69dfc595dab1511c600af1bf","<p style=""font-size: 60px; font-family: FragmentMono"">JBNIBHPZ</p>","","","training","","","","","","",""
"null","null","html-keyboard-response","226","347141","0.0-11.0-0.57","6980c16f9985e39f6bcbbe3a","69de1b11a980ed2dab60a60c","69dfc595dab1511c600af1bf","<p style=""font-size: 60px; font-family: FragmentMono"">CVJTSXD</p>","","","training","","","","","","",""
"null","null","html-keyboard-response","227","348158","0.0-11.0-0.58","6980c16f9985e39f6bcbbe3a","69de1b11a980ed2dab60a60c","69dfc595dab1511c600af1bf","<p style=""font-size: 60px; font-family: FragmentMono"">SLHUODGI</p>","","","training","","","","","","",""
"null","null","html-keyboard-response","228","349166","0.0-11.0-0.59","6980c16f9985e39f6bcbbe3a","69de1b11a980ed2dab60a60c","69dfc595dab1511c600af1bf","<p style=""font-size: 60px; font-family: FragmentMono"">VPKWHBHPZ</p>","","","training","","","","","","",""
"null","null","html-keyboard-response","229","350182","0.0-11.0-0.60","6980c16f9985e39f6bcbbe3a","69de1b11a980ed2dab60a60c","69dfc595dab1511c600af1bf","<p style=""font-size: 60px; font-family: FragmentMono"">TPABLAWSU</p>","","","training","","","","","","",""
"null","null","html-keyboard-response","230","351192","0.0-11.0-0.61","6980c16f9985e39f6bcbbe3a","69de1b11a980ed2dab60a60c","69dfc595dab1511c600af1bf","<p style=""font-size: 60px; font-family: FragmentMono"">WFQNZYFJ</p>","","","training","","","","","","",""
"null","null","html-keyboard-response","231","352201","0.0-11.0-0.62","6980c16f9985e39f6bcbbe3a","69de1b11a980ed2dab60a60c","69dfc595dab1511c600af1bf","<p style=""font-size: 60px; font-family: FragmentMono"">KMSKBVLT</p>","","","training","","","","","","",""
"null","null","html-keyboard-response","232","353217","0.0-11.0-0.63","6980c16f9985e39f6bcbbe3a","69de1b11a980ed2dab60a60c","69dfc595dab1511c600af1bf","<p style=""font-size: 60px; font-family: FragmentMono"">LRYWDGI</p>","","","training","","","","","","",""
"null","null","html-keyboard-response","233","354219","0.0-11.0-0.64","6980c16f9985e39f6bcbbe3a","69de1b11a980ed2dab60a60c","69dfc595dab1511c600af1bf","<p style=""font-size: 60px; font-family: FragmentMono"">HTZXDPZKS</p>","","","training","","","","","","",""
"null","null","html-keyboard-response","234","355235","0.0-11.0-0.65","6980c16f9985e39f6bcbbe3a","69de1b11a980ed2dab60a60c","69dfc595dab1511c600af1bf","<p style=""font-size: 60px; font-family: FragmentMono"">UXWLPMZ</p>","","","training","","","","","","",""
"null","null","html-keyboard-response","235","356244","0.0-11.0-0.66","6980c16f9985e39f6bcbbe3a","69de1b11a980ed2dab60a60c","69dfc595dab1511c600af1bf","<p style=""font-size: 60px; font-family: FragmentMono"">CVJTBHPZ</p>","","","training","","","","","","",""
"null","null","html-keyboard-response","236","357246","0.0-11.0-0.67","6980c16f9985e39f6bcbbe3a","69de1b11a980ed2dab60a60c","69dfc595dab1511c600af1bf","<p style=""font-size: 60px; font-family: FragmentMono"">HTZXDYFJ</p>","","","training","","","","","","",""
"null","null","html-keyboard-response","237","358254","0.0-11.0-0.68","6980c16f9985e39f6bcbbe3a","69de1b11a980ed2dab60a60c","69dfc595dab1511c600af1bf","<p style=""font-size: 60px; font-family: FragmentMono"">SLHUOVDIS</p>","","","training","","","","","","",""
"null","null","html-keyboard-response","238","359262","0.0-11.0-0.69","6980c16f9985e39f6bcbbe3a","69de1b11a980ed2dab60a60c","69dfc595dab1511c600af1bf","<p style=""font-size: 60px; font-family: FragmentMono"">XQTKWSXD</p>","","","training","","","","","","",""
"null","null","html-keyboard-response","239","360271","0.0-11.0-0.70","6980c16f9985e39f6bcbbe3a","69de1b11a980ed2dab60a60c","69dfc595dab1511c600af1bf","<p style=""font-size: 60px; font-family: FragmentMono"">GQFHXDGI</p>","","","training","","","","","","",""
"null","null","html-keyboard-response","240","361280","0.0-11.0-0.71","6980c16f9985e39f6bcbbe3a","69de1b11a980ed2dab60a60c","69dfc595dab1511c600af1bf","<p style=""font-size: 60px; font-family: FragmentMono"">JBNIYFJ</p>","","","training","","","","","","",""
"null","null","html-keyboard-response","241","362297","0.0-11.0-0.72","6980c16f9985e39f6bcbbe3a","69de1b11a980ed2dab60a60c","69dfc595dab1511c600af1bf","<p style=""font-size: 60px; font-family: FragmentMono"">VPKWHBVLT</p>","","","training","","","","","","",""
"null","null","html-keyboard-response","242","363306","0.0-11.0-0.73","6980c16f9985e39f6bcbbe3a","69de1b11a980ed2dab60a60c","69dfc595dab1511c600af1bf","<p style=""font-size: 60px; font-family: FragmentMono"">GQFHXVDIS</p>","","","training","","","","","","",""
"null","null","html-keyboard-response","243","364322","0.0-11.0-0.74","6980c16f9985e39f6bcbbe3a","69de1b11a980ed2dab60a60c","69dfc595dab1511c600af1bf","<p style=""font-size: 60px; font-family: FragmentMono"">JBNIPZKS</p>","","","training","","","","","","",""
"null","null","html-keyboard-response","244","365339","0.0-11.0-0.75","6980c16f9985e39f6bcbbe3a","69de1b11a980ed2dab60a60c","69dfc595dab1511c600af1bf","<p style=""font-size: 60px; font-family: FragmentMono"">GQFHXKBY</p>","","","training","","","","","","",""
"null","null","html-keyboard-response","245","366349","0.0-11.0-0.76","6980c16f9985e39f6bcbbe3a","69de1b11a980ed2dab60a60c","69dfc595dab1511c600af1bf","<p style=""font-size: 60px; font-family: FragmentMono"">UBSUYFJ</p>","","","training","","","","","","",""
"null","null","html-keyboard-response","246","367365","0.0-11.0-0.77","6980c16f9985e39f6bcbbe3a","69de1b11a980ed2dab60a60c","69dfc595dab1511c600af1bf","<p style=""font-size: 60px; font-family: FragmentMono"">DHNYAWSU</p>","","","training","","","","","","",""
"null","null","html-keyboard-response","247","368376","0.0-11.0-0.78","6980c16f9985e39f6bcbbe3a","69de1b11a980ed2dab60a60c","69dfc595dab1511c600af1bf","<p style=""font-size: 60px; font-family: FragmentMono"">MGALVDIS</p>","","","training","","","","","","",""
"null","null","html-keyboard-response","248","369383","0.0-11.0-0.79","6980c16f9985e39f6bcbbe3a","69de1b11a980ed2dab60a60c","69dfc595dab1511c600af1bf","<p style=""font-size: 60px; font-family: FragmentMono"">LQXIDGI</p>","","","training","","","","","","",""
"5531"," ","html-keyboard-response","249","374916","0.0-12.0","6980c16f9985e39f6bcbbe3a","69de1b11a980ed2dab60a60c","69dfc595dab1511c600af1bf","<p style=""font-size: 30px"">Great, you've seen the third block of words. You may now take a short break.</p>
      <p style=""font-size: 30px"">Press the spacebar when you're ready to continue.</p>","","","","","","","","","",""
"null","null","html-keyboard-response","250","375927","0.0-13.0-0.0","6980c16f9985e39f6bcbbe3a","69de1b11a980ed2dab60a60c","69dfc595dab1511c600af1bf","<p style=""font-size: 60px; font-family: FragmentMono"">UABSPMZ</p>","","","training","","","","","","",""
"null","null","html-keyboard-response","251","376929","0.0-13.0-0.1","6980c16f9985e39f6bcbbe3a","69de1b11a980ed2dab60a60c","69dfc595dab1511c600af1bf","<p style=""font-size: 60px; font-family: FragmentMono"">KMSKBHPZ</p>","","","training","","","","","","",""
"null","null","html-keyboard-response","252","377931","0.0-13.0-0.2","6980c16f9985e39f6bcbbe3a","69de1b11a980ed2dab60a60c","69dfc595dab1511c600af1bf","<p style=""font-size: 60px; font-family: FragmentMono"">SLHUOPMZ</p>","","","training","","","","","","",""
"null","null","html-keyboard-response","253","378938","0.0-13.0-0.3","6980c16f9985e39f6bcbbe3a","69de1b11a980ed2dab60a60c","69dfc595dab1511c600af1bf","<p style=""font-size: 60px; font-family: FragmentMono"">CVJTYFJ</p>","","","training","","","","","","",""
"null","null","html-keyboard-response","254","379955","0.0-13.0-0.4","6980c16f9985e39f6bcbbe3a","69de1b11a980ed2dab60a60c","69dfc595dab1511c600af1bf","<p style=""font-size: 60px; font-family: FragmentMono"">BRSWXBHPZ</p>","","","training","","","","","","",""
"null","null","html-keyboard-response","255","380972","0.0-13.0-0.5","6980c16f9985e39f6bcbbe3a","69de1b11a980ed2dab60a60c","69dfc595dab1511c600af1bf","<p style=""font-size: 60px; font-family: FragmentMono"">LRYWDGI</p>","","","training","","","","","","",""
"null","null","html-keyboard-response","256","381973","0.0-13.0-0.6","6980c16f9985e39f6bcbbe3a","69de1b11a980ed2dab60a60c","69dfc595dab1511c600af1bf","<p style=""font-size: 60px; font-family: FragmentMono"">XQTKWSXD</p>","","","training","","","","","","",""
"null","null","html-keyboard-response","257","382981","0.0-13.0-0.7","6980c16f9985e39f6bcbbe3a","69de1b11a980ed2dab60a60c","69dfc595dab1511c600af1bf","<p style=""font-size: 60px; font-family: FragmentMono"">UABSDGI</p>","","","training","","","","","","",""
"null","null","html-keyboard-response","258","383989","0.0-13.0-0.8","6980c16f9985e39f6bcbbe3a","69de1b11a980ed2dab60a60c","69dfc595dab1511c600af1bf","<p style=""font-size: 60px; font-family: FragmentMono"">UXWLPMZ</p>","","","training","","","","","","",""
"null","null","html-keyboard-response","259","384993","0.0-13.0-0.9","6980c16f9985e39f6bcbbe3a","69de1b11a980ed2dab60a60c","69dfc595dab1511c600af1bf","<p style=""font-size: 60px; font-family: FragmentMono"">XQTKWBVLT</p>","","","training","","","","","","",""
"null","null","html-keyboard-response","260","386007","0.0-13.0-0.10","6980c16f9985e39f6bcbbe3a","69de1b11a980ed2dab60a60c","69dfc595dab1511c600af1bf","<p style=""font-size: 60px; font-family: FragmentMono"">VPKWHBHPZ</p>","","","training","","","","","","",""
"null","null","html-keyboard-response","261","387009","0.0-13.0-0.11","6980c16f9985e39f6bcbbe3a","69de1b11a980ed2dab60a60c","69dfc595dab1511c600af1bf","<p style=""font-size: 60px; font-family: FragmentMono"">DHNYDGI</p>","","","training","","","","","","",""
"null","null","html-keyboard-response","262","388017","0.0-13.0-0.12","6980c16f9985e39f6bcbbe3a","69de1b11a980ed2dab60a60c","69dfc595dab1511c600af1bf","<p style=""font-size: 60px; font-family: FragmentMono"">MGALKBY</p>","","","training","","","","","","",""
"null","null","html-keyboard-response","263","389033","0.0-13.0-0.13","6980c16f9985e39f6bcbbe3a","69de1b11a980ed2dab60a60c","69dfc595dab1511c600af1bf","<p style=""font-size: 60px; font-family: FragmentMono"">XQTKWPZKS</p>","","","training","","","","","","",""
"null","null","html-keyboard-response","264","390036","0.0-13.0-0.14","6980c16f9985e39f6bcbbe3a","69de1b11a980ed2dab60a60c","69dfc595dab1511c600af1bf","<p style=""font-size: 60px; font-family: FragmentMono"">GQFHXPMZ</p>","","","training","","","","","","",""
"null","null","html-keyboard-response","265","391051","0.0-13.0-0.15","6980c16f9985e39f6bcbbe3a","69de1b11a980ed2dab60a60c","69dfc595dab1511c600af1bf","<p style=""font-size: 60px; font-family: FragmentMono"">FWTPNPZKS</p>","","","training","","","","","","",""
"null","null","html-keyboard-response","266","392068","0.0-13.0-0.16","6980c16f9985e39f6bcbbe3a","69de1b11a980ed2dab60a60c","69dfc595dab1511c600af1bf","<p style=""font-size: 60px; font-family: FragmentMono"">HTZXDYFJ</p>","","","training","","","","","","",""
"null","null","html-keyboard-response","267","393085","0.0-13.0-0.17","6980c16f9985e39f6bcbbe3a","69de1b11a980ed2dab60a60c","69dfc595dab1511c600af1bf","<p style=""font-size: 60px; font-family: FragmentMono"">UXWLVDIS</p>","","","training","","","","","","",""
"null","null","html-keyboard-response","268","394087","0.0-13.0-0.18","6980c16f9985e39f6bcbbe3a","69de1b11a980ed2dab60a60c","69dfc595dab1511c600af1bf","<p style=""font-size: 60px; font-family: FragmentMono"">UABSAWSU</p>","","","training","","","","","","",""
"null","null","html-keyboard-response","269","395102","0.0-13.0-0.19","6980c16f9985e39f6bcbbe3a","69de1b11a980ed2dab60a60c","69dfc595dab1511c600af1bf","<p style=""font-size: 60px; font-family: FragmentMono"">UBSUSXD</p>","","","training","","","","","","",""
"null","null","html-keyboard-response","270","396112","0.0-13.0-0.20","6980c16f9985e39f6bcbbe3a","69de1b11a980ed2dab60a60c","69dfc595dab1511c600af1bf","<p style=""font-size: 60px; font-family: FragmentMono"">ZTKEHDGI</p>","","","training","","","","","","",""
"null","null","html-keyboard-response","271","397120","0.0-13.0-0.21","6980c16f9985e39f6bcbbe3a","69de1b11a980ed2dab60a60c","69dfc595dab1511c600af1bf","<p style=""font-size: 60px; font-family: FragmentMono"">TPABLPMZ</p>","","","training","","","","","","",""
"null","null","html-keyboard-response","272","398130","0.0-13.0-0.22","6980c16f9985e39f6bcbbe3a","69de1b11a980ed2dab60a60c","69dfc595dab1511c600af1bf","<p style=""font-size: 60px; font-family: FragmentMono"">JBNIBVLT</p>","","","training","","","","","","",""
"null","null","html-keyboard-response","273","399139","0.0-13.0-0.23","6980c16f9985e39f6bcbbe3a","69de1b11a980ed2dab60a60c","69dfc595dab1511c600af1bf","<p style=""font-size: 60px; font-family: FragmentMono"">LQXIKBY</p>","","","training","","","","","","",""
"null","null","html-keyboard-response","274","400148","0.0-13.0-0.24","6980c16f9985e39f6bcbbe3a","69de1b11a980ed2dab60a60c","69dfc595dab1511c600af1bf","<p style=""font-size: 60px; font-family: FragmentMono"">KMSKBVLT</p>","","","training","","","","","","",""
"null","null","html-keyboard-response","275","401164","0.0-13.0-0.25","6980c16f9985e39f6bcbbe3a","69de1b11a980ed2dab60a60c","69dfc595dab1511c600af1bf","<p style=""font-size: 60px; font-family: FragmentMono"">GQFHXKBY</p>","","","training","","","","","","",""
"null","null","html-keyboard-response","276","402174","0.0-13.0-0.26","6980c16f9985e39f6bcbbe3a","69de1b11a980ed2dab60a60c","69dfc595dab1511c600af1bf","<p style=""font-size: 60px; font-family: FragmentMono"">TPABLAWSU</p>","","","training","","","","","","",""
"null","null","html-keyboard-response","277","403182","0.0-13.0-0.27","6980c16f9985e39f6bcbbe3a","69de1b11a980ed2dab60a60c","69dfc595dab1511c600af1bf","<p style=""font-size: 60px; font-family: FragmentMono"">BRSWXSXD</p>","","","training","","","","","","",""
"null","null","html-keyboard-response","278","404191","0.0-13.0-0.28","6980c16f9985e39f6bcbbe3a","69de1b11a980ed2dab60a60c","69dfc595dab1511c600af1bf","<p style=""font-size: 60px; font-family: FragmentMono"">WFQNZBHPZ</p>","","","training","","","","","","",""
"null","null","html-keyboard-response","279","405199","0.0-13.0-0.29","6980c16f9985e39f6bcbbe3a","69de1b11a980ed2dab60a60c","69dfc595dab1511c600af1bf","<p style=""font-size: 60px; font-family: FragmentMono"">KMSKSXD</p>","","","training","","","","","","",""
"null","null","html-keyboard-response","280","406208","0.0-13.0-0.30","6980c16f9985e39f6bcbbe3a","69de1b11a980ed2dab60a60c","69dfc595dab1511c600af1bf","<p style=""font-size: 60px; font-family: FragmentMono"">BRSWXPZKS</p>","","","training","","","","","","",""
"null","null","html-keyboard-response","281","407224","0.0-13.0-0.31","6980c16f9985e39f6bcbbe3a","69de1b11a980ed2dab60a60c","69dfc595dab1511c600af1bf","<p style=""font-size: 60px; font-family: FragmentMono"">ZTKEHAWSU</p>","","","training","","","","","","",""
"null","null","html-keyboard-response","282","408226","0.0-13.0-0.32","6980c16f9985e39f6bcbbe3a","69de1b11a980ed2dab60a60c","69dfc595dab1511c600af1bf","<p style=""font-size: 60px; font-family: FragmentMono"">MGALVDIS</p>","","","training","","","","","","",""
"null","null","html-keyboard-response","283","409242","0.0-13.0-0.33","6980c16f9985e39f6bcbbe3a","69de1b11a980ed2dab60a60c","69dfc595dab1511c600af1bf","<p style=""font-size: 60px; font-family: FragmentMono"">FWTPNSXD</p>","","","training","","","","","","",""
"null","null","html-keyboard-response","284","410259","0.0-13.0-0.34","6980c16f9985e39f6bcbbe3a","69de1b11a980ed2dab60a60c","69dfc595dab1511c600af1bf","<p style=""font-size: 60px; font-family: FragmentMono"">MGALPMZ</p>","","","training","","","","","","",""
"null","null","html-keyboard-response","285","411269","0.0-13.0-0.35","6980c16f9985e39f6bcbbe3a","69de1b11a980ed2dab60a60c","69dfc595dab1511c600af1bf","<p style=""font-size: 60px; font-family: FragmentMono"">SLHUOVDIS</p>","","","training","","","","","","",""
"null","null","html-keyboard-response","286","412278","0.0-13.0-0.36","6980c16f9985e39f6bcbbe3a","69de1b11a980ed2dab60a60c","69dfc595dab1511c600af1bf","<p style=""font-size: 60px; font-family: FragmentMono"">CVJTSXD</p>","","","training","","","","","","",""
"null","null","html-keyboard-response","287","413294","0.0-13.0-0.37","6980c16f9985e39f6bcbbe3a","69de1b11a980ed2dab60a60c","69dfc595dab1511c600af1bf","<p style=""font-size: 60px; font-family: FragmentMono"">UBSUPZKS</p>","","","training","","","","","","",""
"null","null","html-keyboard-response","288","414311","0.0-13.0-0.38","6980c16f9985e39f6bcbbe3a","69de1b11a980ed2dab60a60c","69dfc595dab1511c600af1bf","<p style=""font-size: 60px; font-family: FragmentMono"">WFQNZBVLT</p>","","","training","","","","","","",""
"null","null","html-keyboard-response","289","415313","0.0-13.0-0.39","6980c16f9985e39f6bcbbe3a","69de1b11a980ed2dab60a60c","69dfc595dab1511c600af1bf","<p style=""font-size: 60px; font-family: FragmentMono"">JBNIBHPZ</p>","","","training","","","","","","",""
"null","null","html-keyboard-response","290","416321","0.0-13.0-0.40","6980c16f9985e39f6bcbbe3a","69de1b11a980ed2dab60a60c","69dfc595dab1511c600af1bf","<p style=""font-size: 60px; font-family: FragmentMono"">MGALAWSU</p>","","","training","","","","","","",""
"null","null","html-keyboard-response","291","417329","0.0-13.0-0.41","6980c16f9985e39f6bcbbe3a","69de1b11a980ed2dab60a60c","69dfc595dab1511c600af1bf","<p style=""font-size: 60px; font-family: FragmentMono"">ZTKEHVDIS</p>","","","training","","","","","","",""
"null","null","html-keyboard-response","292","418338","0.0-13.0-0.42","6980c16f9985e39f6bcbbe3a","69de1b11a980ed2dab60a60c","69dfc595dab1511c600af1bf","<p style=""font-size: 60px; font-family: FragmentMono"">UXWLDGI</p>","","","training","","","","","","",""
"null","null","html-keyboard-response","293","419347","0.0-13.0-0.43","6980c16f9985e39f6bcbbe3a","69de1b11a980ed2dab60a60c","69dfc595dab1511c600af1bf","<p style=""font-size: 60px; font-family: FragmentMono"">VPKWHBVLT</p>","","","training","","","","","","",""
"null","null","html-keyboard-response","294","420356","0.0-13.0-0.44","6980c16f9985e39f6bcbbe3a","69de1b11a980ed2dab60a60c","69dfc595dab1511c600af1bf","<p style=""font-size: 60px; font-family: FragmentMono"">LRYWKBY</p>","","","training","","","","","","",""
"null","null","html-keyboard-response","295","421366","0.0-13.0-0.45","6980c16f9985e39f6bcbbe3a","69de1b11a980ed2dab60a60c","69dfc595dab1511c600af1bf","<p style=""font-size: 60px; font-family: FragmentMono"">FWTPNBHPZ</p>","","","training","","","","","","",""
"null","null","html-keyboard-response","296","422374","0.0-13.0-0.46","6980c16f9985e39f6bcbbe3a","69de1b11a980ed2dab60a60c","69dfc595dab1511c600af1bf","<p style=""font-size: 60px; font-family: FragmentMono"">UXWLAWSU</p>","","","training","","","","","","",""
"null","null","html-keyboard-response","297","423384","0.0-13.0-0.47","6980c16f9985e39f6bcbbe3a","69de1b11a980ed2dab60a60c","69dfc595dab1511c600af1bf","<p style=""font-size: 60px; font-family: FragmentMono"">BRSWXYFJ</p>","","","training","","","","","","",""
"null","null","html-keyboard-response","298","424391","0.0-13.0-0.48","6980c16f9985e39f6bcbbe3a","69de1b11a980ed2dab60a60c","69dfc595dab1511c600af1bf","<p style=""font-size: 60px; font-family: FragmentMono"">DHNYVDIS</p>","","","training","","","","","","",""
"null","null","html-keyboard-response","299","425401","0.0-13.0-0.49","6980c16f9985e39f6bcbbe3a","69de1b11a980ed2dab60a60c","69dfc595dab1511c600af1bf","<p style=""font-size: 60px; font-family: FragmentMono"">SLHUODGI</p>","","","training","","","","","","",""
"null","null","html-keyboard-response","300","426417","0.0-13.0-0.50","6980c16f9985e39f6bcbbe3a","69de1b11a980ed2dab60a60c","69dfc595dab1511c600af1bf","<p style=""font-size: 60px; font-family: FragmentMono"">HTZXDSXD</p>","","","training","","","","","","",""
"null","null","html-keyboard-response","301","427426","0.0-13.0-0.51","6980c16f9985e39f6bcbbe3a","69de1b11a980ed2dab60a60c","69dfc595dab1511c600af1bf","<p style=""font-size: 60px; font-family: FragmentMono"">TPABLKBY</p>","","","training","","","","","","",""
"null","null","html-keyboard-response","302","428436","0.0-13.0-0.52","6980c16f9985e39f6bcbbe3a","69de1b11a980ed2dab60a60c","69dfc595dab1511c600af1bf","<p style=""font-size: 60px; font-family: FragmentMono"">GQFHXDGI</p>","","","training","","","","","","",""
"null","null","html-keyboard-response","303","429452","0.0-13.0-0.53","6980c16f9985e39f6bcbbe3a","69de1b11a980ed2dab60a60c","69dfc595dab1511c600af1bf","<p style=""font-size: 60px; font-family: FragmentMono"">VPKWHSXD</p>","","","training","","","","","","",""
"null","null","html-keyboard-response","304","430461","0.0-13.0-0.54","6980c16f9985e39f6bcbbe3a","69de1b11a980ed2dab60a60c","69dfc595dab1511c600af1bf","<p style=""font-size: 60px; font-family: FragmentMono"">DHNYKBY</p>","","","training","","","","","","",""
"null","null","html-keyboard-response","305","431462","0.0-13.0-0.55","6980c16f9985e39f6bcbbe3a","69de1b11a980ed2dab60a60c","69dfc595dab1511c600af1bf","<p style=""font-size: 60px; font-family: FragmentMono"">LQXIPMZ</p>","","","training","","","","","","",""
"null","null","html-keyboard-response","306","432478","0.0-13.0-0.56","6980c16f9985e39f6bcbbe3a","69de1b11a980ed2dab60a60c","69dfc595dab1511c600af1bf","<p style=""font-size: 60px; font-family: FragmentMono"">FWTPNBVLT</p>","","","training","","","","","","",""
"null","null","html-keyboard-response","307","433488","0.0-13.0-0.57","6980c16f9985e39f6bcbbe3a","69de1b11a980ed2dab60a60c","69dfc595dab1511c600af1bf","<p style=""font-size: 60px; font-family: FragmentMono"">WFQNZPZKS</p>","","","training","","","","","","",""
"null","null","html-keyboard-response","308","434504","0.0-13.0-0.58","6980c16f9985e39f6bcbbe3a","69de1b11a980ed2dab60a60c","69dfc595dab1511c600af1bf","<p style=""font-size: 60px; font-family: FragmentMono"">HTZXDBVLT</p>","","","training","","","","","","",""
"null","null","html-keyboard-response","309","435521","0.0-13.0-0.59","6980c16f9985e39f6bcbbe3a","69de1b11a980ed2dab60a60c","69dfc595dab1511c600af1bf","<p style=""font-size: 60px; font-family: FragmentMono"">WFQNZYFJ</p>","","","training","","","","","","",""
"null","null","html-keyboard-response","310","436523","0.0-13.0-0.60","6980c16f9985e39f6bcbbe3a","69de1b11a980ed2dab60a60c","69dfc595dab1511c600af1bf","<p style=""font-size: 60px; font-family: FragmentMono"">LQXIAWSU</p>","","","training","","","","","","",""
"null","null","html-keyboard-response","311","437539","0.0-13.0-0.61","6980c16f9985e39f6bcbbe3a","69de1b11a980ed2dab60a60c","69dfc595dab1511c600af1bf","<p style=""font-size: 60px; font-family: FragmentMono"">CVJTBHPZ</p>","","","training","","","","","","",""
"null","null","html-keyboard-response","312","438555","0.0-13.0-0.62","6980c16f9985e39f6bcbbe3a","69de1b11a980ed2dab60a60c","69dfc595dab1511c600af1bf","<p style=""font-size: 60px; font-family: FragmentMono"">KMSKYFJ</p>","","","training","","","","","","",""
"null","null","html-keyboard-response","313","439558","0.0-13.0-0.63","6980c16f9985e39f6bcbbe3a","69de1b11a980ed2dab60a60c","69dfc595dab1511c600af1bf","<p style=""font-size: 60px; font-family: FragmentMono"">LRYWPMZ</p>","","","training","","","","","","",""
"null","null","html-keyboard-response","314","440574","0.0-13.0-0.64","6980c16f9985e39f6bcbbe3a","69de1b11a980ed2dab60a60c","69dfc595dab1511c600af1bf","<p style=""font-size: 60px; font-family: FragmentMono"">GQFHXVDIS</p>","","","training","","","","","","",""
"null","null","html-keyboard-response","315","441575","0.0-13.0-0.65","6980c16f9985e39f6bcbbe3a","69de1b11a980ed2dab60a60c","69dfc595dab1511c600af1bf","<p style=""font-size: 60px; font-family: FragmentMono"">JBNIYFJ</p>","","","training","","","","","","",""
"null","null","html-keyboard-response","316","442591","0.0-13.0-0.66","6980c16f9985e39f6bcbbe3a","69de1b11a980ed2dab60a60c","69dfc595dab1511c600af1bf","<p style=""font-size: 60px; font-family: FragmentMono"">VPKWHPZKS</p>","","","training","","","","","","",""
"null","null","html-keyboard-response","317","443608","0.0-13.0-0.67","6980c16f9985e39f6bcbbe3a","69de1b11a980ed2dab60a60c","69dfc595dab1511c600af1bf","<p style=""font-size: 60px; font-family: FragmentMono"">ZTKEHKBY</p>","","","training","","","","","","",""
"null","null","html-keyboard-response","318","444625","0.0-13.0-0.68","6980c16f9985e39f6bcbbe3a","69de1b11a980ed2dab60a60c","69dfc595dab1511c600af1bf","<p style=""font-size: 60px; font-family: FragmentMono"">LQXIDGI</p>","","","training","","","","","","",""
"null","null","html-keyboard-response","319","445642","0.0-13.0-0.69","6980c16f9985e39f6bcbbe3a","69de1b11a980ed2dab60a60c","69dfc595dab1511c600af1bf","<p style=""font-size: 60px; font-family: FragmentMono"">SLHUOKBY</p>","","","training","","","","","","",""
"null","null","html-keyboard-response","320","446651","0.0-13.0-0.70","6980c16f9985e39f6bcbbe3a","69de1b11a980ed2dab60a60c","69dfc595dab1511c600af1bf","<p style=""font-size: 60px; font-family: FragmentMono"">CVJTBVLT</p>","","","training","","","","","","",""
"null","null","html-keyboard-response","321","447654","0.0-13.0-0.71","6980c16f9985e39f6bcbbe3a","69de1b11a980ed2dab60a60c","69dfc595dab1511c600af1bf","<p style=""font-size: 60px; font-family: FragmentMono"">UABSVDIS</p>","","","training","","","","","","",""
"null","null","html-keyboard-response","322","448669","0.0-13.0-0.72","6980c16f9985e39f6bcbbe3a","69de1b11a980ed2dab60a60c","69dfc595dab1511c600af1bf","<p style=""font-size: 60px; font-family: FragmentMono"">LRYWAWSU</p>","","","training","","","","","","",""
"null","null","html-keyboard-response","323","449687","0.0-13.0-0.73","6980c16f9985e39f6bcbbe3a","69de1b11a980ed2dab60a60c","69dfc595dab1511c600af1bf","<p style=""font-size: 60px; font-family: FragmentMono"">XQTKWYFJ</p>","","","training","","","","","","",""
"null","null","html-keyboard-response","324","450696","0.0-13.0-0.74","6980c16f9985e39f6bcbbe3a","69de1b11a980ed2dab60a60c","69dfc595dab1511c600af1bf","<p style=""font-size: 60px; font-family: FragmentMono"">UBSUBHPZ</p>","","","training","","","","","","",""
"null","null","html-keyboard-response","325","451703","0.0-13.0-0.75","6980c16f9985e39f6bcbbe3a","69de1b11a980ed2dab60a60c","69dfc595dab1511c600af1bf","<p style=""font-size: 60px; font-family: FragmentMono"">DHNYAWSU</p>","","","training","","","","","","",""
"null","null","html-keyboard-response","326","452705","0.0-13.0-0.76","6980c16f9985e39f6bcbbe3a","69de1b11a980ed2dab60a60c","69dfc595dab1511c600af1bf","<p style=""font-size: 60px; font-family: FragmentMono"">UBSUYFJ</p>","","","training","","","","","","",""
"null","null","html-keyboard-response","327","453714","0.0-13.0-0.77","6980c16f9985e39f6bcbbe3a","69de1b11a980ed2dab60a60c","69dfc595dab1511c600af1bf","<p style=""font-size: 60px; font-family: FragmentMono"">JBNIPZKS</p>","","","training","","","","","","",""
"null","null","html-keyboard-response","328","454730","0.0-13.0-0.78","6980c16f9985e39f6bcbbe3a","69de1b11a980ed2dab60a60c","69dfc595dab1511c600af1bf","<p style=""font-size: 60px; font-family: FragmentMono"">TPABLVDIS</p>","","","training","","","","","","",""
"null","null","html-keyboard-response","329","455747","0.0-13.0-0.79","6980c16f9985e39f6bcbbe3a","69de1b11a980ed2dab60a60c","69dfc595dab1511c600af1bf","<p style=""font-size: 60px; font-family: FragmentMono"">HTZXDPZKS</p>","","","training","","","","","","",""
"2496"," ","html-keyboard-response","330","458244","0.0-14.0","6980c16f9985e39f6bcbbe3a","69de1b11a980ed2dab60a60c","69dfc595dab1511c600af1bf","<p style=""font-size: 30px"">Great, you've seen the fourth block of words. You may now take a short break.</p>
      <p style=""font-size: 30px"">Press the spacebar when you're ready to continue.</p>","","","","","","","","","",""
"null","null","html-keyboard-response","331","459257","0.0-15.0-0.0","6980c16f9985e39f6bcbbe3a","69de1b11a980ed2dab60a60c","69dfc595dab1511c600af1bf","<p style=""font-size: 60px; font-family: FragmentMono"">FWTPNSXD</p>","","","training","","","","","","",""
"null","null","html-keyboard-response","332","460264","0.0-15.0-0.1","6980c16f9985e39f6bcbbe3a","69de1b11a980ed2dab60a60c","69dfc595dab1511c600af1bf","<p style=""font-size: 60px; font-family: FragmentMono"">LQXIAWSU</p>","","","training","","","","","","",""
"null","null","html-keyboard-response","333","461268","0.0-15.0-0.2","6980c16f9985e39f6bcbbe3a","69de1b11a980ed2dab60a60c","69dfc595dab1511c600af1bf","<p style=""font-size: 60px; font-family: FragmentMono"">HTZXDYFJ</p>","","","training","","","","","","",""
"null","null","html-keyboard-response","334","462283","0.0-15.0-0.3","6980c16f9985e39f6bcbbe3a","69de1b11a980ed2dab60a60c","69dfc595dab1511c600af1bf","<p style=""font-size: 60px; font-family: FragmentMono"">UABSAWSU</p>","","","training","","","","","","",""
"null","null","html-keyboard-response","335","463292","0.0-15.0-0.4","6980c16f9985e39f6bcbbe3a","69de1b11a980ed2dab60a60c","69dfc595dab1511c600af1bf","<p style=""font-size: 60px; font-family: FragmentMono"">CVJTBHPZ</p>","","","training","","","","","","",""
"null","null","html-keyboard-response","336","464309","0.0-15.0-0.5","6980c16f9985e39f6bcbbe3a","69de1b11a980ed2dab60a60c","69dfc595dab1511c600af1bf","<p style=""font-size: 60px; font-family: FragmentMono"">MGALAWSU</p>","","","training","","","","","","",""
"null","null","html-keyboard-response","337","465326","0.0-15.0-0.6","6980c16f9985e39f6bcbbe3a","69de1b11a980ed2dab60a60c","69dfc595dab1511c600af1bf","<p style=""font-size: 60px; font-family: FragmentMono"">UXWLDGI</p>","","","training","","","","","","",""
"null","null","html-keyboard-response","338","466344","0.0-15.0-0.7","6980c16f9985e39f6bcbbe3a","69de1b11a980ed2dab60a60c","69dfc595dab1511c600af1bf","<p style=""font-size: 60px; font-family: FragmentMono"">GQFHXKBY</p>","","","training","","","","","","",""
"null","null","html-keyboard-response","339","467361","0.0-15.0-0.8","6980c16f9985e39f6bcbbe3a","69de1b11a980ed2dab60a60c","69dfc595dab1511c600af1bf","<p style=""font-size: 60px; font-family: FragmentMono"">XQTKWYFJ</p>","","","training","","","","","","",""
"null","null","html-keyboard-response","340","468378","0.0-15.0-0.9","6980c16f9985e39f6bcbbe3a","69de1b11a980ed2dab60a60c","69dfc595dab1511c600af1bf","<p style=""font-size: 60px; font-family: FragmentMono"">TPABLKBY</p>","","","training","","","","","","",""
"null","null","html-keyboard-response","341","469395","0.0-15.0-0.10","6980c16f9985e39f6bcbbe3a","69de1b11a980ed2dab60a60c","69dfc595dab1511c600af1bf","<p style=""font-size: 60px; font-family: FragmentMono"">GQFHXDGI</p>","","","training","","","","","","",""
"null","null","html-keyboard-response","342","470405","0.0-15.0-0.11","6980c16f9985e39f6bcbbe3a","69de1b11a980ed2dab60a60c","69dfc595dab1511c600af1bf","<p style=""font-size: 60px; font-family: FragmentMono"">DHNYAWSU</p>","","","training","","","","","","",""
"null","null","html-keyboard-response","343","471414","0.0-15.0-0.12","6980c16f9985e39f6bcbbe3a","69de1b11a980ed2dab60a60c","69dfc595dab1511c600af1bf","<p style=""font-size: 60px; font-family: FragmentMono"">UBSUPZKS</p>","","","training","","","","","","",""
"null","null","html-keyboard-response","344","472430","0.0-15.0-0.13","6980c16f9985e39f6bcbbe3a","69de1b11a980ed2dab60a60c","69dfc595dab1511c600af1bf","<p style=""font-size: 60px; font-family: FragmentMono"">LQXIPMZ</p>","","","training","","","","","","",""
"null","null","html-keyboard-response","345","473432","0.0-15.0-0.14","6980c16f9985e39f6bcbbe3a","69de1b11a980ed2dab60a60c","69dfc595dab1511c600af1bf","<p style=""font-size: 60px; font-family: FragmentMono"">UXWLAWSU</p>","","","training","","","","","","",""
"null","null","html-keyboard-response","346","474440","0.0-15.0-0.15","6980c16f9985e39f6bcbbe3a","69de1b11a980ed2dab60a60c","69dfc595dab1511c600af1bf","<p style=""font-size: 60px; font-family: FragmentMono"">TPABLPMZ</p>","","","training","","","","","","",""
"null","null","html-keyboard-response","347","475448","0.0-15.0-0.16","6980c16f9985e39f6bcbbe3a","69de1b11a980ed2dab60a60c","69dfc595dab1511c600af1bf","<p style=""font-size: 60px; font-family: FragmentMono"">SLHUOVDIS</p>","","","training","","","","","","",""
"null","null","html-keyboard-response","348","476457","0.0-15.0-0.17","6980c16f9985e39f6bcbbe3a","69de1b11a980ed2dab60a60c","69dfc595dab1511c600af1bf","<p style=""font-size: 60px; font-family: FragmentMono"">UABSPMZ</p>","","","training","","","","","","",""
"null","null","html-keyboard-response","349","477473","0.0-15.0-0.18","6980c16f9985e39f6bcbbe3a","69de1b11a980ed2dab60a60c","69dfc595dab1511c600af1bf","<p style=""font-size: 60px; font-family: FragmentMono"">VPKWHBHPZ</p>","","","training","","","","","","",""
"null","null","html-keyboard-response","350","478475","0.0-15.0-0.19","6980c16f9985e39f6bcbbe3a","69de1b11a980ed2dab60a60c","69dfc595dab1511c600af1bf","<p style=""font-size: 60px; font-family: FragmentMono"">CVJTYFJ</p>","","","training","","","","","","",""
"null","null","html-keyboard-response","351","479490","0.0-15.0-0.20","6980c16f9985e39f6bcbbe3a","69de1b11a980ed2dab60a60c","69dfc595dab1511c600af1bf","<p style=""font-size: 60px; font-family: FragmentMono"">LQXIDGI</p>","","","training","","","","","","",""
"null","null","html-keyboard-response","352","480507","0.0-15.0-0.21","6980c16f9985e39f6bcbbe3a","69de1b11a980ed2dab60a60c","69dfc595dab1511c600af1bf","<p style=""font-size: 60px; font-family: FragmentMono"">SLHUOKBY</p>","","","training","","","","","","",""
"null","null","html-keyboard-response","353","481516","0.0-15.0-0.22","6980c16f9985e39f6bcbbe3a","69de1b11a980ed2dab60a60c","69dfc595dab1511c600af1bf","<p style=""font-size: 60px; font-family: FragmentMono"">FWTPNBVLT</p>","","","training","","","","","","",""
"null","null","html-keyboard-response","354","482519","0.0-15.0-0.23","6980c16f9985e39f6bcbbe3a","69de1b11a980ed2dab60a60c","69dfc595dab1511c600af1bf","<p style=""font-size: 60px; font-family: FragmentMono"">ZTKEHKBY</p>","","","training","","","","","","",""
"null","null","html-keyboard-response","355","483525","0.0-15.0-0.24","6980c16f9985e39f6bcbbe3a","69de1b11a980ed2dab60a60c","69dfc595dab1511c600af1bf","<p style=""font-size: 60px; font-family: FragmentMono"">SLHUOPMZ</p>","","","training","","","","","","",""
"null","null","html-keyboard-response","356","484536","0.0-15.0-0.25","6980c16f9985e39f6bcbbe3a","69de1b11a980ed2dab60a60c","69dfc595dab1511c600af1bf","<p style=""font-size: 60px; font-family: FragmentMono"">WFQNZBVLT</p>","","","training","","","","","","",""
"null","null","html-keyboard-response","357","485544","0.0-15.0-0.26","6980c16f9985e39f6bcbbe3a","69de1b11a980ed2dab60a60c","69dfc595dab1511c600af1bf","<p style=""font-size: 60px; font-family: FragmentMono"">LRYWAWSU</p>","","","training","","","","","","",""
"null","null","html-keyboard-response","358","486553","0.0-15.0-0.27","6980c16f9985e39f6bcbbe3a","69de1b11a980ed2dab60a60c","69dfc595dab1511c600af1bf","<p style=""font-size: 60px; font-family: FragmentMono"">KMSKSXD</p>","","","training","","","","","","",""
"null","null","html-keyboard-response","359","487562","0.0-15.0-0.28","6980c16f9985e39f6bcbbe3a","69de1b11a980ed2dab60a60c","69dfc595dab1511c600af1bf","<p style=""font-size: 60px; font-family: FragmentMono"">GQFHXVDIS</p>","","","training","","","","","","",""
"null","null","html-keyboard-response","360","488569","0.0-15.0-0.29","6980c16f9985e39f6bcbbe3a","69de1b11a980ed2dab60a60c","69dfc595dab1511c600af1bf","<p style=""font-size: 60px; font-family: FragmentMono"">WFQNZYFJ</p>","","","training","","","","","","",""
"null","null","html-keyboard-response","361","489578","0.0-15.0-0.30","6980c16f9985e39f6bcbbe3a","69de1b11a980ed2dab60a60c","69dfc595dab1511c600af1bf","<p style=""font-size: 60px; font-family: FragmentMono"">VPKWHSXD</p>","","","training","","","","","","",""
"null","null","html-keyboard-response","362","490588","0.0-15.0-0.31","6980c16f9985e39f6bcbbe3a","69de1b11a980ed2dab60a60c","69dfc595dab1511c600af1bf","<p style=""font-size: 60px; font-family: FragmentMono"">TPABLAWSU</p>","","","training","","","","","","",""
"null","null","html-keyboard-response","363","491605","0.0-15.0-0.32","6980c16f9985e39f6bcbbe3a","69de1b11a980ed2dab60a60c","69dfc595dab1511c600af1bf","<p style=""font-size: 60px; font-family: FragmentMono"">HTZXDPZKS</p>","","","training","","","","","","",""
"null","null","html-keyboard-response","364","492607","0.0-15.0-0.33","6980c16f9985e39f6bcbbe3a","69de1b11a980ed2dab60a60c","69dfc595dab1511c600af1bf","<p style=""font-size: 60px; font-family: FragmentMono"">XQTKWSXD</p>","","","training","","","","","","",""
"null","null","html-keyboard-response","365","493614","0.0-15.0-0.34","6980c16f9985e39f6bcbbe3a","69de1b11a980ed2dab60a60c","69dfc595dab1511c600af1bf","<p style=""font-size: 60px; font-family: FragmentMono"">BRSWXYFJ</p>","","","training","","","","","","",""
"null","null","html-keyboard-response","366","494623","0.0-15.0-0.35","6980c16f9985e39f6bcbbe3a","69de1b11a980ed2dab60a60c","69dfc595dab1511c600af1bf","<p style=""font-size: 60px; font-family: FragmentMono"">UBSUBHPZ</p>","","","training","","","","","","",""
"null","null","html-keyboard-response","367","495634","0.0-15.0-0.36","6980c16f9985e39f6bcbbe3a","69de1b11a980ed2dab60a60c","69dfc595dab1511c600af1bf","<p style=""font-size: 60px; font-family: FragmentMono"">KMSKYFJ</p>","","","training","","","","","","",""
"null","null","html-keyboard-response","368","496641","0.0-15.0-0.37","6980c16f9985e39f6bcbbe3a","69de1b11a980ed2dab60a60c","69dfc595dab1511c600af1bf","<p style=""font-size: 60px; font-family: FragmentMono"">LQXIKBY</p>","","","training","","","","","","",""
"null","null","html-keyboard-response","369","497651","0.0-15.0-0.38","6980c16f9985e39f6bcbbe3a","69de1b11a980ed2dab60a60c","69dfc595dab1511c600af1bf","<p style=""font-size: 60px; font-family: FragmentMono"">FWTPNPZKS</p>","","","training","","","","","","",""
"null","null","html-keyboard-response","370","498659","0.0-15.0-0.39","6980c16f9985e39f6bcbbe3a","69de1b11a980ed2dab60a60c","69dfc595dab1511c600af1bf","<p style=""font-size: 60px; font-family: FragmentMono"">KMSKBVLT</p>","","","training","","","","","","",""
"null","null","html-keyboard-response","371","499667","0.0-15.0-0.40","6980c16f9985e39f6bcbbe3a","69de1b11a980ed2dab60a60c","69dfc595dab1511c600af1bf","<p style=""font-size: 60px; font-family: FragmentMono"">JBNIBHPZ</p>","","","training","","","","","","",""
"null","null","html-keyboard-response","372","500683","0.0-15.0-0.41","6980c16f9985e39f6bcbbe3a","69de1b11a980ed2dab60a60c","69dfc595dab1511c600af1bf","<p style=""font-size: 60px; font-family: FragmentMono"">UBSUYFJ</p>","","","training","","","","","","",""
"null","null","html-keyboard-response","373","501685","0.0-15.0-0.42","6980c16f9985e39f6bcbbe3a","69de1b11a980ed2dab60a60c","69dfc595dab1511c600af1bf","<p style=""font-size: 60px; font-family: FragmentMono"">WFQNZPZKS</p>","","","training","","","","","","",""
"null","null","html-keyboard-response","374","502701","0.0-15.0-0.43","6980c16f9985e39f6bcbbe3a","69de1b11a980ed2dab60a60c","69dfc595dab1511c600af1bf","<p style=""font-size: 60px; font-family: FragmentMono"">HTZXDSXD</p>","","","training","","","","","","",""
"null","null","html-keyboard-response","375","503718","0.0-15.0-0.44","6980c16f9985e39f6bcbbe3a","69de1b11a980ed2dab60a60c","69dfc595dab1511c600af1bf","<p style=""font-size: 60px; font-family: FragmentMono"">ZTKEHAWSU</p>","","","training","","","","","","",""
"null","null","html-keyboard-response","376","504735","0.0-15.0-0.45","6980c16f9985e39f6bcbbe3a","69de1b11a980ed2dab60a60c","69dfc595dab1511c600af1bf","<p style=""font-size: 60px; font-family: FragmentMono"">DHNYKBY</p>","","","training","","","","","","",""
"null","null","html-keyboard-response","377","505752","0.0-15.0-0.46","6980c16f9985e39f6bcbbe3a","69de1b11a980ed2dab60a60c","69dfc595dab1511c600af1bf","<p style=""font-size: 60px; font-family: FragmentMono"">XQTKWBVLT</p>","","","training","","","","","","",""
"null","null","html-keyboard-response","378","506770","0.0-15.0-0.47","6980c16f9985e39f6bcbbe3a","69de1b11a980ed2dab60a60c","69dfc595dab1511c600af1bf","<p style=""font-size: 60px; font-family: FragmentMono"">ZTKEHVDIS</p>","","","training","","","","","","",""
"null","null","html-keyboard-response","379","507772","0.0-15.0-0.48","6980c16f9985e39f6bcbbe3a","69de1b11a980ed2dab60a60c","69dfc595dab1511c600af1bf","<p style=""font-size: 60px; font-family: FragmentMono"">SLHUODGI</p>","","","training","","","","","","",""
"null","null","html-keyboard-response","380","508788","0.0-15.0-0.49","6980c16f9985e39f6bcbbe3a","69de1b11a980ed2dab60a60c","69dfc595dab1511c600af1bf","<p style=""font-size: 60px; font-family: FragmentMono"">BRSWXPZKS</p>","","","training","","","","","","",""
"null","null","html-keyboard-response","381","509796","0.0-15.0-0.50","6980c16f9985e39f6bcbbe3a","69de1b11a980ed2dab60a60c","69dfc595dab1511c600af1bf","<p style=""font-size: 60px; font-family: FragmentMono"">UABSDGI</p>","","","training","","","","","","",""
"null","null","html-keyboard-response","382","510812","0.0-15.0-0.51","6980c16f9985e39f6bcbbe3a","69de1b11a980ed2dab60a60c","69dfc595dab1511c600af1bf","<p style=""font-size: 60px; font-family: FragmentMono"">LRYWPMZ</p>","","","training","","","","","","",""
"null","null","html-keyboard-response","383","511823","0.0-15.0-0.52","6980c16f9985e39f6bcbbe3a","69de1b11a980ed2dab60a60c","69dfc595dab1511c600af1bf","<p style=""font-size: 60px; font-family: FragmentMono"">UBSUSXD</p>","","","training","","","","","","",""
"null","null","html-keyboard-response","384","512832","0.0-15.0-0.53","6980c16f9985e39f6bcbbe3a","69de1b11a980ed2dab60a60c","69dfc595dab1511c600af1bf","<p style=""font-size: 60px; font-family: FragmentMono"">WFQNZBHPZ</p>","","","training","","","","","","",""
"null","null","html-keyboard-response","385","513842","0.0-15.0-0.54","6980c16f9985e39f6bcbbe3a","69de1b11a980ed2dab60a60c","69dfc595dab1511c600af1bf","<p style=""font-size: 60px; font-family: FragmentMono"">GQFHXPMZ</p>","","","training","","","","","","",""
"null","null","html-keyboard-response","386","514849","0.0-15.0-0.55","6980c16f9985e39f6bcbbe3a","69de1b11a980ed2dab60a60c","69dfc595dab1511c600af1bf","<p style=""font-size: 60px; font-family: FragmentMono"">ZTKEHDGI</p>","","","training","","","","","","",""
"null","null","html-keyboard-response","387","515858","0.0-15.0-0.56","6980c16f9985e39f6bcbbe3a","69de1b11a980ed2dab60a60c","69dfc595dab1511c600af1bf","<p style=""font-size: 60px; font-family: FragmentMono"">HTZXDBVLT</p>","","","training","","","","","","",""
"null","null","html-keyboard-response","388","516874","0.0-15.0-0.57","6980c16f9985e39f6bcbbe3a","69de1b11a980ed2dab60a60c","69dfc595dab1511c600af1bf","<p style=""font-size: 60px; font-family: FragmentMono"">XQTKWPZKS</p>","","","training","","","","","","",""
"null","null","html-keyboard-response","389","517876","0.0-15.0-0.58","6980c16f9985e39f6bcbbe3a","69de1b11a980ed2dab60a60c","69dfc595dab1511c600af1bf","<p style=""font-size: 60px; font-family: FragmentMono"">LRYWDGI</p>","","","training","","","","","","",""
"null","null","html-keyboard-response","390","518891","0.0-15.0-0.59","6980c16f9985e39f6bcbbe3a","69de1b11a980ed2dab60a60c","69dfc595dab1511c600af1bf","<p style=""font-size: 60px; font-family: FragmentMono"">BRSWXSXD</p>","","","training","","","","","","",""
"null","null","html-keyboard-response","391","519901","0.0-15.0-0.60","6980c16f9985e39f6bcbbe3a","69de1b11a980ed2dab60a60c","69dfc595dab1511c600af1bf","<p style=""font-size: 60px; font-family: FragmentMono"">MGALPMZ</p>","","","training","","","","","","",""
"null","null","html-keyboard-response","392","520911","0.0-15.0-0.61","6980c16f9985e39f6bcbbe3a","69de1b11a980ed2dab60a60c","69dfc595dab1511c600af1bf","<p style=""font-size: 60px; font-family: FragmentMono"">DHNYDGI</p>","","","training","","","","","","",""
"null","null","html-keyboard-response","393","521919","0.0-15.0-0.62","6980c16f9985e39f6bcbbe3a","69de1b11a980ed2dab60a60c","69dfc595dab1511c600af1bf","<p style=""font-size: 60px; font-family: FragmentMono"">MGALKBY</p>","","","training","","","","","","",""
"null","null","html-keyboard-response","394","522921","0.0-15.0-0.63","6980c16f9985e39f6bcbbe3a","69de1b11a980ed2dab60a60c","69dfc595dab1511c600af1bf","<p style=""font-size: 60px; font-family: FragmentMono"">UXWLPMZ</p>","","","training","","","","","","",""
"null","null","html-keyboard-response","395","523936","0.0-15.0-0.64","6980c16f9985e39f6bcbbe3a","69de1b11a980ed2dab60a60c","69dfc595dab1511c600af1bf","<p style=""font-size: 60px; font-family: FragmentMono"">JBNIPZKS</p>","","","training","","","","","","",""
"null","null","html-keyboard-response","396","524939","0.0-15.0-0.65","6980c16f9985e39f6bcbbe3a","69de1b11a980ed2dab60a60c","69dfc595dab1511c600af1bf","<p style=""font-size: 60px; font-family: FragmentMono"">UXWLVDIS</p>","","","training","","","","","","",""
"null","null","html-keyboard-response","397","525946","0.0-15.0-0.66","6980c16f9985e39f6bcbbe3a","69de1b11a980ed2dab60a60c","69dfc595dab1511c600af1bf","<p style=""font-size: 60px; font-family: FragmentMono"">KMSKBHPZ</p>","","","training","","","","","","",""
"null","null","html-keyboard-response","398","526962","0.0-15.0-0.67","6980c16f9985e39f6bcbbe3a","69de1b11a980ed2dab60a60c","69dfc595dab1511c600af1bf","<p style=""font-size: 60px; font-family: FragmentMono"">VPKWHPZKS</p>","","","training","","","","","","",""
"null","null","html-keyboard-response","399","527979","0.0-15.0-0.68","6980c16f9985e39f6bcbbe3a","69de1b11a980ed2dab60a60c","69dfc595dab1511c600af1bf","<p style=""font-size: 60px; font-family: FragmentMono"">JBNIBVLT</p>","","","training","","","","","","",""
"null","null","html-keyboard-response","400","528981","0.0-15.0-0.69","6980c16f9985e39f6bcbbe3a","69de1b11a980ed2dab60a60c","69dfc595dab1511c600af1bf","<p style=""font-size: 60px; font-family: FragmentMono"">TPABLVDIS</p>","","","training","","","","","","",""
"null","null","html-keyboard-response","401","529997","0.0-15.0-0.70","6980c16f9985e39f6bcbbe3a","69de1b11a980ed2dab60a60c","69dfc595dab1511c600af1bf","<p style=""font-size: 60px; font-family: FragmentMono"">LRYWKBY</p>","","","training","","","","","","",""
"null","null","html-keyboard-response","402","531006","0.0-15.0-0.71","6980c16f9985e39f6bcbbe3a","69de1b11a980ed2dab60a60c","69dfc595dab1511c600af1bf","<p style=""font-size: 60px; font-family: FragmentMono"">JBNIYFJ</p>","","","training","","","","","","",""
"null","null","html-keyboard-response","403","532008","0.0-15.0-0.72","6980c16f9985e39f6bcbbe3a","69de1b11a980ed2dab60a60c","69dfc595dab1511c600af1bf","<p style=""font-size: 60px; font-family: FragmentMono"">FWTPNBHPZ</p>","","","training","","","","","","",""
"null","null","html-keyboard-response","404","533016","0.0-15.0-0.73","6980c16f9985e39f6bcbbe3a","69de1b11a980ed2dab60a60c","69dfc595dab1511c600af1bf","<p style=""font-size: 60px; font-family: FragmentMono"">CVJTSXD</p>","","","training","","","","","","",""
"null","null","html-keyboard-response","405","534031","0.0-15.0-0.74","6980c16f9985e39f6bcbbe3a","69de1b11a980ed2dab60a60c","69dfc595dab1511c600af1bf","<p style=""font-size: 60px; font-family: FragmentMono"">VPKWHBVLT</p>","","","training","","","","","","",""
"null","null","html-keyboard-response","406","535042","0.0-15.0-0.75","6980c16f9985e39f6bcbbe3a","69de1b11a980ed2dab60a60c","69dfc595dab1511c600af1bf","<p style=""font-size: 60px; font-family: FragmentMono"">DHNYVDIS</p>","","","training","","","","","","",""
"null","null","html-keyboard-response","407","536058","0.0-15.0-0.76","6980c16f9985e39f6bcbbe3a","69de1b11a980ed2dab60a60c","69dfc595dab1511c600af1bf","<p style=""font-size: 60px; font-family: FragmentMono"">CVJTBVLT</p>","","","training","","","","","","",""
"null","null","html-keyboard-response","408","537075","0.0-15.0-0.77","6980c16f9985e39f6bcbbe3a","69de1b11a980ed2dab60a60c","69dfc595dab1511c600af1bf","<p style=""font-size: 60px; font-family: FragmentMono"">MGALVDIS</p>","","","training","","","","","","",""
"null","null","html-keyboard-response","409","538091","0.0-15.0-0.78","6980c16f9985e39f6bcbbe3a","69de1b11a980ed2dab60a60c","69dfc595dab1511c600af1bf","<p style=""font-size: 60px; font-family: FragmentMono"">BRSWXBHPZ</p>","","","training","","","","","","",""
"null","null","html-keyboard-response","410","539100","0.0-15.0-0.79","6980c16f9985e39f6bcbbe3a","69de1b11a980ed2dab60a60c","69dfc595dab1511c600af1bf","<p style=""font-size: 60px; font-family: FragmentMono"">UABSVDIS</p>","","","training","","","","","","",""
"3636"," ","html-keyboard-response","411","542737","0.0-16.0","6980c16f9985e39f6bcbbe3a","69de1b11a980ed2dab60a60c","69dfc595dab1511c600af1bf","<p style=""font-size: 30px"">Great, you've seen the fifth block of words. You may now take a short break.</p>
      <p style=""font-size: 30px"">Press the spacebar when you're ready to continue.</p>","","","","","","","","","",""
"null","null","html-keyboard-response","412","543753","0.0-17.0-0.0","6980c16f9985e39f6bcbbe3a","69de1b11a980ed2dab60a60c","69dfc595dab1511c600af1bf","<p style=""font-size: 60px; font-family: FragmentMono"">UBSUBHPZ</p>","","","training","","","","","","",""
"null","null","html-keyboard-response","413","544762","0.0-17.0-0.1","6980c16f9985e39f6bcbbe3a","69de1b11a980ed2dab60a60c","69dfc595dab1511c600af1bf","<p style=""font-size: 60px; font-family: FragmentMono"">DHNYKBY</p>","","","training","","","","","","",""
"null","null","html-keyboard-response","414","545780","0.0-17.0-0.2","6980c16f9985e39f6bcbbe3a","69de1b11a980ed2dab60a60c","69dfc595dab1511c600af1bf","<p style=""font-size: 60px; font-family: FragmentMono"">JBNIYFJ</p>","","","training","","","","","","",""
"null","null","html-keyboard-response","415","546782","0.0-17.0-0.3","6980c16f9985e39f6bcbbe3a","69de1b11a980ed2dab60a60c","69dfc595dab1511c600af1bf","<p style=""font-size: 60px; font-family: FragmentMono"">BRSWXBHPZ</p>","","","training","","","","","","",""
"null","null","html-keyboard-response","416","547790","0.0-17.0-0.4","6980c16f9985e39f6bcbbe3a","69de1b11a980ed2dab60a60c","69dfc595dab1511c600af1bf","<p style=""font-size: 60px; font-family: FragmentMono"">UABSPMZ</p>","","","training","","","","","","",""
"null","null","html-keyboard-response","417","548806","0.0-17.0-0.5","6980c16f9985e39f6bcbbe3a","69de1b11a980ed2dab60a60c","69dfc595dab1511c600af1bf","<p style=""font-size: 60px; font-family: FragmentMono"">LQXIKBY</p>","","","training","","","","","","",""
"null","null","html-keyboard-response","418","549814","0.0-17.0-0.6","6980c16f9985e39f6bcbbe3a","69de1b11a980ed2dab60a60c","69dfc595dab1511c600af1bf","<p style=""font-size: 60px; font-family: FragmentMono"">ZTKEHDGI</p>","","","training","","","","","","",""
"null","null","html-keyboard-response","419","550823","0.0-17.0-0.7","6980c16f9985e39f6bcbbe3a","69de1b11a980ed2dab60a60c","69dfc595dab1511c600af1bf","<p style=""font-size: 60px; font-family: FragmentMono"">XQTKWPZKS</p>","","","training","","","","","","",""
"null","null","html-keyboard-response","420","551840","0.0-17.0-0.8","6980c16f9985e39f6bcbbe3a","69de1b11a980ed2dab60a60c","69dfc595dab1511c600af1bf","<p style=""font-size: 60px; font-family: FragmentMono"">GQFHXPMZ</p>","","","training","","","","","","",""
"null","null","html-keyboard-response","421","552857","0.0-17.0-0.9","6980c16f9985e39f6bcbbe3a","69de1b11a980ed2dab60a60c","69dfc595dab1511c600af1bf","<p style=""font-size: 60px; font-family: FragmentMono"">TPABLKBY</p>","","","training","","","","","","",""
"null","null","html-keyboard-response","422","553865","0.0-17.0-0.10","6980c16f9985e39f6bcbbe3a","69de1b11a980ed2dab60a60c","69dfc595dab1511c600af1bf","<p style=""font-size: 60px; font-family: FragmentMono"">VPKWHBHPZ</p>","","","training","","","","","","",""
"null","null","html-keyboard-response","423","554868","0.0-17.0-0.11","6980c16f9985e39f6bcbbe3a","69de1b11a980ed2dab60a60c","69dfc595dab1511c600af1bf","<p style=""font-size: 60px; font-family: FragmentMono"">LRYWAWSU</p>","","","training","","","","","","",""
"null","null","html-keyboard-response","424","555884","0.0-17.0-0.12","6980c16f9985e39f6bcbbe3a","69de1b11a980ed2dab60a60c","69dfc595dab1511c600af1bf","<p style=""font-size: 60px; font-family: FragmentMono"">BRSWXSXD</p>","","","training","","","","","","",""
"null","null","html-keyboard-response","425","556893","0.0-17.0-0.13","6980c16f9985e39f6bcbbe3a","69de1b11a980ed2dab60a60c","69dfc595dab1511c600af1bf","<p style=""font-size: 60px; font-family: FragmentMono"">DHNYAWSU</p>","","","training","","","","","","",""
"null","null","html-keyboard-response","426","557902","0.0-17.0-0.14","6980c16f9985e39f6bcbbe3a","69de1b11a980ed2dab60a60c","69dfc595dab1511c600af1bf","<p style=""font-size: 60px; font-family: FragmentMono"">MGALPMZ</p>","","","training","","","","","","",""
"null","null","html-keyboard-response","427","558911","0.0-17.0-0.15","6980c16f9985e39f6bcbbe3a","69de1b11a980ed2dab60a60c","69dfc595dab1511c600af1bf","<p style=""font-size: 60px; font-family: FragmentMono"">FWTPNSXD</p>","","","training","","","","","","",""
"null","null","html-keyboard-response","428","559927","0.0-17.0-0.16","6980c16f9985e39f6bcbbe3a","69de1b11a980ed2dab60a60c","69dfc595dab1511c600af1bf","<p style=""font-size: 60px; font-family: FragmentMono"">CVJTBVLT</p>","","","training","","","","","","",""
"null","null","html-keyboard-response","429","560936","0.0-17.0-0.17","6980c16f9985e39f6bcbbe3a","69de1b11a980ed2dab60a60c","69dfc595dab1511c600af1bf","<p style=""font-size: 60px; font-family: FragmentMono"">JBNIPZKS</p>","","","training","","","","","","",""
"null","null","html-keyboard-response","430","561946","0.0-17.0-0.18","6980c16f9985e39f6bcbbe3a","69de1b11a980ed2dab60a60c","69dfc595dab1511c600af1bf","<p style=""font-size: 60px; font-family: FragmentMono"">UXWLVDIS</p>","","","training","","","","","","",""
"null","null","html-keyboard-response","431","562954","0.0-17.0-0.19","6980c16f9985e39f6bcbbe3a","69de1b11a980ed2dab60a60c","69dfc595dab1511c600af1bf","<p style=""font-size: 60px; font-family: FragmentMono"">SLHUOKBY</p>","","","training","","","","","","",""
"null","null","html-keyboard-response","432","563963","0.0-17.0-0.20","6980c16f9985e39f6bcbbe3a","69de1b11a980ed2dab60a60c","69dfc595dab1511c600af1bf","<p style=""font-size: 60px; font-family: FragmentMono"">WFQNZBVLT</p>","","","training","","","","","","",""
"null","null","html-keyboard-response","433","564971","0.0-17.0-0.21","6980c16f9985e39f6bcbbe3a","69de1b11a980ed2dab60a60c","69dfc595dab1511c600af1bf","<p style=""font-size: 60px; font-family: FragmentMono"">CVJTBHPZ</p>","","","training","","","","","","",""
"null","null","html-keyboard-response","434","565981","0.0-17.0-0.22","6980c16f9985e39f6bcbbe3a","69de1b11a980ed2dab60a60c","69dfc595dab1511c600af1bf","<p style=""font-size: 60px; font-family: FragmentMono"">LRYWPMZ</p>","","","training","","","","","","",""
"null","null","html-keyboard-response","435","566997","0.0-17.0-0.23","6980c16f9985e39f6bcbbe3a","69de1b11a980ed2dab60a60c","69dfc595dab1511c600af1bf","<p style=""font-size: 60px; font-family: FragmentMono"">VPKWHSXD</p>","","","training","","","","","","",""
"null","null","html-keyboard-response","436","568005","0.0-17.0-0.24","6980c16f9985e39f6bcbbe3a","69de1b11a980ed2dab60a60c","69dfc595dab1511c600af1bf","<p style=""font-size: 60px; font-family: FragmentMono"">UBSUPZKS</p>","","","training","","","","","","",""
"null","null","html-keyboard-response","437","569017","0.0-17.0-0.25","6980c16f9985e39f6bcbbe3a","69de1b11a980ed2dab60a60c","69dfc595dab1511c600af1bf","<p style=""font-size: 60px; font-family: FragmentMono"">UXWLPMZ</p>","","","training","","","","","","",""
"null","null","html-keyboard-response","438","570026","0.0-17.0-0.26","6980c16f9985e39f6bcbbe3a","69de1b11a980ed2dab60a60c","69dfc595dab1511c600af1bf","<p style=""font-size: 60px; font-family: FragmentMono"">XQTKWYFJ</p>","","","training","","","","","","",""
"null","null","html-keyboard-response","439","571042","0.0-17.0-0.27","6980c16f9985e39f6bcbbe3a","69de1b11a980ed2dab60a60c","69dfc595dab1511c600af1bf","<p style=""font-size: 60px; font-family: FragmentMono"">FWTPNPZKS</p>","","","training","","","","","","",""
"null","null","html-keyboard-response","440","572059","0.0-17.0-0.28","6980c16f9985e39f6bcbbe3a","69de1b11a980ed2dab60a60c","69dfc595dab1511c600af1bf","<p style=""font-size: 60px; font-family: FragmentMono"">HTZXDYFJ</p>","","","training","","","","","","",""
"null","null","html-keyboard-response","441","573076","0.0-17.0-0.29","6980c16f9985e39f6bcbbe3a","69de1b11a980ed2dab60a60c","69dfc595dab1511c600af1bf","<p style=""font-size: 60px; font-family: FragmentMono"">LQXIAWSU</p>","","","training","","","","","","",""
"null","null","html-keyboard-response","442","574093","0.0-17.0-0.30","6980c16f9985e39f6bcbbe3a","69de1b11a980ed2dab60a60c","69dfc595dab1511c600af1bf","<p style=""font-size: 60px; font-family: FragmentMono"">VPKWHBVLT</p>","","","training","","","","","","",""
"null","null","html-keyboard-response","443","575102","0.0-17.0-0.31","6980c16f9985e39f6bcbbe3a","69de1b11a980ed2dab60a60c","69dfc595dab1511c600af1bf","<p style=""font-size: 60px; font-family: FragmentMono"">MGALKBY</p>","","","training","","","","","","",""
"null","null","html-keyboard-response","444","576119","0.0-17.0-0.32","6980c16f9985e39f6bcbbe3a","69de1b11a980ed2dab60a60c","69dfc595dab1511c600af1bf","<p style=""font-size: 60px; font-family: FragmentMono"">VPKWHPZKS</p>","","","training","","","","","","",""
"null","null","html-keyboard-response","445","577135","0.0-17.0-0.33","6980c16f9985e39f6bcbbe3a","69de1b11a980ed2dab60a60c","69dfc595dab1511c600af1bf","<p style=""font-size: 60px; font-family: FragmentMono"">GQFHXDGI</p>","","","training","","","","","","",""
"null","null","html-keyboard-response","446","578144","0.0-17.0-0.34","6980c16f9985e39f6bcbbe3a","69de1b11a980ed2dab60a60c","69dfc595dab1511c600af1bf","<p style=""font-size: 60px; font-family: FragmentMono"">HTZXDSXD</p>","","","training","","","","","","",""
"null","null","html-keyboard-response","447","579154","0.0-17.0-0.35","6980c16f9985e39f6bcbbe3a","69de1b11a980ed2dab60a60c","69dfc595dab1511c600af1bf","<p style=""font-size: 60px; font-family: FragmentMono"">JBNIBVLT</p>","","","training","","","","","","",""
"null","null","html-keyboard-response","448","580164","0.0-17.0-0.36","6980c16f9985e39f6bcbbe3a","69de1b11a980ed2dab60a60c","69dfc595dab1511c600af1bf","<p style=""font-size: 60px; font-family: FragmentMono"">LQXIDGI</p>","","","training","","","","","","",""
"null","null","html-keyboard-response","449","581171","0.0-17.0-0.37","6980c16f9985e39f6bcbbe3a","69de1b11a980ed2dab60a60c","69dfc595dab1511c600af1bf","<p style=""font-size: 60px; font-family: FragmentMono"">UABSVDIS</p>","","","training","","","","","","",""
"null","null","html-keyboard-response","450","582172","0.0-17.0-0.38","6980c16f9985e39f6bcbbe3a","69de1b11a980ed2dab60a60c","69dfc595dab1511c600af1bf","<p style=""font-size: 60px; font-family: FragmentMono"">LRYWDGI</p>","","","training","","","","","","",""
"null","null","html-keyboard-response","451","583188","0.0-17.0-0.39","6980c16f9985e39f6bcbbe3a","69de1b11a980ed2dab60a60c","69dfc595dab1511c600af1bf","<p style=""font-size: 60px; font-family: FragmentMono"">SLHUOPMZ</p>","","","training","","","","","","",""
"null","null","html-keyboard-response","452","584190","0.0-17.0-0.40","6980c16f9985e39f6bcbbe3a","69de1b11a980ed2dab60a60c","69dfc595dab1511c600af1bf","<p style=""font-size: 60px; font-family: FragmentMono"">BRSWXPZKS</p>","","","training","","","","","","",""
"null","null","html-keyboard-response","453","585198","0.0-17.0-0.41","6980c16f9985e39f6bcbbe3a","69de1b11a980ed2dab60a60c","69dfc595dab1511c600af1bf","<p style=""font-size: 60px; font-family: FragmentMono"">MGALAWSU</p>","","","training","","","","","","",""
"null","null","html-keyboard-response","454","586208","0.0-17.0-0.42","6980c16f9985e39f6bcbbe3a","69de1b11a980ed2dab60a60c","69dfc595dab1511c600af1bf","<p style=""font-size: 60px; font-family: FragmentMono"">KMSKBHPZ</p>","","","training","","","","","","",""
"null","null","html-keyboard-response","455","587223","0.0-17.0-0.43","6980c16f9985e39f6bcbbe3a","69de1b11a980ed2dab60a60c","69dfc595dab1511c600af1bf","<p style=""font-size: 60px; font-family: FragmentMono"">GQFHXKBY</p>","","","training","","","","","","",""
"null","null","html-keyboard-response","456","588239","0.0-17.0-0.44","6980c16f9985e39f6bcbbe3a","69de1b11a980ed2dab60a60c","69dfc595dab1511c600af1bf","<p style=""font-size: 60px; font-family: FragmentMono"">UABSDGI</p>","","","training","","","","","","",""
"null","null","html-keyboard-response","457","589249","0.0-17.0-0.45","6980c16f9985e39f6bcbbe3a","69de1b11a980ed2dab60a60c","69dfc595dab1511c600af1bf","<p style=""font-size: 60px; font-family: FragmentMono"">WFQNZBHPZ</p>","","","training","","","","","","",""
"null","null","html-keyboard-response","458","590259","0.0-17.0-0.46","6980c16f9985e39f6bcbbe3a","69de1b11a980ed2dab60a60c","69dfc595dab1511c600af1bf","<p style=""font-size: 60px; font-family: FragmentMono"">FWTPNBVLT</p>","","","training","","","","","","",""
"null","null","html-keyboard-response","459","591267","0.0-17.0-0.47","6980c16f9985e39f6bcbbe3a","69de1b11a980ed2dab60a60c","69dfc595dab1511c600af1bf","<p style=""font-size: 60px; font-family: FragmentMono"">KMSKSXD</p>","","","training","","","","","","",""
"null","null","html-keyboard-response","460","592277","0.0-17.0-0.48","6980c16f9985e39f6bcbbe3a","69de1b11a980ed2dab60a60c","69dfc595dab1511c600af1bf","<p style=""font-size: 60px; font-family: FragmentMono"">UABSAWSU</p>","","","training","","","","","","",""
"null","null","html-keyboard-response","461","593292","0.0-17.0-0.49","6980c16f9985e39f6bcbbe3a","69de1b11a980ed2dab60a60c","69dfc595dab1511c600af1bf","<p style=""font-size: 60px; font-family: FragmentMono"">FWTPNBHPZ</p>","","","training","","","","","","",""
"null","null","html-keyboard-response","462","594293","0.0-17.0-0.50","6980c16f9985e39f6bcbbe3a","69de1b11a980ed2dab60a60c","69dfc595dab1511c600af1bf","<p style=""font-size: 60px; font-family: FragmentMono"">HTZXDBVLT</p>","","","training","","","","","","",""
"null","null","html-keyboard-response","463","595295","0.0-17.0-0.51","6980c16f9985e39f6bcbbe3a","69de1b11a980ed2dab60a60c","69dfc595dab1511c600af1bf","<p style=""font-size: 60px; font-family: FragmentMono"">WFQNZPZKS</p>","","","training","","","","","","",""
"null","null","html-keyboard-response","464","596311","0.0-17.0-0.52","6980c16f9985e39f6bcbbe3a","69de1b11a980ed2dab60a60c","69dfc595dab1511c600af1bf","<p style=""font-size: 60px; font-family: FragmentMono"">ZTKEHKBY</p>","","","training","","","","","","",""
"null","null","html-keyboard-response","465","597312","0.0-17.0-0.53","6980c16f9985e39f6bcbbe3a","69de1b11a980ed2dab60a60c","69dfc595dab1511c600af1bf","<p style=""font-size: 60px; font-family: FragmentMono"">SLHUODGI</p>","","","training","","","","","","",""
"null","null","html-keyboard-response","466","598320","0.0-17.0-0.54","6980c16f9985e39f6bcbbe3a","69de1b11a980ed2dab60a60c","69dfc595dab1511c600af1bf","<p style=""font-size: 60px; font-family: FragmentMono"">TPABLPMZ</p>","","","training","","","","","","",""
"null","null","html-keyboard-response","467","599329","0.0-17.0-0.55","6980c16f9985e39f6bcbbe3a","69de1b11a980ed2dab60a60c","69dfc595dab1511c600af1bf","<p style=""font-size: 60px; font-family: FragmentMono"">GQFHXVDIS</p>","","","training","","","","","","",""
"null","null","html-keyboard-response","468","600346","0.0-17.0-0.56","6980c16f9985e39f6bcbbe3a","69de1b11a980ed2dab60a60c","69dfc595dab1511c600af1bf","<p style=""font-size: 60px; font-family: FragmentMono"">CVJTSXD</p>","","","training","","","","","","",""
"null","null","html-keyboard-response","469","601354","0.0-17.0-0.57","6980c16f9985e39f6bcbbe3a","69de1b11a980ed2dab60a60c","69dfc595dab1511c600af1bf","<p style=""font-size: 60px; font-family: FragmentMono"">XQTKWBVLT</p>","","","training","","","","","","",""
"null","null","html-keyboard-response","470","602364","0.0-17.0-0.58","6980c16f9985e39f6bcbbe3a","69de1b11a980ed2dab60a60c","69dfc595dab1511c600af1bf","<p style=""font-size: 60px; font-family: FragmentMono"">TPABLAWSU</p>","","","training","","","","","","",""
"null","null","html-keyboard-response","471","603372","0.0-17.0-0.59","6980c16f9985e39f6bcbbe3a","69de1b11a980ed2dab60a60c","69dfc595dab1511c600af1bf","<p style=""font-size: 60px; font-family: FragmentMono"">UXWLDGI</p>","","","training","","","","","","",""
"null","null","html-keyboard-response","472","604374","0.0-17.0-0.60","6980c16f9985e39f6bcbbe3a","69de1b11a980ed2dab60a60c","69dfc595dab1511c600af1bf","<p style=""font-size: 60px; font-family: FragmentMono"">ZTKEHAWSU</p>","","","training","","","","","","",""
"null","null","html-keyboard-response","473","605391","0.0-17.0-0.61","6980c16f9985e39f6bcbbe3a","69de1b11a980ed2dab60a60c","69dfc595dab1511c600af1bf","<p style=""font-size: 60px; font-family: FragmentMono"">TPABLVDIS</p>","","","training","","","","","","",""
"null","null","html-keyboard-response","474","606392","0.0-17.0-0.62","6980c16f9985e39f6bcbbe3a","69de1b11a980ed2dab60a60c","69dfc595dab1511c600af1bf","<p style=""font-size: 60px; font-family: FragmentMono"">UXWLAWSU</p>","","","training","","","","","","",""
"null","null","html-keyboard-response","475","607408","0.0-17.0-0.63","6980c16f9985e39f6bcbbe3a","69de1b11a980ed2dab60a60c","69dfc595dab1511c600af1bf","<p style=""font-size: 60px; font-family: FragmentMono"">LRYWKBY</p>","","","training","","","","","","",""
"null","null","html-keyboard-response","476","608425","0.0-17.0-0.64","6980c16f9985e39f6bcbbe3a","69de1b11a980ed2dab60a60c","69dfc595dab1511c600af1bf","<p style=""font-size: 60px; font-family: FragmentMono"">KMSKBVLT</p>","","","training","","","","","","",""
"null","null","html-keyboard-response","477","609442","0.0-17.0-0.65","6980c16f9985e39f6bcbbe3a","69de1b11a980ed2dab60a60c","69dfc595dab1511c600af1bf","<p style=""font-size: 60px; font-family: FragmentMono"">ZTKEHVDIS</p>","","","training","","","","","","",""
"null","null","html-keyboard-response","478","610452","0.0-17.0-0.66","6980c16f9985e39f6bcbbe3a","69de1b11a980ed2dab60a60c","69dfc595dab1511c600af1bf","<p style=""font-size: 60px; font-family: FragmentMono"">CVJTYFJ</p>","","","training","","","","","","",""
"null","null","html-keyboard-response","479","611467","0.0-17.0-0.67","6980c16f9985e39f6bcbbe3a","69de1b11a980ed2dab60a60c","69dfc595dab1511c600af1bf","<p style=""font-size: 60px; font-family: FragmentMono"">DHNYDGI</p>","","","training","","","","","","",""
"null","null","html-keyboard-response","480","612483","0.0-17.0-0.68","6980c16f9985e39f6bcbbe3a","69de1b11a980ed2dab60a60c","69dfc595dab1511c600af1bf","<p style=""font-size: 60px; font-family: FragmentMono"">UBSUSXD</p>","","","training","","","","","","",""
"null","null","html-keyboard-response","481","613495","0.0-17.0-0.69","6980c16f9985e39f6bcbbe3a","69de1b11a980ed2dab60a60c","69dfc595dab1511c600af1bf","<p style=""font-size: 60px; font-family: FragmentMono"">MGALVDIS</p>","","","training","","","","","","",""
"null","null","html-keyboard-response","482","614511","0.0-17.0-0.70","6980c16f9985e39f6bcbbe3a","69de1b11a980ed2dab60a60c","69dfc595dab1511c600af1bf","<p style=""font-size: 60px; font-family: FragmentMono"">JBNIBHPZ</p>","","","training","","","","","","",""
"null","null","html-keyboard-response","483","615521","0.0-17.0-0.71","6980c16f9985e39f6bcbbe3a","69de1b11a980ed2dab60a60c","69dfc595dab1511c600af1bf","<p style=""font-size: 60px; font-family: FragmentMono"">UBSUYFJ</p>","","","training","","","","","","",""
"null","null","html-keyboard-response","484","616522","0.0-17.0-0.72","6980c16f9985e39f6bcbbe3a","69de1b11a980ed2dab60a60c","69dfc595dab1511c600af1bf","<p style=""font-size: 60px; font-family: FragmentMono"">SLHUOVDIS</p>","","","training","","","","","","",""
"null","null","html-keyboard-response","485","617529","0.0-17.0-0.73","6980c16f9985e39f6bcbbe3a","69de1b11a980ed2dab60a60c","69dfc595dab1511c600af1bf","<p style=""font-size: 60px; font-family: FragmentMono"">KMSKYFJ</p>","","","training","","","","","","",""
"null","null","html-keyboard-response","486","618546","0.0-17.0-0.74","6980c16f9985e39f6bcbbe3a","69de1b11a980ed2dab60a60c","69dfc595dab1511c600af1bf","<p style=""font-size: 60px; font-family: FragmentMono"">DHNYVDIS</p>","","","training","","","","","","",""
"null","null","html-keyboard-response","487","619555","0.0-17.0-0.75","6980c16f9985e39f6bcbbe3a","69de1b11a980ed2dab60a60c","69dfc595dab1511c600af1bf","<p style=""font-size: 60px; font-family: FragmentMono"">HTZXDPZKS</p>","","","training","","","","","","",""
"null","null","html-keyboard-response","488","620572","0.0-17.0-0.76","6980c16f9985e39f6bcbbe3a","69de1b11a980ed2dab60a60c","69dfc595dab1511c600af1bf","<p style=""font-size: 60px; font-family: FragmentMono"">WFQNZYFJ</p>","","","training","","","","","","",""
"null","null","html-keyboard-response","489","621573","0.0-17.0-0.77","6980c16f9985e39f6bcbbe3a","69de1b11a980ed2dab60a60c","69dfc595dab1511c600af1bf","<p style=""font-size: 60px; font-family: FragmentMono"">LQXIPMZ</p>","","","training","","","","","","",""
"null","null","html-keyboard-response","490","622589","0.0-17.0-0.78","6980c16f9985e39f6bcbbe3a","69de1b11a980ed2dab60a60c","69dfc595dab1511c600af1bf","<p style=""font-size: 60px; font-family: FragmentMono"">XQTKWSXD</p>","","","training","","","","","","",""
"null","null","html-keyboard-response","491","623598","0.0-17.0-0.79","6980c16f9985e39f6bcbbe3a","69de1b11a980ed2dab60a60c","69dfc595dab1511c600af1bf","<p style=""font-size: 60px; font-family: FragmentMono"">BRSWXYFJ</p>","","","training","","","","","","",""
"2513"," ","html-keyboard-response","492","626112","0.0-18.0","6980c16f9985e39f6bcbbe3a","69de1b11a980ed2dab60a60c","69dfc595dab1511c600af1bf","<p style=""font-size: 30px"">Great, you've seen the sixth block of words. You may now take a short break.</p>
      <p style=""font-size: 30px"">Press the spacebar when you're ready to continue.</p>","","","","","","","","","",""
"null","null","html-keyboard-response","493","627126","0.0-19.0-0.0","6980c16f9985e39f6bcbbe3a","69de1b11a980ed2dab60a60c","69dfc595dab1511c600af1bf","<p style=""font-size: 60px; font-family: FragmentMono"">WFQNZPZKS</p>","","","training","","","","","","",""
"null","null","html-keyboard-response","494","628142","0.0-19.0-0.1","6980c16f9985e39f6bcbbe3a","69de1b11a980ed2dab60a60c","69dfc595dab1511c600af1bf","<p style=""font-size: 60px; font-family: FragmentMono"">FWTPNSXD</p>","","","training","","","","","","",""
"null","null","html-keyboard-response","495","629159","0.0-19.0-0.2","6980c16f9985e39f6bcbbe3a","69de1b11a980ed2dab60a60c","69dfc595dab1511c600af1bf","<p style=""font-size: 60px; font-family: FragmentMono"">UBSUPZKS</p>","","","training","","","","","","",""
"null","null","html-keyboard-response","496","630160","0.0-19.0-0.3","6980c16f9985e39f6bcbbe3a","69de1b11a980ed2dab60a60c","69dfc595dab1511c600af1bf","<p style=""font-size: 60px; font-family: FragmentMono"">HTZXDYFJ</p>","","","training","","","","","","",""
"null","null","html-keyboard-response","497","631169","0.0-19.0-0.4","6980c16f9985e39f6bcbbe3a","69de1b11a980ed2dab60a60c","69dfc595dab1511c600af1bf","<p style=""font-size: 60px; font-family: FragmentMono"">MGALKBY</p>","","","training","","","","","","",""
"null","null","html-keyboard-response","498","632170","0.0-19.0-0.5","6980c16f9985e39f6bcbbe3a","69de1b11a980ed2dab60a60c","69dfc595dab1511c600af1bf","<p style=""font-size: 60px; font-family: FragmentMono"">CVJTBHPZ</p>","","","training","","","","","","",""
"null","null","html-keyboard-response","499","633178","0.0-19.0-0.6","6980c16f9985e39f6bcbbe3a","69de1b11a980ed2dab60a60c","69dfc595dab1511c600af1bf","<p style=""font-size: 60px; font-family: FragmentMono"">GQFHXKBY</p>","","","training","","","","","","",""
"null","null","html-keyboard-response","500","634186","0.0-19.0-0.7","6980c16f9985e39f6bcbbe3a","69de1b11a980ed2dab60a60c","69dfc595dab1511c600af1bf","<p style=""font-size: 60px; font-family: FragmentMono"">DHNYVDIS</p>","","","training","","","","","","",""
"null","null","html-keyboard-response","501","635195","0.0-19.0-0.8","6980c16f9985e39f6bcbbe3a","69de1b11a980ed2dab60a60c","69dfc595dab1511c600af1bf","<p style=""font-size: 60px; font-family: FragmentMono"">SLHUODGI</p>","","","training","","","","","","",""
"null","null","html-keyboard-response","502","636204","0.0-19.0-0.9","6980c16f9985e39f6bcbbe3a","69de1b11a980ed2dab60a60c","69dfc595dab1511c600af1bf","<p style=""font-size: 60px; font-family: FragmentMono"">LQXIKBY</p>","","","training","","","","","","",""
"null","null","html-keyboard-response","503","637206","0.0-19.0-0.10","6980c16f9985e39f6bcbbe3a","69de1b11a980ed2dab60a60c","69dfc595dab1511c600af1bf","<p style=""font-size: 60px; font-family: FragmentMono"">LRYWPMZ</p>","","","training","","","","","","",""
"null","null","html-keyboard-response","504","638222","0.0-19.0-0.11","6980c16f9985e39f6bcbbe3a","69de1b11a980ed2dab60a60c","69dfc595dab1511c600af1bf","<p style=""font-size: 60px; font-family: FragmentMono"">VPKWHSXD</p>","","","training","","","","","","",""
"null","null","html-keyboard-response","505","639238","0.0-19.0-0.12","6980c16f9985e39f6bcbbe3a","69de1b11a980ed2dab60a60c","69dfc595dab1511c600af1bf","<p style=""font-size: 60px; font-family: FragmentMono"">XQTKWBVLT</p>","","","training","","","","","","",""
"null","null","html-keyboard-response","506","640249","0.0-19.0-0.13","6980c16f9985e39f6bcbbe3a","69de1b11a980ed2dab60a60c","69dfc595dab1511c600af1bf","<p style=""font-size: 60px; font-family: FragmentMono"">DHNYDGI</p>","","","training","","","","","","",""
"null","null","html-keyboard-response","507","641266","0.0-19.0-0.14","6980c16f9985e39f6bcbbe3a","69de1b11a980ed2dab60a60c","69dfc595dab1511c600af1bf","<p style=""font-size: 60px; font-family: FragmentMono"">XQTKWSXD</p>","","","training","","","","","","",""
"null","null","html-keyboard-response","508","642273","0.0-19.0-0.15","6980c16f9985e39f6bcbbe3a","69de1b11a980ed2dab60a60c","69dfc595dab1511c600af1bf","<p style=""font-size: 60px; font-family: FragmentMono"">JBNIBVLT</p>","","","training","","","","","","",""
"null","null","html-keyboard-response","509","643289","0.0-19.0-0.16","6980c16f9985e39f6bcbbe3a","69de1b11a980ed2dab60a60c","69dfc595dab1511c600af1bf","<p style=""font-size: 60px; font-family: FragmentMono"">TPABLVDIS</p>","","","training","","","","","","",""
"null","null","html-keyboard-response","510","644299","0.0-19.0-0.17","6980c16f9985e39f6bcbbe3a","69de1b11a980ed2dab60a60c","69dfc595dab1511c600af1bf","<p style=""font-size: 60px; font-family: FragmentMono"">JBNIBHPZ</p>","","","training","","","","","","",""
"null","null","html-keyboard-response","511","645316","0.0-19.0-0.18","6980c16f9985e39f6bcbbe3a","69de1b11a980ed2dab60a60c","69dfc595dab1511c600af1bf","<p style=""font-size: 60px; font-family: FragmentMono"">KMSKSXD</p>","","","training","","","","","","",""
"null","null","html-keyboard-response","512","646324","0.0-19.0-0.19","6980c16f9985e39f6bcbbe3a","69de1b11a980ed2dab60a60c","69dfc595dab1511c600af1bf","<p style=""font-size: 60px; font-family: FragmentMono"">DHNYAWSU</p>","","","training","","","","","","",""
"null","null","html-keyboard-response","513","647334","0.0-19.0-0.20","6980c16f9985e39f6bcbbe3a","69de1b11a980ed2dab60a60c","69dfc595dab1511c600af1bf","<p style=""font-size: 60px; font-family: FragmentMono"">MGALVDIS</p>","","","training","","","","","","",""
"null","null","html-keyboard-response","514","648351","0.0-19.0-0.21","6980c16f9985e39f6bcbbe3a","69de1b11a980ed2dab60a60c","69dfc595dab1511c600af1bf","<p style=""font-size: 60px; font-family: FragmentMono"">SLHUOPMZ</p>","","","training","","","","","","",""
"null","null","html-keyboard-response","515","649360","0.0-19.0-0.22","6980c16f9985e39f6bcbbe3a","69de1b11a980ed2dab60a60c","69dfc595dab1511c600af1bf","<p style=""font-size: 60px; font-family: FragmentMono"">VPKWHBVLT</p>","","","training","","","","","","",""
"null","null","html-keyboard-response","516","650369","0.0-19.0-0.23","6980c16f9985e39f6bcbbe3a","69de1b11a980ed2dab60a60c","69dfc595dab1511c600af1bf","<p style=""font-size: 60px; font-family: FragmentMono"">ZTKEHVDIS</p>","","","training","","","","","","",""
"null","null","html-keyboard-response","517","651385","0.0-19.0-0.24","6980c16f9985e39f6bcbbe3a","69de1b11a980ed2dab60a60c","69dfc595dab1511c600af1bf","<p style=""font-size: 60px; font-family: FragmentMono"">LRYWKBY</p>","","","training","","","","","","",""
"null","null","html-keyboard-response","518","652403","0.0-19.0-0.25","6980c16f9985e39f6bcbbe3a","69de1b11a980ed2dab60a60c","69dfc595dab1511c600af1bf","<p style=""font-size: 60px; font-family: FragmentMono"">CVJTBVLT</p>","","","training","","","","","","",""
"null","null","html-keyboard-response","519","653419","0.0-19.0-0.26","6980c16f9985e39f6bcbbe3a","69de1b11a980ed2dab60a60c","69dfc595dab1511c600af1bf","<p style=""font-size: 60px; font-family: FragmentMono"">UBSUYFJ</p>","","","training","","","","","","",""
"null","null","html-keyboard-response","520","654437","0.0-19.0-0.27","6980c16f9985e39f6bcbbe3a","69de1b11a980ed2dab60a60c","69dfc595dab1511c600af1bf","<p style=""font-size: 60px; font-family: FragmentMono"">KMSKBVLT</p>","","","training","","","","","","",""
"null","null","html-keyboard-response","521","655454","0.0-19.0-0.28","6980c16f9985e39f6bcbbe3a","69de1b11a980ed2dab60a60c","69dfc595dab1511c600af1bf","<p style=""font-size: 60px; font-family: FragmentMono"">GQFHXVDIS</p>","","","training","","","","","","",""
"null","null","html-keyboard-response","522","656456","0.0-19.0-0.29","6980c16f9985e39f6bcbbe3a","69de1b11a980ed2dab60a60c","69dfc595dab1511c600af1bf","<p style=""font-size: 60px; font-family: FragmentMono"">TPABLAWSU</p>","","","training","","","","","","",""
"null","null","html-keyboard-response","523","657463","0.0-19.0-0.30","6980c16f9985e39f6bcbbe3a","69de1b11a980ed2dab60a60c","69dfc595dab1511c600af1bf","<p style=""font-size: 60px; font-family: FragmentMono"">UABSPMZ</p>","","","training","","","","","","",""
"null","null","html-keyboard-response","524","658474","0.0-19.0-0.31","6980c16f9985e39f6bcbbe3a","69de1b11a980ed2dab60a60c","69dfc595dab1511c600af1bf","<p style=""font-size: 60px; font-family: FragmentMono"">KMSKBHPZ</p>","","","training","","","","","","",""
"null","null","html-keyboard-response","525","659476","0.0-19.0-0.32","6980c16f9985e39f6bcbbe3a","69de1b11a980ed2dab60a60c","69dfc595dab1511c600af1bf","<p style=""font-size: 60px; font-family: FragmentMono"">JBNIPZKS</p>","","","training","","","","","","",""
"null","null","html-keyboard-response","526","660490","0.0-19.0-0.33","6980c16f9985e39f6bcbbe3a","69de1b11a980ed2dab60a60c","69dfc595dab1511c600af1bf","<p style=""font-size: 60px; font-family: FragmentMono"">UXWLPMZ</p>","","","training","","","","","","",""
"null","null","html-keyboard-response","527","661499","0.0-19.0-0.34","6980c16f9985e39f6bcbbe3a","69de1b11a980ed2dab60a60c","69dfc595dab1511c600af1bf","<p style=""font-size: 60px; font-family: FragmentMono"">UABSVDIS</p>","","","training","","","","","","",""
"null","null","html-keyboard-response","528","662516","0.0-19.0-0.35","6980c16f9985e39f6bcbbe3a","69de1b11a980ed2dab60a60c","69dfc595dab1511c600af1bf","<p style=""font-size: 60px; font-family: FragmentMono"">LQXIDGI</p>","","","training","","","","","","",""
"null","null","html-keyboard-response","529","663518","0.0-19.0-0.36","6980c16f9985e39f6bcbbe3a","69de1b11a980ed2dab60a60c","69dfc595dab1511c600af1bf","<p style=""font-size: 60px; font-family: FragmentMono"">BRSWXPZKS</p>","","","training","","","","","","",""
"null","null","html-keyboard-response","530","664531","0.0-19.0-0.37","6980c16f9985e39f6bcbbe3a","69de1b11a980ed2dab60a60c","69dfc595dab1511c600af1bf","<p style=""font-size: 60px; font-family: FragmentMono"">UXWLAWSU</p>","","","training","","","","","","",""
"null","null","html-keyboard-response","531","665542","0.0-19.0-0.38","6980c16f9985e39f6bcbbe3a","69de1b11a980ed2dab60a60c","69dfc595dab1511c600af1bf","<p style=""font-size: 60px; font-family: FragmentMono"">SLHUOKBY</p>","","","training","","","","","","",""
"null","null","html-keyboard-response","532","666543","0.0-19.0-0.39","6980c16f9985e39f6bcbbe3a","69de1b11a980ed2dab60a60c","69dfc595dab1511c600af1bf","<p style=""font-size: 60px; font-family: FragmentMono"">MGALAWSU</p>","","","training","","","","","","",""
"null","null","html-keyboard-response","533","667552","0.0-19.0-0.40","6980c16f9985e39f6bcbbe3a","69de1b11a980ed2dab60a60c","69dfc595dab1511c600af1bf","<p style=""font-size: 60px; font-family: FragmentMono"">VPKWHBHPZ</p>","","","training","","","","","","",""
"null","null","html-keyboard-response","534","668568","0.0-19.0-0.41","6980c16f9985e39f6bcbbe3a","69de1b11a980ed2dab60a60c","69dfc595dab1511c600af1bf","<p style=""font-size: 60px; font-family: FragmentMono"">CVJTYFJ</p>","","","training","","","","","","",""
"null","null","html-keyboard-response","535","669584","0.0-19.0-0.42","6980c16f9985e39f6bcbbe3a","69de1b11a980ed2dab60a60c","69dfc595dab1511c600af1bf","<p style=""font-size: 60px; font-family: FragmentMono"">ZTKEHKBY</p>","","","training","","","","","","",""
"null","null","html-keyboard-response","536","670594","0.0-19.0-0.43","6980c16f9985e39f6bcbbe3a","69de1b11a980ed2dab60a60c","69dfc595dab1511c600af1bf","<p style=""font-size: 60px; font-family: FragmentMono"">UBSUSXD</p>","","","training","","","","","","",""
"null","null","html-keyboard-response","537","671595","0.0-19.0-0.44","6980c16f9985e39f6bcbbe3a","69de1b11a980ed2dab60a60c","69dfc595dab1511c600af1bf","<p style=""font-size: 60px; font-family: FragmentMono"">BRSWXBHPZ</p>","","","training","","","","","","",""
"null","null","html-keyboard-response","538","672611","0.0-19.0-0.45","6980c16f9985e39f6bcbbe3a","69de1b11a980ed2dab60a60c","69dfc595dab1511c600af1bf","<p style=""font-size: 60px; font-family: FragmentMono"">MGALPMZ</p>","","","training","","","","","","",""
"null","null","html-keyboard-response","539","673614","0.0-19.0-0.46","6980c16f9985e39f6bcbbe3a","69de1b11a980ed2dab60a60c","69dfc595dab1511c600af1bf","<p style=""font-size: 60px; font-family: FragmentMono"">LQXIAWSU</p>","","","training","","","","","","",""
"null","null","html-keyboard-response","540","674621","0.0-19.0-0.47","6980c16f9985e39f6bcbbe3a","69de1b11a980ed2dab60a60c","69dfc595dab1511c600af1bf","<p style=""font-size: 60px; font-family: FragmentMono"">WFQNZBHPZ</p>","","","training","","","","","","",""
"null","null","html-keyboard-response","541","675630","0.0-19.0-0.48","6980c16f9985e39f6bcbbe3a","69de1b11a980ed2dab60a60c","69dfc595dab1511c600af1bf","<p style=""font-size: 60px; font-family: FragmentMono"">FWTPNBVLT</p>","","","training","","","","","","",""
"null","null","html-keyboard-response","542","676647","0.0-19.0-0.49","6980c16f9985e39f6bcbbe3a","69de1b11a980ed2dab60a60c","69dfc595dab1511c600af1bf","<p style=""font-size: 60px; font-family: FragmentMono"">UBSUBHPZ</p>","","","training","","","","","","",""
"null","null","html-keyboard-response","543","677663","0.0-19.0-0.50","6980c16f9985e39f6bcbbe3a","69de1b11a980ed2dab60a60c","69dfc595dab1511c600af1bf","<p style=""font-size: 60px; font-family: FragmentMono"">KMSKYFJ</p>","","","training","","","","","","",""
"null","null","html-keyboard-response","544","678673","0.0-19.0-0.51","6980c16f9985e39f6bcbbe3a","69de1b11a980ed2dab60a60c","69dfc595dab1511c600af1bf","<p style=""font-size: 60px; font-family: FragmentMono"">SLHUOVDIS</p>","","","training","","","","","","",""
"null","null","html-keyboard-response","545","679683","0.0-19.0-0.52","6980c16f9985e39f6bcbbe3a","69de1b11a980ed2dab60a60c","69dfc595dab1511c600af1bf","<p style=""font-size: 60px; font-family: FragmentMono"">CVJTSXD</p>","","","training","","","","","","",""
"null","null","html-keyboard-response","546","680700","0.0-19.0-0.53","6980c16f9985e39f6bcbbe3a","69de1b11a980ed2dab60a60c","69dfc595dab1511c600af1bf","<p style=""font-size: 60px; font-family: FragmentMono"">FWTPNBHPZ</p>","","","training","","","","","","",""
"null","null","html-keyboard-response","547","681707","0.0-19.0-0.54","6980c16f9985e39f6bcbbe3a","69de1b11a980ed2dab60a60c","69dfc595dab1511c600af1bf","<p style=""font-size: 60px; font-family: FragmentMono"">LRYWAWSU</p>","","","training","","","","","","",""
"null","null","html-keyboard-response","548","682717","0.0-19.0-0.55","6980c16f9985e39f6bcbbe3a","69de1b11a980ed2dab60a60c","69dfc595dab1511c600af1bf","<p style=""font-size: 60px; font-family: FragmentMono"">HTZXDSXD</p>","","","training","","","","","","",""
"null","null","html-keyboard-response","549","683725","0.0-19.0-0.56","6980c16f9985e39f6bcbbe3a","69de1b11a980ed2dab60a60c","69dfc595dab1511c600af1bf","<p style=""font-size: 60px; font-family: FragmentMono"">WFQNZYFJ</p>","","","training","","","","","","",""
"null","null","html-keyboard-response","550","684743","0.0-19.0-0.57","6980c16f9985e39f6bcbbe3a","69de1b11a980ed2dab60a60c","69dfc595dab1511c600af1bf","<p style=""font-size: 60px; font-family: FragmentMono"">UABSAWSU</p>","","","training","","","","","","",""
"null","null","html-keyboard-response","551","685752","0.0-19.0-0.58","6980c16f9985e39f6bcbbe3a","69de1b11a980ed2dab60a60c","69dfc595dab1511c600af1bf","<p style=""font-size: 60px; font-family: FragmentMono"">HTZXDBVLT</p>","","","training","","","","","","",""
"null","null","html-keyboard-response","552","686760","0.0-19.0-0.59","6980c16f9985e39f6bcbbe3a","69de1b11a980ed2dab60a60c","69dfc595dab1511c600af1bf","<p style=""font-size: 60px; font-family: FragmentMono"">JBNIYFJ</p>","","","training","","","","","","",""
"null","null","html-keyboard-response","553","687777","0.0-19.0-0.60","6980c16f9985e39f6bcbbe3a","69de1b11a980ed2dab60a60c","69dfc595dab1511c600af1bf","<p style=""font-size: 60px; font-family: FragmentMono"">ZTKEHDGI</p>","","","training","","","","","","",""
"null","null","html-keyboard-response","554","688786","0.0-19.0-0.61","6980c16f9985e39f6bcbbe3a","69de1b11a980ed2dab60a60c","69dfc595dab1511c600af1bf","<p style=""font-size: 60px; font-family: FragmentMono"">BRSWXSXD</p>","","","training","","","","","","",""
"null","null","html-keyboard-response","555","689803","0.0-19.0-0.62","6980c16f9985e39f6bcbbe3a","69de1b11a980ed2dab60a60c","69dfc595dab1511c600af1bf","<p style=""font-size: 60px; font-family: FragmentMono"">UXWLVDIS</p>","","","training","","","","","","",""
"null","null","html-keyboard-response","556","690819","0.0-19.0-0.63","6980c16f9985e39f6bcbbe3a","69de1b11a980ed2dab60a60c","69dfc595dab1511c600af1bf","<p style=""font-size: 60px; font-family: FragmentMono"">LRYWDGI</p>","","","training","","","","","","",""
"null","null","html-keyboard-response","557","691829","0.0-19.0-0.64","6980c16f9985e39f6bcbbe3a","69de1b11a980ed2dab60a60c","69dfc595dab1511c600af1bf","<p style=""font-size: 60px; font-family: FragmentMono"">DHNYKBY</p>","","","training","","","","","","",""
"null","null","html-keyboard-response","558","692832","0.0-19.0-0.65","6980c16f9985e39f6bcbbe3a","69de1b11a980ed2dab60a60c","69dfc595dab1511c600af1bf","<p style=""font-size: 60px; font-family: FragmentMono"">UABSDGI</p>","","","training","","","","","","",""
"null","null","html-keyboard-response","559","693848","0.0-19.0-0.66","6980c16f9985e39f6bcbbe3a","69de1b11a980ed2dab60a60c","69dfc595dab1511c600af1bf","<p style=""font-size: 60px; font-family: FragmentMono"">BRSWXYFJ</p>","","","training","","","","","","",""
"null","null","html-keyboard-response","560","694864","0.0-19.0-0.67","6980c16f9985e39f6bcbbe3a","69de1b11a980ed2dab60a60c","69dfc595dab1511c600af1bf","<p style=""font-size: 60px; font-family: FragmentMono"">LQXIPMZ</p>","","","training","","","","","","",""
"null","null","html-keyboard-response","561","695866","0.0-19.0-0.68","6980c16f9985e39f6bcbbe3a","69de1b11a980ed2dab60a60c","69dfc595dab1511c600af1bf","<p style=""font-size: 60px; font-family: FragmentMono"">XQTKWPZKS</p>","","","training","","","","","","",""
"null","null","html-keyboard-response","562","696882","0.0-19.0-0.69","6980c16f9985e39f6bcbbe3a","69de1b11a980ed2dab60a60c","69dfc595dab1511c600af1bf","<p style=""font-size: 60px; font-family: FragmentMono"">GQFHXDGI</p>","","","training","","","","","","",""
"null","null","html-keyboard-response","563","697899","0.0-19.0-0.70","6980c16f9985e39f6bcbbe3a","69de1b11a980ed2dab60a60c","69dfc595dab1511c600af1bf","<p style=""font-size: 60px; font-family: FragmentMono"">FWTPNPZKS</p>","","","training","","","","","","",""
"null","null","html-keyboard-response","564","698916","0.0-19.0-0.71","6980c16f9985e39f6bcbbe3a","69de1b11a980ed2dab60a60c","69dfc595dab1511c600af1bf","<p style=""font-size: 60px; font-family: FragmentMono"">UXWLDGI</p>","","","training","","","","","","",""
"null","null","html-keyboard-response","565","699925","0.0-19.0-0.72","6980c16f9985e39f6bcbbe3a","69de1b11a980ed2dab60a60c","69dfc595dab1511c600af1bf","<p style=""font-size: 60px; font-family: FragmentMono"">TPABLKBY</p>","","","training","","","","","","",""
"null","null","html-keyboard-response","566","700940","0.0-19.0-0.73","6980c16f9985e39f6bcbbe3a","69de1b11a980ed2dab60a60c","69dfc595dab1511c600af1bf","<p style=""font-size: 60px; font-family: FragmentMono"">ZTKEHAWSU</p>","","","training","","","","","","",""
"null","null","html-keyboard-response","567","701950","0.0-19.0-0.74","6980c16f9985e39f6bcbbe3a","69de1b11a980ed2dab60a60c","69dfc595dab1511c600af1bf","<p style=""font-size: 60px; font-family: FragmentMono"">TPABLPMZ</p>","","","training","","","","","","",""
"null","null","html-keyboard-response","568","702967","0.0-19.0-0.75","6980c16f9985e39f6bcbbe3a","69de1b11a980ed2dab60a60c","69dfc595dab1511c600af1bf","<p style=""font-size: 60px; font-family: FragmentMono"">HTZXDPZKS</p>","","","training","","","","","","",""
"null","null","html-keyboard-response","569","703984","0.0-19.0-0.76","6980c16f9985e39f6bcbbe3a","69de1b11a980ed2dab60a60c","69dfc595dab1511c600af1bf","<p style=""font-size: 60px; font-family: FragmentMono"">XQTKWYFJ</p>","","","training","","","","","","",""
"null","null","html-keyboard-response","570","704993","0.0-19.0-0.77","6980c16f9985e39f6bcbbe3a","69de1b11a980ed2dab60a60c","69dfc595dab1511c600af1bf","<p style=""font-size: 60px; font-family: FragmentMono"">WFQNZBVLT</p>","","","training","","","","","","",""
"null","null","html-keyboard-response","571","705994","0.0-19.0-0.78","6980c16f9985e39f6bcbbe3a","69de1b11a980ed2dab60a60c","69dfc595dab1511c600af1bf","<p style=""font-size: 60px; font-family: FragmentMono"">GQFHXPMZ</p>","","","training","","","","","","",""
"null","null","html-keyboard-response","572","707010","0.0-19.0-0.79","6980c16f9985e39f6bcbbe3a","69de1b11a980ed2dab60a60c","69dfc595dab1511c600af1bf","<p style=""font-size: 60px; font-family: FragmentMono"">VPKWHPZKS</p>","","","training","","","","","","",""
"2858"," ","html-keyboard-response","573","709870","0.0-20.0","6980c16f9985e39f6bcbbe3a","69de1b11a980ed2dab60a60c","69dfc595dab1511c600af1bf","<p style=""font-size: 30px"">Great, you've seen the seventh block of words. You may now take a short break.</p>
      <p style=""font-size: 30px"">Press the spacebar when you're ready to continue.</p>","","","","","","","","","",""
"null","null","html-keyboard-response","574","710879","0.0-21.0-0.0","6980c16f9985e39f6bcbbe3a","69de1b11a980ed2dab60a60c","69dfc595dab1511c600af1bf","<p style=""font-size: 60px; font-family: FragmentMono"">MGALVDIS</p>","","","training","","","","","","",""
"null","null","html-keyboard-response","575","711896","0.0-21.0-0.1","6980c16f9985e39f6bcbbe3a","69de1b11a980ed2dab60a60c","69dfc595dab1511c600af1bf","<p style=""font-size: 60px; font-family: FragmentMono"">KMSKBVLT</p>","","","training","","","","","","",""
"null","null","html-keyboard-response","576","712912","0.0-21.0-0.2","6980c16f9985e39f6bcbbe3a","69de1b11a980ed2dab60a60c","69dfc595dab1511c600af1bf","<p style=""font-size: 60px; font-family: FragmentMono"">GQFHXVDIS</p>","","","training","","","","","","",""
"null","null","html-keyboard-response","577","713922","0.0-21.0-0.3","6980c16f9985e39f6bcbbe3a","69de1b11a980ed2dab60a60c","69dfc595dab1511c600af1bf","<p style=""font-size: 60px; font-family: FragmentMono"">DHNYKBY</p>","","","training","","","","","","",""
"null","null","html-keyboard-response","578","714924","0.0-21.0-0.4","6980c16f9985e39f6bcbbe3a","69de1b11a980ed2dab60a60c","69dfc595dab1511c600af1bf","<p style=""font-size: 60px; font-family: FragmentMono"">UXWLDGI</p>","","","training","","","","","","",""
"null","null","html-keyboard-response","579","715940","0.0-21.0-0.5","6980c16f9985e39f6bcbbe3a","69de1b11a980ed2dab60a60c","69dfc595dab1511c600af1bf","<p style=""font-size: 60px; font-family: FragmentMono"">UBSUBHPZ</p>","","","training","","","","","","",""
"null","null","html-keyboard-response","580","716941","0.0-21.0-0.6","6980c16f9985e39f6bcbbe3a","69de1b11a980ed2dab60a60c","69dfc595dab1511c600af1bf","<p style=""font-size: 60px; font-family: FragmentMono"">UXWLAWSU</p>","","","training","","","","","","",""
"null","null","html-keyboard-response","581","717950","0.0-21.0-0.7","6980c16f9985e39f6bcbbe3a","69de1b11a980ed2dab60a60c","69dfc595dab1511c600af1bf","<p style=""font-size: 60px; font-family: FragmentMono"">FWTPNSXD</p>","","","training","","","","","","",""
"null","null","html-keyboard-response","582","718966","0.0-21.0-0.8","6980c16f9985e39f6bcbbe3a","69de1b11a980ed2dab60a60c","69dfc595dab1511c600af1bf","<p style=""font-size: 60px; font-family: FragmentMono"">SLHUOKBY</p>","","","training","","","","","","",""
"null","null","html-keyboard-response","583","719967","0.0-21.0-0.9","6980c16f9985e39f6bcbbe3a","69de1b11a980ed2dab60a60c","69dfc595dab1511c600af1bf","<p style=""font-size: 60px; font-family: FragmentMono"">UXWLPMZ</p>","","","training","","","","","","",""
"null","null","html-keyboard-response","584","720983","0.0-21.0-0.10","6980c16f9985e39f6bcbbe3a","69de1b11a980ed2dab60a60c","69dfc595dab1511c600af1bf","<p style=""font-size: 60px; font-family: FragmentMono"">FWTPNBHPZ</p>","","","training","","","","","","",""
"null","null","html-keyboard-response","585","721993","0.0-21.0-0.11","6980c16f9985e39f6bcbbe3a","69de1b11a980ed2dab60a60c","69dfc595dab1511c600af1bf","<p style=""font-size: 60px; font-family: FragmentMono"">ZTKEHKBY</p>","","","training","","","","","","",""
"null","null","html-keyboard-response","586","723010","0.0-21.0-0.12","6980c16f9985e39f6bcbbe3a","69de1b11a980ed2dab60a60c","69dfc595dab1511c600af1bf","<p style=""font-size: 60px; font-family: FragmentMono"">SLHUOPMZ</p>","","","training","","","","","","",""
"null","null","html-keyboard-response","587","724012","0.0-21.0-0.13","6980c16f9985e39f6bcbbe3a","69de1b11a980ed2dab60a60c","69dfc595dab1511c600af1bf","<p style=""font-size: 60px; font-family: FragmentMono"">FWTPNPZKS</p>","","","training","","","","","","",""
"null","null","html-keyboard-response","588","725028","0.0-21.0-0.14","6980c16f9985e39f6bcbbe3a","69de1b11a980ed2dab60a60c","69dfc595dab1511c600af1bf","<p style=""font-size: 60px; font-family: FragmentMono"">DHNYVDIS</p>","","","training","","","","","","",""
"null","null","html-keyboard-response","589","726044","0.0-21.0-0.15","6980c16f9985e39f6bcbbe3a","69de1b11a980ed2dab60a60c","69dfc595dab1511c600af1bf","<p style=""font-size: 60px; font-family: FragmentMono"">MGALAWSU</p>","","","training","","","","","","",""
"null","null","html-keyboard-response","590","727053","0.0-21.0-0.16","6980c16f9985e39f6bcbbe3a","69de1b11a980ed2dab60a60c","69dfc595dab1511c600af1bf","<p style=""font-size: 60px; font-family: FragmentMono"">UABSVDIS</p>","","","training","","","","","","",""
"null","null","html-keyboard-response","591","728069","0.0-21.0-0.17","6980c16f9985e39f6bcbbe3a","69de1b11a980ed2dab60a60c","69dfc595dab1511c600af1bf","<p style=""font-size: 60px; font-family: FragmentMono"">FWTPNBVLT</p>","","","training","","","","","","",""
"null","null","html-keyboard-response","592","729071","0.0-21.0-0.18","6980c16f9985e39f6bcbbe3a","69de1b11a980ed2dab60a60c","69dfc595dab1511c600af1bf","<p style=""font-size: 60px; font-family: FragmentMono"">DHNYAWSU</p>","","","training","","","","","","",""
"null","null","html-keyboard-response","593","730080","0.0-21.0-0.19","6980c16f9985e39f6bcbbe3a","69de1b11a980ed2dab60a60c","69dfc595dab1511c600af1bf","<p style=""font-size: 60px; font-family: FragmentMono"">CVJTBVLT</p>","","","training","","","","","","",""
"null","null","html-keyboard-response","594","731088","0.0-21.0-0.20","6980c16f9985e39f6bcbbe3a","69de1b11a980ed2dab60a60c","69dfc595dab1511c600af1bf","<p style=""font-size: 60px; font-family: FragmentMono"">UABSDGI</p>","","","training","","","","","","",""
"null","null","html-keyboard-response","595","732097","0.0-21.0-0.21","6980c16f9985e39f6bcbbe3a","69de1b11a980ed2dab60a60c","69dfc595dab1511c600af1bf","<p style=""font-size: 60px; font-family: FragmentMono"">JBNIBHPZ</p>","","","training","","","","","","",""
"null","null","html-keyboard-response","596","733106","0.0-21.0-0.22","6980c16f9985e39f6bcbbe3a","69de1b11a980ed2dab60a60c","69dfc595dab1511c600af1bf","<p style=""font-size: 60px; font-family: FragmentMono"">WFQNZYFJ</p>","","","training","","","","","","",""
"null","null","html-keyboard-response","597","734123","0.0-21.0-0.23","6980c16f9985e39f6bcbbe3a","69de1b11a980ed2dab60a60c","69dfc595dab1511c600af1bf","<p style=""font-size: 60px; font-family: FragmentMono"">XQTKWPZKS</p>","","","training","","","","","","",""
"null","null","html-keyboard-response","598","735124","0.0-21.0-0.24","6980c16f9985e39f6bcbbe3a","69de1b11a980ed2dab60a60c","69dfc595dab1511c600af1bf","<p style=""font-size: 60px; font-family: FragmentMono"">KMSKBHPZ</p>","","","training","","","","","","",""
"null","null","html-keyboard-response","599","736132","0.0-21.0-0.25","6980c16f9985e39f6bcbbe3a","69de1b11a980ed2dab60a60c","69dfc595dab1511c600af1bf","<p style=""font-size: 60px; font-family: FragmentMono"">ZTKEHVDIS</p>","","","training","","","","","","",""
"null","null","html-keyboard-response","600","737149","0.0-21.0-0.26","6980c16f9985e39f6bcbbe3a","69de1b11a980ed2dab60a60c","69dfc595dab1511c600af1bf","<p style=""font-size: 60px; font-family: FragmentMono"">HTZXDSXD</p>","","","training","","","","","","",""
"null","null","html-keyboard-response","601","738151","0.0-21.0-0.27","6980c16f9985e39f6bcbbe3a","69de1b11a980ed2dab60a60c","69dfc595dab1511c600af1bf","<p style=""font-size: 60px; font-family: FragmentMono"">VPKWHBHPZ</p>","","","training","","","","","","",""
"null","null","html-keyboard-response","602","739166","0.0-21.0-0.28","6980c16f9985e39f6bcbbe3a","69de1b11a980ed2dab60a60c","69dfc595dab1511c600af1bf","<p style=""font-size: 60px; font-family: FragmentMono"">HTZXDBVLT</p>","","","training","","","","","","",""
"null","null","html-keyboard-response","603","740177","0.0-21.0-0.29","6980c16f9985e39f6bcbbe3a","69de1b11a980ed2dab60a60c","69dfc595dab1511c600af1bf","<p style=""font-size: 60px; font-family: FragmentMono"">XQTKWSXD</p>","","","training","","","","","","",""
"null","null","html-keyboard-response","604","741193","0.0-21.0-0.30","6980c16f9985e39f6bcbbe3a","69de1b11a980ed2dab60a60c","69dfc595dab1511c600af1bf","<p style=""font-size: 60px; font-family: FragmentMono"">LRYWDGI</p>","","","training","","","","","","",""
"null","null","html-keyboard-response","605","742210","0.0-21.0-0.31","6980c16f9985e39f6bcbbe3a","69de1b11a980ed2dab60a60c","69dfc595dab1511c600af1bf","<p style=""font-size: 60px; font-family: FragmentMono"">ZTKEHAWSU</p>","","","training","","","","","","",""
"null","null","html-keyboard-response","606","743226","0.0-21.0-0.32","6980c16f9985e39f6bcbbe3a","69de1b11a980ed2dab60a60c","69dfc595dab1511c600af1bf","<p style=""font-size: 60px; font-family: FragmentMono"">JBNIYFJ</p>","","","training","","","","","","",""
"null","null","html-keyboard-response","607","744229","0.0-21.0-0.33","6980c16f9985e39f6bcbbe3a","69de1b11a980ed2dab60a60c","69dfc595dab1511c600af1bf","<p style=""font-size: 60px; font-family: FragmentMono"">CVJTBHPZ</p>","","","training","","","","","","",""
"null","null","html-keyboard-response","608","745245","0.0-21.0-0.34","6980c16f9985e39f6bcbbe3a","69de1b11a980ed2dab60a60c","69dfc595dab1511c600af1bf","<p style=""font-size: 60px; font-family: FragmentMono"">XQTKWYFJ</p>","","","training","","","","","","",""
"null","null","html-keyboard-response","609","746262","0.0-21.0-0.35","6980c16f9985e39f6bcbbe3a","69de1b11a980ed2dab60a60c","69dfc595dab1511c600af1bf","<p style=""font-size: 60px; font-family: FragmentMono"">LQXIDGI</p>","","","training","","","","","","",""
"null","null","html-keyboard-response","610","747270","0.0-21.0-0.36","6980c16f9985e39f6bcbbe3a","69de1b11a980ed2dab60a60c","69dfc595dab1511c600af1bf","<p style=""font-size: 60px; font-family: FragmentMono"">LRYWAWSU</p>","","","training","","","","","","",""
"null","null","html-keyboard-response","611","748279","0.0-21.0-0.37","6980c16f9985e39f6bcbbe3a","69de1b11a980ed2dab60a60c","69dfc595dab1511c600af1bf","<p style=""font-size: 60px; font-family: FragmentMono"">ZTKEHDGI</p>","","","training","","","","","","",""
"null","null","html-keyboard-response","612","749289","0.0-21.0-0.38","6980c16f9985e39f6bcbbe3a","69de1b11a980ed2dab60a60c","69dfc595dab1511c600af1bf","<p style=""font-size: 60px; font-family: FragmentMono"">UXWLVDIS</p>","","","training","","","","","","",""
"null","null","html-keyboard-response","613","750291","0.0-21.0-0.39","6980c16f9985e39f6bcbbe3a","69de1b11a980ed2dab60a60c","69dfc595dab1511c600af1bf","<p style=""font-size: 60px; font-family: FragmentMono"">TPABLAWSU</p>","","","training","","","","","","",""
"null","null","html-keyboard-response","614","751299","0.0-21.0-0.40","6980c16f9985e39f6bcbbe3a","69de1b11a980ed2dab60a60c","69dfc595dab1511c600af1bf","<p style=""font-size: 60px; font-family: FragmentMono"">SLHUOVDIS</p>","","","training","","","","","","",""
"null","null","html-keyboard-response","615","752308","0.0-21.0-0.41","6980c16f9985e39f6bcbbe3a","69de1b11a980ed2dab60a60c","69dfc595dab1511c600af1bf","<p style=""font-size: 60px; font-family: FragmentMono"">VPKWHSXD</p>","","","training","","","","","","",""
"null","null","html-keyboard-response","616","753322","0.0-21.0-0.42","6980c16f9985e39f6bcbbe3a","69de1b11a980ed2dab60a60c","69dfc595dab1511c600af1bf","<p style=""font-size: 60px; font-family: FragmentMono"">LQXIKBY</p>","","","training","","","","","","",""
"null","null","html-keyboard-response","617","754332","0.0-21.0-0.43","6980c16f9985e39f6bcbbe3a","69de1b11a980ed2dab60a60c","69dfc595dab1511c600af1bf","<p style=""font-size: 60px; font-family: FragmentMono"">JBNIPZKS</p>","","","training","","","","","","",""
"null","null","html-keyboard-response","618","755341","0.0-21.0-0.44","6980c16f9985e39f6bcbbe3a","69de1b11a980ed2dab60a60c","69dfc595dab1511c600af1bf","<p style=""font-size: 60px; font-family: FragmentMono"">KMSKYFJ</p>","","","training","","","","","","",""
"null","null","html-keyboard-response","619","756357","0.0-21.0-0.45","6980c16f9985e39f6bcbbe3a","69de1b11a980ed2dab60a60c","69dfc595dab1511c600af1bf","<p style=""font-size: 60px; font-family: FragmentMono"">BRSWXPZKS</p>","","","training","","","","","","",""
"null","null","html-keyboard-response","620","757360","0.0-21.0-0.46","6980c16f9985e39f6bcbbe3a","69de1b11a980ed2dab60a60c","69dfc595dab1511c600af1bf","<p style=""font-size: 60px; font-family: FragmentMono"">CVJTSXD</p>","","","training","","","","","","",""
"null","null","html-keyboard-response","621","758367","0.0-21.0-0.47","6980c16f9985e39f6bcbbe3a","69de1b11a980ed2dab60a60c","69dfc595dab1511c600af1bf","<p style=""font-size: 60px; font-family: FragmentMono"">GQFHXDGI</p>","","","training","","","","","","",""
"null","null","html-keyboard-response","622","759368","0.0-21.0-0.48","6980c16f9985e39f6bcbbe3a","69de1b11a980ed2dab60a60c","69dfc595dab1511c600af1bf","<p style=""font-size: 60px; font-family: FragmentMono"">TPABLKBY</p>","","","training","","","","","","",""
"null","null","html-keyboard-response","623","760385","0.0-21.0-0.49","6980c16f9985e39f6bcbbe3a","69de1b11a980ed2dab60a60c","69dfc595dab1511c600af1bf","<p style=""font-size: 60px; font-family: FragmentMono"">BRSWXYFJ</p>","","","training","","","","","","",""
"null","null","html-keyboard-response","624","761394","0.0-21.0-0.50","6980c16f9985e39f6bcbbe3a","69de1b11a980ed2dab60a60c","69dfc595dab1511c600af1bf","<p style=""font-size: 60px; font-family: FragmentMono"">WFQNZPZKS</p>","","","training","","","","","","",""
"null","null","html-keyboard-response","625","762403","0.0-21.0-0.51","6980c16f9985e39f6bcbbe3a","69de1b11a980ed2dab60a60c","69dfc595dab1511c600af1bf","<p style=""font-size: 60px; font-family: FragmentMono"">XQTKWBVLT</p>","","","training","","","","","","",""
"null","null","html-keyboard-response","626","763411","0.0-21.0-0.52","6980c16f9985e39f6bcbbe3a","69de1b11a980ed2dab60a60c","69dfc595dab1511c600af1bf","<p style=""font-size: 60px; font-family: FragmentMono"">BRSWXSXD</p>","","","training","","","","","","",""
"null","null","html-keyboard-response","627","764418","0.0-21.0-0.53","6980c16f9985e39f6bcbbe3a","69de1b11a980ed2dab60a60c","69dfc595dab1511c600af1bf","<p style=""font-size: 60px; font-family: FragmentMono"">UABSPMZ</p>","","","training","","","","","","",""
"null","null","html-keyboard-response","628","765429","0.0-21.0-0.54","6980c16f9985e39f6bcbbe3a","69de1b11a980ed2dab60a60c","69dfc595dab1511c600af1bf","<p style=""font-size: 60px; font-family: FragmentMono"">LRYWKBY</p>","","","training","","","","","","",""
"null","null","html-keyboard-response","629","766438","0.0-21.0-0.55","6980c16f9985e39f6bcbbe3a","69de1b11a980ed2dab60a60c","69dfc595dab1511c600af1bf","<p style=""font-size: 60px; font-family: FragmentMono"">GQFHXPMZ</p>","","","training","","","","","","",""
"null","null","html-keyboard-response","630","767447","0.0-21.0-0.56","6980c16f9985e39f6bcbbe3a","69de1b11a980ed2dab60a60c","69dfc595dab1511c600af1bf","<p style=""font-size: 60px; font-family: FragmentMono"">TPABLVDIS</p>","","","training","","","","","","",""
"null","null","html-keyboard-response","631","768456","0.0-21.0-0.57","6980c16f9985e39f6bcbbe3a","69de1b11a980ed2dab60a60c","69dfc595dab1511c600af1bf","<p style=""font-size: 60px; font-family: FragmentMono"">HTZXDPZKS</p>","","","training","","","","","","",""
"null","null","html-keyboard-response","632","769472","0.0-21.0-0.58","6980c16f9985e39f6bcbbe3a","69de1b11a980ed2dab60a60c","69dfc595dab1511c600af1bf","<p style=""font-size: 60px; font-family: FragmentMono"">WFQNZBVLT</p>","","","training","","","","","","",""
"null","null","html-keyboard-response","633","770481","0.0-21.0-0.59","6980c16f9985e39f6bcbbe3a","69de1b11a980ed2dab60a60c","69dfc595dab1511c600af1bf","<p style=""font-size: 60px; font-family: FragmentMono"">LRYWPMZ</p>","","","training","","","","","","",""
"null","null","html-keyboard-response","634","771499","0.0-21.0-0.60","6980c16f9985e39f6bcbbe3a","69de1b11a980ed2dab60a60c","69dfc595dab1511c600af1bf","<p style=""font-size: 60px; font-family: FragmentMono"">KMSKSXD</p>","","","training","","","","","","",""
"null","null","html-keyboard-response","635","772515","0.0-21.0-0.61","6980c16f9985e39f6bcbbe3a","69de1b11a980ed2dab60a60c","69dfc595dab1511c600af1bf","<p style=""font-size: 60px; font-family: FragmentMono"">MGALPMZ</p>","","","training","","","","","","",""
"null","null","html-keyboard-response","636","773517","0.0-21.0-0.62","6980c16f9985e39f6bcbbe3a","69de1b11a980ed2dab60a60c","69dfc595dab1511c600af1bf","<p style=""font-size: 60px; font-family: FragmentMono"">UBSUSXD</p>","","","training","","","","","","",""
"null","null","html-keyboard-response","637","774525","0.0-21.0-0.63","6980c16f9985e39f6bcbbe3a","69de1b11a980ed2dab60a60c","69dfc595dab1511c600af1bf","<p style=""font-size: 60px; font-family: FragmentMono"">HTZXDYFJ</p>","","","training","","","","","","",""
"null","null","html-keyboard-response","638","775534","0.0-21.0-0.64","6980c16f9985e39f6bcbbe3a","69de1b11a980ed2dab60a60c","69dfc595dab1511c600af1bf","<p style=""font-size: 60px; font-family: FragmentMono"">GQFHXKBY</p>","","","training","","","","","","",""
"null","null","html-keyboard-response","639","776551","0.0-21.0-0.65","6980c16f9985e39f6bcbbe3a","69de1b11a980ed2dab60a60c","69dfc595dab1511c600af1bf","<p style=""font-size: 60px; font-family: FragmentMono"">SLHUODGI</p>","","","training","","","","","","",""
"null","null","html-keyboard-response","640","777560","0.0-21.0-0.66","6980c16f9985e39f6bcbbe3a","69de1b11a980ed2dab60a60c","69dfc595dab1511c600af1bf","<p style=""font-size: 60px; font-family: FragmentMono"">LQXIAWSU</p>","","","training","","","","","","",""
"null","null","html-keyboard-response","641","778568","0.0-21.0-0.67","6980c16f9985e39f6bcbbe3a","69de1b11a980ed2dab60a60c","69dfc595dab1511c600af1bf","<p style=""font-size: 60px; font-family: FragmentMono"">VPKWHBVLT</p>","","","training","","","","","","",""
"null","null","html-keyboard-response","642","779570","0.0-21.0-0.68","6980c16f9985e39f6bcbbe3a","69de1b11a980ed2dab60a60c","69dfc595dab1511c600af1bf","<p style=""font-size: 60px; font-family: FragmentMono"">UBSUPZKS</p>","","","training","","","","","","",""
"null","null","html-keyboard-response","643","780585","0.0-21.0-0.69","6980c16f9985e39f6bcbbe3a","69de1b11a980ed2dab60a60c","69dfc595dab1511c600af1bf","<p style=""font-size: 60px; font-family: FragmentMono"">CVJTYFJ</p>","","","training","","","","","","",""
"null","null","html-keyboard-response","644","781602","0.0-21.0-0.70","6980c16f9985e39f6bcbbe3a","69de1b11a980ed2dab60a60c","69dfc595dab1511c600af1bf","<p style=""font-size: 60px; font-family: FragmentMono"">VPKWHPZKS</p>","","","training","","","","","","",""
"null","null","html-keyboard-response","645","782619","0.0-21.0-0.71","6980c16f9985e39f6bcbbe3a","69de1b11a980ed2dab60a60c","69dfc595dab1511c600af1bf","<p style=""font-size: 60px; font-family: FragmentMono"">DHNYDGI</p>","","","training","","","","","","",""
"null","null","html-keyboard-response","646","783628","0.0-21.0-0.72","6980c16f9985e39f6bcbbe3a","69de1b11a980ed2dab60a60c","69dfc595dab1511c600af1bf","<p style=""font-size: 60px; font-family: FragmentMono"">BRSWXBHPZ</p>","","","training","","","","","","",""
"null","null","html-keyboard-response","647","784645","0.0-21.0-0.73","6980c16f9985e39f6bcbbe3a","69de1b11a980ed2dab60a60c","69dfc595dab1511c600af1bf","<p style=""font-size: 60px; font-family: FragmentMono"">LQXIPMZ</p>","","","training","","","","","","",""
"null","null","html-keyboard-response","648","785655","0.0-21.0-0.74","6980c16f9985e39f6bcbbe3a","69de1b11a980ed2dab60a60c","69dfc595dab1511c600af1bf","<p style=""font-size: 60px; font-family: FragmentMono"">WFQNZBHPZ</p>","","","training","","","","","","",""
"null","null","html-keyboard-response","649","786663","0.0-21.0-0.75","6980c16f9985e39f6bcbbe3a","69de1b11a980ed2dab60a60c","69dfc595dab1511c600af1bf","<p style=""font-size: 60px; font-family: FragmentMono"">JBNIBVLT</p>","","","training","","","","","","",""
"null","null","html-keyboard-response","650","787672","0.0-21.0-0.76","6980c16f9985e39f6bcbbe3a","69de1b11a980ed2dab60a60c","69dfc595dab1511c600af1bf","<p style=""font-size: 60px; font-family: FragmentMono"">TPABLPMZ</p>","","","training","","","","","","",""
"null","null","html-keyboard-response","651","788681","0.0-21.0-0.77","6980c16f9985e39f6bcbbe3a","69de1b11a980ed2dab60a60c","69dfc595dab1511c600af1bf","<p style=""font-size: 60px; font-family: FragmentMono"">UABSAWSU</p>","","","training","","","","","","",""
"null","null","html-keyboard-response","652","789682","0.0-21.0-0.78","6980c16f9985e39f6bcbbe3a","69de1b11a980ed2dab60a60c","69dfc595dab1511c600af1bf","<p style=""font-size: 60px; font-family: FragmentMono"">MGALKBY</p>","","","training","","","","","","",""
"null","null","html-keyboard-response","653","790698","0.0-21.0-0.79","6980c16f9985e39f6bcbbe3a","69de1b11a980ed2dab60a60c","69dfc595dab1511c600af1bf","<p style=""font-size: 60px; font-family: FragmentMono"">UBSUYFJ</p>","","","training","","","","","","",""
"68875"," ","html-keyboard-response","654","859573","0.0-22.0","6980c16f9985e39f6bcbbe3a","69de1b11a980ed2dab60a60c","69dfc595dab1511c600af1bf","<p style=""font-size: 30px"">Great! You've seen all the words that we received from space.</p>
      <p style=""font-size: 30px"">Press the spacebar when you're ready to continue.</p>","","","","","","","","","",""
"46411"," ","html-keyboard-response","655","905985","0.0-23.0","6980c16f9985e39f6bcbbe3a","69de1b11a980ed2dab60a60c","69dfc595dab1511c600af1bf","<p style=""font-size: 30px"">In this second part, you'll be given some words from a new communication from the same group of aliens, and others that belong to a communication from a different group of aliens. However, the two communications arrived at the same time, so the words are mixed up. Your task is to identify the words that belong to the same group of aliens as the communication you saw in the first part of the experiment.</p>
      <p style=""font-size: 30px"">This is a very tricky task, since both alien groups use the same characters. Your meeting with the world leaders starts very soon, so you won't have much time to decide; you need to work quickly. Try to do your best using your intuition; you don't have much time to spend thinking about each word.</p>
      <p style=""font-size: 30px"">Press <strong>k</strong> when you think that the word you're being shown is from the same group of aliens as before, and <strong>d</strong> when you think it's from a communication from the other alien group.</p><p>Press the spacebar when you're ready to begin.</p>","","","","","","","","","",""
"1883","d","html-keyboard-response","656","907869","0.0-24.0-0.0","6980c16f9985e39f6bcbbe3a","69de1b11a980ed2dab60a60c","69dfc595dab1511c600af1bf","<p style=""font-size: 30px;"">Does this word come from the alien group you studied previously?</p><br><p style=""font-size: 60px; font-family: FragmentMono"">VPKWHPMZ<p style=""font-size: 15px"">Press <strong>k</strong> for yes, <strong>d</strong> for no.</p>","","","testing","VPKWHPMZ","d","[""morphemeXmorpheme""]","true","","",""
"783","k","html-keyboard-response","657","908653","0.0-24.0-0.1","6980c16f9985e39f6bcbbe3a","69de1b11a980ed2dab60a60c","69dfc595dab1511c600af1bf","<p style=""font-size: 30px;"">Does this word come from the alien group you studied previously?</p><br><p style=""font-size: 60px; font-family: FragmentMono"">MGALLHW<p style=""font-size: 15px"">Press <strong>k</strong> for yes, <strong>d</strong> for no.</p>","","","testing","MGALLHW","k","[""morphemeXmorcode""]","true","","",""
"794","d","html-keyboard-response","658","909449","0.0-24.0-0.2","6980c16f9985e39f6bcbbe3a","69de1b11a980ed2dab60a60c","69dfc595dab1511c600af1bf","<p style=""font-size: 30px;"">Does this word come from the alien group you studied previously?</p><br><p style=""font-size: 60px; font-family: FragmentMono"">SWUTOAFN<p style=""font-size: 15px"">Press <strong>k</strong> for yes, <strong>d</strong> for no.</p>","","","testing","SWUTOAFN","d","[""morcodeXmorcode""]","true","","",""
"874","k","html-keyboard-response","659","910325","0.0-24.0-0.3","6980c16f9985e39f6bcbbe3a","69de1b11a980ed2dab60a60c","69dfc595dab1511c600af1bf","<p style=""font-size: 30px"">&emsp;</p><br><p style=""font-size: 60px; font-family: FragmentMono"">TPABLTZF<p style=""font-size: 15px"">Press <strong>k</strong> for yes, <strong>d</strong> for no.</p>","","","testing","TPABLTZF","k","[""morphemeXmorcode""]","true","","",""
"1131","k","html-keyboard-response","660","911457","0.0-24.0-0.4","6980c16f9985e39f6bcbbe3a","69de1b11a980ed2dab60a60c","69dfc595dab1511c600af1bf","<p style=""font-size: 30px"">&emsp;</p><br><p style=""font-size: 60px; font-family: FragmentMono"">CZPWFEKL<p style=""font-size: 15px"">Press <strong>k</strong> for yes, <strong>d</strong> for no.</p>","","","testing","CZPWFEKL","d","[""morcodeXmorcode""]","false","","",""
"883","d","html-keyboard-response","661","912342","0.0-24.0-0.5","6980c16f9985e39f6bcbbe3a","69de1b11a980ed2dab60a60c","69dfc595dab1511c600af1bf","<p style=""font-size: 30px"">&emsp;</p><br><p style=""font-size: 60px; font-family: FragmentMono"">VJGQJRJMH<p style=""font-size: 15px"">Press <strong>k</strong> for yes, <strong>d</strong> for no.</p>","","","testing","VJGQJRJMH","d","[""morcodeXmorcode""]","true","","",""
"636","d","html-keyboard-response","662","912979","0.0-24.0-0.6","6980c16f9985e39f6bcbbe3a","69de1b11a980ed2dab60a60c","69dfc595dab1511c600af1bf","<p style=""font-size: 30px"">&emsp;</p><br><p style=""font-size: 60px; font-family: FragmentMono"">NJHGVIQYZ<p style=""font-size: 15px"">Press <strong>k</strong> for yes, <strong>d</strong> for no.</p>","","","testing","NJHGVIQYZ","d","[""morcodeXmorcode""]","true","","",""
"772","d","html-keyboard-response","663","913753","0.0-24.0-0.7","6980c16f9985e39f6bcbbe3a","69de1b11a980ed2dab60a60c","69dfc595dab1511c600af1bf","<p style=""font-size: 30px"">&emsp;</p><br><p style=""font-size: 60px; font-family: FragmentMono"">SCEIBHPZ<p style=""font-size: 15px"">Press <strong>k</strong> for yes, <strong>d</strong> for no.</p>","","","testing","SCEIBHPZ","k","[""morcodeXmorpheme""]","false","","",""
"1981","k","html-keyboard-response","664","915736","0.0-24.0-0.8","6980c16f9985e39f6bcbbe3a","69de1b11a980ed2dab60a60c","69dfc595dab1511c600af1bf","<p style=""font-size: 30px"">&emsp;</p><br><p style=""font-size: 60px; font-family: FragmentMono"">PHCHIPZKS<p style=""font-size: 15px"">Press <strong>k</strong> for yes, <strong>d</strong> for no.</p>","","","testing","PHCHIPZKS","k","[""morcodeXmorpheme""]","true","","",""
"913","k","html-keyboard-response","665","916650","0.0-24.0-0.9","6980c16f9985e39f6bcbbe3a","69de1b11a980ed2dab60a60c","69dfc595dab1511c600af1bf","<p style=""font-size: 30px"">&emsp;</p><br><p style=""font-size: 60px; font-family: FragmentMono"">FWTPNYFJ<p style=""font-size: 15px"">Press <strong>k</strong> for yes, <strong>d</strong> for no.</p>","","","testing","FWTPNYFJ","k","[""morphemeXmorpheme""]","true","","",""
"431","d","html-keyboard-response","666","917082","0.0-24.0-0.10","6980c16f9985e39f6bcbbe3a","69de1b11a980ed2dab60a60c","69dfc595dab1511c600af1bf","<p style=""font-size: 30px"">&emsp;</p><br><p style=""font-size: 60px; font-family: FragmentMono"">GQFHXXZQF<p style=""font-size: 15px"">Press <strong>k</strong> for yes, <strong>d</strong> for no.</p>","","","testing","GQFHXXZQF","k","[""morphemeXmorcode""]","false","","",""
"904","k","html-keyboard-response","667","917988","0.0-24.0-0.11","6980c16f9985e39f6bcbbe3a","69de1b11a980ed2dab60a60c","69dfc595dab1511c600af1bf","<p style=""font-size: 30px"">&emsp;</p><br><p style=""font-size: 60px; font-family: FragmentMono"">LRYWSXD<p style=""font-size: 15px"">Press <strong>k</strong> for yes, <strong>d</strong> for no.</p>","","","testing","LRYWSXD","d","[""morphemeXmorpheme""]","false","","",""
"724","d","html-keyboard-response","668","918714","0.0-24.0-0.12","6980c16f9985e39f6bcbbe3a","69de1b11a980ed2dab60a60c","69dfc595dab1511c600af1bf","<p style=""font-size: 30px"">&emsp;</p><br><p style=""font-size: 60px; font-family: FragmentMono"">WFQNZTPK<p style=""font-size: 15px"">Press <strong>k</strong> for yes, <strong>d</strong> for no.</p>","","","testing","WFQNZTPK","k","[""morphemeXmorcode""]","false","","",""
"743","d","html-keyboard-response","669","919458","0.0-24.0-0.13","6980c16f9985e39f6bcbbe3a","69de1b11a980ed2dab60a60c","69dfc595dab1511c600af1bf","<p style=""font-size: 30px"">&emsp;</p><br><p style=""font-size: 60px; font-family: FragmentMono"">SLHUOAWSU<p style=""font-size: 15px"">Press <strong>k</strong> for yes, <strong>d</strong> for no.</p>","","","testing","SLHUOAWSU","k","[""morphemeXmorpheme""]","false","","",""
"741","d","html-keyboard-response","670","920200","0.0-24.0-0.14","6980c16f9985e39f6bcbbe3a","69de1b11a980ed2dab60a60c","69dfc595dab1511c600af1bf","<p style=""font-size: 30px"">&emsp;</p><br><p style=""font-size: 60px; font-family: FragmentMono"">MGALBVLT<p style=""font-size: 15px"">Press <strong>k</strong> for yes, <strong>d</strong> for no.</p>","","","testing","MGALBVLT","d","[""morphemeXmorpheme""]","true","","",""
"1267","d","html-keyboard-response","671","921469","0.0-24.0-0.15","6980c16f9985e39f6bcbbe3a","69de1b11a980ed2dab60a60c","69dfc595dab1511c600af1bf","<p style=""font-size: 30px"">&emsp;</p><br><p style=""font-size: 60px; font-family: FragmentMono"">THFMMTSL<p style=""font-size: 15px"">Press <strong>k</strong> for yes, <strong>d</strong> for no.</p>","","","testing","THFMMTSL","d","[""morcodeXmorcode""]","true","","",""
"908","k","html-keyboard-response","672","922378","0.0-24.0-0.16","6980c16f9985e39f6bcbbe3a","69de1b11a980ed2dab60a60c","69dfc595dab1511c600af1bf","<p style=""font-size: 30px"">&emsp;</p><br><p style=""font-size: 60px; font-family: FragmentMono"">FWTPNPMZ<p style=""font-size: 15px"">Press <strong>k</strong> for yes, <strong>d</strong> for no.</p>","","","testing","FWTPNPMZ","d","[""morphemeXmorpheme""]","false","","",""
"1448","d","html-keyboard-response","673","923827","0.0-24.0-0.17","6980c16f9985e39f6bcbbe3a","69de1b11a980ed2dab60a60c","69dfc595dab1511c600af1bf","<p style=""font-size: 30px"">&emsp;</p><br><p style=""font-size: 60px; font-family: FragmentMono"">BRSWXDGI<p style=""font-size: 15px"">Press <strong>k</strong> for yes, <strong>d</strong> for no.</p>","","","testing","BRSWXDGI","d","[""morphemeXmorpheme""]","true","","",""
"745","k","html-keyboard-response","674","924573","0.0-24.0-0.18","6980c16f9985e39f6bcbbe3a","69de1b11a980ed2dab60a60c","69dfc595dab1511c600af1bf","<p style=""font-size: 30px"">&emsp;</p><br><p style=""font-size: 60px; font-family: FragmentMono"">VAICNLP<p style=""font-size: 15px"">Press <strong>k</strong> for yes, <strong>d</strong> for no.</p>","","","testing","VAICNLP","d","[""morcodeXmorcode""]","false","","",""
"804","d","html-keyboard-response","675","925378","0.0-24.0-0.19","6980c16f9985e39f6bcbbe3a","69de1b11a980ed2dab60a60c","69dfc595dab1511c600af1bf","<p style=""font-size: 30px"">&emsp;</p><br><p style=""font-size: 60px; font-family: FragmentMono"">FICDAEXF<p style=""font-size: 15px"">Press <strong>k</strong> for yes, <strong>d</strong> for no.</p>","","","testing","FICDAEXF","d","[""morcodeXmorcode""]","true","","",""
"724","k","html-keyboard-response","676","926104","0.0-24.0-0.20","6980c16f9985e39f6bcbbe3a","69de1b11a980ed2dab60a60c","69dfc595dab1511c600af1bf","<p style=""font-size: 30px"">&emsp;</p><br><p style=""font-size: 60px; font-family: FragmentMono"">SJNXFPMZ<p style=""font-size: 15px"">Press <strong>k</strong> for yes, <strong>d</strong> for no.</p>","","","testing","SJNXFPMZ","k","[""morcodeXmorpheme""]","true","","",""
"976","d","html-keyboard-response","677","927082","0.0-24.0-0.21","6980c16f9985e39f6bcbbe3a","69de1b11a980ed2dab60a60c","69dfc595dab1511c600af1bf","<p style=""font-size: 30px"">&emsp;</p><br><p style=""font-size: 60px; font-family: FragmentMono"">GNFQWXAYA<p style=""font-size: 15px"">Press <strong>k</strong> for yes, <strong>d</strong> for no.</p>","","","testing","GNFQWXAYA","d","[""morcodeXmorcode""]","true","","",""
"731","d","html-keyboard-response","678","927815","0.0-24.0-0.22","6980c16f9985e39f6bcbbe3a","69de1b11a980ed2dab60a60c","69dfc595dab1511c600af1bf","<p style=""font-size: 30px"">&emsp;</p><br><p style=""font-size: 60px; font-family: FragmentMono"">GQFHXAWSU<p style=""font-size: 15px"">Press <strong>k</strong> for yes, <strong>d</strong> for no.</p>","","","testing","GQFHXAWSU","k","[""morphemeXmorpheme""]","false","","",""
"937","d","html-keyboard-response","679","928753","0.0-24.0-0.23","6980c16f9985e39f6bcbbe3a","69de1b11a980ed2dab60a60c","69dfc595dab1511c600af1bf","<p style=""font-size: 30px"">&emsp;</p><br><p style=""font-size: 60px; font-family: FragmentMono"">OZDZAJH<p style=""font-size: 15px"">Press <strong>k</strong> for yes, <strong>d</strong> for no.</p>","","","testing","OZDZAJH","d","[""morcodeXmorcode""]","true","","",""
"625","k","html-keyboard-response","680","929380","0.0-24.0-0.24","6980c16f9985e39f6bcbbe3a","69de1b11a980ed2dab60a60c","69dfc595dab1511c600af1bf","<p style=""font-size: 30px"">&emsp;</p><br><p style=""font-size: 60px; font-family: FragmentMono"">WBCHFYBT<p style=""font-size: 15px"">Press <strong>k</strong> for yes, <strong>d</strong> for no.</p>","","","testing","WBCHFYBT","d","[""morcodeXmorcode""]","false","","",""
"637","k","html-keyboard-response","681","930018","0.0-24.0-0.25","6980c16f9985e39f6bcbbe3a","69de1b11a980ed2dab60a60c","69dfc595dab1511c600af1bf","<p style=""font-size: 30px"">&emsp;</p><br><p style=""font-size: 60px; font-family: FragmentMono"">LRYWVDIS<p style=""font-size: 15px"">Press <strong>k</strong> for yes, <strong>d</strong> for no.</p>","","","testing","LRYWVDIS","k","[""morphemeXmorpheme""]","true","","",""
"1045","k","html-keyboard-response","682","931065","0.0-24.0-0.26","6980c16f9985e39f6bcbbe3a","69de1b11a980ed2dab60a60c","69dfc595dab1511c600af1bf","<p style=""font-size: 30px"">&emsp;</p><br><p style=""font-size: 60px; font-family: FragmentMono"">UXWLBHPZ<p style=""font-size: 15px"">Press <strong>k</strong> for yes, <strong>d</strong> for no.</p>","","","testing","UXWLBHPZ","d","[""morphemeXmorpheme""]","false","","",""
"919","d","html-keyboard-response","683","931986","0.0-24.0-0.27","6980c16f9985e39f6bcbbe3a","69de1b11a980ed2dab60a60c","69dfc595dab1511c600af1bf","<p style=""font-size: 30px"">&emsp;</p><br><p style=""font-size: 60px; font-family: FragmentMono"">XILSVDIS<p style=""font-size: 15px"">Press <strong>k</strong> for yes, <strong>d</strong> for no.</p>","","","testing","XILSVDIS","k","[""morcodeXmorpheme""]","false","","",""
"782","k","html-keyboard-response","684","932769","0.0-24.0-0.28","6980c16f9985e39f6bcbbe3a","69de1b11a980ed2dab60a60c","69dfc595dab1511c600af1bf","<p style=""font-size: 30px"">&emsp;</p><br><p style=""font-size: 60px; font-family: FragmentMono"">QRBJSNUX<p style=""font-size: 15px"">Press <strong>k</strong> for yes, <strong>d</strong> for no.</p>","","","testing","QRBJSNUX","d","[""morcodeXmorcode""]","false","","",""
"693","k","html-keyboard-response","685","933463","0.0-24.0-0.29","6980c16f9985e39f6bcbbe3a","69de1b11a980ed2dab60a60c","69dfc595dab1511c600af1bf","<p style=""font-size: 30px"">&emsp;</p><br><p style=""font-size: 60px; font-family: FragmentMono"">EMCPDJN<p style=""font-size: 15px"">Press <strong>k</strong> for yes, <strong>d</strong> for no.</p>","","","testing","EMCPDJN","d","[""morcodeXmorcode""]","false","","",""
"748","d","html-keyboard-response","686","934213","0.0-24.0-0.30","6980c16f9985e39f6bcbbe3a","69de1b11a980ed2dab60a60c","69dfc595dab1511c600af1bf","<p style=""font-size: 30px"">&emsp;</p><br><p style=""font-size: 60px; font-family: FragmentMono"">BRSWXBVLT<p style=""font-size: 15px"">Press <strong>k</strong> for yes, <strong>d</strong> for no.</p>","","","testing","BRSWXBVLT","k","[""morphemeXmorpheme""]","false","","",""
"890","k","html-keyboard-response","687","935104","0.0-24.0-0.31","6980c16f9985e39f6bcbbe3a","69de1b11a980ed2dab60a60c","69dfc595dab1511c600af1bf","<p style=""font-size: 30px"">&emsp;</p><br><p style=""font-size: 60px; font-family: FragmentMono"">VPKWHYFJ<p style=""font-size: 15px"">Press <strong>k</strong> for yes, <strong>d</strong> for no.</p>","","","testing","VPKWHYFJ","k","[""morphemeXmorpheme""]","true","","",""
"779","d","html-keyboard-response","688","935884","0.0-24.0-0.32","6980c16f9985e39f6bcbbe3a","69de1b11a980ed2dab60a60c","69dfc595dab1511c600af1bf","<p style=""font-size: 30px"">&emsp;</p><br><p style=""font-size: 60px; font-family: FragmentMono"">KMSKPZKS<p style=""font-size: 15px"">Press <strong>k</strong> for yes, <strong>d</strong> for no.</p>","","","testing","KMSKPZKS","k","[""morphemeXmorpheme""]","false","","",""
"795","k","html-keyboard-response","689","936680","0.0-24.0-0.33","6980c16f9985e39f6bcbbe3a","69de1b11a980ed2dab60a60c","69dfc595dab1511c600af1bf","<p style=""font-size: 30px"">&emsp;</p><br><p style=""font-size: 60px; font-family: FragmentMono"">ZTKEHWSH<p style=""font-size: 15px"">Press <strong>k</strong> for yes, <strong>d</strong> for no.</p>","","","testing","ZTKEHWSH","k","[""morphemeXmorcode""]","true","","",""
"467","d","html-keyboard-response","690","937149","0.0-24.0-0.34","6980c16f9985e39f6bcbbe3a","69de1b11a980ed2dab60a60c","69dfc595dab1511c600af1bf","<p style=""font-size: 30px"">&emsp;</p><br><p style=""font-size: 60px; font-family: FragmentMono"">PBIQUVMIX<p style=""font-size: 15px"">Press <strong>k</strong> for yes, <strong>d</strong> for no.</p>","","","testing","PBIQUVMIX","d","[""morcodeXmorcode""]","true","","",""
"659","d","html-keyboard-response","691","937810","0.0-24.0-0.35","6980c16f9985e39f6bcbbe3a","69de1b11a980ed2dab60a60c","69dfc595dab1511c600af1bf","<p style=""font-size: 30px"">&emsp;</p><br><p style=""font-size: 60px; font-family: FragmentMono"">ZFBJOKDV<p style=""font-size: 15px"">Press <strong>k</strong> for yes, <strong>d</strong> for no.</p>","","","testing","ZFBJOKDV","d","[""morcodeXmorcode""]","true","","",""
"794","d","html-keyboard-response","692","938606","0.0-24.0-0.36","6980c16f9985e39f6bcbbe3a","69de1b11a980ed2dab60a60c","69dfc595dab1511c600af1bf","<p style=""font-size: 30px"">&emsp;</p><br><p style=""font-size: 60px; font-family: FragmentMono"">ZTKEHYFJ<p style=""font-size: 15px"">Press <strong>k</strong> for yes, <strong>d</strong> for no.</p>","","","testing","ZTKEHYFJ","d","[""morphemeXmorpheme""]","true","","",""
"817","d","html-keyboard-response","693","939425","0.0-24.0-0.37","6980c16f9985e39f6bcbbe3a","69de1b11a980ed2dab60a60c","69dfc595dab1511c600af1bf","<p style=""font-size: 30px"">&emsp;</p><br><p style=""font-size: 60px; font-family: FragmentMono"">XQXQFQPMY<p style=""font-size: 15px"">Press <strong>k</strong> for yes, <strong>d</strong> for no.</p>","","","testing","XQXQFQPMY","d","[""morcodeXmorcode""]","true","","",""
"891","d","html-keyboard-response","694","940318","0.0-24.0-0.38","6980c16f9985e39f6bcbbe3a","69de1b11a980ed2dab60a60c","69dfc595dab1511c600af1bf","<p style=""font-size: 30px"">&emsp;</p><br><p style=""font-size: 60px; font-family: FragmentMono"">YSWYOSVN<p style=""font-size: 15px"">Press <strong>k</strong> for yes, <strong>d</strong> for no.</p>","","","testing","YSWYOSVN","d","[""morcodeXmorcode""]","true","","",""
"828","k","html-keyboard-response","695","941147","0.0-24.0-0.39","6980c16f9985e39f6bcbbe3a","69de1b11a980ed2dab60a60c","69dfc595dab1511c600af1bf","<p style=""font-size: 30px"">&emsp;</p><br><p style=""font-size: 60px; font-family: FragmentMono"">RZDEAWSU<p style=""font-size: 15px"">Press <strong>k</strong> for yes, <strong>d</strong> for no.</p>","","","testing","RZDEAWSU","k","[""morcodeXmorpheme""]","true","","",""
"829","k","html-keyboard-response","696","941977","0.0-24.0-0.40","6980c16f9985e39f6bcbbe3a","69de1b11a980ed2dab60a60c","69dfc595dab1511c600af1bf","<p style=""font-size: 30px"">&emsp;</p><br><p style=""font-size: 60px; font-family: FragmentMono"">GQFHXPZKS<p style=""font-size: 15px"">Press <strong>k</strong> for yes, <strong>d</strong> for no.</p>","","","testing","GQFHXPZKS","d","[""morphemeXmorpheme""]","false","","",""
"1010","k","html-keyboard-response","697","942988","0.0-24.0-0.41","6980c16f9985e39f6bcbbe3a","69de1b11a980ed2dab60a60c","69dfc595dab1511c600af1bf","<p style=""font-size: 30px"">&emsp;</p><br><p style=""font-size: 60px; font-family: FragmentMono"">PQYCZDEIQ<p style=""font-size: 15px"">Press <strong>k</strong> for yes, <strong>d</strong> for no.</p>","","","testing","PQYCZDEIQ","d","[""morcodeXmorcode""]","false","","",""
"1028","k","html-keyboard-response","698","944017","0.0-24.0-0.42","6980c16f9985e39f6bcbbe3a","69de1b11a980ed2dab60a60c","69dfc595dab1511c600af1bf","<p style=""font-size: 30px"">&emsp;</p><br><p style=""font-size: 60px; font-family: FragmentMono"">BRSWXBIPA<p style=""font-size: 15px"">Press <strong>k</strong> for yes, <strong>d</strong> for no.</p>","","","testing","BRSWXBIPA","k","[""morphemeXmorcode""]","true","","",""
"998","d","html-keyboard-response","699","945017","0.0-24.0-0.43","6980c16f9985e39f6bcbbe3a","69de1b11a980ed2dab60a60c","69dfc595dab1511c600af1bf","<p style=""font-size: 30px"">&emsp;</p><br><p style=""font-size: 60px; font-family: FragmentMono"">UABSBHPZ<p style=""font-size: 15px"">Press <strong>k</strong> for yes, <strong>d</strong> for no.</p>","","","testing","UABSBHPZ","d","[""morphemeXmorpheme""]","true","","",""
"1342","k","html-keyboard-response","700","946360","0.0-24.0-0.44","6980c16f9985e39f6bcbbe3a","69de1b11a980ed2dab60a60c","69dfc595dab1511c600af1bf","<p style=""font-size: 30px"">&emsp;</p><br><p style=""font-size: 60px; font-family: FragmentMono"">JBNIYVN<p style=""font-size: 15px"">Press <strong>k</strong> for yes, <strong>d</strong> for no.</p>","","","testing","JBNIYVN","k","[""morphemeXmorcode""]","true","","",""
"1030","k","html-keyboard-response","701","947392","0.0-24.0-0.45","6980c16f9985e39f6bcbbe3a","69de1b11a980ed2dab60a60c","69dfc595dab1511c600af1bf","<p style=""font-size: 30px"">&emsp;</p><br><p style=""font-size: 60px; font-family: FragmentMono"">CFDTAPMZ<p style=""font-size: 15px"">Press <strong>k</strong> for yes, <strong>d</strong> for no.</p>","","","testing","CFDTAPMZ","k","[""morcodeXmorpheme""]","true","","",""
"1100","k","html-keyboard-response","702","948494","0.0-24.0-0.46","6980c16f9985e39f6bcbbe3a","69de1b11a980ed2dab60a60c","69dfc595dab1511c600af1bf","<p style=""font-size: 30px"">&emsp;</p><br><p style=""font-size: 60px; font-family: FragmentMono"">VPKWHKYI<p style=""font-size: 15px"">Press <strong>k</strong> for yes, <strong>d</strong> for no.</p>","","","testing","VPKWHKYI","k","[""morphemeXmorcode""]","true","","",""
"1195","k","html-keyboard-response","703","949691","0.0-24.0-0.47","6980c16f9985e39f6bcbbe3a","69de1b11a980ed2dab60a60c","69dfc595dab1511c600af1bf","<p style=""font-size: 30px"">&emsp;</p><br><p style=""font-size: 60px; font-family: FragmentMono"">AKYSGLY<p style=""font-size: 15px"">Press <strong>k</strong> for yes, <strong>d</strong> for no.</p>","","","testing","AKYSGLY","d","[""morcodeXmorcode""]","false","","",""
"845","k","html-keyboard-response","704","950537","0.0-24.0-0.48","6980c16f9985e39f6bcbbe3a","69de1b11a980ed2dab60a60c","69dfc595dab1511c600af1bf","<p style=""font-size: 30px"">&emsp;</p><br><p style=""font-size: 60px; font-family: FragmentMono"">JBNISXD<p style=""font-size: 15px"">Press <strong>k</strong> for yes, <strong>d</strong> for no.</p>","","","testing","JBNISXD","k","[""morphemeXmorpheme""]","true","","",""
"1491","d","html-keyboard-response","705","952029","0.0-24.0-0.49","6980c16f9985e39f6bcbbe3a","69de1b11a980ed2dab60a60c","69dfc595dab1511c600af1bf","<p style=""font-size: 30px"">&emsp;</p><br><p style=""font-size: 60px; font-family: FragmentMono"">NTGLGLHQ<p style=""font-size: 15px"">Press <strong>k</strong> for yes, <strong>d</strong> for no.</p>","","","testing","NTGLGLHQ","d","[""morcodeXmorcode""]","true","","",""
"1500","k","html-keyboard-response","706","953531","0.0-24.0-0.50","6980c16f9985e39f6bcbbe3a","69de1b11a980ed2dab60a60c","69dfc595dab1511c600af1bf","<p style=""font-size: 30px"">&emsp;</p><br><p style=""font-size: 60px; font-family: FragmentMono"">LQXISXD<p style=""font-size: 15px"">Press <strong>k</strong> for yes, <strong>d</strong> for no.</p>","","","testing","LQXISXD","d","[""morphemeXmorpheme""]","false","","",""
"2160","k","html-keyboard-response","707","955692","0.0-24.0-0.51","6980c16f9985e39f6bcbbe3a","69de1b11a980ed2dab60a60c","69dfc595dab1511c600af1bf","<p style=""font-size: 30px"">&emsp;</p><br><p style=""font-size: 60px; font-family: FragmentMono"">JZQMJDGI<p style=""font-size: 15px"">Press <strong>k</strong> for yes, <strong>d</strong> for no.</p>","","","testing","JZQMJDGI","k","[""morcodeXmorpheme""]","true","","",""
"2524"," ","html-keyboard-response","708","958216","0.0-24.0-1.51-0.51","6980c16f9985e39f6bcbbe3a","69de1b11a980ed2dab60a60c","69dfc595dab1511c600af1bf","<p style=""font-size: 30px; color: red"">Careful! You were too slow for this word.</p>
      <p style=""font-size: 30px; color: red"">Try to be faster.</p><p></p><p>Press the spacebar to continue.</p>","","","","","","","","","",""
"928","k","html-keyboard-response","709","959146","0.0-24.0-0.52","6980c16f9985e39f6bcbbe3a","69de1b11a980ed2dab60a60c","69dfc595dab1511c600af1bf","<p style=""font-size: 30px"">&emsp;</p><br><p style=""font-size: 60px; font-family: FragmentMono"">XQTKWKBY<p style=""font-size: 15px"">Press <strong>k</strong> for yes, <strong>d</strong> for no.</p>","","","testing","XQTKWKBY","d","[""morphemeXmorpheme""]","false","","",""
"803","k","html-keyboard-response","710","959950","0.0-24.0-0.53","6980c16f9985e39f6bcbbe3a","69de1b11a980ed2dab60a60c","69dfc595dab1511c600af1bf","<p style=""font-size: 30px"">&emsp;</p><br><p style=""font-size: 60px; font-family: FragmentMono"">ZBTFSXD<p style=""font-size: 15px"">Press <strong>k</strong> for yes, <strong>d</strong> for no.</p>","","","testing","ZBTFSXD","k","[""morcodeXmorpheme""]","true","","",""
"743","d","html-keyboard-response","711","960695","0.0-24.0-0.54","6980c16f9985e39f6bcbbe3a","69de1b11a980ed2dab60a60c","69dfc595dab1511c600af1bf","<p style=""font-size: 30px"">&emsp;</p><br><p style=""font-size: 60px; font-family: FragmentMono"">IFZBZFGC<p style=""font-size: 15px"">Press <strong>k</strong> for yes, <strong>d</strong> for no.</p>","","","testing","IFZBZFGC","d","[""morcodeXmorcode""]","true","","",""
"626","k","html-keyboard-response","712","961322","0.0-24.0-0.55","6980c16f9985e39f6bcbbe3a","69de1b11a980ed2dab60a60c","69dfc595dab1511c600af1bf","<p style=""font-size: 30px"">&emsp;</p><br><p style=""font-size: 60px; font-family: FragmentMono"">KMSKTJGU<p style=""font-size: 15px"">Press <strong>k</strong> for yes, <strong>d</strong> for no.</p>","","","testing","KMSKTJGU","k","[""morphemeXmorcode""]","true","","",""
"552","d","html-keyboard-response","713","961876","0.0-24.0-0.56","6980c16f9985e39f6bcbbe3a","69de1b11a980ed2dab60a60c","69dfc595dab1511c600af1bf","<p style=""font-size: 30px"">&emsp;</p><br><p style=""font-size: 60px; font-family: FragmentMono"">NLQDSXD<p style=""font-size: 15px"">Press <strong>k</strong> for yes, <strong>d</strong> for no.</p>","","","testing","NLQDSXD","k","[""morcodeXmorpheme""]","false","","",""
"653","k","html-keyboard-response","714","962531","0.0-24.0-0.57","6980c16f9985e39f6bcbbe3a","69de1b11a980ed2dab60a60c","69dfc595dab1511c600af1bf","<p style=""font-size: 30px"">&emsp;</p><br><p style=""font-size: 60px; font-family: FragmentMono"">RMPEDGI<p style=""font-size: 15px"">Press <strong>k</strong> for yes, <strong>d</strong> for no.</p>","","","testing","RMPEDGI","k","[""morcodeXmorpheme""]","true","","",""
"762","d","html-keyboard-response","715","963294","0.0-24.0-0.58","6980c16f9985e39f6bcbbe3a","69de1b11a980ed2dab60a60c","69dfc595dab1511c600af1bf","<p style=""font-size: 30px"">&emsp;</p><br><p style=""font-size: 60px; font-family: FragmentMono"">WFQNZSXD<p style=""font-size: 15px"">Press <strong>k</strong> for yes, <strong>d</strong> for no.</p>","","","testing","WFQNZSXD","k","[""morphemeXmorpheme""]","false","","",""
"740","d","html-keyboard-response","716","964035","0.0-24.0-0.59","6980c16f9985e39f6bcbbe3a","69de1b11a980ed2dab60a60c","69dfc595dab1511c600af1bf","<p style=""font-size: 30px"">&emsp;</p><br><p style=""font-size: 60px; font-family: FragmentMono"">UWNPGYV<p style=""font-size: 15px"">Press <strong>k</strong> for yes, <strong>d</strong> for no.</p>","","","testing","UWNPGYV","d","[""morcodeXmorcode""]","true","","",""
"824","k","html-keyboard-response","717","964859","0.0-24.0-0.60","6980c16f9985e39f6bcbbe3a","69de1b11a980ed2dab60a60c","69dfc595dab1511c600af1bf","<p style=""font-size: 30px"">&emsp;</p><br><p style=""font-size: 60px; font-family: FragmentMono"">CQBFSWKT<p style=""font-size: 15px"">Press <strong>k</strong> for yes, <strong>d</strong> for no.</p>","","","testing","CQBFSWKT","d","[""morcodeXmorcode""]","false","","",""
"457","k","html-keyboard-response","718","965317","0.0-24.0-0.61","6980c16f9985e39f6bcbbe3a","69de1b11a980ed2dab60a60c","69dfc595dab1511c600af1bf","<p style=""font-size: 30px"">&emsp;</p><br><p style=""font-size: 60px; font-family: FragmentMono"">SQBUAWSU<p style=""font-size: 15px"">Press <strong>k</strong> for yes, <strong>d</strong> for no.</p>","","","testing","SQBUAWSU","k","[""morcodeXmorpheme""]","true","","",""
"639","d","html-keyboard-response","719","965958","0.0-24.0-0.62","6980c16f9985e39f6bcbbe3a","69de1b11a980ed2dab60a60c","69dfc595dab1511c600af1bf","<p style=""font-size: 30px"">&emsp;</p><br><p style=""font-size: 60px; font-family: FragmentMono"">UWQEOEYX<p style=""font-size: 15px"">Press <strong>k</strong> for yes, <strong>d</strong> for no.</p>","","","testing","UWQEOEYX","d","[""morcodeXmorcode""]","true","","",""
"940","d","html-keyboard-response","720","966900","0.0-24.0-0.63","6980c16f9985e39f6bcbbe3a","69de1b11a980ed2dab60a60c","69dfc595dab1511c600af1bf","<p style=""font-size: 30px"">&emsp;</p><br><p style=""font-size: 60px; font-family: FragmentMono"">QTDVTSL<p style=""font-size: 15px"">Press <strong>k</strong> for yes, <strong>d</strong> for no.</p>","","","testing","QTDVTSL","d","[""morcodeXmorcode""]","true","","",""
"911","d","html-keyboard-response","721","967813","0.0-24.0-0.64","6980c16f9985e39f6bcbbe3a","69de1b11a980ed2dab60a60c","69dfc595dab1511c600af1bf","<p style=""font-size: 30px"">&emsp;</p><br><p style=""font-size: 60px; font-family: FragmentMono"">QZBPBHPZ<p style=""font-size: 15px"">Press <strong>k</strong> for yes, <strong>d</strong> for no.</p>","","","testing","QZBPBHPZ","k","[""morcodeXmorpheme""]","false","","",""
"775","k","html-keyboard-response","722","968590","0.0-24.0-0.65","6980c16f9985e39f6bcbbe3a","69de1b11a980ed2dab60a60c","69dfc595dab1511c600af1bf","<p style=""font-size: 30px"">&emsp;</p><br><p style=""font-size: 60px; font-family: FragmentMono"">VRVJMYFT<p style=""font-size: 15px"">Press <strong>k</strong> for yes, <strong>d</strong> for no.</p>","","","testing","VRVJMYFT","d","[""morcodeXmorcode""]","false","","",""
"685","d","html-keyboard-response","723","969276","0.0-24.0-0.66","6980c16f9985e39f6bcbbe3a","69de1b11a980ed2dab60a60c","69dfc595dab1511c600af1bf","<p style=""font-size: 30px"">&emsp;</p><br><p style=""font-size: 60px; font-family: FragmentMono"">SLHUOILVQ<p style=""font-size: 15px"">Press <strong>k</strong> for yes, <strong>d</strong> for no.</p>","","","testing","SLHUOILVQ","k","[""morphemeXmorcode""]","false","","",""
"657","k","html-keyboard-response","724","969935","0.0-24.0-0.67","6980c16f9985e39f6bcbbe3a","69de1b11a980ed2dab60a60c","69dfc595dab1511c600af1bf","<p style=""font-size: 30px"">&emsp;</p><br><p style=""font-size: 60px; font-family: FragmentMono"">VEVCHTSL<p style=""font-size: 15px"">Press <strong>k</strong> for yes, <strong>d</strong> for no.</p>","","","testing","VEVCHTSL","d","[""morcodeXmorcode""]","false","","",""
"505","d","html-keyboard-response","725","970441","0.0-24.0-0.68","6980c16f9985e39f6bcbbe3a","69de1b11a980ed2dab60a60c","69dfc595dab1511c600af1bf","<p style=""font-size: 30px"">&emsp;</p><br><p style=""font-size: 60px; font-family: FragmentMono"">MEOFIEDK<p style=""font-size: 15px"">Press <strong>k</strong> for yes, <strong>d</strong> for no.</p>","","","testing","MEOFIEDK","d","[""morcodeXmorcode""]","true","","",""
"556","d","html-keyboard-response","726","970998","0.0-24.0-0.69","6980c16f9985e39f6bcbbe3a","69de1b11a980ed2dab60a60c","69dfc595dab1511c600af1bf","<p style=""font-size: 30px"">&emsp;</p><br><p style=""font-size: 60px; font-family: FragmentMono"">ZTKEHPMZ<p style=""font-size: 15px"">Press <strong>k</strong> for yes, <strong>d</strong> for no.</p>","","","testing","ZTKEHPMZ","k","[""morphemeXmorpheme""]","false","","",""
"585","d","html-keyboard-response","727","971585","0.0-24.0-0.70","6980c16f9985e39f6bcbbe3a","69de1b11a980ed2dab60a60c","69dfc595dab1511c600af1bf","<p style=""font-size: 30px"">&emsp;</p><br><p style=""font-size: 60px; font-family: FragmentMono"">KQRKWJNV<p style=""font-size: 15px"">Press <strong>k</strong> for yes, <strong>d</strong> for no.</p>","","","testing","KQRKWJNV","d","[""morcodeXmorcode""]","true","","",""
"596","k","html-keyboard-response","728","972183","0.0-24.0-0.71","6980c16f9985e39f6bcbbe3a","69de1b11a980ed2dab60a60c","69dfc595dab1511c600af1bf","<p style=""font-size: 30px"">&emsp;</p><br><p style=""font-size: 60px; font-family: FragmentMono"">XWUBMYFJ<p style=""font-size: 15px"">Press <strong>k</strong> for yes, <strong>d</strong> for no.</p>","","","testing","XWUBMYFJ","k","[""morcodeXmorpheme""]","true","","",""
"700","d","html-keyboard-response","729","972884","0.0-24.0-0.72","6980c16f9985e39f6bcbbe3a","69de1b11a980ed2dab60a60c","69dfc595dab1511c600af1bf","<p style=""font-size: 30px"">&emsp;</p><br><p style=""font-size: 60px; font-family: FragmentMono"">MKCIYKBY<p style=""font-size: 15px"">Press <strong>k</strong> for yes, <strong>d</strong> for no.</p>","","","testing","MKCIYKBY","k","[""morcodeXmorpheme""]","false","","",""
"734","k","html-keyboard-response","730","973619","0.0-24.0-0.73","6980c16f9985e39f6bcbbe3a","69de1b11a980ed2dab60a60c","69dfc595dab1511c600af1bf","<p style=""font-size: 30px"">&emsp;</p><br><p style=""font-size: 60px; font-family: FragmentMono"">TPABLDGI<p style=""font-size: 15px"">Press <strong>k</strong> for yes, <strong>d</strong> for no.</p>","","","testing","TPABLDGI","k","[""morphemeXmorpheme""]","true","","",""
"675","k","html-keyboard-response","731","974296","0.0-24.0-0.74","6980c16f9985e39f6bcbbe3a","69de1b11a980ed2dab60a60c","69dfc595dab1511c600af1bf","<p style=""font-size: 30px"">&emsp;</p><br><p style=""font-size: 60px; font-family: FragmentMono"">KMSKAWSU<p style=""font-size: 15px"">Press <strong>k</strong> for yes, <strong>d</strong> for no.</p>","","","testing","KMSKAWSU","d","[""morphemeXmorpheme""]","false","","",""
"532","d","html-keyboard-response","732","974829","0.0-24.0-0.75","6980c16f9985e39f6bcbbe3a","69de1b11a980ed2dab60a60c","69dfc595dab1511c600af1bf","<p style=""font-size: 30px"">&emsp;</p><br><p style=""font-size: 60px; font-family: FragmentMono"">IPHAQVBMT<p style=""font-size: 15px"">Press <strong>k</strong> for yes, <strong>d</strong> for no.</p>","","","testing","IPHAQVBMT","d","[""morcodeXmorcode""]","true","","",""
"520","d","html-keyboard-response","733","975350","0.0-24.0-0.76","6980c16f9985e39f6bcbbe3a","69de1b11a980ed2dab60a60c","69dfc595dab1511c600af1bf","<p style=""font-size: 30px"">&emsp;</p><br><p style=""font-size: 60px; font-family: FragmentMono"">QANKYVRVJ<p style=""font-size: 15px"">Press <strong>k</strong> for yes, <strong>d</strong> for no.</p>","","","testing","QANKYVRVJ","d","[""morcodeXmorcode""]","true","","",""
"771","k","html-keyboard-response","734","976123","0.0-24.0-0.77","6980c16f9985e39f6bcbbe3a","69de1b11a980ed2dab60a60c","69dfc595dab1511c600af1bf","<p style=""font-size: 30px"">&emsp;</p><br><p style=""font-size: 60px; font-family: FragmentMono"">JEGIEDK<p style=""font-size: 15px"">Press <strong>k</strong> for yes, <strong>d</strong> for no.</p>","","","testing","JEGIEDK","d","[""morcodeXmorcode""]","false","","",""
"465","d","html-keyboard-response","735","976590","0.0-24.0-0.78","6980c16f9985e39f6bcbbe3a","69de1b11a980ed2dab60a60c","69dfc595dab1511c600af1bf","<p style=""font-size: 30px"">&emsp;</p><br><p style=""font-size: 60px; font-family: FragmentMono"">UABSKBY<p style=""font-size: 15px"">Press <strong>k</strong> for yes, <strong>d</strong> for no.</p>","","","testing","UABSKBY","k","[""morphemeXmorpheme""]","false","","",""
"850","d","html-keyboard-response","736","977441","0.0-24.0-0.79","6980c16f9985e39f6bcbbe3a","69de1b11a980ed2dab60a60c","69dfc595dab1511c600af1bf","<p style=""font-size: 30px"">&emsp;</p><br><p style=""font-size: 60px; font-family: FragmentMono"">WZUYTVDIS<p style=""font-size: 15px"">Press <strong>k</strong> for yes, <strong>d</strong> for no.</p>","","","testing","WZUYTVDIS","k","[""morcodeXmorpheme""]","false","","",""
"734","k","html-keyboard-response","737","978176","0.0-24.0-0.80","6980c16f9985e39f6bcbbe3a","69de1b11a980ed2dab60a60c","69dfc595dab1511c600af1bf","<p style=""font-size: 30px"">&emsp;</p><br><p style=""font-size: 60px; font-family: FragmentMono"">BTEHJEGI<p style=""font-size: 15px"">Press <strong>k</strong> for yes, <strong>d</strong> for no.</p>","","","testing","BTEHJEGI","d","[""morcodeXmorcode""]","false","","",""
"601","k","html-keyboard-response","738","978778","0.0-24.0-0.81","6980c16f9985e39f6bcbbe3a","69de1b11a980ed2dab60a60c","69dfc595dab1511c600af1bf","<p style=""font-size: 30px"">&emsp;</p><br><p style=""font-size: 60px; font-family: FragmentMono"">DHNYPMZ<p style=""font-size: 15px"">Press <strong>k</strong> for yes, <strong>d</strong> for no.</p>","","","testing","DHNYPMZ","k","[""morphemeXmorpheme""]","true","","",""
"660","k","html-keyboard-response","739","979439","0.0-24.0-0.82","6980c16f9985e39f6bcbbe3a","69de1b11a980ed2dab60a60c","69dfc595dab1511c600af1bf","<p style=""font-size: 30px"">&emsp;</p><br><p style=""font-size: 60px; font-family: FragmentMono"">EPKSYFJ<p style=""font-size: 15px"">Press <strong>k</strong> for yes, <strong>d</strong> for no.</p>","","","testing","EPKSYFJ","k","[""morcodeXmorpheme""]","true","","",""
"661","k","html-keyboard-response","740","980101","0.0-24.0-0.83","6980c16f9985e39f6bcbbe3a","69de1b11a980ed2dab60a60c","69dfc595dab1511c600af1bf","<p style=""font-size: 30px"">&emsp;</p><br><p style=""font-size: 60px; font-family: FragmentMono"">LQXIVDIS<p style=""font-size: 15px"">Press <strong>k</strong> for yes, <strong>d</strong> for no.</p>","","","testing","LQXIVDIS","k","[""morphemeXmorpheme""]","true","","",""
"598","k","html-keyboard-response","741","980700","0.0-24.0-0.84","6980c16f9985e39f6bcbbe3a","69de1b11a980ed2dab60a60c","69dfc595dab1511c600af1bf","<p style=""font-size: 30px"">&emsp;</p><br><p style=""font-size: 60px; font-family: FragmentMono"">FWTPNQDZ<p style=""font-size: 15px"">Press <strong>k</strong> for yes, <strong>d</strong> for no.</p>","","","testing","FWTPNQDZ","k","[""morphemeXmorcode""]","true","","",""
"698","k","html-keyboard-response","742","981399","0.0-24.0-0.85","6980c16f9985e39f6bcbbe3a","69de1b11a980ed2dab60a60c","69dfc595dab1511c600af1bf","<p style=""font-size: 30px"">&emsp;</p><br><p style=""font-size: 60px; font-family: FragmentMono"">XQTKWBHPZ<p style=""font-size: 15px"">Press <strong>k</strong> for yes, <strong>d</strong> for no.</p>","","","testing","XQTKWBHPZ","k","[""morphemeXmorpheme""]","true","","",""
"774","d","html-keyboard-response","743","982175","0.0-24.0-0.86","6980c16f9985e39f6bcbbe3a","69de1b11a980ed2dab60a60c","69dfc595dab1511c600af1bf","<p style=""font-size: 30px"">&emsp;</p><br><p style=""font-size: 60px; font-family: FragmentMono"">CVJTPZKS<p style=""font-size: 15px"">Press <strong>k</strong> for yes, <strong>d</strong> for no.</p>","","","testing","CVJTPZKS","k","[""morphemeXmorpheme""]","false","","",""
"811","k","html-keyboard-response","744","982988","0.0-24.0-0.87","6980c16f9985e39f6bcbbe3a","69de1b11a980ed2dab60a60c","69dfc595dab1511c600af1bf","<p style=""font-size: 30px"">&emsp;</p><br><p style=""font-size: 60px; font-family: FragmentMono"">MGALDGI<p style=""font-size: 15px"">Press <strong>k</strong> for yes, <strong>d</strong> for no.</p>","","","testing","MGALDGI","k","[""morphemeXmorpheme""]","true","","",""
"739","k","html-keyboard-response","745","983728","0.0-24.0-0.88","6980c16f9985e39f6bcbbe3a","69de1b11a980ed2dab60a60c","69dfc595dab1511c600af1bf","<p style=""font-size: 30px"">&emsp;</p><br><p style=""font-size: 60px; font-family: FragmentMono"">JBNIVDIS<p style=""font-size: 15px"">Press <strong>k</strong> for yes, <strong>d</strong> for no.</p>","","","testing","JBNIVDIS","d","[""morphemeXmorpheme""]","false","","",""
"759","k","html-keyboard-response","746","984489","0.0-24.0-0.89","6980c16f9985e39f6bcbbe3a","69de1b11a980ed2dab60a60c","69dfc595dab1511c600af1bf","<p style=""font-size: 30px"">&emsp;</p><br><p style=""font-size: 60px; font-family: FragmentMono"">DHNYPYB<p style=""font-size: 15px"">Press <strong>k</strong> for yes, <strong>d</strong> for no.</p>","","","testing","DHNYPYB","k","[""morphemeXmorcode""]","true","","",""
"578","d","html-keyboard-response","747","985069","0.0-24.0-0.90","6980c16f9985e39f6bcbbe3a","69de1b11a980ed2dab60a60c","69dfc595dab1511c600af1bf","<p style=""font-size: 30px"">&emsp;</p><br><p style=""font-size: 60px; font-family: FragmentMono"">XQTKWOWJB<p style=""font-size: 15px"">Press <strong>k</strong> for yes, <strong>d</strong> for no.</p>","","","testing","XQTKWOWJB","k","[""morphemeXmorcode""]","false","","",""
"449","k","html-keyboard-response","748","985520","0.0-24.0-0.91","6980c16f9985e39f6bcbbe3a","69de1b11a980ed2dab60a60c","69dfc595dab1511c600af1bf","<p style=""font-size: 30px"">&emsp;</p><br><p style=""font-size: 60px; font-family: FragmentMono"">UXWLUZQ<p style=""font-size: 15px"">Press <strong>k</strong> for yes, <strong>d</strong> for no.</p>","","","testing","UXWLUZQ","k","[""morphemeXmorcode""]","true","","",""
"652","d","html-keyboard-response","749","986173","0.0-24.0-0.92","6980c16f9985e39f6bcbbe3a","69de1b11a980ed2dab60a60c","69dfc595dab1511c600af1bf","<p style=""font-size: 30px"">&emsp;</p><br><p style=""font-size: 60px; font-family: FragmentMono"">VRVJKYNY<p style=""font-size: 15px"">Press <strong>k</strong> for yes, <strong>d</strong> for no.</p>","","","testing","VRVJKYNY","d","[""morcodeXmorcode""]","true","","",""
"404","k","html-keyboard-response","750","986578","0.0-24.0-0.93","6980c16f9985e39f6bcbbe3a","69de1b11a980ed2dab60a60c","69dfc595dab1511c600af1bf","<p style=""font-size: 30px"">&emsp;</p><br><p style=""font-size: 60px; font-family: FragmentMono"">MSYCJKL<p style=""font-size: 15px"">Press <strong>k</strong> for yes, <strong>d</strong> for no.</p>","","","testing","MSYCJKL","d","[""morcodeXmorcode""]","false","","",""
"449","d","html-keyboard-response","751","987029","0.0-24.0-0.94","6980c16f9985e39f6bcbbe3a","69de1b11a980ed2dab60a60c","69dfc595dab1511c600af1bf","<p style=""font-size: 30px"">&emsp;</p><br><p style=""font-size: 60px; font-family: FragmentMono"">VFZKDBVLT<p style=""font-size: 15px"">Press <strong>k</strong> for yes, <strong>d</strong> for no.</p>","","","testing","VFZKDBVLT","k","[""morcodeXmorpheme""]","false","","",""
"480","k","html-keyboard-response","752","987510","0.0-24.0-0.95","6980c16f9985e39f6bcbbe3a","69de1b11a980ed2dab60a60c","69dfc595dab1511c600af1bf","<p style=""font-size: 30px"">&emsp;</p><br><p style=""font-size: 60px; font-family: FragmentMono"">ESDZQNKMT<p style=""font-size: 15px"">Press <strong>k</strong> for yes, <strong>d</strong> for no.</p>","","","testing","ESDZQNKMT","d","[""morcodeXmorcode""]","false","","",""
"492","k","html-keyboard-response","753","988004","0.0-24.0-0.96","6980c16f9985e39f6bcbbe3a","69de1b11a980ed2dab60a60c","69dfc595dab1511c600af1bf","<p style=""font-size: 30px"">&emsp;</p><br><p style=""font-size: 60px; font-family: FragmentMono"">HTZXDKBY<p style=""font-size: 15px"">Press <strong>k</strong> for yes, <strong>d</strong> for no.</p>","","","testing","HTZXDKBY","d","[""morphemeXmorpheme""]","false","","",""
"437","k","html-keyboard-response","754","988442","0.0-24.0-0.97","6980c16f9985e39f6bcbbe3a","69de1b11a980ed2dab60a60c","69dfc595dab1511c600af1bf","<p style=""font-size: 30px"">&emsp;</p><br><p style=""font-size: 60px; font-family: FragmentMono"">LQXIXFSV<p style=""font-size: 15px"">Press <strong>k</strong> for yes, <strong>d</strong> for no.</p>","","","testing","LQXIXFSV","k","[""morphemeXmorcode""]","true","","",""
"813","k","html-keyboard-response","755","989256","0.0-24.0-0.98","6980c16f9985e39f6bcbbe3a","69de1b11a980ed2dab60a60c","69dfc595dab1511c600af1bf","<p style=""font-size: 30px"">&emsp;</p><br><p style=""font-size: 60px; font-family: FragmentMono"">CYFTGPHZ<p style=""font-size: 15px"">Press <strong>k</strong> for yes, <strong>d</strong> for no.</p>","","","testing","CYFTGPHZ","d","[""morcodeXmorcode""]","false","","",""
"832","k","html-keyboard-response","756","990090","0.0-24.0-0.99","6980c16f9985e39f6bcbbe3a","69de1b11a980ed2dab60a60c","69dfc595dab1511c600af1bf","<p style=""font-size: 30px"">&emsp;</p><br><p style=""font-size: 60px; font-family: FragmentMono"">UABSHPS<p style=""font-size: 15px"">Press <strong>k</strong> for yes, <strong>d</strong> for no.</p>","","","testing","UABSHPS","k","[""morphemeXmorcode""]","true","","",""
"872","d","html-keyboard-response","757","990964","0.0-24.0-0.100","6980c16f9985e39f6bcbbe3a","69de1b11a980ed2dab60a60c","69dfc595dab1511c600af1bf","<p style=""font-size: 30px"">&emsp;</p><br><p style=""font-size: 60px; font-family: FragmentMono"">DHNYYFJ<p style=""font-size: 15px"">Press <strong>k</strong> for yes, <strong>d</strong> for no.</p>","","","testing","DHNYYFJ","d","[""morphemeXmorpheme""]","true","","",""
"584","k","html-keyboard-response","758","991550","0.0-24.0-0.101","6980c16f9985e39f6bcbbe3a","69de1b11a980ed2dab60a60c","69dfc595dab1511c600af1bf","<p style=""font-size: 30px"">&emsp;</p><br><p style=""font-size: 60px; font-family: FragmentMono"">EZSJIPTP<p style=""font-size: 15px"">Press <strong>k</strong> for yes, <strong>d</strong> for no.</p>","","","testing","EZSJIPTP","d","[""morcodeXmorcode""]","false","","",""
"788","k","html-keyboard-response","759","992340","0.0-24.0-0.102","6980c16f9985e39f6bcbbe3a","69de1b11a980ed2dab60a60c","69dfc595dab1511c600af1bf","<p style=""font-size: 30px"">&emsp;</p><br><p style=""font-size: 60px; font-family: FragmentMono"">LRYWPBKN<p style=""font-size: 15px"">Press <strong>k</strong> for yes, <strong>d</strong> for no.</p>","","","testing","LRYWPBKN","k","[""morphemeXmorcode""]","true","","",""
"853","k","html-keyboard-response","760","993194","0.0-24.0-0.103","6980c16f9985e39f6bcbbe3a","69de1b11a980ed2dab60a60c","69dfc595dab1511c600af1bf","<p style=""font-size: 30px"">&emsp;</p><br><p style=""font-size: 60px; font-family: FragmentMono"">UBSUPOKJ<p style=""font-size: 15px"">Press <strong>k</strong> for yes, <strong>d</strong> for no.</p>","","","testing","UBSUPOKJ","k","[""morphemeXmorcode""]","true","","",""
"811","k","html-keyboard-response","761","994007","0.0-24.0-0.104","6980c16f9985e39f6bcbbe3a","69de1b11a980ed2dab60a60c","69dfc595dab1511c600af1bf","<p style=""font-size: 30px"">&emsp;</p><br><p style=""font-size: 60px; font-family: FragmentMono"">HTZXDBHPZ<p style=""font-size: 15px"">Press <strong>k</strong> for yes, <strong>d</strong> for no.</p>","","","testing","HTZXDBHPZ","k","[""morphemeXmorpheme""]","true","","",""
"624","k","html-keyboard-response","762","994632","0.0-24.0-0.105","6980c16f9985e39f6bcbbe3a","69de1b11a980ed2dab60a60c","69dfc595dab1511c600af1bf","<p style=""font-size: 30px"">&emsp;</p><br><p style=""font-size: 60px; font-family: FragmentMono"">JKGDBVLT<p style=""font-size: 15px"">Press <strong>k</strong> for yes, <strong>d</strong> for no.</p>","","","testing","JKGDBVLT","k","[""morcodeXmorpheme""]","true","","",""
"721","d","html-keyboard-response","763","995354","0.0-24.0-0.106","6980c16f9985e39f6bcbbe3a","69de1b11a980ed2dab60a60c","69dfc595dab1511c600af1bf","<p style=""font-size: 30px"">&emsp;</p><br><p style=""font-size: 60px; font-family: FragmentMono"">HTZXDYFHR<p style=""font-size: 15px"">Press <strong>k</strong> for yes, <strong>d</strong> for no.</p>","","","testing","HTZXDYFHR","k","[""morphemeXmorcode""]","false","","",""
"716","k","html-keyboard-response","764","996072","0.0-24.0-0.107","6980c16f9985e39f6bcbbe3a","69de1b11a980ed2dab60a60c","69dfc595dab1511c600af1bf","<p style=""font-size: 30px"">&emsp;</p><br><p style=""font-size: 60px; font-family: FragmentMono"">CVJTAWSU<p style=""font-size: 15px"">Press <strong>k</strong> for yes, <strong>d</strong> for no.</p>","","","testing","CVJTAWSU","d","[""morphemeXmorpheme""]","false","","",""
"640","k","html-keyboard-response","765","996714","0.0-24.0-0.108","6980c16f9985e39f6bcbbe3a","69de1b11a980ed2dab60a60c","69dfc595dab1511c600af1bf","<p style=""font-size: 30px"">&emsp;</p><br><p style=""font-size: 60px; font-family: FragmentMono"">UBSUBVLT<p style=""font-size: 15px"">Press <strong>k</strong> for yes, <strong>d</strong> for no.</p>","","","testing","UBSUBVLT","k","[""morphemeXmorpheme""]","true","","",""
"715","k","html-keyboard-response","766","997430","0.0-24.0-0.109","6980c16f9985e39f6bcbbe3a","69de1b11a980ed2dab60a60c","69dfc595dab1511c600af1bf","<p style=""font-size: 30px"">&emsp;</p><br><p style=""font-size: 60px; font-family: FragmentMono"">UXWLKBY<p style=""font-size: 15px"">Press <strong>k</strong> for yes, <strong>d</strong> for no.</p>","","","testing","UXWLKBY","k","[""morphemeXmorpheme""]","true","","",""
"772","k","html-keyboard-response","767","998204","0.0-24.0-0.110","6980c16f9985e39f6bcbbe3a","69de1b11a980ed2dab60a60c","69dfc595dab1511c600af1bf","<p style=""font-size: 30px"">&emsp;</p><br><p style=""font-size: 60px; font-family: FragmentMono"">CYMJLLXG<p style=""font-size: 15px"">Press <strong>k</strong> for yes, <strong>d</strong> for no.</p>","","","testing","CYMJLLXG","d","[""morcodeXmorcode""]","false","","",""
"610","d","html-keyboard-response","768","998816","0.0-24.0-0.111","6980c16f9985e39f6bcbbe3a","69de1b11a980ed2dab60a60c","69dfc595dab1511c600af1bf","<p style=""font-size: 30px"">&emsp;</p><br><p style=""font-size: 60px; font-family: FragmentMono"">NBTVOPZKS<p style=""font-size: 15px"">Press <strong>k</strong> for yes, <strong>d</strong> for no.</p>","","","testing","NBTVOPZKS","k","[""morcodeXmorpheme""]","false","","",""
"526","d","html-keyboard-response","769","999342","0.0-24.0-0.112","6980c16f9985e39f6bcbbe3a","69de1b11a980ed2dab60a60c","69dfc595dab1511c600af1bf","<p style=""font-size: 30px"">&emsp;</p><br><p style=""font-size: 60px; font-family: FragmentMono"">EKYAOKXH<p style=""font-size: 15px"">Press <strong>k</strong> for yes, <strong>d</strong> for no.</p>","","","testing","EKYAOKXH","d","[""morcodeXmorcode""]","true","","",""
"568","d","html-keyboard-response","770","999912","0.0-24.0-0.113","6980c16f9985e39f6bcbbe3a","69de1b11a980ed2dab60a60c","69dfc595dab1511c600af1bf","<p style=""font-size: 30px"">&emsp;</p><br><p style=""font-size: 60px; font-family: FragmentMono"">TPABLBVLT<p style=""font-size: 15px"">Press <strong>k</strong> for yes, <strong>d</strong> for no.</p>","","","testing","TPABLBVLT","d","[""morphemeXmorpheme""]","true","","",""
"770","k","html-keyboard-response","771","1000684","0.0-24.0-0.114","6980c16f9985e39f6bcbbe3a","69de1b11a980ed2dab60a60c","69dfc595dab1511c600af1bf","<p style=""font-size: 30px"">&emsp;</p><br><p style=""font-size: 60px; font-family: FragmentMono"">CVJTJIGU<p style=""font-size: 15px"">Press <strong>k</strong> for yes, <strong>d</strong> for no.</p>","","","testing","CVJTJIGU","k","[""morphemeXmorcode""]","true","","",""
"1207","d","html-keyboard-response","772","1001892","0.0-24.0-0.115","6980c16f9985e39f6bcbbe3a","69de1b11a980ed2dab60a60c","69dfc595dab1511c600af1bf","<p style=""font-size: 30px"">&emsp;</p><br><p style=""font-size: 60px; font-family: FragmentMono"">PJRYOJU<p style=""font-size: 15px"">Press <strong>k</strong> for yes, <strong>d</strong> for no.</p>","","","testing","PJRYOJU","d","[""morcodeXmorcode""]","true","","",""
"708","d","html-keyboard-response","773","1002601","0.0-24.0-0.116","6980c16f9985e39f6bcbbe3a","69de1b11a980ed2dab60a60c","69dfc595dab1511c600af1bf","<p style=""font-size: 30px"">&emsp;</p><br><p style=""font-size: 60px; font-family: FragmentMono"">WFQNZVDIS<p style=""font-size: 15px"">Press <strong>k</strong> for yes, <strong>d</strong> for no.</p>","","","testing","WFQNZVDIS","d","[""morphemeXmorpheme""]","true","","",""
"730","d","html-keyboard-response","774","1003332","0.0-24.0-0.117","6980c16f9985e39f6bcbbe3a","69de1b11a980ed2dab60a60c","69dfc595dab1511c600af1bf","<p style=""font-size: 30px"">&emsp;</p><br><p style=""font-size: 60px; font-family: FragmentMono"">SLHUOPZKS<p style=""font-size: 15px"">Press <strong>k</strong> for yes, <strong>d</strong> for no.</p>","","","testing","SLHUOPZKS","d","[""morphemeXmorpheme""]","true","","",""
"662","d","html-keyboard-response","775","1003995","0.0-24.0-0.118","6980c16f9985e39f6bcbbe3a","69de1b11a980ed2dab60a60c","69dfc595dab1511c600af1bf","<p style=""font-size: 30px"">&emsp;</p><br><p style=""font-size: 60px; font-family: FragmentMono"">CHTLQKBY<p style=""font-size: 15px"">Press <strong>k</strong> for yes, <strong>d</strong> for no.</p>","","","testing","CHTLQKBY","k","[""morcodeXmorpheme""]","false","","",""
"551","k","html-keyboard-response","776","1004548","0.0-24.0-0.119","6980c16f9985e39f6bcbbe3a","69de1b11a980ed2dab60a60c","69dfc595dab1511c600af1bf","<p style=""font-size: 30px"">&emsp;</p><br><p style=""font-size: 60px; font-family: FragmentMono"">UBSUDGI<p style=""font-size: 15px"">Press <strong>k</strong> for yes, <strong>d</strong> for no.</p>","","","testing","UBSUDGI","d","[""morphemeXmorpheme""]","false","","",""
"8587","{""testing_strategy"":""My memory""}","survey-html-form","777","1013137","0.0-25.0","6980c16f9985e39f6bcbbe3a","69de1b11a980ed2dab60a60c","69dfc595dab1511c600af1bf","","","","","","","","","","",""
"59976"," ","html-keyboard-response","778","1073115","0.0-26.0","6980c16f9985e39f6bcbbe3a","69de1b11a980ed2dab60a60c","69dfc595dab1511c600af1bf","<p style=""font-size: 30px"">You've made it to the meeting on time, fantastic! The world leaders want to write a message back to the aliens, and need you to help them recognise which letter combinations you saw in their language. You'll have the choice between 2 letter combinations: one which was in the communication you saw, and one that wasn't. It's important to be friendly with these aliens, so it's important that you make the right choice!</p>
      <p style=""font-size: 30px"">Press <strong>d</strong> if you think that the letter combination on the <strong>left</strong> is the one you saw, or <strong>k</strong> if you think that it's the one on the <strong>right</strong>.</p>
      <p style=""font-size: 30px"">Press the spacebar when you're ready to begin.</p>","","","","","","","","","",""
"1480","k","html-keyboard-response","779","1074596","0.0-27.0-0.0","6980c16f9985e39f6bcbbe3a","69de1b11a980ed2dab60a60c","69dfc595dab1511c600af1bf","<p style=""font-size: 30px;"">Which letter combination have you already seen?</p><br><p style=""font-size: 60px; font-family: FragmentMono"">UGYK&emsp;&emsp;&emsp;&emsp;CVJT<p style=""font-size: 15px"">Press <strong>d</strong> for this letter combination&emsp;&emsp;&emsp;&emsp;&emsp;&emsp;&emsp;&emsp;&emsp;&emsp;&emsp;Press <strong>k</strong> for this letter combination</p>","","","familiarity","","k","","true","CVJT","UGYK",""
"1215","k","html-keyboard-response","780","1075813","0.0-27.0-0.1","6980c16f9985e39f6bcbbe3a","69de1b11a980ed2dab60a60c","69dfc595dab1511c600af1bf","<p style=""font-size: 30px;"">Which letter combination have you already seen?</p><br><p style=""font-size: 60px; font-family: FragmentMono"">CYT&emsp;&emsp;&emsp;&emsp;SXD<p style=""font-size: 15px"">Press <strong>d</strong> for this letter combination&emsp;&emsp;&emsp;&emsp;&emsp;&emsp;&emsp;&emsp;&emsp;&emsp;&emsp;Press <strong>k</strong> for this letter combination</p>","","","familiarity","","k","","true","SXD","CYT",""
"1212","d","html-keyboard-response","781","1077026","0.0-27.0-0.2","6980c16f9985e39f6bcbbe3a","69de1b11a980ed2dab60a60c","69dfc595dab1511c600af1bf","<p style=""font-size: 30px;"">Which letter combination have you already seen?</p><br><p style=""font-size: 60px; font-family: FragmentMono"">KSBZJ&emsp;&emsp;&emsp;&emsp;TPABL<p style=""font-size: 15px"">Press <strong>d</strong> for this letter combination&emsp;&emsp;&emsp;&emsp;&emsp;&emsp;&emsp;&emsp;&emsp;&emsp;&emsp;Press <strong>k</strong> for this letter combination</p>","","","familiarity","","k","","false","TPABL","KSBZJ",""
"1232","k","html-keyboard-response","782","1078260","0.0-27.0-0.3","6980c16f9985e39f6bcbbe3a","69de1b11a980ed2dab60a60c","69dfc595dab1511c600af1bf","<p style=""font-size: 30px"">&emsp;</p><br><p style=""font-size: 60px; font-family: FragmentMono"">AQOZO&emsp;&emsp;&emsp;&emsp;BRSWX<p style=""font-size: 15px"">Press <strong>d</strong> for this letter combination&emsp;&emsp;&emsp;&emsp;&emsp;&emsp;&emsp;&emsp;&emsp;&emsp;Press <strong>k</strong> for this letter combination</p>","","","familiarity","","k","","true","BRSWX","AQOZO",""
"1140","d","html-keyboard-response","783","1079401","0.0-27.0-0.4","6980c16f9985e39f6bcbbe3a","69de1b11a980ed2dab60a60c","69dfc595dab1511c600af1bf","<p style=""font-size: 30px"">&emsp;</p><br><p style=""font-size: 60px; font-family: FragmentMono"">GQFHX&emsp;&emsp;&emsp;&emsp;AFVRF<p style=""font-size: 15px"">Press <strong>d</strong> for this letter combination&emsp;&emsp;&emsp;&emsp;&emsp;&emsp;&emsp;&emsp;&emsp;&emsp;Press <strong>k</strong> for this letter combination</p>","","","familiarity","","d","","true","GQFHX","AFVRF",""
"1538","d","html-keyboard-response","784","1080941","0.0-27.0-0.5","6980c16f9985e39f6bcbbe3a","69de1b11a980ed2dab60a60c","69dfc595dab1511c600af1bf","<p style=""font-size: 30px"">&emsp;</p><br><p style=""font-size: 60px; font-family: FragmentMono"">WFQNZ&emsp;&emsp;&emsp;&emsp;LUCWD<p style=""font-size: 15px"">Press <strong>d</strong> for this letter combination&emsp;&emsp;&emsp;&emsp;&emsp;&emsp;&emsp;&emsp;&emsp;&emsp;Press <strong>k</strong> for this letter combination</p>","","","familiarity","","d","","true","WFQNZ","LUCWD",""
"995","d","html-keyboard-response","785","1081938","0.0-27.0-0.6","6980c16f9985e39f6bcbbe3a","69de1b11a980ed2dab60a60c","69dfc595dab1511c600af1bf","<p style=""font-size: 30px"">&emsp;</p><br><p style=""font-size: 60px; font-family: FragmentMono"">VPKWH&emsp;&emsp;&emsp;&emsp;PVNDE<p style=""font-size: 15px"">Press <strong>d</strong> for this letter combination&emsp;&emsp;&emsp;&emsp;&emsp;&emsp;&emsp;&emsp;&emsp;&emsp;Press <strong>k</strong> for this letter combination</p>","","","familiarity","","d","","true","VPKWH","PVNDE",""
"1275","k","html-keyboard-response","786","1083214","0.0-27.0-0.7","6980c16f9985e39f6bcbbe3a","69de1b11a980ed2dab60a60c","69dfc595dab1511c600af1bf","<p style=""font-size: 30px"">&emsp;</p><br><p style=""font-size: 60px; font-family: FragmentMono"">XQTKW&emsp;&emsp;&emsp;&emsp;HJZOG<p style=""font-size: 15px"">Press <strong>d</strong> for this letter combination&emsp;&emsp;&emsp;&emsp;&emsp;&emsp;&emsp;&emsp;&emsp;&emsp;Press <strong>k</strong> for this letter combination</p>","","","familiarity","","d","","false","XQTKW","HJZOG",""
"1286","d","html-keyboard-response","787","1084502","0.0-27.0-0.8","6980c16f9985e39f6bcbbe3a","69de1b11a980ed2dab60a60c","69dfc595dab1511c600af1bf","<p style=""font-size: 30px"">&emsp;</p><br><p style=""font-size: 60px; font-family: FragmentMono"">UBSU&emsp;&emsp;&emsp;&emsp;GUVR<p style=""font-size: 15px"">Press <strong>d</strong> for this letter combination&emsp;&emsp;&emsp;&emsp;&emsp;&emsp;&emsp;&emsp;&emsp;&emsp;Press <strong>k</strong> for this letter combination</p>","","","familiarity","","d","","true","UBSU","GUVR",""
"1389","k","html-keyboard-response","788","1085893","0.0-27.0-0.9","6980c16f9985e39f6bcbbe3a","69de1b11a980ed2dab60a60c","69dfc595dab1511c600af1bf","<p style=""font-size: 30px"">&emsp;</p><br><p style=""font-size: 60px; font-family: FragmentMono"">CGHN&emsp;&emsp;&emsp;&emsp;UABS<p style=""font-size: 15px"">Press <strong>d</strong> for this letter combination&emsp;&emsp;&emsp;&emsp;&emsp;&emsp;&emsp;&emsp;&emsp;&emsp;Press <strong>k</strong> for this letter combination</p>","","","familiarity","","k","","true","UABS","CGHN",""
"1172","k","html-keyboard-response","789","1087066","0.0-27.0-0.10","6980c16f9985e39f6bcbbe3a","69de1b11a980ed2dab60a60c","69dfc595dab1511c600af1bf","<p style=""font-size: 30px"">&emsp;</p><br><p style=""font-size: 60px; font-family: FragmentMono"">DGI&emsp;&emsp;&emsp;&emsp;PSU<p style=""font-size: 15px"">Press <strong>d</strong> for this letter combination&emsp;&emsp;&emsp;&emsp;&emsp;&emsp;&emsp;&emsp;&emsp;&emsp;Press <strong>k</strong> for this letter combination</p>","","","familiarity","","d","","false","DGI","PSU",""
"1166","k","html-keyboard-response","790","1088234","0.0-27.0-0.11","6980c16f9985e39f6bcbbe3a","69de1b11a980ed2dab60a60c","69dfc595dab1511c600af1bf","<p style=""font-size: 30px"">&emsp;</p><br><p style=""font-size: 60px; font-family: FragmentMono"">QFTP&emsp;&emsp;&emsp;&emsp;BHPZ<p style=""font-size: 15px"">Press <strong>d</strong> for this letter combination&emsp;&emsp;&emsp;&emsp;&emsp;&emsp;&emsp;&emsp;&emsp;&emsp;Press <strong>k</strong> for this letter combination</p>","","","familiarity","","k","","true","BHPZ","QFTP",""
"1312","k","html-keyboard-response","791","1089547","0.0-27.0-0.12","6980c16f9985e39f6bcbbe3a","69de1b11a980ed2dab60a60c","69dfc595dab1511c600af1bf","<p style=""font-size: 30px"">&emsp;</p><br><p style=""font-size: 60px; font-family: FragmentMono"">QFREP&emsp;&emsp;&emsp;&emsp;FWTPN<p style=""font-size: 15px"">Press <strong>d</strong> for this letter combination&emsp;&emsp;&emsp;&emsp;&emsp;&emsp;&emsp;&emsp;&emsp;&emsp;Press <strong>k</strong> for this letter combination</p>","","","familiarity","","k","","true","FWTPN","QFREP",""
"967","k","html-keyboard-response","792","1090516","0.0-27.0-0.13","6980c16f9985e39f6bcbbe3a","69de1b11a980ed2dab60a60c","69dfc595dab1511c600af1bf","<p style=""font-size: 30px"">&emsp;</p><br><p style=""font-size: 60px; font-family: FragmentMono"">GNWH&emsp;&emsp;&emsp;&emsp;VDIS<p style=""font-size: 15px"">Press <strong>d</strong> for this letter combination&emsp;&emsp;&emsp;&emsp;&emsp;&emsp;&emsp;&emsp;&emsp;&emsp;Press <strong>k</strong> for this letter combination</p>","","","familiarity","","k","","true","VDIS","GNWH",""
"955","k","html-keyboard-response","793","1091472","0.0-27.0-0.14","6980c16f9985e39f6bcbbe3a","69de1b11a980ed2dab60a60c","69dfc595dab1511c600af1bf","<p style=""font-size: 30px"">&emsp;</p><br><p style=""font-size: 60px; font-family: FragmentMono"">BYM&emsp;&emsp;&emsp;&emsp;PMZ<p style=""font-size: 15px"">Press <strong>d</strong> for this letter combination&emsp;&emsp;&emsp;&emsp;&emsp;&emsp;&emsp;&emsp;&emsp;&emsp;Press <strong>k</strong> for this letter combination</p>","","","familiarity","","k","","true","PMZ","BYM",""
"991","d","html-keyboard-response","794","1092464","0.0-27.0-0.15","6980c16f9985e39f6bcbbe3a","69de1b11a980ed2dab60a60c","69dfc595dab1511c600af1bf","<p style=""font-size: 30px"">&emsp;</p><br><p style=""font-size: 60px; font-family: FragmentMono"">BWXL&emsp;&emsp;&emsp;&emsp;PZKS<p style=""font-size: 15px"">Press <strong>d</strong> for this letter combination&emsp;&emsp;&emsp;&emsp;&emsp;&emsp;&emsp;&emsp;&emsp;&emsp;Press <strong>k</strong> for this letter combination</p>","","","familiarity","","k","","false","PZKS","BWXL",""
"924","k","html-keyboard-response","795","1093389","0.0-27.0-0.16","6980c16f9985e39f6bcbbe3a","69de1b11a980ed2dab60a60c","69dfc595dab1511c600af1bf","<p style=""font-size: 30px"">&emsp;</p><br><p style=""font-size: 60px; font-family: FragmentMono"">BYCY&emsp;&emsp;&emsp;&emsp;LQXI<p style=""font-size: 15px"">Press <strong>d</strong> for this letter combination&emsp;&emsp;&emsp;&emsp;&emsp;&emsp;&emsp;&emsp;&emsp;&emsp;Press <strong>k</strong> for this letter combination</p>","","","familiarity","","k","","true","LQXI","BYCY",""
"1273","d","html-keyboard-response","796","1094664","0.0-27.0-0.17","6980c16f9985e39f6bcbbe3a","69de1b11a980ed2dab60a60c","69dfc595dab1511c600af1bf","<p style=""font-size: 30px"">&emsp;</p><br><p style=""font-size: 60px; font-family: FragmentMono"">JBNI&emsp;&emsp;&emsp;&emsp;BLZE<p style=""font-size: 15px"">Press <strong>d</strong> for this letter combination&emsp;&emsp;&emsp;&emsp;&emsp;&emsp;&emsp;&emsp;&emsp;&emsp;Press <strong>k</strong> for this letter combination</p>","","","familiarity","","d","","true","JBNI","BLZE",""
"1515","k","html-keyboard-response","797","1096179","0.0-27.0-0.18","6980c16f9985e39f6bcbbe3a","69de1b11a980ed2dab60a60c","69dfc595dab1511c600af1bf","<p style=""font-size: 30px"">&emsp;</p><br><p style=""font-size: 60px; font-family: FragmentMono"">LRYW&emsp;&emsp;&emsp;&emsp;TGNL<p style=""font-size: 15px"">Press <strong>d</strong> for this letter combination&emsp;&emsp;&emsp;&emsp;&emsp;&emsp;&emsp;&emsp;&emsp;&emsp;Press <strong>k</strong> for this letter combination</p>","","","familiarity","","d","","false","LRYW","TGNL",""
"1215","d","html-keyboard-response","798","1097396","0.0-27.0-0.19","6980c16f9985e39f6bcbbe3a","69de1b11a980ed2dab60a60c","69dfc595dab1511c600af1bf","<p style=""font-size: 30px"">&emsp;</p><br><p style=""font-size: 60px; font-family: FragmentMono"">MGAL&emsp;&emsp;&emsp;&emsp;INMO<p style=""font-size: 15px"">Press <strong>d</strong> for this letter combination&emsp;&emsp;&emsp;&emsp;&emsp;&emsp;&emsp;&emsp;&emsp;&emsp;Press <strong>k</strong> for this letter combination</p>","","","familiarity","","d","","true","MGAL","INMO",""
"1007","k","html-keyboard-response","799","1098403","0.0-27.0-0.20","6980c16f9985e39f6bcbbe3a","69de1b11a980ed2dab60a60c","69dfc595dab1511c600af1bf","<p style=""font-size: 30px"">&emsp;</p><br><p style=""font-size: 60px; font-family: FragmentMono"">BZE&emsp;&emsp;&emsp;&emsp;KBY<p style=""font-size: 15px"">Press <strong>d</strong> for this letter combination&emsp;&emsp;&emsp;&emsp;&emsp;&emsp;&emsp;&emsp;&emsp;&emsp;Press <strong>k</strong> for this letter combination</p>","","","familiarity","","k","","true","KBY","BZE",""
"1199","k","html-keyboard-response","800","1099603","0.0-27.0-0.21","6980c16f9985e39f6bcbbe3a","69de1b11a980ed2dab60a60c","69dfc595dab1511c600af1bf","<p style=""font-size: 30px"">&emsp;</p><br><p style=""font-size: 60px; font-family: FragmentMono"">YFJ&emsp;&emsp;&emsp;&emsp;ZQA<p style=""font-size: 15px"">Press <strong>d</strong> for this letter combination&emsp;&emsp;&emsp;&emsp;&emsp;&emsp;&emsp;&emsp;&emsp;&emsp;Press <strong>k</strong> for this letter combination</p>","","","familiarity","","d","","false","YFJ","ZQA",""
"1904","d","html-keyboard-response","801","1101508","0.0-27.0-0.22","6980c16f9985e39f6bcbbe3a","69de1b11a980ed2dab60a60c","69dfc595dab1511c600af1bf","<p style=""font-size: 30px"">&emsp;</p><br><p style=""font-size: 60px; font-family: FragmentMono"">ZTKEH&emsp;&emsp;&emsp;&emsp;RWEQM<p style=""font-size: 15px"">Press <strong>d</strong> for this letter combination&emsp;&emsp;&emsp;&emsp;&emsp;&emsp;&emsp;&emsp;&emsp;&emsp;Press <strong>k</strong> for this letter combination</p>","","","familiarity","","d","","true","ZTKEH","RWEQM",""
"1388","d","html-keyboard-response","802","1102898","0.0-27.0-0.23","6980c16f9985e39f6bcbbe3a","69de1b11a980ed2dab60a60c","69dfc595dab1511c600af1bf","<p style=""font-size: 30px"">&emsp;</p><br><p style=""font-size: 60px; font-family: FragmentMono"">TEKU&emsp;&emsp;&emsp;&emsp;DHNY<p style=""font-size: 15px"">Press <strong>d</strong> for this letter combination&emsp;&emsp;&emsp;&emsp;&emsp;&emsp;&emsp;&emsp;&emsp;&emsp;Press <strong>k</strong> for this letter combination</p>","","","familiarity","","k","","false","DHNY","TEKU",""
"1006","d","html-keyboard-response","803","1103905","0.0-27.0-0.24","6980c16f9985e39f6bcbbe3a","69de1b11a980ed2dab60a60c","69dfc595dab1511c600af1bf","<p style=""font-size: 30px"">&emsp;</p><br><p style=""font-size: 60px; font-family: FragmentMono"">BVLT&emsp;&emsp;&emsp;&emsp;LDEG<p style=""font-size: 15px"">Press <strong>d</strong> for this letter combination&emsp;&emsp;&emsp;&emsp;&emsp;&emsp;&emsp;&emsp;&emsp;&emsp;Press <strong>k</strong> for this letter combination</p>","","","familiarity","","d","","true","BVLT","LDEG",""
"1071","d","html-keyboard-response","804","1104978","0.0-27.0-0.25","6980c16f9985e39f6bcbbe3a","69de1b11a980ed2dab60a60c","69dfc595dab1511c600af1bf","<p style=""font-size: 30px"">&emsp;</p><br><p style=""font-size: 60px; font-family: FragmentMono"">AWSU&emsp;&emsp;&emsp;&emsp;KZUO<p style=""font-size: 15px"">Press <strong>d</strong> for this letter combination&emsp;&emsp;&emsp;&emsp;&emsp;&emsp;&emsp;&emsp;&emsp;&emsp;Press <strong>k</strong> for this letter combination</p>","","","familiarity","","d","","true","AWSU","KZUO",""
"888","k","html-keyboard-response","805","1105868","0.0-27.0-0.26","6980c16f9985e39f6bcbbe3a","69de1b11a980ed2dab60a60c","69dfc595dab1511c600af1bf","<p style=""font-size: 30px"">&emsp;</p><br><p style=""font-size: 60px; font-family: FragmentMono"">KMSK&emsp;&emsp;&emsp;&emsp;FPKY<p style=""font-size: 15px"">Press <strong>d</strong> for this letter combination&emsp;&emsp;&emsp;&emsp;&emsp;&emsp;&emsp;&emsp;&emsp;&emsp;Press <strong>k</strong> for this letter combination</p>","","","familiarity","","d","","false","KMSK","FPKY",""
"1181","k","html-keyboard-response","806","1107050","0.0-27.0-0.27","6980c16f9985e39f6bcbbe3a","69de1b11a980ed2dab60a60c","69dfc595dab1511c600af1bf","<p style=""font-size: 30px"">&emsp;</p><br><p style=""font-size: 60px; font-family: FragmentMono"">NPGVJ&emsp;&emsp;&emsp;&emsp;HTZXD<p style=""font-size: 15px"">Press <strong>d</strong> for this letter combination&emsp;&emsp;&emsp;&emsp;&emsp;&emsp;&emsp;&emsp;&emsp;&emsp;Press <strong>k</strong> for this letter combination</p>","","","familiarity","","k","","true","HTZXD","NPGVJ",""
"1151","d","html-keyboard-response","807","1108201","0.0-27.0-0.28","6980c16f9985e39f6bcbbe3a","69de1b11a980ed2dab60a60c","69dfc595dab1511c600af1bf","<p style=""font-size: 30px"">&emsp;</p><br><p style=""font-size: 60px; font-family: FragmentMono"">UXWL&emsp;&emsp;&emsp;&emsp;FYDV<p style=""font-size: 15px"">Press <strong>d</strong> for this letter combination&emsp;&emsp;&emsp;&emsp;&emsp;&emsp;&emsp;&emsp;&emsp;&emsp;Press <strong>k</strong> for this letter combination</p>","","","familiarity","","d","","true","UXWL","FYDV",""
"694","k","html-keyboard-response","808","1108897","0.0-27.0-0.29","6980c16f9985e39f6bcbbe3a","69de1b11a980ed2dab60a60c","69dfc595dab1511c600af1bf","<p style=""font-size: 30px"">&emsp;</p><br><p style=""font-size: 60px; font-family: FragmentMono"">SLHUO&emsp;&emsp;&emsp;&emsp;ECKFX<p style=""font-size: 15px"">Press <strong>d</strong> for this letter combination&emsp;&emsp;&emsp;&emsp;&emsp;&emsp;&emsp;&emsp;&emsp;&emsp;Press <strong>k</strong> for this letter combination</p>","","","familiarity","","d","","false","SLHUO","ECKFX",""
"13019"," ","html-keyboard-response","809","1121918","0.0-28.0","6980c16f9985e39f6bcbbe3a","69de1b11a980ed2dab60a60c","69dfc595dab1511c600af1bf","<p style=""font-size: 30px"">Thank you for your help deciphering these alien communications! In this final part, we'd like you to answer the following questions on your history, use, proficiency, and attitudes towards your own languages.</p>
      <p style=""font-size: 30px"">The questionnaire contains 19 questions and will take only 10 minutes. Please answer every question honestly: this way we'll be able to guarantee a good outcome for this experiment.</p>
      <p style=""font-size: 30px"">Press the spacebar to begin.</p>","","","","","","","","","",""
"41716","{""Age"":""22"",""Gender"":""Man"",""Education"":""HighSchool"",""L1"":""Arabic"",""L2"":""English"",""L3"":""German"",""L4"":""n/a"",""otherLs"":""n/a""}","survey-html-form","810","1163636","0.0-29.0","6980c16f9985e39f6bcbbe3a","69de1b11a980ed2dab60a60c","69dfc595dab1511c600af1bf","","","","","","","","","","","bio_info"
"76275","{""AoAL1"":""0"",""AoAL2"":""0"",""AoAL3"":""19"",""AoEaseL1"":""0"",""AoEaseL2"":""0"",""AoEaseL3"":""20+"",""yearsEduL1"":""12"",""yearsEduL2"":""12"",""yearsEduL3"":""3"",""yearsCountryL1"":""20+"",""yearsCountryL2"":""3"",""yearsCountryL3"":""0"",""yearsFamilyL1"":""20+"",""yearsFamilyL2"":""20+"",""yearsFamilyL3"":""0"",""yearsWorkL1"":""4"",""yearsWorkL2"":""4"",""yearsWorkL3"":""1""}","survey-html-form","811","1239938","0.0-30.0","6980c16f9985e39f6bcbbe3a","69de1b11a980ed2dab60a60c","69dfc595dab1511c600af1bf","","","","","","","","","","","history_info"
"60283","{""PercFriendsL1"":""60"",""PercFriendsL2"":""30"",""PercFriendsL3"":""10"",""PercFamilyL1"":""100"",""PercFamilyL2"":""0"",""PercFamilyL3"":""0"",""PercWorkL1"":""50"",""PercWorkL2"":""40"",""PercWorkL3"":""10"",""PercSelfL1"":""100"",""PercSelfL2"":""0"",""PercSelfL3"":""0"",""PercCountL1"":""0"",""PercCountL2"":""90"",""PercCountL3"":""10""}","survey-html-form","812","1300243","0.0-31.0-0.0-0.0","6980c16f9985e39f6bcbbe3a","69de1b11a980ed2dab60a60c","69dfc595dab1511c600af1bf","","","","","","","","","","","use_info"
"24431","{""ProfSpeakL1"":""6"",""ProfSpeakL2"":""6"",""ProfSpeakL3"":""2"",""ProfUnderstandL1"":""6"",""ProfUnderstandL2"":""6"",""ProfUnderstandL3"":""3"",""ProfReadL1"":""6"",""ProfReadL2"":""6"",""ProfReadL3"":""4"",""AttentionL1"":""2"",""AttentionL2"":""2"",""AttentionL3"":""2"",""ProfWriteL1"":""6"",""ProfWriteL2"":""6"",""ProfWriteL3"":""2""}","survey-html-form","813","1324701","0.0-32.0","6980c16f9985e39f6bcbbe3a","69de1b11a980ed2dab60a60c","69dfc595dab1511c600af1bf","","","","","","","","","","","proficiency_info"
"32281","{""AttSelfL1"":""6"",""AttSelfL2"":""6"",""AttSelfL3"":""2"",""AttCultureL1"":""6"",""AttCultureL2"":""0"",""AttCultureL3"":""0"",""AttNativeLevelL1"":""6"",""AttNativeLevelL2"":""6"",""AttNativeLevelL3"":""4"",""AttMothertongueL1"":""6"",""AttMothertongueL2"":""6"",""AttMothertongueL3"":""6""}","survey-html-form","814","1356993","0.0-33.0","6980c16f9985e39f6bcbbe3a","69de1b11a980ed2dab60a60c","69dfc595dab1511c600af1bf","","","","","","","","","","","attitudes_info"
"13555"," ","html-keyboard-response","815","1370550","0.0-34.0","6980c16f9985e39f6bcbbe3a","69de1b11a980ed2dab60a60c","69dfc595dab1511c600af1bf","<p style=""font-size: 30px""><u>Goal of the study:</u> This experiment intends to test if people with more experience with more languages are more capable of unconsciously processing statistical information of new words. The alien words you saw at the beginning of the study belonged to two different languages, and this difference was displayed in how word parts were assembled together. Thank you for your participation!</p>
      <p style=""font-size: 30px"">Data upload will take a few seconds. Please wait briefly, then you will be redirected to Prolific with your completion code. Press any key now to do so.</p>","","","","","","","","","",""
