"rt","response","trial_type","trial_index","time_elapsed","internal_node_id","subject_id","study_id","session_id","stimulus","question_order","success","task","item","correct_response","testing_condition","correct","target","confound","name","view_history"
"25630","{""ID"":""69aeee44187fdda005ab835b""}","survey-html-form","0","25635","0.0-0.0","69aeee44187fdda005ab835b","69d7901e3430d13455efb336","69e642c919360fd6c179753d","","","","","","","","","","","",""
"93444"," ","html-keyboard-response","1","119082","0.0-1.0","69aeee44187fdda005ab835b","69d7901e3430d13455efb336","69e642c919360fd6c179753d","<p style=""font-size: 30px;"">Before beginning, we ask that you read the consent information and confirm your agreement to participate in the experiment.</p>
      <p style=""font-size: 30px;""> We ask that you remember that this is a research project and that your participation is entirely voluntary. You can stop your participation at any time, without needing to provide any explanation. The study we're asking you to participate in aims at examining how readers process written words. You will be engaged in a session of apprximately 25-30 minutes, followed by a brief questionnaire. You will have the opportunity to take a few breaks during the experiment. You will be paid £4 for your participation, corresponding to a rate of £8/hour. While this experiment looks at cognitive faculties, this experiment doesn't constitute clinical proof of eventual pathologies.</p>
      <p style=""font-size: 30px;"">All of the information collected thanks to yours and others' participation will be held in a secure password-protected server, and will not be shared with anyone not authorised to view it. Your personal information will be kept with an arbitrary participant ID. Thanks to this data anonymity process, any researcher analysing the data won't be able to track the information back to a specific participant. Therefore, this process will make identifying you impossibile, even when results from the study will be published in scientific reviews, presented at congresses, or at any other public forum. More generally, the collected data will be treated in accordance with the laws on privacy and conformity to the Legislative Degree n. 196 ""Code regarding the protection of personal data"" of the 30th of June 2003 and to the European Regulation 2016/670 (General Data Protection Regulation - GDPR). The Data Protection Officer is Avv. Valentina Carollo, who can be contacted at the following email addresses: <a href=""mailto:dpo@sissa.it"">dpo@sissa.it</a> or <a href=""mailto:rpd@sissa.it"">rpd@sissa.it</a> - PEC: <a href=""mailto:protocollo@pec.sissa.it"">protocollo@pec.sissa.it</a>.</p>
      <p style=""font-size: 30px;""> Before expressing your consent to participate, we would like to remind you again that in case you need explanations on any aspect of the experimental procedure, the researcher is at your disposition (<a href=""mailto:aliebelt@sissa.it"">aliebelt@sissa.it</a>, <a href=""mailto:davide.crepaldi@sissa.it"">davide.crepaldi@sissa.it</a>). Please feel free to contact the researcher through the Messaging feature on Prolific if you have any questions or issues.</p>
      <p style=""font-size: 30px;"">If you would like to download the informed consent form, you can do so here: <a href=""BASL-Informed_Consent.pdf"" download>informed consent form</a>.</p>
      <p style=""font-size: 30px;"">We ask that you press the spacebar to proceed to the consent section.</p>","","","","","","","","","","",""
"48644","{""consent1"":""YES"",""consent2"":""YES"",""consent3"":""YES"",""consent4"":""YES"",""consent5"":""YES"",""consent6"":""YES""}","survey-html-form","2","167730","0.0-2.0","69aeee44187fdda005ab835b","69d7901e3430d13455efb336","69e642c919360fd6c179753d","","","","","","","","","","","",""
"5775","{""Languages"":[""Arabic""]}","survey-multi-select","3","173630","0.0-3.0-0.0","69aeee44187fdda005ab835b","69d7901e3430d13455efb336","69e642c919360fd6c179753d","","[0]","","","","","","","","","",""
"450469","","fullscreen","4","625106","0.0-4.0","69aeee44187fdda005ab835b","69d7901e3430d13455efb336","69e642c919360fd6c179753d","","","true","","","","","","","","",""
"17181"," ","html-keyboard-response","5","642290","0.0-5.0","69aeee44187fdda005ab835b","69d7901e3430d13455efb336","69e642c919360fd6c179753d","<p style=""font-size: 30px"">Welcome, and thank you very much for your time!</p>
      <p style=""font-size: 30px"">In this experiment, you'll be a language expert who's been asked to take a look at words that Earth has received in its first communication with aliens. Your task, in this first part of the experiment, is to pay close attention to the words you'll be shown; later, world leaders will ask you questions on what you saw. The words will be shown to you quite quickly; it seems that the aliens were in a hurry :-)</p>
      <p style=""font-size: 30px"">Press the spacebar to continue.<p>","","","","","","","","","","",""
"null","null","html-keyboard-response","6","642312","0.0-6.0","69aeee44187fdda005ab835b","69d7901e3430d13455efb336","69e642c919360fd6c179753d","<p style=""font-size: 1px; font-family: FragmentMono""> x </p>","","","","","","","","","","",""
"null","null","html-keyboard-response","7","643321","0.0-7.0-0.0","69aeee44187fdda005ab835b","69d7901e3430d13455efb336","69e642c919360fd6c179753d","<p style=""font-size: 60px; font-family: FragmentMono"">BWVFAKUM</p>","","","training","","","","","","","",""
"null","null","html-keyboard-response","8","644329","0.0-7.0-0.1","69aeee44187fdda005ab835b","69d7901e3430d13455efb336","69e642c919360fd6c179753d","<p style=""font-size: 60px; font-family: FragmentMono"">ISLNRJMH</p>","","","training","","","","","","","",""
"null","null","html-keyboard-response","9","645335","0.0-7.0-0.2","69aeee44187fdda005ab835b","69d7901e3430d13455efb336","69e642c919360fd6c179753d","<p style=""font-size: 60px; font-family: FragmentMono"">BWVFQHS</p>","","","training","","","","","","","",""
"null","null","html-keyboard-response","10","646350","0.0-7.0-0.3","69aeee44187fdda005ab835b","69d7901e3430d13455efb336","69e642c919360fd6c179753d","<p style=""font-size: 60px; font-family: FragmentMono"">WDZBSTUZ</p>","","","training","","","","","","","",""
"null","null","html-keyboard-response","11","647362","0.0-7.0-0.4","69aeee44187fdda005ab835b","69d7901e3430d13455efb336","69e642c919360fd6c179753d","<p style=""font-size: 60px; font-family: FragmentMono"">BNPNCWZHG</p>","","","training","","","","","","","",""
"null","null","html-keyboard-response","12","648368","0.0-7.0-0.5","69aeee44187fdda005ab835b","69d7901e3430d13455efb336","69e642c919360fd6c179753d","<p style=""font-size: 60px; font-family: FragmentMono"">XUDJMTUZ</p>","","","training","","","","","","","",""
"null","null","html-keyboard-response","13","649374","0.0-7.0-0.6","69aeee44187fdda005ab835b","69d7901e3430d13455efb336","69e642c919360fd6c179753d","<p style=""font-size: 60px; font-family: FragmentMono"">PKCBHAKUM</p>","","","training","","","","","","","",""
"null","null","html-keyboard-response","14","650385","0.0-7.0-0.7","69aeee44187fdda005ab835b","69d7901e3430d13455efb336","69e642c919360fd6c179753d","<p style=""font-size: 60px; font-family: FragmentMono"">CEKGJXPX</p>","","","training","","","","","","","",""
"null","null","html-keyboard-response","15","651393","0.0-7.0-0.8","69aeee44187fdda005ab835b","69d7901e3430d13455efb336","69e642c919360fd6c179753d","<p style=""font-size: 60px; font-family: FragmentMono"">MXCUIJNO</p>","","","training","","","","","","","",""
"null","null","html-keyboard-response","16","652408","0.0-7.0-0.9","69aeee44187fdda005ab835b","69d7901e3430d13455efb336","69e642c919360fd6c179753d","<p style=""font-size: 60px; font-family: FragmentMono"">CEKGTFRZ</p>","","","training","","","","","","","",""
"null","null","html-keyboard-response","17","653412","0.0-7.0-0.10","69aeee44187fdda005ab835b","69d7901e3430d13455efb336","69e642c919360fd6c179753d","<p style=""font-size: 60px; font-family: FragmentMono"">JXTJXRJMH</p>","","","training","","","","","","","",""
"null","null","html-keyboard-response","18","654426","0.0-7.0-0.11","69aeee44187fdda005ab835b","69d7901e3430d13455efb336","69e642c919360fd6c179753d","<p style=""font-size: 60px; font-family: FragmentMono"">KZUOTFRZ</p>","","","training","","","","","","","",""
"null","null","html-keyboard-response","19","655441","0.0-7.0-0.12","69aeee44187fdda005ab835b","69d7901e3430d13455efb336","69e642c919360fd6c179753d","<p style=""font-size: 60px; font-family: FragmentMono"">PKCBHTUZ</p>","","","training","","","","","","","",""
"null","null","html-keyboard-response","20","656457","0.0-7.0-0.13","69aeee44187fdda005ab835b","69d7901e3430d13455efb336","69e642c919360fd6c179753d","<p style=""font-size: 60px; font-family: FragmentMono"">FZLFVMIX</p>","","","training","","","","","","","",""
"null","null","html-keyboard-response","21","657474","0.0-7.0-0.14","69aeee44187fdda005ab835b","69d7901e3430d13455efb336","69e642c919360fd6c179753d","<p style=""font-size: 60px; font-family: FragmentMono"">WDZBSWZHG</p>","","","training","","","","","","","",""
"null","null","html-keyboard-response","22","658476","0.0-7.0-0.15","69aeee44187fdda005ab835b","69d7901e3430d13455efb336","69e642c919360fd6c179753d","<p style=""font-size: 60px; font-family: FragmentMono"">RTDHLJXPX</p>","","","training","","","","","","","",""
"null","null","html-keyboard-response","23","659483","0.0-7.0-0.16","69aeee44187fdda005ab835b","69d7901e3430d13455efb336","69e642c919360fd6c179753d","<p style=""font-size: 60px; font-family: FragmentMono"">XUDJMRJMH</p>","","","training","","","","","","","",""
"null","null","html-keyboard-response","24","660495","0.0-7.0-0.17","69aeee44187fdda005ab835b","69d7901e3430d13455efb336","69e642c919360fd6c179753d","<p style=""font-size: 60px; font-family: FragmentMono"">SHXVKJXPX</p>","","","training","","","","","","","",""
"null","null","html-keyboard-response","25","661502","0.0-7.0-0.18","69aeee44187fdda005ab835b","69d7901e3430d13455efb336","69e642c919360fd6c179753d","<p style=""font-size: 60px; font-family: FragmentMono"">LRYWVMIX</p>","","","training","","","","","","","",""
"null","null","html-keyboard-response","26","662509","0.0-7.0-0.19","69aeee44187fdda005ab835b","69d7901e3430d13455efb336","69e642c919360fd6c179753d","<p style=""font-size: 60px; font-family: FragmentMono"">PKCBHQHS</p>","","","training","","","","","","","",""
"null","null","html-keyboard-response","27","663512","0.0-7.0-0.20","69aeee44187fdda005ab835b","69d7901e3430d13455efb336","69e642c919360fd6c179753d","<p style=""font-size: 60px; font-family: FragmentMono"">QTDVAKUM</p>","","","training","","","","","","","",""
"null","null","html-keyboard-response","28","664518","0.0-7.0-0.21","69aeee44187fdda005ab835b","69d7901e3430d13455efb336","69e642c919360fd6c179753d","<p style=""font-size: 60px; font-family: FragmentMono"">SHXVKJNO</p>","","","training","","","","","","","",""
"null","null","html-keyboard-response","29","665522","0.0-7.0-0.22","69aeee44187fdda005ab835b","69d7901e3430d13455efb336","69e642c919360fd6c179753d","<p style=""font-size: 60px; font-family: FragmentMono"">XQXQFWZHG</p>","","","training","","","","","","","",""
"null","null","html-keyboard-response","30","666524","0.0-7.0-0.23","69aeee44187fdda005ab835b","69d7901e3430d13455efb336","69e642c919360fd6c179753d","<p style=""font-size: 60px; font-family: FragmentMono"">UXJCJNO</p>","","","training","","","","","","","",""
"null","null","html-keyboard-response","31","667539","0.0-7.0-0.24","69aeee44187fdda005ab835b","69d7901e3430d13455efb336","69e642c919360fd6c179753d","<p style=""font-size: 60px; font-family: FragmentMono"">JXTJXWZHG</p>","","","training","","","","","","","",""
"null","null","html-keyboard-response","32","668551","0.0-7.0-0.25","69aeee44187fdda005ab835b","69d7901e3430d13455efb336","69e642c919360fd6c179753d","<p style=""font-size: 60px; font-family: FragmentMono"">UXJCTFRZ</p>","","","training","","","","","","","",""
"null","null","html-keyboard-response","33","669565","0.0-7.0-0.26","69aeee44187fdda005ab835b","69d7901e3430d13455efb336","69e642c919360fd6c179753d","<p style=""font-size: 60px; font-family: FragmentMono"">KZUOJNO</p>","","","training","","","","","","","",""
"null","null","html-keyboard-response","34","670580","0.0-7.0-0.27","69aeee44187fdda005ab835b","69d7901e3430d13455efb336","69e642c919360fd6c179753d","<p style=""font-size: 60px; font-family: FragmentMono"">LRYWQDZ</p>","","","training","","","","","","","",""
"null","null","html-keyboard-response","35","671588","0.0-7.0-0.28","69aeee44187fdda005ab835b","69d7901e3430d13455efb336","69e642c919360fd6c179753d","<p style=""font-size: 60px; font-family: FragmentMono"">ISLNWZHG</p>","","","training","","","","","","","",""
"null","null","html-keyboard-response","36","672600","0.0-7.0-0.29","69aeee44187fdda005ab835b","69d7901e3430d13455efb336","69e642c919360fd6c179753d","<p style=""font-size: 60px; font-family: FragmentMono"">RTDHLQDZ</p>","","","training","","","","","","","",""
"null","null","html-keyboard-response","37","673613","0.0-7.0-0.30","69aeee44187fdda005ab835b","69d7901e3430d13455efb336","69e642c919360fd6c179753d","<p style=""font-size: 60px; font-family: FragmentMono"">EZSJITFRZ</p>","","","training","","","","","","","",""
"null","null","html-keyboard-response","38","674615","0.0-7.0-0.31","69aeee44187fdda005ab835b","69d7901e3430d13455efb336","69e642c919360fd6c179753d","<p style=""font-size: 60px; font-family: FragmentMono"">KZUOQDZ</p>","","","training","","","","","","","",""
"null","null","html-keyboard-response","39","675627","0.0-7.0-0.32","69aeee44187fdda005ab835b","69d7901e3430d13455efb336","69e642c919360fd6c179753d","<p style=""font-size: 60px; font-family: FragmentMono"">BNPNCQHS</p>","","","training","","","","","","","",""
"null","null","html-keyboard-response","40","676629","0.0-7.0-0.33","69aeee44187fdda005ab835b","69d7901e3430d13455efb336","69e642c919360fd6c179753d","<p style=""font-size: 60px; font-family: FragmentMono"">FZLFJNO</p>","","","training","","","","","","","",""
"null","null","html-keyboard-response","41","677638","0.0-7.0-0.34","69aeee44187fdda005ab835b","69d7901e3430d13455efb336","69e642c919360fd6c179753d","<p style=""font-size: 60px; font-family: FragmentMono"">BNPNCRJMH</p>","","","training","","","","","","","",""
"null","null","html-keyboard-response","42","678641","0.0-7.0-0.35","69aeee44187fdda005ab835b","69d7901e3430d13455efb336","69e642c919360fd6c179753d","<p style=""font-size: 60px; font-family: FragmentMono"">EVOFQDZ</p>","","","training","","","","","","","",""
"null","null","html-keyboard-response","43","679654","0.0-7.0-0.36","69aeee44187fdda005ab835b","69d7901e3430d13455efb336","69e642c919360fd6c179753d","<p style=""font-size: 60px; font-family: FragmentMono"">WDZBSAKUM</p>","","","training","","","","","","","",""
"null","null","html-keyboard-response","44","680658","0.0-7.0-0.37","69aeee44187fdda005ab835b","69d7901e3430d13455efb336","69e642c919360fd6c179753d","<p style=""font-size: 60px; font-family: FragmentMono"">ISLNTUZ</p>","","","training","","","","","","","",""
"null","null","html-keyboard-response","45","681662","0.0-7.0-0.38","69aeee44187fdda005ab835b","69d7901e3430d13455efb336","69e642c919360fd6c179753d","<p style=""font-size: 60px; font-family: FragmentMono"">FZLFJXPX</p>","","","training","","","","","","","",""
"null","null","html-keyboard-response","46","682666","0.0-7.0-0.39","69aeee44187fdda005ab835b","69d7901e3430d13455efb336","69e642c919360fd6c179753d","<p style=""font-size: 60px; font-family: FragmentMono"">CEKGJNO</p>","","","training","","","","","","","",""
"null","null","html-keyboard-response","47","683678","0.0-7.0-0.40","69aeee44187fdda005ab835b","69d7901e3430d13455efb336","69e642c919360fd6c179753d","<p style=""font-size: 60px; font-family: FragmentMono"">UXJCQDZ</p>","","","training","","","","","","","",""
"null","null","html-keyboard-response","48","684692","0.0-7.0-0.41","69aeee44187fdda005ab835b","69d7901e3430d13455efb336","69e642c919360fd6c179753d","<p style=""font-size: 60px; font-family: FragmentMono"">BWVFTUZ</p>","","","training","","","","","","","",""
"null","null","html-keyboard-response","49","685695","0.0-7.0-0.42","69aeee44187fdda005ab835b","69d7901e3430d13455efb336","69e642c919360fd6c179753d","<p style=""font-size: 60px; font-family: FragmentMono"">EZSJIQDZ</p>","","","training","","","","","","","",""
"null","null","html-keyboard-response","50","686699","0.0-7.0-0.43","69aeee44187fdda005ab835b","69d7901e3430d13455efb336","69e642c919360fd6c179753d","<p style=""font-size: 60px; font-family: FragmentMono"">PKCBHRJMH</p>","","","training","","","","","","","",""
"null","null","html-keyboard-response","51","687702","0.0-7.0-0.44","69aeee44187fdda005ab835b","69d7901e3430d13455efb336","69e642c919360fd6c179753d","<p style=""font-size: 60px; font-family: FragmentMono"">QGZSQHS</p>","","","training","","","","","","","",""
"null","null","html-keyboard-response","52","688715","0.0-7.0-0.45","69aeee44187fdda005ab835b","69d7901e3430d13455efb336","69e642c919360fd6c179753d","<p style=""font-size: 60px; font-family: FragmentMono"">QTDVWZHG</p>","","","training","","","","","","","",""
"null","null","html-keyboard-response","53","689717","0.0-7.0-0.46","69aeee44187fdda005ab835b","69d7901e3430d13455efb336","69e642c919360fd6c179753d","<p style=""font-size: 60px; font-family: FragmentMono"">MXCUIQDZ</p>","","","training","","","","","","","",""
"null","null","html-keyboard-response","54","690720","0.0-7.0-0.47","69aeee44187fdda005ab835b","69d7901e3430d13455efb336","69e642c919360fd6c179753d","<p style=""font-size: 60px; font-family: FragmentMono"">RTDHLVMIX</p>","","","training","","","","","","","",""
"null","null","html-keyboard-response","55","691725","0.0-7.0-0.48","69aeee44187fdda005ab835b","69d7901e3430d13455efb336","69e642c919360fd6c179753d","<p style=""font-size: 60px; font-family: FragmentMono"">SHXVKTFRZ</p>","","","training","","","","","","","",""
"null","null","html-keyboard-response","56","692732","0.0-7.0-0.49","69aeee44187fdda005ab835b","69d7901e3430d13455efb336","69e642c919360fd6c179753d","<p style=""font-size: 60px; font-family: FragmentMono"">EVOFJXPX</p>","","","training","","","","","","","",""
"null","null","html-keyboard-response","57","693749","0.0-7.0-0.50","69aeee44187fdda005ab835b","69d7901e3430d13455efb336","69e642c919360fd6c179753d","<p style=""font-size: 60px; font-family: FragmentMono"">XQXQFQHS</p>","","","training","","","","","","","",""
"null","null","html-keyboard-response","58","694760","0.0-7.0-0.51","69aeee44187fdda005ab835b","69d7901e3430d13455efb336","69e642c919360fd6c179753d","<p style=""font-size: 60px; font-family: FragmentMono"">BNPNCTUZ</p>","","","training","","","","","","","",""
"null","null","html-keyboard-response","59","695765","0.0-7.0-0.52","69aeee44187fdda005ab835b","69d7901e3430d13455efb336","69e642c919360fd6c179753d","<p style=""font-size: 60px; font-family: FragmentMono"">LRYWJNO</p>","","","training","","","","","","","",""
"null","null","html-keyboard-response","60","696776","0.0-7.0-0.53","69aeee44187fdda005ab835b","69d7901e3430d13455efb336","69e642c919360fd6c179753d","<p style=""font-size: 60px; font-family: FragmentMono"">XUDJMWZHG</p>","","","training","","","","","","","",""
"null","null","html-keyboard-response","61","697783","0.0-7.0-0.54","69aeee44187fdda005ab835b","69d7901e3430d13455efb336","69e642c919360fd6c179753d","<p style=""font-size: 60px; font-family: FragmentMono"">JXTJXQHS</p>","","","training","","","","","","","",""
"null","null","html-keyboard-response","62","698793","0.0-7.0-0.55","69aeee44187fdda005ab835b","69d7901e3430d13455efb336","69e642c919360fd6c179753d","<p style=""font-size: 60px; font-family: FragmentMono"">XQXQFRJMH</p>","","","training","","","","","","","",""
"null","null","html-keyboard-response","63","699802","0.0-7.0-0.56","69aeee44187fdda005ab835b","69d7901e3430d13455efb336","69e642c919360fd6c179753d","<p style=""font-size: 60px; font-family: FragmentMono"">ISLNQHS</p>","","","training","","","","","","","",""
"null","null","html-keyboard-response","64","700812","0.0-7.0-0.57","69aeee44187fdda005ab835b","69d7901e3430d13455efb336","69e642c919360fd6c179753d","<p style=""font-size: 60px; font-family: FragmentMono"">RTDHLTFRZ</p>","","","training","","","","","","","",""
"null","null","html-keyboard-response","65","701820","0.0-7.0-0.58","69aeee44187fdda005ab835b","69d7901e3430d13455efb336","69e642c919360fd6c179753d","<p style=""font-size: 60px; font-family: FragmentMono"">SHXVKVMIX</p>","","","training","","","","","","","",""
"null","null","html-keyboard-response","66","702822","0.0-7.0-0.59","69aeee44187fdda005ab835b","69d7901e3430d13455efb336","69e642c919360fd6c179753d","<p style=""font-size: 60px; font-family: FragmentMono"">BWVFWZHG</p>","","","training","","","","","","","",""
"null","null","html-keyboard-response","67","703824","0.0-7.0-0.60","69aeee44187fdda005ab835b","69d7901e3430d13455efb336","69e642c919360fd6c179753d","<p style=""font-size: 60px; font-family: FragmentMono"">EVOFTFRZ</p>","","","training","","","","","","","",""
"null","null","html-keyboard-response","68","704831","0.0-7.0-0.61","69aeee44187fdda005ab835b","69d7901e3430d13455efb336","69e642c919360fd6c179753d","<p style=""font-size: 60px; font-family: FragmentMono"">LRYWJXPX</p>","","","training","","","","","","","",""
"null","null","html-keyboard-response","69","705841","0.0-7.0-0.62","69aeee44187fdda005ab835b","69d7901e3430d13455efb336","69e642c919360fd6c179753d","<p style=""font-size: 60px; font-family: FragmentMono"">WDZBSQHS</p>","","","training","","","","","","","",""
"null","null","html-keyboard-response","70","706855","0.0-7.0-0.63","69aeee44187fdda005ab835b","69d7901e3430d13455efb336","69e642c919360fd6c179753d","<p style=""font-size: 60px; font-family: FragmentMono"">QGZSAKUM</p>","","","training","","","","","","","",""
"null","null","html-keyboard-response","71","707862","0.0-7.0-0.64","69aeee44187fdda005ab835b","69d7901e3430d13455efb336","69e642c919360fd6c179753d","<p style=""font-size: 60px; font-family: FragmentMono"">MXCUITFRZ</p>","","","training","","","","","","","",""
"null","null","html-keyboard-response","72","708868","0.0-7.0-0.65","69aeee44187fdda005ab835b","69d7901e3430d13455efb336","69e642c919360fd6c179753d","<p style=""font-size: 60px; font-family: FragmentMono"">QTDVRJMH</p>","","","training","","","","","","","",""
"null","null","html-keyboard-response","73","709875","0.0-7.0-0.66","69aeee44187fdda005ab835b","69d7901e3430d13455efb336","69e642c919360fd6c179753d","<p style=""font-size: 60px; font-family: FragmentMono"">EZSJIJXPX</p>","","","training","","","","","","","",""
"null","null","html-keyboard-response","74","710880","0.0-7.0-0.67","69aeee44187fdda005ab835b","69d7901e3430d13455efb336","69e642c919360fd6c179753d","<p style=""font-size: 60px; font-family: FragmentMono"">UXJCVMIX</p>","","","training","","","","","","","",""
"null","null","html-keyboard-response","75","711894","0.0-7.0-0.68","69aeee44187fdda005ab835b","69d7901e3430d13455efb336","69e642c919360fd6c179753d","<p style=""font-size: 60px; font-family: FragmentMono"">XQXQFAKUM</p>","","","training","","","","","","","",""
"null","null","html-keyboard-response","76","712909","0.0-7.0-0.69","69aeee44187fdda005ab835b","69d7901e3430d13455efb336","69e642c919360fd6c179753d","<p style=""font-size: 60px; font-family: FragmentMono"">QGZSRJMH</p>","","","training","","","","","","","",""
"null","null","html-keyboard-response","77","713915","0.0-7.0-0.70","69aeee44187fdda005ab835b","69d7901e3430d13455efb336","69e642c919360fd6c179753d","<p style=""font-size: 60px; font-family: FragmentMono"">EVOFVMIX</p>","","","training","","","","","","","",""
"null","null","html-keyboard-response","78","714930","0.0-7.0-0.71","69aeee44187fdda005ab835b","69d7901e3430d13455efb336","69e642c919360fd6c179753d","<p style=""font-size: 60px; font-family: FragmentMono"">FZLFQDZ</p>","","","training","","","","","","","",""
"null","null","html-keyboard-response","79","715932","0.0-7.0-0.72","69aeee44187fdda005ab835b","69d7901e3430d13455efb336","69e642c919360fd6c179753d","<p style=""font-size: 60px; font-family: FragmentMono"">JXTJXAKUM</p>","","","training","","","","","","","",""
"null","null","html-keyboard-response","80","716942","0.0-7.0-0.73","69aeee44187fdda005ab835b","69d7901e3430d13455efb336","69e642c919360fd6c179753d","<p style=""font-size: 60px; font-family: FragmentMono"">QTDVTUZ</p>","","","training","","","","","","","",""
"null","null","html-keyboard-response","81","717944","0.0-7.0-0.74","69aeee44187fdda005ab835b","69d7901e3430d13455efb336","69e642c919360fd6c179753d","<p style=""font-size: 60px; font-family: FragmentMono"">XUDJMAKUM</p>","","","training","","","","","","","",""
"null","null","html-keyboard-response","82","718950","0.0-7.0-0.75","69aeee44187fdda005ab835b","69d7901e3430d13455efb336","69e642c919360fd6c179753d","<p style=""font-size: 60px; font-family: FragmentMono"">QGZSTUZ</p>","","","training","","","","","","","",""
"null","null","html-keyboard-response","83","719960","0.0-7.0-0.76","69aeee44187fdda005ab835b","69d7901e3430d13455efb336","69e642c919360fd6c179753d","<p style=""font-size: 60px; font-family: FragmentMono"">KZUOJXPX</p>","","","training","","","","","","","",""
"null","null","html-keyboard-response","84","720971","0.0-7.0-0.77","69aeee44187fdda005ab835b","69d7901e3430d13455efb336","69e642c919360fd6c179753d","<p style=""font-size: 60px; font-family: FragmentMono"">CEKGVMIX</p>","","","training","","","","","","","",""
"null","null","html-keyboard-response","85","721984","0.0-7.0-0.78","69aeee44187fdda005ab835b","69d7901e3430d13455efb336","69e642c919360fd6c179753d","<p style=""font-size: 60px; font-family: FragmentMono"">EZSJIJNO</p>","","","training","","","","","","","",""
"null","null","html-keyboard-response","86","722985","0.0-7.0-0.79","69aeee44187fdda005ab835b","69d7901e3430d13455efb336","69e642c919360fd6c179753d","<p style=""font-size: 60px; font-family: FragmentMono"">MXCUIVMIX</p>","","","training","","","","","","","",""
"307653"," ","html-keyboard-response","87","1030640","0.0-8.0","69aeee44187fdda005ab835b","69d7901e3430d13455efb336","69e642c919360fd6c179753d","<p style=""font-size: 30px"">Great, you've seen the first block of words. You may now take a short break.</p>
      <p style=""font-size: 30px"">Press the spacebar when you're ready to continue.</p>","","","","","","","","","","",""
"null","null","html-keyboard-response","88","1031647","0.0-9.0-0.0","69aeee44187fdda005ab835b","69d7901e3430d13455efb336","69e642c919360fd6c179753d","<p style=""font-size: 60px; font-family: FragmentMono"">QGZSTUZ</p>","","","training","","","","","","","",""
"null","null","html-keyboard-response","89","1032650","0.0-9.0-0.1","69aeee44187fdda005ab835b","69d7901e3430d13455efb336","69e642c919360fd6c179753d","<p style=""font-size: 60px; font-family: FragmentMono"">XUDJMAKUM</p>","","","training","","","","","","","",""
"null","null","html-keyboard-response","90","1033657","0.0-9.0-0.2","69aeee44187fdda005ab835b","69d7901e3430d13455efb336","69e642c919360fd6c179753d","<p style=""font-size: 60px; font-family: FragmentMono"">MXCUIJNO</p>","","","training","","","","","","","",""
"null","null","html-keyboard-response","91","1034675","0.0-9.0-0.3","69aeee44187fdda005ab835b","69d7901e3430d13455efb336","69e642c919360fd6c179753d","<p style=""font-size: 60px; font-family: FragmentMono"">KZUOTFRZ</p>","","","training","","","","","","","",""
"null","null","html-keyboard-response","92","1035684","0.0-9.0-0.4","69aeee44187fdda005ab835b","69d7901e3430d13455efb336","69e642c919360fd6c179753d","<p style=""font-size: 60px; font-family: FragmentMono"">JXTJXAKUM</p>","","","training","","","","","","","",""
"null","null","html-keyboard-response","93","1036690","0.0-9.0-0.5","69aeee44187fdda005ab835b","69d7901e3430d13455efb336","69e642c919360fd6c179753d","<p style=""font-size: 60px; font-family: FragmentMono"">UXJCTFRZ</p>","","","training","","","","","","","",""
"null","null","html-keyboard-response","94","1037695","0.0-9.0-0.6","69aeee44187fdda005ab835b","69d7901e3430d13455efb336","69e642c919360fd6c179753d","<p style=""font-size: 60px; font-family: FragmentMono"">QGZSAKUM</p>","","","training","","","","","","","",""
"null","null","html-keyboard-response","95","1038712","0.0-9.0-0.7","69aeee44187fdda005ab835b","69d7901e3430d13455efb336","69e642c919360fd6c179753d","<p style=""font-size: 60px; font-family: FragmentMono"">FZLFJXPX</p>","","","training","","","","","","","",""
"null","null","html-keyboard-response","96","1039721","0.0-9.0-0.8","69aeee44187fdda005ab835b","69d7901e3430d13455efb336","69e642c919360fd6c179753d","<p style=""font-size: 60px; font-family: FragmentMono"">PKCBHTUZ</p>","","","training","","","","","","","",""
"null","null","html-keyboard-response","97","1040730","0.0-9.0-0.9","69aeee44187fdda005ab835b","69d7901e3430d13455efb336","69e642c919360fd6c179753d","<p style=""font-size: 60px; font-family: FragmentMono"">XQXQFAKUM</p>","","","training","","","","","","","",""
"null","null","html-keyboard-response","98","1041740","0.0-9.0-0.10","69aeee44187fdda005ab835b","69d7901e3430d13455efb336","69e642c919360fd6c179753d","<p style=""font-size: 60px; font-family: FragmentMono"">QGZSRJMH</p>","","","training","","","","","","","",""
"null","null","html-keyboard-response","99","1042749","0.0-9.0-0.11","69aeee44187fdda005ab835b","69d7901e3430d13455efb336","69e642c919360fd6c179753d","<p style=""font-size: 60px; font-family: FragmentMono"">CEKGJXPX</p>","","","training","","","","","","","",""
"null","null","html-keyboard-response","100","1043757","0.0-9.0-0.12","69aeee44187fdda005ab835b","69d7901e3430d13455efb336","69e642c919360fd6c179753d","<p style=""font-size: 60px; font-family: FragmentMono"">ISLNRJMH</p>","","","training","","","","","","","",""
"null","null","html-keyboard-response","101","1044759","0.0-9.0-0.13","69aeee44187fdda005ab835b","69d7901e3430d13455efb336","69e642c919360fd6c179753d","<p style=""font-size: 60px; font-family: FragmentMono"">EVOFJXPX</p>","","","training","","","","","","","",""
"null","null","html-keyboard-response","102","1045768","0.0-9.0-0.14","69aeee44187fdda005ab835b","69d7901e3430d13455efb336","69e642c919360fd6c179753d","<p style=""font-size: 60px; font-family: FragmentMono"">XQXQFRJMH</p>","","","training","","","","","","","",""
"null","null","html-keyboard-response","103","1046770","0.0-9.0-0.15","69aeee44187fdda005ab835b","69d7901e3430d13455efb336","69e642c919360fd6c179753d","<p style=""font-size: 60px; font-family: FragmentMono"">XUDJMTUZ</p>","","","training","","","","","","","",""
"null","null","html-keyboard-response","104","1047780","0.0-9.0-0.16","69aeee44187fdda005ab835b","69d7901e3430d13455efb336","69e642c919360fd6c179753d","<p style=""font-size: 60px; font-family: FragmentMono"">CEKGTFRZ</p>","","","training","","","","","","","",""
"null","null","html-keyboard-response","105","1048793","0.0-9.0-0.17","69aeee44187fdda005ab835b","69d7901e3430d13455efb336","69e642c919360fd6c179753d","<p style=""font-size: 60px; font-family: FragmentMono"">BWVFWZHG</p>","","","training","","","","","","","",""
"null","null","html-keyboard-response","106","1049805","0.0-9.0-0.18","69aeee44187fdda005ab835b","69d7901e3430d13455efb336","69e642c919360fd6c179753d","<p style=""font-size: 60px; font-family: FragmentMono"">KZUOQDZ</p>","","","training","","","","","","","",""
"null","null","html-keyboard-response","107","1050810","0.0-9.0-0.19","69aeee44187fdda005ab835b","69d7901e3430d13455efb336","69e642c919360fd6c179753d","<p style=""font-size: 60px; font-family: FragmentMono"">EZSJIJNO</p>","","","training","","","","","","","",""
"null","null","html-keyboard-response","108","1051819","0.0-9.0-0.20","69aeee44187fdda005ab835b","69d7901e3430d13455efb336","69e642c919360fd6c179753d","<p style=""font-size: 60px; font-family: FragmentMono"">FZLFVMIX</p>","","","training","","","","","","","",""
"null","null","html-keyboard-response","109","1052829","0.0-9.0-0.21","69aeee44187fdda005ab835b","69d7901e3430d13455efb336","69e642c919360fd6c179753d","<p style=""font-size: 60px; font-family: FragmentMono"">ISLNQHS</p>","","","training","","","","","","","",""
"null","null","html-keyboard-response","110","1053830","0.0-9.0-0.22","69aeee44187fdda005ab835b","69d7901e3430d13455efb336","69e642c919360fd6c179753d","<p style=""font-size: 60px; font-family: FragmentMono"">EZSJIJXPX</p>","","","training","","","","","","","",""
"null","null","html-keyboard-response","111","1054837","0.0-9.0-0.23","69aeee44187fdda005ab835b","69d7901e3430d13455efb336","69e642c919360fd6c179753d","<p style=""font-size: 60px; font-family: FragmentMono"">BWVFTUZ</p>","","","training","","","","","","","",""
"null","null","html-keyboard-response","112","1055842","0.0-9.0-0.24","69aeee44187fdda005ab835b","69d7901e3430d13455efb336","69e642c919360fd6c179753d","<p style=""font-size: 60px; font-family: FragmentMono"">EZSJIQDZ</p>","","","training","","","","","","","",""
"null","null","html-keyboard-response","113","1056850","0.0-9.0-0.25","69aeee44187fdda005ab835b","69d7901e3430d13455efb336","69e642c919360fd6c179753d","<p style=""font-size: 60px; font-family: FragmentMono"">XQXQFWZHG</p>","","","training","","","","","","","",""
"null","null","html-keyboard-response","114","1057859","0.0-9.0-0.26","69aeee44187fdda005ab835b","69d7901e3430d13455efb336","69e642c919360fd6c179753d","<p style=""font-size: 60px; font-family: FragmentMono"">PKCBHAKUM</p>","","","training","","","","","","","",""
"null","null","html-keyboard-response","115","1058870","0.0-9.0-0.27","69aeee44187fdda005ab835b","69d7901e3430d13455efb336","69e642c919360fd6c179753d","<p style=""font-size: 60px; font-family: FragmentMono"">MXCUIVMIX</p>","","","training","","","","","","","",""
"null","null","html-keyboard-response","116","1059885","0.0-9.0-0.28","69aeee44187fdda005ab835b","69d7901e3430d13455efb336","69e642c919360fd6c179753d","<p style=""font-size: 60px; font-family: FragmentMono"">XQXQFQHS</p>","","","training","","","","","","","",""
"null","null","html-keyboard-response","117","1060896","0.0-9.0-0.29","69aeee44187fdda005ab835b","69d7901e3430d13455efb336","69e642c919360fd6c179753d","<p style=""font-size: 60px; font-family: FragmentMono"">EVOFVMIX</p>","","","training","","","","","","","",""
"null","null","html-keyboard-response","118","1061905","0.0-9.0-0.30","69aeee44187fdda005ab835b","69d7901e3430d13455efb336","69e642c919360fd6c179753d","<p style=""font-size: 60px; font-family: FragmentMono"">QGZSQHS</p>","","","training","","","","","","","",""
"null","null","html-keyboard-response","119","1062922","0.0-9.0-0.31","69aeee44187fdda005ab835b","69d7901e3430d13455efb336","69e642c919360fd6c179753d","<p style=""font-size: 60px; font-family: FragmentMono"">KZUOJXPX</p>","","","training","","","","","","","",""
"null","null","html-keyboard-response","120","1063927","0.0-9.0-0.32","69aeee44187fdda005ab835b","69d7901e3430d13455efb336","69e642c919360fd6c179753d","<p style=""font-size: 60px; font-family: FragmentMono"">EVOFTFRZ</p>","","","training","","","","","","","",""
"null","null","html-keyboard-response","121","1064937","0.0-9.0-0.33","69aeee44187fdda005ab835b","69d7901e3430d13455efb336","69e642c919360fd6c179753d","<p style=""font-size: 60px; font-family: FragmentMono"">QTDVAKUM</p>","","","training","","","","","","","",""
"null","null","html-keyboard-response","122","1065954","0.0-9.0-0.34","69aeee44187fdda005ab835b","69d7901e3430d13455efb336","69e642c919360fd6c179753d","<p style=""font-size: 60px; font-family: FragmentMono"">BNPNCRJMH</p>","","","training","","","","","","","",""
"null","null","html-keyboard-response","123","1066957","0.0-9.0-0.35","69aeee44187fdda005ab835b","69d7901e3430d13455efb336","69e642c919360fd6c179753d","<p style=""font-size: 60px; font-family: FragmentMono"">WDZBSQHS</p>","","","training","","","","","","","",""
"null","null","html-keyboard-response","124","1067961","0.0-9.0-0.36","69aeee44187fdda005ab835b","69d7901e3430d13455efb336","69e642c919360fd6c179753d","<p style=""font-size: 60px; font-family: FragmentMono"">SHXVKTFRZ</p>","","","training","","","","","","","",""
"null","null","html-keyboard-response","125","1068976","0.0-9.0-0.37","69aeee44187fdda005ab835b","69d7901e3430d13455efb336","69e642c919360fd6c179753d","<p style=""font-size: 60px; font-family: FragmentMono"">JXTJXQHS</p>","","","training","","","","","","","",""
"null","null","html-keyboard-response","126","1069990","0.0-9.0-0.38","69aeee44187fdda005ab835b","69d7901e3430d13455efb336","69e642c919360fd6c179753d","<p style=""font-size: 60px; font-family: FragmentMono"">LRYWVMIX</p>","","","training","","","","","","","",""
"null","null","html-keyboard-response","127","1070993","0.0-9.0-0.39","69aeee44187fdda005ab835b","69d7901e3430d13455efb336","69e642c919360fd6c179753d","<p style=""font-size: 60px; font-family: FragmentMono"">XUDJMWZHG</p>","","","training","","","","","","","",""
"null","null","html-keyboard-response","128","1072011","0.0-9.0-0.40","69aeee44187fdda005ab835b","69d7901e3430d13455efb336","69e642c919360fd6c179753d","<p style=""font-size: 60px; font-family: FragmentMono"">SHXVKJNO</p>","","","training","","","","","","","",""
"null","null","html-keyboard-response","129","1073019","0.0-9.0-0.41","69aeee44187fdda005ab835b","69d7901e3430d13455efb336","69e642c919360fd6c179753d","<p style=""font-size: 60px; font-family: FragmentMono"">QTDVRJMH</p>","","","training","","","","","","","",""
"null","null","html-keyboard-response","130","1074023","0.0-9.0-0.42","69aeee44187fdda005ab835b","69d7901e3430d13455efb336","69e642c919360fd6c179753d","<p style=""font-size: 60px; font-family: FragmentMono"">UXJCVMIX</p>","","","training","","","","","","","",""
"null","null","html-keyboard-response","131","1075031","0.0-9.0-0.43","69aeee44187fdda005ab835b","69d7901e3430d13455efb336","69e642c919360fd6c179753d","<p style=""font-size: 60px; font-family: FragmentMono"">LRYWJNO</p>","","","training","","","","","","","",""
"null","null","html-keyboard-response","132","1076039","0.0-9.0-0.44","69aeee44187fdda005ab835b","69d7901e3430d13455efb336","69e642c919360fd6c179753d","<p style=""font-size: 60px; font-family: FragmentMono"">UXJCQDZ</p>","","","training","","","","","","","",""
"null","null","html-keyboard-response","133","1077047","0.0-9.0-0.45","69aeee44187fdda005ab835b","69d7901e3430d13455efb336","69e642c919360fd6c179753d","<p style=""font-size: 60px; font-family: FragmentMono"">WDZBSTUZ</p>","","","training","","","","","","","",""
"null","null","html-keyboard-response","134","1078063","0.0-9.0-0.46","69aeee44187fdda005ab835b","69d7901e3430d13455efb336","69e642c919360fd6c179753d","<p style=""font-size: 60px; font-family: FragmentMono"">EZSJITFRZ</p>","","","training","","","","","","","",""
"null","null","html-keyboard-response","135","1079082","0.0-9.0-0.47","69aeee44187fdda005ab835b","69d7901e3430d13455efb336","69e642c919360fd6c179753d","<p style=""font-size: 60px; font-family: FragmentMono"">QTDVTUZ</p>","","","training","","","","","","","",""
"null","null","html-keyboard-response","136","1080085","0.0-9.0-0.48","69aeee44187fdda005ab835b","69d7901e3430d13455efb336","69e642c919360fd6c179753d","<p style=""font-size: 60px; font-family: FragmentMono"">RTDHLJXPX</p>","","","training","","","","","","","",""
"null","null","html-keyboard-response","137","1081100","0.0-9.0-0.49","69aeee44187fdda005ab835b","69d7901e3430d13455efb336","69e642c919360fd6c179753d","<p style=""font-size: 60px; font-family: FragmentMono"">ISLNWZHG</p>","","","training","","","","","","","",""
"null","null","html-keyboard-response","138","1082109","0.0-9.0-0.50","69aeee44187fdda005ab835b","69d7901e3430d13455efb336","69e642c919360fd6c179753d","<p style=""font-size: 60px; font-family: FragmentMono"">SHXVKVMIX</p>","","","training","","","","","","","",""
"null","null","html-keyboard-response","139","1083125","0.0-9.0-0.51","69aeee44187fdda005ab835b","69d7901e3430d13455efb336","69e642c919360fd6c179753d","<p style=""font-size: 60px; font-family: FragmentMono"">WDZBSAKUM</p>","","","training","","","","","","","",""
"null","null","html-keyboard-response","140","1084129","0.0-9.0-0.52","69aeee44187fdda005ab835b","69d7901e3430d13455efb336","69e642c919360fd6c179753d","<p style=""font-size: 60px; font-family: FragmentMono"">BWVFQHS</p>","","","training","","","","","","","",""
"null","null","html-keyboard-response","141","1085137","0.0-9.0-0.53","69aeee44187fdda005ab835b","69d7901e3430d13455efb336","69e642c919360fd6c179753d","<p style=""font-size: 60px; font-family: FragmentMono"">CEKGVMIX</p>","","","training","","","","","","","",""
"null","null","html-keyboard-response","142","1086153","0.0-9.0-0.54","69aeee44187fdda005ab835b","69d7901e3430d13455efb336","69e642c919360fd6c179753d","<p style=""font-size: 60px; font-family: FragmentMono"">MXCUITFRZ</p>","","","training","","","","","","","",""
"null","null","html-keyboard-response","143","1087154","0.0-9.0-0.55","69aeee44187fdda005ab835b","69d7901e3430d13455efb336","69e642c919360fd6c179753d","<p style=""font-size: 60px; font-family: FragmentMono"">RTDHLQDZ</p>","","","training","","","","","","","",""
"null","null","html-keyboard-response","144","1088163","0.0-9.0-0.56","69aeee44187fdda005ab835b","69d7901e3430d13455efb336","69e642c919360fd6c179753d","<p style=""font-size: 60px; font-family: FragmentMono"">KZUOJNO</p>","","","training","","","","","","","",""
"null","null","html-keyboard-response","145","1089170","0.0-9.0-0.57","69aeee44187fdda005ab835b","69d7901e3430d13455efb336","69e642c919360fd6c179753d","<p style=""font-size: 60px; font-family: FragmentMono"">LRYWJXPX</p>","","","training","","","","","","","",""
"null","null","html-keyboard-response","146","1090179","0.0-9.0-0.58","69aeee44187fdda005ab835b","69d7901e3430d13455efb336","69e642c919360fd6c179753d","<p style=""font-size: 60px; font-family: FragmentMono"">RTDHLTFRZ</p>","","","training","","","","","","","",""
"null","null","html-keyboard-response","147","1091191","0.0-9.0-0.59","69aeee44187fdda005ab835b","69d7901e3430d13455efb336","69e642c919360fd6c179753d","<p style=""font-size: 60px; font-family: FragmentMono"">ISLNTUZ</p>","","","training","","","","","","","",""
"null","null","html-keyboard-response","148","1092193","0.0-9.0-0.60","69aeee44187fdda005ab835b","69d7901e3430d13455efb336","69e642c919360fd6c179753d","<p style=""font-size: 60px; font-family: FragmentMono"">BWVFAKUM</p>","","","training","","","","","","","",""
"null","null","html-keyboard-response","149","1093207","0.0-9.0-0.61","69aeee44187fdda005ab835b","69d7901e3430d13455efb336","69e642c919360fd6c179753d","<p style=""font-size: 60px; font-family: FragmentMono"">FZLFQDZ</p>","","","training","","","","","","","",""
"null","null","html-keyboard-response","150","1094214","0.0-9.0-0.62","69aeee44187fdda005ab835b","69d7901e3430d13455efb336","69e642c919360fd6c179753d","<p style=""font-size: 60px; font-family: FragmentMono"">PKCBHQHS</p>","","","training","","","","","","","",""
"null","null","html-keyboard-response","151","1095222","0.0-9.0-0.63","69aeee44187fdda005ab835b","69d7901e3430d13455efb336","69e642c919360fd6c179753d","<p style=""font-size: 60px; font-family: FragmentMono"">UXJCJNO</p>","","","training","","","","","","","",""
"null","null","html-keyboard-response","152","1096227","0.0-9.0-0.64","69aeee44187fdda005ab835b","69d7901e3430d13455efb336","69e642c919360fd6c179753d","<p style=""font-size: 60px; font-family: FragmentMono"">QTDVWZHG</p>","","","training","","","","","","","",""
"null","null","html-keyboard-response","153","1097235","0.0-9.0-0.65","69aeee44187fdda005ab835b","69d7901e3430d13455efb336","69e642c919360fd6c179753d","<p style=""font-size: 60px; font-family: FragmentMono"">SHXVKJXPX</p>","","","training","","","","","","","",""
"null","null","html-keyboard-response","154","1098246","0.0-9.0-0.66","69aeee44187fdda005ab835b","69d7901e3430d13455efb336","69e642c919360fd6c179753d","<p style=""font-size: 60px; font-family: FragmentMono"">BNPNCQHS</p>","","","training","","","","","","","",""
"null","null","html-keyboard-response","155","1099259","0.0-9.0-0.67","69aeee44187fdda005ab835b","69d7901e3430d13455efb336","69e642c919360fd6c179753d","<p style=""font-size: 60px; font-family: FragmentMono"">PKCBHRJMH</p>","","","training","","","","","","","",""
"null","null","html-keyboard-response","156","1100269","0.0-9.0-0.68","69aeee44187fdda005ab835b","69d7901e3430d13455efb336","69e642c919360fd6c179753d","<p style=""font-size: 60px; font-family: FragmentMono"">RTDHLVMIX</p>","","","training","","","","","","","",""
"null","null","html-keyboard-response","157","1101279","0.0-9.0-0.69","69aeee44187fdda005ab835b","69d7901e3430d13455efb336","69e642c919360fd6c179753d","<p style=""font-size: 60px; font-family: FragmentMono"">BNPNCTUZ</p>","","","training","","","","","","","",""
"null","null","html-keyboard-response","158","1102288","0.0-9.0-0.70","69aeee44187fdda005ab835b","69d7901e3430d13455efb336","69e642c919360fd6c179753d","<p style=""font-size: 60px; font-family: FragmentMono"">WDZBSWZHG</p>","","","training","","","","","","","",""
"null","null","html-keyboard-response","159","1103297","0.0-9.0-0.71","69aeee44187fdda005ab835b","69d7901e3430d13455efb336","69e642c919360fd6c179753d","<p style=""font-size: 60px; font-family: FragmentMono"">MXCUIQDZ</p>","","","training","","","","","","","",""
"null","null","html-keyboard-response","160","1104312","0.0-9.0-0.72","69aeee44187fdda005ab835b","69d7901e3430d13455efb336","69e642c919360fd6c179753d","<p style=""font-size: 60px; font-family: FragmentMono"">BNPNCWZHG</p>","","","training","","","","","","","",""
"null","null","html-keyboard-response","161","1105325","0.0-9.0-0.73","69aeee44187fdda005ab835b","69d7901e3430d13455efb336","69e642c919360fd6c179753d","<p style=""font-size: 60px; font-family: FragmentMono"">EVOFQDZ</p>","","","training","","","","","","","",""
"null","null","html-keyboard-response","162","1106332","0.0-9.0-0.74","69aeee44187fdda005ab835b","69d7901e3430d13455efb336","69e642c919360fd6c179753d","<p style=""font-size: 60px; font-family: FragmentMono"">FZLFJNO</p>","","","training","","","","","","","",""
"null","null","html-keyboard-response","163","1107335","0.0-9.0-0.75","69aeee44187fdda005ab835b","69d7901e3430d13455efb336","69e642c919360fd6c179753d","<p style=""font-size: 60px; font-family: FragmentMono"">XUDJMRJMH</p>","","","training","","","","","","","",""
"null","null","html-keyboard-response","164","1108343","0.0-9.0-0.76","69aeee44187fdda005ab835b","69d7901e3430d13455efb336","69e642c919360fd6c179753d","<p style=""font-size: 60px; font-family: FragmentMono"">JXTJXWZHG</p>","","","training","","","","","","","",""
"null","null","html-keyboard-response","165","1109353","0.0-9.0-0.77","69aeee44187fdda005ab835b","69d7901e3430d13455efb336","69e642c919360fd6c179753d","<p style=""font-size: 60px; font-family: FragmentMono"">LRYWQDZ</p>","","","training","","","","","","","",""
"null","null","html-keyboard-response","166","1110362","0.0-9.0-0.78","69aeee44187fdda005ab835b","69d7901e3430d13455efb336","69e642c919360fd6c179753d","<p style=""font-size: 60px; font-family: FragmentMono"">JXTJXRJMH</p>","","","training","","","","","","","",""
"null","null","html-keyboard-response","167","1111367","0.0-9.0-0.79","69aeee44187fdda005ab835b","69d7901e3430d13455efb336","69e642c919360fd6c179753d","<p style=""font-size: 60px; font-family: FragmentMono"">CEKGJNO</p>","","","training","","","","","","","",""
"72"," ","html-keyboard-response","168","1111440","0.0-10.0","69aeee44187fdda005ab835b","69d7901e3430d13455efb336","69e642c919360fd6c179753d","<p style=""font-size: 30px"">Great, you've seen the second block of words. You may now take a short break.</p>
      <p style=""font-size: 30px"">Press the spacebar when you're ready to continue.</p>","","","","","","","","","","",""
"null","null","html-keyboard-response","169","1112447","0.0-11.0-0.0","69aeee44187fdda005ab835b","69d7901e3430d13455efb336","69e642c919360fd6c179753d","<p style=""font-size: 60px; font-family: FragmentMono"">BWVFAKUM</p>","","","training","","","","","","","",""
"null","null","html-keyboard-response","170","1113457","0.0-11.0-0.1","69aeee44187fdda005ab835b","69d7901e3430d13455efb336","69e642c919360fd6c179753d","<p style=""font-size: 60px; font-family: FragmentMono"">JXTJXRJMH</p>","","","training","","","","","","","",""
"null","null","html-keyboard-response","171","1114473","0.0-11.0-0.2","69aeee44187fdda005ab835b","69d7901e3430d13455efb336","69e642c919360fd6c179753d","<p style=""font-size: 60px; font-family: FragmentMono"">EVOFTFRZ</p>","","","training","","","","","","","",""
"null","null","html-keyboard-response","172","1115479","0.0-11.0-0.3","69aeee44187fdda005ab835b","69d7901e3430d13455efb336","69e642c919360fd6c179753d","<p style=""font-size: 60px; font-family: FragmentMono"">UXJCJNO</p>","","","training","","","","","","","",""
"null","null","html-keyboard-response","173","1116492","0.0-11.0-0.4","69aeee44187fdda005ab835b","69d7901e3430d13455efb336","69e642c919360fd6c179753d","<p style=""font-size: 60px; font-family: FragmentMono"">XQXQFRJMH</p>","","","training","","","","","","","",""
"null","null","html-keyboard-response","174","1117494","0.0-11.0-0.5","69aeee44187fdda005ab835b","69d7901e3430d13455efb336","69e642c919360fd6c179753d","<p style=""font-size: 60px; font-family: FragmentMono"">RTDHLJXPX</p>","","","training","","","","","","","",""
"null","null","html-keyboard-response","175","1118502","0.0-11.0-0.6","69aeee44187fdda005ab835b","69d7901e3430d13455efb336","69e642c919360fd6c179753d","<p style=""font-size: 60px; font-family: FragmentMono"">QTDVWZHG</p>","","","training","","","","","","","",""
"null","null","html-keyboard-response","176","1119514","0.0-11.0-0.7","69aeee44187fdda005ab835b","69d7901e3430d13455efb336","69e642c919360fd6c179753d","<p style=""font-size: 60px; font-family: FragmentMono"">ISLNTUZ</p>","","","training","","","","","","","",""
"null","null","html-keyboard-response","177","1120519","0.0-11.0-0.8","69aeee44187fdda005ab835b","69d7901e3430d13455efb336","69e642c919360fd6c179753d","<p style=""font-size: 60px; font-family: FragmentMono"">LRYWQDZ</p>","","","training","","","","","","","",""
"null","null","html-keyboard-response","178","1121522","0.0-11.0-0.9","69aeee44187fdda005ab835b","69d7901e3430d13455efb336","69e642c919360fd6c179753d","<p style=""font-size: 60px; font-family: FragmentMono"">QTDVAKUM</p>","","","training","","","","","","","",""
"null","null","html-keyboard-response","179","1122531","0.0-11.0-0.10","69aeee44187fdda005ab835b","69d7901e3430d13455efb336","69e642c919360fd6c179753d","<p style=""font-size: 60px; font-family: FragmentMono"">XQXQFWZHG</p>","","","training","","","","","","","",""
"null","null","html-keyboard-response","180","1123535","0.0-11.0-0.11","69aeee44187fdda005ab835b","69d7901e3430d13455efb336","69e642c919360fd6c179753d","<p style=""font-size: 60px; font-family: FragmentMono"">JXTJXAKUM</p>","","","training","","","","","","","",""
"null","null","html-keyboard-response","181","1124550","0.0-11.0-0.12","69aeee44187fdda005ab835b","69d7901e3430d13455efb336","69e642c919360fd6c179753d","<p style=""font-size: 60px; font-family: FragmentMono"">SHXVKJNO</p>","","","training","","","","","","","",""
"null","null","html-keyboard-response","182","1125559","0.0-11.0-0.13","69aeee44187fdda005ab835b","69d7901e3430d13455efb336","69e642c919360fd6c179753d","<p style=""font-size: 60px; font-family: FragmentMono"">FZLFVMIX</p>","","","training","","","","","","","",""
"null","null","html-keyboard-response","183","1126563","0.0-11.0-0.14","69aeee44187fdda005ab835b","69d7901e3430d13455efb336","69e642c919360fd6c179753d","<p style=""font-size: 60px; font-family: FragmentMono"">UXJCQDZ</p>","","","training","","","","","","","",""
"null","null","html-keyboard-response","184","1127572","0.0-11.0-0.15","69aeee44187fdda005ab835b","69d7901e3430d13455efb336","69e642c919360fd6c179753d","<p style=""font-size: 60px; font-family: FragmentMono"">CEKGJNO</p>","","","training","","","","","","","",""
"null","null","html-keyboard-response","185","1128580","0.0-11.0-0.16","69aeee44187fdda005ab835b","69d7901e3430d13455efb336","69e642c919360fd6c179753d","<p style=""font-size: 60px; font-family: FragmentMono"">QGZSAKUM</p>","","","training","","","","","","","",""
"null","null","html-keyboard-response","186","1129597","0.0-11.0-0.17","69aeee44187fdda005ab835b","69d7901e3430d13455efb336","69e642c919360fd6c179753d","<p style=""font-size: 60px; font-family: FragmentMono"">XUDJMWZHG</p>","","","training","","","","","","","",""
"null","null","html-keyboard-response","187","1130605","0.0-11.0-0.18","69aeee44187fdda005ab835b","69d7901e3430d13455efb336","69e642c919360fd6c179753d","<p style=""font-size: 60px; font-family: FragmentMono"">RTDHLQDZ</p>","","","training","","","","","","","",""
"null","null","html-keyboard-response","188","1131617","0.0-11.0-0.19","69aeee44187fdda005ab835b","69d7901e3430d13455efb336","69e642c919360fd6c179753d","<p style=""font-size: 60px; font-family: FragmentMono"">JXTJXQHS</p>","","","training","","","","","","","",""
"null","null","html-keyboard-response","189","1132626","0.0-11.0-0.20","69aeee44187fdda005ab835b","69d7901e3430d13455efb336","69e642c919360fd6c179753d","<p style=""font-size: 60px; font-family: FragmentMono"">FZLFJXPX</p>","","","training","","","","","","","",""
"null","null","html-keyboard-response","190","1133637","0.0-11.0-0.21","69aeee44187fdda005ab835b","69d7901e3430d13455efb336","69e642c919360fd6c179753d","<p style=""font-size: 60px; font-family: FragmentMono"">WDZBSAKUM</p>","","","training","","","","","","","",""
"null","null","html-keyboard-response","191","1134652","0.0-11.0-0.22","69aeee44187fdda005ab835b","69d7901e3430d13455efb336","69e642c919360fd6c179753d","<p style=""font-size: 60px; font-family: FragmentMono"">CEKGVMIX</p>","","","training","","","","","","","",""
"null","null","html-keyboard-response","192","1135656","0.0-11.0-0.23","69aeee44187fdda005ab835b","69d7901e3430d13455efb336","69e642c919360fd6c179753d","<p style=""font-size: 60px; font-family: FragmentMono"">BNPNCQHS</p>","","","training","","","","","","","",""
"null","null","html-keyboard-response","193","1136660","0.0-11.0-0.24","69aeee44187fdda005ab835b","69d7901e3430d13455efb336","69e642c919360fd6c179753d","<p style=""font-size: 60px; font-family: FragmentMono"">FZLFJNO</p>","","","training","","","","","","","",""
"null","null","html-keyboard-response","194","1137662","0.0-11.0-0.25","69aeee44187fdda005ab835b","69d7901e3430d13455efb336","69e642c919360fd6c179753d","<p style=""font-size: 60px; font-family: FragmentMono"">JXTJXWZHG</p>","","","training","","","","","","","",""
"null","null","html-keyboard-response","195","1138677","0.0-11.0-0.26","69aeee44187fdda005ab835b","69d7901e3430d13455efb336","69e642c919360fd6c179753d","<p style=""font-size: 60px; font-family: FragmentMono"">PKCBHRJMH</p>","","","training","","","","","","","",""
"null","null","html-keyboard-response","196","1139690","0.0-11.0-0.27","69aeee44187fdda005ab835b","69d7901e3430d13455efb336","69e642c919360fd6c179753d","<p style=""font-size: 60px; font-family: FragmentMono"">BNPNCTUZ</p>","","","training","","","","","","","",""
"null","null","html-keyboard-response","197","1140694","0.0-11.0-0.28","69aeee44187fdda005ab835b","69d7901e3430d13455efb336","69e642c919360fd6c179753d","<p style=""font-size: 60px; font-family: FragmentMono"">QGZSQHS</p>","","","training","","","","","","","",""
"null","null","html-keyboard-response","198","1141708","0.0-11.0-0.29","69aeee44187fdda005ab835b","69d7901e3430d13455efb336","69e642c919360fd6c179753d","<p style=""font-size: 60px; font-family: FragmentMono"">UXJCVMIX</p>","","","training","","","","","","","",""
"null","null","html-keyboard-response","199","1142716","0.0-11.0-0.30","69aeee44187fdda005ab835b","69d7901e3430d13455efb336","69e642c919360fd6c179753d","<p style=""font-size: 60px; font-family: FragmentMono"">RTDHLTFRZ</p>","","","training","","","","","","","",""
"null","null","html-keyboard-response","200","1143718","0.0-11.0-0.31","69aeee44187fdda005ab835b","69d7901e3430d13455efb336","69e642c919360fd6c179753d","<p style=""font-size: 60px; font-family: FragmentMono"">KZUOQDZ</p>","","","training","","","","","","","",""
"null","null","html-keyboard-response","201","1144728","0.0-11.0-0.32","69aeee44187fdda005ab835b","69d7901e3430d13455efb336","69e642c919360fd6c179753d","<p style=""font-size: 60px; font-family: FragmentMono"">XUDJMRJMH</p>","","","training","","","","","","","",""
"null","null","html-keyboard-response","202","1145744","0.0-11.0-0.33","69aeee44187fdda005ab835b","69d7901e3430d13455efb336","69e642c919360fd6c179753d","<p style=""font-size: 60px; font-family: FragmentMono"">BWVFWZHG</p>","","","training","","","","","","","",""
"null","null","html-keyboard-response","203","1146749","0.0-11.0-0.34","69aeee44187fdda005ab835b","69d7901e3430d13455efb336","69e642c919360fd6c179753d","<p style=""font-size: 60px; font-family: FragmentMono"">LRYWVMIX</p>","","","training","","","","","","","",""
"null","null","html-keyboard-response","204","1147764","0.0-11.0-0.35","69aeee44187fdda005ab835b","69d7901e3430d13455efb336","69e642c919360fd6c179753d","<p style=""font-size: 60px; font-family: FragmentMono"">MXCUITFRZ</p>","","","training","","","","","","","",""
"null","null","html-keyboard-response","205","1148780","0.0-11.0-0.36","69aeee44187fdda005ab835b","69d7901e3430d13455efb336","69e642c919360fd6c179753d","<p style=""font-size: 60px; font-family: FragmentMono"">RTDHLVMIX</p>","","","training","","","","","","","",""
"null","null","html-keyboard-response","206","1149788","0.0-11.0-0.37","69aeee44187fdda005ab835b","69d7901e3430d13455efb336","69e642c919360fd6c179753d","<p style=""font-size: 60px; font-family: FragmentMono"">EZSJIJXPX</p>","","","training","","","","","","","",""
"null","null","html-keyboard-response","207","1150790","0.0-11.0-0.38","69aeee44187fdda005ab835b","69d7901e3430d13455efb336","69e642c919360fd6c179753d","<p style=""font-size: 60px; font-family: FragmentMono"">XQXQFAKUM</p>","","","training","","","","","","","",""
"null","null","html-keyboard-response","208","1151798","0.0-11.0-0.39","69aeee44187fdda005ab835b","69d7901e3430d13455efb336","69e642c919360fd6c179753d","<p style=""font-size: 60px; font-family: FragmentMono"">KZUOJNO</p>","","","training","","","","","","","",""
"null","null","html-keyboard-response","209","1152804","0.0-11.0-0.40","69aeee44187fdda005ab835b","69d7901e3430d13455efb336","69e642c919360fd6c179753d","<p style=""font-size: 60px; font-family: FragmentMono"">BWVFQHS</p>","","","training","","","","","","","",""
"null","null","html-keyboard-response","210","1153809","0.0-11.0-0.41","69aeee44187fdda005ab835b","69d7901e3430d13455efb336","69e642c919360fd6c179753d","<p style=""font-size: 60px; font-family: FragmentMono"">UXJCTFRZ</p>","","","training","","","","","","","",""
"null","null","html-keyboard-response","211","1154823","0.0-11.0-0.42","69aeee44187fdda005ab835b","69d7901e3430d13455efb336","69e642c919360fd6c179753d","<p style=""font-size: 60px; font-family: FragmentMono"">XQXQFQHS</p>","","","training","","","","","","","",""
"null","null","html-keyboard-response","212","1155840","0.0-11.0-0.43","69aeee44187fdda005ab835b","69d7901e3430d13455efb336","69e642c919360fd6c179753d","<p style=""font-size: 60px; font-family: FragmentMono"">BWVFTUZ</p>","","","training","","","","","","","",""
"null","null","html-keyboard-response","213","1156853","0.0-11.0-0.44","69aeee44187fdda005ab835b","69d7901e3430d13455efb336","69e642c919360fd6c179753d","<p style=""font-size: 60px; font-family: FragmentMono"">KZUOJXPX</p>","","","training","","","","","","","",""
"null","null","html-keyboard-response","214","1157870","0.0-11.0-0.45","69aeee44187fdda005ab835b","69d7901e3430d13455efb336","69e642c919360fd6c179753d","<p style=""font-size: 60px; font-family: FragmentMono"">XUDJMTUZ</p>","","","training","","","","","","","",""
"null","null","html-keyboard-response","215","1158883","0.0-11.0-0.46","69aeee44187fdda005ab835b","69d7901e3430d13455efb336","69e642c919360fd6c179753d","<p style=""font-size: 60px; font-family: FragmentMono"">ISLNRJMH</p>","","","training","","","","","","","",""
"null","null","html-keyboard-response","216","1159896","0.0-11.0-0.47","69aeee44187fdda005ab835b","69d7901e3430d13455efb336","69e642c919360fd6c179753d","<p style=""font-size: 60px; font-family: FragmentMono"">BNPNCWZHG</p>","","","training","","","","","","","",""
"null","null","html-keyboard-response","217","1160901","0.0-11.0-0.48","69aeee44187fdda005ab835b","69d7901e3430d13455efb336","69e642c919360fd6c179753d","<p style=""font-size: 60px; font-family: FragmentMono"">MXCUIJNO</p>","","","training","","","","","","","",""
"null","null","html-keyboard-response","218","1161904","0.0-11.0-0.49","69aeee44187fdda005ab835b","69d7901e3430d13455efb336","69e642c919360fd6c179753d","<p style=""font-size: 60px; font-family: FragmentMono"">WDZBSTUZ</p>","","","training","","","","","","","",""
"null","null","html-keyboard-response","219","1162912","0.0-11.0-0.50","69aeee44187fdda005ab835b","69d7901e3430d13455efb336","69e642c919360fd6c179753d","<p style=""font-size: 60px; font-family: FragmentMono"">SHXVKJXPX</p>","","","training","","","","","","","",""
"null","null","html-keyboard-response","220","1163928","0.0-11.0-0.51","69aeee44187fdda005ab835b","69d7901e3430d13455efb336","69e642c919360fd6c179753d","<p style=""font-size: 60px; font-family: FragmentMono"">EZSJIQDZ</p>","","","training","","","","","","","",""
"null","null","html-keyboard-response","221","1164940","0.0-11.0-0.52","69aeee44187fdda005ab835b","69d7901e3430d13455efb336","69e642c919360fd6c179753d","<p style=""font-size: 60px; font-family: FragmentMono"">EVOFVMIX</p>","","","training","","","","","","","",""
"null","null","html-keyboard-response","222","1165947","0.0-11.0-0.53","69aeee44187fdda005ab835b","69d7901e3430d13455efb336","69e642c919360fd6c179753d","<p style=""font-size: 60px; font-family: FragmentMono"">BNPNCRJMH</p>","","","training","","","","","","","",""
"null","null","html-keyboard-response","223","1166949","0.0-11.0-0.54","69aeee44187fdda005ab835b","69d7901e3430d13455efb336","69e642c919360fd6c179753d","<p style=""font-size: 60px; font-family: FragmentMono"">SHXVKTFRZ</p>","","","training","","","","","","","",""
"null","null","html-keyboard-response","224","1167958","0.0-11.0-0.55","69aeee44187fdda005ab835b","69d7901e3430d13455efb336","69e642c919360fd6c179753d","<p style=""font-size: 60px; font-family: FragmentMono"">QGZSRJMH</p>","","","training","","","","","","","",""
"null","null","html-keyboard-response","225","1168967","0.0-11.0-0.56","69aeee44187fdda005ab835b","69d7901e3430d13455efb336","69e642c919360fd6c179753d","<p style=""font-size: 60px; font-family: FragmentMono"">MXCUIQDZ</p>","","","training","","","","","","","",""
"null","null","html-keyboard-response","226","1169976","0.0-11.0-0.57","69aeee44187fdda005ab835b","69d7901e3430d13455efb336","69e642c919360fd6c179753d","<p style=""font-size: 60px; font-family: FragmentMono"">PKCBHQHS</p>","","","training","","","","","","","",""
"null","null","html-keyboard-response","227","1170985","0.0-11.0-0.58","69aeee44187fdda005ab835b","69d7901e3430d13455efb336","69e642c919360fd6c179753d","<p style=""font-size: 60px; font-family: FragmentMono"">ISLNWZHG</p>","","","training","","","","","","","",""
"null","null","html-keyboard-response","228","1171986","0.0-11.0-0.59","69aeee44187fdda005ab835b","69d7901e3430d13455efb336","69e642c919360fd6c179753d","<p style=""font-size: 60px; font-family: FragmentMono"">EVOFJXPX</p>","","","training","","","","","","","",""
"null","null","html-keyboard-response","229","1172996","0.0-11.0-0.60","69aeee44187fdda005ab835b","69d7901e3430d13455efb336","69e642c919360fd6c179753d","<p style=""font-size: 60px; font-family: FragmentMono"">WDZBSQHS</p>","","","training","","","","","","","",""
"null","null","html-keyboard-response","230","1174014","0.0-11.0-0.61","69aeee44187fdda005ab835b","69d7901e3430d13455efb336","69e642c919360fd6c179753d","<p style=""font-size: 60px; font-family: FragmentMono"">EZSJIJNO</p>","","","training","","","","","","","",""
"null","null","html-keyboard-response","231","1175022","0.0-11.0-0.62","69aeee44187fdda005ab835b","69d7901e3430d13455efb336","69e642c919360fd6c179753d","<p style=""font-size: 60px; font-family: FragmentMono"">QTDVTUZ</p>","","","training","","","","","","","",""
"null","null","html-keyboard-response","232","1176039","0.0-11.0-0.63","69aeee44187fdda005ab835b","69d7901e3430d13455efb336","69e642c919360fd6c179753d","<p style=""font-size: 60px; font-family: FragmentMono"">KZUOTFRZ</p>","","","training","","","","","","","",""
"null","null","html-keyboard-response","233","1177050","0.0-11.0-0.64","69aeee44187fdda005ab835b","69d7901e3430d13455efb336","69e642c919360fd6c179753d","<p style=""font-size: 60px; font-family: FragmentMono"">SHXVKVMIX</p>","","","training","","","","","","","",""
"null","null","html-keyboard-response","234","1178060","0.0-11.0-0.65","69aeee44187fdda005ab835b","69d7901e3430d13455efb336","69e642c919360fd6c179753d","<p style=""font-size: 60px; font-family: FragmentMono"">FZLFQDZ</p>","","","training","","","","","","","",""
"null","null","html-keyboard-response","235","1179075","0.0-11.0-0.66","69aeee44187fdda005ab835b","69d7901e3430d13455efb336","69e642c919360fd6c179753d","<p style=""font-size: 60px; font-family: FragmentMono"">CEKGJXPX</p>","","","training","","","","","","","",""
"null","null","html-keyboard-response","236","1180092","0.0-11.0-0.67","69aeee44187fdda005ab835b","69d7901e3430d13455efb336","69e642c919360fd6c179753d","<p style=""font-size: 60px; font-family: FragmentMono"">PKCBHTUZ</p>","","","training","","","","","","","",""
"null","null","html-keyboard-response","237","1181097","0.0-11.0-0.68","69aeee44187fdda005ab835b","69d7901e3430d13455efb336","69e642c919360fd6c179753d","<p style=""font-size: 60px; font-family: FragmentMono"">CEKGTFRZ</p>","","","training","","","","","","","",""
"null","null","html-keyboard-response","238","1182103","0.0-11.0-0.69","69aeee44187fdda005ab835b","69d7901e3430d13455efb336","69e642c919360fd6c179753d","<p style=""font-size: 60px; font-family: FragmentMono"">ISLNQHS</p>","","","training","","","","","","","",""
"null","null","html-keyboard-response","239","1183110","0.0-11.0-0.70","69aeee44187fdda005ab835b","69d7901e3430d13455efb336","69e642c919360fd6c179753d","<p style=""font-size: 60px; font-family: FragmentMono"">QTDVRJMH</p>","","","training","","","","","","","",""
"null","null","html-keyboard-response","240","1184123","0.0-11.0-0.71","69aeee44187fdda005ab835b","69d7901e3430d13455efb336","69e642c919360fd6c179753d","<p style=""font-size: 60px; font-family: FragmentMono"">MXCUIVMIX</p>","","","training","","","","","","","",""
"null","null","html-keyboard-response","241","1185137","0.0-11.0-0.72","69aeee44187fdda005ab835b","69d7901e3430d13455efb336","69e642c919360fd6c179753d","<p style=""font-size: 60px; font-family: FragmentMono"">EZSJITFRZ</p>","","","training","","","","","","","",""
"null","null","html-keyboard-response","242","1186138","0.0-11.0-0.73","69aeee44187fdda005ab835b","69d7901e3430d13455efb336","69e642c919360fd6c179753d","<p style=""font-size: 60px; font-family: FragmentMono"">PKCBHAKUM</p>","","","training","","","","","","","",""
"null","null","html-keyboard-response","243","1187147","0.0-11.0-0.74","69aeee44187fdda005ab835b","69d7901e3430d13455efb336","69e642c919360fd6c179753d","<p style=""font-size: 60px; font-family: FragmentMono"">QGZSTUZ</p>","","","training","","","","","","","",""
"null","null","html-keyboard-response","244","1188154","0.0-11.0-0.75","69aeee44187fdda005ab835b","69d7901e3430d13455efb336","69e642c919360fd6c179753d","<p style=""font-size: 60px; font-family: FragmentMono"">XUDJMAKUM</p>","","","training","","","","","","","",""
"null","null","html-keyboard-response","245","1189161","0.0-11.0-0.76","69aeee44187fdda005ab835b","69d7901e3430d13455efb336","69e642c919360fd6c179753d","<p style=""font-size: 60px; font-family: FragmentMono"">LRYWJNO</p>","","","training","","","","","","","",""
"null","null","html-keyboard-response","246","1190165","0.0-11.0-0.77","69aeee44187fdda005ab835b","69d7901e3430d13455efb336","69e642c919360fd6c179753d","<p style=""font-size: 60px; font-family: FragmentMono"">WDZBSWZHG</p>","","","training","","","","","","","",""
"null","null","html-keyboard-response","247","1191175","0.0-11.0-0.78","69aeee44187fdda005ab835b","69d7901e3430d13455efb336","69e642c919360fd6c179753d","<p style=""font-size: 60px; font-family: FragmentMono"">LRYWJXPX</p>","","","training","","","","","","","",""
"null","null","html-keyboard-response","248","1192183","0.0-11.0-0.79","69aeee44187fdda005ab835b","69d7901e3430d13455efb336","69e642c919360fd6c179753d","<p style=""font-size: 60px; font-family: FragmentMono"">EVOFQDZ</p>","","","training","","","","","","","",""
"151931"," ","html-keyboard-response","249","1344115","0.0-12.0","69aeee44187fdda005ab835b","69d7901e3430d13455efb336","69e642c919360fd6c179753d","<p style=""font-size: 30px"">Great, you've seen the third block of words. You may now take a short break.</p>
      <p style=""font-size: 30px"">Press the spacebar when you're ready to continue.</p>","","","","","","","","","","",""
"null","null","html-keyboard-response","250","1345128","0.0-13.0-0.0","69aeee44187fdda005ab835b","69d7901e3430d13455efb336","69e642c919360fd6c179753d","<p style=""font-size: 60px; font-family: FragmentMono"">MXCUITFRZ</p>","","","training","","","","","","","",""
"null","null","html-keyboard-response","251","1346139","0.0-13.0-0.1","69aeee44187fdda005ab835b","69d7901e3430d13455efb336","69e642c919360fd6c179753d","<p style=""font-size: 60px; font-family: FragmentMono"">ISLNQHS</p>","","","training","","","","","","","",""
"null","null","html-keyboard-response","252","1347156","0.0-13.0-0.2","69aeee44187fdda005ab835b","69d7901e3430d13455efb336","69e642c919360fd6c179753d","<p style=""font-size: 60px; font-family: FragmentMono"">KZUOQDZ</p>","","","training","","","","","","","",""
"null","null","html-keyboard-response","253","1348161","0.0-13.0-0.3","69aeee44187fdda005ab835b","69d7901e3430d13455efb336","69e642c919360fd6c179753d","<p style=""font-size: 60px; font-family: FragmentMono"">BWVFWZHG</p>","","","training","","","","","","","",""
"null","null","html-keyboard-response","254","1349174","0.0-13.0-0.4","69aeee44187fdda005ab835b","69d7901e3430d13455efb336","69e642c919360fd6c179753d","<p style=""font-size: 60px; font-family: FragmentMono"">EVOFQDZ</p>","","","training","","","","","","","",""
"null","null","html-keyboard-response","255","1350190","0.0-13.0-0.5","69aeee44187fdda005ab835b","69d7901e3430d13455efb336","69e642c919360fd6c179753d","<p style=""font-size: 60px; font-family: FragmentMono"">JXTJXAKUM</p>","","","training","","","","","","","",""
"null","null","html-keyboard-response","256","1351192","0.0-13.0-0.6","69aeee44187fdda005ab835b","69d7901e3430d13455efb336","69e642c919360fd6c179753d","<p style=""font-size: 60px; font-family: FragmentMono"">QTDVWZHG</p>","","","training","","","","","","","",""
"null","null","html-keyboard-response","257","1352205","0.0-13.0-0.7","69aeee44187fdda005ab835b","69d7901e3430d13455efb336","69e642c919360fd6c179753d","<p style=""font-size: 60px; font-family: FragmentMono"">LRYWJNO</p>","","","training","","","","","","","",""
"null","null","html-keyboard-response","258","1353218","0.0-13.0-0.8","69aeee44187fdda005ab835b","69d7901e3430d13455efb336","69e642c919360fd6c179753d","<p style=""font-size: 60px; font-family: FragmentMono"">XUDJMAKUM</p>","","","training","","","","","","","",""
"null","null","html-keyboard-response","259","1354235","0.0-13.0-0.9","69aeee44187fdda005ab835b","69d7901e3430d13455efb336","69e642c919360fd6c179753d","<p style=""font-size: 60px; font-family: FragmentMono"">SHXVKTFRZ</p>","","","training","","","","","","","",""
"null","null","html-keyboard-response","260","1355253","0.0-13.0-0.10","69aeee44187fdda005ab835b","69d7901e3430d13455efb336","69e642c919360fd6c179753d","<p style=""font-size: 60px; font-family: FragmentMono"">WDZBSAKUM</p>","","","training","","","","","","","",""
"null","null","html-keyboard-response","261","1356267","0.0-13.0-0.11","69aeee44187fdda005ab835b","69d7901e3430d13455efb336","69e642c919360fd6c179753d","<p style=""font-size: 60px; font-family: FragmentMono"">FZLFJXPX</p>","","","training","","","","","","","",""
"null","null","html-keyboard-response","262","1357274","0.0-13.0-0.12","69aeee44187fdda005ab835b","69d7901e3430d13455efb336","69e642c919360fd6c179753d","<p style=""font-size: 60px; font-family: FragmentMono"">RTDHLTFRZ</p>","","","training","","","","","","","",""
"null","null","html-keyboard-response","263","1358283","0.0-13.0-0.13","69aeee44187fdda005ab835b","69d7901e3430d13455efb336","69e642c919360fd6c179753d","<p style=""font-size: 60px; font-family: FragmentMono"">CEKGVMIX</p>","","","training","","","","","","","",""
"null","null","html-keyboard-response","264","1359287","0.0-13.0-0.14","69aeee44187fdda005ab835b","69d7901e3430d13455efb336","69e642c919360fd6c179753d","<p style=""font-size: 60px; font-family: FragmentMono"">KZUOJNO</p>","","","training","","","","","","","",""
"null","null","html-keyboard-response","265","1360296","0.0-13.0-0.15","69aeee44187fdda005ab835b","69d7901e3430d13455efb336","69e642c919360fd6c179753d","<p style=""font-size: 60px; font-family: FragmentMono"">QTDVAKUM</p>","","","training","","","","","","","",""
"null","null","html-keyboard-response","266","1361310","0.0-13.0-0.16","69aeee44187fdda005ab835b","69d7901e3430d13455efb336","69e642c919360fd6c179753d","<p style=""font-size: 60px; font-family: FragmentMono"">CEKGJXPX</p>","","","training","","","","","","","",""
"null","null","html-keyboard-response","267","1362321","0.0-13.0-0.17","69aeee44187fdda005ab835b","69d7901e3430d13455efb336","69e642c919360fd6c179753d","<p style=""font-size: 60px; font-family: FragmentMono"">JXTJXWZHG</p>","","","training","","","","","","","",""
"null","null","html-keyboard-response","268","1363327","0.0-13.0-0.18","69aeee44187fdda005ab835b","69d7901e3430d13455efb336","69e642c919360fd6c179753d","<p style=""font-size: 60px; font-family: FragmentMono"">MXCUIVMIX</p>","","","training","","","","","","","",""
"null","null","html-keyboard-response","269","1364332","0.0-13.0-0.19","69aeee44187fdda005ab835b","69d7901e3430d13455efb336","69e642c919360fd6c179753d","<p style=""font-size: 60px; font-family: FragmentMono"">WDZBSQHS</p>","","","training","","","","","","","",""
"null","null","html-keyboard-response","270","1365339","0.0-13.0-0.20","69aeee44187fdda005ab835b","69d7901e3430d13455efb336","69e642c919360fd6c179753d","<p style=""font-size: 60px; font-family: FragmentMono"">UXJCTFRZ</p>","","","training","","","","","","","",""
"null","null","html-keyboard-response","271","1366343","0.0-13.0-0.21","69aeee44187fdda005ab835b","69d7901e3430d13455efb336","69e642c919360fd6c179753d","<p style=""font-size: 60px; font-family: FragmentMono"">PKCBHTUZ</p>","","","training","","","","","","","",""
"null","null","html-keyboard-response","272","1367345","0.0-13.0-0.22","69aeee44187fdda005ab835b","69d7901e3430d13455efb336","69e642c919360fd6c179753d","<p style=""font-size: 60px; font-family: FragmentMono"">UXJCQDZ</p>","","","training","","","","","","","",""
"null","null","html-keyboard-response","273","1368355","0.0-13.0-0.23","69aeee44187fdda005ab835b","69d7901e3430d13455efb336","69e642c919360fd6c179753d","<p style=""font-size: 60px; font-family: FragmentMono"">EVOFJXPX</p>","","","training","","","","","","","",""
"null","null","html-keyboard-response","274","1369362","0.0-13.0-0.24","69aeee44187fdda005ab835b","69d7901e3430d13455efb336","69e642c919360fd6c179753d","<p style=""font-size: 60px; font-family: FragmentMono"">UXJCJNO</p>","","","training","","","","","","","",""
"null","null","html-keyboard-response","275","1370371","0.0-13.0-0.25","69aeee44187fdda005ab835b","69d7901e3430d13455efb336","69e642c919360fd6c179753d","<p style=""font-size: 60px; font-family: FragmentMono"">QGZSTUZ</p>","","","training","","","","","","","",""
"null","null","html-keyboard-response","276","1371380","0.0-13.0-0.26","69aeee44187fdda005ab835b","69d7901e3430d13455efb336","69e642c919360fd6c179753d","<p style=""font-size: 60px; font-family: FragmentMono"">PKCBHRJMH</p>","","","training","","","","","","","",""
"null","null","html-keyboard-response","277","1372390","0.0-13.0-0.27","69aeee44187fdda005ab835b","69d7901e3430d13455efb336","69e642c919360fd6c179753d","<p style=""font-size: 60px; font-family: FragmentMono"">SHXVKJXPX</p>","","","training","","","","","","","",""
"null","null","html-keyboard-response","278","1373400","0.0-13.0-0.28","69aeee44187fdda005ab835b","69d7901e3430d13455efb336","69e642c919360fd6c179753d","<p style=""font-size: 60px; font-family: FragmentMono"">QGZSRJMH</p>","","","training","","","","","","","",""
"null","null","html-keyboard-response","279","1374408","0.0-13.0-0.29","69aeee44187fdda005ab835b","69d7901e3430d13455efb336","69e642c919360fd6c179753d","<p style=""font-size: 60px; font-family: FragmentMono"">BWVFTUZ</p>","","","training","","","","","","","",""
"null","null","html-keyboard-response","280","1375411","0.0-13.0-0.30","69aeee44187fdda005ab835b","69d7901e3430d13455efb336","69e642c919360fd6c179753d","<p style=""font-size: 60px; font-family: FragmentMono"">XQXQFWZHG</p>","","","training","","","","","","","",""
"null","null","html-keyboard-response","281","1376419","0.0-13.0-0.31","69aeee44187fdda005ab835b","69d7901e3430d13455efb336","69e642c919360fd6c179753d","<p style=""font-size: 60px; font-family: FragmentMono"">ISLNTUZ</p>","","","training","","","","","","","",""
"null","null","html-keyboard-response","282","1377421","0.0-13.0-0.32","69aeee44187fdda005ab835b","69d7901e3430d13455efb336","69e642c919360fd6c179753d","<p style=""font-size: 60px; font-family: FragmentMono"">FZLFJNO</p>","","","training","","","","","","","",""
"null","null","html-keyboard-response","283","1378423","0.0-13.0-0.33","69aeee44187fdda005ab835b","69d7901e3430d13455efb336","69e642c919360fd6c179753d","<p style=""font-size: 60px; font-family: FragmentMono"">BNPNCRJMH</p>","","","training","","","","","","","",""
"null","null","html-keyboard-response","284","1379430","0.0-13.0-0.34","69aeee44187fdda005ab835b","69d7901e3430d13455efb336","69e642c919360fd6c179753d","<p style=""font-size: 60px; font-family: FragmentMono"">LRYWJXPX</p>","","","training","","","","","","","",""
"null","null","html-keyboard-response","285","1380448","0.0-13.0-0.35","69aeee44187fdda005ab835b","69d7901e3430d13455efb336","69e642c919360fd6c179753d","<p style=""font-size: 60px; font-family: FragmentMono"">SHXVKVMIX</p>","","","training","","","","","","","",""
"null","null","html-keyboard-response","286","1381457","0.0-13.0-0.36","69aeee44187fdda005ab835b","69d7901e3430d13455efb336","69e642c919360fd6c179753d","<p style=""font-size: 60px; font-family: FragmentMono"">BWVFAKUM</p>","","","training","","","","","","","",""
"null","null","html-keyboard-response","287","1382463","0.0-13.0-0.37","69aeee44187fdda005ab835b","69d7901e3430d13455efb336","69e642c919360fd6c179753d","<p style=""font-size: 60px; font-family: FragmentMono"">XUDJMRJMH</p>","","","training","","","","","","","",""
"null","null","html-keyboard-response","288","1383474","0.0-13.0-0.38","69aeee44187fdda005ab835b","69d7901e3430d13455efb336","69e642c919360fd6c179753d","<p style=""font-size: 60px; font-family: FragmentMono"">CEKGJNO</p>","","","training","","","","","","","",""
"null","null","html-keyboard-response","289","1384482","0.0-13.0-0.39","69aeee44187fdda005ab835b","69d7901e3430d13455efb336","69e642c919360fd6c179753d","<p style=""font-size: 60px; font-family: FragmentMono"">RTDHLQDZ</p>","","","training","","","","","","","",""
"null","null","html-keyboard-response","290","1385484","0.0-13.0-0.40","69aeee44187fdda005ab835b","69d7901e3430d13455efb336","69e642c919360fd6c179753d","<p style=""font-size: 60px; font-family: FragmentMono"">XQXQFRJMH</p>","","","training","","","","","","","",""
"null","null","html-keyboard-response","291","1386492","0.0-13.0-0.41","69aeee44187fdda005ab835b","69d7901e3430d13455efb336","69e642c919360fd6c179753d","<p style=""font-size: 60px; font-family: FragmentMono"">MXCUIJNO</p>","","","training","","","","","","","",""
"null","null","html-keyboard-response","292","1387501","0.0-13.0-0.42","69aeee44187fdda005ab835b","69d7901e3430d13455efb336","69e642c919360fd6c179753d","<p style=""font-size: 60px; font-family: FragmentMono"">BNPNCTUZ</p>","","","training","","","","","","","",""
"null","null","html-keyboard-response","293","1388511","0.0-13.0-0.43","69aeee44187fdda005ab835b","69d7901e3430d13455efb336","69e642c919360fd6c179753d","<p style=""font-size: 60px; font-family: FragmentMono"">KZUOJXPX</p>","","","training","","","","","","","",""
"null","null","html-keyboard-response","294","1389519","0.0-13.0-0.44","69aeee44187fdda005ab835b","69d7901e3430d13455efb336","69e642c919360fd6c179753d","<p style=""font-size: 60px; font-family: FragmentMono"">PKCBHAKUM</p>","","","training","","","","","","","",""
"null","null","html-keyboard-response","295","1390525","0.0-13.0-0.45","69aeee44187fdda005ab835b","69d7901e3430d13455efb336","69e642c919360fd6c179753d","<p style=""font-size: 60px; font-family: FragmentMono"">BNPNCWZHG</p>","","","training","","","","","","","",""
"null","null","html-keyboard-response","296","1391542","0.0-13.0-0.46","69aeee44187fdda005ab835b","69d7901e3430d13455efb336","69e642c919360fd6c179753d","<p style=""font-size: 60px; font-family: FragmentMono"">XUDJMTUZ</p>","","","training","","","","","","","",""
"null","null","html-keyboard-response","297","1392549","0.0-13.0-0.47","69aeee44187fdda005ab835b","69d7901e3430d13455efb336","69e642c919360fd6c179753d","<p style=""font-size: 60px; font-family: FragmentMono"">ISLNRJMH</p>","","","training","","","","","","","",""
"null","null","html-keyboard-response","298","1393555","0.0-13.0-0.48","69aeee44187fdda005ab835b","69d7901e3430d13455efb336","69e642c919360fd6c179753d","<p style=""font-size: 60px; font-family: FragmentMono"">WDZBSWZHG</p>","","","training","","","","","","","",""
"null","null","html-keyboard-response","299","1394571","0.0-13.0-0.49","69aeee44187fdda005ab835b","69d7901e3430d13455efb336","69e642c919360fd6c179753d","<p style=""font-size: 60px; font-family: FragmentMono"">UXJCVMIX</p>","","","training","","","","","","","",""
"null","null","html-keyboard-response","300","1395585","0.0-13.0-0.50","69aeee44187fdda005ab835b","69d7901e3430d13455efb336","69e642c919360fd6c179753d","<p style=""font-size: 60px; font-family: FragmentMono"">QTDVTUZ</p>","","","training","","","","","","","",""
"null","null","html-keyboard-response","301","1396593","0.0-13.0-0.51","69aeee44187fdda005ab835b","69d7901e3430d13455efb336","69e642c919360fd6c179753d","<p style=""font-size: 60px; font-family: FragmentMono"">EVOFVMIX</p>","","","training","","","","","","","",""
"null","null","html-keyboard-response","302","1397601","0.0-13.0-0.52","69aeee44187fdda005ab835b","69d7901e3430d13455efb336","69e642c919360fd6c179753d","<p style=""font-size: 60px; font-family: FragmentMono"">SHXVKJNO</p>","","","training","","","","","","","",""
"null","null","html-keyboard-response","303","1398610","0.0-13.0-0.53","69aeee44187fdda005ab835b","69d7901e3430d13455efb336","69e642c919360fd6c179753d","<p style=""font-size: 60px; font-family: FragmentMono"">EZSJIJXPX</p>","","","training","","","","","","","",""
"null","null","html-keyboard-response","304","1399617","0.0-13.0-0.54","69aeee44187fdda005ab835b","69d7901e3430d13455efb336","69e642c919360fd6c179753d","<p style=""font-size: 60px; font-family: FragmentMono"">EVOFTFRZ</p>","","","training","","","","","","","",""
"null","null","html-keyboard-response","305","1400626","0.0-13.0-0.55","69aeee44187fdda005ab835b","69d7901e3430d13455efb336","69e642c919360fd6c179753d","<p style=""font-size: 60px; font-family: FragmentMono"">JXTJXQHS</p>","","","training","","","","","","","",""
"null","null","html-keyboard-response","306","1401629","0.0-13.0-0.56","69aeee44187fdda005ab835b","69d7901e3430d13455efb336","69e642c919360fd6c179753d","<p style=""font-size: 60px; font-family: FragmentMono"">XQXQFAKUM</p>","","","training","","","","","","","",""
"null","null","html-keyboard-response","307","1402643","0.0-13.0-0.57","69aeee44187fdda005ab835b","69d7901e3430d13455efb336","69e642c919360fd6c179753d","<p style=""font-size: 60px; font-family: FragmentMono"">EZSJITFRZ</p>","","","training","","","","","","","",""
"null","null","html-keyboard-response","308","1403653","0.0-13.0-0.58","69aeee44187fdda005ab835b","69d7901e3430d13455efb336","69e642c919360fd6c179753d","<p style=""font-size: 60px; font-family: FragmentMono"">FZLFVMIX</p>","","","training","","","","","","","",""
"null","null","html-keyboard-response","309","1404667","0.0-13.0-0.59","69aeee44187fdda005ab835b","69d7901e3430d13455efb336","69e642c919360fd6c179753d","<p style=""font-size: 60px; font-family: FragmentMono"">QGZSQHS</p>","","","training","","","","","","","",""
"null","null","html-keyboard-response","310","1405681","0.0-13.0-0.60","69aeee44187fdda005ab835b","69d7901e3430d13455efb336","69e642c919360fd6c179753d","<p style=""font-size: 60px; font-family: FragmentMono"">QTDVRJMH</p>","","","training","","","","","","","",""
"null","null","html-keyboard-response","311","1406698","0.0-13.0-0.61","69aeee44187fdda005ab835b","69d7901e3430d13455efb336","69e642c919360fd6c179753d","<p style=""font-size: 60px; font-family: FragmentMono"">EZSJIJNO</p>","","","training","","","","","","","",""
"null","null","html-keyboard-response","312","1407708","0.0-13.0-0.62","69aeee44187fdda005ab835b","69d7901e3430d13455efb336","69e642c919360fd6c179753d","<p style=""font-size: 60px; font-family: FragmentMono"">CEKGTFRZ</p>","","","training","","","","","","","",""
"null","null","html-keyboard-response","313","1408713","0.0-13.0-0.63","69aeee44187fdda005ab835b","69d7901e3430d13455efb336","69e642c919360fd6c179753d","<p style=""font-size: 60px; font-family: FragmentMono"">WDZBSTUZ</p>","","","training","","","","","","","",""
"null","null","html-keyboard-response","314","1409724","0.0-13.0-0.64","69aeee44187fdda005ab835b","69d7901e3430d13455efb336","69e642c919360fd6c179753d","<p style=""font-size: 60px; font-family: FragmentMono"">FZLFQDZ</p>","","","training","","","","","","","",""
"null","null","html-keyboard-response","315","1410730","0.0-13.0-0.65","69aeee44187fdda005ab835b","69d7901e3430d13455efb336","69e642c919360fd6c179753d","<p style=""font-size: 60px; font-family: FragmentMono"">XUDJMWZHG</p>","","","training","","","","","","","",""
"null","null","html-keyboard-response","316","1411743","0.0-13.0-0.66","69aeee44187fdda005ab835b","69d7901e3430d13455efb336","69e642c919360fd6c179753d","<p style=""font-size: 60px; font-family: FragmentMono"">RTDHLVMIX</p>","","","training","","","","","","","",""
"null","null","html-keyboard-response","317","1412760","0.0-13.0-0.67","69aeee44187fdda005ab835b","69d7901e3430d13455efb336","69e642c919360fd6c179753d","<p style=""font-size: 60px; font-family: FragmentMono"">JXTJXRJMH</p>","","","training","","","","","","","",""
"null","null","html-keyboard-response","318","1413769","0.0-13.0-0.68","69aeee44187fdda005ab835b","69d7901e3430d13455efb336","69e642c919360fd6c179753d","<p style=""font-size: 60px; font-family: FragmentMono"">RTDHLJXPX</p>","","","training","","","","","","","",""
"null","null","html-keyboard-response","319","1414785","0.0-13.0-0.69","69aeee44187fdda005ab835b","69d7901e3430d13455efb336","69e642c919360fd6c179753d","<p style=""font-size: 60px; font-family: FragmentMono"">LRYWVMIX</p>","","","training","","","","","","","",""
"null","null","html-keyboard-response","320","1415800","0.0-13.0-0.70","69aeee44187fdda005ab835b","69d7901e3430d13455efb336","69e642c919360fd6c179753d","<p style=""font-size: 60px; font-family: FragmentMono"">KZUOTFRZ</p>","","","training","","","","","","","",""
"null","null","html-keyboard-response","321","1416809","0.0-13.0-0.71","69aeee44187fdda005ab835b","69d7901e3430d13455efb336","69e642c919360fd6c179753d","<p style=""font-size: 60px; font-family: FragmentMono"">XQXQFQHS</p>","","","training","","","","","","","",""
"null","null","html-keyboard-response","322","1417811","0.0-13.0-0.72","69aeee44187fdda005ab835b","69d7901e3430d13455efb336","69e642c919360fd6c179753d","<p style=""font-size: 60px; font-family: FragmentMono"">MXCUIQDZ</p>","","","training","","","","","","","",""
"null","null","html-keyboard-response","323","1418813","0.0-13.0-0.73","69aeee44187fdda005ab835b","69d7901e3430d13455efb336","69e642c919360fd6c179753d","<p style=""font-size: 60px; font-family: FragmentMono"">BWVFQHS</p>","","","training","","","","","","","",""
"null","null","html-keyboard-response","324","1419819","0.0-13.0-0.74","69aeee44187fdda005ab835b","69d7901e3430d13455efb336","69e642c919360fd6c179753d","<p style=""font-size: 60px; font-family: FragmentMono"">ISLNWZHG</p>","","","training","","","","","","","",""
"null","null","html-keyboard-response","325","1420823","0.0-13.0-0.75","69aeee44187fdda005ab835b","69d7901e3430d13455efb336","69e642c919360fd6c179753d","<p style=""font-size: 60px; font-family: FragmentMono"">QGZSAKUM</p>","","","training","","","","","","","",""
"null","null","html-keyboard-response","326","1421829","0.0-13.0-0.76","69aeee44187fdda005ab835b","69d7901e3430d13455efb336","69e642c919360fd6c179753d","<p style=""font-size: 60px; font-family: FragmentMono"">PKCBHQHS</p>","","","training","","","","","","","",""
"null","null","html-keyboard-response","327","1422847","0.0-13.0-0.77","69aeee44187fdda005ab835b","69d7901e3430d13455efb336","69e642c919360fd6c179753d","<p style=""font-size: 60px; font-family: FragmentMono"">LRYWQDZ</p>","","","training","","","","","","","",""
"null","null","html-keyboard-response","328","1423861","0.0-13.0-0.78","69aeee44187fdda005ab835b","69d7901e3430d13455efb336","69e642c919360fd6c179753d","<p style=""font-size: 60px; font-family: FragmentMono"">BNPNCQHS</p>","","","training","","","","","","","",""
"null","null","html-keyboard-response","329","1424871","0.0-13.0-0.79","69aeee44187fdda005ab835b","69d7901e3430d13455efb336","69e642c919360fd6c179753d","<p style=""font-size: 60px; font-family: FragmentMono"">EZSJIQDZ</p>","","","training","","","","","","","",""
"16684"," ","html-keyboard-response","330","1441558","0.0-14.0","69aeee44187fdda005ab835b","69d7901e3430d13455efb336","69e642c919360fd6c179753d","<p style=""font-size: 30px"">Great, you've seen the fourth block of words. You may now take a short break.</p>
      <p style=""font-size: 30px"">Press the spacebar when you're ready to continue.</p>","","","","","","","","","","",""
"null","null","html-keyboard-response","331","1442564","0.0-15.0-0.0","69aeee44187fdda005ab835b","69d7901e3430d13455efb336","69e642c919360fd6c179753d","<p style=""font-size: 60px; font-family: FragmentMono"">CEKGJXPX</p>","","","training","","","","","","","",""
"null","null","html-keyboard-response","332","1443574","0.0-15.0-0.1","69aeee44187fdda005ab835b","69d7901e3430d13455efb336","69e642c919360fd6c179753d","<p style=""font-size: 60px; font-family: FragmentMono"">XQXQFRJMH</p>","","","training","","","","","","","",""
"null","null","html-keyboard-response","333","1444582","0.0-15.0-0.2","69aeee44187fdda005ab835b","69d7901e3430d13455efb336","69e642c919360fd6c179753d","<p style=""font-size: 60px; font-family: FragmentMono"">EVOFVMIX</p>","","","training","","","","","","","",""
"null","null","html-keyboard-response","334","1445584","0.0-15.0-0.3","69aeee44187fdda005ab835b","69d7901e3430d13455efb336","69e642c919360fd6c179753d","<p style=""font-size: 60px; font-family: FragmentMono"">PKCBHQHS</p>","","","training","","","","","","","",""
"null","null","html-keyboard-response","335","1446600","0.0-15.0-0.4","69aeee44187fdda005ab835b","69d7901e3430d13455efb336","69e642c919360fd6c179753d","<p style=""font-size: 60px; font-family: FragmentMono"">ISLNWZHG</p>","","","training","","","","","","","",""
"null","null","html-keyboard-response","336","1447604","0.0-15.0-0.5","69aeee44187fdda005ab835b","69d7901e3430d13455efb336","69e642c919360fd6c179753d","<p style=""font-size: 60px; font-family: FragmentMono"">MXCUIVMIX</p>","","","training","","","","","","","",""
"null","null","html-keyboard-response","337","1448611","0.0-15.0-0.6","69aeee44187fdda005ab835b","69d7901e3430d13455efb336","69e642c919360fd6c179753d","<p style=""font-size: 60px; font-family: FragmentMono"">SHXVKJNO</p>","","","training","","","","","","","",""
"null","null","html-keyboard-response","338","1449620","0.0-15.0-0.7","69aeee44187fdda005ab835b","69d7901e3430d13455efb336","69e642c919360fd6c179753d","<p style=""font-size: 60px; font-family: FragmentMono"">RTDHLVMIX</p>","","","training","","","","","","","",""
"null","null","html-keyboard-response","339","1450629","0.0-15.0-0.8","69aeee44187fdda005ab835b","69d7901e3430d13455efb336","69e642c919360fd6c179753d","<p style=""font-size: 60px; font-family: FragmentMono"">CEKGTFRZ</p>","","","training","","","","","","","",""
"null","null","html-keyboard-response","340","1451633","0.0-15.0-0.9","69aeee44187fdda005ab835b","69d7901e3430d13455efb336","69e642c919360fd6c179753d","<p style=""font-size: 60px; font-family: FragmentMono"">QGZSAKUM</p>","","","training","","","","","","","",""
"null","null","html-keyboard-response","341","1452649","0.0-15.0-0.10","69aeee44187fdda005ab835b","69d7901e3430d13455efb336","69e642c919360fd6c179753d","<p style=""font-size: 60px; font-family: FragmentMono"">PKCBHRJMH</p>","","","training","","","","","","","",""
"null","null","html-keyboard-response","342","1453663","0.0-15.0-0.11","69aeee44187fdda005ab835b","69d7901e3430d13455efb336","69e642c919360fd6c179753d","<p style=""font-size: 60px; font-family: FragmentMono"">XUDJMWZHG</p>","","","training","","","","","","","",""
"null","null","html-keyboard-response","343","1454669","0.0-15.0-0.12","69aeee44187fdda005ab835b","69d7901e3430d13455efb336","69e642c919360fd6c179753d","<p style=""font-size: 60px; font-family: FragmentMono"">FZLFJXPX</p>","","","training","","","","","","","",""
"null","null","html-keyboard-response","344","1455678","0.0-15.0-0.13","69aeee44187fdda005ab835b","69d7901e3430d13455efb336","69e642c919360fd6c179753d","<p style=""font-size: 60px; font-family: FragmentMono"">WDZBSAKUM</p>","","","training","","","","","","","",""
"null","null","html-keyboard-response","345","1456690","0.0-15.0-0.14","69aeee44187fdda005ab835b","69d7901e3430d13455efb336","69e642c919360fd6c179753d","<p style=""font-size: 60px; font-family: FragmentMono"">ISLNRJMH</p>","","","training","","","","","","","",""
"null","null","html-keyboard-response","346","1457704","0.0-15.0-0.15","69aeee44187fdda005ab835b","69d7901e3430d13455efb336","69e642c919360fd6c179753d","<p style=""font-size: 60px; font-family: FragmentMono"">LRYWQDZ</p>","","","training","","","","","","","",""
"null","null","html-keyboard-response","347","1458707","0.0-15.0-0.16","69aeee44187fdda005ab835b","69d7901e3430d13455efb336","69e642c919360fd6c179753d","<p style=""font-size: 60px; font-family: FragmentMono"">EZSJIJNO</p>","","","training","","","","","","","",""
"null","null","html-keyboard-response","348","1459710","0.0-15.0-0.17","69aeee44187fdda005ab835b","69d7901e3430d13455efb336","69e642c919360fd6c179753d","<p style=""font-size: 60px; font-family: FragmentMono"">WDZBSQHS</p>","","","training","","","","","","","",""
"null","null","html-keyboard-response","349","1460714","0.0-15.0-0.18","69aeee44187fdda005ab835b","69d7901e3430d13455efb336","69e642c919360fd6c179753d","<p style=""font-size: 60px; font-family: FragmentMono"">QGZSRJMH</p>","","","training","","","","","","","",""
"null","null","html-keyboard-response","350","1461718","0.0-15.0-0.19","69aeee44187fdda005ab835b","69d7901e3430d13455efb336","69e642c919360fd6c179753d","<p style=""font-size: 60px; font-family: FragmentMono"">BWVFQHS</p>","","","training","","","","","","","",""
"null","null","html-keyboard-response","351","1462723","0.0-15.0-0.20","69aeee44187fdda005ab835b","69d7901e3430d13455efb336","69e642c919360fd6c179753d","<p style=""font-size: 60px; font-family: FragmentMono"">XUDJMAKUM</p>","","","training","","","","","","","",""
"null","null","html-keyboard-response","352","1463730","0.0-15.0-0.21","69aeee44187fdda005ab835b","69d7901e3430d13455efb336","69e642c919360fd6c179753d","<p style=""font-size: 60px; font-family: FragmentMono"">XQXQFQHS</p>","","","training","","","","","","","",""
"null","null","html-keyboard-response","353","1464746","0.0-15.0-0.22","69aeee44187fdda005ab835b","69d7901e3430d13455efb336","69e642c919360fd6c179753d","<p style=""font-size: 60px; font-family: FragmentMono"">FZLFJNO</p>","","","training","","","","","","","",""
"null","null","html-keyboard-response","354","1465759","0.0-15.0-0.23","69aeee44187fdda005ab835b","69d7901e3430d13455efb336","69e642c919360fd6c179753d","<p style=""font-size: 60px; font-family: FragmentMono"">PKCBHAKUM</p>","","","training","","","","","","","",""
"null","null","html-keyboard-response","355","1466761","0.0-15.0-0.24","69aeee44187fdda005ab835b","69d7901e3430d13455efb336","69e642c919360fd6c179753d","<p style=""font-size: 60px; font-family: FragmentMono"">SHXVKVMIX</p>","","","training","","","","","","","",""
"null","null","html-keyboard-response","356","1467763","0.0-15.0-0.25","69aeee44187fdda005ab835b","69d7901e3430d13455efb336","69e642c919360fd6c179753d","<p style=""font-size: 60px; font-family: FragmentMono"">EVOFJXPX</p>","","","training","","","","","","","",""
"null","null","html-keyboard-response","357","1468766","0.0-15.0-0.26","69aeee44187fdda005ab835b","69d7901e3430d13455efb336","69e642c919360fd6c179753d","<p style=""font-size: 60px; font-family: FragmentMono"">JXTJXQHS</p>","","","training","","","","","","","",""
"null","null","html-keyboard-response","358","1469773","0.0-15.0-0.27","69aeee44187fdda005ab835b","69d7901e3430d13455efb336","69e642c919360fd6c179753d","<p style=""font-size: 60px; font-family: FragmentMono"">XUDJMRJMH</p>","","","training","","","","","","","",""
"null","null","html-keyboard-response","359","1470787","0.0-15.0-0.28","69aeee44187fdda005ab835b","69d7901e3430d13455efb336","69e642c919360fd6c179753d","<p style=""font-size: 60px; font-family: FragmentMono"">ISLNQHS</p>","","","training","","","","","","","",""
"null","null","html-keyboard-response","360","1471800","0.0-15.0-0.29","69aeee44187fdda005ab835b","69d7901e3430d13455efb336","69e642c919360fd6c179753d","<p style=""font-size: 60px; font-family: FragmentMono"">EZSJITFRZ</p>","","","training","","","","","","","",""
"null","null","html-keyboard-response","361","1472802","0.0-15.0-0.30","69aeee44187fdda005ab835b","69d7901e3430d13455efb336","69e642c919360fd6c179753d","<p style=""font-size: 60px; font-family: FragmentMono"">QGZSTUZ</p>","","","training","","","","","","","",""
"null","null","html-keyboard-response","362","1473805","0.0-15.0-0.31","69aeee44187fdda005ab835b","69d7901e3430d13455efb336","69e642c919360fd6c179753d","<p style=""font-size: 60px; font-family: FragmentMono"">KZUOQDZ</p>","","","training","","","","","","","",""
"null","null","html-keyboard-response","363","1474812","0.0-15.0-0.32","69aeee44187fdda005ab835b","69d7901e3430d13455efb336","69e642c919360fd6c179753d","<p style=""font-size: 60px; font-family: FragmentMono"">BNPNCWZHG</p>","","","training","","","","","","","",""
"null","null","html-keyboard-response","364","1475823","0.0-15.0-0.33","69aeee44187fdda005ab835b","69d7901e3430d13455efb336","69e642c919360fd6c179753d","<p style=""font-size: 60px; font-family: FragmentMono"">LRYWJNO</p>","","","training","","","","","","","",""
"null","null","html-keyboard-response","365","1476838","0.0-15.0-0.34","69aeee44187fdda005ab835b","69d7901e3430d13455efb336","69e642c919360fd6c179753d","<p style=""font-size: 60px; font-family: FragmentMono"">CEKGVMIX</p>","","","training","","","","","","","",""
"null","null","html-keyboard-response","366","1477840","0.0-15.0-0.35","69aeee44187fdda005ab835b","69d7901e3430d13455efb336","69e642c919360fd6c179753d","<p style=""font-size: 60px; font-family: FragmentMono"">MXCUIJNO</p>","","","training","","","","","","","",""
"null","null","html-keyboard-response","367","1478844","0.0-15.0-0.36","69aeee44187fdda005ab835b","69d7901e3430d13455efb336","69e642c919360fd6c179753d","<p style=""font-size: 60px; font-family: FragmentMono"">SHXVKTFRZ</p>","","","training","","","","","","","",""
"null","null","html-keyboard-response","368","1479856","0.0-15.0-0.37","69aeee44187fdda005ab835b","69d7901e3430d13455efb336","69e642c919360fd6c179753d","<p style=""font-size: 60px; font-family: FragmentMono"">XQXQFAKUM</p>","","","training","","","","","","","",""
"null","null","html-keyboard-response","369","1480874","0.0-15.0-0.38","69aeee44187fdda005ab835b","69d7901e3430d13455efb336","69e642c919360fd6c179753d","<p style=""font-size: 60px; font-family: FragmentMono"">UXJCTFRZ</p>","","","training","","","","","","","",""
"null","null","html-keyboard-response","370","1481884","0.0-15.0-0.39","69aeee44187fdda005ab835b","69d7901e3430d13455efb336","69e642c919360fd6c179753d","<p style=""font-size: 60px; font-family: FragmentMono"">EZSJIJXPX</p>","","","training","","","","","","","",""
"null","null","html-keyboard-response","371","1482894","0.0-15.0-0.40","69aeee44187fdda005ab835b","69d7901e3430d13455efb336","69e642c919360fd6c179753d","<p style=""font-size: 60px; font-family: FragmentMono"">CEKGJNO</p>","","","training","","","","","","","",""
"null","null","html-keyboard-response","372","1483910","0.0-15.0-0.41","69aeee44187fdda005ab835b","69d7901e3430d13455efb336","69e642c919360fd6c179753d","<p style=""font-size: 60px; font-family: FragmentMono"">EZSJIQDZ</p>","","","training","","","","","","","",""
"null","null","html-keyboard-response","373","1484928","0.0-15.0-0.42","69aeee44187fdda005ab835b","69d7901e3430d13455efb336","69e642c919360fd6c179753d","<p style=""font-size: 60px; font-family: FragmentMono"">BNPNCQHS</p>","","","training","","","","","","","",""
"null","null","html-keyboard-response","374","1485940","0.0-15.0-0.43","69aeee44187fdda005ab835b","69d7901e3430d13455efb336","69e642c919360fd6c179753d","<p style=""font-size: 60px; font-family: FragmentMono"">QTDVRJMH</p>","","","training","","","","","","","",""
"null","null","html-keyboard-response","375","1486952","0.0-15.0-0.44","69aeee44187fdda005ab835b","69d7901e3430d13455efb336","69e642c919360fd6c179753d","<p style=""font-size: 60px; font-family: FragmentMono"">XUDJMTUZ</p>","","","training","","","","","","","",""
"null","null","html-keyboard-response","376","1487963","0.0-15.0-0.45","69aeee44187fdda005ab835b","69d7901e3430d13455efb336","69e642c919360fd6c179753d","<p style=""font-size: 60px; font-family: FragmentMono"">MXCUIQDZ</p>","","","training","","","","","","","",""
"null","null","html-keyboard-response","377","1488977","0.0-15.0-0.46","69aeee44187fdda005ab835b","69d7901e3430d13455efb336","69e642c919360fd6c179753d","<p style=""font-size: 60px; font-family: FragmentMono"">QTDVWZHG</p>","","","training","","","","","","","",""
"null","null","html-keyboard-response","378","1489992","0.0-15.0-0.47","69aeee44187fdda005ab835b","69d7901e3430d13455efb336","69e642c919360fd6c179753d","<p style=""font-size: 60px; font-family: FragmentMono"">FZLFQDZ</p>","","","training","","","","","","","",""
"null","null","html-keyboard-response","379","1491009","0.0-15.0-0.48","69aeee44187fdda005ab835b","69d7901e3430d13455efb336","69e642c919360fd6c179753d","<p style=""font-size: 60px; font-family: FragmentMono"">BWVFTUZ</p>","","","training","","","","","","","",""
"null","null","html-keyboard-response","380","1492013","0.0-15.0-0.49","69aeee44187fdda005ab835b","69d7901e3430d13455efb336","69e642c919360fd6c179753d","<p style=""font-size: 60px; font-family: FragmentMono"">JXTJXAKUM</p>","","","training","","","","","","","",""
"null","null","html-keyboard-response","381","1493027","0.0-15.0-0.50","69aeee44187fdda005ab835b","69d7901e3430d13455efb336","69e642c919360fd6c179753d","<p style=""font-size: 60px; font-family: FragmentMono"">UXJCJNO</p>","","","training","","","","","","","",""
"null","null","html-keyboard-response","382","1494031","0.0-15.0-0.51","69aeee44187fdda005ab835b","69d7901e3430d13455efb336","69e642c919360fd6c179753d","<p style=""font-size: 60px; font-family: FragmentMono"">LRYWVMIX</p>","","","training","","","","","","","",""
"null","null","html-keyboard-response","383","1495034","0.0-15.0-0.52","69aeee44187fdda005ab835b","69d7901e3430d13455efb336","69e642c919360fd6c179753d","<p style=""font-size: 60px; font-family: FragmentMono"">WDZBSTUZ</p>","","","training","","","","","","","",""
"null","null","html-keyboard-response","384","1496037","0.0-15.0-0.53","69aeee44187fdda005ab835b","69d7901e3430d13455efb336","69e642c919360fd6c179753d","<p style=""font-size: 60px; font-family: FragmentMono"">RTDHLTFRZ</p>","","","training","","","","","","","",""
"null","null","html-keyboard-response","385","1497041","0.0-15.0-0.54","69aeee44187fdda005ab835b","69d7901e3430d13455efb336","69e642c919360fd6c179753d","<p style=""font-size: 60px; font-family: FragmentMono"">UXJCVMIX</p>","","","training","","","","","","","",""
"null","null","html-keyboard-response","386","1498051","0.0-15.0-0.55","69aeee44187fdda005ab835b","69d7901e3430d13455efb336","69e642c919360fd6c179753d","<p style=""font-size: 60px; font-family: FragmentMono"">KZUOJXPX</p>","","","training","","","","","","","",""
"null","null","html-keyboard-response","387","1499053","0.0-15.0-0.56","69aeee44187fdda005ab835b","69d7901e3430d13455efb336","69e642c919360fd6c179753d","<p style=""font-size: 60px; font-family: FragmentMono"">BNPNCRJMH</p>","","","training","","","","","","","",""
"null","null","html-keyboard-response","388","1500062","0.0-15.0-0.57","69aeee44187fdda005ab835b","69d7901e3430d13455efb336","69e642c919360fd6c179753d","<p style=""font-size: 60px; font-family: FragmentMono"">SHXVKJXPX</p>","","","training","","","","","","","",""
"null","null","html-keyboard-response","389","1501070","0.0-15.0-0.58","69aeee44187fdda005ab835b","69d7901e3430d13455efb336","69e642c919360fd6c179753d","<p style=""font-size: 60px; font-family: FragmentMono"">JXTJXWZHG</p>","","","training","","","","","","","",""
"null","null","html-keyboard-response","390","1502078","0.0-15.0-0.59","69aeee44187fdda005ab835b","69d7901e3430d13455efb336","69e642c919360fd6c179753d","<p style=""font-size: 60px; font-family: FragmentMono"">ISLNTUZ</p>","","","training","","","","","","","",""
"null","null","html-keyboard-response","391","1503088","0.0-15.0-0.60","69aeee44187fdda005ab835b","69d7901e3430d13455efb336","69e642c919360fd6c179753d","<p style=""font-size: 60px; font-family: FragmentMono"">RTDHLJXPX</p>","","","training","","","","","","","",""
"null","null","html-keyboard-response","392","1504097","0.0-15.0-0.61","69aeee44187fdda005ab835b","69d7901e3430d13455efb336","69e642c919360fd6c179753d","<p style=""font-size: 60px; font-family: FragmentMono"">KZUOJNO</p>","","","training","","","","","","","",""
"null","null","html-keyboard-response","393","1505106","0.0-15.0-0.62","69aeee44187fdda005ab835b","69d7901e3430d13455efb336","69e642c919360fd6c179753d","<p style=""font-size: 60px; font-family: FragmentMono"">EVOFTFRZ</p>","","","training","","","","","","","",""
"null","null","html-keyboard-response","394","1506109","0.0-15.0-0.63","69aeee44187fdda005ab835b","69d7901e3430d13455efb336","69e642c919360fd6c179753d","<p style=""font-size: 60px; font-family: FragmentMono"">PKCBHTUZ</p>","","","training","","","","","","","",""
"null","null","html-keyboard-response","395","1507111","0.0-15.0-0.64","69aeee44187fdda005ab835b","69d7901e3430d13455efb336","69e642c919360fd6c179753d","<p style=""font-size: 60px; font-family: FragmentMono"">UXJCQDZ</p>","","","training","","","","","","","",""
"null","null","html-keyboard-response","396","1508124","0.0-15.0-0.65","69aeee44187fdda005ab835b","69d7901e3430d13455efb336","69e642c919360fd6c179753d","<p style=""font-size: 60px; font-family: FragmentMono"">QTDVAKUM</p>","","","training","","","","","","","",""
"null","null","html-keyboard-response","397","1509130","0.0-15.0-0.66","69aeee44187fdda005ab835b","69d7901e3430d13455efb336","69e642c919360fd6c179753d","<p style=""font-size: 60px; font-family: FragmentMono"">KZUOTFRZ</p>","","","training","","","","","","","",""
"null","null","html-keyboard-response","398","1510142","0.0-15.0-0.67","69aeee44187fdda005ab835b","69d7901e3430d13455efb336","69e642c919360fd6c179753d","<p style=""font-size: 60px; font-family: FragmentMono"">LRYWJXPX</p>","","","training","","","","","","","",""
"null","null","html-keyboard-response","399","1511153","0.0-15.0-0.68","69aeee44187fdda005ab835b","69d7901e3430d13455efb336","69e642c919360fd6c179753d","<p style=""font-size: 60px; font-family: FragmentMono"">EVOFQDZ</p>","","","training","","","","","","","",""
"null","null","html-keyboard-response","400","1512156","0.0-15.0-0.69","69aeee44187fdda005ab835b","69d7901e3430d13455efb336","69e642c919360fd6c179753d","<p style=""font-size: 60px; font-family: FragmentMono"">QTDVTUZ</p>","","","training","","","","","","","",""
"null","null","html-keyboard-response","401","1513163","0.0-15.0-0.70","69aeee44187fdda005ab835b","69d7901e3430d13455efb336","69e642c919360fd6c179753d","<p style=""font-size: 60px; font-family: FragmentMono"">BWVFAKUM</p>","","","training","","","","","","","",""
"null","null","html-keyboard-response","402","1514180","0.0-15.0-0.71","69aeee44187fdda005ab835b","69d7901e3430d13455efb336","69e642c919360fd6c179753d","<p style=""font-size: 60px; font-family: FragmentMono"">RTDHLQDZ</p>","","","training","","","","","","","",""
"null","null","html-keyboard-response","403","1515190","0.0-15.0-0.72","69aeee44187fdda005ab835b","69d7901e3430d13455efb336","69e642c919360fd6c179753d","<p style=""font-size: 60px; font-family: FragmentMono"">BWVFWZHG</p>","","","training","","","","","","","",""
"null","null","html-keyboard-response","404","1516191","0.0-15.0-0.73","69aeee44187fdda005ab835b","69d7901e3430d13455efb336","69e642c919360fd6c179753d","<p style=""font-size: 60px; font-family: FragmentMono"">FZLFVMIX</p>","","","training","","","","","","","",""
"null","null","html-keyboard-response","405","1517195","0.0-15.0-0.74","69aeee44187fdda005ab835b","69d7901e3430d13455efb336","69e642c919360fd6c179753d","<p style=""font-size: 60px; font-family: FragmentMono"">QGZSQHS</p>","","","training","","","","","","","",""
"null","null","html-keyboard-response","406","1518205","0.0-15.0-0.75","69aeee44187fdda005ab835b","69d7901e3430d13455efb336","69e642c919360fd6c179753d","<p style=""font-size: 60px; font-family: FragmentMono"">BNPNCTUZ</p>","","","training","","","","","","","",""
"null","null","html-keyboard-response","407","1519211","0.0-15.0-0.76","69aeee44187fdda005ab835b","69d7901e3430d13455efb336","69e642c919360fd6c179753d","<p style=""font-size: 60px; font-family: FragmentMono"">WDZBSWZHG</p>","","","training","","","","","","","",""
"null","null","html-keyboard-response","408","1520215","0.0-15.0-0.77","69aeee44187fdda005ab835b","69d7901e3430d13455efb336","69e642c919360fd6c179753d","<p style=""font-size: 60px; font-family: FragmentMono"">MXCUITFRZ</p>","","","training","","","","","","","",""
"null","null","html-keyboard-response","409","1521221","0.0-15.0-0.78","69aeee44187fdda005ab835b","69d7901e3430d13455efb336","69e642c919360fd6c179753d","<p style=""font-size: 60px; font-family: FragmentMono"">JXTJXRJMH</p>","","","training","","","","","","","",""
"null","null","html-keyboard-response","410","1522231","0.0-15.0-0.79","69aeee44187fdda005ab835b","69d7901e3430d13455efb336","69e642c919360fd6c179753d","<p style=""font-size: 60px; font-family: FragmentMono"">XQXQFWZHG</p>","","","training","","","","","","","",""
"6166"," ","html-keyboard-response","411","1528398","0.0-16.0","69aeee44187fdda005ab835b","69d7901e3430d13455efb336","69e642c919360fd6c179753d","<p style=""font-size: 30px"">Great, you've seen the fifth block of words. You may now take a short break.</p>
      <p style=""font-size: 30px"">Press the spacebar when you're ready to continue.</p>","","","","","","","","","","",""
"null","null","html-keyboard-response","412","1529410","0.0-17.0-0.0","69aeee44187fdda005ab835b","69d7901e3430d13455efb336","69e642c919360fd6c179753d","<p style=""font-size: 60px; font-family: FragmentMono"">KZUOQDZ</p>","","","training","","","","","","","",""
"null","null","html-keyboard-response","413","1530423","0.0-17.0-0.1","69aeee44187fdda005ab835b","69d7901e3430d13455efb336","69e642c919360fd6c179753d","<p style=""font-size: 60px; font-family: FragmentMono"">ISLNQHS</p>","","","training","","","","","","","",""
"null","null","html-keyboard-response","414","1531428","0.0-17.0-0.2","69aeee44187fdda005ab835b","69d7901e3430d13455efb336","69e642c919360fd6c179753d","<p style=""font-size: 60px; font-family: FragmentMono"">EZSJITFRZ</p>","","","training","","","","","","","",""
"null","null","html-keyboard-response","415","1532432","0.0-17.0-0.3","69aeee44187fdda005ab835b","69d7901e3430d13455efb336","69e642c919360fd6c179753d","<p style=""font-size: 60px; font-family: FragmentMono"">JXTJXWZHG</p>","","","training","","","","","","","",""
"null","null","html-keyboard-response","416","1533433","0.0-17.0-0.4","69aeee44187fdda005ab835b","69d7901e3430d13455efb336","69e642c919360fd6c179753d","<p style=""font-size: 60px; font-family: FragmentMono"">PKCBHTUZ</p>","","","training","","","","","","","",""
"null","null","html-keyboard-response","417","1534439","0.0-17.0-0.5","69aeee44187fdda005ab835b","69d7901e3430d13455efb336","69e642c919360fd6c179753d","<p style=""font-size: 60px; font-family: FragmentMono"">FZLFVMIX</p>","","","training","","","","","","","",""
"null","null","html-keyboard-response","418","1535447","0.0-17.0-0.6","69aeee44187fdda005ab835b","69d7901e3430d13455efb336","69e642c919360fd6c179753d","<p style=""font-size: 60px; font-family: FragmentMono"">JXTJXRJMH</p>","","","training","","","","","","","",""
"null","null","html-keyboard-response","419","1536451","0.0-17.0-0.7","69aeee44187fdda005ab835b","69d7901e3430d13455efb336","69e642c919360fd6c179753d","<p style=""font-size: 60px; font-family: FragmentMono"">XQXQFAKUM</p>","","","training","","","","","","","",""
"null","null","html-keyboard-response","420","1537462","0.0-17.0-0.8","69aeee44187fdda005ab835b","69d7901e3430d13455efb336","69e642c919360fd6c179753d","<p style=""font-size: 60px; font-family: FragmentMono"">QTDVTUZ</p>","","","training","","","","","","","",""
"null","null","html-keyboard-response","421","1538465","0.0-17.0-0.9","69aeee44187fdda005ab835b","69d7901e3430d13455efb336","69e642c919360fd6c179753d","<p style=""font-size: 60px; font-family: FragmentMono"">SHXVKVMIX</p>","","","training","","","","","","","",""
"null","null","html-keyboard-response","422","1539467","0.0-17.0-0.10","69aeee44187fdda005ab835b","69d7901e3430d13455efb336","69e642c919360fd6c179753d","<p style=""font-size: 60px; font-family: FragmentMono"">XQXQFWZHG</p>","","","training","","","","","","","",""
"null","null","html-keyboard-response","423","1540475","0.0-17.0-0.11","69aeee44187fdda005ab835b","69d7901e3430d13455efb336","69e642c919360fd6c179753d","<p style=""font-size: 60px; font-family: FragmentMono"">PKCBHQHS</p>","","","training","","","","","","","",""
"null","null","html-keyboard-response","424","1541480","0.0-17.0-0.12","69aeee44187fdda005ab835b","69d7901e3430d13455efb336","69e642c919360fd6c179753d","<p style=""font-size: 60px; font-family: FragmentMono"">BNPNCWZHG</p>","","","training","","","","","","","",""
"null","null","html-keyboard-response","425","1542487","0.0-17.0-0.13","69aeee44187fdda005ab835b","69d7901e3430d13455efb336","69e642c919360fd6c179753d","<p style=""font-size: 60px; font-family: FragmentMono"">JXTJXAKUM</p>","","","training","","","","","","","",""
"null","null","html-keyboard-response","426","1543492","0.0-17.0-0.14","69aeee44187fdda005ab835b","69d7901e3430d13455efb336","69e642c919360fd6c179753d","<p style=""font-size: 60px; font-family: FragmentMono"">PKCBHRJMH</p>","","","training","","","","","","","",""
"null","null","html-keyboard-response","427","1544509","0.0-17.0-0.15","69aeee44187fdda005ab835b","69d7901e3430d13455efb336","69e642c919360fd6c179753d","<p style=""font-size: 60px; font-family: FragmentMono"">LRYWJNO</p>","","","training","","","","","","","",""
"null","null","html-keyboard-response","428","1545511","0.0-17.0-0.16","69aeee44187fdda005ab835b","69d7901e3430d13455efb336","69e642c919360fd6c179753d","<p style=""font-size: 60px; font-family: FragmentMono"">CEKGVMIX</p>","","","training","","","","","","","",""
"null","null","html-keyboard-response","429","1546520","0.0-17.0-0.17","69aeee44187fdda005ab835b","69d7901e3430d13455efb336","69e642c919360fd6c179753d","<p style=""font-size: 60px; font-family: FragmentMono"">BWVFAKUM</p>","","","training","","","","","","","",""
"null","null","html-keyboard-response","430","1547533","0.0-17.0-0.18","69aeee44187fdda005ab835b","69d7901e3430d13455efb336","69e642c919360fd6c179753d","<p style=""font-size: 60px; font-family: FragmentMono"">UXJCJNO</p>","","","training","","","","","","","",""
"null","null","html-keyboard-response","431","1548545","0.0-17.0-0.19","69aeee44187fdda005ab835b","69d7901e3430d13455efb336","69e642c919360fd6c179753d","<p style=""font-size: 60px; font-family: FragmentMono"">MXCUITFRZ</p>","","","training","","","","","","","",""
"null","null","html-keyboard-response","432","1549554","0.0-17.0-0.20","69aeee44187fdda005ab835b","69d7901e3430d13455efb336","69e642c919360fd6c179753d","<p style=""font-size: 60px; font-family: FragmentMono"">BNPNCTUZ</p>","","","training","","","","","","","",""
"null","null","html-keyboard-response","433","1550556","0.0-17.0-0.21","69aeee44187fdda005ab835b","69d7901e3430d13455efb336","69e642c919360fd6c179753d","<p style=""font-size: 60px; font-family: FragmentMono"">EZSJIQDZ</p>","","","training","","","","","","","",""
"null","null","html-keyboard-response","434","1551573","0.0-17.0-0.22","69aeee44187fdda005ab835b","69d7901e3430d13455efb336","69e642c919360fd6c179753d","<p style=""font-size: 60px; font-family: FragmentMono"">UXJCVMIX</p>","","","training","","","","","","","",""
"null","null","html-keyboard-response","435","1552586","0.0-17.0-0.23","69aeee44187fdda005ab835b","69d7901e3430d13455efb336","69e642c919360fd6c179753d","<p style=""font-size: 60px; font-family: FragmentMono"">EVOFQDZ</p>","","","training","","","","","","","",""
"null","null","html-keyboard-response","436","1553602","0.0-17.0-0.24","69aeee44187fdda005ab835b","69d7901e3430d13455efb336","69e642c919360fd6c179753d","<p style=""font-size: 60px; font-family: FragmentMono"">KZUOJNO</p>","","","training","","","","","","","",""
"null","null","html-keyboard-response","437","1554611","0.0-17.0-0.25","69aeee44187fdda005ab835b","69d7901e3430d13455efb336","69e642c919360fd6c179753d","<p style=""font-size: 60px; font-family: FragmentMono"">ISLNTUZ</p>","","","training","","","","","","","",""
"null","null","html-keyboard-response","438","1555622","0.0-17.0-0.26","69aeee44187fdda005ab835b","69d7901e3430d13455efb336","69e642c919360fd6c179753d","<p style=""font-size: 60px; font-family: FragmentMono"">EVOFTFRZ</p>","","","training","","","","","","","",""
"null","null","html-keyboard-response","439","1556627","0.0-17.0-0.27","69aeee44187fdda005ab835b","69d7901e3430d13455efb336","69e642c919360fd6c179753d","<p style=""font-size: 60px; font-family: FragmentMono"">QGZSTUZ</p>","","","training","","","","","","","",""
"null","null","html-keyboard-response","440","1557643","0.0-17.0-0.28","69aeee44187fdda005ab835b","69d7901e3430d13455efb336","69e642c919360fd6c179753d","<p style=""font-size: 60px; font-family: FragmentMono"">MXCUIVMIX</p>","","","training","","","","","","","",""
"null","null","html-keyboard-response","441","1558651","0.0-17.0-0.29","69aeee44187fdda005ab835b","69d7901e3430d13455efb336","69e642c919360fd6c179753d","<p style=""font-size: 60px; font-family: FragmentMono"">XQXQFQHS</p>","","","training","","","","","","","",""
"null","null","html-keyboard-response","442","1559661","0.0-17.0-0.30","69aeee44187fdda005ab835b","69d7901e3430d13455efb336","69e642c919360fd6c179753d","<p style=""font-size: 60px; font-family: FragmentMono"">CEKGJXPX</p>","","","training","","","","","","","",""
"null","null","html-keyboard-response","443","1560667","0.0-17.0-0.31","69aeee44187fdda005ab835b","69d7901e3430d13455efb336","69e642c919360fd6c179753d","<p style=""font-size: 60px; font-family: FragmentMono"">XUDJMTUZ</p>","","","training","","","","","","","",""
"null","null","html-keyboard-response","444","1561669","0.0-17.0-0.32","69aeee44187fdda005ab835b","69d7901e3430d13455efb336","69e642c919360fd6c179753d","<p style=""font-size: 60px; font-family: FragmentMono"">WDZBSQHS</p>","","","training","","","","","","","",""
"null","null","html-keyboard-response","445","1562681","0.0-17.0-0.33","69aeee44187fdda005ab835b","69d7901e3430d13455efb336","69e642c919360fd6c179753d","<p style=""font-size: 60px; font-family: FragmentMono"">QTDVAKUM</p>","","","training","","","","","","","",""
"null","null","html-keyboard-response","446","1563682","0.0-17.0-0.34","69aeee44187fdda005ab835b","69d7901e3430d13455efb336","69e642c919360fd6c179753d","<p style=""font-size: 60px; font-family: FragmentMono"">RTDHLQDZ</p>","","","training","","","","","","","",""
"null","null","html-keyboard-response","447","1564684","0.0-17.0-0.35","69aeee44187fdda005ab835b","69d7901e3430d13455efb336","69e642c919360fd6c179753d","<p style=""font-size: 60px; font-family: FragmentMono"">JXTJXQHS</p>","","","training","","","","","","","",""
"null","null","html-keyboard-response","448","1565690","0.0-17.0-0.36","69aeee44187fdda005ab835b","69d7901e3430d13455efb336","69e642c919360fd6c179753d","<p style=""font-size: 60px; font-family: FragmentMono"">EVOFVMIX</p>","","","training","","","","","","","",""
"null","null","html-keyboard-response","449","1566696","0.0-17.0-0.37","69aeee44187fdda005ab835b","69d7901e3430d13455efb336","69e642c919360fd6c179753d","<p style=""font-size: 60px; font-family: FragmentMono"">EZSJIJNO</p>","","","training","","","","","","","",""
"null","null","html-keyboard-response","450","1567709","0.0-17.0-0.38","69aeee44187fdda005ab835b","69d7901e3430d13455efb336","69e642c919360fd6c179753d","<p style=""font-size: 60px; font-family: FragmentMono"">UXJCTFRZ</p>","","","training","","","","","","","",""
"null","null","html-keyboard-response","451","1568713","0.0-17.0-0.39","69aeee44187fdda005ab835b","69d7901e3430d13455efb336","69e642c919360fd6c179753d","<p style=""font-size: 60px; font-family: FragmentMono"">RTDHLJXPX</p>","","","training","","","","","","","",""
"null","null","html-keyboard-response","452","1569720","0.0-17.0-0.40","69aeee44187fdda005ab835b","69d7901e3430d13455efb336","69e642c919360fd6c179753d","<p style=""font-size: 60px; font-family: FragmentMono"">WDZBSTUZ</p>","","","training","","","","","","","",""
"null","null","html-keyboard-response","453","1570722","0.0-17.0-0.41","69aeee44187fdda005ab835b","69d7901e3430d13455efb336","69e642c919360fd6c179753d","<p style=""font-size: 60px; font-family: FragmentMono"">EVOFJXPX</p>","","","training","","","","","","","",""
"null","null","html-keyboard-response","454","1571738","0.0-17.0-0.42","69aeee44187fdda005ab835b","69d7901e3430d13455efb336","69e642c919360fd6c179753d","<p style=""font-size: 60px; font-family: FragmentMono"">FZLFQDZ</p>","","","training","","","","","","","",""
"null","null","html-keyboard-response","455","1572743","0.0-17.0-0.43","69aeee44187fdda005ab835b","69d7901e3430d13455efb336","69e642c919360fd6c179753d","<p style=""font-size: 60px; font-family: FragmentMono"">MXCUIJNO</p>","","","training","","","","","","","",""
"null","null","html-keyboard-response","456","1573751","0.0-17.0-0.44","69aeee44187fdda005ab835b","69d7901e3430d13455efb336","69e642c919360fd6c179753d","<p style=""font-size: 60px; font-family: FragmentMono"">ISLNRJMH</p>","","","training","","","","","","","",""
"null","null","html-keyboard-response","457","1574755","0.0-17.0-0.45","69aeee44187fdda005ab835b","69d7901e3430d13455efb336","69e642c919360fd6c179753d","<p style=""font-size: 60px; font-family: FragmentMono"">KZUOJXPX</p>","","","training","","","","","","","",""
"null","null","html-keyboard-response","458","1575769","0.0-17.0-0.46","69aeee44187fdda005ab835b","69d7901e3430d13455efb336","69e642c919360fd6c179753d","<p style=""font-size: 60px; font-family: FragmentMono"">BWVFTUZ</p>","","","training","","","","","","","",""
"null","null","html-keyboard-response","459","1576778","0.0-17.0-0.47","69aeee44187fdda005ab835b","69d7901e3430d13455efb336","69e642c919360fd6c179753d","<p style=""font-size: 60px; font-family: FragmentMono"">SHXVKJNO</p>","","","training","","","","","","","",""
"null","null","html-keyboard-response","460","1577784","0.0-17.0-0.48","69aeee44187fdda005ab835b","69d7901e3430d13455efb336","69e642c919360fd6c179753d","<p style=""font-size: 60px; font-family: FragmentMono"">RTDHLTFRZ</p>","","","training","","","","","","","",""
"null","null","html-keyboard-response","461","1578785","0.0-17.0-0.49","69aeee44187fdda005ab835b","69d7901e3430d13455efb336","69e642c919360fd6c179753d","<p style=""font-size: 60px; font-family: FragmentMono"">EZSJIJXPX</p>","","","training","","","","","","","",""
"null","null","html-keyboard-response","462","1579793","0.0-17.0-0.50","69aeee44187fdda005ab835b","69d7901e3430d13455efb336","69e642c919360fd6c179753d","<p style=""font-size: 60px; font-family: FragmentMono"">QGZSQHS</p>","","","training","","","","","","","",""
"null","null","html-keyboard-response","463","1580796","0.0-17.0-0.51","69aeee44187fdda005ab835b","69d7901e3430d13455efb336","69e642c919360fd6c179753d","<p style=""font-size: 60px; font-family: FragmentMono"">WDZBSWZHG</p>","","","training","","","","","","","",""
"null","null","html-keyboard-response","464","1581805","0.0-17.0-0.52","69aeee44187fdda005ab835b","69d7901e3430d13455efb336","69e642c919360fd6c179753d","<p style=""font-size: 60px; font-family: FragmentMono"">BWVFQHS</p>","","","training","","","","","","","",""
"null","null","html-keyboard-response","465","1582813","0.0-17.0-0.53","69aeee44187fdda005ab835b","69d7901e3430d13455efb336","69e642c919360fd6c179753d","<p style=""font-size: 60px; font-family: FragmentMono"">CEKGJNO</p>","","","training","","","","","","","",""
"null","null","html-keyboard-response","466","1583819","0.0-17.0-0.54","69aeee44187fdda005ab835b","69d7901e3430d13455efb336","69e642c919360fd6c179753d","<p style=""font-size: 60px; font-family: FragmentMono"">LRYWQDZ</p>","","","training","","","","","","","",""
"null","null","html-keyboard-response","467","1584822","0.0-17.0-0.55","69aeee44187fdda005ab835b","69d7901e3430d13455efb336","69e642c919360fd6c179753d","<p style=""font-size: 60px; font-family: FragmentMono"">KZUOTFRZ</p>","","","training","","","","","","","",""
"null","null","html-keyboard-response","468","1585837","0.0-17.0-0.56","69aeee44187fdda005ab835b","69d7901e3430d13455efb336","69e642c919360fd6c179753d","<p style=""font-size: 60px; font-family: FragmentMono"">ISLNWZHG</p>","","","training","","","","","","","",""
"null","null","html-keyboard-response","469","1586840","0.0-17.0-0.57","69aeee44187fdda005ab835b","69d7901e3430d13455efb336","69e642c919360fd6c179753d","<p style=""font-size: 60px; font-family: FragmentMono"">LRYWVMIX</p>","","","training","","","","","","","",""
"null","null","html-keyboard-response","470","1587849","0.0-17.0-0.58","69aeee44187fdda005ab835b","69d7901e3430d13455efb336","69e642c919360fd6c179753d","<p style=""font-size: 60px; font-family: FragmentMono"">BWVFWZHG</p>","","","training","","","","","","","",""
"null","null","html-keyboard-response","471","1588861","0.0-17.0-0.59","69aeee44187fdda005ab835b","69d7901e3430d13455efb336","69e642c919360fd6c179753d","<p style=""font-size: 60px; font-family: FragmentMono"">PKCBHAKUM</p>","","","training","","","","","","","",""
"null","null","html-keyboard-response","472","1589877","0.0-17.0-0.60","69aeee44187fdda005ab835b","69d7901e3430d13455efb336","69e642c919360fd6c179753d","<p style=""font-size: 60px; font-family: FragmentMono"">XQXQFRJMH</p>","","","training","","","","","","","",""
"null","null","html-keyboard-response","473","1590880","0.0-17.0-0.61","69aeee44187fdda005ab835b","69d7901e3430d13455efb336","69e642c919360fd6c179753d","<p style=""font-size: 60px; font-family: FragmentMono"">FZLFJXPX</p>","","","training","","","","","","","",""
"null","null","html-keyboard-response","474","1591883","0.0-17.0-0.62","69aeee44187fdda005ab835b","69d7901e3430d13455efb336","69e642c919360fd6c179753d","<p style=""font-size: 60px; font-family: FragmentMono"">UXJCQDZ</p>","","","training","","","","","","","",""
"null","null","html-keyboard-response","475","1592896","0.0-17.0-0.63","69aeee44187fdda005ab835b","69d7901e3430d13455efb336","69e642c919360fd6c179753d","<p style=""font-size: 60px; font-family: FragmentMono"">RTDHLVMIX</p>","","","training","","","","","","","",""
"null","null","html-keyboard-response","476","1593896","0.0-17.0-0.64","69aeee44187fdda005ab835b","69d7901e3430d13455efb336","69e642c919360fd6c179753d","<p style=""font-size: 60px; font-family: FragmentMono"">WDZBSAKUM</p>","","","training","","","","","","","",""
"null","null","html-keyboard-response","477","1594907","0.0-17.0-0.65","69aeee44187fdda005ab835b","69d7901e3430d13455efb336","69e642c919360fd6c179753d","<p style=""font-size: 60px; font-family: FragmentMono"">QTDVRJMH</p>","","","training","","","","","","","",""
"null","null","html-keyboard-response","478","1595917","0.0-17.0-0.66","69aeee44187fdda005ab835b","69d7901e3430d13455efb336","69e642c919360fd6c179753d","<p style=""font-size: 60px; font-family: FragmentMono"">FZLFJNO</p>","","","training","","","","","","","",""
"null","null","html-keyboard-response","479","1596925","0.0-17.0-0.67","69aeee44187fdda005ab835b","69d7901e3430d13455efb336","69e642c919360fd6c179753d","<p style=""font-size: 60px; font-family: FragmentMono"">SHXVKTFRZ</p>","","","training","","","","","","","",""
"null","null","html-keyboard-response","480","1597933","0.0-17.0-0.68","69aeee44187fdda005ab835b","69d7901e3430d13455efb336","69e642c919360fd6c179753d","<p style=""font-size: 60px; font-family: FragmentMono"">BNPNCQHS</p>","","","training","","","","","","","",""
"null","null","html-keyboard-response","481","1598937","0.0-17.0-0.69","69aeee44187fdda005ab835b","69d7901e3430d13455efb336","69e642c919360fd6c179753d","<p style=""font-size: 60px; font-family: FragmentMono"">SHXVKJXPX</p>","","","training","","","","","","","",""
"null","null","html-keyboard-response","482","1599938","0.0-17.0-0.70","69aeee44187fdda005ab835b","69d7901e3430d13455efb336","69e642c919360fd6c179753d","<p style=""font-size: 60px; font-family: FragmentMono"">BNPNCRJMH</p>","","","training","","","","","","","",""
"null","null","html-keyboard-response","483","1600944","0.0-17.0-0.71","69aeee44187fdda005ab835b","69d7901e3430d13455efb336","69e642c919360fd6c179753d","<p style=""font-size: 60px; font-family: FragmentMono"">LRYWJXPX</p>","","","training","","","","","","","",""
"null","null","html-keyboard-response","484","1601950","0.0-17.0-0.72","69aeee44187fdda005ab835b","69d7901e3430d13455efb336","69e642c919360fd6c179753d","<p style=""font-size: 60px; font-family: FragmentMono"">QTDVWZHG</p>","","","training","","","","","","","",""
"null","null","html-keyboard-response","485","1602957","0.0-17.0-0.73","69aeee44187fdda005ab835b","69d7901e3430d13455efb336","69e642c919360fd6c179753d","<p style=""font-size: 60px; font-family: FragmentMono"">XUDJMRJMH</p>","","","training","","","","","","","",""
"null","null","html-keyboard-response","486","1603966","0.0-17.0-0.74","69aeee44187fdda005ab835b","69d7901e3430d13455efb336","69e642c919360fd6c179753d","<p style=""font-size: 60px; font-family: FragmentMono"">CEKGTFRZ</p>","","","training","","","","","","","",""
"null","null","html-keyboard-response","487","1604970","0.0-17.0-0.75","69aeee44187fdda005ab835b","69d7901e3430d13455efb336","69e642c919360fd6c179753d","<p style=""font-size: 60px; font-family: FragmentMono"">QGZSAKUM</p>","","","training","","","","","","","",""
"null","null","html-keyboard-response","488","1605985","0.0-17.0-0.76","69aeee44187fdda005ab835b","69d7901e3430d13455efb336","69e642c919360fd6c179753d","<p style=""font-size: 60px; font-family: FragmentMono"">MXCUIQDZ</p>","","","training","","","","","","","",""
"null","null","html-keyboard-response","489","1606993","0.0-17.0-0.77","69aeee44187fdda005ab835b","69d7901e3430d13455efb336","69e642c919360fd6c179753d","<p style=""font-size: 60px; font-family: FragmentMono"">XUDJMAKUM</p>","","","training","","","","","","","",""
"null","null","html-keyboard-response","490","1607999","0.0-17.0-0.78","69aeee44187fdda005ab835b","69d7901e3430d13455efb336","69e642c919360fd6c179753d","<p style=""font-size: 60px; font-family: FragmentMono"">QGZSRJMH</p>","","","training","","","","","","","",""
"null","null","html-keyboard-response","491","1609003","0.0-17.0-0.79","69aeee44187fdda005ab835b","69d7901e3430d13455efb336","69e642c919360fd6c179753d","<p style=""font-size: 60px; font-family: FragmentMono"">XUDJMWZHG</p>","","","training","","","","","","","",""
"8248"," ","html-keyboard-response","492","1617252","0.0-18.0","69aeee44187fdda005ab835b","69d7901e3430d13455efb336","69e642c919360fd6c179753d","<p style=""font-size: 30px"">Great, you've seen the sixth block of words. You may now take a short break.</p>
      <p style=""font-size: 30px"">Press the spacebar when you're ready to continue.</p>","","","","","","","","","","",""
"null","null","html-keyboard-response","493","1618259","0.0-19.0-0.0","69aeee44187fdda005ab835b","69d7901e3430d13455efb336","69e642c919360fd6c179753d","<p style=""font-size: 60px; font-family: FragmentMono"">EZSJIJNO</p>","","","training","","","","","","","",""
"null","null","html-keyboard-response","494","1619274","0.0-19.0-0.1","69aeee44187fdda005ab835b","69d7901e3430d13455efb336","69e642c919360fd6c179753d","<p style=""font-size: 60px; font-family: FragmentMono"">XQXQFAKUM</p>","","","training","","","","","","","",""
"null","null","html-keyboard-response","495","1620279","0.0-19.0-0.2","69aeee44187fdda005ab835b","69d7901e3430d13455efb336","69e642c919360fd6c179753d","<p style=""font-size: 60px; font-family: FragmentMono"">EVOFTFRZ</p>","","","training","","","","","","","",""
"null","null","html-keyboard-response","496","1621286","0.0-19.0-0.3","69aeee44187fdda005ab835b","69d7901e3430d13455efb336","69e642c919360fd6c179753d","<p style=""font-size: 60px; font-family: FragmentMono"">JXTJXWZHG</p>","","","training","","","","","","","",""
"null","null","html-keyboard-response","497","1622290","0.0-19.0-0.4","69aeee44187fdda005ab835b","69d7901e3430d13455efb336","69e642c919360fd6c179753d","<p style=""font-size: 60px; font-family: FragmentMono"">ISLNRJMH</p>","","","training","","","","","","","",""
"null","null","html-keyboard-response","498","1623303","0.0-19.0-0.5","69aeee44187fdda005ab835b","69d7901e3430d13455efb336","69e642c919360fd6c179753d","<p style=""font-size: 60px; font-family: FragmentMono"">MXCUIQDZ</p>","","","training","","","","","","","",""
"null","null","html-keyboard-response","499","1624314","0.0-19.0-0.6","69aeee44187fdda005ab835b","69d7901e3430d13455efb336","69e642c919360fd6c179753d","<p style=""font-size: 60px; font-family: FragmentMono"">ISLNTUZ</p>","","","training","","","","","","","",""
"null","null","html-keyboard-response","500","1625320","0.0-19.0-0.7","69aeee44187fdda005ab835b","69d7901e3430d13455efb336","69e642c919360fd6c179753d","<p style=""font-size: 60px; font-family: FragmentMono"">XUDJMRJMH</p>","","","training","","","","","","","",""
"null","null","html-keyboard-response","501","1626323","0.0-19.0-0.8","69aeee44187fdda005ab835b","69d7901e3430d13455efb336","69e642c919360fd6c179753d","<p style=""font-size: 60px; font-family: FragmentMono"">QGZSAKUM</p>","","","training","","","","","","","",""
"null","null","html-keyboard-response","502","1627332","0.0-19.0-0.9","69aeee44187fdda005ab835b","69d7901e3430d13455efb336","69e642c919360fd6c179753d","<p style=""font-size: 60px; font-family: FragmentMono"">QTDVTUZ</p>","","","training","","","","","","","",""
"null","null","html-keyboard-response","503","1628340","0.0-19.0-0.10","69aeee44187fdda005ab835b","69d7901e3430d13455efb336","69e642c919360fd6c179753d","<p style=""font-size: 60px; font-family: FragmentMono"">CEKGJXPX</p>","","","training","","","","","","","",""
"null","null","html-keyboard-response","504","1629351","0.0-19.0-0.11","69aeee44187fdda005ab835b","69d7901e3430d13455efb336","69e642c919360fd6c179753d","<p style=""font-size: 60px; font-family: FragmentMono"">ISLNWZHG</p>","","","training","","","","","","","",""
"null","null","html-keyboard-response","505","1630367","0.0-19.0-0.12","69aeee44187fdda005ab835b","69d7901e3430d13455efb336","69e642c919360fd6c179753d","<p style=""font-size: 60px; font-family: FragmentMono"">BNPNCTUZ</p>","","","training","","","","","","","",""
"null","null","html-keyboard-response","506","1631375","0.0-19.0-0.13","69aeee44187fdda005ab835b","69d7901e3430d13455efb336","69e642c919360fd6c179753d","<p style=""font-size: 60px; font-family: FragmentMono"">EZSJITFRZ</p>","","","training","","","","","","","",""
"null","null","html-keyboard-response","507","1632384","0.0-19.0-0.14","69aeee44187fdda005ab835b","69d7901e3430d13455efb336","69e642c919360fd6c179753d","<p style=""font-size: 60px; font-family: FragmentMono"">WDZBSWZHG</p>","","","training","","","","","","","",""
"null","null","html-keyboard-response","508","1633386","0.0-19.0-0.15","69aeee44187fdda005ab835b","69d7901e3430d13455efb336","69e642c919360fd6c179753d","<p style=""font-size: 60px; font-family: FragmentMono"">BWVFTUZ</p>","","","training","","","","","","","",""
"null","null","html-keyboard-response","509","1634402","0.0-19.0-0.16","69aeee44187fdda005ab835b","69d7901e3430d13455efb336","69e642c919360fd6c179753d","<p style=""font-size: 60px; font-family: FragmentMono"">BNPNCRJMH</p>","","","training","","","","","","","",""
"null","null","html-keyboard-response","510","1635411","0.0-19.0-0.17","69aeee44187fdda005ab835b","69d7901e3430d13455efb336","69e642c919360fd6c179753d","<p style=""font-size: 60px; font-family: FragmentMono"">KZUOTFRZ</p>","","","training","","","","","","","",""
"null","null","html-keyboard-response","511","1636422","0.0-19.0-0.18","69aeee44187fdda005ab835b","69d7901e3430d13455efb336","69e642c919360fd6c179753d","<p style=""font-size: 60px; font-family: FragmentMono"">EZSJIQDZ</p>","","","training","","","","","","","",""
"null","null","html-keyboard-response","512","1637424","0.0-19.0-0.19","69aeee44187fdda005ab835b","69d7901e3430d13455efb336","69e642c919360fd6c179753d","<p style=""font-size: 60px; font-family: FragmentMono"">SHXVKJNO</p>","","","training","","","","","","","",""
"null","null","html-keyboard-response","513","1638439","0.0-19.0-0.20","69aeee44187fdda005ab835b","69d7901e3430d13455efb336","69e642c919360fd6c179753d","<p style=""font-size: 60px; font-family: FragmentMono"">FZLFJXPX</p>","","","training","","","","","","","",""
"null","null","html-keyboard-response","514","1639456","0.0-19.0-0.21","69aeee44187fdda005ab835b","69d7901e3430d13455efb336","69e642c919360fd6c179753d","<p style=""font-size: 60px; font-family: FragmentMono"">JXTJXQHS</p>","","","training","","","","","","","",""
"null","null","html-keyboard-response","515","1640467","0.0-19.0-0.22","69aeee44187fdda005ab835b","69d7901e3430d13455efb336","69e642c919360fd6c179753d","<p style=""font-size: 60px; font-family: FragmentMono"">EZSJIJXPX</p>","","","training","","","","","","","",""
"null","null","html-keyboard-response","516","1641476","0.0-19.0-0.23","69aeee44187fdda005ab835b","69d7901e3430d13455efb336","69e642c919360fd6c179753d","<p style=""font-size: 60px; font-family: FragmentMono"">MXCUIJNO</p>","","","training","","","","","","","",""
"null","null","html-keyboard-response","517","1642485","0.0-19.0-0.24","69aeee44187fdda005ab835b","69d7901e3430d13455efb336","69e642c919360fd6c179753d","<p style=""font-size: 60px; font-family: FragmentMono"">PKCBHQHS</p>","","","training","","","","","","","",""
"null","null","html-keyboard-response","518","1643486","0.0-19.0-0.25","69aeee44187fdda005ab835b","69d7901e3430d13455efb336","69e642c919360fd6c179753d","<p style=""font-size: 60px; font-family: FragmentMono"">JXTJXRJMH</p>","","","training","","","","","","","",""
"null","null","html-keyboard-response","519","1644495","0.0-19.0-0.26","69aeee44187fdda005ab835b","69d7901e3430d13455efb336","69e642c919360fd6c179753d","<p style=""font-size: 60px; font-family: FragmentMono"">XQXQFWZHG</p>","","","training","","","","","","","",""
"null","null","html-keyboard-response","520","1645503","0.0-19.0-0.27","69aeee44187fdda005ab835b","69d7901e3430d13455efb336","69e642c919360fd6c179753d","<p style=""font-size: 60px; font-family: FragmentMono"">SHXVKTFRZ</p>","","","training","","","","","","","",""
"null","null","html-keyboard-response","521","1646506","0.0-19.0-0.28","69aeee44187fdda005ab835b","69d7901e3430d13455efb336","69e642c919360fd6c179753d","<p style=""font-size: 60px; font-family: FragmentMono"">EVOFVMIX</p>","","","training","","","","","","","",""
"null","null","html-keyboard-response","522","1647514","0.0-19.0-0.29","69aeee44187fdda005ab835b","69d7901e3430d13455efb336","69e642c919360fd6c179753d","<p style=""font-size: 60px; font-family: FragmentMono"">QTDVWZHG</p>","","","training","","","","","","","",""
"null","null","html-keyboard-response","523","1648522","0.0-19.0-0.30","69aeee44187fdda005ab835b","69d7901e3430d13455efb336","69e642c919360fd6c179753d","<p style=""font-size: 60px; font-family: FragmentMono"">PKCBHTUZ</p>","","","training","","","","","","","",""
"null","null","html-keyboard-response","524","1649524","0.0-19.0-0.31","69aeee44187fdda005ab835b","69d7901e3430d13455efb336","69e642c919360fd6c179753d","<p style=""font-size: 60px; font-family: FragmentMono"">XUDJMWZHG</p>","","","training","","","","","","","",""
"null","null","html-keyboard-response","525","1650526","0.0-19.0-0.32","69aeee44187fdda005ab835b","69d7901e3430d13455efb336","69e642c919360fd6c179753d","<p style=""font-size: 60px; font-family: FragmentMono"">EVOFJXPX</p>","","","training","","","","","","","",""
"null","null","html-keyboard-response","526","1651529","0.0-19.0-0.33","69aeee44187fdda005ab835b","69d7901e3430d13455efb336","69e642c919360fd6c179753d","<p style=""font-size: 60px; font-family: FragmentMono"">BWVFAKUM</p>","","","training","","","","","","","",""
"null","null","html-keyboard-response","527","1652544","0.0-19.0-0.34","69aeee44187fdda005ab835b","69d7901e3430d13455efb336","69e642c919360fd6c179753d","<p style=""font-size: 60px; font-family: FragmentMono"">ISLNQHS</p>","","","training","","","","","","","",""
"null","null","html-keyboard-response","528","1653549","0.0-19.0-0.35","69aeee44187fdda005ab835b","69d7901e3430d13455efb336","69e642c919360fd6c179753d","<p style=""font-size: 60px; font-family: FragmentMono"">KZUOQDZ</p>","","","training","","","","","","","",""
"null","null","html-keyboard-response","529","1654561","0.0-19.0-0.36","69aeee44187fdda005ab835b","69d7901e3430d13455efb336","69e642c919360fd6c179753d","<p style=""font-size: 60px; font-family: FragmentMono"">UXJCTFRZ</p>","","","training","","","","","","","",""
"null","null","html-keyboard-response","530","1655568","0.0-19.0-0.37","69aeee44187fdda005ab835b","69d7901e3430d13455efb336","69e642c919360fd6c179753d","<p style=""font-size: 60px; font-family: FragmentMono"">WDZBSQHS</p>","","","training","","","","","","","",""
"null","null","html-keyboard-response","531","1656570","0.0-19.0-0.38","69aeee44187fdda005ab835b","69d7901e3430d13455efb336","69e642c919360fd6c179753d","<p style=""font-size: 60px; font-family: FragmentMono"">LRYWJXPX</p>","","","training","","","","","","","",""
"null","null","html-keyboard-response","532","1657574","0.0-19.0-0.39","69aeee44187fdda005ab835b","69d7901e3430d13455efb336","69e642c919360fd6c179753d","<p style=""font-size: 60px; font-family: FragmentMono"">BNPNCWZHG</p>","","","training","","","","","","","",""
"null","null","html-keyboard-response","533","1658581","0.0-19.0-0.40","69aeee44187fdda005ab835b","69d7901e3430d13455efb336","69e642c919360fd6c179753d","<p style=""font-size: 60px; font-family: FragmentMono"">CEKGJNO</p>","","","training","","","","","","","",""
"null","null","html-keyboard-response","534","1659584","0.0-19.0-0.41","69aeee44187fdda005ab835b","69d7901e3430d13455efb336","69e642c919360fd6c179753d","<p style=""font-size: 60px; font-family: FragmentMono"">XQXQFRJMH</p>","","","training","","","","","","","",""
"null","null","html-keyboard-response","535","1660591","0.0-19.0-0.42","69aeee44187fdda005ab835b","69d7901e3430d13455efb336","69e642c919360fd6c179753d","<p style=""font-size: 60px; font-family: FragmentMono"">RTDHLTFRZ</p>","","","training","","","","","","","",""
"null","null","html-keyboard-response","536","1661595","0.0-19.0-0.43","69aeee44187fdda005ab835b","69d7901e3430d13455efb336","69e642c919360fd6c179753d","<p style=""font-size: 60px; font-family: FragmentMono"">BWVFQHS</p>","","","training","","","","","","","",""
"null","null","html-keyboard-response","537","1662603","0.0-19.0-0.44","69aeee44187fdda005ab835b","69d7901e3430d13455efb336","69e642c919360fd6c179753d","<p style=""font-size: 60px; font-family: FragmentMono"">QTDVRJMH</p>","","","training","","","","","","","",""
"null","null","html-keyboard-response","538","1663605","0.0-19.0-0.45","69aeee44187fdda005ab835b","69d7901e3430d13455efb336","69e642c919360fd6c179753d","<p style=""font-size: 60px; font-family: FragmentMono"">RTDHLVMIX</p>","","","training","","","","","","","",""
"null","null","html-keyboard-response","539","1664608","0.0-19.0-0.46","69aeee44187fdda005ab835b","69d7901e3430d13455efb336","69e642c919360fd6c179753d","<p style=""font-size: 60px; font-family: FragmentMono"">PKCBHAKUM</p>","","","training","","","","","","","",""
"null","null","html-keyboard-response","540","1665622","0.0-19.0-0.47","69aeee44187fdda005ab835b","69d7901e3430d13455efb336","69e642c919360fd6c179753d","<p style=""font-size: 60px; font-family: FragmentMono"">LRYWVMIX</p>","","","training","","","","","","","",""
"null","null","html-keyboard-response","541","1666624","0.0-19.0-0.48","69aeee44187fdda005ab835b","69d7901e3430d13455efb336","69e642c919360fd6c179753d","<p style=""font-size: 60px; font-family: FragmentMono"">UXJCQDZ</p>","","","training","","","","","","","",""
"null","null","html-keyboard-response","542","1667629","0.0-19.0-0.49","69aeee44187fdda005ab835b","69d7901e3430d13455efb336","69e642c919360fd6c179753d","<p style=""font-size: 60px; font-family: FragmentMono"">XUDJMAKUM</p>","","","training","","","","","","","",""
"null","null","html-keyboard-response","543","1668640","0.0-19.0-0.50","69aeee44187fdda005ab835b","69d7901e3430d13455efb336","69e642c919360fd6c179753d","<p style=""font-size: 60px; font-family: FragmentMono"">XQXQFQHS</p>","","","training","","","","","","","",""
"null","null","html-keyboard-response","544","1669648","0.0-19.0-0.51","69aeee44187fdda005ab835b","69d7901e3430d13455efb336","69e642c919360fd6c179753d","<p style=""font-size: 60px; font-family: FragmentMono"">BWVFWZHG</p>","","","training","","","","","","","",""
"null","null","html-keyboard-response","545","1670655","0.0-19.0-0.52","69aeee44187fdda005ab835b","69d7901e3430d13455efb336","69e642c919360fd6c179753d","<p style=""font-size: 60px; font-family: FragmentMono"">EVOFQDZ</p>","","","training","","","","","","","",""
"null","null","html-keyboard-response","546","1671658","0.0-19.0-0.53","69aeee44187fdda005ab835b","69d7901e3430d13455efb336","69e642c919360fd6c179753d","<p style=""font-size: 60px; font-family: FragmentMono"">QGZSRJMH</p>","","","training","","","","","","","",""
"null","null","html-keyboard-response","547","1672662","0.0-19.0-0.54","69aeee44187fdda005ab835b","69d7901e3430d13455efb336","69e642c919360fd6c179753d","<p style=""font-size: 60px; font-family: FragmentMono"">FZLFVMIX</p>","","","training","","","","","","","",""
"null","null","html-keyboard-response","548","1673668","0.0-19.0-0.55","69aeee44187fdda005ab835b","69d7901e3430d13455efb336","69e642c919360fd6c179753d","<p style=""font-size: 60px; font-family: FragmentMono"">BNPNCQHS</p>","","","training","","","","","","","",""
"null","null","html-keyboard-response","549","1674678","0.0-19.0-0.56","69aeee44187fdda005ab835b","69d7901e3430d13455efb336","69e642c919360fd6c179753d","<p style=""font-size: 60px; font-family: FragmentMono"">WDZBSAKUM</p>","","","training","","","","","","","",""
"null","null","html-keyboard-response","550","1675690","0.0-19.0-0.57","69aeee44187fdda005ab835b","69d7901e3430d13455efb336","69e642c919360fd6c179753d","<p style=""font-size: 60px; font-family: FragmentMono"">PKCBHRJMH</p>","","","training","","","","","","","",""
"null","null","html-keyboard-response","551","1676693","0.0-19.0-0.58","69aeee44187fdda005ab835b","69d7901e3430d13455efb336","69e642c919360fd6c179753d","<p style=""font-size: 60px; font-family: FragmentMono"">RTDHLJXPX</p>","","","training","","","","","","","",""
"null","null","html-keyboard-response","552","1677711","0.0-19.0-0.59","69aeee44187fdda005ab835b","69d7901e3430d13455efb336","69e642c919360fd6c179753d","<p style=""font-size: 60px; font-family: FragmentMono"">SHXVKVMIX</p>","","","training","","","","","","","",""
"null","null","html-keyboard-response","553","1678716","0.0-19.0-0.60","69aeee44187fdda005ab835b","69d7901e3430d13455efb336","69e642c919360fd6c179753d","<p style=""font-size: 60px; font-family: FragmentMono"">MXCUITFRZ</p>","","","training","","","","","","","",""
"null","null","html-keyboard-response","554","1679729","0.0-19.0-0.61","69aeee44187fdda005ab835b","69d7901e3430d13455efb336","69e642c919360fd6c179753d","<p style=""font-size: 60px; font-family: FragmentMono"">LRYWQDZ</p>","","","training","","","","","","","",""
"null","null","html-keyboard-response","555","1680731","0.0-19.0-0.62","69aeee44187fdda005ab835b","69d7901e3430d13455efb336","69e642c919360fd6c179753d","<p style=""font-size: 60px; font-family: FragmentMono"">KZUOJXPX</p>","","","training","","","","","","","",""
"null","null","html-keyboard-response","556","1681736","0.0-19.0-0.63","69aeee44187fdda005ab835b","69d7901e3430d13455efb336","69e642c919360fd6c179753d","<p style=""font-size: 60px; font-family: FragmentMono"">CEKGVMIX</p>","","","training","","","","","","","",""
"null","null","html-keyboard-response","557","1682746","0.0-19.0-0.64","69aeee44187fdda005ab835b","69d7901e3430d13455efb336","69e642c919360fd6c179753d","<p style=""font-size: 60px; font-family: FragmentMono"">QGZSQHS</p>","","","training","","","","","","","",""
"null","null","html-keyboard-response","558","1683749","0.0-19.0-0.65","69aeee44187fdda005ab835b","69d7901e3430d13455efb336","69e642c919360fd6c179753d","<p style=""font-size: 60px; font-family: FragmentMono"">XUDJMTUZ</p>","","","training","","","","","","","",""
"null","null","html-keyboard-response","559","1684759","0.0-19.0-0.66","69aeee44187fdda005ab835b","69d7901e3430d13455efb336","69e642c919360fd6c179753d","<p style=""font-size: 60px; font-family: FragmentMono"">CEKGTFRZ</p>","","","training","","","","","","","",""
"null","null","html-keyboard-response","560","1685760","0.0-19.0-0.67","69aeee44187fdda005ab835b","69d7901e3430d13455efb336","69e642c919360fd6c179753d","<p style=""font-size: 60px; font-family: FragmentMono"">QTDVAKUM</p>","","","training","","","","","","","",""
"null","null","html-keyboard-response","561","1686770","0.0-19.0-0.68","69aeee44187fdda005ab835b","69d7901e3430d13455efb336","69e642c919360fd6c179753d","<p style=""font-size: 60px; font-family: FragmentMono"">MXCUIVMIX</p>","","","training","","","","","","","",""
"null","null","html-keyboard-response","562","1687785","0.0-19.0-0.69","69aeee44187fdda005ab835b","69d7901e3430d13455efb336","69e642c919360fd6c179753d","<p style=""font-size: 60px; font-family: FragmentMono"">JXTJXAKUM</p>","","","training","","","","","","","",""
"null","null","html-keyboard-response","563","1688793","0.0-19.0-0.70","69aeee44187fdda005ab835b","69d7901e3430d13455efb336","69e642c919360fd6c179753d","<p style=""font-size: 60px; font-family: FragmentMono"">KZUOJNO</p>","","","training","","","","","","","",""
"null","null","html-keyboard-response","564","1689797","0.0-19.0-0.71","69aeee44187fdda005ab835b","69d7901e3430d13455efb336","69e642c919360fd6c179753d","<p style=""font-size: 60px; font-family: FragmentMono"">UXJCVMIX</p>","","","training","","","","","","","",""
"null","null","html-keyboard-response","565","1690798","0.0-19.0-0.72","69aeee44187fdda005ab835b","69d7901e3430d13455efb336","69e642c919360fd6c179753d","<p style=""font-size: 60px; font-family: FragmentMono"">FZLFQDZ</p>","","","training","","","","","","","",""
"null","null","html-keyboard-response","566","1691802","0.0-19.0-0.73","69aeee44187fdda005ab835b","69d7901e3430d13455efb336","69e642c919360fd6c179753d","<p style=""font-size: 60px; font-family: FragmentMono"">SHXVKJXPX</p>","","","training","","","","","","","",""
"null","null","html-keyboard-response","567","1692814","0.0-19.0-0.74","69aeee44187fdda005ab835b","69d7901e3430d13455efb336","69e642c919360fd6c179753d","<p style=""font-size: 60px; font-family: FragmentMono"">LRYWJNO</p>","","","training","","","","","","","",""
"null","null","html-keyboard-response","568","1693821","0.0-19.0-0.75","69aeee44187fdda005ab835b","69d7901e3430d13455efb336","69e642c919360fd6c179753d","<p style=""font-size: 60px; font-family: FragmentMono"">RTDHLQDZ</p>","","","training","","","","","","","",""
"null","null","html-keyboard-response","569","1694835","0.0-19.0-0.76","69aeee44187fdda005ab835b","69d7901e3430d13455efb336","69e642c919360fd6c179753d","<p style=""font-size: 60px; font-family: FragmentMono"">WDZBSTUZ</p>","","","training","","","","","","","",""
"null","null","html-keyboard-response","570","1695848","0.0-19.0-0.77","69aeee44187fdda005ab835b","69d7901e3430d13455efb336","69e642c919360fd6c179753d","<p style=""font-size: 60px; font-family: FragmentMono"">FZLFJNO</p>","","","training","","","","","","","",""
"null","null","html-keyboard-response","571","1696858","0.0-19.0-0.78","69aeee44187fdda005ab835b","69d7901e3430d13455efb336","69e642c919360fd6c179753d","<p style=""font-size: 60px; font-family: FragmentMono"">QGZSTUZ</p>","","","training","","","","","","","",""
"null","null","html-keyboard-response","572","1697860","0.0-19.0-0.79","69aeee44187fdda005ab835b","69d7901e3430d13455efb336","69e642c919360fd6c179753d","<p style=""font-size: 60px; font-family: FragmentMono"">UXJCJNO</p>","","","training","","","","","","","",""
"25220"," ","html-keyboard-response","573","1723082","0.0-20.0","69aeee44187fdda005ab835b","69d7901e3430d13455efb336","69e642c919360fd6c179753d","<p style=""font-size: 30px"">Great, you've seen the seventh block of words. You may now take a short break.</p>
      <p style=""font-size: 30px"">Press the spacebar when you're ready to continue.</p>","","","","","","","","","","",""
"null","null","html-keyboard-response","574","1724083","0.0-21.0-0.0","69aeee44187fdda005ab835b","69d7901e3430d13455efb336","69e642c919360fd6c179753d","<p style=""font-size: 60px; font-family: FragmentMono"">BNPNCRJMH</p>","","","training","","","","","","","",""
"null","null","html-keyboard-response","575","1725087","0.0-21.0-0.1","69aeee44187fdda005ab835b","69d7901e3430d13455efb336","69e642c919360fd6c179753d","<p style=""font-size: 60px; font-family: FragmentMono"">SHXVKVMIX</p>","","","training","","","","","","","",""
"null","null","html-keyboard-response","576","1726100","0.0-21.0-0.2","69aeee44187fdda005ab835b","69d7901e3430d13455efb336","69e642c919360fd6c179753d","<p style=""font-size: 60px; font-family: FragmentMono"">XUDJMWZHG</p>","","","training","","","","","","","",""
"null","null","html-keyboard-response","577","1727108","0.0-21.0-0.3","69aeee44187fdda005ab835b","69d7901e3430d13455efb336","69e642c919360fd6c179753d","<p style=""font-size: 60px; font-family: FragmentMono"">CEKGTFRZ</p>","","","training","","","","","","","",""
"null","null","html-keyboard-response","578","1728110","0.0-21.0-0.4","69aeee44187fdda005ab835b","69d7901e3430d13455efb336","69e642c919360fd6c179753d","<p style=""font-size: 60px; font-family: FragmentMono"">PKCBHRJMH</p>","","","training","","","","","","","",""
"null","null","html-keyboard-response","579","1729112","0.0-21.0-0.5","69aeee44187fdda005ab835b","69d7901e3430d13455efb336","69e642c919360fd6c179753d","<p style=""font-size: 60px; font-family: FragmentMono"">WDZBSQHS</p>","","","training","","","","","","","",""
"null","null","html-keyboard-response","580","1730118","0.0-21.0-0.6","69aeee44187fdda005ab835b","69d7901e3430d13455efb336","69e642c919360fd6c179753d","<p style=""font-size: 60px; font-family: FragmentMono"">JXTJXRJMH</p>","","","training","","","","","","","",""
"null","null","html-keyboard-response","581","1731134","0.0-21.0-0.7","69aeee44187fdda005ab835b","69d7901e3430d13455efb336","69e642c919360fd6c179753d","<p style=""font-size: 60px; font-family: FragmentMono"">UXJCJNO</p>","","","training","","","","","","","",""
"null","null","html-keyboard-response","582","1732136","0.0-21.0-0.8","69aeee44187fdda005ab835b","69d7901e3430d13455efb336","69e642c919360fd6c179753d","<p style=""font-size: 60px; font-family: FragmentMono"">QGZSRJMH</p>","","","training","","","","","","","",""
"null","null","html-keyboard-response","583","1733147","0.0-21.0-0.9","69aeee44187fdda005ab835b","69d7901e3430d13455efb336","69e642c919360fd6c179753d","<p style=""font-size: 60px; font-family: FragmentMono"">BNPNCWZHG</p>","","","training","","","","","","","",""
"null","null","html-keyboard-response","584","1734148","0.0-21.0-0.10","69aeee44187fdda005ab835b","69d7901e3430d13455efb336","69e642c919360fd6c179753d","<p style=""font-size: 60px; font-family: FragmentMono"">XQXQFRJMH</p>","","","training","","","","","","","",""
"null","null","html-keyboard-response","585","1735155","0.0-21.0-0.11","69aeee44187fdda005ab835b","69d7901e3430d13455efb336","69e642c919360fd6c179753d","<p style=""font-size: 60px; font-family: FragmentMono"">KZUOQDZ</p>","","","training","","","","","","","",""
"null","null","html-keyboard-response","586","1736165","0.0-21.0-0.12","69aeee44187fdda005ab835b","69d7901e3430d13455efb336","69e642c919360fd6c179753d","<p style=""font-size: 60px; font-family: FragmentMono"">ISLNWZHG</p>","","","training","","","","","","","",""
"null","null","html-keyboard-response","587","1737167","0.0-21.0-0.13","69aeee44187fdda005ab835b","69d7901e3430d13455efb336","69e642c919360fd6c179753d","<p style=""font-size: 60px; font-family: FragmentMono"">EZSJITFRZ</p>","","","training","","","","","","","",""
"null","null","html-keyboard-response","588","1738169","0.0-21.0-0.14","69aeee44187fdda005ab835b","69d7901e3430d13455efb336","69e642c919360fd6c179753d","<p style=""font-size: 60px; font-family: FragmentMono"">JXTJXWZHG</p>","","","training","","","","","","","",""
"null","null","html-keyboard-response","589","1739175","0.0-21.0-0.15","69aeee44187fdda005ab835b","69d7901e3430d13455efb336","69e642c919360fd6c179753d","<p style=""font-size: 60px; font-family: FragmentMono"">RTDHLQDZ</p>","","","training","","","","","","","",""
"null","null","html-keyboard-response","590","1740190","0.0-21.0-0.16","69aeee44187fdda005ab835b","69d7901e3430d13455efb336","69e642c919360fd6c179753d","<p style=""font-size: 60px; font-family: FragmentMono"">KZUOJXPX</p>","","","training","","","","","","","",""
"null","null","html-keyboard-response","591","1741198","0.0-21.0-0.17","69aeee44187fdda005ab835b","69d7901e3430d13455efb336","69e642c919360fd6c179753d","<p style=""font-size: 60px; font-family: FragmentMono"">XUDJMRJMH</p>","","","training","","","","","","","",""
"null","null","html-keyboard-response","592","1742205","0.0-21.0-0.18","69aeee44187fdda005ab835b","69d7901e3430d13455efb336","69e642c919360fd6c179753d","<p style=""font-size: 60px; font-family: FragmentMono"">XQXQFAKUM</p>","","","training","","","","","","","",""
"null","null","html-keyboard-response","593","1743219","0.0-21.0-0.19","69aeee44187fdda005ab835b","69d7901e3430d13455efb336","69e642c919360fd6c179753d","<p style=""font-size: 60px; font-family: FragmentMono"">JXTJXQHS</p>","","","training","","","","","","","",""
"null","null","html-keyboard-response","594","1744227","0.0-21.0-0.20","69aeee44187fdda005ab835b","69d7901e3430d13455efb336","69e642c919360fd6c179753d","<p style=""font-size: 60px; font-family: FragmentMono"">UXJCQDZ</p>","","","training","","","","","","","",""
"null","null","html-keyboard-response","595","1745236","0.0-21.0-0.21","69aeee44187fdda005ab835b","69d7901e3430d13455efb336","69e642c919360fd6c179753d","<p style=""font-size: 60px; font-family: FragmentMono"">RTDHLJXPX</p>","","","training","","","","","","","",""
"null","null","html-keyboard-response","596","1746243","0.0-21.0-0.22","69aeee44187fdda005ab835b","69d7901e3430d13455efb336","69e642c919360fd6c179753d","<p style=""font-size: 60px; font-family: FragmentMono"">WDZBSTUZ</p>","","","training","","","","","","","",""
"null","null","html-keyboard-response","597","1747252","0.0-21.0-0.23","69aeee44187fdda005ab835b","69d7901e3430d13455efb336","69e642c919360fd6c179753d","<p style=""font-size: 60px; font-family: FragmentMono"">BNPNCQHS</p>","","","training","","","","","","","",""
"null","null","html-keyboard-response","598","1748257","0.0-21.0-0.24","69aeee44187fdda005ab835b","69d7901e3430d13455efb336","69e642c919360fd6c179753d","<p style=""font-size: 60px; font-family: FragmentMono"">SHXVKJXPX</p>","","","training","","","","","","","",""
"null","null","html-keyboard-response","599","1749261","0.0-21.0-0.25","69aeee44187fdda005ab835b","69d7901e3430d13455efb336","69e642c919360fd6c179753d","<p style=""font-size: 60px; font-family: FragmentMono"">LRYWJNO</p>","","","training","","","","","","","",""
"null","null","html-keyboard-response","600","1750268","0.0-21.0-0.26","69aeee44187fdda005ab835b","69d7901e3430d13455efb336","69e642c919360fd6c179753d","<p style=""font-size: 60px; font-family: FragmentMono"">EVOFVMIX</p>","","","training","","","","","","","",""
"null","null","html-keyboard-response","601","1751277","0.0-21.0-0.27","69aeee44187fdda005ab835b","69d7901e3430d13455efb336","69e642c919360fd6c179753d","<p style=""font-size: 60px; font-family: FragmentMono"">KZUOTFRZ</p>","","","training","","","","","","","",""
"null","null","html-keyboard-response","602","1752288","0.0-21.0-0.28","69aeee44187fdda005ab835b","69d7901e3430d13455efb336","69e642c919360fd6c179753d","<p style=""font-size: 60px; font-family: FragmentMono"">QTDVRJMH</p>","","","training","","","","","","","",""
"null","null","html-keyboard-response","603","1753290","0.0-21.0-0.29","69aeee44187fdda005ab835b","69d7901e3430d13455efb336","69e642c919360fd6c179753d","<p style=""font-size: 60px; font-family: FragmentMono"">SHXVKJNO</p>","","","training","","","","","","","",""
"null","null","html-keyboard-response","604","1754302","0.0-21.0-0.30","69aeee44187fdda005ab835b","69d7901e3430d13455efb336","69e642c919360fd6c179753d","<p style=""font-size: 60px; font-family: FragmentMono"">PKCBHTUZ</p>","","","training","","","","","","","",""
"null","null","html-keyboard-response","605","1755303","0.0-21.0-0.31","69aeee44187fdda005ab835b","69d7901e3430d13455efb336","69e642c919360fd6c179753d","<p style=""font-size: 60px; font-family: FragmentMono"">LRYWQDZ</p>","","","training","","","","","","","",""
"null","null","html-keyboard-response","606","1756314","0.0-21.0-0.32","69aeee44187fdda005ab835b","69d7901e3430d13455efb336","69e642c919360fd6c179753d","<p style=""font-size: 60px; font-family: FragmentMono"">QGZSAKUM</p>","","","training","","","","","","","",""
"null","null","html-keyboard-response","607","1757318","0.0-21.0-0.33","69aeee44187fdda005ab835b","69d7901e3430d13455efb336","69e642c919360fd6c179753d","<p style=""font-size: 60px; font-family: FragmentMono"">MXCUIQDZ</p>","","","training","","","","","","","",""
"null","null","html-keyboard-response","608","1758326","0.0-21.0-0.34","69aeee44187fdda005ab835b","69d7901e3430d13455efb336","69e642c919360fd6c179753d","<p style=""font-size: 60px; font-family: FragmentMono"">SHXVKTFRZ</p>","","","training","","","","","","","",""
"null","null","html-keyboard-response","609","1759340","0.0-21.0-0.35","69aeee44187fdda005ab835b","69d7901e3430d13455efb336","69e642c919360fd6c179753d","<p style=""font-size: 60px; font-family: FragmentMono"">FZLFJXPX</p>","","","training","","","","","","","",""
"null","null","html-keyboard-response","610","1760351","0.0-21.0-0.36","69aeee44187fdda005ab835b","69d7901e3430d13455efb336","69e642c919360fd6c179753d","<p style=""font-size: 60px; font-family: FragmentMono"">PKCBHAKUM</p>","","","training","","","","","","","",""
"null","null","html-keyboard-response","611","1761359","0.0-21.0-0.37","69aeee44187fdda005ab835b","69d7901e3430d13455efb336","69e642c919360fd6c179753d","<p style=""font-size: 60px; font-family: FragmentMono"">BNPNCTUZ</p>","","","training","","","","","","","",""
"null","null","html-keyboard-response","612","1762368","0.0-21.0-0.38","69aeee44187fdda005ab835b","69d7901e3430d13455efb336","69e642c919360fd6c179753d","<p style=""font-size: 60px; font-family: FragmentMono"">EZSJIQDZ</p>","","","training","","","","","","","",""
"null","null","html-keyboard-response","613","1763370","0.0-21.0-0.39","69aeee44187fdda005ab835b","69d7901e3430d13455efb336","69e642c919360fd6c179753d","<p style=""font-size: 60px; font-family: FragmentMono"">QGZSTUZ</p>","","","training","","","","","","","",""
"null","null","html-keyboard-response","614","1764385","0.0-21.0-0.40","69aeee44187fdda005ab835b","69d7901e3430d13455efb336","69e642c919360fd6c179753d","<p style=""font-size: 60px; font-family: FragmentMono"">XQXQFQHS</p>","","","training","","","","","","","",""
"null","null","html-keyboard-response","615","1765391","0.0-21.0-0.41","69aeee44187fdda005ab835b","69d7901e3430d13455efb336","69e642c919360fd6c179753d","<p style=""font-size: 60px; font-family: FragmentMono"">BWVFWZHG</p>","","","training","","","","","","","",""
"null","null","html-keyboard-response","616","1766397","0.0-21.0-0.42","69aeee44187fdda005ab835b","69d7901e3430d13455efb336","69e642c919360fd6c179753d","<p style=""font-size: 60px; font-family: FragmentMono"">FZLFJNO</p>","","","training","","","","","","","",""
"null","null","html-keyboard-response","617","1767411","0.0-21.0-0.43","69aeee44187fdda005ab835b","69d7901e3430d13455efb336","69e642c919360fd6c179753d","<p style=""font-size: 60px; font-family: FragmentMono"">LRYWVMIX</p>","","","training","","","","","","","",""
"null","null","html-keyboard-response","618","1768415","0.0-21.0-0.44","69aeee44187fdda005ab835b","69d7901e3430d13455efb336","69e642c919360fd6c179753d","<p style=""font-size: 60px; font-family: FragmentMono"">JXTJXAKUM</p>","","","training","","","","","","","",""
"null","null","html-keyboard-response","619","1769424","0.0-21.0-0.45","69aeee44187fdda005ab835b","69d7901e3430d13455efb336","69e642c919360fd6c179753d","<p style=""font-size: 60px; font-family: FragmentMono"">ISLNTUZ</p>","","","training","","","","","","","",""
"null","null","html-keyboard-response","620","1770440","0.0-21.0-0.46","69aeee44187fdda005ab835b","69d7901e3430d13455efb336","69e642c919360fd6c179753d","<p style=""font-size: 60px; font-family: FragmentMono"">MXCUIVMIX</p>","","","training","","","","","","","",""
"null","null","html-keyboard-response","621","1771448","0.0-21.0-0.47","69aeee44187fdda005ab835b","69d7901e3430d13455efb336","69e642c919360fd6c179753d","<p style=""font-size: 60px; font-family: FragmentMono"">QTDVWZHG</p>","","","training","","","","","","","",""
"null","null","html-keyboard-response","622","1772463","0.0-21.0-0.48","69aeee44187fdda005ab835b","69d7901e3430d13455efb336","69e642c919360fd6c179753d","<p style=""font-size: 60px; font-family: FragmentMono"">XUDJMTUZ</p>","","","training","","","","","","","",""
"null","null","html-keyboard-response","623","1773466","0.0-21.0-0.49","69aeee44187fdda005ab835b","69d7901e3430d13455efb336","69e642c919360fd6c179753d","<p style=""font-size: 60px; font-family: FragmentMono"">BWVFAKUM</p>","","","training","","","","","","","",""
"null","null","html-keyboard-response","624","1774468","0.0-21.0-0.50","69aeee44187fdda005ab835b","69d7901e3430d13455efb336","69e642c919360fd6c179753d","<p style=""font-size: 60px; font-family: FragmentMono"">WDZBSWZHG</p>","","","training","","","","","","","",""
"null","null","html-keyboard-response","625","1775470","0.0-21.0-0.51","69aeee44187fdda005ab835b","69d7901e3430d13455efb336","69e642c919360fd6c179753d","<p style=""font-size: 60px; font-family: FragmentMono"">QTDVAKUM</p>","","","training","","","","","","","",""
"null","null","html-keyboard-response","626","1776477","0.0-21.0-0.52","69aeee44187fdda005ab835b","69d7901e3430d13455efb336","69e642c919360fd6c179753d","<p style=""font-size: 60px; font-family: FragmentMono"">FZLFVMIX</p>","","","training","","","","","","","",""
"null","null","html-keyboard-response","627","1777486","0.0-21.0-0.53","69aeee44187fdda005ab835b","69d7901e3430d13455efb336","69e642c919360fd6c179753d","<p style=""font-size: 60px; font-family: FragmentMono"">ISLNRJMH</p>","","","training","","","","","","","",""
"null","null","html-keyboard-response","628","1778504","0.0-21.0-0.54","69aeee44187fdda005ab835b","69d7901e3430d13455efb336","69e642c919360fd6c179753d","<p style=""font-size: 60px; font-family: FragmentMono"">BWVFQHS</p>","","","training","","","","","","","",""
"null","null","html-keyboard-response","629","1779505","0.0-21.0-0.55","69aeee44187fdda005ab835b","69d7901e3430d13455efb336","69e642c919360fd6c179753d","<p style=""font-size: 60px; font-family: FragmentMono"">CEKGJNO</p>","","","training","","","","","","","",""
"null","null","html-keyboard-response","630","1780508","0.0-21.0-0.56","69aeee44187fdda005ab835b","69d7901e3430d13455efb336","69e642c919360fd6c179753d","<p style=""font-size: 60px; font-family: FragmentMono"">BWVFTUZ</p>","","","training","","","","","","","",""
"null","null","html-keyboard-response","631","1781515","0.0-21.0-0.57","69aeee44187fdda005ab835b","69d7901e3430d13455efb336","69e642c919360fd6c179753d","<p style=""font-size: 60px; font-family: FragmentMono"">PKCBHQHS</p>","","","training","","","","","","","",""
"null","null","html-keyboard-response","632","1782516","0.0-21.0-0.58","69aeee44187fdda005ab835b","69d7901e3430d13455efb336","69e642c919360fd6c179753d","<p style=""font-size: 60px; font-family: FragmentMono"">XQXQFWZHG</p>","","","training","","","","","","","",""
"null","null","html-keyboard-response","633","1783517","0.0-21.0-0.59","69aeee44187fdda005ab835b","69d7901e3430d13455efb336","69e642c919360fd6c179753d","<p style=""font-size: 60px; font-family: FragmentMono"">QTDVTUZ</p>","","","training","","","","","","","",""
"null","null","html-keyboard-response","634","1784534","0.0-21.0-0.60","69aeee44187fdda005ab835b","69d7901e3430d13455efb336","69e642c919360fd6c179753d","<p style=""font-size: 60px; font-family: FragmentMono"">MXCUITFRZ</p>","","","training","","","","","","","",""
"null","null","html-keyboard-response","635","1785543","0.0-21.0-0.61","69aeee44187fdda005ab835b","69d7901e3430d13455efb336","69e642c919360fd6c179753d","<p style=""font-size: 60px; font-family: FragmentMono"">ISLNQHS</p>","","","training","","","","","","","",""
"null","null","html-keyboard-response","636","1786552","0.0-21.0-0.62","69aeee44187fdda005ab835b","69d7901e3430d13455efb336","69e642c919360fd6c179753d","<p style=""font-size: 60px; font-family: FragmentMono"">KZUOJNO</p>","","","training","","","","","","","",""
"null","null","html-keyboard-response","637","1787568","0.0-21.0-0.63","69aeee44187fdda005ab835b","69d7901e3430d13455efb336","69e642c919360fd6c179753d","<p style=""font-size: 60px; font-family: FragmentMono"">RTDHLTFRZ</p>","","","training","","","","","","","",""
"null","null","html-keyboard-response","638","1788579","0.0-21.0-0.64","69aeee44187fdda005ab835b","69d7901e3430d13455efb336","69e642c919360fd6c179753d","<p style=""font-size: 60px; font-family: FragmentMono"">WDZBSAKUM</p>","","","training","","","","","","","",""
"null","null","html-keyboard-response","639","1789581","0.0-21.0-0.65","69aeee44187fdda005ab835b","69d7901e3430d13455efb336","69e642c919360fd6c179753d","<p style=""font-size: 60px; font-family: FragmentMono"">CEKGVMIX</p>","","","training","","","","","","","",""
"null","null","html-keyboard-response","640","1790587","0.0-21.0-0.66","69aeee44187fdda005ab835b","69d7901e3430d13455efb336","69e642c919360fd6c179753d","<p style=""font-size: 60px; font-family: FragmentMono"">EZSJIJNO</p>","","","training","","","","","","","",""
"null","null","html-keyboard-response","641","1791604","0.0-21.0-0.67","69aeee44187fdda005ab835b","69d7901e3430d13455efb336","69e642c919360fd6c179753d","<p style=""font-size: 60px; font-family: FragmentMono"">UXJCTFRZ</p>","","","training","","","","","","","",""
"null","null","html-keyboard-response","642","1792608","0.0-21.0-0.68","69aeee44187fdda005ab835b","69d7901e3430d13455efb336","69e642c919360fd6c179753d","<p style=""font-size: 60px; font-family: FragmentMono"">EZSJIJXPX</p>","","","training","","","","","","","",""
"null","null","html-keyboard-response","643","1793616","0.0-21.0-0.69","69aeee44187fdda005ab835b","69d7901e3430d13455efb336","69e642c919360fd6c179753d","<p style=""font-size: 60px; font-family: FragmentMono"">EVOFQDZ</p>","","","training","","","","","","","",""
"null","null","html-keyboard-response","644","1794624","0.0-21.0-0.70","69aeee44187fdda005ab835b","69d7901e3430d13455efb336","69e642c919360fd6c179753d","<p style=""font-size: 60px; font-family: FragmentMono"">MXCUIJNO</p>","","","training","","","","","","","",""
"null","null","html-keyboard-response","645","1795628","0.0-21.0-0.71","69aeee44187fdda005ab835b","69d7901e3430d13455efb336","69e642c919360fd6c179753d","<p style=""font-size: 60px; font-family: FragmentMono"">RTDHLVMIX</p>","","","training","","","","","","","",""
"null","null","html-keyboard-response","646","1796633","0.0-21.0-0.72","69aeee44187fdda005ab835b","69d7901e3430d13455efb336","69e642c919360fd6c179753d","<p style=""font-size: 60px; font-family: FragmentMono"">QGZSQHS</p>","","","training","","","","","","","",""
"null","null","html-keyboard-response","647","1797641","0.0-21.0-0.73","69aeee44187fdda005ab835b","69d7901e3430d13455efb336","69e642c919360fd6c179753d","<p style=""font-size: 60px; font-family: FragmentMono"">CEKGJXPX</p>","","","training","","","","","","","",""
"null","null","html-keyboard-response","648","1798646","0.0-21.0-0.74","69aeee44187fdda005ab835b","69d7901e3430d13455efb336","69e642c919360fd6c179753d","<p style=""font-size: 60px; font-family: FragmentMono"">EVOFTFRZ</p>","","","training","","","","","","","",""
"null","null","html-keyboard-response","649","1799657","0.0-21.0-0.75","69aeee44187fdda005ab835b","69d7901e3430d13455efb336","69e642c919360fd6c179753d","<p style=""font-size: 60px; font-family: FragmentMono"">FZLFQDZ</p>","","","training","","","","","","","",""
"null","null","html-keyboard-response","650","1800663","0.0-21.0-0.76","69aeee44187fdda005ab835b","69d7901e3430d13455efb336","69e642c919360fd6c179753d","<p style=""font-size: 60px; font-family: FragmentMono"">EVOFJXPX</p>","","","training","","","","","","","",""
"null","null","html-keyboard-response","651","1801668","0.0-21.0-0.77","69aeee44187fdda005ab835b","69d7901e3430d13455efb336","69e642c919360fd6c179753d","<p style=""font-size: 60px; font-family: FragmentMono"">UXJCVMIX</p>","","","training","","","","","","","",""
"null","null","html-keyboard-response","652","1802678","0.0-21.0-0.78","69aeee44187fdda005ab835b","69d7901e3430d13455efb336","69e642c919360fd6c179753d","<p style=""font-size: 60px; font-family: FragmentMono"">XUDJMAKUM</p>","","","training","","","","","","","",""
"null","null","html-keyboard-response","653","1803684","0.0-21.0-0.79","69aeee44187fdda005ab835b","69d7901e3430d13455efb336","69e642c919360fd6c179753d","<p style=""font-size: 60px; font-family: FragmentMono"">LRYWJXPX</p>","","","training","","","","","","","",""
"5929"," ","html-keyboard-response","654","1809613","0.0-22.0","69aeee44187fdda005ab835b","69d7901e3430d13455efb336","69e642c919360fd6c179753d","<p style=""font-size: 30px"">Great! You've seen all the words that we received from space.</p>
      <p style=""font-size: 30px"">Press the spacebar when you're ready to continue.</p>","","","","","","","","","","",""
"172678"," ","html-keyboard-response","655","1982293","0.0-23.0","69aeee44187fdda005ab835b","69d7901e3430d13455efb336","69e642c919360fd6c179753d","<p style=""font-size: 30px"">In this second part, you'll be given some words from a new communication from the same group of aliens, and others that belong to a communication from a different group of aliens. However, the two communications arrived at the same time, so the words are mixed up. Your task is to identify the words that belong to the same group of aliens as the communication you saw in the first part of the experiment.</p>
      <p style=""font-size: 30px"">This is a very tricky task, since both alien groups use the same characters. Your meeting with the world leaders starts very soon, so you won't have much time to decide; you need to work quickly. Try to do your best using your intuition; you don't have much time to spend thinking about each word.</p>
      <p style=""font-size: 30px"">Press <strong>k</strong> when you think that the word you're being shown is from the same group of aliens as before, and <strong>d</strong> when you think it's from a communication from the other alien group.</p><p>Press the spacebar when you're ready to begin.</p>","","","","","","","","","","",""
"1081","d","html-keyboard-response","656","1983381","0.0-24.0-0.0","69aeee44187fdda005ab835b","69d7901e3430d13455efb336","69e642c919360fd6c179753d","<p style=""font-size: 30px;"">Does this word come from the alien group you studied previously?</p><br><p style=""font-size: 60px; font-family: FragmentMono"">JEGIOZDZ<p style=""font-size: 15px"">Press <strong>k</strong> for yes, <strong>d</strong> for no.</p>","","","testing","JEGIOZDZ","d","[""morcodeXmorcode""]","true","","","",""
"1093","d","html-keyboard-response","657","1984480","0.0-24.0-0.1","69aeee44187fdda005ab835b","69d7901e3430d13455efb336","69e642c919360fd6c179753d","<p style=""font-size: 30px;"">Does this word come from the alien group you studied previously?</p><br><p style=""font-size: 60px; font-family: FragmentMono"">AWSUTHW<p style=""font-size: 15px"">Press <strong>k</strong> for yes, <strong>d</strong> for no.</p>","","","testing","AWSUTHW","d","[""morcodeXmorcode""]","true","","","",""
"6088","d","html-keyboard-response","658","1990570","0.0-24.0-0.2","69aeee44187fdda005ab835b","69d7901e3430d13455efb336","69e642c919360fd6c179753d","<p style=""font-size: 30px;"">Does this word come from the alien group you studied previously?</p><br><p style=""font-size: 60px; font-family: FragmentMono"">SHXVKQDZ<p style=""font-size: 15px"">Press <strong>k</strong> for yes, <strong>d</strong> for no.</p>","","","testing","SHXVKQDZ","k","[""morphemeXmorpheme""]","false","","","",""
"999"," ","html-keyboard-response","659","1991570","0.0-24.0-1.2-0.2","69aeee44187fdda005ab835b","69d7901e3430d13455efb336","69e642c919360fd6c179753d","<p style=""font-size: 30px; color: red"">Careful! You were too slow for this word.</p>
      <p style=""font-size: 30px; color: red"">Try to be faster.</p><p></p><p>Press the spacebar to continue.</p>","","","","","","","","","","",""
"5929","d","html-keyboard-response","660","1997502","0.0-24.0-0.3","69aeee44187fdda005ab835b","69d7901e3430d13455efb336","69e642c919360fd6c179753d","<p style=""font-size: 30px"">&emsp;</p><br><p style=""font-size: 60px; font-family: FragmentMono"">ISLNVMIX<p style=""font-size: 15px"">Press <strong>k</strong> for yes, <strong>d</strong> for no.</p>","","","testing","ISLNVMIX","d","[""morphemeXmorpheme""]","true","","","",""
"2029"," ","html-keyboard-response","661","1999532","0.0-24.0-1.3-0.3","69aeee44187fdda005ab835b","69d7901e3430d13455efb336","69e642c919360fd6c179753d","<p style=""font-size: 30px; color: red"">Careful! You were too slow for this word.</p>
      <p style=""font-size: 30px; color: red"">Try to be faster.</p><p></p><p>Press the spacebar to continue.</p>","","","","","","","","","","",""
"660","k","html-keyboard-response","662","2000193","0.0-24.0-0.4","69aeee44187fdda005ab835b","69d7901e3430d13455efb336","69e642c919360fd6c179753d","<p style=""font-size: 30px"">&emsp;</p><br><p style=""font-size: 60px; font-family: FragmentMono"">UVIEPEX<p style=""font-size: 15px"">Press <strong>k</strong> for yes, <strong>d</strong> for no.</p>","","","testing","UVIEPEX","d","[""morcodeXmorcode""]","false","","","",""
"817","k","html-keyboard-response","663","2001012","0.0-24.0-0.5","69aeee44187fdda005ab835b","69d7901e3430d13455efb336","69e642c919360fd6c179753d","<p style=""font-size: 30px"">&emsp;</p><br><p style=""font-size: 60px; font-family: FragmentMono"">JPXFTUZ<p style=""font-size: 15px"">Press <strong>k</strong> for yes, <strong>d</strong> for no.</p>","","","testing","JPXFTUZ","k","[""morcodeXmorpheme""]","true","","","",""
"749","k","html-keyboard-response","664","2001762","0.0-24.0-0.6","69aeee44187fdda005ab835b","69d7901e3430d13455efb336","69e642c919360fd6c179753d","<p style=""font-size: 30px"">&emsp;</p><br><p style=""font-size: 60px; font-family: FragmentMono"">JXTJXZKY<p style=""font-size: 15px"">Press <strong>k</strong> for yes, <strong>d</strong> for no.</p>","","","testing","JXTJXZKY","k","[""morphemeXmorcode""]","true","","","",""
"1605","k","html-keyboard-response","665","2003369","0.0-24.0-0.7","69aeee44187fdda005ab835b","69d7901e3430d13455efb336","69e642c919360fd6c179753d","<p style=""font-size: 30px"">&emsp;</p><br><p style=""font-size: 60px; font-family: FragmentMono"">FZLFRJMH<p style=""font-size: 15px"">Press <strong>k</strong> for yes, <strong>d</strong> for no.</p>","","","testing","FZLFRJMH","d","[""morphemeXmorpheme""]","false","","","",""
"659","k","html-keyboard-response","666","2004029","0.0-24.0-0.8","69aeee44187fdda005ab835b","69d7901e3430d13455efb336","69e642c919360fd6c179753d","<p style=""font-size: 30px"">&emsp;</p><br><p style=""font-size: 60px; font-family: FragmentMono"">BNPNCAKUM<p style=""font-size: 15px"">Press <strong>k</strong> for yes, <strong>d</strong> for no.</p>","","","testing","BNPNCAKUM","k","[""morphemeXmorpheme""]","true","","","",""
"510","k","html-keyboard-response","667","2004540","0.0-24.0-0.9","69aeee44187fdda005ab835b","69d7901e3430d13455efb336","69e642c919360fd6c179753d","<p style=""font-size: 30px"">&emsp;</p><br><p style=""font-size: 60px; font-family: FragmentMono"">BWVFTFRZ<p style=""font-size: 15px"">Press <strong>k</strong> for yes, <strong>d</strong> for no.</p>","","","testing","BWVFTFRZ","d","[""morphemeXmorpheme""]","false","","","",""
"699","k","html-keyboard-response","668","2005241","0.0-24.0-0.10","69aeee44187fdda005ab835b","69d7901e3430d13455efb336","69e642c919360fd6c179753d","<p style=""font-size: 30px"">&emsp;</p><br><p style=""font-size: 60px; font-family: FragmentMono"">SHXVKWZHG<p style=""font-size: 15px"">Press <strong>k</strong> for yes, <strong>d</strong> for no.</p>","","","testing","SHXVKWZHG","d","[""morphemeXmorpheme""]","false","","","",""
"499","k","html-keyboard-response","669","2005742","0.0-24.0-0.11","69aeee44187fdda005ab835b","69d7901e3430d13455efb336","69e642c919360fd6c179753d","<p style=""font-size: 30px"">&emsp;</p><br><p style=""font-size: 60px; font-family: FragmentMono"">BNPNCVMIX<p style=""font-size: 15px"">Press <strong>k</strong> for yes, <strong>d</strong> for no.</p>","","","testing","BNPNCVMIX","d","[""morphemeXmorpheme""]","false","","","",""
"498","k","html-keyboard-response","670","2006241","0.0-24.0-0.12","69aeee44187fdda005ab835b","69d7901e3430d13455efb336","69e642c919360fd6c179753d","<p style=""font-size: 30px"">&emsp;</p><br><p style=""font-size: 60px; font-family: FragmentMono"">WDZBSRJMH<p style=""font-size: 15px"">Press <strong>k</strong> for yes, <strong>d</strong> for no.</p>","","","testing","WDZBSRJMH","k","[""morphemeXmorpheme""]","true","","","",""
"748","k","html-keyboard-response","671","2006991","0.0-24.0-0.13","69aeee44187fdda005ab835b","69d7901e3430d13455efb336","69e642c919360fd6c179753d","<p style=""font-size: 30px"">&emsp;</p><br><p style=""font-size: 60px; font-family: FragmentMono"">RTDHLJNO<p style=""font-size: 15px"">Press <strong>k</strong> for yes, <strong>d</strong> for no.</p>","","","testing","RTDHLJNO","k","[""morphemeXmorpheme""]","true","","","",""
"559","k","html-keyboard-response","672","2007551","0.0-24.0-0.14","69aeee44187fdda005ab835b","69d7901e3430d13455efb336","69e642c919360fd6c179753d","<p style=""font-size: 30px"">&emsp;</p><br><p style=""font-size: 60px; font-family: FragmentMono"">QGZSDXLI<p style=""font-size: 15px"">Press <strong>k</strong> for yes, <strong>d</strong> for no.</p>","","","testing","QGZSDXLI","k","[""morphemeXmorcode""]","true","","","",""
"496","k","html-keyboard-response","673","2008049","0.0-24.0-0.15","69aeee44187fdda005ab835b","69d7901e3430d13455efb336","69e642c919360fd6c179753d","<p style=""font-size: 30px"">&emsp;</p><br><p style=""font-size: 60px; font-family: FragmentMono"">MXCUIJXPX<p style=""font-size: 15px"">Press <strong>k</strong> for yes, <strong>d</strong> for no.</p>","","","testing","MXCUIJXPX","k","[""morphemeXmorpheme""]","true","","","",""
"511","k","html-keyboard-response","674","2008561","0.0-24.0-0.16","69aeee44187fdda005ab835b","69d7901e3430d13455efb336","69e642c919360fd6c179753d","<p style=""font-size: 30px"">&emsp;</p><br><p style=""font-size: 60px; font-family: FragmentMono"">UPHSSXD<p style=""font-size: 15px"">Press <strong>k</strong> for yes, <strong>d</strong> for no.</p>","","","testing","UPHSSXD","d","[""morcodeXmorcode""]","false","","","",""
"559","k","html-keyboard-response","675","2009121","0.0-24.0-0.17","69aeee44187fdda005ab835b","69d7901e3430d13455efb336","69e642c919360fd6c179753d","<p style=""font-size: 30px"">&emsp;</p><br><p style=""font-size: 60px; font-family: FragmentMono"">MXCUITUZ<p style=""font-size: 15px"">Press <strong>k</strong> for yes, <strong>d</strong> for no.</p>","","","testing","MXCUITUZ","d","[""morphemeXmorpheme""]","false","","","",""
"639","d","html-keyboard-response","676","2009761","0.0-24.0-0.18","69aeee44187fdda005ab835b","69d7901e3430d13455efb336","69e642c919360fd6c179753d","<p style=""font-size: 30px"">&emsp;</p><br><p style=""font-size: 60px; font-family: FragmentMono"">JXTJXJXPX<p style=""font-size: 15px"">Press <strong>k</strong> for yes, <strong>d</strong> for no.</p>","","","testing","JXTJXJXPX","d","[""morphemeXmorpheme""]","true","","","",""
"549","d","html-keyboard-response","677","2010311","0.0-24.0-0.19","69aeee44187fdda005ab835b","69d7901e3430d13455efb336","69e642c919360fd6c179753d","<p style=""font-size: 30px"">&emsp;</p><br><p style=""font-size: 60px; font-family: FragmentMono"">XGWKDWYZ<p style=""font-size: 15px"">Press <strong>k</strong> for yes, <strong>d</strong> for no.</p>","","","testing","XGWKDWYZ","d","[""morcodeXmorcode""]","true","","","",""
"639","k","html-keyboard-response","678","2010952","0.0-24.0-0.20","69aeee44187fdda005ab835b","69d7901e3430d13455efb336","69e642c919360fd6c179753d","<p style=""font-size: 30px"">&emsp;</p><br><p style=""font-size: 60px; font-family: FragmentMono"">QWVPXCEBG<p style=""font-size: 15px"">Press <strong>k</strong> for yes, <strong>d</strong> for no.</p>","","","testing","QWVPXCEBG","d","[""morcodeXmorcode""]","false","","","",""
"1088","k","html-keyboard-response","679","2012041","0.0-24.0-0.21","69aeee44187fdda005ab835b","69d7901e3430d13455efb336","69e642c919360fd6c179753d","<p style=""font-size: 30px"">&emsp;</p><br><p style=""font-size: 60px; font-family: FragmentMono"">EZSJIVMIX<p style=""font-size: 15px"">Press <strong>k</strong> for yes, <strong>d</strong> for no.</p>","","","testing","EZSJIVMIX","k","[""morphemeXmorpheme""]","true","","","",""
"756","d","html-keyboard-response","680","2012799","0.0-24.0-0.22","69aeee44187fdda005ab835b","69d7901e3430d13455efb336","69e642c919360fd6c179753d","<p style=""font-size: 30px"">&emsp;</p><br><p style=""font-size: 60px; font-family: FragmentMono"">BNPNCGRYL<p style=""font-size: 15px"">Press <strong>k</strong> for yes, <strong>d</strong> for no.</p>","","","testing","BNPNCGRYL","k","[""morphemeXmorcode""]","false","","","",""
"532","k","html-keyboard-response","681","2013331","0.0-24.0-0.23","69aeee44187fdda005ab835b","69d7901e3430d13455efb336","69e642c919360fd6c179753d","<p style=""font-size: 30px"">&emsp;</p><br><p style=""font-size: 60px; font-family: FragmentMono"">WDZBSOMPF<p style=""font-size: 15px"">Press <strong>k</strong> for yes, <strong>d</strong> for no.</p>","","","testing","WDZBSOMPF","k","[""morphemeXmorcode""]","true","","","",""
"648","k","html-keyboard-response","682","2013980","0.0-24.0-0.24","69aeee44187fdda005ab835b","69d7901e3430d13455efb336","69e642c919360fd6c179753d","<p style=""font-size: 30px"">&emsp;</p><br><p style=""font-size: 60px; font-family: FragmentMono"">EVOFJNO<p style=""font-size: 15px"">Press <strong>k</strong> for yes, <strong>d</strong> for no.</p>","","","testing","EVOFJNO","k","[""morphemeXmorpheme""]","true","","","",""
"499","k","html-keyboard-response","683","2014480","0.0-24.0-0.25","69aeee44187fdda005ab835b","69d7901e3430d13455efb336","69e642c919360fd6c179753d","<p style=""font-size: 30px"">&emsp;</p><br><p style=""font-size: 60px; font-family: FragmentMono"">CEKGFDO<p style=""font-size: 15px"">Press <strong>k</strong> for yes, <strong>d</strong> for no.</p>","","","testing","CEKGFDO","k","[""morphemeXmorcode""]","true","","","",""
"769","k","html-keyboard-response","684","2015251","0.0-24.0-0.26","69aeee44187fdda005ab835b","69d7901e3430d13455efb336","69e642c919360fd6c179753d","<p style=""font-size: 30px"">&emsp;</p><br><p style=""font-size: 60px; font-family: FragmentMono"">WZUYTFCJS<p style=""font-size: 15px"">Press <strong>k</strong> for yes, <strong>d</strong> for no.</p>","","","testing","WZUYTFCJS","d","[""morcodeXmorcode""]","false","","","",""
"477","k","html-keyboard-response","685","2015730","0.0-24.0-0.27","69aeee44187fdda005ab835b","69d7901e3430d13455efb336","69e642c919360fd6c179753d","<p style=""font-size: 30px"">&emsp;</p><br><p style=""font-size: 60px; font-family: FragmentMono"">SHXVKUXS<p style=""font-size: 15px"">Press <strong>k</strong> for yes, <strong>d</strong> for no.</p>","","","testing","SHXVKUXS","k","[""morphemeXmorcode""]","true","","","",""
"989","k","html-keyboard-response","686","2016721","0.0-24.0-0.28","69aeee44187fdda005ab835b","69d7901e3430d13455efb336","69e642c919360fd6c179753d","<p style=""font-size: 30px"">&emsp;</p><br><p style=""font-size: 60px; font-family: FragmentMono"">DNHQMOIWO<p style=""font-size: 15px"">Press <strong>k</strong> for yes, <strong>d</strong> for no.</p>","","","testing","DNHQMOIWO","d","[""morcodeXmorcode""]","false","","","",""
"947","k","html-keyboard-response","687","2017668","0.0-24.0-0.29","69aeee44187fdda005ab835b","69d7901e3430d13455efb336","69e642c919360fd6c179753d","<p style=""font-size: 30px"">&emsp;</p><br><p style=""font-size: 60px; font-family: FragmentMono"">ATWFGUYFN<p style=""font-size: 15px"">Press <strong>k</strong> for yes, <strong>d</strong> for no.</p>","","","testing","ATWFGUYFN","d","[""morcodeXmorcode""]","false","","","",""
"1800","k","html-keyboard-response","688","2019468","0.0-24.0-0.30","69aeee44187fdda005ab835b","69d7901e3430d13455efb336","69e642c919360fd6c179753d","<p style=""font-size: 30px"">&emsp;</p><br><p style=""font-size: 60px; font-family: FragmentMono"">EZURLSF<p style=""font-size: 15px"">Press <strong>k</strong> for yes, <strong>d</strong> for no.</p>","","","testing","EZURLSF","d","[""morcodeXmorcode""]","false","","","",""
"1052","k","html-keyboard-response","689","2020521","0.0-24.0-0.31","69aeee44187fdda005ab835b","69d7901e3430d13455efb336","69e642c919360fd6c179753d","<p style=""font-size: 30px"">&emsp;</p><br><p style=""font-size: 60px; font-family: FragmentMono"">UXJCTUZ<p style=""font-size: 15px"">Press <strong>k</strong> for yes, <strong>d</strong> for no.</p>","","","testing","UXJCTUZ","d","[""morphemeXmorpheme""]","false","","","",""
"1719","k","html-keyboard-response","690","2022241","0.0-24.0-0.32","69aeee44187fdda005ab835b","69d7901e3430d13455efb336","69e642c919360fd6c179753d","<p style=""font-size: 30px"">&emsp;</p><br><p style=""font-size: 60px; font-family: FragmentMono"">PKCBHWZHG<p style=""font-size: 15px"">Press <strong>k</strong> for yes, <strong>d</strong> for no.</p>","","","testing","PKCBHWZHG","k","[""morphemeXmorpheme""]","true","","","",""
"238","d","html-keyboard-response","691","2022480","0.0-24.0-0.33","69aeee44187fdda005ab835b","69d7901e3430d13455efb336","69e642c919360fd6c179753d","<p style=""font-size: 30px"">&emsp;</p><br><p style=""font-size: 60px; font-family: FragmentMono"">VDISILVQ<p style=""font-size: 15px"">Press <strong>k</strong> for yes, <strong>d</strong> for no.</p>","","","testing","VDISILVQ","d","[""morcodeXmorcode""]","true","","","",""
"557","k","html-keyboard-response","692","2023038","0.0-24.0-0.34","69aeee44187fdda005ab835b","69d7901e3430d13455efb336","69e642c919360fd6c179753d","<p style=""font-size: 30px"">&emsp;</p><br><p style=""font-size: 60px; font-family: FragmentMono"">COVWCQRJ<p style=""font-size: 15px"">Press <strong>k</strong> for yes, <strong>d</strong> for no.</p>","","","testing","COVWCQRJ","d","[""morcodeXmorcode""]","false","","","",""
"731","d","html-keyboard-response","693","2023770","0.0-24.0-0.35","69aeee44187fdda005ab835b","69d7901e3430d13455efb336","69e642c919360fd6c179753d","<p style=""font-size: 30px"">&emsp;</p><br><p style=""font-size: 60px; font-family: FragmentMono"">LRYWTFRZ<p style=""font-size: 15px"">Press <strong>k</strong> for yes, <strong>d</strong> for no.</p>","","","testing","LRYWTFRZ","k","[""morphemeXmorpheme""]","false","","","",""
"930","k","html-keyboard-response","694","2024701","0.0-24.0-0.36","69aeee44187fdda005ab835b","69d7901e3430d13455efb336","69e642c919360fd6c179753d","<p style=""font-size: 30px"">&emsp;</p><br><p style=""font-size: 60px; font-family: FragmentMono"">EZSJIAKUM<p style=""font-size: 15px"">Press <strong>k</strong> for yes, <strong>d</strong> for no.</p>","","","testing","EZSJIAKUM","d","[""morphemeXmorpheme""]","false","","","",""
"848","d","html-keyboard-response","695","2025550","0.0-24.0-0.37","69aeee44187fdda005ab835b","69d7901e3430d13455efb336","69e642c919360fd6c179753d","<p style=""font-size: 30px"">&emsp;</p><br><p style=""font-size: 60px; font-family: FragmentMono"">AQOZOWZHG<p style=""font-size: 15px"">Press <strong>k</strong> for yes, <strong>d</strong> for no.</p>","","","testing","AQOZOWZHG","k","[""morcodeXmorpheme""]","false","","","",""
"752","k","html-keyboard-response","696","2026303","0.0-24.0-0.38","69aeee44187fdda005ab835b","69d7901e3430d13455efb336","69e642c919360fd6c179753d","<p style=""font-size: 30px"">&emsp;</p><br><p style=""font-size: 60px; font-family: FragmentMono"">DLVZYQDZ<p style=""font-size: 15px"">Press <strong>k</strong> for yes, <strong>d</strong> for no.</p>","","","testing","DLVZYQDZ","k","[""morcodeXmorpheme""]","true","","","",""
"615","k","html-keyboard-response","697","2026921","0.0-24.0-0.39","69aeee44187fdda005ab835b","69d7901e3430d13455efb336","69e642c919360fd6c179753d","<p style=""font-size: 30px"">&emsp;</p><br><p style=""font-size: 60px; font-family: FragmentMono"">XQXQFTUZ<p style=""font-size: 15px"">Press <strong>k</strong> for yes, <strong>d</strong> for no.</p>","","","testing","XQXQFTUZ","k","[""morphemeXmorpheme""]","true","","","",""
"1078","k","html-keyboard-response","698","2028000","0.0-24.0-0.40","69aeee44187fdda005ab835b","69d7901e3430d13455efb336","69e642c919360fd6c179753d","<p style=""font-size: 30px"">&emsp;</p><br><p style=""font-size: 60px; font-family: FragmentMono"">SJNXFPGF<p style=""font-size: 15px"">Press <strong>k</strong> for yes, <strong>d</strong> for no.</p>","","","testing","SJNXFPGF","d","[""morcodeXmorcode""]","false","","","",""
"318","k","html-keyboard-response","699","2028319","0.0-24.0-0.41","69aeee44187fdda005ab835b","69d7901e3430d13455efb336","69e642c919360fd6c179753d","<p style=""font-size: 30px"">&emsp;</p><br><p style=""font-size: 60px; font-family: FragmentMono"">FIDMGJXPX<p style=""font-size: 15px"">Press <strong>k</strong> for yes, <strong>d</strong> for no.</p>","","","testing","FIDMGJXPX","k","[""morcodeXmorpheme""]","true","","","",""
"541","k","html-keyboard-response","700","2028861","0.0-24.0-0.42","69aeee44187fdda005ab835b","69d7901e3430d13455efb336","69e642c919360fd6c179753d","<p style=""font-size: 30px"">&emsp;</p><br><p style=""font-size: 60px; font-family: FragmentMono"">CVJTZWQR<p style=""font-size: 15px"">Press <strong>k</strong> for yes, <strong>d</strong> for no.</p>","","","testing","CVJTZWQR","d","[""morcodeXmorcode""]","false","","","",""
"417","d","html-keyboard-response","701","2029279","0.0-24.0-0.43","69aeee44187fdda005ab835b","69d7901e3430d13455efb336","69e642c919360fd6c179753d","<p style=""font-size: 30px"">&emsp;</p><br><p style=""font-size: 60px; font-family: FragmentMono"">ISPWAEXF<p style=""font-size: 15px"">Press <strong>k</strong> for yes, <strong>d</strong> for no.</p>","","","testing","ISPWAEXF","d","[""morcodeXmorcode""]","true","","","",""
"489","k","html-keyboard-response","702","2029769","0.0-24.0-0.44","69aeee44187fdda005ab835b","69d7901e3430d13455efb336","69e642c919360fd6c179753d","<p style=""font-size: 30px"">&emsp;</p><br><p style=""font-size: 60px; font-family: FragmentMono"">HECNWAKUM<p style=""font-size: 15px"">Press <strong>k</strong> for yes, <strong>d</strong> for no.</p>","","","testing","HECNWAKUM","k","[""morcodeXmorpheme""]","true","","","",""
"730","k","html-keyboard-response","703","2030500","0.0-24.0-0.45","69aeee44187fdda005ab835b","69d7901e3430d13455efb336","69e642c919360fd6c179753d","<p style=""font-size: 30px"">&emsp;</p><br><p style=""font-size: 60px; font-family: FragmentMono"">SYJEOJNO<p style=""font-size: 15px"">Press <strong>k</strong> for yes, <strong>d</strong> for no.</p>","","","testing","SYJEOJNO","k","[""morcodeXmorpheme""]","true","","","",""
"1650","k","html-keyboard-response","704","2032150","0.0-24.0-0.46","69aeee44187fdda005ab835b","69d7901e3430d13455efb336","69e642c919360fd6c179753d","<p style=""font-size: 30px"">&emsp;</p><br><p style=""font-size: 60px; font-family: FragmentMono"">QTDVJKL<p style=""font-size: 15px"">Press <strong>k</strong> for yes, <strong>d</strong> for no.</p>","","","testing","QTDVJKL","k","[""morphemeXmorcode""]","true","","","",""
"1399","k","html-keyboard-response","705","2033550","0.0-24.0-0.47","69aeee44187fdda005ab835b","69d7901e3430d13455efb336","69e642c919360fd6c179753d","<p style=""font-size: 30px"">&emsp;</p><br><p style=""font-size: 60px; font-family: FragmentMono"">DWXDTFRZ<p style=""font-size: 15px"">Press <strong>k</strong> for yes, <strong>d</strong> for no.</p>","","","testing","DWXDTFRZ","k","[""morcodeXmorpheme""]","true","","","",""
"727","k","html-keyboard-response","706","2034279","0.0-24.0-0.48","69aeee44187fdda005ab835b","69d7901e3430d13455efb336","69e642c919360fd6c179753d","<p style=""font-size: 30px"">&emsp;</p><br><p style=""font-size: 60px; font-family: FragmentMono"">GEUHQQHS<p style=""font-size: 15px"">Press <strong>k</strong> for yes, <strong>d</strong> for no.</p>","","","testing","GEUHQQHS","k","[""morcodeXmorpheme""]","true","","","",""
"1360","k","html-keyboard-response","707","2035640","0.0-24.0-0.49","69aeee44187fdda005ab835b","69d7901e3430d13455efb336","69e642c919360fd6c179753d","<p style=""font-size: 30px"">&emsp;</p><br><p style=""font-size: 60px; font-family: FragmentMono"">LRYWNYOZ<p style=""font-size: 15px"">Press <strong>k</strong> for yes, <strong>d</strong> for no.</p>","","","testing","LRYWNYOZ","k","[""morphemeXmorcode""]","true","","","",""
"1329","k","html-keyboard-response","708","2036970","0.0-24.0-0.50","69aeee44187fdda005ab835b","69d7901e3430d13455efb336","69e642c919360fd6c179753d","<p style=""font-size: 30px"">&emsp;</p><br><p style=""font-size: 60px; font-family: FragmentMono"">XQXQFJXPX<p style=""font-size: 15px"">Press <strong>k</strong> for yes, <strong>d</strong> for no.</p>","","","testing","XQXQFJXPX","d","[""morphemeXmorpheme""]","false","","","",""
"539","k","html-keyboard-response","709","2037510","0.0-24.0-0.51","69aeee44187fdda005ab835b","69d7901e3430d13455efb336","69e642c919360fd6c179753d","<p style=""font-size: 30px"">&emsp;</p><br><p style=""font-size: 60px; font-family: FragmentMono"">UXJCZOWZ<p style=""font-size: 15px"">Press <strong>k</strong> for yes, <strong>d</strong> for no.</p>","","","testing","UXJCZOWZ","k","[""morphemeXmorcode""]","true","","","",""
"838","k","html-keyboard-response","710","2038349","0.0-24.0-0.52","69aeee44187fdda005ab835b","69d7901e3430d13455efb336","69e642c919360fd6c179753d","<p style=""font-size: 30px"">&emsp;</p><br><p style=""font-size: 60px; font-family: FragmentMono"">XUDJMHDC<p style=""font-size: 15px"">Press <strong>k</strong> for yes, <strong>d</strong> for no.</p>","","","testing","XUDJMHDC","k","[""morphemeXmorcode""]","true","","","",""
"559","d","html-keyboard-response","711","2038909","0.0-24.0-0.53","69aeee44187fdda005ab835b","69d7901e3430d13455efb336","69e642c919360fd6c179753d","<p style=""font-size: 30px"">&emsp;</p><br><p style=""font-size: 60px; font-family: FragmentMono"">FZLFJVRU<p style=""font-size: 15px"">Press <strong>k</strong> for yes, <strong>d</strong> for no.</p>","","","testing","FZLFJVRU","k","[""morphemeXmorcode""]","false","","","",""
"329","k","html-keyboard-response","712","2039239","0.0-24.0-0.54","69aeee44187fdda005ab835b","69d7901e3430d13455efb336","69e642c919360fd6c179753d","<p style=""font-size: 30px"">&emsp;</p><br><p style=""font-size: 60px; font-family: FragmentMono"">VFZKDOJU<p style=""font-size: 15px"">Press <strong>k</strong> for yes, <strong>d</strong> for no.</p>","","","testing","VFZKDOJU","d","[""morcodeXmorcode""]","false","","","",""
"880","k","html-keyboard-response","713","2040119","0.0-24.0-0.55","69aeee44187fdda005ab835b","69d7901e3430d13455efb336","69e642c919360fd6c179753d","<p style=""font-size: 30px"">&emsp;</p><br><p style=""font-size: 60px; font-family: FragmentMono"">CTOIVVMIX<p style=""font-size: 15px"">Press <strong>k</strong> for yes, <strong>d</strong> for no.</p>","","","testing","CTOIVVMIX","k","[""morcodeXmorpheme""]","true","","","",""
"550","k","html-keyboard-response","714","2040670","0.0-24.0-0.56","69aeee44187fdda005ab835b","69d7901e3430d13455efb336","69e642c919360fd6c179753d","<p style=""font-size: 30px"">&emsp;</p><br><p style=""font-size: 60px; font-family: FragmentMono"">QYLKRJMH<p style=""font-size: 15px"">Press <strong>k</strong> for yes, <strong>d</strong> for no.</p>","","","testing","QYLKRJMH","k","[""morcodeXmorpheme""]","true","","","",""
"1007","k","html-keyboard-response","715","2041678","0.0-24.0-0.57","69aeee44187fdda005ab835b","69d7901e3430d13455efb336","69e642c919360fd6c179753d","<p style=""font-size: 30px"">&emsp;</p><br><p style=""font-size: 60px; font-family: FragmentMono"">PKCBHWBCH<p style=""font-size: 15px"">Press <strong>k</strong> for yes, <strong>d</strong> for no.</p>","","","testing","PKCBHWBCH","k","[""morphemeXmorcode""]","true","","","",""
"669","d","html-keyboard-response","716","2042348","0.0-24.0-0.58","69aeee44187fdda005ab835b","69d7901e3430d13455efb336","69e642c919360fd6c179753d","<p style=""font-size: 30px"">&emsp;</p><br><p style=""font-size: 60px; font-family: FragmentMono"">BYCYYIUG<p style=""font-size: 15px"">Press <strong>k</strong> for yes, <strong>d</strong> for no.</p>","","","testing","BYCYYIUG","d","[""morcodeXmorcode""]","true","","","",""
"810","k","html-keyboard-response","717","2043159","0.0-24.0-0.59","69aeee44187fdda005ab835b","69d7901e3430d13455efb336","69e642c919360fd6c179753d","<p style=""font-size: 30px"">&emsp;</p><br><p style=""font-size: 60px; font-family: FragmentMono"">PWAQAECB<p style=""font-size: 15px"">Press <strong>k</strong> for yes, <strong>d</strong> for no.</p>","","","testing","PWAQAECB","d","[""morcodeXmorcode""]","false","","","",""
"762","d","html-keyboard-response","718","2043921","0.0-24.0-0.60","69aeee44187fdda005ab835b","69d7901e3430d13455efb336","69e642c919360fd6c179753d","<p style=""font-size: 30px"">&emsp;</p><br><p style=""font-size: 60px; font-family: FragmentMono"">DBPGFBMN<p style=""font-size: 15px"">Press <strong>k</strong> for yes, <strong>d</strong> for no.</p>","","","testing","DBPGFBMN","d","[""morcodeXmorcode""]","true","","","",""
"1298","d","html-keyboard-response","719","2045220","0.0-24.0-0.61","69aeee44187fdda005ab835b","69d7901e3430d13455efb336","69e642c919360fd6c179753d","<p style=""font-size: 30px"">&emsp;</p><br><p style=""font-size: 60px; font-family: FragmentMono"">BWVFRJMH<p style=""font-size: 15px"">Press <strong>k</strong> for yes, <strong>d</strong> for no.</p>","","","testing","BWVFRJMH","k","[""morphemeXmorpheme""]","false","","","",""
"869","d","html-keyboard-response","720","2046091","0.0-24.0-0.62","69aeee44187fdda005ab835b","69d7901e3430d13455efb336","69e642c919360fd6c179753d","<p style=""font-size: 30px"">&emsp;</p><br><p style=""font-size: 60px; font-family: FragmentMono"">NVLXNXBQD<p style=""font-size: 15px"">Press <strong>k</strong> for yes, <strong>d</strong> for no.</p>","","","testing","NVLXNXBQD","d","[""morcodeXmorcode""]","true","","","",""
"769","k","html-keyboard-response","721","2046861","0.0-24.0-0.63","69aeee44187fdda005ab835b","69d7901e3430d13455efb336","69e642c919360fd6c179753d","<p style=""font-size: 30px"">&emsp;</p><br><p style=""font-size: 60px; font-family: FragmentMono"">QGZSWZHG<p style=""font-size: 15px"">Press <strong>k</strong> for yes, <strong>d</strong> for no.</p>","","","testing","QGZSWZHG","k","[""morphemeXmorpheme""]","true","","","",""
"590","k","html-keyboard-response","722","2047452","0.0-24.0-0.64","69aeee44187fdda005ab835b","69d7901e3430d13455efb336","69e642c919360fd6c179753d","<p style=""font-size: 30px"">&emsp;</p><br><p style=""font-size: 60px; font-family: FragmentMono"">ISLNXNZC<p style=""font-size: 15px"">Press <strong>k</strong> for yes, <strong>d</strong> for no.</p>","","","testing","ISLNXNZC","k","[""morphemeXmorcode""]","true","","","",""
"1189","k","html-keyboard-response","723","2048642","0.0-24.0-0.65","69aeee44187fdda005ab835b","69d7901e3430d13455efb336","69e642c919360fd6c179753d","<p style=""font-size: 30px"">&emsp;</p><br><p style=""font-size: 60px; font-family: FragmentMono"">DHNYIOVF<p style=""font-size: 15px"">Press <strong>k</strong> for yes, <strong>d</strong> for no.</p>","","","testing","DHNYIOVF","d","[""morcodeXmorcode""]","false","","","",""
"600","k","html-keyboard-response","724","2049243","0.0-24.0-0.66","69aeee44187fdda005ab835b","69d7901e3430d13455efb336","69e642c919360fd6c179753d","<p style=""font-size: 30px"">&emsp;</p><br><p style=""font-size: 60px; font-family: FragmentMono"">ILVQOAFQ<p style=""font-size: 15px"">Press <strong>k</strong> for yes, <strong>d</strong> for no.</p>","","","testing","ILVQOAFQ","d","[""morcodeXmorcode""]","false","","","",""
"505","k","html-keyboard-response","725","2049750","0.0-24.0-0.67","69aeee44187fdda005ab835b","69d7901e3430d13455efb336","69e642c919360fd6c179753d","<p style=""font-size: 30px"">&emsp;</p><br><p style=""font-size: 60px; font-family: FragmentMono"">PSZTQPYB<p style=""font-size: 15px"">Press <strong>k</strong> for yes, <strong>d</strong> for no.</p>","","","testing","PSZTQPYB","d","[""morcodeXmorcode""]","false","","","",""
"1190","k","html-keyboard-response","726","2050941","0.0-24.0-0.68","69aeee44187fdda005ab835b","69d7901e3430d13455efb336","69e642c919360fd6c179753d","<p style=""font-size: 30px"">&emsp;</p><br><p style=""font-size: 60px; font-family: FragmentMono"">VEVCHWJNV<p style=""font-size: 15px"">Press <strong>k</strong> for yes, <strong>d</strong> for no.</p>","","","testing","VEVCHWJNV","d","[""morcodeXmorcode""]","false","","","",""
"419","k","html-keyboard-response","727","2051362","0.0-24.0-0.69","69aeee44187fdda005ab835b","69d7901e3430d13455efb336","69e642c919360fd6c179753d","<p style=""font-size: 30px"">&emsp;</p><br><p style=""font-size: 60px; font-family: FragmentMono"">JXTJXTUZ<p style=""font-size: 15px"">Press <strong>k</strong> for yes, <strong>d</strong> for no.</p>","","","testing","JXTJXTUZ","k","[""morphemeXmorpheme""]","true","","","",""
"830","d","html-keyboard-response","728","2052193","0.0-24.0-0.70","69aeee44187fdda005ab835b","69d7901e3430d13455efb336","69e642c919360fd6c179753d","<p style=""font-size: 30px"">&emsp;</p><br><p style=""font-size: 60px; font-family: FragmentMono"">TEKUVMIX<p style=""font-size: 15px"">Press <strong>k</strong> for yes, <strong>d</strong> for no.</p>","","","testing","TEKUVMIX","k","[""morcodeXmorpheme""]","false","","","",""
"1527","d","html-keyboard-response","729","2053721","0.0-24.0-0.71","69aeee44187fdda005ab835b","69d7901e3430d13455efb336","69e642c919360fd6c179753d","<p style=""font-size: 30px"">&emsp;</p><br><p style=""font-size: 60px; font-family: FragmentMono"">FYFITPK<p style=""font-size: 15px"">Press <strong>k</strong> for yes, <strong>d</strong> for no.</p>","","","testing","FYFITPK","d","[""morcodeXmorcode""]","true","","","",""
"728","k","html-keyboard-response","730","2054451","0.0-24.0-0.72","69aeee44187fdda005ab835b","69d7901e3430d13455efb336","69e642c919360fd6c179753d","<p style=""font-size: 30px"">&emsp;</p><br><p style=""font-size: 60px; font-family: FragmentMono"">RTDHLBYM<p style=""font-size: 15px"">Press <strong>k</strong> for yes, <strong>d</strong> for no.</p>","","","testing","RTDHLBYM","k","[""morphemeXmorcode""]","true","","","",""
"738","k","html-keyboard-response","731","2055190","0.0-24.0-0.73","69aeee44187fdda005ab835b","69d7901e3430d13455efb336","69e642c919360fd6c179753d","<p style=""font-size: 30px"">&emsp;</p><br><p style=""font-size: 60px; font-family: FragmentMono"">QFTPWSH<p style=""font-size: 15px"">Press <strong>k</strong> for yes, <strong>d</strong> for no.</p>","","","testing","QFTPWSH","d","[""morcodeXmorcode""]","false","","","",""
"459","d","html-keyboard-response","732","2055650","0.0-24.0-0.74","69aeee44187fdda005ab835b","69d7901e3430d13455efb336","69e642c919360fd6c179753d","<p style=""font-size: 30px"">&emsp;</p><br><p style=""font-size: 60px; font-family: FragmentMono"">BWVFTGZX<p style=""font-size: 15px"">Press <strong>k</strong> for yes, <strong>d</strong> for no.</p>","","","testing","BWVFTGZX","k","[""morphemeXmorcode""]","false","","","",""
"899","d","html-keyboard-response","733","2056550","0.0-24.0-0.75","69aeee44187fdda005ab835b","69d7901e3430d13455efb336","69e642c919360fd6c179753d","<p style=""font-size: 30px"">&emsp;</p><br><p style=""font-size: 60px; font-family: FragmentMono"">ROFWRJMH<p style=""font-size: 15px"">Press <strong>k</strong> for yes, <strong>d</strong> for no.</p>","","","testing","ROFWRJMH","k","[""morcodeXmorpheme""]","false","","","",""
"380","k","html-keyboard-response","734","2056931","0.0-24.0-0.76","69aeee44187fdda005ab835b","69d7901e3430d13455efb336","69e642c919360fd6c179753d","<p style=""font-size: 30px"">&emsp;</p><br><p style=""font-size: 60px; font-family: FragmentMono"">UXJCJXPX<p style=""font-size: 15px"">Press <strong>k</strong> for yes, <strong>d</strong> for no.</p>","","","testing","UXJCJXPX","k","[""morphemeXmorpheme""]","true","","","",""
"848","k","html-keyboard-response","735","2057781","0.0-24.0-0.77","69aeee44187fdda005ab835b","69d7901e3430d13455efb336","69e642c919360fd6c179753d","<p style=""font-size: 30px"">&emsp;</p><br><p style=""font-size: 60px; font-family: FragmentMono"">ESDZQTFRZ<p style=""font-size: 15px"">Press <strong>k</strong> for yes, <strong>d</strong> for no.</p>","","","testing","ESDZQTFRZ","k","[""morcodeXmorpheme""]","true","","","",""
"808","k","html-keyboard-response","736","2058589","0.0-24.0-0.78","69aeee44187fdda005ab835b","69d7901e3430d13455efb336","69e642c919360fd6c179753d","<p style=""font-size: 30px"">&emsp;</p><br><p style=""font-size: 60px; font-family: FragmentMono"">QANKYXFSV<p style=""font-size: 15px"">Press <strong>k</strong> for yes, <strong>d</strong> for no.</p>","","","testing","QANKYXFSV","d","[""morcodeXmorcode""]","false","","","",""
"1461","k","html-keyboard-response","737","2060051","0.0-24.0-0.79","69aeee44187fdda005ab835b","69d7901e3430d13455efb336","69e642c919360fd6c179753d","<p style=""font-size: 30px"">&emsp;</p><br><p style=""font-size: 60px; font-family: FragmentMono"">EVOFTZF<p style=""font-size: 15px"">Press <strong>k</strong> for yes, <strong>d</strong> for no.</p>","","","testing","EVOFTZF","k","[""morphemeXmorcode""]","true","","","",""
"589","k","html-keyboard-response","738","2060641","0.0-24.0-0.80","69aeee44187fdda005ab835b","69d7901e3430d13455efb336","69e642c919360fd6c179753d","<p style=""font-size: 30px"">&emsp;</p><br><p style=""font-size: 60px; font-family: FragmentMono"">BXKJQHS<p style=""font-size: 15px"">Press <strong>k</strong> for yes, <strong>d</strong> for no.</p>","","","testing","BXKJQHS","k","[""morcodeXmorpheme""]","true","","","",""
"679","k","html-keyboard-response","739","2061321","0.0-24.0-0.81","69aeee44187fdda005ab835b","69d7901e3430d13455efb336","69e642c919360fd6c179753d","<p style=""font-size: 30px"">&emsp;</p><br><p style=""font-size: 60px; font-family: FragmentMono"">LRYWRJMH<p style=""font-size: 15px"">Press <strong>k</strong> for yes, <strong>d</strong> for no.</p>","","","testing","LRYWRJMH","d","[""morphemeXmorpheme""]","false","","","",""
"720","k","html-keyboard-response","740","2062042","0.0-24.0-0.82","69aeee44187fdda005ab835b","69d7901e3430d13455efb336","69e642c919360fd6c179753d","<p style=""font-size: 30px"">&emsp;</p><br><p style=""font-size: 60px; font-family: FragmentMono"">DJZJWZHG<p style=""font-size: 15px"">Press <strong>k</strong> for yes, <strong>d</strong> for no.</p>","","","testing","DJZJWZHG","k","[""morcodeXmorpheme""]","true","","","",""
"439","k","html-keyboard-response","741","2062482","0.0-24.0-0.83","69aeee44187fdda005ab835b","69d7901e3430d13455efb336","69e642c919360fd6c179753d","<p style=""font-size: 30px"">&emsp;</p><br><p style=""font-size: 60px; font-family: FragmentMono"">KZUONRPO<p style=""font-size: 15px"">Press <strong>k</strong> for yes, <strong>d</strong> for no.</p>","","","testing","KZUONRPO","k","[""morphemeXmorcode""]","true","","","",""
"687","k","html-keyboard-response","742","2063170","0.0-24.0-0.84","69aeee44187fdda005ab835b","69d7901e3430d13455efb336","69e642c919360fd6c179753d","<p style=""font-size: 30px"">&emsp;</p><br><p style=""font-size: 60px; font-family: FragmentMono"">RTDHLQHS<p style=""font-size: 15px"">Press <strong>k</strong> for yes, <strong>d</strong> for no.</p>","","","testing","RTDHLQHS","d","[""morphemeXmorpheme""]","false","","","",""
"641","k","html-keyboard-response","743","2063812","0.0-24.0-0.85","69aeee44187fdda005ab835b","69d7901e3430d13455efb336","69e642c919360fd6c179753d","<p style=""font-size: 30px"">&emsp;</p><br><p style=""font-size: 60px; font-family: FragmentMono"">SQBUAKUM<p style=""font-size: 15px"">Press <strong>k</strong> for yes, <strong>d</strong> for no.</p>","","","testing","SQBUAKUM","k","[""morcodeXmorpheme""]","true","","","",""
"748","k","html-keyboard-response","744","2064561","0.0-24.0-0.86","69aeee44187fdda005ab835b","69d7901e3430d13455efb336","69e642c919360fd6c179753d","<p style=""font-size: 30px"">&emsp;</p><br><p style=""font-size: 60px; font-family: FragmentMono"">ZIKMOWKT<p style=""font-size: 15px"">Press <strong>k</strong> for yes, <strong>d</strong> for no.</p>","","","testing","ZIKMOWKT","d","[""morcodeXmorcode""]","false","","","",""
"1330","k","html-keyboard-response","745","2065892","0.0-24.0-0.87","69aeee44187fdda005ab835b","69d7901e3430d13455efb336","69e642c919360fd6c179753d","<p style=""font-size: 30px"">&emsp;</p><br><p style=""font-size: 60px; font-family: FragmentMono"">MXCUIINMO<p style=""font-size: 15px"">Press <strong>k</strong> for yes, <strong>d</strong> for no.</p>","","","testing","MXCUIINMO","k","[""morphemeXmorcode""]","true","","","",""
"1030","k","html-keyboard-response","746","2066923","0.0-24.0-0.88","69aeee44187fdda005ab835b","69d7901e3430d13455efb336","69e642c919360fd6c179753d","<p style=""font-size: 30px"">&emsp;</p><br><p style=""font-size: 60px; font-family: FragmentMono"">FZLFTFRZ<p style=""font-size: 15px"">Press <strong>k</strong> for yes, <strong>d</strong> for no.</p>","","","testing","FZLFTFRZ","k","[""morphemeXmorpheme""]","true","","","",""
"767","k","html-keyboard-response","747","2067691","0.0-24.0-0.89","69aeee44187fdda005ab835b","69d7901e3430d13455efb336","69e642c919360fd6c179753d","<p style=""font-size: 30px"">&emsp;</p><br><p style=""font-size: 60px; font-family: FragmentMono"">EVOFQHS<p style=""font-size: 15px"">Press <strong>k</strong> for yes, <strong>d</strong> for no.</p>","","","testing","EVOFQHS","d","[""morphemeXmorpheme""]","false","","","",""
"687","k","html-keyboard-response","748","2068380","0.0-24.0-0.90","69aeee44187fdda005ab835b","69d7901e3430d13455efb336","69e642c919360fd6c179753d","<p style=""font-size: 30px"">&emsp;</p><br><p style=""font-size: 60px; font-family: FragmentMono"">JIGUJNO<p style=""font-size: 15px"">Press <strong>k</strong> for yes, <strong>d</strong> for no.</p>","","","testing","JIGUJNO","k","[""morcodeXmorpheme""]","true","","","",""
"691","k","html-keyboard-response","749","2069072","0.0-24.0-0.91","69aeee44187fdda005ab835b","69d7901e3430d13455efb336","69e642c919360fd6c179753d","<p style=""font-size: 30px"">&emsp;</p><br><p style=""font-size: 60px; font-family: FragmentMono"">PQYCZLXG<p style=""font-size: 15px"">Press <strong>k</strong> for yes, <strong>d</strong> for no.</p>","","","testing","PQYCZLXG","d","[""morcodeXmorcode""]","false","","","",""
"288","d","html-keyboard-response","750","2069362","0.0-24.0-0.92","69aeee44187fdda005ab835b","69d7901e3430d13455efb336","69e642c919360fd6c179753d","<p style=""font-size: 30px"">&emsp;</p><br><p style=""font-size: 60px; font-family: FragmentMono"">FHICDBHPZ<p style=""font-size: 15px"">Press <strong>k</strong> for yes, <strong>d</strong> for no.</p>","","","testing","FHICDBHPZ","d","[""morcodeXmorcode""]","true","","","",""
"1240","d","html-keyboard-response","751","2070603","0.0-24.0-0.93","69aeee44187fdda005ab835b","69d7901e3430d13455efb336","69e642c919360fd6c179753d","<p style=""font-size: 30px"">&emsp;</p><br><p style=""font-size: 60px; font-family: FragmentMono"">KZUOVMIX<p style=""font-size: 15px"">Press <strong>k</strong> for yes, <strong>d</strong> for no.</p>","","","testing","KZUOVMIX","k","[""morphemeXmorpheme""]","false","","","",""
"888","d","html-keyboard-response","752","2071493","0.0-24.0-0.94","69aeee44187fdda005ab835b","69d7901e3430d13455efb336","69e642c919360fd6c179753d","<p style=""font-size: 30px"">&emsp;</p><br><p style=""font-size: 60px; font-family: FragmentMono"">XQXQFKSL<p style=""font-size: 15px"">Press <strong>k</strong> for yes, <strong>d</strong> for no.</p>","","","testing","XQXQFKSL","k","[""morphemeXmorcode""]","false","","","",""
"738","d","html-keyboard-response","753","2072232","0.0-24.0-0.95","69aeee44187fdda005ab835b","69d7901e3430d13455efb336","69e642c919360fd6c179753d","<p style=""font-size: 30px"">&emsp;</p><br><p style=""font-size: 60px; font-family: FragmentMono"">HPWYVAIC<p style=""font-size: 15px"">Press <strong>k</strong> for yes, <strong>d</strong> for no.</p>","","","testing","HPWYVAIC","d","[""morcodeXmorcode""]","true","","","",""
"798","k","html-keyboard-response","754","2073031","0.0-24.0-0.96","69aeee44187fdda005ab835b","69d7901e3430d13455efb336","69e642c919360fd6c179753d","<p style=""font-size: 30px"">&emsp;</p><br><p style=""font-size: 60px; font-family: FragmentMono"">XUDJMJNO<p style=""font-size: 15px"">Press <strong>k</strong> for yes, <strong>d</strong> for no.</p>","","","testing","XUDJMJNO","d","[""morphemeXmorpheme""]","false","","","",""
"917","d","html-keyboard-response","755","2073950","0.0-24.0-0.97","69aeee44187fdda005ab835b","69d7901e3430d13455efb336","69e642c919360fd6c179753d","<p style=""font-size: 30px"">&emsp;</p><br><p style=""font-size: 60px; font-family: FragmentMono"">AOGKOIWO<p style=""font-size: 15px"">Press <strong>k</strong> for yes, <strong>d</strong> for no.</p>","","","testing","AOGKOIWO","d","[""morcodeXmorcode""]","true","","","",""
"610","k","html-keyboard-response","756","2074560","0.0-24.0-0.98","69aeee44187fdda005ab835b","69d7901e3430d13455efb336","69e642c919360fd6c179753d","<p style=""font-size: 30px"">&emsp;</p><br><p style=""font-size: 60px; font-family: FragmentMono"">PWEXEJXPX<p style=""font-size: 15px"">Press <strong>k</strong> for yes, <strong>d</strong> for no.</p>","","","testing","PWEXEJXPX","k","[""morcodeXmorpheme""]","true","","","",""
"599","k","html-keyboard-response","757","2075160","0.0-24.0-0.99","69aeee44187fdda005ab835b","69d7901e3430d13455efb336","69e642c919360fd6c179753d","<p style=""font-size: 30px"">&emsp;</p><br><p style=""font-size: 60px; font-family: FragmentMono"">MVIVICAMU<p style=""font-size: 15px"">Press <strong>k</strong> for yes, <strong>d</strong> for no.</p>","","","testing","MVIVICAMU","d","[""morcodeXmorcode""]","false","","","",""
"710","k","html-keyboard-response","758","2075870","0.0-24.0-0.100","69aeee44187fdda005ab835b","69d7901e3430d13455efb336","69e642c919360fd6c179753d","<p style=""font-size: 30px"">&emsp;</p><br><p style=""font-size: 60px; font-family: FragmentMono"">QGZSQDZ<p style=""font-size: 15px"">Press <strong>k</strong> for yes, <strong>d</strong> for no.</p>","","","testing","QGZSQDZ","d","[""morphemeXmorpheme""]","false","","","",""
"501","k","html-keyboard-response","759","2076372","0.0-24.0-0.101","69aeee44187fdda005ab835b","69d7901e3430d13455efb336","69e642c919360fd6c179753d","<p style=""font-size: 30px"">&emsp;</p><br><p style=""font-size: 60px; font-family: FragmentMono"">QTDVQHS<p style=""font-size: 15px"">Press <strong>k</strong> for yes, <strong>d</strong> for no.</p>","","","testing","QTDVQHS","k","[""morphemeXmorpheme""]","true","","","",""
"648","k","html-keyboard-response","760","2077021","0.0-24.0-0.102","69aeee44187fdda005ab835b","69d7901e3430d13455efb336","69e642c919360fd6c179753d","<p style=""font-size: 30px"">&emsp;</p><br><p style=""font-size: 60px; font-family: FragmentMono"">RWEQMNLP<p style=""font-size: 15px"">Press <strong>k</strong> for yes, <strong>d</strong> for no.</p>","","","testing","RWEQMNLP","d","[""morcodeXmorcode""]","false","","","",""
"439","d","html-keyboard-response","761","2077461","0.0-24.0-0.103","69aeee44187fdda005ab835b","69d7901e3430d13455efb336","69e642c919360fd6c179753d","<p style=""font-size: 30px"">&emsp;</p><br><p style=""font-size: 60px; font-family: FragmentMono"">SCEIPYB<p style=""font-size: 15px"">Press <strong>k</strong> for yes, <strong>d</strong> for no.</p>","","","testing","SCEIPYB","d","[""morcodeXmorcode""]","true","","","",""
"429","k","html-keyboard-response","762","2077891","0.0-24.0-0.104","69aeee44187fdda005ab835b","69d7901e3430d13455efb336","69e642c919360fd6c179753d","<p style=""font-size: 30px"">&emsp;</p><br><p style=""font-size: 60px; font-family: FragmentMono"">WDZBSTFRZ<p style=""font-size: 15px"">Press <strong>k</strong> for yes, <strong>d</strong> for no.</p>","","","testing","WDZBSTFRZ","d","[""morphemeXmorpheme""]","false","","","",""
"549","k","html-keyboard-response","763","2078441","0.0-24.0-0.105","69aeee44187fdda005ab835b","69d7901e3430d13455efb336","69e642c919360fd6c179753d","<p style=""font-size: 30px"">&emsp;</p><br><p style=""font-size: 60px; font-family: FragmentMono"">CEKGWZHG<p style=""font-size: 15px"">Press <strong>k</strong> for yes, <strong>d</strong> for no.</p>","","","testing","CEKGWZHG","d","[""morphemeXmorpheme""]","false","","","",""
"599","k","html-keyboard-response","764","2079041","0.0-24.0-0.106","69aeee44187fdda005ab835b","69d7901e3430d13455efb336","69e642c919360fd6c179753d","<p style=""font-size: 30px"">&emsp;</p><br><p style=""font-size: 60px; font-family: FragmentMono"">KZUOAKUM<p style=""font-size: 15px"">Press <strong>k</strong> for yes, <strong>d</strong> for no.</p>","","","testing","KZUOAKUM","d","[""morphemeXmorpheme""]","false","","","",""
"739","k","html-keyboard-response","765","2079782","0.0-24.0-0.107","69aeee44187fdda005ab835b","69d7901e3430d13455efb336","69e642c919360fd6c179753d","<p style=""font-size: 30px"">&emsp;</p><br><p style=""font-size: 60px; font-family: FragmentMono"">WPBQQDZ<p style=""font-size: 15px"">Press <strong>k</strong> for yes, <strong>d</strong> for no.</p>","","","testing","WPBQQDZ","k","[""morcodeXmorpheme""]","true","","","",""
"840","k","html-keyboard-response","766","2080623","0.0-24.0-0.108","69aeee44187fdda005ab835b","69d7901e3430d13455efb336","69e642c919360fd6c179753d","<p style=""font-size: 30px"">&emsp;</p><br><p style=""font-size: 60px; font-family: FragmentMono"">CPLQFCJS<p style=""font-size: 15px"">Press <strong>k</strong> for yes, <strong>d</strong> for no.</p>","","","testing","CPLQFCJS","d","[""morcodeXmorcode""]","false","","","",""
"878","k","html-keyboard-response","767","2081502","0.0-24.0-0.109","69aeee44187fdda005ab835b","69d7901e3430d13455efb336","69e642c919360fd6c179753d","<p style=""font-size: 30px"">&emsp;</p><br><p style=""font-size: 60px; font-family: FragmentMono"">HETVKQRK<p style=""font-size: 15px"">Press <strong>k</strong> for yes, <strong>d</strong> for no.</p>","","","testing","HETVKQRK","d","[""morcodeXmorcode""]","false","","","",""
"857","k","html-keyboard-response","768","2082360","0.0-24.0-0.110","69aeee44187fdda005ab835b","69d7901e3430d13455efb336","69e642c919360fd6c179753d","<p style=""font-size: 30px"">&emsp;</p><br><p style=""font-size: 60px; font-family: FragmentMono"">PVNDEAWSU<p style=""font-size: 15px"">Press <strong>k</strong> for yes, <strong>d</strong> for no.</p>","","","testing","PVNDEAWSU","d","[""morcodeXmorcode""]","false","","","",""
"549","d","html-keyboard-response","769","2082910","0.0-24.0-0.111","69aeee44187fdda005ab835b","69d7901e3430d13455efb336","69e642c919360fd6c179753d","<p style=""font-size: 30px"">&emsp;</p><br><p style=""font-size: 60px; font-family: FragmentMono"">ANSLBABT<p style=""font-size: 15px"">Press <strong>k</strong> for yes, <strong>d</strong> for no.</p>","","","testing","ANSLBABT","d","[""morcodeXmorcode""]","true","","","",""
"1433","d","html-keyboard-response","770","2084343","0.0-24.0-0.112","69aeee44187fdda005ab835b","69d7901e3430d13455efb336","69e642c919360fd6c179753d","<p style=""font-size: 30px"">&emsp;</p><br><p style=""font-size: 60px; font-family: FragmentMono"">XUDJMQHS<p style=""font-size: 15px"">Press <strong>k</strong> for yes, <strong>d</strong> for no.</p>","","","testing","XUDJMQHS","k","[""morphemeXmorpheme""]","false","","","",""
"608","d","html-keyboard-response","771","2084952","0.0-24.0-0.113","69aeee44187fdda005ab835b","69d7901e3430d13455efb336","69e642c919360fd6c179753d","<p style=""font-size: 30px"">&emsp;</p><br><p style=""font-size: 60px; font-family: FragmentMono"">CEKGQDZ<p style=""font-size: 15px"">Press <strong>k</strong> for yes, <strong>d</strong> for no.</p>","","","testing","CEKGQDZ","k","[""morphemeXmorpheme""]","false","","","",""
"379","d","html-keyboard-response","772","2085332","0.0-24.0-0.114","69aeee44187fdda005ab835b","69d7901e3430d13455efb336","69e642c919360fd6c179753d","<p style=""font-size: 30px"">&emsp;</p><br><p style=""font-size: 60px; font-family: FragmentMono"">QTDVJNO<p style=""font-size: 15px"">Press <strong>k</strong> for yes, <strong>d</strong> for no.</p>","","","testing","QTDVJNO","d","[""morphemeXmorpheme""]","true","","","",""
"268","k","html-keyboard-response","773","2085603","0.0-24.0-0.115","69aeee44187fdda005ab835b","69d7901e3430d13455efb336","69e642c919360fd6c179753d","<p style=""font-size: 30px"">&emsp;</p><br><p style=""font-size: 60px; font-family: FragmentMono"">GHRJQTUZ<p style=""font-size: 15px"">Press <strong>k</strong> for yes, <strong>d</strong> for no.</p>","","","testing","GHRJQTUZ","k","[""morcodeXmorpheme""]","true","","","",""
"587","k","html-keyboard-response","774","2086191","0.0-24.0-0.116","69aeee44187fdda005ab835b","69d7901e3430d13455efb336","69e642c919360fd6c179753d","<p style=""font-size: 30px"">&emsp;</p><br><p style=""font-size: 60px; font-family: FragmentMono"">CHTLQMYFT<p style=""font-size: 15px"">Press <strong>k</strong> for yes, <strong>d</strong> for no.</p>","","","testing","CHTLQMYFT","d","[""morcodeXmorcode""]","false","","","",""
"450","k","html-keyboard-response","775","2086642","0.0-24.0-0.117","69aeee44187fdda005ab835b","69d7901e3430d13455efb336","69e642c919360fd6c179753d","<p style=""font-size: 30px"">&emsp;</p><br><p style=""font-size: 60px; font-family: FragmentMono"">PKCBHQDZ<p style=""font-size: 15px"">Press <strong>k</strong> for yes, <strong>d</strong> for no.</p>","","","testing","PKCBHQDZ","d","[""morphemeXmorpheme""]","false","","","",""
"852","k","html-keyboard-response","776","2087495","0.0-24.0-0.118","69aeee44187fdda005ab835b","69d7901e3430d13455efb336","69e642c919360fd6c179753d","<p style=""font-size: 30px"">&emsp;</p><br><p style=""font-size: 60px; font-family: FragmentMono"">ISLNAKUM<p style=""font-size: 15px"">Press <strong>k</strong> for yes, <strong>d</strong> for no.</p>","","","testing","ISLNAKUM","k","[""morphemeXmorpheme""]","true","","","",""
"596","k","html-keyboard-response","777","2088093","0.0-24.0-0.119","69aeee44187fdda005ab835b","69d7901e3430d13455efb336","69e642c919360fd6c179753d","<p style=""font-size: 30px"">&emsp;</p><br><p style=""font-size: 60px; font-family: FragmentMono"">EZSJIVRVJ<p style=""font-size: 15px"">Press <strong>k</strong> for yes, <strong>d</strong> for no.</p>","","","testing","EZSJIVRVJ","k","[""morphemeXmorcode""]","true","","","",""
"41511","{""testing_strategy"":""I relied on my intuition and tried to identify patterns or letter combinations that felt familiar from the first part of the experiment. I also focused on responding as quickly as possible as instructed.""}","survey-html-form","778","2129610","0.0-25.0","69aeee44187fdda005ab835b","69d7901e3430d13455efb336","69e642c919360fd6c179753d","","","","","","","","","","","",""
"59627"," ","html-keyboard-response","779","2189238","0.0-26.0","69aeee44187fdda005ab835b","69d7901e3430d13455efb336","69e642c919360fd6c179753d","<p style=""font-size: 30px"">You've made it to the meeting on time, fantastic! The world leaders want to write a message back to the aliens, and need you to help them recognise which letter combinations you saw in their language. You'll have the choice between 2 letter combinations: one which was in the communication you saw, and one that wasn't. It's important to be friendly with these aliens, so it's important that you make the right choice!</p>
      <p style=""font-size: 30px"">Press <strong>d</strong> if you think that the letter combination on the <strong>left</strong> is the one you saw, or <strong>k</strong> if you think that it's the one on the <strong>right</strong>.</p>
      <p style=""font-size: 30px"">Press the spacebar when you're ready to begin.</p>","","","","","","","","","","",""
"1271","k","html-keyboard-response","780","2190511","0.0-27.0-0.0","69aeee44187fdda005ab835b","69d7901e3430d13455efb336","69e642c919360fd6c179753d","<p style=""font-size: 30px;"">Which letter combination have you already seen?</p><br><p style=""font-size: 60px; font-family: FragmentMono"">FZLF&emsp;&emsp;&emsp;&emsp;HNIS<p style=""font-size: 15px"">Press <strong>d</strong> for this letter combination&emsp;&emsp;&emsp;&emsp;&emsp;&emsp;&emsp;&emsp;&emsp;&emsp;&emsp;Press <strong>k</strong> for this letter combination</p>","","","familiarity","","d","","false","FZLF","HNIS","",""
"780","k","html-keyboard-response","781","2191293","0.0-27.0-0.1","69aeee44187fdda005ab835b","69d7901e3430d13455efb336","69e642c919360fd6c179753d","<p style=""font-size: 30px;"">Which letter combination have you already seen?</p><br><p style=""font-size: 60px; font-family: FragmentMono"">TUZ&emsp;&emsp;&emsp;&emsp;QVZ<p style=""font-size: 15px"">Press <strong>d</strong> for this letter combination&emsp;&emsp;&emsp;&emsp;&emsp;&emsp;&emsp;&emsp;&emsp;&emsp;&emsp;Press <strong>k</strong> for this letter combination</p>","","","familiarity","","d","","false","TUZ","QVZ","",""
"750","k","html-keyboard-response","782","2192044","0.0-27.0-0.2","69aeee44187fdda005ab835b","69d7901e3430d13455efb336","69e642c919360fd6c179753d","<p style=""font-size: 30px;"">Which letter combination have you already seen?</p><br><p style=""font-size: 60px; font-family: FragmentMono"">CEKG&emsp;&emsp;&emsp;&emsp;XIXR<p style=""font-size: 15px"">Press <strong>d</strong> for this letter combination&emsp;&emsp;&emsp;&emsp;&emsp;&emsp;&emsp;&emsp;&emsp;&emsp;&emsp;Press <strong>k</strong> for this letter combination</p>","","","familiarity","","d","","false","CEKG","XIXR","",""
"1539","k","html-keyboard-response","783","2193584","0.0-27.0-0.3","69aeee44187fdda005ab835b","69d7901e3430d13455efb336","69e642c919360fd6c179753d","<p style=""font-size: 30px"">&emsp;</p><br><p style=""font-size: 60px; font-family: FragmentMono"">LRYW&emsp;&emsp;&emsp;&emsp;TQZU<p style=""font-size: 15px"">Press <strong>d</strong> for this letter combination&emsp;&emsp;&emsp;&emsp;&emsp;&emsp;&emsp;&emsp;&emsp;&emsp;Press <strong>k</strong> for this letter combination</p>","","","familiarity","","d","","false","LRYW","TQZU","",""
"1388","k","html-keyboard-response","784","2194973","0.0-27.0-0.4","69aeee44187fdda005ab835b","69d7901e3430d13455efb336","69e642c919360fd6c179753d","<p style=""font-size: 30px"">&emsp;</p><br><p style=""font-size: 60px; font-family: FragmentMono"">WZHG&emsp;&emsp;&emsp;&emsp;VBQJ<p style=""font-size: 15px"">Press <strong>d</strong> for this letter combination&emsp;&emsp;&emsp;&emsp;&emsp;&emsp;&emsp;&emsp;&emsp;&emsp;Press <strong>k</strong> for this letter combination</p>","","","familiarity","","d","","false","WZHG","VBQJ","",""
"870","k","html-keyboard-response","785","2195844","0.0-27.0-0.5","69aeee44187fdda005ab835b","69d7901e3430d13455efb336","69e642c919360fd6c179753d","<p style=""font-size: 30px"">&emsp;</p><br><p style=""font-size: 60px; font-family: FragmentMono"">BWVF&emsp;&emsp;&emsp;&emsp;QZBP<p style=""font-size: 15px"">Press <strong>d</strong> for this letter combination&emsp;&emsp;&emsp;&emsp;&emsp;&emsp;&emsp;&emsp;&emsp;&emsp;Press <strong>k</strong> for this letter combination</p>","","","familiarity","","d","","false","BWVF","QZBP","",""
"980","k","html-keyboard-response","786","2196825","0.0-27.0-0.6","69aeee44187fdda005ab835b","69d7901e3430d13455efb336","69e642c919360fd6c179753d","<p style=""font-size: 30px"">&emsp;</p><br><p style=""font-size: 60px; font-family: FragmentMono"">OQW&emsp;&emsp;&emsp;&emsp;QHS<p style=""font-size: 15px"">Press <strong>d</strong> for this letter combination&emsp;&emsp;&emsp;&emsp;&emsp;&emsp;&emsp;&emsp;&emsp;&emsp;Press <strong>k</strong> for this letter combination</p>","","","familiarity","","k","","true","QHS","OQW","",""
"655","d","html-keyboard-response","787","2197481","0.0-27.0-0.7","69aeee44187fdda005ab835b","69d7901e3430d13455efb336","69e642c919360fd6c179753d","<p style=""font-size: 30px"">&emsp;</p><br><p style=""font-size: 60px; font-family: FragmentMono"">ZSPY&emsp;&emsp;&emsp;&emsp;JXPX<p style=""font-size: 15px"">Press <strong>d</strong> for this letter combination&emsp;&emsp;&emsp;&emsp;&emsp;&emsp;&emsp;&emsp;&emsp;&emsp;Press <strong>k</strong> for this letter combination</p>","","","familiarity","","k","","false","JXPX","ZSPY","",""
"801","k","html-keyboard-response","788","2198283","0.0-27.0-0.8","69aeee44187fdda005ab835b","69d7901e3430d13455efb336","69e642c919360fd6c179753d","<p style=""font-size: 30px"">&emsp;</p><br><p style=""font-size: 60px; font-family: FragmentMono"">AKUM&emsp;&emsp;&emsp;&emsp;UPMC<p style=""font-size: 15px"">Press <strong>d</strong> for this letter combination&emsp;&emsp;&emsp;&emsp;&emsp;&emsp;&emsp;&emsp;&emsp;&emsp;Press <strong>k</strong> for this letter combination</p>","","","familiarity","","d","","false","AKUM","UPMC","",""
"748","d","html-keyboard-response","789","2199032","0.0-27.0-0.9","69aeee44187fdda005ab835b","69d7901e3430d13455efb336","69e642c919360fd6c179753d","<p style=""font-size: 30px"">&emsp;</p><br><p style=""font-size: 60px; font-family: FragmentMono"">XQXQF&emsp;&emsp;&emsp;&emsp;DTFBK<p style=""font-size: 15px"">Press <strong>d</strong> for this letter combination&emsp;&emsp;&emsp;&emsp;&emsp;&emsp;&emsp;&emsp;&emsp;&emsp;Press <strong>k</strong> for this letter combination</p>","","","familiarity","","d","","true","XQXQF","DTFBK","",""
"1131","d","html-keyboard-response","790","2200164","0.0-27.0-0.10","69aeee44187fdda005ab835b","69d7901e3430d13455efb336","69e642c919360fd6c179753d","<p style=""font-size: 30px"">&emsp;</p><br><p style=""font-size: 60px; font-family: FragmentMono"">JNO&emsp;&emsp;&emsp;&emsp;JQV<p style=""font-size: 15px"">Press <strong>d</strong> for this letter combination&emsp;&emsp;&emsp;&emsp;&emsp;&emsp;&emsp;&emsp;&emsp;&emsp;Press <strong>k</strong> for this letter combination</p>","","","familiarity","","d","","true","JNO","JQV","",""
"608","d","html-keyboard-response","791","2200774","0.0-27.0-0.11","69aeee44187fdda005ab835b","69d7901e3430d13455efb336","69e642c919360fd6c179753d","<p style=""font-size: 30px"">&emsp;</p><br><p style=""font-size: 60px; font-family: FragmentMono"">XQTKW&emsp;&emsp;&emsp;&emsp;JXTJX<p style=""font-size: 15px"">Press <strong>d</strong> for this letter combination&emsp;&emsp;&emsp;&emsp;&emsp;&emsp;&emsp;&emsp;&emsp;&emsp;Press <strong>k</strong> for this letter combination</p>","","","familiarity","","k","","false","JXTJX","XQTKW","",""
"920","d","html-keyboard-response","792","2201695","0.0-27.0-0.12","69aeee44187fdda005ab835b","69d7901e3430d13455efb336","69e642c919360fd6c179753d","<p style=""font-size: 30px"">&emsp;</p><br><p style=""font-size: 60px; font-family: FragmentMono"">QWSN&emsp;&emsp;&emsp;&emsp;QGZS<p style=""font-size: 15px"">Press <strong>d</strong> for this letter combination&emsp;&emsp;&emsp;&emsp;&emsp;&emsp;&emsp;&emsp;&emsp;&emsp;Press <strong>k</strong> for this letter combination</p>","","","familiarity","","k","","false","QGZS","QWSN","",""
"838","k","html-keyboard-response","793","2202534","0.0-27.0-0.13","69aeee44187fdda005ab835b","69d7901e3430d13455efb336","69e642c919360fd6c179753d","<p style=""font-size: 30px"">&emsp;</p><br><p style=""font-size: 60px; font-family: FragmentMono"">RJMH&emsp;&emsp;&emsp;&emsp;YWGO<p style=""font-size: 15px"">Press <strong>d</strong> for this letter combination&emsp;&emsp;&emsp;&emsp;&emsp;&emsp;&emsp;&emsp;&emsp;&emsp;Press <strong>k</strong> for this letter combination</p>","","","familiarity","","d","","false","RJMH","YWGO","",""
"989","d","html-keyboard-response","794","2203524","0.0-27.0-0.14","69aeee44187fdda005ab835b","69d7901e3430d13455efb336","69e642c919360fd6c179753d","<p style=""font-size: 30px"">&emsp;</p><br><p style=""font-size: 60px; font-family: FragmentMono"">ISLN&emsp;&emsp;&emsp;&emsp;PTPZ<p style=""font-size: 15px"">Press <strong>d</strong> for this letter combination&emsp;&emsp;&emsp;&emsp;&emsp;&emsp;&emsp;&emsp;&emsp;&emsp;Press <strong>k</strong> for this letter combination</p>","","","familiarity","","d","","true","ISLN","PTPZ","",""
"928","k","html-keyboard-response","795","2204454","0.0-27.0-0.15","69aeee44187fdda005ab835b","69d7901e3430d13455efb336","69e642c919360fd6c179753d","<p style=""font-size: 30px"">&emsp;</p><br><p style=""font-size: 60px; font-family: FragmentMono"">QCYKQ&emsp;&emsp;&emsp;&emsp;WDZBS<p style=""font-size: 15px"">Press <strong>d</strong> for this letter combination&emsp;&emsp;&emsp;&emsp;&emsp;&emsp;&emsp;&emsp;&emsp;&emsp;Press <strong>k</strong> for this letter combination</p>","","","familiarity","","k","","true","WDZBS","QCYKQ","",""
"1449","d","html-keyboard-response","796","2205904","0.0-27.0-0.16","69aeee44187fdda005ab835b","69d7901e3430d13455efb336","69e642c919360fd6c179753d","<p style=""font-size: 30px"">&emsp;</p><br><p style=""font-size: 60px; font-family: FragmentMono"">SHXVK&emsp;&emsp;&emsp;&emsp;YWQLA<p style=""font-size: 15px"">Press <strong>d</strong> for this letter combination&emsp;&emsp;&emsp;&emsp;&emsp;&emsp;&emsp;&emsp;&emsp;&emsp;Press <strong>k</strong> for this letter combination</p>","","","familiarity","","d","","true","SHXVK","YWQLA","",""
"788","d","html-keyboard-response","797","2206693","0.0-27.0-0.17","69aeee44187fdda005ab835b","69d7901e3430d13455efb336","69e642c919360fd6c179753d","<p style=""font-size: 30px"">&emsp;</p><br><p style=""font-size: 60px; font-family: FragmentMono"">JZQMJ&emsp;&emsp;&emsp;&emsp;XUDJM<p style=""font-size: 15px"">Press <strong>d</strong> for this letter combination&emsp;&emsp;&emsp;&emsp;&emsp;&emsp;&emsp;&emsp;&emsp;&emsp;Press <strong>k</strong> for this letter combination</p>","","","familiarity","","k","","false","XUDJM","JZQMJ","",""
"1040","d","html-keyboard-response","798","2207734","0.0-27.0-0.18","69aeee44187fdda005ab835b","69d7901e3430d13455efb336","69e642c919360fd6c179753d","<p style=""font-size: 30px"">&emsp;</p><br><p style=""font-size: 60px; font-family: FragmentMono"">EZSJI&emsp;&emsp;&emsp;&emsp;HRISU<p style=""font-size: 15px"">Press <strong>d</strong> for this letter combination&emsp;&emsp;&emsp;&emsp;&emsp;&emsp;&emsp;&emsp;&emsp;&emsp;Press <strong>k</strong> for this letter combination</p>","","","familiarity","","d","","true","EZSJI","HRISU","",""
"719","d","html-keyboard-response","799","2208454","0.0-27.0-0.19","69aeee44187fdda005ab835b","69d7901e3430d13455efb336","69e642c919360fd6c179753d","<p style=""font-size: 30px"">&emsp;</p><br><p style=""font-size: 60px; font-family: FragmentMono"">QTDV&emsp;&emsp;&emsp;&emsp;OBJA<p style=""font-size: 15px"">Press <strong>d</strong> for this letter combination&emsp;&emsp;&emsp;&emsp;&emsp;&emsp;&emsp;&emsp;&emsp;&emsp;Press <strong>k</strong> for this letter combination</p>","","","familiarity","","d","","true","QTDV","OBJA","",""
"920","d","html-keyboard-response","800","2209375","0.0-27.0-0.20","69aeee44187fdda005ab835b","69d7901e3430d13455efb336","69e642c919360fd6c179753d","<p style=""font-size: 30px"">&emsp;</p><br><p style=""font-size: 60px; font-family: FragmentMono"">KZUO&emsp;&emsp;&emsp;&emsp;VRZA<p style=""font-size: 15px"">Press <strong>d</strong> for this letter combination&emsp;&emsp;&emsp;&emsp;&emsp;&emsp;&emsp;&emsp;&emsp;&emsp;Press <strong>k</strong> for this letter combination</p>","","","familiarity","","d","","true","KZUO","VRZA","",""
"727","d","html-keyboard-response","801","2210103","0.0-27.0-0.21","69aeee44187fdda005ab835b","69d7901e3430d13455efb336","69e642c919360fd6c179753d","<p style=""font-size: 30px"">&emsp;</p><br><p style=""font-size: 60px; font-family: FragmentMono"">ERBYX&emsp;&emsp;&emsp;&emsp;MXCUI<p style=""font-size: 15px"">Press <strong>d</strong> for this letter combination&emsp;&emsp;&emsp;&emsp;&emsp;&emsp;&emsp;&emsp;&emsp;&emsp;Press <strong>k</strong> for this letter combination</p>","","","familiarity","","k","","false","MXCUI","ERBYX","",""
"720","d","html-keyboard-response","802","2210824","0.0-27.0-0.22","69aeee44187fdda005ab835b","69d7901e3430d13455efb336","69e642c919360fd6c179753d","<p style=""font-size: 30px"">&emsp;</p><br><p style=""font-size: 60px; font-family: FragmentMono"">BWXL&emsp;&emsp;&emsp;&emsp;EVOF<p style=""font-size: 15px"">Press <strong>d</strong> for this letter combination&emsp;&emsp;&emsp;&emsp;&emsp;&emsp;&emsp;&emsp;&emsp;&emsp;Press <strong>k</strong> for this letter combination</p>","","","familiarity","","k","","false","EVOF","BWXL","",""
"717","k","html-keyboard-response","803","2211542","0.0-27.0-0.23","69aeee44187fdda005ab835b","69d7901e3430d13455efb336","69e642c919360fd6c179753d","<p style=""font-size: 30px"">&emsp;</p><br><p style=""font-size: 60px; font-family: FragmentMono"">UXJC&emsp;&emsp;&emsp;&emsp;LOVB<p style=""font-size: 15px"">Press <strong>d</strong> for this letter combination&emsp;&emsp;&emsp;&emsp;&emsp;&emsp;&emsp;&emsp;&emsp;&emsp;Press <strong>k</strong> for this letter combination</p>","","","familiarity","","d","","false","UXJC","LOVB","",""
"741","d","html-keyboard-response","804","2212284","0.0-27.0-0.24","69aeee44187fdda005ab835b","69d7901e3430d13455efb336","69e642c919360fd6c179753d","<p style=""font-size: 30px"">&emsp;</p><br><p style=""font-size: 60px; font-family: FragmentMono"">RTDHL&emsp;&emsp;&emsp;&emsp;OPFHS<p style=""font-size: 15px"">Press <strong>d</strong> for this letter combination&emsp;&emsp;&emsp;&emsp;&emsp;&emsp;&emsp;&emsp;&emsp;&emsp;Press <strong>k</strong> for this letter combination</p>","","","familiarity","","d","","true","RTDHL","OPFHS","",""
"1039","d","html-keyboard-response","805","2213324","0.0-27.0-0.25","69aeee44187fdda005ab835b","69d7901e3430d13455efb336","69e642c919360fd6c179753d","<p style=""font-size: 30px"">&emsp;</p><br><p style=""font-size: 60px; font-family: FragmentMono"">VMIX&emsp;&emsp;&emsp;&emsp;MGAL<p style=""font-size: 15px"">Press <strong>d</strong> for this letter combination&emsp;&emsp;&emsp;&emsp;&emsp;&emsp;&emsp;&emsp;&emsp;&emsp;Press <strong>k</strong> for this letter combination</p>","","","familiarity","","d","","true","VMIX","MGAL","",""
"1546","k","html-keyboard-response","806","2214872","0.0-27.0-0.26","69aeee44187fdda005ab835b","69d7901e3430d13455efb336","69e642c919360fd6c179753d","<p style=""font-size: 30px"">&emsp;</p><br><p style=""font-size: 60px; font-family: FragmentMono"">PKCBH&emsp;&emsp;&emsp;&emsp;ZTKEH<p style=""font-size: 15px"">Press <strong>d</strong> for this letter combination&emsp;&emsp;&emsp;&emsp;&emsp;&emsp;&emsp;&emsp;&emsp;&emsp;Press <strong>k</strong> for this letter combination</p>","","","familiarity","","d","","false","PKCBH","ZTKEH","",""
"1181","d","html-keyboard-response","807","2216054","0.0-27.0-0.27","69aeee44187fdda005ab835b","69d7901e3430d13455efb336","69e642c919360fd6c179753d","<p style=""font-size: 30px"">&emsp;</p><br><p style=""font-size: 60px; font-family: FragmentMono"">TFRZ&emsp;&emsp;&emsp;&emsp;OKDV<p style=""font-size: 15px"">Press <strong>d</strong> for this letter combination&emsp;&emsp;&emsp;&emsp;&emsp;&emsp;&emsp;&emsp;&emsp;&emsp;Press <strong>k</strong> for this letter combination</p>","","","familiarity","","d","","true","TFRZ","OKDV","",""
"809","k","html-keyboard-response","808","2216864","0.0-27.0-0.28","69aeee44187fdda005ab835b","69d7901e3430d13455efb336","69e642c919360fd6c179753d","<p style=""font-size: 30px"">&emsp;</p><br><p style=""font-size: 60px; font-family: FragmentMono"">QDZ&emsp;&emsp;&emsp;&emsp;QRW<p style=""font-size: 15px"">Press <strong>d</strong> for this letter combination&emsp;&emsp;&emsp;&emsp;&emsp;&emsp;&emsp;&emsp;&emsp;&emsp;Press <strong>k</strong> for this letter combination</p>","","","familiarity","","d","","false","QDZ","QRW","",""
"609","d","html-keyboard-response","809","2217475","0.0-27.0-0.29","69aeee44187fdda005ab835b","69d7901e3430d13455efb336","69e642c919360fd6c179753d","<p style=""font-size: 30px"">&emsp;</p><br><p style=""font-size: 60px; font-family: FragmentMono"">UYBKD&emsp;&emsp;&emsp;&emsp;BNPNC<p style=""font-size: 15px"">Press <strong>d</strong> for this letter combination&emsp;&emsp;&emsp;&emsp;&emsp;&emsp;&emsp;&emsp;&emsp;&emsp;Press <strong>k</strong> for this letter combination</p>","","","familiarity","","k","","false","BNPNC","UYBKD","",""
"42802"," ","html-keyboard-response","810","2260278","0.0-28.0","69aeee44187fdda005ab835b","69d7901e3430d13455efb336","69e642c919360fd6c179753d","<p style=""font-size: 30px"">Thank you for your help deciphering these alien communications! In this final part, we'd like you to answer the following questions on your history, use, proficiency, and attitudes towards your own languages.</p>
      <p style=""font-size: 30px"">The questionnaire contains 19 questions and will take only 10 minutes. Please answer every question honestly: this way we'll be able to guarantee a good outcome for this experiment.</p>
      <p style=""font-size: 30px"">Press the spacebar to begin.</p>","","","","","","","","","","",""
"115433","{""Age"":""24"",""Gender"":""Man"",""Education"":""College"",""L1"":""Arabic"",""L2"":""English"",""L3"":""n/a"",""L4"":""n/a"",""otherLs"":""n/a""}","survey-html-form","811","2375719","0.0-29.0","69aeee44187fdda005ab835b","69d7901e3430d13455efb336","69e642c919360fd6c179753d","","","","","","","","","","","bio_info",""
"98982","{""AoAL1"":""1"",""AoAL2"":""7"",""AoEaseL1"":""5"",""AoEaseL2"":""10"",""yearsEduL1"":""12"",""yearsEduL2"":""19"",""yearsCountryL1"":""20+"",""yearsCountryL2"":""20+"",""yearsFamilyL1"":""20+"",""yearsFamilyL2"":""15"",""yearsWorkL1"":""20+"",""yearsWorkL2"":""20+""}","survey-html-form","812","2474724","0.0-30.0","69aeee44187fdda005ab835b","69d7901e3430d13455efb336","69e642c919360fd6c179753d","","","","","","","","","","","history_info",""
"30791","{""PercFriendsL1"":""100"",""PercFriendsL2"":""50"",""PercFamilyL1"":""100"",""PercFamilyL2"":""10"",""PercWorkL1"":""100"",""PercWorkL2"":""60"",""PercSelfL1"":""100"",""PercSelfL2"":""30"",""PercCountL1"":""90"",""PercCountL2"":""50""}","survey-html-form","813","2505530","0.0-31.0-0.0-0.0","69aeee44187fdda005ab835b","69d7901e3430d13455efb336","69e642c919360fd6c179753d","","","","","","","","","","","use_info",""
"8044","","instructions","814","2513575","0.0-31.0-0.0-1.0-0.0","69aeee44187fdda005ab835b","69d7901e3430d13455efb336","69e642c919360fd6c179753d","","","","","","","","","","","use_info_prb","[{""page_index"":0,""viewing_time"":8043}]"
"37894","{""PercFriendsL1"":""80"",""PercFriendsL2"":""20"",""PercFamilyL1"":""80"",""PercFamilyL2"":""10"",""PercWorkL1"":""70"",""PercWorkL2"":""30"",""PercSelfL1"":""80"",""PercSelfL2"":""20"",""PercCountL1"":""80"",""PercCountL2"":""20""}","survey-html-form","815","2551481","0.0-31.0-0.1-0.1","69aeee44187fdda005ab835b","69d7901e3430d13455efb336","69e642c919360fd6c179753d","","","","","","","","","","","use_info",""
"3716","","instructions","816","2555197","0.0-31.0-0.1-1.1-0.1","69aeee44187fdda005ab835b","69d7901e3430d13455efb336","69e642c919360fd6c179753d","","","","","","","","","","","use_info_prb","[{""page_index"":0,""viewing_time"":3716}]"
"52706","{""PercFriendsL1"":""70"",""PercFriendsL2"":""10"",""PercFamilyL1"":""70"",""PercFamilyL2"":""10"",""PercWorkL1"":""70"",""PercWorkL2"":""10"",""PercSelfL1"":""80"",""PercSelfL2"":""10"",""PercCountL1"":""60"",""PercCountL2"":""10""}","survey-html-form","817","2607921","0.0-31.0-0.2-0.2","69aeee44187fdda005ab835b","69d7901e3430d13455efb336","69e642c919360fd6c179753d","","","","","","","","","","","use_info",""
"27097","","instructions","818","2635019","0.0-31.0-0.2-1.2-0.2","69aeee44187fdda005ab835b","69d7901e3430d13455efb336","69e642c919360fd6c179753d","","","","","","","","","","","use_info_prb","[{""page_index"":0,""viewing_time"":27096}]"
"57844","{""PercFriendsL1"":""90"",""PercFriendsL2"":""10"",""PercFamilyL1"":""90"",""PercFamilyL2"":""10"",""PercWorkL1"":""80"",""PercWorkL2"":""20"",""PercSelfL1"":""90"",""PercSelfL2"":""10"",""PercCountL1"":""90"",""PercCountL2"":""10""}","survey-html-form","819","2692884","0.0-31.0-0.3-0.3","69aeee44187fdda005ab835b","69d7901e3430d13455efb336","69e642c919360fd6c179753d","","","","","","","","","","","use_info",""
"25430","{""ProfSpeakL1"":""6"",""ProfSpeakL2"":""4"",""ProfUnderstandL1"":""6"",""ProfUnderstandL2"":""5"",""ProfReadL1"":""6"",""ProfReadL2"":""4"",""AttentionL1"":""2"",""AttentionL2"":""2"",""ProfWriteL1"":""6"",""ProfWriteL2"":""5""}","survey-html-form","820","2718324","0.0-32.0","69aeee44187fdda005ab835b","69d7901e3430d13455efb336","69e642c919360fd6c179753d","","","","","","","","","","","proficiency_info",""
"23625","{""AttSelfL1"":""6"",""AttSelfL2"":""6"",""AttCultureL1"":""6"",""AttCultureL2"":""3"",""AttNativeLevelL1"":""6"",""AttNativeLevelL2"":""5"",""AttMothertongueL1"":""6"",""AttMothertongueL2"":""6""}","survey-html-form","821","2741957","0.0-33.0","69aeee44187fdda005ab835b","69d7901e3430d13455efb336","69e642c919360fd6c179753d","","","","","","","","","","","attitudes_info",""
"2585","control","html-keyboard-response","822","2744544","0.0-34.0","69aeee44187fdda005ab835b","69d7901e3430d13455efb336","69e642c919360fd6c179753d","<p style=""font-size: 30px""><u>Goal of the study:</u> This experiment intends to test if people with more experience with more languages are more capable of unconsciously processing statistical information of new words. The alien words you saw at the beginning of the study belonged to two different languages, and this difference was displayed in how word parts were assembled together. Thank you for your participation!</p>
      <p style=""font-size: 30px"">Data upload will take a few seconds. Please wait briefly, then you will be redirected to Prolific with your completion code. Press any key now to do so.</p>","","","","","","","","","","",""
