"rt","response","trial_type","trial_index","time_elapsed","internal_node_id","subject_id","study_id","session_id","stimulus","question_order","success","task","item","correct_response","testing_condition","correct","target","confound","name","view_history"
"7121","{""ID"":""69d8b313ae434f632a305c9b""}","survey-html-form","0","7126","0.0-0.0","69d8b313ae434f632a305c9b","69d7901e3430d13455efb336","69e8e64c7152be834b563d08","","","","","","","","","","","",""
"16895"," ","html-keyboard-response","1","24024","0.0-1.0","69d8b313ae434f632a305c9b","69d7901e3430d13455efb336","69e8e64c7152be834b563d08","<p style=""font-size: 30px;"">Before beginning, we ask that you read the consent information and confirm your agreement to participate in the experiment.</p>
      <p style=""font-size: 30px;""> We ask that you remember that this is a research project and that your participation is entirely voluntary. You can stop your participation at any time, without needing to provide any explanation. The study we're asking you to participate in aims at examining how readers process written words. You will be engaged in a session of apprximately 25-30 minutes, followed by a brief questionnaire. You will have the opportunity to take a few breaks during the experiment. You will be paid £4 for your participation, corresponding to a rate of £8/hour. While this experiment looks at cognitive faculties, this experiment doesn't constitute clinical proof of eventual pathologies.</p>
      <p style=""font-size: 30px;"">All of the information collected thanks to yours and others' participation will be held in a secure password-protected server, and will not be shared with anyone not authorised to view it. Your personal information will be kept with an arbitrary participant ID. Thanks to this data anonymity process, any researcher analysing the data won't be able to track the information back to a specific participant. Therefore, this process will make identifying you impossibile, even when results from the study will be published in scientific reviews, presented at congresses, or at any other public forum. More generally, the collected data will be treated in accordance with the laws on privacy and conformity to the Legislative Degree n. 196 ""Code regarding the protection of personal data"" of the 30th of June 2003 and to the European Regulation 2016/670 (General Data Protection Regulation - GDPR). The Data Protection Officer is Avv. Valentina Carollo, who can be contacted at the following email addresses: <a href=""mailto:dpo@sissa.it"">dpo@sissa.it</a> or <a href=""mailto:rpd@sissa.it"">rpd@sissa.it</a> - PEC: <a href=""mailto:protocollo@pec.sissa.it"">protocollo@pec.sissa.it</a>.</p>
      <p style=""font-size: 30px;""> Before expressing your consent to participate, we would like to remind you again that in case you need explanations on any aspect of the experimental procedure, the researcher is at your disposition (<a href=""mailto:aliebelt@sissa.it"">aliebelt@sissa.it</a>, <a href=""mailto:davide.crepaldi@sissa.it"">davide.crepaldi@sissa.it</a>). Please feel free to contact the researcher through the Messaging feature on Prolific if you have any questions or issues.</p>
      <p style=""font-size: 30px;"">If you would like to download the informed consent form, you can do so here: <a href=""BASL-Informed_Consent.pdf"" download>informed consent form</a>.</p>
      <p style=""font-size: 30px;"">We ask that you press the spacebar to proceed to the consent section.</p>","","","","","","","","","","",""
"14603","{""consent1"":""YES"",""consent2"":""YES"",""consent3"":""YES"",""consent4"":""YES"",""consent5"":""YES"",""consent6"":""YES""}","survey-html-form","2","38629","0.0-2.0","69d8b313ae434f632a305c9b","69d7901e3430d13455efb336","69e8e64c7152be834b563d08","","","","","","","","","","","",""
"24885","{""Languages"":[""Dutch"",""English"",""French"",""German""]}","survey-multi-select","3","63582","0.0-3.0-0.0","69d8b313ae434f632a305c9b","69d7901e3430d13455efb336","69e8e64c7152be834b563d08","","[0]","","","","","","","","","",""
"6750","","fullscreen","4","71346","0.0-4.0","69d8b313ae434f632a305c9b","69d7901e3430d13455efb336","69e8e64c7152be834b563d08","","","true","","","","","","","","",""
"73226"," ","html-keyboard-response","5","144574","0.0-5.0","69d8b313ae434f632a305c9b","69d7901e3430d13455efb336","69e8e64c7152be834b563d08","<p style=""font-size: 30px"">Welcome, and thank you very much for your time!</p>
      <p style=""font-size: 30px"">In this experiment, you'll be a language expert who's been asked to take a look at words that Earth has received in its first communication with aliens. Your task, in this first part of the experiment, is to pay close attention to the words you'll be shown; later, world leaders will ask you questions on what you saw. The words will be shown to you quite quickly; it seems that the aliens were in a hurry :-)</p>
      <p style=""font-size: 30px"">Press the spacebar to continue.<p>","","","","","","","","","","",""
"null","null","html-keyboard-response","6","144585","0.0-6.0","69d8b313ae434f632a305c9b","69d7901e3430d13455efb336","69e8e64c7152be834b563d08","<p style=""font-size: 1px; font-family: FragmentMono""> x </p>","","","","","","","","","","",""
"null","null","html-keyboard-response","7","145599","0.0-7.0-0.0","69d8b313ae434f632a305c9b","69d7901e3430d13455efb336","69e8e64c7152be834b563d08","<p style=""font-size: 60px; font-family: FragmentMono"">YWGOIOVF</p>","","","training","","","","","","","",""
"null","null","html-keyboard-response","8","146601","0.0-7.0-0.1","69d8b313ae434f632a305c9b","69d7901e3430d13455efb336","69e8e64c7152be834b563d08","<p style=""font-size: 60px; font-family: FragmentMono"">XUFEFYG</p>","","","training","","","","","","","",""
"null","null","html-keyboard-response","9","147610","0.0-7.0-0.2","69d8b313ae434f632a305c9b","69d7901e3430d13455efb336","69e8e64c7152be834b563d08","<p style=""font-size: 60px; font-family: FragmentMono"">XBQDJXPX</p>","","","training","","","","","","","",""
"null","null","html-keyboard-response","10","148612","0.0-7.0-0.3","69d8b313ae434f632a305c9b","69d7901e3430d13455efb336","69e8e64c7152be834b563d08","<p style=""font-size: 60px; font-family: FragmentMono"">AJDZUXAYA</p>","","","training","","","","","","","",""
"null","null","html-keyboard-response","11","149614","0.0-7.0-0.4","69d8b313ae434f632a305c9b","69d7901e3430d13455efb336","69e8e64c7152be834b563d08","<p style=""font-size: 60px; font-family: FragmentMono"">YNQYOWMF</p>","","","training","","","","","","","",""
"null","null","html-keyboard-response","12","150630","0.0-7.0-0.5","69d8b313ae434f632a305c9b","69d7901e3430d13455efb336","69e8e64c7152be834b563d08","<p style=""font-size: 60px; font-family: FragmentMono"">AJDZURJMH</p>","","","training","","","","","","","",""
"null","null","html-keyboard-response","13","151635","0.0-7.0-0.6","69d8b313ae434f632a305c9b","69d7901e3430d13455efb336","69e8e64c7152be834b563d08","<p style=""font-size: 60px; font-family: FragmentMono"">YNQYJXPX</p>","","","training","","","","","","","",""
"null","null","html-keyboard-response","14","152646","0.0-7.0-0.7","69d8b313ae434f632a305c9b","69d7901e3430d13455efb336","69e8e64c7152be834b563d08","<p style=""font-size: 60px; font-family: FragmentMono"">EYAEYVLQV</p>","","","training","","","","","","","",""
"null","null","html-keyboard-response","15","153650","0.0-7.0-0.8","69d8b313ae434f632a305c9b","69d7901e3430d13455efb336","69e8e64c7152be834b563d08","<p style=""font-size: 60px; font-family: FragmentMono"">TQZUJKL</p>","","","training","","","","","","","",""
"null","null","html-keyboard-response","16","154658","0.0-7.0-0.9","69d8b313ae434f632a305c9b","69d7901e3430d13455efb336","69e8e64c7152be834b563d08","<p style=""font-size: 60px; font-family: FragmentMono"">XUFEBZE</p>","","","training","","","","","","","",""
"null","null","html-keyboard-response","17","155665","0.0-7.0-0.10","69d8b313ae434f632a305c9b","69d7901e3430d13455efb336","69e8e64c7152be834b563d08","<p style=""font-size: 60px; font-family: FragmentMono"">CGHNRJMH</p>","","","training","","","","","","","",""
"null","null","html-keyboard-response","18","156679","0.0-7.0-0.11","69d8b313ae434f632a305c9b","69d7901e3430d13455efb336","69e8e64c7152be834b563d08","<p style=""font-size: 60px; font-family: FragmentMono"">PTPZOWMF</p>","","","training","","","","","","","",""
"null","null","html-keyboard-response","19","157688","0.0-7.0-0.12","69d8b313ae434f632a305c9b","69d7901e3430d13455efb336","69e8e64c7152be834b563d08","<p style=""font-size: 60px; font-family: FragmentMono"">XBQDFYG</p>","","","training","","","","","","","",""
"null","null","html-keyboard-response","20","158697","0.0-7.0-0.13","69d8b313ae434f632a305c9b","69d7901e3430d13455efb336","69e8e64c7152be834b563d08","<p style=""font-size: 60px; font-family: FragmentMono"">APQHTBZE</p>","","","training","","","","","","","",""
"null","null","html-keyboard-response","21","159702","0.0-7.0-0.14","69d8b313ae434f632a305c9b","69d7901e3430d13455efb336","69e8e64c7152be834b563d08","<p style=""font-size: 60px; font-family: FragmentMono"">CGHNIOVF</p>","","","training","","","","","","","",""
"null","null","html-keyboard-response","22","160719","0.0-7.0-0.15","69d8b313ae434f632a305c9b","69d7901e3430d13455efb336","69e8e64c7152be834b563d08","<p style=""font-size: 60px; font-family: FragmentMono"">PTPZFYG</p>","","","training","","","","","","","",""
"null","null","html-keyboard-response","23","161727","0.0-7.0-0.16","69d8b313ae434f632a305c9b","69d7901e3430d13455efb336","69e8e64c7152be834b563d08","<p style=""font-size: 60px; font-family: FragmentMono"">DWXDJKL</p>","","","training","","","","","","","",""
"null","null","html-keyboard-response","24","162733","0.0-7.0-0.17","69d8b313ae434f632a305c9b","69d7901e3430d13455efb336","69e8e64c7152be834b563d08","<p style=""font-size: 60px; font-family: FragmentMono"">NVLXNRJMH</p>","","","training","","","","","","","",""
"null","null","html-keyboard-response","25","163736","0.0-7.0-0.18","69d8b313ae434f632a305c9b","69d7901e3430d13455efb336","69e8e64c7152be834b563d08","<p style=""font-size: 60px; font-family: FragmentMono"">YWQLARMPE</p>","","","training","","","","","","","",""
"null","null","html-keyboard-response","26","164745","0.0-7.0-0.19","69d8b313ae434f632a305c9b","69d7901e3430d13455efb336","69e8e64c7152be834b563d08","<p style=""font-size: 60px; font-family: FragmentMono"">BWRLYRJMH</p>","","","training","","","","","","","",""
"null","null","html-keyboard-response","27","165758","0.0-7.0-0.20","69d8b313ae434f632a305c9b","69d7901e3430d13455efb336","69e8e64c7152be834b563d08","<p style=""font-size: 60px; font-family: FragmentMono"">QPMYRMPE</p>","","","training","","","","","","","",""
"null","null","html-keyboard-response","28","166766","0.0-7.0-0.21","69d8b313ae434f632a305c9b","69d7901e3430d13455efb336","69e8e64c7152be834b563d08","<p style=""font-size: 60px; font-family: FragmentMono"">BWRLYVLQV</p>","","","training","","","","","","","",""
"null","null","html-keyboard-response","29","167781","0.0-7.0-0.22","69d8b313ae434f632a305c9b","69d7901e3430d13455efb336","69e8e64c7152be834b563d08","<p style=""font-size: 60px; font-family: FragmentMono"">YNQYRMPE</p>","","","training","","","","","","","",""
"null","null","html-keyboard-response","30","168787","0.0-7.0-0.23","69d8b313ae434f632a305c9b","69d7901e3430d13455efb336","69e8e64c7152be834b563d08","<p style=""font-size: 60px; font-family: FragmentMono"">YWGOXAYA</p>","","","training","","","","","","","",""
"null","null","html-keyboard-response","31","169793","0.0-7.0-0.24","69d8b313ae434f632a305c9b","69d7901e3430d13455efb336","69e8e64c7152be834b563d08","<p style=""font-size: 60px; font-family: FragmentMono"">CGHNJKL</p>","","","training","","","","","","","",""
"null","null","html-keyboard-response","32","170797","0.0-7.0-0.25","69d8b313ae434f632a305c9b","69d7901e3430d13455efb336","69e8e64c7152be834b563d08","<p style=""font-size: 60px; font-family: FragmentMono"">WRGAMOWMF</p>","","","training","","","","","","","",""
"null","null","html-keyboard-response","33","171811","0.0-7.0-0.26","69d8b313ae434f632a305c9b","69d7901e3430d13455efb336","69e8e64c7152be834b563d08","<p style=""font-size: 60px; font-family: FragmentMono"">HNCXAJKL</p>","","","training","","","","","","","",""
"null","null","html-keyboard-response","34","172821","0.0-7.0-0.27","69d8b313ae434f632a305c9b","69d7901e3430d13455efb336","69e8e64c7152be834b563d08","<p style=""font-size: 60px; font-family: FragmentMono"">GNWHVLQV</p>","","","training","","","","","","","",""
"null","null","html-keyboard-response","35","173839","0.0-7.0-0.28","69d8b313ae434f632a305c9b","69d7901e3430d13455efb336","69e8e64c7152be834b563d08","<p style=""font-size: 60px; font-family: FragmentMono"">XUFEOWMF</p>","","","training","","","","","","","",""
"null","null","html-keyboard-response","36","174844","0.0-7.0-0.29","69d8b313ae434f632a305c9b","69d7901e3430d13455efb336","69e8e64c7152be834b563d08","<p style=""font-size: 60px; font-family: FragmentMono"">YWGOVLQV</p>","","","training","","","","","","","",""
"null","null","html-keyboard-response","37","175858","0.0-7.0-0.30","69d8b313ae434f632a305c9b","69d7901e3430d13455efb336","69e8e64c7152be834b563d08","<p style=""font-size: 60px; font-family: FragmentMono"">CHASSRMPE</p>","","","training","","","","","","","",""
"null","null","html-keyboard-response","38","176871","0.0-7.0-0.31","69d8b313ae434f632a305c9b","69d7901e3430d13455efb336","69e8e64c7152be834b563d08","<p style=""font-size: 60px; font-family: FragmentMono"">YNQYFYG</p>","","","training","","","","","","","",""
"null","null","html-keyboard-response","39","177883","0.0-7.0-0.32","69d8b313ae434f632a305c9b","69d7901e3430d13455efb336","69e8e64c7152be834b563d08","<p style=""font-size: 60px; font-family: FragmentMono"">DWXDRJMH</p>","","","training","","","","","","","",""
"null","null","html-keyboard-response","40","178889","0.0-7.0-0.33","69d8b313ae434f632a305c9b","69d7901e3430d13455efb336","69e8e64c7152be834b563d08","<p style=""font-size: 60px; font-family: FragmentMono"">HNCXAIOVF</p>","","","training","","","","","","","",""
"null","null","html-keyboard-response","41","179899","0.0-7.0-0.34","69d8b313ae434f632a305c9b","69d7901e3430d13455efb336","69e8e64c7152be834b563d08","<p style=""font-size: 60px; font-family: FragmentMono"">QETURMPE</p>","","","training","","","","","","","",""
"null","null","html-keyboard-response","42","180905","0.0-7.0-0.35","69d8b313ae434f632a305c9b","69d7901e3430d13455efb336","69e8e64c7152be834b563d08","<p style=""font-size: 60px; font-family: FragmentMono"">PTPZBZE</p>","","","training","","","","","","","",""
"null","null","html-keyboard-response","43","181917","0.0-7.0-0.36","69d8b313ae434f632a305c9b","69d7901e3430d13455efb336","69e8e64c7152be834b563d08","<p style=""font-size: 60px; font-family: FragmentMono"">NVLXNJKL</p>","","","training","","","","","","","",""
"null","null","html-keyboard-response","44","182924","0.0-7.0-0.37","69d8b313ae434f632a305c9b","69d7901e3430d13455efb336","69e8e64c7152be834b563d08","<p style=""font-size: 60px; font-family: FragmentMono"">HNCXARJMH</p>","","","training","","","","","","","",""
"null","null","html-keyboard-response","45","183929","0.0-7.0-0.38","69d8b313ae434f632a305c9b","69d7901e3430d13455efb336","69e8e64c7152be834b563d08","<p style=""font-size: 60px; font-family: FragmentMono"">GNWHXAYA</p>","","","training","","","","","","","",""
"null","null","html-keyboard-response","46","184941","0.0-7.0-0.39","69d8b313ae434f632a305c9b","69d7901e3430d13455efb336","69e8e64c7152be834b563d08","<p style=""font-size: 60px; font-family: FragmentMono"">QPMYJXPX</p>","","","training","","","","","","","",""
"null","null","html-keyboard-response","47","185943","0.0-7.0-0.40","69d8b313ae434f632a305c9b","69d7901e3430d13455efb336","69e8e64c7152be834b563d08","<p style=""font-size: 60px; font-family: FragmentMono"">YWQLABZE</p>","","","training","","","","","","","",""
"null","null","html-keyboard-response","48","186952","0.0-7.0-0.41","69d8b313ae434f632a305c9b","69d7901e3430d13455efb336","69e8e64c7152be834b563d08","<p style=""font-size: 60px; font-family: FragmentMono"">AJDZUIOVF</p>","","","training","","","","","","","",""
"null","null","html-keyboard-response","49","187959","0.0-7.0-0.42","69d8b313ae434f632a305c9b","69d7901e3430d13455efb336","69e8e64c7152be834b563d08","<p style=""font-size: 60px; font-family: FragmentMono"">APQHTFYG</p>","","","training","","","","","","","",""
"null","null","html-keyboard-response","50","188965","0.0-7.0-0.43","69d8b313ae434f632a305c9b","69d7901e3430d13455efb336","69e8e64c7152be834b563d08","<p style=""font-size: 60px; font-family: FragmentMono"">BWRLYJKL</p>","","","training","","","","","","","",""
"null","null","html-keyboard-response","51","189971","0.0-7.0-0.44","69d8b313ae434f632a305c9b","69d7901e3430d13455efb336","69e8e64c7152be834b563d08","<p style=""font-size: 60px; font-family: FragmentMono"">GNWHIOVF</p>","","","training","","","","","","","",""
"null","null","html-keyboard-response","52","190980","0.0-7.0-0.45","69d8b313ae434f632a305c9b","69d7901e3430d13455efb336","69e8e64c7152be834b563d08","<p style=""font-size: 60px; font-family: FragmentMono"">QPMYBZE</p>","","","training","","","","","","","",""
"null","null","html-keyboard-response","53","191991","0.0-7.0-0.46","69d8b313ae434f632a305c9b","69d7901e3430d13455efb336","69e8e64c7152be834b563d08","<p style=""font-size: 60px; font-family: FragmentMono"">CHASSOWMF</p>","","","training","","","","","","","",""
"null","null","html-keyboard-response","54","192999","0.0-7.0-0.47","69d8b313ae434f632a305c9b","69d7901e3430d13455efb336","69e8e64c7152be834b563d08","<p style=""font-size: 60px; font-family: FragmentMono"">BWRLYIOVF</p>","","","training","","","","","","","",""
"null","null","html-keyboard-response","55","194003","0.0-7.0-0.48","69d8b313ae434f632a305c9b","69d7901e3430d13455efb336","69e8e64c7152be834b563d08","<p style=""font-size: 60px; font-family: FragmentMono"">DWXDVLQV</p>","","","training","","","","","","","",""
"null","null","html-keyboard-response","56","195010","0.0-7.0-0.49","69d8b313ae434f632a305c9b","69d7901e3430d13455efb336","69e8e64c7152be834b563d08","<p style=""font-size: 60px; font-family: FragmentMono"">XBQDRMPE</p>","","","training","","","","","","","",""
"null","null","html-keyboard-response","57","196012","0.0-7.0-0.50","69d8b313ae434f632a305c9b","69d7901e3430d13455efb336","69e8e64c7152be834b563d08","<p style=""font-size: 60px; font-family: FragmentMono"">YWQLAOWMF</p>","","","training","","","","","","","",""
"null","null","html-keyboard-response","58","197018","0.0-7.0-0.51","69d8b313ae434f632a305c9b","69d7901e3430d13455efb336","69e8e64c7152be834b563d08","<p style=""font-size: 60px; font-family: FragmentMono"">QETUJXPX</p>","","","training","","","","","","","",""
"null","null","html-keyboard-response","59","198025","0.0-7.0-0.52","69d8b313ae434f632a305c9b","69d7901e3430d13455efb336","69e8e64c7152be834b563d08","<p style=""font-size: 60px; font-family: FragmentMono"">EYAEYIOVF</p>","","","training","","","","","","","",""
"null","null","html-keyboard-response","60","199034","0.0-7.0-0.53","69d8b313ae434f632a305c9b","69d7901e3430d13455efb336","69e8e64c7152be834b563d08","<p style=""font-size: 60px; font-family: FragmentMono"">HNCXAXAYA</p>","","","training","","","","","","","",""
"null","null","html-keyboard-response","61","200036","0.0-7.0-0.54","69d8b313ae434f632a305c9b","69d7901e3430d13455efb336","69e8e64c7152be834b563d08","<p style=""font-size: 60px; font-family: FragmentMono"">WRGAMFYG</p>","","","training","","","","","","","",""
"null","null","html-keyboard-response","62","201040","0.0-7.0-0.55","69d8b313ae434f632a305c9b","69d7901e3430d13455efb336","69e8e64c7152be834b563d08","<p style=""font-size: 60px; font-family: FragmentMono"">NVLXNIOVF</p>","","","training","","","","","","","",""
"null","null","html-keyboard-response","63","202049","0.0-7.0-0.56","69d8b313ae434f632a305c9b","69d7901e3430d13455efb336","69e8e64c7152be834b563d08","<p style=""font-size: 60px; font-family: FragmentMono"">YWGOJKL</p>","","","training","","","","","","","",""
"null","null","html-keyboard-response","64","203055","0.0-7.0-0.57","69d8b313ae434f632a305c9b","69d7901e3430d13455efb336","69e8e64c7152be834b563d08","<p style=""font-size: 60px; font-family: FragmentMono"">AJDZUVLQV</p>","","","training","","","","","","","",""
"null","null","html-keyboard-response","65","204061","0.0-7.0-0.58","69d8b313ae434f632a305c9b","69d7901e3430d13455efb336","69e8e64c7152be834b563d08","<p style=""font-size: 60px; font-family: FragmentMono"">CHASSBZE</p>","","","training","","","","","","","",""
"null","null","html-keyboard-response","66","205072","0.0-7.0-0.59","69d8b313ae434f632a305c9b","69d7901e3430d13455efb336","69e8e64c7152be834b563d08","<p style=""font-size: 60px; font-family: FragmentMono"">TQZURJMH</p>","","","training","","","","","","","",""
"null","null","html-keyboard-response","67","206074","0.0-7.0-0.60","69d8b313ae434f632a305c9b","69d7901e3430d13455efb336","69e8e64c7152be834b563d08","<p style=""font-size: 60px; font-family: FragmentMono"">NVLXNVLQV</p>","","","training","","","","","","","",""
"null","null","html-keyboard-response","68","207088","0.0-7.0-0.61","69d8b313ae434f632a305c9b","69d7901e3430d13455efb336","69e8e64c7152be834b563d08","<p style=""font-size: 60px; font-family: FragmentMono"">QETUOWMF</p>","","","training","","","","","","","",""
"null","null","html-keyboard-response","69","208102","0.0-7.0-0.62","69d8b313ae434f632a305c9b","69d7901e3430d13455efb336","69e8e64c7152be834b563d08","<p style=""font-size: 60px; font-family: FragmentMono"">APQHTJXPX</p>","","","training","","","","","","","",""
"null","null","html-keyboard-response","70","209114","0.0-7.0-0.63","69d8b313ae434f632a305c9b","69d7901e3430d13455efb336","69e8e64c7152be834b563d08","<p style=""font-size: 60px; font-family: FragmentMono"">TQZUVLQV</p>","","","training","","","","","","","",""
"null","null","html-keyboard-response","71","210120","0.0-7.0-0.64","69d8b313ae434f632a305c9b","69d7901e3430d13455efb336","69e8e64c7152be834b563d08","<p style=""font-size: 60px; font-family: FragmentMono"">QPMYFYG</p>","","","training","","","","","","","",""
"null","null","html-keyboard-response","72","211125","0.0-7.0-0.65","69d8b313ae434f632a305c9b","69d7901e3430d13455efb336","69e8e64c7152be834b563d08","<p style=""font-size: 60px; font-family: FragmentMono"">QETUBZE</p>","","","training","","","","","","","",""
"null","null","html-keyboard-response","73","212142","0.0-7.0-0.66","69d8b313ae434f632a305c9b","69d7901e3430d13455efb336","69e8e64c7152be834b563d08","<p style=""font-size: 60px; font-family: FragmentMono"">EYAEYJKL</p>","","","training","","","","","","","",""
"null","null","html-keyboard-response","74","213156","0.0-7.0-0.67","69d8b313ae434f632a305c9b","69d7901e3430d13455efb336","69e8e64c7152be834b563d08","<p style=""font-size: 60px; font-family: FragmentMono"">WRGAMRMPE</p>","","","training","","","","","","","",""
"null","null","html-keyboard-response","75","214162","0.0-7.0-0.68","69d8b313ae434f632a305c9b","69d7901e3430d13455efb336","69e8e64c7152be834b563d08","<p style=""font-size: 60px; font-family: FragmentMono"">XUFEJXPX</p>","","","training","","","","","","","",""
"null","null","html-keyboard-response","76","215166","0.0-7.0-0.69","69d8b313ae434f632a305c9b","69d7901e3430d13455efb336","69e8e64c7152be834b563d08","<p style=""font-size: 60px; font-family: FragmentMono"">GNWHRJMH</p>","","","training","","","","","","","",""
"null","null","html-keyboard-response","77","216173","0.0-7.0-0.70","69d8b313ae434f632a305c9b","69d7901e3430d13455efb336","69e8e64c7152be834b563d08","<p style=""font-size: 60px; font-family: FragmentMono"">TQZUXAYA</p>","","","training","","","","","","","",""
"null","null","html-keyboard-response","78","217177","0.0-7.0-0.71","69d8b313ae434f632a305c9b","69d7901e3430d13455efb336","69e8e64c7152be834b563d08","<p style=""font-size: 60px; font-family: FragmentMono"">CHASSJXPX</p>","","","training","","","","","","","",""
"null","null","html-keyboard-response","79","218187","0.0-7.0-0.72","69d8b313ae434f632a305c9b","69d7901e3430d13455efb336","69e8e64c7152be834b563d08","<p style=""font-size: 60px; font-family: FragmentMono"">EYAEYXAYA</p>","","","training","","","","","","","",""
"null","null","html-keyboard-response","80","219194","0.0-7.0-0.73","69d8b313ae434f632a305c9b","69d7901e3430d13455efb336","69e8e64c7152be834b563d08","<p style=""font-size: 60px; font-family: FragmentMono"">APQHTRMPE</p>","","","training","","","","","","","",""
"null","null","html-keyboard-response","81","220206","0.0-7.0-0.74","69d8b313ae434f632a305c9b","69d7901e3430d13455efb336","69e8e64c7152be834b563d08","<p style=""font-size: 60px; font-family: FragmentMono"">CGHNXAYA</p>","","","training","","","","","","","",""
"null","null","html-keyboard-response","82","221216","0.0-7.0-0.75","69d8b313ae434f632a305c9b","69d7901e3430d13455efb336","69e8e64c7152be834b563d08","<p style=""font-size: 60px; font-family: FragmentMono"">PTPZJXPX</p>","","","training","","","","","","","",""
"null","null","html-keyboard-response","83","222225","0.0-7.0-0.76","69d8b313ae434f632a305c9b","69d7901e3430d13455efb336","69e8e64c7152be834b563d08","<p style=""font-size: 60px; font-family: FragmentMono"">DWXDXAYA</p>","","","training","","","","","","","",""
"null","null","html-keyboard-response","84","223228","0.0-7.0-0.77","69d8b313ae434f632a305c9b","69d7901e3430d13455efb336","69e8e64c7152be834b563d08","<p style=""font-size: 60px; font-family: FragmentMono"">XBQDOWMF</p>","","","training","","","","","","","",""
"null","null","html-keyboard-response","85","224237","0.0-7.0-0.78","69d8b313ae434f632a305c9b","69d7901e3430d13455efb336","69e8e64c7152be834b563d08","<p style=""font-size: 60px; font-family: FragmentMono"">WRGAMBZE</p>","","","training","","","","","","","",""
"null","null","html-keyboard-response","86","225241","0.0-7.0-0.79","69d8b313ae434f632a305c9b","69d7901e3430d13455efb336","69e8e64c7152be834b563d08","<p style=""font-size: 60px; font-family: FragmentMono"">YWQLAFYG</p>","","","training","","","","","","","",""
"7079"," ","html-keyboard-response","87","232321","0.0-8.0","69d8b313ae434f632a305c9b","69d7901e3430d13455efb336","69e8e64c7152be834b563d08","<p style=""font-size: 30px"">Great, you've seen the first block of words. You may now take a short break.</p>
      <p style=""font-size: 30px"">Press the spacebar when you're ready to continue.</p>","","","","","","","","","","",""
"null","null","html-keyboard-response","88","233330","0.0-9.0-0.0","69d8b313ae434f632a305c9b","69d7901e3430d13455efb336","69e8e64c7152be834b563d08","<p style=""font-size: 60px; font-family: FragmentMono"">QETURMPE</p>","","","training","","","","","","","",""
"null","null","html-keyboard-response","89","234336","0.0-9.0-0.1","69d8b313ae434f632a305c9b","69d7901e3430d13455efb336","69e8e64c7152be834b563d08","<p style=""font-size: 60px; font-family: FragmentMono"">XUFEBZE</p>","","","training","","","","","","","",""
"null","null","html-keyboard-response","90","235339","0.0-9.0-0.2","69d8b313ae434f632a305c9b","69d7901e3430d13455efb336","69e8e64c7152be834b563d08","<p style=""font-size: 60px; font-family: FragmentMono"">YNQYRMPE</p>","","","training","","","","","","","",""
"null","null","html-keyboard-response","91","236350","0.0-9.0-0.3","69d8b313ae434f632a305c9b","69d7901e3430d13455efb336","69e8e64c7152be834b563d08","<p style=""font-size: 60px; font-family: FragmentMono"">AJDZURJMH</p>","","","training","","","","","","","",""
"null","null","html-keyboard-response","92","237359","0.0-9.0-0.4","69d8b313ae434f632a305c9b","69d7901e3430d13455efb336","69e8e64c7152be834b563d08","<p style=""font-size: 60px; font-family: FragmentMono"">QPMYJXPX</p>","","","training","","","","","","","",""
"null","null","html-keyboard-response","93","238373","0.0-9.0-0.5","69d8b313ae434f632a305c9b","69d7901e3430d13455efb336","69e8e64c7152be834b563d08","<p style=""font-size: 60px; font-family: FragmentMono"">XBQDOWMF</p>","","","training","","","","","","","",""
"null","null","html-keyboard-response","94","239385","0.0-9.0-0.6","69d8b313ae434f632a305c9b","69d7901e3430d13455efb336","69e8e64c7152be834b563d08","<p style=""font-size: 60px; font-family: FragmentMono"">YWQLAFYG</p>","","","training","","","","","","","",""
"null","null","html-keyboard-response","95","240397","0.0-9.0-0.7","69d8b313ae434f632a305c9b","69d7901e3430d13455efb336","69e8e64c7152be834b563d08","<p style=""font-size: 60px; font-family: FragmentMono"">XBQDJXPX</p>","","","training","","","","","","","",""
"null","null","html-keyboard-response","96","241405","0.0-9.0-0.8","69d8b313ae434f632a305c9b","69d7901e3430d13455efb336","69e8e64c7152be834b563d08","<p style=""font-size: 60px; font-family: FragmentMono"">HNCXARJMH</p>","","","training","","","","","","","",""
"null","null","html-keyboard-response","97","242412","0.0-9.0-0.9","69d8b313ae434f632a305c9b","69d7901e3430d13455efb336","69e8e64c7152be834b563d08","<p style=""font-size: 60px; font-family: FragmentMono"">XUFEOWMF</p>","","","training","","","","","","","",""
"null","null","html-keyboard-response","98","243422","0.0-9.0-0.10","69d8b313ae434f632a305c9b","69d7901e3430d13455efb336","69e8e64c7152be834b563d08","<p style=""font-size: 60px; font-family: FragmentMono"">GNWHXAYA</p>","","","training","","","","","","","",""
"null","null","html-keyboard-response","99","244428","0.0-9.0-0.11","69d8b313ae434f632a305c9b","69d7901e3430d13455efb336","69e8e64c7152be834b563d08","<p style=""font-size: 60px; font-family: FragmentMono"">XBQDFYG</p>","","","training","","","","","","","",""
"null","null","html-keyboard-response","100","245433","0.0-9.0-0.12","69d8b313ae434f632a305c9b","69d7901e3430d13455efb336","69e8e64c7152be834b563d08","<p style=""font-size: 60px; font-family: FragmentMono"">BWRLYJKL</p>","","","training","","","","","","","",""
"null","null","html-keyboard-response","101","246444","0.0-9.0-0.13","69d8b313ae434f632a305c9b","69d7901e3430d13455efb336","69e8e64c7152be834b563d08","<p style=""font-size: 60px; font-family: FragmentMono"">HNCXAXAYA</p>","","","training","","","","","","","",""
"null","null","html-keyboard-response","102","247451","0.0-9.0-0.14","69d8b313ae434f632a305c9b","69d7901e3430d13455efb336","69e8e64c7152be834b563d08","<p style=""font-size: 60px; font-family: FragmentMono"">WRGAMBZE</p>","","","training","","","","","","","",""
"null","null","html-keyboard-response","103","248462","0.0-9.0-0.15","69d8b313ae434f632a305c9b","69d7901e3430d13455efb336","69e8e64c7152be834b563d08","<p style=""font-size: 60px; font-family: FragmentMono"">NVLXNIOVF</p>","","","training","","","","","","","",""
"null","null","html-keyboard-response","104","249475","0.0-9.0-0.16","69d8b313ae434f632a305c9b","69d7901e3430d13455efb336","69e8e64c7152be834b563d08","<p style=""font-size: 60px; font-family: FragmentMono"">DWXDXAYA</p>","","","training","","","","","","","",""
"null","null","html-keyboard-response","105","250484","0.0-9.0-0.17","69d8b313ae434f632a305c9b","69d7901e3430d13455efb336","69e8e64c7152be834b563d08","<p style=""font-size: 60px; font-family: FragmentMono"">YNQYOWMF</p>","","","training","","","","","","","",""
"null","null","html-keyboard-response","106","251486","0.0-9.0-0.18","69d8b313ae434f632a305c9b","69d7901e3430d13455efb336","69e8e64c7152be834b563d08","<p style=""font-size: 60px; font-family: FragmentMono"">YWGOVLQV</p>","","","training","","","","","","","",""
"null","null","html-keyboard-response","107","252490","0.0-9.0-0.19","69d8b313ae434f632a305c9b","69d7901e3430d13455efb336","69e8e64c7152be834b563d08","<p style=""font-size: 60px; font-family: FragmentMono"">DWXDJKL</p>","","","training","","","","","","","",""
"null","null","html-keyboard-response","108","253492","0.0-9.0-0.20","69d8b313ae434f632a305c9b","69d7901e3430d13455efb336","69e8e64c7152be834b563d08","<p style=""font-size: 60px; font-family: FragmentMono"">APQHTBZE</p>","","","training","","","","","","","",""
"null","null","html-keyboard-response","109","254501","0.0-9.0-0.21","69d8b313ae434f632a305c9b","69d7901e3430d13455efb336","69e8e64c7152be834b563d08","<p style=""font-size: 60px; font-family: FragmentMono"">XBQDRMPE</p>","","","training","","","","","","","",""
"null","null","html-keyboard-response","110","255510","0.0-9.0-0.22","69d8b313ae434f632a305c9b","69d7901e3430d13455efb336","69e8e64c7152be834b563d08","<p style=""font-size: 60px; font-family: FragmentMono"">YWQLABZE</p>","","","training","","","","","","","",""
"null","null","html-keyboard-response","111","256514","0.0-9.0-0.23","69d8b313ae434f632a305c9b","69d7901e3430d13455efb336","69e8e64c7152be834b563d08","<p style=""font-size: 60px; font-family: FragmentMono"">BWRLYIOVF</p>","","","training","","","","","","","",""
"null","null","html-keyboard-response","112","257518","0.0-9.0-0.24","69d8b313ae434f632a305c9b","69d7901e3430d13455efb336","69e8e64c7152be834b563d08","<p style=""font-size: 60px; font-family: FragmentMono"">PTPZFYG</p>","","","training","","","","","","","",""
"null","null","html-keyboard-response","113","258530","0.0-9.0-0.25","69d8b313ae434f632a305c9b","69d7901e3430d13455efb336","69e8e64c7152be834b563d08","<p style=""font-size: 60px; font-family: FragmentMono"">NVLXNJKL</p>","","","training","","","","","","","",""
"null","null","html-keyboard-response","114","259531","0.0-9.0-0.26","69d8b313ae434f632a305c9b","69d7901e3430d13455efb336","69e8e64c7152be834b563d08","<p style=""font-size: 60px; font-family: FragmentMono"">DWXDVLQV</p>","","","training","","","","","","","",""
"null","null","html-keyboard-response","115","260533","0.0-9.0-0.27","69d8b313ae434f632a305c9b","69d7901e3430d13455efb336","69e8e64c7152be834b563d08","<p style=""font-size: 60px; font-family: FragmentMono"">YNQYJXPX</p>","","","training","","","","","","","",""
"null","null","html-keyboard-response","116","261546","0.0-9.0-0.28","69d8b313ae434f632a305c9b","69d7901e3430d13455efb336","69e8e64c7152be834b563d08","<p style=""font-size: 60px; font-family: FragmentMono"">YWGOXAYA</p>","","","training","","","","","","","",""
"null","null","html-keyboard-response","117","262564","0.0-9.0-0.29","69d8b313ae434f632a305c9b","69d7901e3430d13455efb336","69e8e64c7152be834b563d08","<p style=""font-size: 60px; font-family: FragmentMono"">APQHTRMPE</p>","","","training","","","","","","","",""
"null","null","html-keyboard-response","118","263575","0.0-9.0-0.30","69d8b313ae434f632a305c9b","69d7901e3430d13455efb336","69e8e64c7152be834b563d08","<p style=""font-size: 60px; font-family: FragmentMono"">NVLXNVLQV</p>","","","training","","","","","","","",""
"null","null","html-keyboard-response","119","264586","0.0-9.0-0.31","69d8b313ae434f632a305c9b","69d7901e3430d13455efb336","69e8e64c7152be834b563d08","<p style=""font-size: 60px; font-family: FragmentMono"">PTPZJXPX</p>","","","training","","","","","","","",""
"null","null","html-keyboard-response","120","265593","0.0-9.0-0.32","69d8b313ae434f632a305c9b","69d7901e3430d13455efb336","69e8e64c7152be834b563d08","<p style=""font-size: 60px; font-family: FragmentMono"">CGHNXAYA</p>","","","training","","","","","","","",""
"null","null","html-keyboard-response","121","266598","0.0-9.0-0.33","69d8b313ae434f632a305c9b","69d7901e3430d13455efb336","69e8e64c7152be834b563d08","<p style=""font-size: 60px; font-family: FragmentMono"">QETUBZE</p>","","","training","","","","","","","",""
"null","null","html-keyboard-response","122","267605","0.0-9.0-0.34","69d8b313ae434f632a305c9b","69d7901e3430d13455efb336","69e8e64c7152be834b563d08","<p style=""font-size: 60px; font-family: FragmentMono"">BWRLYVLQV</p>","","","training","","","","","","","",""
"null","null","html-keyboard-response","123","268614","0.0-9.0-0.35","69d8b313ae434f632a305c9b","69d7901e3430d13455efb336","69e8e64c7152be834b563d08","<p style=""font-size: 60px; font-family: FragmentMono"">CHASSJXPX</p>","","","training","","","","","","","",""
"null","null","html-keyboard-response","124","269621","0.0-9.0-0.36","69d8b313ae434f632a305c9b","69d7901e3430d13455efb336","69e8e64c7152be834b563d08","<p style=""font-size: 60px; font-family: FragmentMono"">YWQLARMPE</p>","","","training","","","","","","","",""
"null","null","html-keyboard-response","125","270624","0.0-9.0-0.37","69d8b313ae434f632a305c9b","69d7901e3430d13455efb336","69e8e64c7152be834b563d08","<p style=""font-size: 60px; font-family: FragmentMono"">GNWHVLQV</p>","","","training","","","","","","","",""
"null","null","html-keyboard-response","126","271634","0.0-9.0-0.38","69d8b313ae434f632a305c9b","69d7901e3430d13455efb336","69e8e64c7152be834b563d08","<p style=""font-size: 60px; font-family: FragmentMono"">EYAEYIOVF</p>","","","training","","","","","","","",""
"null","null","html-keyboard-response","127","272638","0.0-9.0-0.39","69d8b313ae434f632a305c9b","69d7901e3430d13455efb336","69e8e64c7152be834b563d08","<p style=""font-size: 60px; font-family: FragmentMono"">CHASSOWMF</p>","","","training","","","","","","","",""
"null","null","html-keyboard-response","128","273653","0.0-9.0-0.40","69d8b313ae434f632a305c9b","69d7901e3430d13455efb336","69e8e64c7152be834b563d08","<p style=""font-size: 60px; font-family: FragmentMono"">XUFEFYG</p>","","","training","","","","","","","",""
"null","null","html-keyboard-response","129","274669","0.0-9.0-0.41","69d8b313ae434f632a305c9b","69d7901e3430d13455efb336","69e8e64c7152be834b563d08","<p style=""font-size: 60px; font-family: FragmentMono"">CGHNJKL</p>","","","training","","","","","","","",""
"null","null","html-keyboard-response","130","275683","0.0-9.0-0.42","69d8b313ae434f632a305c9b","69d7901e3430d13455efb336","69e8e64c7152be834b563d08","<p style=""font-size: 60px; font-family: FragmentMono"">AJDZUVLQV</p>","","","training","","","","","","","",""
"null","null","html-keyboard-response","131","276700","0.0-9.0-0.43","69d8b313ae434f632a305c9b","69d7901e3430d13455efb336","69e8e64c7152be834b563d08","<p style=""font-size: 60px; font-family: FragmentMono"">GNWHIOVF</p>","","","training","","","","","","","",""
"null","null","html-keyboard-response","132","277702","0.0-9.0-0.44","69d8b313ae434f632a305c9b","69d7901e3430d13455efb336","69e8e64c7152be834b563d08","<p style=""font-size: 60px; font-family: FragmentMono"">EYAEYVLQV</p>","","","training","","","","","","","",""
"null","null","html-keyboard-response","133","278714","0.0-9.0-0.45","69d8b313ae434f632a305c9b","69d7901e3430d13455efb336","69e8e64c7152be834b563d08","<p style=""font-size: 60px; font-family: FragmentMono"">APQHTFYG</p>","","","training","","","","","","","",""
"null","null","html-keyboard-response","134","279721","0.0-9.0-0.46","69d8b313ae434f632a305c9b","69d7901e3430d13455efb336","69e8e64c7152be834b563d08","<p style=""font-size: 60px; font-family: FragmentMono"">TQZUJKL</p>","","","training","","","","","","","",""
"null","null","html-keyboard-response","135","280731","0.0-9.0-0.47","69d8b313ae434f632a305c9b","69d7901e3430d13455efb336","69e8e64c7152be834b563d08","<p style=""font-size: 60px; font-family: FragmentMono"">QETUOWMF</p>","","","training","","","","","","","",""
"null","null","html-keyboard-response","136","281742","0.0-9.0-0.48","69d8b313ae434f632a305c9b","69d7901e3430d13455efb336","69e8e64c7152be834b563d08","<p style=""font-size: 60px; font-family: FragmentMono"">WRGAMFYG</p>","","","training","","","","","","","",""
"null","null","html-keyboard-response","137","282746","0.0-9.0-0.49","69d8b313ae434f632a305c9b","69d7901e3430d13455efb336","69e8e64c7152be834b563d08","<p style=""font-size: 60px; font-family: FragmentMono"">DWXDRJMH</p>","","","training","","","","","","","",""
"null","null","html-keyboard-response","138","283756","0.0-9.0-0.50","69d8b313ae434f632a305c9b","69d7901e3430d13455efb336","69e8e64c7152be834b563d08","<p style=""font-size: 60px; font-family: FragmentMono"">EYAEYJKL</p>","","","training","","","","","","","",""
"null","null","html-keyboard-response","139","284764","0.0-9.0-0.51","69d8b313ae434f632a305c9b","69d7901e3430d13455efb336","69e8e64c7152be834b563d08","<p style=""font-size: 60px; font-family: FragmentMono"">YWGOIOVF</p>","","","training","","","","","","","",""
"null","null","html-keyboard-response","140","285771","0.0-9.0-0.52","69d8b313ae434f632a305c9b","69d7901e3430d13455efb336","69e8e64c7152be834b563d08","<p style=""font-size: 60px; font-family: FragmentMono"">PTPZOWMF</p>","","","training","","","","","","","",""
"null","null","html-keyboard-response","141","286777","0.0-9.0-0.53","69d8b313ae434f632a305c9b","69d7901e3430d13455efb336","69e8e64c7152be834b563d08","<p style=""font-size: 60px; font-family: FragmentMono"">TQZURJMH</p>","","","training","","","","","","","",""
"null","null","html-keyboard-response","142","287787","0.0-9.0-0.54","69d8b313ae434f632a305c9b","69d7901e3430d13455efb336","69e8e64c7152be834b563d08","<p style=""font-size: 60px; font-family: FragmentMono"">YWQLAOWMF</p>","","","training","","","","","","","",""
"null","null","html-keyboard-response","143","288796","0.0-9.0-0.55","69d8b313ae434f632a305c9b","69d7901e3430d13455efb336","69e8e64c7152be834b563d08","<p style=""font-size: 60px; font-family: FragmentMono"">NVLXNRJMH</p>","","","training","","","","","","","",""
"null","null","html-keyboard-response","144","289803","0.0-9.0-0.56","69d8b313ae434f632a305c9b","69d7901e3430d13455efb336","69e8e64c7152be834b563d08","<p style=""font-size: 60px; font-family: FragmentMono"">AJDZUXAYA</p>","","","training","","","","","","","",""
"null","null","html-keyboard-response","145","290814","0.0-9.0-0.57","69d8b313ae434f632a305c9b","69d7901e3430d13455efb336","69e8e64c7152be834b563d08","<p style=""font-size: 60px; font-family: FragmentMono"">QETUJXPX</p>","","","training","","","","","","","",""
"null","null","html-keyboard-response","146","291817","0.0-9.0-0.58","69d8b313ae434f632a305c9b","69d7901e3430d13455efb336","69e8e64c7152be834b563d08","<p style=""font-size: 60px; font-family: FragmentMono"">TQZUXAYA</p>","","","training","","","","","","","",""
"null","null","html-keyboard-response","147","292827","0.0-9.0-0.59","69d8b313ae434f632a305c9b","69d7901e3430d13455efb336","69e8e64c7152be834b563d08","<p style=""font-size: 60px; font-family: FragmentMono"">XUFEJXPX</p>","","","training","","","","","","","",""
"null","null","html-keyboard-response","148","293831","0.0-9.0-0.60","69d8b313ae434f632a305c9b","69d7901e3430d13455efb336","69e8e64c7152be834b563d08","<p style=""font-size: 60px; font-family: FragmentMono"">QPMYFYG</p>","","","training","","","","","","","",""
"null","null","html-keyboard-response","149","294840","0.0-9.0-0.61","69d8b313ae434f632a305c9b","69d7901e3430d13455efb336","69e8e64c7152be834b563d08","<p style=""font-size: 60px; font-family: FragmentMono"">BWRLYRJMH</p>","","","training","","","","","","","",""
"null","null","html-keyboard-response","150","295850","0.0-9.0-0.62","69d8b313ae434f632a305c9b","69d7901e3430d13455efb336","69e8e64c7152be834b563d08","<p style=""font-size: 60px; font-family: FragmentMono"">YWGOJKL</p>","","","training","","","","","","","",""
"null","null","html-keyboard-response","151","296855","0.0-9.0-0.63","69d8b313ae434f632a305c9b","69d7901e3430d13455efb336","69e8e64c7152be834b563d08","<p style=""font-size: 60px; font-family: FragmentMono"">WRGAMRMPE</p>","","","training","","","","","","","",""
"null","null","html-keyboard-response","152","297864","0.0-9.0-0.64","69d8b313ae434f632a305c9b","69d7901e3430d13455efb336","69e8e64c7152be834b563d08","<p style=""font-size: 60px; font-family: FragmentMono"">CHASSBZE</p>","","","training","","","","","","","",""
"null","null","html-keyboard-response","153","298874","0.0-9.0-0.65","69d8b313ae434f632a305c9b","69d7901e3430d13455efb336","69e8e64c7152be834b563d08","<p style=""font-size: 60px; font-family: FragmentMono"">HNCXAIOVF</p>","","","training","","","","","","","",""
"null","null","html-keyboard-response","154","299890","0.0-9.0-0.66","69d8b313ae434f632a305c9b","69d7901e3430d13455efb336","69e8e64c7152be834b563d08","<p style=""font-size: 60px; font-family: FragmentMono"">EYAEYXAYA</p>","","","training","","","","","","","",""
"null","null","html-keyboard-response","155","300896","0.0-9.0-0.67","69d8b313ae434f632a305c9b","69d7901e3430d13455efb336","69e8e64c7152be834b563d08","<p style=""font-size: 60px; font-family: FragmentMono"">WRGAMOWMF</p>","","","training","","","","","","","",""
"null","null","html-keyboard-response","156","301898","0.0-9.0-0.68","69d8b313ae434f632a305c9b","69d7901e3430d13455efb336","69e8e64c7152be834b563d08","<p style=""font-size: 60px; font-family: FragmentMono"">TQZUVLQV</p>","","","training","","","","","","","",""
"null","null","html-keyboard-response","157","302908","0.0-9.0-0.69","69d8b313ae434f632a305c9b","69d7901e3430d13455efb336","69e8e64c7152be834b563d08","<p style=""font-size: 60px; font-family: FragmentMono"">YNQYFYG</p>","","","training","","","","","","","",""
"null","null","html-keyboard-response","158","303912","0.0-9.0-0.70","69d8b313ae434f632a305c9b","69d7901e3430d13455efb336","69e8e64c7152be834b563d08","<p style=""font-size: 60px; font-family: FragmentMono"">PTPZBZE</p>","","","training","","","","","","","",""
"null","null","html-keyboard-response","159","304916","0.0-9.0-0.71","69d8b313ae434f632a305c9b","69d7901e3430d13455efb336","69e8e64c7152be834b563d08","<p style=""font-size: 60px; font-family: FragmentMono"">HNCXAJKL</p>","","","training","","","","","","","",""
"null","null","html-keyboard-response","160","305921","0.0-9.0-0.72","69d8b313ae434f632a305c9b","69d7901e3430d13455efb336","69e8e64c7152be834b563d08","<p style=""font-size: 60px; font-family: FragmentMono"">CHASSRMPE</p>","","","training","","","","","","","",""
"null","null","html-keyboard-response","161","306936","0.0-9.0-0.73","69d8b313ae434f632a305c9b","69d7901e3430d13455efb336","69e8e64c7152be834b563d08","<p style=""font-size: 60px; font-family: FragmentMono"">AJDZUIOVF</p>","","","training","","","","","","","",""
"null","null","html-keyboard-response","162","307948","0.0-9.0-0.74","69d8b313ae434f632a305c9b","69d7901e3430d13455efb336","69e8e64c7152be834b563d08","<p style=""font-size: 60px; font-family: FragmentMono"">GNWHRJMH</p>","","","training","","","","","","","",""
"null","null","html-keyboard-response","163","308959","0.0-9.0-0.75","69d8b313ae434f632a305c9b","69d7901e3430d13455efb336","69e8e64c7152be834b563d08","<p style=""font-size: 60px; font-family: FragmentMono"">QPMYBZE</p>","","","training","","","","","","","",""
"null","null","html-keyboard-response","164","309970","0.0-9.0-0.76","69d8b313ae434f632a305c9b","69d7901e3430d13455efb336","69e8e64c7152be834b563d08","<p style=""font-size: 60px; font-family: FragmentMono"">CGHNRJMH</p>","","","training","","","","","","","",""
"null","null","html-keyboard-response","165","310976","0.0-9.0-0.77","69d8b313ae434f632a305c9b","69d7901e3430d13455efb336","69e8e64c7152be834b563d08","<p style=""font-size: 60px; font-family: FragmentMono"">APQHTJXPX</p>","","","training","","","","","","","",""
"null","null","html-keyboard-response","166","311986","0.0-9.0-0.78","69d8b313ae434f632a305c9b","69d7901e3430d13455efb336","69e8e64c7152be834b563d08","<p style=""font-size: 60px; font-family: FragmentMono"">QPMYRMPE</p>","","","training","","","","","","","",""
"null","null","html-keyboard-response","167","312994","0.0-9.0-0.79","69d8b313ae434f632a305c9b","69d7901e3430d13455efb336","69e8e64c7152be834b563d08","<p style=""font-size: 60px; font-family: FragmentMono"">CGHNIOVF</p>","","","training","","","","","","","",""
"31422"," ","html-keyboard-response","168","344417","0.0-10.0","69d8b313ae434f632a305c9b","69d7901e3430d13455efb336","69e8e64c7152be834b563d08","<p style=""font-size: 30px"">Great, you've seen the second block of words. You may now take a short break.</p>
      <p style=""font-size: 30px"">Press the spacebar when you're ready to continue.</p>","","","","","","","","","","",""
"null","null","html-keyboard-response","169","345428","0.0-11.0-0.0","69d8b313ae434f632a305c9b","69d7901e3430d13455efb336","69e8e64c7152be834b563d08","<p style=""font-size: 60px; font-family: FragmentMono"">GNWHVLQV</p>","","","training","","","","","","","",""
"null","null","html-keyboard-response","170","346433","0.0-11.0-0.1","69d8b313ae434f632a305c9b","69d7901e3430d13455efb336","69e8e64c7152be834b563d08","<p style=""font-size: 60px; font-family: FragmentMono"">NVLXNJKL</p>","","","training","","","","","","","",""
"null","null","html-keyboard-response","171","347449","0.0-11.0-0.2","69d8b313ae434f632a305c9b","69d7901e3430d13455efb336","69e8e64c7152be834b563d08","<p style=""font-size: 60px; font-family: FragmentMono"">WRGAMRMPE</p>","","","training","","","","","","","",""
"null","null","html-keyboard-response","172","348465","0.0-11.0-0.3","69d8b313ae434f632a305c9b","69d7901e3430d13455efb336","69e8e64c7152be834b563d08","<p style=""font-size: 60px; font-family: FragmentMono"">DWXDRJMH</p>","","","training","","","","","","","",""
"null","null","html-keyboard-response","173","349471","0.0-11.0-0.4","69d8b313ae434f632a305c9b","69d7901e3430d13455efb336","69e8e64c7152be834b563d08","<p style=""font-size: 60px; font-family: FragmentMono"">BWRLYJKL</p>","","","training","","","","","","","",""
"null","null","html-keyboard-response","174","350472","0.0-11.0-0.5","69d8b313ae434f632a305c9b","69d7901e3430d13455efb336","69e8e64c7152be834b563d08","<p style=""font-size: 60px; font-family: FragmentMono"">AJDZURJMH</p>","","","training","","","","","","","",""
"null","null","html-keyboard-response","175","351486","0.0-11.0-0.6","69d8b313ae434f632a305c9b","69d7901e3430d13455efb336","69e8e64c7152be834b563d08","<p style=""font-size: 60px; font-family: FragmentMono"">PTPZFYG</p>","","","training","","","","","","","",""
"null","null","html-keyboard-response","176","352493","0.0-11.0-0.7","69d8b313ae434f632a305c9b","69d7901e3430d13455efb336","69e8e64c7152be834b563d08","<p style=""font-size: 60px; font-family: FragmentMono"">DWXDJKL</p>","","","training","","","","","","","",""
"null","null","html-keyboard-response","177","353508","0.0-11.0-0.8","69d8b313ae434f632a305c9b","69d7901e3430d13455efb336","69e8e64c7152be834b563d08","<p style=""font-size: 60px; font-family: FragmentMono"">QPMYBZE</p>","","","training","","","","","","","",""
"null","null","html-keyboard-response","178","354514","0.0-11.0-0.9","69d8b313ae434f632a305c9b","69d7901e3430d13455efb336","69e8e64c7152be834b563d08","<p style=""font-size: 60px; font-family: FragmentMono"">EYAEYXAYA</p>","","","training","","","","","","","",""
"null","null","html-keyboard-response","179","355522","0.0-11.0-0.10","69d8b313ae434f632a305c9b","69d7901e3430d13455efb336","69e8e64c7152be834b563d08","<p style=""font-size: 60px; font-family: FragmentMono"">XBQDFYG</p>","","","training","","","","","","","",""
"null","null","html-keyboard-response","180","356533","0.0-11.0-0.11","69d8b313ae434f632a305c9b","69d7901e3430d13455efb336","69e8e64c7152be834b563d08","<p style=""font-size: 60px; font-family: FragmentMono"">EYAEYVLQV</p>","","","training","","","","","","","",""
"null","null","html-keyboard-response","181","357542","0.0-11.0-0.12","69d8b313ae434f632a305c9b","69d7901e3430d13455efb336","69e8e64c7152be834b563d08","<p style=""font-size: 60px; font-family: FragmentMono"">CHASSOWMF</p>","","","training","","","","","","","",""
"null","null","html-keyboard-response","182","358555","0.0-11.0-0.13","69d8b313ae434f632a305c9b","69d7901e3430d13455efb336","69e8e64c7152be834b563d08","<p style=""font-size: 60px; font-family: FragmentMono"">YNQYJXPX</p>","","","training","","","","","","","",""
"null","null","html-keyboard-response","183","359568","0.0-11.0-0.14","69d8b313ae434f632a305c9b","69d7901e3430d13455efb336","69e8e64c7152be834b563d08","<p style=""font-size: 60px; font-family: FragmentMono"">QETURMPE</p>","","","training","","","","","","","",""
"null","null","html-keyboard-response","184","360577","0.0-11.0-0.15","69d8b313ae434f632a305c9b","69d7901e3430d13455efb336","69e8e64c7152be834b563d08","<p style=""font-size: 60px; font-family: FragmentMono"">WRGAMOWMF</p>","","","training","","","","","","","",""
"null","null","html-keyboard-response","185","361593","0.0-11.0-0.16","69d8b313ae434f632a305c9b","69d7901e3430d13455efb336","69e8e64c7152be834b563d08","<p style=""font-size: 60px; font-family: FragmentMono"">YWGOXAYA</p>","","","training","","","","","","","",""
"null","null","html-keyboard-response","186","362602","0.0-11.0-0.17","69d8b313ae434f632a305c9b","69d7901e3430d13455efb336","69e8e64c7152be834b563d08","<p style=""font-size: 60px; font-family: FragmentMono"">QETUJXPX</p>","","","training","","","","","","","",""
"null","null","html-keyboard-response","187","363608","0.0-11.0-0.18","69d8b313ae434f632a305c9b","69d7901e3430d13455efb336","69e8e64c7152be834b563d08","<p style=""font-size: 60px; font-family: FragmentMono"">CHASSRMPE</p>","","","training","","","","","","","",""
"null","null","html-keyboard-response","188","364615","0.0-11.0-0.19","69d8b313ae434f632a305c9b","69d7901e3430d13455efb336","69e8e64c7152be834b563d08","<p style=""font-size: 60px; font-family: FragmentMono"">TQZUXAYA</p>","","","training","","","","","","","",""
"null","null","html-keyboard-response","189","365623","0.0-11.0-0.20","69d8b313ae434f632a305c9b","69d7901e3430d13455efb336","69e8e64c7152be834b563d08","<p style=""font-size: 60px; font-family: FragmentMono"">GNWHIOVF</p>","","","training","","","","","","","",""
"null","null","html-keyboard-response","190","366625","0.0-11.0-0.21","69d8b313ae434f632a305c9b","69d7901e3430d13455efb336","69e8e64c7152be834b563d08","<p style=""font-size: 60px; font-family: FragmentMono"">APQHTFYG</p>","","","training","","","","","","","",""
"null","null","html-keyboard-response","191","367627","0.0-11.0-0.22","69d8b313ae434f632a305c9b","69d7901e3430d13455efb336","69e8e64c7152be834b563d08","<p style=""font-size: 60px; font-family: FragmentMono"">AJDZUIOVF</p>","","","training","","","","","","","",""
"null","null","html-keyboard-response","192","368640","0.0-11.0-0.23","69d8b313ae434f632a305c9b","69d7901e3430d13455efb336","69e8e64c7152be834b563d08","<p style=""font-size: 60px; font-family: FragmentMono"">NVLXNRJMH</p>","","","training","","","","","","","",""
"null","null","html-keyboard-response","193","369652","0.0-11.0-0.24","69d8b313ae434f632a305c9b","69d7901e3430d13455efb336","69e8e64c7152be834b563d08","<p style=""font-size: 60px; font-family: FragmentMono"">XUFEOWMF</p>","","","training","","","","","","","",""
"null","null","html-keyboard-response","194","370664","0.0-11.0-0.25","69d8b313ae434f632a305c9b","69d7901e3430d13455efb336","69e8e64c7152be834b563d08","<p style=""font-size: 60px; font-family: FragmentMono"">QPMYJXPX</p>","","","training","","","","","","","",""
"null","null","html-keyboard-response","195","371665","0.0-11.0-0.26","69d8b313ae434f632a305c9b","69d7901e3430d13455efb336","69e8e64c7152be834b563d08","<p style=""font-size: 60px; font-family: FragmentMono"">WRGAMFYG</p>","","","training","","","","","","","",""
"null","null","html-keyboard-response","196","372671","0.0-11.0-0.27","69d8b313ae434f632a305c9b","69d7901e3430d13455efb336","69e8e64c7152be834b563d08","<p style=""font-size: 60px; font-family: FragmentMono"">EYAEYJKL</p>","","","training","","","","","","","",""
"null","null","html-keyboard-response","197","373680","0.0-11.0-0.28","69d8b313ae434f632a305c9b","69d7901e3430d13455efb336","69e8e64c7152be834b563d08","<p style=""font-size: 60px; font-family: FragmentMono"">XBQDRMPE</p>","","","training","","","","","","","",""
"null","null","html-keyboard-response","198","374694","0.0-11.0-0.29","69d8b313ae434f632a305c9b","69d7901e3430d13455efb336","69e8e64c7152be834b563d08","<p style=""font-size: 60px; font-family: FragmentMono"">PTPZJXPX</p>","","","training","","","","","","","",""
"null","null","html-keyboard-response","199","375700","0.0-11.0-0.30","69d8b313ae434f632a305c9b","69d7901e3430d13455efb336","69e8e64c7152be834b563d08","<p style=""font-size: 60px; font-family: FragmentMono"">GNWHXAYA</p>","","","training","","","","","","","",""
"null","null","html-keyboard-response","200","376708","0.0-11.0-0.31","69d8b313ae434f632a305c9b","69d7901e3430d13455efb336","69e8e64c7152be834b563d08","<p style=""font-size: 60px; font-family: FragmentMono"">DWXDVLQV</p>","","","training","","","","","","","",""
"null","null","html-keyboard-response","201","377715","0.0-11.0-0.32","69d8b313ae434f632a305c9b","69d7901e3430d13455efb336","69e8e64c7152be834b563d08","<p style=""font-size: 60px; font-family: FragmentMono"">APQHTRMPE</p>","","","training","","","","","","","",""
"null","null","html-keyboard-response","202","378733","0.0-11.0-0.33","69d8b313ae434f632a305c9b","69d7901e3430d13455efb336","69e8e64c7152be834b563d08","<p style=""font-size: 60px; font-family: FragmentMono"">CGHNRJMH</p>","","","training","","","","","","","",""
"null","null","html-keyboard-response","203","379747","0.0-11.0-0.34","69d8b313ae434f632a305c9b","69d7901e3430d13455efb336","69e8e64c7152be834b563d08","<p style=""font-size: 60px; font-family: FragmentMono"">TQZUVLQV</p>","","","training","","","","","","","",""
"null","null","html-keyboard-response","204","380749","0.0-11.0-0.35","69d8b313ae434f632a305c9b","69d7901e3430d13455efb336","69e8e64c7152be834b563d08","<p style=""font-size: 60px; font-family: FragmentMono"">CGHNJKL</p>","","","training","","","","","","","",""
"null","null","html-keyboard-response","205","381754","0.0-11.0-0.36","69d8b313ae434f632a305c9b","69d7901e3430d13455efb336","69e8e64c7152be834b563d08","<p style=""font-size: 60px; font-family: FragmentMono"">QPMYFYG</p>","","","training","","","","","","","",""
"null","null","html-keyboard-response","206","382764","0.0-11.0-0.37","69d8b313ae434f632a305c9b","69d7901e3430d13455efb336","69e8e64c7152be834b563d08","<p style=""font-size: 60px; font-family: FragmentMono"">QETUBZE</p>","","","training","","","","","","","",""
"null","null","html-keyboard-response","207","383772","0.0-11.0-0.38","69d8b313ae434f632a305c9b","69d7901e3430d13455efb336","69e8e64c7152be834b563d08","<p style=""font-size: 60px; font-family: FragmentMono"">GNWHRJMH</p>","","","training","","","","","","","",""
"null","null","html-keyboard-response","208","384789","0.0-11.0-0.39","69d8b313ae434f632a305c9b","69d7901e3430d13455efb336","69e8e64c7152be834b563d08","<p style=""font-size: 60px; font-family: FragmentMono"">YWQLABZE</p>","","","training","","","","","","","",""
"null","null","html-keyboard-response","209","385796","0.0-11.0-0.40","69d8b313ae434f632a305c9b","69d7901e3430d13455efb336","69e8e64c7152be834b563d08","<p style=""font-size: 60px; font-family: FragmentMono"">AJDZUVLQV</p>","","","training","","","","","","","",""
"null","null","html-keyboard-response","210","386804","0.0-11.0-0.41","69d8b313ae434f632a305c9b","69d7901e3430d13455efb336","69e8e64c7152be834b563d08","<p style=""font-size: 60px; font-family: FragmentMono"">DWXDXAYA</p>","","","training","","","","","","","",""
"null","null","html-keyboard-response","211","387822","0.0-11.0-0.42","69d8b313ae434f632a305c9b","69d7901e3430d13455efb336","69e8e64c7152be834b563d08","<p style=""font-size: 60px; font-family: FragmentMono"">QPMYRMPE</p>","","","training","","","","","","","",""
"null","null","html-keyboard-response","212","388830","0.0-11.0-0.43","69d8b313ae434f632a305c9b","69d7901e3430d13455efb336","69e8e64c7152be834b563d08","<p style=""font-size: 60px; font-family: FragmentMono"">XUFEJXPX</p>","","","training","","","","","","","",""
"null","null","html-keyboard-response","213","389834","0.0-11.0-0.44","69d8b313ae434f632a305c9b","69d7901e3430d13455efb336","69e8e64c7152be834b563d08","<p style=""font-size: 60px; font-family: FragmentMono"">YWGOIOVF</p>","","","training","","","","","","","",""
"null","null","html-keyboard-response","214","390851","0.0-11.0-0.45","69d8b313ae434f632a305c9b","69d7901e3430d13455efb336","69e8e64c7152be834b563d08","<p style=""font-size: 60px; font-family: FragmentMono"">CHASSJXPX</p>","","","training","","","","","","","",""
"null","null","html-keyboard-response","215","391858","0.0-11.0-0.46","69d8b313ae434f632a305c9b","69d7901e3430d13455efb336","69e8e64c7152be834b563d08","<p style=""font-size: 60px; font-family: FragmentMono"">CGHNXAYA</p>","","","training","","","","","","","",""
"null","null","html-keyboard-response","216","392861","0.0-11.0-0.47","69d8b313ae434f632a305c9b","69d7901e3430d13455efb336","69e8e64c7152be834b563d08","<p style=""font-size: 60px; font-family: FragmentMono"">BWRLYRJMH</p>","","","training","","","","","","","",""
"null","null","html-keyboard-response","217","393878","0.0-11.0-0.48","69d8b313ae434f632a305c9b","69d7901e3430d13455efb336","69e8e64c7152be834b563d08","<p style=""font-size: 60px; font-family: FragmentMono"">CGHNIOVF</p>","","","training","","","","","","","",""
"null","null","html-keyboard-response","218","394883","0.0-11.0-0.49","69d8b313ae434f632a305c9b","69d7901e3430d13455efb336","69e8e64c7152be834b563d08","<p style=""font-size: 60px; font-family: FragmentMono"">PTPZBZE</p>","","","training","","","","","","","",""
"null","null","html-keyboard-response","219","395885","0.0-11.0-0.50","69d8b313ae434f632a305c9b","69d7901e3430d13455efb336","69e8e64c7152be834b563d08","<p style=""font-size: 60px; font-family: FragmentMono"">YWQLARMPE</p>","","","training","","","","","","","",""
"null","null","html-keyboard-response","220","396888","0.0-11.0-0.51","69d8b313ae434f632a305c9b","69d7901e3430d13455efb336","69e8e64c7152be834b563d08","<p style=""font-size: 60px; font-family: FragmentMono"">HNCXARJMH</p>","","","training","","","","","","","",""
"null","null","html-keyboard-response","221","397894","0.0-11.0-0.52","69d8b313ae434f632a305c9b","69d7901e3430d13455efb336","69e8e64c7152be834b563d08","<p style=""font-size: 60px; font-family: FragmentMono"">PTPZOWMF</p>","","","training","","","","","","","",""
"null","null","html-keyboard-response","222","398898","0.0-11.0-0.53","69d8b313ae434f632a305c9b","69d7901e3430d13455efb336","69e8e64c7152be834b563d08","<p style=""font-size: 60px; font-family: FragmentMono"">NVLXNIOVF</p>","","","training","","","","","","","",""
"null","null","html-keyboard-response","223","399906","0.0-11.0-0.54","69d8b313ae434f632a305c9b","69d7901e3430d13455efb336","69e8e64c7152be834b563d08","<p style=""font-size: 60px; font-family: FragmentMono"">YNQYFYG</p>","","","training","","","","","","","",""
"null","null","html-keyboard-response","224","400919","0.0-11.0-0.55","69d8b313ae434f632a305c9b","69d7901e3430d13455efb336","69e8e64c7152be834b563d08","<p style=""font-size: 60px; font-family: FragmentMono"">WRGAMBZE</p>","","","training","","","","","","","",""
"null","null","html-keyboard-response","225","401922","0.0-11.0-0.56","69d8b313ae434f632a305c9b","69d7901e3430d13455efb336","69e8e64c7152be834b563d08","<p style=""font-size: 60px; font-family: FragmentMono"">YWGOJKL</p>","","","training","","","","","","","",""
"null","null","html-keyboard-response","226","402935","0.0-11.0-0.57","69d8b313ae434f632a305c9b","69d7901e3430d13455efb336","69e8e64c7152be834b563d08","<p style=""font-size: 60px; font-family: FragmentMono"">YNQYOWMF</p>","","","training","","","","","","","",""
"null","null","html-keyboard-response","227","403941","0.0-11.0-0.58","69d8b313ae434f632a305c9b","69d7901e3430d13455efb336","69e8e64c7152be834b563d08","<p style=""font-size: 60px; font-family: FragmentMono"">NVLXNVLQV</p>","","","training","","","","","","","",""
"null","null","html-keyboard-response","228","404952","0.0-11.0-0.59","69d8b313ae434f632a305c9b","69d7901e3430d13455efb336","69e8e64c7152be834b563d08","<p style=""font-size: 60px; font-family: FragmentMono"">XBQDJXPX</p>","","","training","","","","","","","",""
"null","null","html-keyboard-response","229","405959","0.0-11.0-0.60","69d8b313ae434f632a305c9b","69d7901e3430d13455efb336","69e8e64c7152be834b563d08","<p style=""font-size: 60px; font-family: FragmentMono"">HNCXAJKL</p>","","","training","","","","","","","",""
"null","null","html-keyboard-response","230","406969","0.0-11.0-0.61","69d8b313ae434f632a305c9b","69d7901e3430d13455efb336","69e8e64c7152be834b563d08","<p style=""font-size: 60px; font-family: FragmentMono"">YWQLAOWMF</p>","","","training","","","","","","","",""
"null","null","html-keyboard-response","231","407974","0.0-11.0-0.62","69d8b313ae434f632a305c9b","69d7901e3430d13455efb336","69e8e64c7152be834b563d08","<p style=""font-size: 60px; font-family: FragmentMono"">BWRLYVLQV</p>","","","training","","","","","","","",""
"null","null","html-keyboard-response","232","408980","0.0-11.0-0.63","69d8b313ae434f632a305c9b","69d7901e3430d13455efb336","69e8e64c7152be834b563d08","<p style=""font-size: 60px; font-family: FragmentMono"">APQHTJXPX</p>","","","training","","","","","","","",""
"null","null","html-keyboard-response","233","409984","0.0-11.0-0.64","69d8b313ae434f632a305c9b","69d7901e3430d13455efb336","69e8e64c7152be834b563d08","<p style=""font-size: 60px; font-family: FragmentMono"">TQZURJMH</p>","","","training","","","","","","","",""
"null","null","html-keyboard-response","234","410986","0.0-11.0-0.65","69d8b313ae434f632a305c9b","69d7901e3430d13455efb336","69e8e64c7152be834b563d08","<p style=""font-size: 60px; font-family: FragmentMono"">QETUOWMF</p>","","","training","","","","","","","",""
"null","null","html-keyboard-response","235","412000","0.0-11.0-0.66","69d8b313ae434f632a305c9b","69d7901e3430d13455efb336","69e8e64c7152be834b563d08","<p style=""font-size: 60px; font-family: FragmentMono"">CHASSBZE</p>","","","training","","","","","","","",""
"null","null","html-keyboard-response","236","413007","0.0-11.0-0.67","69d8b313ae434f632a305c9b","69d7901e3430d13455efb336","69e8e64c7152be834b563d08","<p style=""font-size: 60px; font-family: FragmentMono"">HNCXAXAYA</p>","","","training","","","","","","","",""
"null","null","html-keyboard-response","237","414019","0.0-11.0-0.68","69d8b313ae434f632a305c9b","69d7901e3430d13455efb336","69e8e64c7152be834b563d08","<p style=""font-size: 60px; font-family: FragmentMono"">XUFEFYG</p>","","","training","","","","","","","",""
"null","null","html-keyboard-response","238","415027","0.0-11.0-0.69","69d8b313ae434f632a305c9b","69d7901e3430d13455efb336","69e8e64c7152be834b563d08","<p style=""font-size: 60px; font-family: FragmentMono"">TQZUJKL</p>","","","training","","","","","","","",""
"null","null","html-keyboard-response","239","416028","0.0-11.0-0.70","69d8b313ae434f632a305c9b","69d7901e3430d13455efb336","69e8e64c7152be834b563d08","<p style=""font-size: 60px; font-family: FragmentMono"">EYAEYIOVF</p>","","","training","","","","","","","",""
"null","null","html-keyboard-response","240","417038","0.0-11.0-0.71","69d8b313ae434f632a305c9b","69d7901e3430d13455efb336","69e8e64c7152be834b563d08","<p style=""font-size: 60px; font-family: FragmentMono"">YWQLAFYG</p>","","","training","","","","","","","",""
"null","null","html-keyboard-response","241","418049","0.0-11.0-0.72","69d8b313ae434f632a305c9b","69d7901e3430d13455efb336","69e8e64c7152be834b563d08","<p style=""font-size: 60px; font-family: FragmentMono"">AJDZUXAYA</p>","","","training","","","","","","","",""
"null","null","html-keyboard-response","242","419055","0.0-11.0-0.73","69d8b313ae434f632a305c9b","69d7901e3430d13455efb336","69e8e64c7152be834b563d08","<p style=""font-size: 60px; font-family: FragmentMono"">YNQYRMPE</p>","","","training","","","","","","","",""
"null","null","html-keyboard-response","243","420060","0.0-11.0-0.74","69d8b313ae434f632a305c9b","69d7901e3430d13455efb336","69e8e64c7152be834b563d08","<p style=""font-size: 60px; font-family: FragmentMono"">XUFEBZE</p>","","","training","","","","","","","",""
"null","null","html-keyboard-response","244","421067","0.0-11.0-0.75","69d8b313ae434f632a305c9b","69d7901e3430d13455efb336","69e8e64c7152be834b563d08","<p style=""font-size: 60px; font-family: FragmentMono"">XBQDOWMF</p>","","","training","","","","","","","",""
"null","null","html-keyboard-response","245","422075","0.0-11.0-0.76","69d8b313ae434f632a305c9b","69d7901e3430d13455efb336","69e8e64c7152be834b563d08","<p style=""font-size: 60px; font-family: FragmentMono"">BWRLYIOVF</p>","","","training","","","","","","","",""
"null","null","html-keyboard-response","246","423079","0.0-11.0-0.77","69d8b313ae434f632a305c9b","69d7901e3430d13455efb336","69e8e64c7152be834b563d08","<p style=""font-size: 60px; font-family: FragmentMono"">APQHTBZE</p>","","","training","","","","","","","",""
"null","null","html-keyboard-response","247","424086","0.0-11.0-0.78","69d8b313ae434f632a305c9b","69d7901e3430d13455efb336","69e8e64c7152be834b563d08","<p style=""font-size: 60px; font-family: FragmentMono"">HNCXAIOVF</p>","","","training","","","","","","","",""
"null","null","html-keyboard-response","248","425099","0.0-11.0-0.79","69d8b313ae434f632a305c9b","69d7901e3430d13455efb336","69e8e64c7152be834b563d08","<p style=""font-size: 60px; font-family: FragmentMono"">YWGOVLQV</p>","","","training","","","","","","","",""
"27198"," ","html-keyboard-response","249","452299","0.0-12.0","69d8b313ae434f632a305c9b","69d7901e3430d13455efb336","69e8e64c7152be834b563d08","<p style=""font-size: 30px"">Great, you've seen the third block of words. You may now take a short break.</p>
      <p style=""font-size: 30px"">Press the spacebar when you're ready to continue.</p>","","","","","","","","","","",""
"null","null","html-keyboard-response","250","453304","0.0-13.0-0.0","69d8b313ae434f632a305c9b","69d7901e3430d13455efb336","69e8e64c7152be834b563d08","<p style=""font-size: 60px; font-family: FragmentMono"">WRGAMFYG</p>","","","training","","","","","","","",""
"null","null","html-keyboard-response","251","454319","0.0-13.0-0.1","69d8b313ae434f632a305c9b","69d7901e3430d13455efb336","69e8e64c7152be834b563d08","<p style=""font-size: 60px; font-family: FragmentMono"">CGHNJKL</p>","","","training","","","","","","","",""
"null","null","html-keyboard-response","252","455324","0.0-13.0-0.2","69d8b313ae434f632a305c9b","69d7901e3430d13455efb336","69e8e64c7152be834b563d08","<p style=""font-size: 60px; font-family: FragmentMono"">BWRLYIOVF</p>","","","training","","","","","","","",""
"null","null","html-keyboard-response","253","456339","0.0-13.0-0.3","69d8b313ae434f632a305c9b","69d7901e3430d13455efb336","69e8e64c7152be834b563d08","<p style=""font-size: 60px; font-family: FragmentMono"">XBQDFYG</p>","","","training","","","","","","","",""
"null","null","html-keyboard-response","254","457345","0.0-13.0-0.4","69d8b313ae434f632a305c9b","69d7901e3430d13455efb336","69e8e64c7152be834b563d08","<p style=""font-size: 60px; font-family: FragmentMono"">YWQLAOWMF</p>","","","training","","","","","","","",""
"null","null","html-keyboard-response","255","458356","0.0-13.0-0.5","69d8b313ae434f632a305c9b","69d7901e3430d13455efb336","69e8e64c7152be834b563d08","<p style=""font-size: 60px; font-family: FragmentMono"">EYAEYVLQV</p>","","","training","","","","","","","",""
"null","null","html-keyboard-response","256","459361","0.0-13.0-0.6","69d8b313ae434f632a305c9b","69d7901e3430d13455efb336","69e8e64c7152be834b563d08","<p style=""font-size: 60px; font-family: FragmentMono"">QPMYJXPX</p>","","","training","","","","","","","",""
"null","null","html-keyboard-response","257","460364","0.0-13.0-0.7","69d8b313ae434f632a305c9b","69d7901e3430d13455efb336","69e8e64c7152be834b563d08","<p style=""font-size: 60px; font-family: FragmentMono"">HNCXAJKL</p>","","","training","","","","","","","",""
"null","null","html-keyboard-response","258","461374","0.0-13.0-0.8","69d8b313ae434f632a305c9b","69d7901e3430d13455efb336","69e8e64c7152be834b563d08","<p style=""font-size: 60px; font-family: FragmentMono"">XUFEBZE</p>","","","training","","","","","","","",""
"null","null","html-keyboard-response","259","462377","0.0-13.0-0.9","69d8b313ae434f632a305c9b","69d7901e3430d13455efb336","69e8e64c7152be834b563d08","<p style=""font-size: 60px; font-family: FragmentMono"">YNQYFYG</p>","","","training","","","","","","","",""
"null","null","html-keyboard-response","260","463386","0.0-13.0-0.10","69d8b313ae434f632a305c9b","69d7901e3430d13455efb336","69e8e64c7152be834b563d08","<p style=""font-size: 60px; font-family: FragmentMono"">WRGAMBZE</p>","","","training","","","","","","","",""
"null","null","html-keyboard-response","261","464394","0.0-13.0-0.11","69d8b313ae434f632a305c9b","69d7901e3430d13455efb336","69e8e64c7152be834b563d08","<p style=""font-size: 60px; font-family: FragmentMono"">XUFEFYG</p>","","","training","","","","","","","",""
"null","null","html-keyboard-response","262","465403","0.0-13.0-0.12","69d8b313ae434f632a305c9b","69d7901e3430d13455efb336","69e8e64c7152be834b563d08","<p style=""font-size: 60px; font-family: FragmentMono"">APQHTRMPE</p>","","","training","","","","","","","",""
"null","null","html-keyboard-response","263","466412","0.0-13.0-0.13","69d8b313ae434f632a305c9b","69d7901e3430d13455efb336","69e8e64c7152be834b563d08","<p style=""font-size: 60px; font-family: FragmentMono"">YWQLAFYG</p>","","","training","","","","","","","",""
"null","null","html-keyboard-response","264","467416","0.0-13.0-0.14","69d8b313ae434f632a305c9b","69d7901e3430d13455efb336","69e8e64c7152be834b563d08","<p style=""font-size: 60px; font-family: FragmentMono"">CHASSJXPX</p>","","","training","","","","","","","",""
"null","null","html-keyboard-response","265","468419","0.0-13.0-0.15","69d8b313ae434f632a305c9b","69d7901e3430d13455efb336","69e8e64c7152be834b563d08","<p style=""font-size: 60px; font-family: FragmentMono"">EYAEYXAYA</p>","","","training","","","","","","","",""
"null","null","html-keyboard-response","266","469429","0.0-13.0-0.16","69d8b313ae434f632a305c9b","69d7901e3430d13455efb336","69e8e64c7152be834b563d08","<p style=""font-size: 60px; font-family: FragmentMono"">YNQYJXPX</p>","","","training","","","","","","","",""
"null","null","html-keyboard-response","267","470435","0.0-13.0-0.17","69d8b313ae434f632a305c9b","69d7901e3430d13455efb336","69e8e64c7152be834b563d08","<p style=""font-size: 60px; font-family: FragmentMono"">TQZUJKL</p>","","","training","","","","","","","",""
"null","null","html-keyboard-response","268","471450","0.0-13.0-0.18","69d8b313ae434f632a305c9b","69d7901e3430d13455efb336","69e8e64c7152be834b563d08","<p style=""font-size: 60px; font-family: FragmentMono"">QETUJXPX</p>","","","training","","","","","","","",""
"null","null","html-keyboard-response","269","472454","0.0-13.0-0.19","69d8b313ae434f632a305c9b","69d7901e3430d13455efb336","69e8e64c7152be834b563d08","<p style=""font-size: 60px; font-family: FragmentMono"">GNWHIOVF</p>","","","training","","","","","","","",""
"null","null","html-keyboard-response","270","473465","0.0-13.0-0.20","69d8b313ae434f632a305c9b","69d7901e3430d13455efb336","69e8e64c7152be834b563d08","<p style=""font-size: 60px; font-family: FragmentMono"">AJDZUXAYA</p>","","","training","","","","","","","",""
"null","null","html-keyboard-response","271","474474","0.0-13.0-0.21","69d8b313ae434f632a305c9b","69d7901e3430d13455efb336","69e8e64c7152be834b563d08","<p style=""font-size: 60px; font-family: FragmentMono"">PTPZJXPX</p>","","","training","","","","","","","",""
"null","null","html-keyboard-response","272","475484","0.0-13.0-0.22","69d8b313ae434f632a305c9b","69d7901e3430d13455efb336","69e8e64c7152be834b563d08","<p style=""font-size: 60px; font-family: FragmentMono"">HNCXAXAYA</p>","","","training","","","","","","","",""
"null","null","html-keyboard-response","273","476493","0.0-13.0-0.23","69d8b313ae434f632a305c9b","69d7901e3430d13455efb336","69e8e64c7152be834b563d08","<p style=""font-size: 60px; font-family: FragmentMono"">WRGAMRMPE</p>","","","training","","","","","","","",""
"null","null","html-keyboard-response","274","477506","0.0-13.0-0.24","69d8b313ae434f632a305c9b","69d7901e3430d13455efb336","69e8e64c7152be834b563d08","<p style=""font-size: 60px; font-family: FragmentMono"">PTPZBZE</p>","","","training","","","","","","","",""
"null","null","html-keyboard-response","275","478514","0.0-13.0-0.25","69d8b313ae434f632a305c9b","69d7901e3430d13455efb336","69e8e64c7152be834b563d08","<p style=""font-size: 60px; font-family: FragmentMono"">APQHTFYG</p>","","","training","","","","","","","",""
"null","null","html-keyboard-response","276","479529","0.0-13.0-0.26","69d8b313ae434f632a305c9b","69d7901e3430d13455efb336","69e8e64c7152be834b563d08","<p style=""font-size: 60px; font-family: FragmentMono"">WRGAMOWMF</p>","","","training","","","","","","","",""
"null","null","html-keyboard-response","277","480533","0.0-13.0-0.27","69d8b313ae434f632a305c9b","69d7901e3430d13455efb336","69e8e64c7152be834b563d08","<p style=""font-size: 60px; font-family: FragmentMono"">APQHTBZE</p>","","","training","","","","","","","",""
"null","null","html-keyboard-response","278","481543","0.0-13.0-0.28","69d8b313ae434f632a305c9b","69d7901e3430d13455efb336","69e8e64c7152be834b563d08","<p style=""font-size: 60px; font-family: FragmentMono"">CHASSOWMF</p>","","","training","","","","","","","",""
"null","null","html-keyboard-response","279","482547","0.0-13.0-0.29","69d8b313ae434f632a305c9b","69d7901e3430d13455efb336","69e8e64c7152be834b563d08","<p style=""font-size: 60px; font-family: FragmentMono"">YNQYRMPE</p>","","","training","","","","","","","",""
"null","null","html-keyboard-response","280","483555","0.0-13.0-0.30","69d8b313ae434f632a305c9b","69d7901e3430d13455efb336","69e8e64c7152be834b563d08","<p style=""font-size: 60px; font-family: FragmentMono"">CGHNRJMH</p>","","","training","","","","","","","",""
"null","null","html-keyboard-response","281","484565","0.0-13.0-0.31","69d8b313ae434f632a305c9b","69d7901e3430d13455efb336","69e8e64c7152be834b563d08","<p style=""font-size: 60px; font-family: FragmentMono"">YWQLARMPE</p>","","","training","","","","","","","",""
"null","null","html-keyboard-response","282","485575","0.0-13.0-0.32","69d8b313ae434f632a305c9b","69d7901e3430d13455efb336","69e8e64c7152be834b563d08","<p style=""font-size: 60px; font-family: FragmentMono"">XUFEJXPX</p>","","","training","","","","","","","",""
"null","null","html-keyboard-response","283","486582","0.0-13.0-0.33","69d8b313ae434f632a305c9b","69d7901e3430d13455efb336","69e8e64c7152be834b563d08","<p style=""font-size: 60px; font-family: FragmentMono"">CHASSBZE</p>","","","training","","","","","","","",""
"null","null","html-keyboard-response","284","487590","0.0-13.0-0.34","69d8b313ae434f632a305c9b","69d7901e3430d13455efb336","69e8e64c7152be834b563d08","<p style=""font-size: 60px; font-family: FragmentMono"">BWRLYJKL</p>","","","training","","","","","","","",""
"null","null","html-keyboard-response","285","488597","0.0-13.0-0.35","69d8b313ae434f632a305c9b","69d7901e3430d13455efb336","69e8e64c7152be834b563d08","<p style=""font-size: 60px; font-family: FragmentMono"">AJDZUVLQV</p>","","","training","","","","","","","",""
"null","null","html-keyboard-response","286","489601","0.0-13.0-0.36","69d8b313ae434f632a305c9b","69d7901e3430d13455efb336","69e8e64c7152be834b563d08","<p style=""font-size: 60px; font-family: FragmentMono"">XBQDOWMF</p>","","","training","","","","","","","",""
"null","null","html-keyboard-response","287","490609","0.0-13.0-0.37","69d8b313ae434f632a305c9b","69d7901e3430d13455efb336","69e8e64c7152be834b563d08","<p style=""font-size: 60px; font-family: FragmentMono"">QPMYRMPE</p>","","","training","","","","","","","",""
"null","null","html-keyboard-response","288","491615","0.0-13.0-0.38","69d8b313ae434f632a305c9b","69d7901e3430d13455efb336","69e8e64c7152be834b563d08","<p style=""font-size: 60px; font-family: FragmentMono"">YWGOIOVF</p>","","","training","","","","","","","",""
"null","null","html-keyboard-response","289","492625","0.0-13.0-0.39","69d8b313ae434f632a305c9b","69d7901e3430d13455efb336","69e8e64c7152be834b563d08","<p style=""font-size: 60px; font-family: FragmentMono"">BWRLYRJMH</p>","","","training","","","","","","","",""
"null","null","html-keyboard-response","290","493632","0.0-13.0-0.40","69d8b313ae434f632a305c9b","69d7901e3430d13455efb336","69e8e64c7152be834b563d08","<p style=""font-size: 60px; font-family: FragmentMono"">APQHTJXPX</p>","","","training","","","","","","","",""
"null","null","html-keyboard-response","291","494649","0.0-13.0-0.41","69d8b313ae434f632a305c9b","69d7901e3430d13455efb336","69e8e64c7152be834b563d08","<p style=""font-size: 60px; font-family: FragmentMono"">TQZUXAYA</p>","","","training","","","","","","","",""
"null","null","html-keyboard-response","292","495650","0.0-13.0-0.42","69d8b313ae434f632a305c9b","69d7901e3430d13455efb336","69e8e64c7152be834b563d08","<p style=""font-size: 60px; font-family: FragmentMono"">GNWHRJMH</p>","","","training","","","","","","","",""
"null","null","html-keyboard-response","293","496653","0.0-13.0-0.43","69d8b313ae434f632a305c9b","69d7901e3430d13455efb336","69e8e64c7152be834b563d08","<p style=""font-size: 60px; font-family: FragmentMono"">CHASSRMPE</p>","","","training","","","","","","","",""
"null","null","html-keyboard-response","294","497660","0.0-13.0-0.44","69d8b313ae434f632a305c9b","69d7901e3430d13455efb336","69e8e64c7152be834b563d08","<p style=""font-size: 60px; font-family: FragmentMono"">QETUBZE</p>","","","training","","","","","","","",""
"null","null","html-keyboard-response","295","498679","0.0-13.0-0.45","69d8b313ae434f632a305c9b","69d7901e3430d13455efb336","69e8e64c7152be834b563d08","<p style=""font-size: 60px; font-family: FragmentMono"">PTPZOWMF</p>","","","training","","","","","","","",""
"null","null","html-keyboard-response","296","499691","0.0-13.0-0.46","69d8b313ae434f632a305c9b","69d7901e3430d13455efb336","69e8e64c7152be834b563d08","<p style=""font-size: 60px; font-family: FragmentMono"">TQZUVLQV</p>","","","training","","","","","","","",""
"null","null","html-keyboard-response","297","500696","0.0-13.0-0.47","69d8b313ae434f632a305c9b","69d7901e3430d13455efb336","69e8e64c7152be834b563d08","<p style=""font-size: 60px; font-family: FragmentMono"">NVLXNIOVF</p>","","","training","","","","","","","",""
"null","null","html-keyboard-response","298","501701","0.0-13.0-0.48","69d8b313ae434f632a305c9b","69d7901e3430d13455efb336","69e8e64c7152be834b563d08","<p style=""font-size: 60px; font-family: FragmentMono"">EYAEYJKL</p>","","","training","","","","","","","",""
"null","null","html-keyboard-response","299","502716","0.0-13.0-0.49","69d8b313ae434f632a305c9b","69d7901e3430d13455efb336","69e8e64c7152be834b563d08","<p style=""font-size: 60px; font-family: FragmentMono"">TQZURJMH</p>","","","training","","","","","","","",""
"null","null","html-keyboard-response","300","503729","0.0-13.0-0.50","69d8b313ae434f632a305c9b","69d7901e3430d13455efb336","69e8e64c7152be834b563d08","<p style=""font-size: 60px; font-family: FragmentMono"">GNWHXAYA</p>","","","training","","","","","","","",""
"null","null","html-keyboard-response","301","504738","0.0-13.0-0.51","69d8b313ae434f632a305c9b","69d7901e3430d13455efb336","69e8e64c7152be834b563d08","<p style=""font-size: 60px; font-family: FragmentMono"">EYAEYIOVF</p>","","","training","","","","","","","",""
"null","null","html-keyboard-response","302","505744","0.0-13.0-0.52","69d8b313ae434f632a305c9b","69d7901e3430d13455efb336","69e8e64c7152be834b563d08","<p style=""font-size: 60px; font-family: FragmentMono"">NVLXNVLQV</p>","","","training","","","","","","","",""
"null","null","html-keyboard-response","303","506754","0.0-13.0-0.53","69d8b313ae434f632a305c9b","69d7901e3430d13455efb336","69e8e64c7152be834b563d08","<p style=""font-size: 60px; font-family: FragmentMono"">AJDZURJMH</p>","","","training","","","","","","","",""
"null","null","html-keyboard-response","304","507772","0.0-13.0-0.54","69d8b313ae434f632a305c9b","69d7901e3430d13455efb336","69e8e64c7152be834b563d08","<p style=""font-size: 60px; font-family: FragmentMono"">YWGOXAYA</p>","","","training","","","","","","","",""
"null","null","html-keyboard-response","305","508775","0.0-13.0-0.55","69d8b313ae434f632a305c9b","69d7901e3430d13455efb336","69e8e64c7152be834b563d08","<p style=""font-size: 60px; font-family: FragmentMono"">GNWHVLQV</p>","","","training","","","","","","","",""
"null","null","html-keyboard-response","306","509792","0.0-13.0-0.56","69d8b313ae434f632a305c9b","69d7901e3430d13455efb336","69e8e64c7152be834b563d08","<p style=""font-size: 60px; font-family: FragmentMono"">DWXDJKL</p>","","","training","","","","","","","",""
"null","null","html-keyboard-response","307","510803","0.0-13.0-0.57","69d8b313ae434f632a305c9b","69d7901e3430d13455efb336","69e8e64c7152be834b563d08","<p style=""font-size: 60px; font-family: FragmentMono"">HNCXARJMH</p>","","","training","","","","","","","",""
"null","null","html-keyboard-response","308","511812","0.0-13.0-0.58","69d8b313ae434f632a305c9b","69d7901e3430d13455efb336","69e8e64c7152be834b563d08","<p style=""font-size: 60px; font-family: FragmentMono"">NVLXNJKL</p>","","","training","","","","","","","",""
"null","null","html-keyboard-response","309","512819","0.0-13.0-0.59","69d8b313ae434f632a305c9b","69d7901e3430d13455efb336","69e8e64c7152be834b563d08","<p style=""font-size: 60px; font-family: FragmentMono"">AJDZUIOVF</p>","","","training","","","","","","","",""
"null","null","html-keyboard-response","310","513826","0.0-13.0-0.60","69d8b313ae434f632a305c9b","69d7901e3430d13455efb336","69e8e64c7152be834b563d08","<p style=""font-size: 60px; font-family: FragmentMono"">XBQDRMPE</p>","","","training","","","","","","","",""
"null","null","html-keyboard-response","311","514837","0.0-13.0-0.61","69d8b313ae434f632a305c9b","69d7901e3430d13455efb336","69e8e64c7152be834b563d08","<p style=""font-size: 60px; font-family: FragmentMono"">DWXDVLQV</p>","","","training","","","","","","","",""
"null","null","html-keyboard-response","312","515843","0.0-13.0-0.62","69d8b313ae434f632a305c9b","69d7901e3430d13455efb336","69e8e64c7152be834b563d08","<p style=""font-size: 60px; font-family: FragmentMono"">YWQLABZE</p>","","","training","","","","","","","",""
"null","null","html-keyboard-response","313","516855","0.0-13.0-0.63","69d8b313ae434f632a305c9b","69d7901e3430d13455efb336","69e8e64c7152be834b563d08","<p style=""font-size: 60px; font-family: FragmentMono"">DWXDXAYA</p>","","","training","","","","","","","",""
"null","null","html-keyboard-response","314","517867","0.0-13.0-0.64","69d8b313ae434f632a305c9b","69d7901e3430d13455efb336","69e8e64c7152be834b563d08","<p style=""font-size: 60px; font-family: FragmentMono"">NVLXNRJMH</p>","","","training","","","","","","","",""
"null","null","html-keyboard-response","315","518871","0.0-13.0-0.65","69d8b313ae434f632a305c9b","69d7901e3430d13455efb336","69e8e64c7152be834b563d08","<p style=""font-size: 60px; font-family: FragmentMono"">YWGOVLQV</p>","","","training","","","","","","","",""
"null","null","html-keyboard-response","316","519880","0.0-13.0-0.66","69d8b313ae434f632a305c9b","69d7901e3430d13455efb336","69e8e64c7152be834b563d08","<p style=""font-size: 60px; font-family: FragmentMono"">DWXDRJMH</p>","","","training","","","","","","","",""
"null","null","html-keyboard-response","317","520885","0.0-13.0-0.67","69d8b313ae434f632a305c9b","69d7901e3430d13455efb336","69e8e64c7152be834b563d08","<p style=""font-size: 60px; font-family: FragmentMono"">YWGOJKL</p>","","","training","","","","","","","",""
"null","null","html-keyboard-response","318","521894","0.0-13.0-0.68","69d8b313ae434f632a305c9b","69d7901e3430d13455efb336","69e8e64c7152be834b563d08","<p style=""font-size: 60px; font-family: FragmentMono"">XBQDJXPX</p>","","","training","","","","","","","",""
"null","null","html-keyboard-response","319","522906","0.0-13.0-0.69","69d8b313ae434f632a305c9b","69d7901e3430d13455efb336","69e8e64c7152be834b563d08","<p style=""font-size: 60px; font-family: FragmentMono"">BWRLYVLQV</p>","","","training","","","","","","","",""
"null","null","html-keyboard-response","320","523912","0.0-13.0-0.70","69d8b313ae434f632a305c9b","69d7901e3430d13455efb336","69e8e64c7152be834b563d08","<p style=""font-size: 60px; font-family: FragmentMono"">XUFEOWMF</p>","","","training","","","","","","","",""
"null","null","html-keyboard-response","321","524919","0.0-13.0-0.71","69d8b313ae434f632a305c9b","69d7901e3430d13455efb336","69e8e64c7152be834b563d08","<p style=""font-size: 60px; font-family: FragmentMono"">QPMYBZE</p>","","","training","","","","","","","",""
"null","null","html-keyboard-response","322","525922","0.0-13.0-0.72","69d8b313ae434f632a305c9b","69d7901e3430d13455efb336","69e8e64c7152be834b563d08","<p style=""font-size: 60px; font-family: FragmentMono"">QETUOWMF</p>","","","training","","","","","","","",""
"null","null","html-keyboard-response","323","526926","0.0-13.0-0.73","69d8b313ae434f632a305c9b","69d7901e3430d13455efb336","69e8e64c7152be834b563d08","<p style=""font-size: 60px; font-family: FragmentMono"">CGHNXAYA</p>","","","training","","","","","","","",""
"null","null","html-keyboard-response","324","527934","0.0-13.0-0.74","69d8b313ae434f632a305c9b","69d7901e3430d13455efb336","69e8e64c7152be834b563d08","<p style=""font-size: 60px; font-family: FragmentMono"">QETURMPE</p>","","","training","","","","","","","",""
"null","null","html-keyboard-response","325","528943","0.0-13.0-0.75","69d8b313ae434f632a305c9b","69d7901e3430d13455efb336","69e8e64c7152be834b563d08","<p style=""font-size: 60px; font-family: FragmentMono"">HNCXAIOVF</p>","","","training","","","","","","","",""
"null","null","html-keyboard-response","326","529948","0.0-13.0-0.76","69d8b313ae434f632a305c9b","69d7901e3430d13455efb336","69e8e64c7152be834b563d08","<p style=""font-size: 60px; font-family: FragmentMono"">QPMYFYG</p>","","","training","","","","","","","",""
"null","null","html-keyboard-response","327","530958","0.0-13.0-0.77","69d8b313ae434f632a305c9b","69d7901e3430d13455efb336","69e8e64c7152be834b563d08","<p style=""font-size: 60px; font-family: FragmentMono"">YNQYOWMF</p>","","","training","","","","","","","",""
"null","null","html-keyboard-response","328","531973","0.0-13.0-0.78","69d8b313ae434f632a305c9b","69d7901e3430d13455efb336","69e8e64c7152be834b563d08","<p style=""font-size: 60px; font-family: FragmentMono"">PTPZFYG</p>","","","training","","","","","","","",""
"null","null","html-keyboard-response","329","532987","0.0-13.0-0.79","69d8b313ae434f632a305c9b","69d7901e3430d13455efb336","69e8e64c7152be834b563d08","<p style=""font-size: 60px; font-family: FragmentMono"">CGHNIOVF</p>","","","training","","","","","","","",""
"4646"," ","html-keyboard-response","330","537634","0.0-14.0","69d8b313ae434f632a305c9b","69d7901e3430d13455efb336","69e8e64c7152be834b563d08","<p style=""font-size: 30px"">Great, you've seen the fourth block of words. You may now take a short break.</p>
      <p style=""font-size: 30px"">Press the spacebar when you're ready to continue.</p>","","","","","","","","","","",""
"null","null","html-keyboard-response","331","538640","0.0-15.0-0.0","69d8b313ae434f632a305c9b","69d7901e3430d13455efb336","69e8e64c7152be834b563d08","<p style=""font-size: 60px; font-family: FragmentMono"">CHASSOWMF</p>","","","training","","","","","","","",""
"null","null","html-keyboard-response","332","539653","0.0-15.0-0.1","69d8b313ae434f632a305c9b","69d7901e3430d13455efb336","69e8e64c7152be834b563d08","<p style=""font-size: 60px; font-family: FragmentMono"">YWGOJKL</p>","","","training","","","","","","","",""
"null","null","html-keyboard-response","333","540663","0.0-15.0-0.2","69d8b313ae434f632a305c9b","69d7901e3430d13455efb336","69e8e64c7152be834b563d08","<p style=""font-size: 60px; font-family: FragmentMono"">PTPZBZE</p>","","","training","","","","","","","",""
"null","null","html-keyboard-response","334","541666","0.0-15.0-0.3","69d8b313ae434f632a305c9b","69d7901e3430d13455efb336","69e8e64c7152be834b563d08","<p style=""font-size: 60px; font-family: FragmentMono"">WRGAMRMPE</p>","","","training","","","","","","","",""
"null","null","html-keyboard-response","335","542680","0.0-15.0-0.4","69d8b313ae434f632a305c9b","69d7901e3430d13455efb336","69e8e64c7152be834b563d08","<p style=""font-size: 60px; font-family: FragmentMono"">XBQDJXPX</p>","","","training","","","","","","","",""
"null","null","html-keyboard-response","336","543690","0.0-15.0-0.5","69d8b313ae434f632a305c9b","69d7901e3430d13455efb336","69e8e64c7152be834b563d08","<p style=""font-size: 60px; font-family: FragmentMono"">XUFEFYG</p>","","","training","","","","","","","",""
"null","null","html-keyboard-response","337","544696","0.0-15.0-0.6","69d8b313ae434f632a305c9b","69d7901e3430d13455efb336","69e8e64c7152be834b563d08","<p style=""font-size: 60px; font-family: FragmentMono"">QPMYRMPE</p>","","","training","","","","","","","",""
"null","null","html-keyboard-response","338","545700","0.0-15.0-0.7","69d8b313ae434f632a305c9b","69d7901e3430d13455efb336","69e8e64c7152be834b563d08","<p style=""font-size: 60px; font-family: FragmentMono"">XBQDFYG</p>","","","training","","","","","","","",""
"null","null","html-keyboard-response","339","546718","0.0-15.0-0.8","69d8b313ae434f632a305c9b","69d7901e3430d13455efb336","69e8e64c7152be834b563d08","<p style=""font-size: 60px; font-family: FragmentMono"">YWQLABZE</p>","","","training","","","","","","","",""
"null","null","html-keyboard-response","340","547737","0.0-15.0-0.9","69d8b313ae434f632a305c9b","69d7901e3430d13455efb336","69e8e64c7152be834b563d08","<p style=""font-size: 60px; font-family: FragmentMono"">WRGAMFYG</p>","","","training","","","","","","","",""
"null","null","html-keyboard-response","341","548744","0.0-15.0-0.10","69d8b313ae434f632a305c9b","69d7901e3430d13455efb336","69e8e64c7152be834b563d08","<p style=""font-size: 60px; font-family: FragmentMono"">CGHNXAYA</p>","","","training","","","","","","","",""
"null","null","html-keyboard-response","342","549754","0.0-15.0-0.11","69d8b313ae434f632a305c9b","69d7901e3430d13455efb336","69e8e64c7152be834b563d08","<p style=""font-size: 60px; font-family: FragmentMono"">TQZURJMH</p>","","","training","","","","","","","",""
"null","null","html-keyboard-response","343","550769","0.0-15.0-0.12","69d8b313ae434f632a305c9b","69d7901e3430d13455efb336","69e8e64c7152be834b563d08","<p style=""font-size: 60px; font-family: FragmentMono"">DWXDVLQV</p>","","","training","","","","","","","",""
"null","null","html-keyboard-response","344","551784","0.0-15.0-0.13","69d8b313ae434f632a305c9b","69d7901e3430d13455efb336","69e8e64c7152be834b563d08","<p style=""font-size: 60px; font-family: FragmentMono"">NVLXNJKL</p>","","","training","","","","","","","",""
"null","null","html-keyboard-response","345","552793","0.0-15.0-0.14","69d8b313ae434f632a305c9b","69d7901e3430d13455efb336","69e8e64c7152be834b563d08","<p style=""font-size: 60px; font-family: FragmentMono"">PTPZJXPX</p>","","","training","","","","","","","",""
"null","null","html-keyboard-response","346","553803","0.0-15.0-0.15","69d8b313ae434f632a305c9b","69d7901e3430d13455efb336","69e8e64c7152be834b563d08","<p style=""font-size: 60px; font-family: FragmentMono"">AJDZURJMH</p>","","","training","","","","","","","",""
"null","null","html-keyboard-response","347","554807","0.0-15.0-0.16","69d8b313ae434f632a305c9b","69d7901e3430d13455efb336","69e8e64c7152be834b563d08","<p style=""font-size: 60px; font-family: FragmentMono"">QETUOWMF</p>","","","training","","","","","","","",""
"null","null","html-keyboard-response","348","555818","0.0-15.0-0.17","69d8b313ae434f632a305c9b","69d7901e3430d13455efb336","69e8e64c7152be834b563d08","<p style=""font-size: 60px; font-family: FragmentMono"">YWGOXAYA</p>","","","training","","","","","","","",""
"null","null","html-keyboard-response","349","556822","0.0-15.0-0.18","69d8b313ae434f632a305c9b","69d7901e3430d13455efb336","69e8e64c7152be834b563d08","<p style=""font-size: 60px; font-family: FragmentMono"">QETURMPE</p>","","","training","","","","","","","",""
"null","null","html-keyboard-response","350","557832","0.0-15.0-0.19","69d8b313ae434f632a305c9b","69d7901e3430d13455efb336","69e8e64c7152be834b563d08","<p style=""font-size: 60px; font-family: FragmentMono"">PTPZFYG</p>","","","training","","","","","","","",""
"null","null","html-keyboard-response","351","558839","0.0-15.0-0.20","69d8b313ae434f632a305c9b","69d7901e3430d13455efb336","69e8e64c7152be834b563d08","<p style=""font-size: 60px; font-family: FragmentMono"">NVLXNIOVF</p>","","","training","","","","","","","",""
"null","null","html-keyboard-response","352","559845","0.0-15.0-0.21","69d8b313ae434f632a305c9b","69d7901e3430d13455efb336","69e8e64c7152be834b563d08","<p style=""font-size: 60px; font-family: FragmentMono"">YWGOVLQV</p>","","","training","","","","","","","",""
"null","null","html-keyboard-response","353","560853","0.0-15.0-0.22","69d8b313ae434f632a305c9b","69d7901e3430d13455efb336","69e8e64c7152be834b563d08","<p style=""font-size: 60px; font-family: FragmentMono"">YNQYFYG</p>","","","training","","","","","","","",""
"null","null","html-keyboard-response","354","561864","0.0-15.0-0.23","69d8b313ae434f632a305c9b","69d7901e3430d13455efb336","69e8e64c7152be834b563d08","<p style=""font-size: 60px; font-family: FragmentMono"">NVLXNVLQV</p>","","","training","","","","","","","",""
"null","null","html-keyboard-response","355","562873","0.0-15.0-0.24","69d8b313ae434f632a305c9b","69d7901e3430d13455efb336","69e8e64c7152be834b563d08","<p style=""font-size: 60px; font-family: FragmentMono"">QETUBZE</p>","","","training","","","","","","","",""
"null","null","html-keyboard-response","356","563881","0.0-15.0-0.25","69d8b313ae434f632a305c9b","69d7901e3430d13455efb336","69e8e64c7152be834b563d08","<p style=""font-size: 60px; font-family: FragmentMono"">BWRLYRJMH</p>","","","training","","","","","","","",""
"null","null","html-keyboard-response","357","564896","0.0-15.0-0.26","69d8b313ae434f632a305c9b","69d7901e3430d13455efb336","69e8e64c7152be834b563d08","<p style=""font-size: 60px; font-family: FragmentMono"">QPMYFYG</p>","","","training","","","","","","","",""
"null","null","html-keyboard-response","358","565900","0.0-15.0-0.27","69d8b313ae434f632a305c9b","69d7901e3430d13455efb336","69e8e64c7152be834b563d08","<p style=""font-size: 60px; font-family: FragmentMono"">GNWHXAYA</p>","","","training","","","","","","","",""
"null","null","html-keyboard-response","359","566909","0.0-15.0-0.28","69d8b313ae434f632a305c9b","69d7901e3430d13455efb336","69e8e64c7152be834b563d08","<p style=""font-size: 60px; font-family: FragmentMono"">YWGOIOVF</p>","","","training","","","","","","","",""
"null","null","html-keyboard-response","360","567915","0.0-15.0-0.29","69d8b313ae434f632a305c9b","69d7901e3430d13455efb336","69e8e64c7152be834b563d08","<p style=""font-size: 60px; font-family: FragmentMono"">GNWHVLQV</p>","","","training","","","","","","","",""
"null","null","html-keyboard-response","361","568924","0.0-15.0-0.30","69d8b313ae434f632a305c9b","69d7901e3430d13455efb336","69e8e64c7152be834b563d08","<p style=""font-size: 60px; font-family: FragmentMono"">CGHNJKL</p>","","","training","","","","","","","",""
"null","null","html-keyboard-response","362","569928","0.0-15.0-0.31","69d8b313ae434f632a305c9b","69d7901e3430d13455efb336","69e8e64c7152be834b563d08","<p style=""font-size: 60px; font-family: FragmentMono"">WRGAMBZE</p>","","","training","","","","","","","",""
"null","null","html-keyboard-response","363","570933","0.0-15.0-0.32","69d8b313ae434f632a305c9b","69d7901e3430d13455efb336","69e8e64c7152be834b563d08","<p style=""font-size: 60px; font-family: FragmentMono"">GNWHIOVF</p>","","","training","","","","","","","",""
"null","null","html-keyboard-response","364","571948","0.0-15.0-0.33","69d8b313ae434f632a305c9b","69d7901e3430d13455efb336","69e8e64c7152be834b563d08","<p style=""font-size: 60px; font-family: FragmentMono"">QPMYBZE</p>","","","training","","","","","","","",""
"null","null","html-keyboard-response","365","572954","0.0-15.0-0.34","69d8b313ae434f632a305c9b","69d7901e3430d13455efb336","69e8e64c7152be834b563d08","<p style=""font-size: 60px; font-family: FragmentMono"">BWRLYIOVF</p>","","","training","","","","","","","",""
"null","null","html-keyboard-response","366","573956","0.0-15.0-0.35","69d8b313ae434f632a305c9b","69d7901e3430d13455efb336","69e8e64c7152be834b563d08","<p style=""font-size: 60px; font-family: FragmentMono"">YWQLAFYG</p>","","","training","","","","","","","",""
"null","null","html-keyboard-response","367","574963","0.0-15.0-0.36","69d8b313ae434f632a305c9b","69d7901e3430d13455efb336","69e8e64c7152be834b563d08","<p style=""font-size: 60px; font-family: FragmentMono"">CHASSBZE</p>","","","training","","","","","","","",""
"null","null","html-keyboard-response","368","575971","0.0-15.0-0.37","69d8b313ae434f632a305c9b","69d7901e3430d13455efb336","69e8e64c7152be834b563d08","<p style=""font-size: 60px; font-family: FragmentMono"">HNCXAXAYA</p>","","","training","","","","","","","",""
"null","null","html-keyboard-response","369","576987","0.0-15.0-0.38","69d8b313ae434f632a305c9b","69d7901e3430d13455efb336","69e8e64c7152be834b563d08","<p style=""font-size: 60px; font-family: FragmentMono"">WRGAMOWMF</p>","","","training","","","","","","","",""
"null","null","html-keyboard-response","370","577999","0.0-15.0-0.39","69d8b313ae434f632a305c9b","69d7901e3430d13455efb336","69e8e64c7152be834b563d08","<p style=""font-size: 60px; font-family: FragmentMono"">EYAEYXAYA</p>","","","training","","","","","","","",""
"null","null","html-keyboard-response","371","579001","0.0-15.0-0.40","69d8b313ae434f632a305c9b","69d7901e3430d13455efb336","69e8e64c7152be834b563d08","<p style=""font-size: 60px; font-family: FragmentMono"">CHASSJXPX</p>","","","training","","","","","","","",""
"null","null","html-keyboard-response","372","580003","0.0-15.0-0.41","69d8b313ae434f632a305c9b","69d7901e3430d13455efb336","69e8e64c7152be834b563d08","<p style=""font-size: 60px; font-family: FragmentMono"">DWXDXAYA</p>","","","training","","","","","","","",""
"null","null","html-keyboard-response","373","581019","0.0-15.0-0.42","69d8b313ae434f632a305c9b","69d7901e3430d13455efb336","69e8e64c7152be834b563d08","<p style=""font-size: 60px; font-family: FragmentMono"">XUFEOWMF</p>","","","training","","","","","","","",""
"null","null","html-keyboard-response","374","582034","0.0-15.0-0.43","69d8b313ae434f632a305c9b","69d7901e3430d13455efb336","69e8e64c7152be834b563d08","<p style=""font-size: 60px; font-family: FragmentMono"">TQZUVLQV</p>","","","training","","","","","","","",""
"null","null","html-keyboard-response","375","583040","0.0-15.0-0.44","69d8b313ae434f632a305c9b","69d7901e3430d13455efb336","69e8e64c7152be834b563d08","<p style=""font-size: 60px; font-family: FragmentMono"">AJDZUIOVF</p>","","","training","","","","","","","",""
"null","null","html-keyboard-response","376","584051","0.0-15.0-0.45","69d8b313ae434f632a305c9b","69d7901e3430d13455efb336","69e8e64c7152be834b563d08","<p style=""font-size: 60px; font-family: FragmentMono"">YWQLAOWMF</p>","","","training","","","","","","","",""
"null","null","html-keyboard-response","377","585062","0.0-15.0-0.46","69d8b313ae434f632a305c9b","69d7901e3430d13455efb336","69e8e64c7152be834b563d08","<p style=""font-size: 60px; font-family: FragmentMono"">APQHTJXPX</p>","","","training","","","","","","","",""
"null","null","html-keyboard-response","378","586072","0.0-15.0-0.47","69d8b313ae434f632a305c9b","69d7901e3430d13455efb336","69e8e64c7152be834b563d08","<p style=""font-size: 60px; font-family: FragmentMono"">XUFEBZE</p>","","","training","","","","","","","",""
"null","null","html-keyboard-response","379","587075","0.0-15.0-0.48","69d8b313ae434f632a305c9b","69d7901e3430d13455efb336","69e8e64c7152be834b563d08","<p style=""font-size: 60px; font-family: FragmentMono"">YNQYJXPX</p>","","","training","","","","","","","",""
"null","null","html-keyboard-response","380","588084","0.0-15.0-0.49","69d8b313ae434f632a305c9b","69d7901e3430d13455efb336","69e8e64c7152be834b563d08","<p style=""font-size: 60px; font-family: FragmentMono"">EYAEYVLQV</p>","","","training","","","","","","","",""
"null","null","html-keyboard-response","381","589090","0.0-15.0-0.50","69d8b313ae434f632a305c9b","69d7901e3430d13455efb336","69e8e64c7152be834b563d08","<p style=""font-size: 60px; font-family: FragmentMono"">QETUJXPX</p>","","","training","","","","","","","",""
"null","null","html-keyboard-response","382","590101","0.0-15.0-0.51","69d8b313ae434f632a305c9b","69d7901e3430d13455efb336","69e8e64c7152be834b563d08","<p style=""font-size: 60px; font-family: FragmentMono"">YWQLARMPE</p>","","","training","","","","","","","",""
"null","null","html-keyboard-response","383","591110","0.0-15.0-0.52","69d8b313ae434f632a305c9b","69d7901e3430d13455efb336","69e8e64c7152be834b563d08","<p style=""font-size: 60px; font-family: FragmentMono"">AJDZUXAYA</p>","","","training","","","","","","","",""
"null","null","html-keyboard-response","384","592122","0.0-15.0-0.53","69d8b313ae434f632a305c9b","69d7901e3430d13455efb336","69e8e64c7152be834b563d08","<p style=""font-size: 60px; font-family: FragmentMono"">XBQDOWMF</p>","","","training","","","","","","","",""
"null","null","html-keyboard-response","385","593128","0.0-15.0-0.54","69d8b313ae434f632a305c9b","69d7901e3430d13455efb336","69e8e64c7152be834b563d08","<p style=""font-size: 60px; font-family: FragmentMono"">AJDZUVLQV</p>","","","training","","","","","","","",""
"null","null","html-keyboard-response","386","594135","0.0-15.0-0.55","69d8b313ae434f632a305c9b","69d7901e3430d13455efb336","69e8e64c7152be834b563d08","<p style=""font-size: 60px; font-family: FragmentMono"">APQHTRMPE</p>","","","training","","","","","","","",""
"null","null","html-keyboard-response","387","595144","0.0-15.0-0.56","69d8b313ae434f632a305c9b","69d7901e3430d13455efb336","69e8e64c7152be834b563d08","<p style=""font-size: 60px; font-family: FragmentMono"">BWRLYJKL</p>","","","training","","","","","","","",""
"null","null","html-keyboard-response","388","596158","0.0-15.0-0.57","69d8b313ae434f632a305c9b","69d7901e3430d13455efb336","69e8e64c7152be834b563d08","<p style=""font-size: 60px; font-family: FragmentMono"">YNQYOWMF</p>","","","training","","","","","","","",""
"null","null","html-keyboard-response","389","597160","0.0-15.0-0.58","69d8b313ae434f632a305c9b","69d7901e3430d13455efb336","69e8e64c7152be834b563d08","<p style=""font-size: 60px; font-family: FragmentMono"">QPMYJXPX</p>","","","training","","","","","","","",""
"null","null","html-keyboard-response","390","598167","0.0-15.0-0.59","69d8b313ae434f632a305c9b","69d7901e3430d13455efb336","69e8e64c7152be834b563d08","<p style=""font-size: 60px; font-family: FragmentMono"">DWXDJKL</p>","","","training","","","","","","","",""
"null","null","html-keyboard-response","391","599179","0.0-15.0-0.60","69d8b313ae434f632a305c9b","69d7901e3430d13455efb336","69e8e64c7152be834b563d08","<p style=""font-size: 60px; font-family: FragmentMono"">CGHNRJMH</p>","","","training","","","","","","","",""
"null","null","html-keyboard-response","392","600194","0.0-15.0-0.61","69d8b313ae434f632a305c9b","69d7901e3430d13455efb336","69e8e64c7152be834b563d08","<p style=""font-size: 60px; font-family: FragmentMono"">HNCXAJKL</p>","","","training","","","","","","","",""
"null","null","html-keyboard-response","393","601202","0.0-15.0-0.62","69d8b313ae434f632a305c9b","69d7901e3430d13455efb336","69e8e64c7152be834b563d08","<p style=""font-size: 60px; font-family: FragmentMono"">CGHNIOVF</p>","","","training","","","","","","","",""
"null","null","html-keyboard-response","394","602203","0.0-15.0-0.63","69d8b313ae434f632a305c9b","69d7901e3430d13455efb336","69e8e64c7152be834b563d08","<p style=""font-size: 60px; font-family: FragmentMono"">EYAEYJKL</p>","","","training","","","","","","","",""
"null","null","html-keyboard-response","395","603207","0.0-15.0-0.64","69d8b313ae434f632a305c9b","69d7901e3430d13455efb336","69e8e64c7152be834b563d08","<p style=""font-size: 60px; font-family: FragmentMono"">BWRLYVLQV</p>","","","training","","","","","","","",""
"null","null","html-keyboard-response","396","604213","0.0-15.0-0.65","69d8b313ae434f632a305c9b","69d7901e3430d13455efb336","69e8e64c7152be834b563d08","<p style=""font-size: 60px; font-family: FragmentMono"">APQHTFYG</p>","","","training","","","","","","","",""
"null","null","html-keyboard-response","397","605218","0.0-15.0-0.66","69d8b313ae434f632a305c9b","69d7901e3430d13455efb336","69e8e64c7152be834b563d08","<p style=""font-size: 60px; font-family: FragmentMono"">XBQDRMPE</p>","","","training","","","","","","","",""
"null","null","html-keyboard-response","398","606228","0.0-15.0-0.67","69d8b313ae434f632a305c9b","69d7901e3430d13455efb336","69e8e64c7152be834b563d08","<p style=""font-size: 60px; font-family: FragmentMono"">XUFEJXPX</p>","","","training","","","","","","","",""
"null","null","html-keyboard-response","399","607234","0.0-15.0-0.68","69d8b313ae434f632a305c9b","69d7901e3430d13455efb336","69e8e64c7152be834b563d08","<p style=""font-size: 60px; font-family: FragmentMono"">HNCXARJMH</p>","","","training","","","","","","","",""
"null","null","html-keyboard-response","400","608246","0.0-15.0-0.69","69d8b313ae434f632a305c9b","69d7901e3430d13455efb336","69e8e64c7152be834b563d08","<p style=""font-size: 60px; font-family: FragmentMono"">TQZUJKL</p>","","","training","","","","","","","",""
"null","null","html-keyboard-response","401","609253","0.0-15.0-0.70","69d8b313ae434f632a305c9b","69d7901e3430d13455efb336","69e8e64c7152be834b563d08","<p style=""font-size: 60px; font-family: FragmentMono"">PTPZOWMF</p>","","","training","","","","","","","",""
"null","null","html-keyboard-response","402","610257","0.0-15.0-0.71","69d8b313ae434f632a305c9b","69d7901e3430d13455efb336","69e8e64c7152be834b563d08","<p style=""font-size: 60px; font-family: FragmentMono"">TQZUXAYA</p>","","","training","","","","","","","",""
"null","null","html-keyboard-response","403","611275","0.0-15.0-0.72","69d8b313ae434f632a305c9b","69d7901e3430d13455efb336","69e8e64c7152be834b563d08","<p style=""font-size: 60px; font-family: FragmentMono"">APQHTBZE</p>","","","training","","","","","","","",""
"null","null","html-keyboard-response","404","612288","0.0-15.0-0.73","69d8b313ae434f632a305c9b","69d7901e3430d13455efb336","69e8e64c7152be834b563d08","<p style=""font-size: 60px; font-family: FragmentMono"">NVLXNRJMH</p>","","","training","","","","","","","",""
"null","null","html-keyboard-response","405","613295","0.0-15.0-0.74","69d8b313ae434f632a305c9b","69d7901e3430d13455efb336","69e8e64c7152be834b563d08","<p style=""font-size: 60px; font-family: FragmentMono"">EYAEYIOVF</p>","","","training","","","","","","","",""
"null","null","html-keyboard-response","406","614311","0.0-15.0-0.75","69d8b313ae434f632a305c9b","69d7901e3430d13455efb336","69e8e64c7152be834b563d08","<p style=""font-size: 60px; font-family: FragmentMono"">GNWHRJMH</p>","","","training","","","","","","","",""
"null","null","html-keyboard-response","407","615314","0.0-15.0-0.76","69d8b313ae434f632a305c9b","69d7901e3430d13455efb336","69e8e64c7152be834b563d08","<p style=""font-size: 60px; font-family: FragmentMono"">HNCXAIOVF</p>","","","training","","","","","","","",""
"null","null","html-keyboard-response","408","616320","0.0-15.0-0.77","69d8b313ae434f632a305c9b","69d7901e3430d13455efb336","69e8e64c7152be834b563d08","<p style=""font-size: 60px; font-family: FragmentMono"">CHASSRMPE</p>","","","training","","","","","","","",""
"null","null","html-keyboard-response","409","617330","0.0-15.0-0.78","69d8b313ae434f632a305c9b","69d7901e3430d13455efb336","69e8e64c7152be834b563d08","<p style=""font-size: 60px; font-family: FragmentMono"">DWXDRJMH</p>","","","training","","","","","","","",""
"null","null","html-keyboard-response","410","618340","0.0-15.0-0.79","69d8b313ae434f632a305c9b","69d7901e3430d13455efb336","69e8e64c7152be834b563d08","<p style=""font-size: 60px; font-family: FragmentMono"">YNQYRMPE</p>","","","training","","","","","","","",""
"51210"," ","html-keyboard-response","411","669552","0.0-16.0","69d8b313ae434f632a305c9b","69d7901e3430d13455efb336","69e8e64c7152be834b563d08","<p style=""font-size: 30px"">Great, you've seen the fifth block of words. You may now take a short break.</p>
      <p style=""font-size: 30px"">Press the spacebar when you're ready to continue.</p>","","","","","","","","","","",""
"null","null","html-keyboard-response","412","670568","0.0-17.0-0.0","69d8b313ae434f632a305c9b","69d7901e3430d13455efb336","69e8e64c7152be834b563d08","<p style=""font-size: 60px; font-family: FragmentMono"">WRGAMOWMF</p>","","","training","","","","","","","",""
"null","null","html-keyboard-response","413","671577","0.0-17.0-0.1","69d8b313ae434f632a305c9b","69d7901e3430d13455efb336","69e8e64c7152be834b563d08","<p style=""font-size: 60px; font-family: FragmentMono"">CGHNJKL</p>","","","training","","","","","","","",""
"null","null","html-keyboard-response","414","672592","0.0-17.0-0.2","69d8b313ae434f632a305c9b","69d7901e3430d13455efb336","69e8e64c7152be834b563d08","<p style=""font-size: 60px; font-family: FragmentMono"">AJDZUIOVF</p>","","","training","","","","","","","",""
"null","null","html-keyboard-response","415","673600","0.0-17.0-0.3","69d8b313ae434f632a305c9b","69d7901e3430d13455efb336","69e8e64c7152be834b563d08","<p style=""font-size: 60px; font-family: FragmentMono"">NVLXNJKL</p>","","","training","","","","","","","",""
"null","null","html-keyboard-response","416","674610","0.0-17.0-0.4","69d8b313ae434f632a305c9b","69d7901e3430d13455efb336","69e8e64c7152be834b563d08","<p style=""font-size: 60px; font-family: FragmentMono"">PTPZJXPX</p>","","","training","","","","","","","",""
"null","null","html-keyboard-response","417","675618","0.0-17.0-0.5","69d8b313ae434f632a305c9b","69d7901e3430d13455efb336","69e8e64c7152be834b563d08","<p style=""font-size: 60px; font-family: FragmentMono"">WRGAMFYG</p>","","","training","","","","","","","",""
"null","null","html-keyboard-response","418","676622","0.0-17.0-0.6","69d8b313ae434f632a305c9b","69d7901e3430d13455efb336","69e8e64c7152be834b563d08","<p style=""font-size: 60px; font-family: FragmentMono"">DWXDXAYA</p>","","","training","","","","","","","",""
"null","null","html-keyboard-response","419","677627","0.0-17.0-0.7","69d8b313ae434f632a305c9b","69d7901e3430d13455efb336","69e8e64c7152be834b563d08","<p style=""font-size: 60px; font-family: FragmentMono"">CGHNRJMH</p>","","","training","","","","","","","",""
"null","null","html-keyboard-response","420","678634","0.0-17.0-0.8","69d8b313ae434f632a305c9b","69d7901e3430d13455efb336","69e8e64c7152be834b563d08","<p style=""font-size: 60px; font-family: FragmentMono"">WRGAMBZE</p>","","","training","","","","","","","",""
"null","null","html-keyboard-response","421","679642","0.0-17.0-0.9","69d8b313ae434f632a305c9b","69d7901e3430d13455efb336","69e8e64c7152be834b563d08","<p style=""font-size: 60px; font-family: FragmentMono"">HNCXAIOVF</p>","","","training","","","","","","","",""
"null","null","html-keyboard-response","422","680646","0.0-17.0-0.10","69d8b313ae434f632a305c9b","69d7901e3430d13455efb336","69e8e64c7152be834b563d08","<p style=""font-size: 60px; font-family: FragmentMono"">QPMYJXPX</p>","","","training","","","","","","","",""
"null","null","html-keyboard-response","423","681652","0.0-17.0-0.11","69d8b313ae434f632a305c9b","69d7901e3430d13455efb336","69e8e64c7152be834b563d08","<p style=""font-size: 60px; font-family: FragmentMono"">CHASSRMPE</p>","","","training","","","","","","","",""
"null","null","html-keyboard-response","424","682661","0.0-17.0-0.12","69d8b313ae434f632a305c9b","69d7901e3430d13455efb336","69e8e64c7152be834b563d08","<p style=""font-size: 60px; font-family: FragmentMono"">BWRLYRJMH</p>","","","training","","","","","","","",""
"null","null","html-keyboard-response","425","683679","0.0-17.0-0.13","69d8b313ae434f632a305c9b","69d7901e3430d13455efb336","69e8e64c7152be834b563d08","<p style=""font-size: 60px; font-family: FragmentMono"">QETURMPE</p>","","","training","","","","","","","",""
"null","null","html-keyboard-response","426","684690","0.0-17.0-0.14","69d8b313ae434f632a305c9b","69d7901e3430d13455efb336","69e8e64c7152be834b563d08","<p style=""font-size: 60px; font-family: FragmentMono"">DWXDRJMH</p>","","","training","","","","","","","",""
"null","null","html-keyboard-response","427","685698","0.0-17.0-0.15","69d8b313ae434f632a305c9b","69d7901e3430d13455efb336","69e8e64c7152be834b563d08","<p style=""font-size: 60px; font-family: FragmentMono"">GNWHXAYA</p>","","","training","","","","","","","",""
"null","null","html-keyboard-response","428","686699","0.0-17.0-0.16","69d8b313ae434f632a305c9b","69d7901e3430d13455efb336","69e8e64c7152be834b563d08","<p style=""font-size: 60px; font-family: FragmentMono"">TQZURJMH</p>","","","training","","","","","","","",""
"null","null","html-keyboard-response","429","687713","0.0-17.0-0.17","69d8b313ae434f632a305c9b","69d7901e3430d13455efb336","69e8e64c7152be834b563d08","<p style=""font-size: 60px; font-family: FragmentMono"">APQHTRMPE</p>","","","training","","","","","","","",""
"null","null","html-keyboard-response","430","688717","0.0-17.0-0.18","69d8b313ae434f632a305c9b","69d7901e3430d13455efb336","69e8e64c7152be834b563d08","<p style=""font-size: 60px; font-family: FragmentMono"">NVLXNIOVF</p>","","","training","","","","","","","",""
"null","null","html-keyboard-response","431","689728","0.0-17.0-0.19","69d8b313ae434f632a305c9b","69d7901e3430d13455efb336","69e8e64c7152be834b563d08","<p style=""font-size: 60px; font-family: FragmentMono"">AJDZUVLQV</p>","","","training","","","","","","","",""
"null","null","html-keyboard-response","432","690735","0.0-17.0-0.20","69d8b313ae434f632a305c9b","69d7901e3430d13455efb336","69e8e64c7152be834b563d08","<p style=""font-size: 60px; font-family: FragmentMono"">YWGOIOVF</p>","","","training","","","","","","","",""
"null","null","html-keyboard-response","433","691742","0.0-17.0-0.21","69d8b313ae434f632a305c9b","69d7901e3430d13455efb336","69e8e64c7152be834b563d08","<p style=""font-size: 60px; font-family: FragmentMono"">XBQDOWMF</p>","","","training","","","","","","","",""
"null","null","html-keyboard-response","434","692754","0.0-17.0-0.22","69d8b313ae434f632a305c9b","69d7901e3430d13455efb336","69e8e64c7152be834b563d08","<p style=""font-size: 60px; font-family: FragmentMono"">GNWHRJMH</p>","","","training","","","","","","","",""
"null","null","html-keyboard-response","435","693756","0.0-17.0-0.23","69d8b313ae434f632a305c9b","69d7901e3430d13455efb336","69e8e64c7152be834b563d08","<p style=""font-size: 60px; font-family: FragmentMono"">YWQLARMPE</p>","","","training","","","","","","","",""
"null","null","html-keyboard-response","436","694760","0.0-17.0-0.24","69d8b313ae434f632a305c9b","69d7901e3430d13455efb336","69e8e64c7152be834b563d08","<p style=""font-size: 60px; font-family: FragmentMono"">APQHTJXPX</p>","","","training","","","","","","","",""
"null","null","html-keyboard-response","437","695767","0.0-17.0-0.25","69d8b313ae434f632a305c9b","69d7901e3430d13455efb336","69e8e64c7152be834b563d08","<p style=""font-size: 60px; font-family: FragmentMono"">YWGOVLQV</p>","","","training","","","","","","","",""
"null","null","html-keyboard-response","438","696775","0.0-17.0-0.26","69d8b313ae434f632a305c9b","69d7901e3430d13455efb336","69e8e64c7152be834b563d08","<p style=""font-size: 60px; font-family: FragmentMono"">NVLXNRJMH</p>","","","training","","","","","","","",""
"null","null","html-keyboard-response","439","697780","0.0-17.0-0.27","69d8b313ae434f632a305c9b","69d7901e3430d13455efb336","69e8e64c7152be834b563d08","<p style=""font-size: 60px; font-family: FragmentMono"">YWQLAFYG</p>","","","training","","","","","","","",""
"null","null","html-keyboard-response","440","698788","0.0-17.0-0.28","69d8b313ae434f632a305c9b","69d7901e3430d13455efb336","69e8e64c7152be834b563d08","<p style=""font-size: 60px; font-family: FragmentMono"">DWXDVLQV</p>","","","training","","","","","","","",""
"null","null","html-keyboard-response","441","699790","0.0-17.0-0.29","69d8b313ae434f632a305c9b","69d7901e3430d13455efb336","69e8e64c7152be834b563d08","<p style=""font-size: 60px; font-family: FragmentMono"">APQHTFYG</p>","","","training","","","","","","","",""
"null","null","html-keyboard-response","442","700798","0.0-17.0-0.30","69d8b313ae434f632a305c9b","69d7901e3430d13455efb336","69e8e64c7152be834b563d08","<p style=""font-size: 60px; font-family: FragmentMono"">YNQYJXPX</p>","","","training","","","","","","","",""
"null","null","html-keyboard-response","443","701810","0.0-17.0-0.31","69d8b313ae434f632a305c9b","69d7901e3430d13455efb336","69e8e64c7152be834b563d08","<p style=""font-size: 60px; font-family: FragmentMono"">CHASSOWMF</p>","","","training","","","","","","","",""
"null","null","html-keyboard-response","444","702818","0.0-17.0-0.32","69d8b313ae434f632a305c9b","69d7901e3430d13455efb336","69e8e64c7152be834b563d08","<p style=""font-size: 60px; font-family: FragmentMono"">WRGAMRMPE</p>","","","training","","","","","","","",""
"null","null","html-keyboard-response","445","703834","0.0-17.0-0.33","69d8b313ae434f632a305c9b","69d7901e3430d13455efb336","69e8e64c7152be834b563d08","<p style=""font-size: 60px; font-family: FragmentMono"">YNQYFYG</p>","","","training","","","","","","","",""
"null","null","html-keyboard-response","446","704843","0.0-17.0-0.34","69d8b313ae434f632a305c9b","69d7901e3430d13455efb336","69e8e64c7152be834b563d08","<p style=""font-size: 60px; font-family: FragmentMono"">YWQLAOWMF</p>","","","training","","","","","","","",""
"null","null","html-keyboard-response","447","705847","0.0-17.0-0.35","69d8b313ae434f632a305c9b","69d7901e3430d13455efb336","69e8e64c7152be834b563d08","<p style=""font-size: 60px; font-family: FragmentMono"">CHASSBZE</p>","","","training","","","","","","","",""
"null","null","html-keyboard-response","448","706850","0.0-17.0-0.36","69d8b313ae434f632a305c9b","69d7901e3430d13455efb336","69e8e64c7152be834b563d08","<p style=""font-size: 60px; font-family: FragmentMono"">EYAEYIOVF</p>","","","training","","","","","","","",""
"null","null","html-keyboard-response","449","707858","0.0-17.0-0.37","69d8b313ae434f632a305c9b","69d7901e3430d13455efb336","69e8e64c7152be834b563d08","<p style=""font-size: 60px; font-family: FragmentMono"">HNCXAXAYA</p>","","","training","","","","","","","",""
"null","null","html-keyboard-response","450","708866","0.0-17.0-0.38","69d8b313ae434f632a305c9b","69d7901e3430d13455efb336","69e8e64c7152be834b563d08","<p style=""font-size: 60px; font-family: FragmentMono"">PTPZOWMF</p>","","","training","","","","","","","",""
"null","null","html-keyboard-response","451","709880","0.0-17.0-0.39","69d8b313ae434f632a305c9b","69d7901e3430d13455efb336","69e8e64c7152be834b563d08","<p style=""font-size: 60px; font-family: FragmentMono"">CGHNXAYA</p>","","","training","","","","","","","",""
"null","null","html-keyboard-response","452","710886","0.0-17.0-0.40","69d8b313ae434f632a305c9b","69d7901e3430d13455efb336","69e8e64c7152be834b563d08","<p style=""font-size: 60px; font-family: FragmentMono"">BWRLYVLQV</p>","","","training","","","","","","","",""
"null","null","html-keyboard-response","453","711893","0.0-17.0-0.41","69d8b313ae434f632a305c9b","69d7901e3430d13455efb336","69e8e64c7152be834b563d08","<p style=""font-size: 60px; font-family: FragmentMono"">CHASSJXPX</p>","","","training","","","","","","","",""
"null","null","html-keyboard-response","454","712907","0.0-17.0-0.42","69d8b313ae434f632a305c9b","69d7901e3430d13455efb336","69e8e64c7152be834b563d08","<p style=""font-size: 60px; font-family: FragmentMono"">YWGOXAYA</p>","","","training","","","","","","","",""
"null","null","html-keyboard-response","455","713924","0.0-17.0-0.43","69d8b313ae434f632a305c9b","69d7901e3430d13455efb336","69e8e64c7152be834b563d08","<p style=""font-size: 60px; font-family: FragmentMono"">XBQDJXPX</p>","","","training","","","","","","","",""
"null","null","html-keyboard-response","456","714937","0.0-17.0-0.44","69d8b313ae434f632a305c9b","69d7901e3430d13455efb336","69e8e64c7152be834b563d08","<p style=""font-size: 60px; font-family: FragmentMono"">TQZUXAYA</p>","","","training","","","","","","","",""
"null","null","html-keyboard-response","457","715946","0.0-17.0-0.45","69d8b313ae434f632a305c9b","69d7901e3430d13455efb336","69e8e64c7152be834b563d08","<p style=""font-size: 60px; font-family: FragmentMono"">BWRLYJKL</p>","","","training","","","","","","","",""
"null","null","html-keyboard-response","458","716948","0.0-17.0-0.46","69d8b313ae434f632a305c9b","69d7901e3430d13455efb336","69e8e64c7152be834b563d08","<p style=""font-size: 60px; font-family: FragmentMono"">HNCXARJMH</p>","","","training","","","","","","","",""
"null","null","html-keyboard-response","459","717961","0.0-17.0-0.47","69d8b313ae434f632a305c9b","69d7901e3430d13455efb336","69e8e64c7152be834b563d08","<p style=""font-size: 60px; font-family: FragmentMono"">APQHTBZE</p>","","","training","","","","","","","",""
"null","null","html-keyboard-response","460","718966","0.0-17.0-0.48","69d8b313ae434f632a305c9b","69d7901e3430d13455efb336","69e8e64c7152be834b563d08","<p style=""font-size: 60px; font-family: FragmentMono"">QETUJXPX</p>","","","training","","","","","","","",""
"null","null","html-keyboard-response","461","719979","0.0-17.0-0.49","69d8b313ae434f632a305c9b","69d7901e3430d13455efb336","69e8e64c7152be834b563d08","<p style=""font-size: 60px; font-family: FragmentMono"">QPMYFYG</p>","","","training","","","","","","","",""
"null","null","html-keyboard-response","462","720982","0.0-17.0-0.50","69d8b313ae434f632a305c9b","69d7901e3430d13455efb336","69e8e64c7152be834b563d08","<p style=""font-size: 60px; font-family: FragmentMono"">XUFEJXPX</p>","","","training","","","","","","","",""
"null","null","html-keyboard-response","463","721994","0.0-17.0-0.51","69d8b313ae434f632a305c9b","69d7901e3430d13455efb336","69e8e64c7152be834b563d08","<p style=""font-size: 60px; font-family: FragmentMono"">XBQDFYG</p>","","","training","","","","","","","",""
"null","null","html-keyboard-response","464","723005","0.0-17.0-0.52","69d8b313ae434f632a305c9b","69d7901e3430d13455efb336","69e8e64c7152be834b563d08","<p style=""font-size: 60px; font-family: FragmentMono"">DWXDJKL</p>","","","training","","","","","","","",""
"null","null","html-keyboard-response","465","724015","0.0-17.0-0.53","69d8b313ae434f632a305c9b","69d7901e3430d13455efb336","69e8e64c7152be834b563d08","<p style=""font-size: 60px; font-family: FragmentMono"">EYAEYXAYA</p>","","","training","","","","","","","",""
"null","null","html-keyboard-response","466","725025","0.0-17.0-0.54","69d8b313ae434f632a305c9b","69d7901e3430d13455efb336","69e8e64c7152be834b563d08","<p style=""font-size: 60px; font-family: FragmentMono"">XUFEFYG</p>","","","training","","","","","","","",""
"null","null","html-keyboard-response","467","726033","0.0-17.0-0.55","69d8b313ae434f632a305c9b","69d7901e3430d13455efb336","69e8e64c7152be834b563d08","<p style=""font-size: 60px; font-family: FragmentMono"">EYAEYJKL</p>","","","training","","","","","","","",""
"null","null","html-keyboard-response","468","727034","0.0-17.0-0.56","69d8b313ae434f632a305c9b","69d7901e3430d13455efb336","69e8e64c7152be834b563d08","<p style=""font-size: 60px; font-family: FragmentMono"">PTPZFYG</p>","","","training","","","","","","","",""
"null","null","html-keyboard-response","469","728038","0.0-17.0-0.57","69d8b313ae434f632a305c9b","69d7901e3430d13455efb336","69e8e64c7152be834b563d08","<p style=""font-size: 60px; font-family: FragmentMono"">BWRLYIOVF</p>","","","training","","","","","","","",""
"null","null","html-keyboard-response","470","729044","0.0-17.0-0.58","69d8b313ae434f632a305c9b","69d7901e3430d13455efb336","69e8e64c7152be834b563d08","<p style=""font-size: 60px; font-family: FragmentMono"">QETUBZE</p>","","","training","","","","","","","",""
"null","null","html-keyboard-response","471","730057","0.0-17.0-0.59","69d8b313ae434f632a305c9b","69d7901e3430d13455efb336","69e8e64c7152be834b563d08","<p style=""font-size: 60px; font-family: FragmentMono"">TQZUJKL</p>","","","training","","","","","","","",""
"null","null","html-keyboard-response","472","731062","0.0-17.0-0.60","69d8b313ae434f632a305c9b","69d7901e3430d13455efb336","69e8e64c7152be834b563d08","<p style=""font-size: 60px; font-family: FragmentMono"">GNWHIOVF</p>","","","training","","","","","","","",""
"null","null","html-keyboard-response","473","732072","0.0-17.0-0.61","69d8b313ae434f632a305c9b","69d7901e3430d13455efb336","69e8e64c7152be834b563d08","<p style=""font-size: 60px; font-family: FragmentMono"">XUFEOWMF</p>","","","training","","","","","","","",""
"null","null","html-keyboard-response","474","733080","0.0-17.0-0.62","69d8b313ae434f632a305c9b","69d7901e3430d13455efb336","69e8e64c7152be834b563d08","<p style=""font-size: 60px; font-family: FragmentMono"">AJDZUXAYA</p>","","","training","","","","","","","",""
"null","null","html-keyboard-response","475","734087","0.0-17.0-0.63","69d8b313ae434f632a305c9b","69d7901e3430d13455efb336","69e8e64c7152be834b563d08","<p style=""font-size: 60px; font-family: FragmentMono"">TQZUVLQV</p>","","","training","","","","","","","",""
"null","null","html-keyboard-response","476","735094","0.0-17.0-0.64","69d8b313ae434f632a305c9b","69d7901e3430d13455efb336","69e8e64c7152be834b563d08","<p style=""font-size: 60px; font-family: FragmentMono"">YWGOJKL</p>","","","training","","","","","","","",""
"null","null","html-keyboard-response","477","736104","0.0-17.0-0.65","69d8b313ae434f632a305c9b","69d7901e3430d13455efb336","69e8e64c7152be834b563d08","<p style=""font-size: 60px; font-family: FragmentMono"">YNQYRMPE</p>","","","training","","","","","","","",""
"null","null","html-keyboard-response","478","737112","0.0-17.0-0.66","69d8b313ae434f632a305c9b","69d7901e3430d13455efb336","69e8e64c7152be834b563d08","<p style=""font-size: 60px; font-family: FragmentMono"">HNCXAJKL</p>","","","training","","","","","","","",""
"null","null","html-keyboard-response","479","738121","0.0-17.0-0.67","69d8b313ae434f632a305c9b","69d7901e3430d13455efb336","69e8e64c7152be834b563d08","<p style=""font-size: 60px; font-family: FragmentMono"">YNQYOWMF</p>","","","training","","","","","","","",""
"null","null","html-keyboard-response","480","739130","0.0-17.0-0.68","69d8b313ae434f632a305c9b","69d7901e3430d13455efb336","69e8e64c7152be834b563d08","<p style=""font-size: 60px; font-family: FragmentMono"">YWQLABZE</p>","","","training","","","","","","","",""
"null","null","html-keyboard-response","481","740137","0.0-17.0-0.69","69d8b313ae434f632a305c9b","69d7901e3430d13455efb336","69e8e64c7152be834b563d08","<p style=""font-size: 60px; font-family: FragmentMono"">QPMYRMPE</p>","","","training","","","","","","","",""
"null","null","html-keyboard-response","482","741143","0.0-17.0-0.70","69d8b313ae434f632a305c9b","69d7901e3430d13455efb336","69e8e64c7152be834b563d08","<p style=""font-size: 60px; font-family: FragmentMono"">NVLXNVLQV</p>","","","training","","","","","","","",""
"null","null","html-keyboard-response","483","742155","0.0-17.0-0.71","69d8b313ae434f632a305c9b","69d7901e3430d13455efb336","69e8e64c7152be834b563d08","<p style=""font-size: 60px; font-family: FragmentMono"">QPMYBZE</p>","","","training","","","","","","","",""
"null","null","html-keyboard-response","484","743161","0.0-17.0-0.72","69d8b313ae434f632a305c9b","69d7901e3430d13455efb336","69e8e64c7152be834b563d08","<p style=""font-size: 60px; font-family: FragmentMono"">AJDZURJMH</p>","","","training","","","","","","","",""
"null","null","html-keyboard-response","485","744165","0.0-17.0-0.73","69d8b313ae434f632a305c9b","69d7901e3430d13455efb336","69e8e64c7152be834b563d08","<p style=""font-size: 60px; font-family: FragmentMono"">CGHNIOVF</p>","","","training","","","","","","","",""
"null","null","html-keyboard-response","486","745170","0.0-17.0-0.74","69d8b313ae434f632a305c9b","69d7901e3430d13455efb336","69e8e64c7152be834b563d08","<p style=""font-size: 60px; font-family: FragmentMono"">GNWHVLQV</p>","","","training","","","","","","","",""
"null","null","html-keyboard-response","487","746177","0.0-17.0-0.75","69d8b313ae434f632a305c9b","69d7901e3430d13455efb336","69e8e64c7152be834b563d08","<p style=""font-size: 60px; font-family: FragmentMono"">QETUOWMF</p>","","","training","","","","","","","",""
"null","null","html-keyboard-response","488","747186","0.0-17.0-0.76","69d8b313ae434f632a305c9b","69d7901e3430d13455efb336","69e8e64c7152be834b563d08","<p style=""font-size: 60px; font-family: FragmentMono"">XUFEBZE</p>","","","training","","","","","","","",""
"null","null","html-keyboard-response","489","748193","0.0-17.0-0.77","69d8b313ae434f632a305c9b","69d7901e3430d13455efb336","69e8e64c7152be834b563d08","<p style=""font-size: 60px; font-family: FragmentMono"">XBQDRMPE</p>","","","training","","","","","","","",""
"null","null","html-keyboard-response","490","749197","0.0-17.0-0.78","69d8b313ae434f632a305c9b","69d7901e3430d13455efb336","69e8e64c7152be834b563d08","<p style=""font-size: 60px; font-family: FragmentMono"">EYAEYVLQV</p>","","","training","","","","","","","",""
"null","null","html-keyboard-response","491","750212","0.0-17.0-0.79","69d8b313ae434f632a305c9b","69d7901e3430d13455efb336","69e8e64c7152be834b563d08","<p style=""font-size: 60px; font-family: FragmentMono"">PTPZBZE</p>","","","training","","","","","","","",""
"2617"," ","html-keyboard-response","492","752829","0.0-18.0","69d8b313ae434f632a305c9b","69d7901e3430d13455efb336","69e8e64c7152be834b563d08","<p style=""font-size: 30px"">Great, you've seen the sixth block of words. You may now take a short break.</p>
      <p style=""font-size: 30px"">Press the spacebar when you're ready to continue.</p>","","","","","","","","","","",""
"null","null","html-keyboard-response","493","753840","0.0-19.0-0.0","69d8b313ae434f632a305c9b","69d7901e3430d13455efb336","69e8e64c7152be834b563d08","<p style=""font-size: 60px; font-family: FragmentMono"">TQZUVLQV</p>","","","training","","","","","","","",""
"null","null","html-keyboard-response","494","754854","0.0-19.0-0.1","69d8b313ae434f632a305c9b","69d7901e3430d13455efb336","69e8e64c7152be834b563d08","<p style=""font-size: 60px; font-family: FragmentMono"">EYAEYIOVF</p>","","","training","","","","","","","",""
"null","null","html-keyboard-response","495","755864","0.0-19.0-0.2","69d8b313ae434f632a305c9b","69d7901e3430d13455efb336","69e8e64c7152be834b563d08","<p style=""font-size: 60px; font-family: FragmentMono"">HNCXARJMH</p>","","","training","","","","","","","",""
"null","null","html-keyboard-response","496","756872","0.0-19.0-0.3","69d8b313ae434f632a305c9b","69d7901e3430d13455efb336","69e8e64c7152be834b563d08","<p style=""font-size: 60px; font-family: FragmentMono"">YWGOIOVF</p>","","","training","","","","","","","",""
"null","null","html-keyboard-response","497","757880","0.0-19.0-0.4","69d8b313ae434f632a305c9b","69d7901e3430d13455efb336","69e8e64c7152be834b563d08","<p style=""font-size: 60px; font-family: FragmentMono"">QPMYJXPX</p>","","","training","","","","","","","",""
"null","null","html-keyboard-response","498","758890","0.0-19.0-0.5","69d8b313ae434f632a305c9b","69d7901e3430d13455efb336","69e8e64c7152be834b563d08","<p style=""font-size: 60px; font-family: FragmentMono"">CHASSBZE</p>","","","training","","","","","","","",""
"null","null","html-keyboard-response","499","759902","0.0-19.0-0.6","69d8b313ae434f632a305c9b","69d7901e3430d13455efb336","69e8e64c7152be834b563d08","<p style=""font-size: 60px; font-family: FragmentMono"">EYAEYXAYA</p>","","","training","","","","","","","",""
"null","null","html-keyboard-response","500","760916","0.0-19.0-0.7","69d8b313ae434f632a305c9b","69d7901e3430d13455efb336","69e8e64c7152be834b563d08","<p style=""font-size: 60px; font-family: FragmentMono"">QPMYBZE</p>","","","training","","","","","","","",""
"null","null","html-keyboard-response","501","761926","0.0-19.0-0.8","69d8b313ae434f632a305c9b","69d7901e3430d13455efb336","69e8e64c7152be834b563d08","<p style=""font-size: 60px; font-family: FragmentMono"">TQZUXAYA</p>","","","training","","","","","","","",""
"null","null","html-keyboard-response","502","762931","0.0-19.0-0.9","69d8b313ae434f632a305c9b","69d7901e3430d13455efb336","69e8e64c7152be834b563d08","<p style=""font-size: 60px; font-family: FragmentMono"">WRGAMOWMF</p>","","","training","","","","","","","",""
"null","null","html-keyboard-response","503","763935","0.0-19.0-0.10","69d8b313ae434f632a305c9b","69d7901e3430d13455efb336","69e8e64c7152be834b563d08","<p style=""font-size: 60px; font-family: FragmentMono"">QPMYFYG</p>","","","training","","","","","","","",""
"null","null","html-keyboard-response","504","764945","0.0-19.0-0.11","69d8b313ae434f632a305c9b","69d7901e3430d13455efb336","69e8e64c7152be834b563d08","<p style=""font-size: 60px; font-family: FragmentMono"">YNQYJXPX</p>","","","training","","","","","","","",""
"null","null","html-keyboard-response","505","765949","0.0-19.0-0.12","69d8b313ae434f632a305c9b","69d7901e3430d13455efb336","69e8e64c7152be834b563d08","<p style=""font-size: 60px; font-family: FragmentMono"">YWQLABZE</p>","","","training","","","","","","","",""
"null","null","html-keyboard-response","506","766954","0.0-19.0-0.13","69d8b313ae434f632a305c9b","69d7901e3430d13455efb336","69e8e64c7152be834b563d08","<p style=""font-size: 60px; font-family: FragmentMono"">GNWHRJMH</p>","","","training","","","","","","","",""
"null","null","html-keyboard-response","507","767968","0.0-19.0-0.14","69d8b313ae434f632a305c9b","69d7901e3430d13455efb336","69e8e64c7152be834b563d08","<p style=""font-size: 60px; font-family: FragmentMono"">CHASSJXPX</p>","","","training","","","","","","","",""
"null","null","html-keyboard-response","508","768985","0.0-19.0-0.15","69d8b313ae434f632a305c9b","69d7901e3430d13455efb336","69e8e64c7152be834b563d08","<p style=""font-size: 60px; font-family: FragmentMono"">YWQLARMPE</p>","","","training","","","","","","","",""
"null","null","html-keyboard-response","509","769994","0.0-19.0-0.16","69d8b313ae434f632a305c9b","69d7901e3430d13455efb336","69e8e64c7152be834b563d08","<p style=""font-size: 60px; font-family: FragmentMono"">TQZURJMH</p>","","","training","","","","","","","",""
"null","null","html-keyboard-response","510","770996","0.0-19.0-0.17","69d8b313ae434f632a305c9b","69d7901e3430d13455efb336","69e8e64c7152be834b563d08","<p style=""font-size: 60px; font-family: FragmentMono"">YWQLAFYG</p>","","","training","","","","","","","",""
"null","null","html-keyboard-response","511","772000","0.0-19.0-0.18","69d8b313ae434f632a305c9b","69d7901e3430d13455efb336","69e8e64c7152be834b563d08","<p style=""font-size: 60px; font-family: FragmentMono"">APQHTBZE</p>","","","training","","","","","","","",""
"null","null","html-keyboard-response","512","773006","0.0-19.0-0.19","69d8b313ae434f632a305c9b","69d7901e3430d13455efb336","69e8e64c7152be834b563d08","<p style=""font-size: 60px; font-family: FragmentMono"">WRGAMFYG</p>","","","training","","","","","","","",""
"null","null","html-keyboard-response","513","774014","0.0-19.0-0.20","69d8b313ae434f632a305c9b","69d7901e3430d13455efb336","69e8e64c7152be834b563d08","<p style=""font-size: 60px; font-family: FragmentMono"">XBQDOWMF</p>","","","training","","","","","","","",""
"null","null","html-keyboard-response","514","775017","0.0-19.0-0.21","69d8b313ae434f632a305c9b","69d7901e3430d13455efb336","69e8e64c7152be834b563d08","<p style=""font-size: 60px; font-family: FragmentMono"">QETUBZE</p>","","","training","","","","","","","",""
"null","null","html-keyboard-response","515","776023","0.0-19.0-0.22","69d8b313ae434f632a305c9b","69d7901e3430d13455efb336","69e8e64c7152be834b563d08","<p style=""font-size: 60px; font-family: FragmentMono"">TQZUJKL</p>","","","training","","","","","","","",""
"null","null","html-keyboard-response","516","777029","0.0-19.0-0.23","69d8b313ae434f632a305c9b","69d7901e3430d13455efb336","69e8e64c7152be834b563d08","<p style=""font-size: 60px; font-family: FragmentMono"">WRGAMRMPE</p>","","","training","","","","","","","",""
"null","null","html-keyboard-response","517","778031","0.0-19.0-0.24","69d8b313ae434f632a305c9b","69d7901e3430d13455efb336","69e8e64c7152be834b563d08","<p style=""font-size: 60px; font-family: FragmentMono"">XBQDFYG</p>","","","training","","","","","","","",""
"null","null","html-keyboard-response","518","779038","0.0-19.0-0.25","69d8b313ae434f632a305c9b","69d7901e3430d13455efb336","69e8e64c7152be834b563d08","<p style=""font-size: 60px; font-family: FragmentMono"">XUFEJXPX</p>","","","training","","","","","","","",""
"null","null","html-keyboard-response","519","780045","0.0-19.0-0.26","69d8b313ae434f632a305c9b","69d7901e3430d13455efb336","69e8e64c7152be834b563d08","<p style=""font-size: 60px; font-family: FragmentMono"">CHASSRMPE</p>","","","training","","","","","","","",""
"null","null","html-keyboard-response","520","781056","0.0-19.0-0.27","69d8b313ae434f632a305c9b","69d7901e3430d13455efb336","69e8e64c7152be834b563d08","<p style=""font-size: 60px; font-family: FragmentMono"">NVLXNRJMH</p>","","","training","","","","","","","",""
"null","null","html-keyboard-response","521","782066","0.0-19.0-0.28","69d8b313ae434f632a305c9b","69d7901e3430d13455efb336","69e8e64c7152be834b563d08","<p style=""font-size: 60px; font-family: FragmentMono"">XUFEBZE</p>","","","training","","","","","","","",""
"null","null","html-keyboard-response","522","783077","0.0-19.0-0.29","69d8b313ae434f632a305c9b","69d7901e3430d13455efb336","69e8e64c7152be834b563d08","<p style=""font-size: 60px; font-family: FragmentMono"">QETUJXPX</p>","","","training","","","","","","","",""
"null","null","html-keyboard-response","523","784094","0.0-19.0-0.30","69d8b313ae434f632a305c9b","69d7901e3430d13455efb336","69e8e64c7152be834b563d08","<p style=""font-size: 60px; font-family: FragmentMono"">DWXDVLQV</p>","","","training","","","","","","","",""
"null","null","html-keyboard-response","524","785101","0.0-19.0-0.31","69d8b313ae434f632a305c9b","69d7901e3430d13455efb336","69e8e64c7152be834b563d08","<p style=""font-size: 60px; font-family: FragmentMono"">GNWHXAYA</p>","","","training","","","","","","","",""
"null","null","html-keyboard-response","525","786109","0.0-19.0-0.32","69d8b313ae434f632a305c9b","69d7901e3430d13455efb336","69e8e64c7152be834b563d08","<p style=""font-size: 60px; font-family: FragmentMono"">BWRLYIOVF</p>","","","training","","","","","","","",""
"null","null","html-keyboard-response","526","787125","0.0-19.0-0.33","69d8b313ae434f632a305c9b","69d7901e3430d13455efb336","69e8e64c7152be834b563d08","<p style=""font-size: 60px; font-family: FragmentMono"">QETUOWMF</p>","","","training","","","","","","","",""
"null","null","html-keyboard-response","527","788128","0.0-19.0-0.34","69d8b313ae434f632a305c9b","69d7901e3430d13455efb336","69e8e64c7152be834b563d08","<p style=""font-size: 60px; font-family: FragmentMono"">XBQDRMPE</p>","","","training","","","","","","","",""
"null","null","html-keyboard-response","528","789136","0.0-19.0-0.35","69d8b313ae434f632a305c9b","69d7901e3430d13455efb336","69e8e64c7152be834b563d08","<p style=""font-size: 60px; font-family: FragmentMono"">CGHNJKL</p>","","","training","","","","","","","",""
"null","null","html-keyboard-response","529","790144","0.0-19.0-0.36","69d8b313ae434f632a305c9b","69d7901e3430d13455efb336","69e8e64c7152be834b563d08","<p style=""font-size: 60px; font-family: FragmentMono"">YNQYFYG</p>","","","training","","","","","","","",""
"null","null","html-keyboard-response","530","791154","0.0-19.0-0.37","69d8b313ae434f632a305c9b","69d7901e3430d13455efb336","69e8e64c7152be834b563d08","<p style=""font-size: 60px; font-family: FragmentMono"">EYAEYVLQV</p>","","","training","","","","","","","",""
"null","null","html-keyboard-response","531","792155","0.0-19.0-0.38","69d8b313ae434f632a305c9b","69d7901e3430d13455efb336","69e8e64c7152be834b563d08","<p style=""font-size: 60px; font-family: FragmentMono"">DWXDJKL</p>","","","training","","","","","","","",""
"null","null","html-keyboard-response","532","793173","0.0-19.0-0.39","69d8b313ae434f632a305c9b","69d7901e3430d13455efb336","69e8e64c7152be834b563d08","<p style=""font-size: 60px; font-family: FragmentMono"">CGHNRJMH</p>","","","training","","","","","","","",""
"null","null","html-keyboard-response","533","794183","0.0-19.0-0.40","69d8b313ae434f632a305c9b","69d7901e3430d13455efb336","69e8e64c7152be834b563d08","<p style=""font-size: 60px; font-family: FragmentMono"">APQHTFYG</p>","","","training","","","","","","","",""
"null","null","html-keyboard-response","534","795194","0.0-19.0-0.41","69d8b313ae434f632a305c9b","69d7901e3430d13455efb336","69e8e64c7152be834b563d08","<p style=""font-size: 60px; font-family: FragmentMono"">PTPZJXPX</p>","","","training","","","","","","","",""
"null","null","html-keyboard-response","535","796196","0.0-19.0-0.42","69d8b313ae434f632a305c9b","69d7901e3430d13455efb336","69e8e64c7152be834b563d08","<p style=""font-size: 60px; font-family: FragmentMono"">EYAEYJKL</p>","","","training","","","","","","","",""
"null","null","html-keyboard-response","536","797211","0.0-19.0-0.43","69d8b313ae434f632a305c9b","69d7901e3430d13455efb336","69e8e64c7152be834b563d08","<p style=""font-size: 60px; font-family: FragmentMono"">PTPZBZE</p>","","","training","","","","","","","",""
"null","null","html-keyboard-response","537","798213","0.0-19.0-0.44","69d8b313ae434f632a305c9b","69d7901e3430d13455efb336","69e8e64c7152be834b563d08","<p style=""font-size: 60px; font-family: FragmentMono"">NVLXNIOVF</p>","","","training","","","","","","","",""
"null","null","html-keyboard-response","538","799213","0.0-19.0-0.45","69d8b313ae434f632a305c9b","69d7901e3430d13455efb336","69e8e64c7152be834b563d08","<p style=""font-size: 60px; font-family: FragmentMono"">GNWHVLQV</p>","","","training","","","","","","","",""
"null","null","html-keyboard-response","539","800216","0.0-19.0-0.46","69d8b313ae434f632a305c9b","69d7901e3430d13455efb336","69e8e64c7152be834b563d08","<p style=""font-size: 60px; font-family: FragmentMono"">YWGOJKL</p>","","","training","","","","","","","",""
"null","null","html-keyboard-response","540","801231","0.0-19.0-0.47","69d8b313ae434f632a305c9b","69d7901e3430d13455efb336","69e8e64c7152be834b563d08","<p style=""font-size: 60px; font-family: FragmentMono"">AJDZUXAYA</p>","","","training","","","","","","","",""
"null","null","html-keyboard-response","541","802241","0.0-19.0-0.48","69d8b313ae434f632a305c9b","69d7901e3430d13455efb336","69e8e64c7152be834b563d08","<p style=""font-size: 60px; font-family: FragmentMono"">YNQYOWMF</p>","","","training","","","","","","","",""
"null","null","html-keyboard-response","542","803248","0.0-19.0-0.49","69d8b313ae434f632a305c9b","69d7901e3430d13455efb336","69e8e64c7152be834b563d08","<p style=""font-size: 60px; font-family: FragmentMono"">NVLXNVLQV</p>","","","training","","","","","","","",""
"null","null","html-keyboard-response","543","804256","0.0-19.0-0.50","69d8b313ae434f632a305c9b","69d7901e3430d13455efb336","69e8e64c7152be834b563d08","<p style=""font-size: 60px; font-family: FragmentMono"">AJDZURJMH</p>","","","training","","","","","","","",""
"null","null","html-keyboard-response","544","805261","0.0-19.0-0.51","69d8b313ae434f632a305c9b","69d7901e3430d13455efb336","69e8e64c7152be834b563d08","<p style=""font-size: 60px; font-family: FragmentMono"">QETURMPE</p>","","","training","","","","","","","",""
"null","null","html-keyboard-response","545","806279","0.0-19.0-0.52","69d8b313ae434f632a305c9b","69d7901e3430d13455efb336","69e8e64c7152be834b563d08","<p style=""font-size: 60px; font-family: FragmentMono"">PTPZOWMF</p>","","","training","","","","","","","",""
"null","null","html-keyboard-response","546","807283","0.0-19.0-0.53","69d8b313ae434f632a305c9b","69d7901e3430d13455efb336","69e8e64c7152be834b563d08","<p style=""font-size: 60px; font-family: FragmentMono"">GNWHIOVF</p>","","","training","","","","","","","",""
"null","null","html-keyboard-response","547","808289","0.0-19.0-0.54","69d8b313ae434f632a305c9b","69d7901e3430d13455efb336","69e8e64c7152be834b563d08","<p style=""font-size: 60px; font-family: FragmentMono"">BWRLYVLQV</p>","","","training","","","","","","","",""
"null","null","html-keyboard-response","548","809297","0.0-19.0-0.55","69d8b313ae434f632a305c9b","69d7901e3430d13455efb336","69e8e64c7152be834b563d08","<p style=""font-size: 60px; font-family: FragmentMono"">APQHTRMPE</p>","","","training","","","","","","","",""
"null","null","html-keyboard-response","549","810308","0.0-19.0-0.56","69d8b313ae434f632a305c9b","69d7901e3430d13455efb336","69e8e64c7152be834b563d08","<p style=""font-size: 60px; font-family: FragmentMono"">XBQDJXPX</p>","","","training","","","","","","","",""
"null","null","html-keyboard-response","550","811318","0.0-19.0-0.57","69d8b313ae434f632a305c9b","69d7901e3430d13455efb336","69e8e64c7152be834b563d08","<p style=""font-size: 60px; font-family: FragmentMono"">XUFEFYG</p>","","","training","","","","","","","",""
"null","null","html-keyboard-response","551","812328","0.0-19.0-0.58","69d8b313ae434f632a305c9b","69d7901e3430d13455efb336","69e8e64c7152be834b563d08","<p style=""font-size: 60px; font-family: FragmentMono"">YWQLAOWMF</p>","","","training","","","","","","","",""
"null","null","html-keyboard-response","552","813331","0.0-19.0-0.59","69d8b313ae434f632a305c9b","69d7901e3430d13455efb336","69e8e64c7152be834b563d08","<p style=""font-size: 60px; font-family: FragmentMono"">DWXDXAYA</p>","","","training","","","","","","","",""
"null","null","html-keyboard-response","553","814342","0.0-19.0-0.60","69d8b313ae434f632a305c9b","69d7901e3430d13455efb336","69e8e64c7152be834b563d08","<p style=""font-size: 60px; font-family: FragmentMono"">APQHTJXPX</p>","","","training","","","","","","","",""
"null","null","html-keyboard-response","554","815347","0.0-19.0-0.61","69d8b313ae434f632a305c9b","69d7901e3430d13455efb336","69e8e64c7152be834b563d08","<p style=""font-size: 60px; font-family: FragmentMono"">XUFEOWMF</p>","","","training","","","","","","","",""
"null","null","html-keyboard-response","555","816358","0.0-19.0-0.62","69d8b313ae434f632a305c9b","69d7901e3430d13455efb336","69e8e64c7152be834b563d08","<p style=""font-size: 60px; font-family: FragmentMono"">HNCXAXAYA</p>","","","training","","","","","","","",""
"null","null","html-keyboard-response","556","817365","0.0-19.0-0.63","69d8b313ae434f632a305c9b","69d7901e3430d13455efb336","69e8e64c7152be834b563d08","<p style=""font-size: 60px; font-family: FragmentMono"">YWGOVLQV</p>","","","training","","","","","","","",""
"null","null","html-keyboard-response","557","818377","0.0-19.0-0.64","69d8b313ae434f632a305c9b","69d7901e3430d13455efb336","69e8e64c7152be834b563d08","<p style=""font-size: 60px; font-family: FragmentMono"">YNQYRMPE</p>","","","training","","","","","","","",""
"null","null","html-keyboard-response","558","819381","0.0-19.0-0.65","69d8b313ae434f632a305c9b","69d7901e3430d13455efb336","69e8e64c7152be834b563d08","<p style=""font-size: 60px; font-family: FragmentMono"">NVLXNJKL</p>","","","training","","","","","","","",""
"null","null","html-keyboard-response","559","820384","0.0-19.0-0.66","69d8b313ae434f632a305c9b","69d7901e3430d13455efb336","69e8e64c7152be834b563d08","<p style=""font-size: 60px; font-family: FragmentMono"">CHASSOWMF</p>","","","training","","","","","","","",""
"null","null","html-keyboard-response","560","821396","0.0-19.0-0.67","69d8b313ae434f632a305c9b","69d7901e3430d13455efb336","69e8e64c7152be834b563d08","<p style=""font-size: 60px; font-family: FragmentMono"">AJDZUVLQV</p>","","","training","","","","","","","",""
"null","null","html-keyboard-response","561","822404","0.0-19.0-0.68","69d8b313ae434f632a305c9b","69d7901e3430d13455efb336","69e8e64c7152be834b563d08","<p style=""font-size: 60px; font-family: FragmentMono"">QPMYRMPE</p>","","","training","","","","","","","",""
"null","null","html-keyboard-response","562","823411","0.0-19.0-0.69","69d8b313ae434f632a305c9b","69d7901e3430d13455efb336","69e8e64c7152be834b563d08","<p style=""font-size: 60px; font-family: FragmentMono"">PTPZFYG</p>","","","training","","","","","","","",""
"null","null","html-keyboard-response","563","824422","0.0-19.0-0.70","69d8b313ae434f632a305c9b","69d7901e3430d13455efb336","69e8e64c7152be834b563d08","<p style=""font-size: 60px; font-family: FragmentMono"">DWXDRJMH</p>","","","training","","","","","","","",""
"null","null","html-keyboard-response","564","825429","0.0-19.0-0.71","69d8b313ae434f632a305c9b","69d7901e3430d13455efb336","69e8e64c7152be834b563d08","<p style=""font-size: 60px; font-family: FragmentMono"">HNCXAIOVF</p>","","","training","","","","","","","",""
"null","null","html-keyboard-response","565","826438","0.0-19.0-0.72","69d8b313ae434f632a305c9b","69d7901e3430d13455efb336","69e8e64c7152be834b563d08","<p style=""font-size: 60px; font-family: FragmentMono"">CGHNXAYA</p>","","","training","","","","","","","",""
"null","null","html-keyboard-response","566","827447","0.0-19.0-0.73","69d8b313ae434f632a305c9b","69d7901e3430d13455efb336","69e8e64c7152be834b563d08","<p style=""font-size: 60px; font-family: FragmentMono"">BWRLYJKL</p>","","","training","","","","","","","",""
"null","null","html-keyboard-response","567","828452","0.0-19.0-0.74","69d8b313ae434f632a305c9b","69d7901e3430d13455efb336","69e8e64c7152be834b563d08","<p style=""font-size: 60px; font-family: FragmentMono"">AJDZUIOVF</p>","","","training","","","","","","","",""
"null","null","html-keyboard-response","568","829453","0.0-19.0-0.75","69d8b313ae434f632a305c9b","69d7901e3430d13455efb336","69e8e64c7152be834b563d08","<p style=""font-size: 60px; font-family: FragmentMono"">YWGOXAYA</p>","","","training","","","","","","","",""
"null","null","html-keyboard-response","569","830455","0.0-19.0-0.76","69d8b313ae434f632a305c9b","69d7901e3430d13455efb336","69e8e64c7152be834b563d08","<p style=""font-size: 60px; font-family: FragmentMono"">CGHNIOVF</p>","","","training","","","","","","","",""
"null","null","html-keyboard-response","570","831467","0.0-19.0-0.77","69d8b313ae434f632a305c9b","69d7901e3430d13455efb336","69e8e64c7152be834b563d08","<p style=""font-size: 60px; font-family: FragmentMono"">HNCXAJKL</p>","","","training","","","","","","","",""
"null","null","html-keyboard-response","571","832476","0.0-19.0-0.78","69d8b313ae434f632a305c9b","69d7901e3430d13455efb336","69e8e64c7152be834b563d08","<p style=""font-size: 60px; font-family: FragmentMono"">WRGAMBZE</p>","","","training","","","","","","","",""
"null","null","html-keyboard-response","572","833489","0.0-19.0-0.79","69d8b313ae434f632a305c9b","69d7901e3430d13455efb336","69e8e64c7152be834b563d08","<p style=""font-size: 60px; font-family: FragmentMono"">BWRLYRJMH</p>","","","training","","","","","","","",""
"3604"," ","html-keyboard-response","573","837094","0.0-20.0","69d8b313ae434f632a305c9b","69d7901e3430d13455efb336","69e8e64c7152be834b563d08","<p style=""font-size: 30px"">Great, you've seen the seventh block of words. You may now take a short break.</p>
      <p style=""font-size: 30px"">Press the spacebar when you're ready to continue.</p>","","","","","","","","","","",""
"null","null","html-keyboard-response","574","838104","0.0-21.0-0.0","69d8b313ae434f632a305c9b","69d7901e3430d13455efb336","69e8e64c7152be834b563d08","<p style=""font-size: 60px; font-family: FragmentMono"">XUFEJXPX</p>","","","training","","","","","","","",""
"null","null","html-keyboard-response","575","839115","0.0-21.0-0.1","69d8b313ae434f632a305c9b","69d7901e3430d13455efb336","69e8e64c7152be834b563d08","<p style=""font-size: 60px; font-family: FragmentMono"">CHASSOWMF</p>","","","training","","","","","","","",""
"null","null","html-keyboard-response","576","840119","0.0-21.0-0.2","69d8b313ae434f632a305c9b","69d7901e3430d13455efb336","69e8e64c7152be834b563d08","<p style=""font-size: 60px; font-family: FragmentMono"">NVLXNIOVF</p>","","","training","","","","","","","",""
"null","null","html-keyboard-response","577","841135","0.0-21.0-0.3","69d8b313ae434f632a305c9b","69d7901e3430d13455efb336","69e8e64c7152be834b563d08","<p style=""font-size: 60px; font-family: FragmentMono"">XBQDRMPE</p>","","","training","","","","","","","",""
"null","null","html-keyboard-response","578","842152","0.0-21.0-0.4","69d8b313ae434f632a305c9b","69d7901e3430d13455efb336","69e8e64c7152be834b563d08","<p style=""font-size: 60px; font-family: FragmentMono"">YWQLAFYG</p>","","","training","","","","","","","",""
"null","null","html-keyboard-response","579","843158","0.0-21.0-0.5","69d8b313ae434f632a305c9b","69d7901e3430d13455efb336","69e8e64c7152be834b563d08","<p style=""font-size: 60px; font-family: FragmentMono"">HNCXAJKL</p>","","","training","","","","","","","",""
"null","null","html-keyboard-response","580","844174","0.0-21.0-0.6","69d8b313ae434f632a305c9b","69d7901e3430d13455efb336","69e8e64c7152be834b563d08","<p style=""font-size: 60px; font-family: FragmentMono"">CGHNXAYA</p>","","","training","","","","","","","",""
"null","null","html-keyboard-response","581","845181","0.0-21.0-0.7","69d8b313ae434f632a305c9b","69d7901e3430d13455efb336","69e8e64c7152be834b563d08","<p style=""font-size: 60px; font-family: FragmentMono"">TQZUVLQV</p>","","","training","","","","","","","",""
"null","null","html-keyboard-response","582","846185","0.0-21.0-0.8","69d8b313ae434f632a305c9b","69d7901e3430d13455efb336","69e8e64c7152be834b563d08","<p style=""font-size: 60px; font-family: FragmentMono"">AJDZUIOVF</p>","","","training","","","","","","","",""
"null","null","html-keyboard-response","583","847190","0.0-21.0-0.9","69d8b313ae434f632a305c9b","69d7901e3430d13455efb336","69e8e64c7152be834b563d08","<p style=""font-size: 60px; font-family: FragmentMono"">QPMYFYG</p>","","","training","","","","","","","",""
"null","null","html-keyboard-response","584","848203","0.0-21.0-0.10","69d8b313ae434f632a305c9b","69d7901e3430d13455efb336","69e8e64c7152be834b563d08","<p style=""font-size: 60px; font-family: FragmentMono"">XBQDOWMF</p>","","","training","","","","","","","",""
"null","null","html-keyboard-response","585","849209","0.0-21.0-0.11","69d8b313ae434f632a305c9b","69d7901e3430d13455efb336","69e8e64c7152be834b563d08","<p style=""font-size: 60px; font-family: FragmentMono"">GNWHXAYA</p>","","","training","","","","","","","",""
"null","null","html-keyboard-response","586","850214","0.0-21.0-0.12","69d8b313ae434f632a305c9b","69d7901e3430d13455efb336","69e8e64c7152be834b563d08","<p style=""font-size: 60px; font-family: FragmentMono"">AJDZURJMH</p>","","","training","","","","","","","",""
"null","null","html-keyboard-response","587","851219","0.0-21.0-0.13","69d8b313ae434f632a305c9b","69d7901e3430d13455efb336","69e8e64c7152be834b563d08","<p style=""font-size: 60px; font-family: FragmentMono"">XBQDFYG</p>","","","training","","","","","","","",""
"null","null","html-keyboard-response","588","852233","0.0-21.0-0.14","69d8b313ae434f632a305c9b","69d7901e3430d13455efb336","69e8e64c7152be834b563d08","<p style=""font-size: 60px; font-family: FragmentMono"">QPMYBZE</p>","","","training","","","","","","","",""
"null","null","html-keyboard-response","589","853237","0.0-21.0-0.15","69d8b313ae434f632a305c9b","69d7901e3430d13455efb336","69e8e64c7152be834b563d08","<p style=""font-size: 60px; font-family: FragmentMono"">EYAEYJKL</p>","","","training","","","","","","","",""
"null","null","html-keyboard-response","590","854242","0.0-21.0-0.16","69d8b313ae434f632a305c9b","69d7901e3430d13455efb336","69e8e64c7152be834b563d08","<p style=""font-size: 60px; font-family: FragmentMono"">QPMYJXPX</p>","","","training","","","","","","","",""
"null","null","html-keyboard-response","591","855250","0.0-21.0-0.17","69d8b313ae434f632a305c9b","69d7901e3430d13455efb336","69e8e64c7152be834b563d08","<p style=""font-size: 60px; font-family: FragmentMono"">YNQYOWMF</p>","","","training","","","","","","","",""
"null","null","html-keyboard-response","592","856258","0.0-21.0-0.18","69d8b313ae434f632a305c9b","69d7901e3430d13455efb336","69e8e64c7152be834b563d08","<p style=""font-size: 60px; font-family: FragmentMono"">GNWHIOVF</p>","","","training","","","","","","","",""
"null","null","html-keyboard-response","593","857274","0.0-21.0-0.19","69d8b313ae434f632a305c9b","69d7901e3430d13455efb336","69e8e64c7152be834b563d08","<p style=""font-size: 60px; font-family: FragmentMono"">WRGAMRMPE</p>","","","training","","","","","","","",""
"null","null","html-keyboard-response","594","858278","0.0-21.0-0.20","69d8b313ae434f632a305c9b","69d7901e3430d13455efb336","69e8e64c7152be834b563d08","<p style=""font-size: 60px; font-family: FragmentMono"">YWGOJKL</p>","","","training","","","","","","","",""
"null","null","html-keyboard-response","595","859282","0.0-21.0-0.21","69d8b313ae434f632a305c9b","69d7901e3430d13455efb336","69e8e64c7152be834b563d08","<p style=""font-size: 60px; font-family: FragmentMono"">APQHTBZE</p>","","","training","","","","","","","",""
"null","null","html-keyboard-response","596","860294","0.0-21.0-0.22","69d8b313ae434f632a305c9b","69d7901e3430d13455efb336","69e8e64c7152be834b563d08","<p style=""font-size: 60px; font-family: FragmentMono"">BWRLYIOVF</p>","","","training","","","","","","","",""
"null","null","html-keyboard-response","597","861296","0.0-21.0-0.23","69d8b313ae434f632a305c9b","69d7901e3430d13455efb336","69e8e64c7152be834b563d08","<p style=""font-size: 60px; font-family: FragmentMono"">XBQDJXPX</p>","","","training","","","","","","","",""
"null","null","html-keyboard-response","598","862305","0.0-21.0-0.24","69d8b313ae434f632a305c9b","69d7901e3430d13455efb336","69e8e64c7152be834b563d08","<p style=""font-size: 60px; font-family: FragmentMono"">YWGOVLQV</p>","","","training","","","","","","","",""
"null","null","html-keyboard-response","599","863317","0.0-21.0-0.25","69d8b313ae434f632a305c9b","69d7901e3430d13455efb336","69e8e64c7152be834b563d08","<p style=""font-size: 60px; font-family: FragmentMono"">PTPZBZE</p>","","","training","","","","","","","",""
"null","null","html-keyboard-response","600","864320","0.0-21.0-0.26","69d8b313ae434f632a305c9b","69d7901e3430d13455efb336","69e8e64c7152be834b563d08","<p style=""font-size: 60px; font-family: FragmentMono"">DWXDVLQV</p>","","","training","","","","","","","",""
"null","null","html-keyboard-response","601","865322","0.0-21.0-0.27","69d8b313ae434f632a305c9b","69d7901e3430d13455efb336","69e8e64c7152be834b563d08","<p style=""font-size: 60px; font-family: FragmentMono"">HNCXAXAYA</p>","","","training","","","","","","","",""
"null","null","html-keyboard-response","602","866339","0.0-21.0-0.28","69d8b313ae434f632a305c9b","69d7901e3430d13455efb336","69e8e64c7152be834b563d08","<p style=""font-size: 60px; font-family: FragmentMono"">YWQLARMPE</p>","","","training","","","","","","","",""
"null","null","html-keyboard-response","603","867349","0.0-21.0-0.29","69d8b313ae434f632a305c9b","69d7901e3430d13455efb336","69e8e64c7152be834b563d08","<p style=""font-size: 60px; font-family: FragmentMono"">CGHNRJMH</p>","","","training","","","","","","","",""
"null","null","html-keyboard-response","604","868363","0.0-21.0-0.30","69d8b313ae434f632a305c9b","69d7901e3430d13455efb336","69e8e64c7152be834b563d08","<p style=""font-size: 60px; font-family: FragmentMono"">APQHTFYG</p>","","","training","","","","","","","",""
"null","null","html-keyboard-response","605","869366","0.0-21.0-0.31","69d8b313ae434f632a305c9b","69d7901e3430d13455efb336","69e8e64c7152be834b563d08","<p style=""font-size: 60px; font-family: FragmentMono"">QETUJXPX</p>","","","training","","","","","","","",""
"null","null","html-keyboard-response","606","870371","0.0-21.0-0.32","69d8b313ae434f632a305c9b","69d7901e3430d13455efb336","69e8e64c7152be834b563d08","<p style=""font-size: 60px; font-family: FragmentMono"">YWQLAOWMF</p>","","","training","","","","","","","",""
"null","null","html-keyboard-response","607","871377","0.0-21.0-0.33","69d8b313ae434f632a305c9b","69d7901e3430d13455efb336","69e8e64c7152be834b563d08","<p style=""font-size: 60px; font-family: FragmentMono"">QETURMPE</p>","","","training","","","","","","","",""
"null","null","html-keyboard-response","608","872390","0.0-21.0-0.34","69d8b313ae434f632a305c9b","69d7901e3430d13455efb336","69e8e64c7152be834b563d08","<p style=""font-size: 60px; font-family: FragmentMono"">YNQYFYG</p>","","","training","","","","","","","",""
"null","null","html-keyboard-response","609","873403","0.0-21.0-0.35","69d8b313ae434f632a305c9b","69d7901e3430d13455efb336","69e8e64c7152be834b563d08","<p style=""font-size: 60px; font-family: FragmentMono"">EYAEYXAYA</p>","","","training","","","","","","","",""
"null","null","html-keyboard-response","610","874414","0.0-21.0-0.36","69d8b313ae434f632a305c9b","69d7901e3430d13455efb336","69e8e64c7152be834b563d08","<p style=""font-size: 60px; font-family: FragmentMono"">TQZURJMH</p>","","","training","","","","","","","",""
"null","null","html-keyboard-response","611","875426","0.0-21.0-0.37","69d8b313ae434f632a305c9b","69d7901e3430d13455efb336","69e8e64c7152be834b563d08","<p style=""font-size: 60px; font-family: FragmentMono"">DWXDXAYA</p>","","","training","","","","","","","",""
"null","null","html-keyboard-response","612","876432","0.0-21.0-0.38","69d8b313ae434f632a305c9b","69d7901e3430d13455efb336","69e8e64c7152be834b563d08","<p style=""font-size: 60px; font-family: FragmentMono"">APQHTJXPX</p>","","","training","","","","","","","",""
"null","null","html-keyboard-response","613","877448","0.0-21.0-0.39","69d8b313ae434f632a305c9b","69d7901e3430d13455efb336","69e8e64c7152be834b563d08","<p style=""font-size: 60px; font-family: FragmentMono"">YWGOIOVF</p>","","","training","","","","","","","",""
"null","null","html-keyboard-response","614","878457","0.0-21.0-0.40","69d8b313ae434f632a305c9b","69d7901e3430d13455efb336","69e8e64c7152be834b563d08","<p style=""font-size: 60px; font-family: FragmentMono"">PTPZJXPX</p>","","","training","","","","","","","",""
"null","null","html-keyboard-response","615","879463","0.0-21.0-0.41","69d8b313ae434f632a305c9b","69d7901e3430d13455efb336","69e8e64c7152be834b563d08","<p style=""font-size: 60px; font-family: FragmentMono"">GNWHRJMH</p>","","","training","","","","","","","",""
"null","null","html-keyboard-response","616","880481","0.0-21.0-0.42","69d8b313ae434f632a305c9b","69d7901e3430d13455efb336","69e8e64c7152be834b563d08","<p style=""font-size: 60px; font-family: FragmentMono"">BWRLYJKL</p>","","","training","","","","","","","",""
"null","null","html-keyboard-response","617","881483","0.0-21.0-0.43","69d8b313ae434f632a305c9b","69d7901e3430d13455efb336","69e8e64c7152be834b563d08","<p style=""font-size: 60px; font-family: FragmentMono"">YNQYJXPX</p>","","","training","","","","","","","",""
"null","null","html-keyboard-response","618","882489","0.0-21.0-0.44","69d8b313ae434f632a305c9b","69d7901e3430d13455efb336","69e8e64c7152be834b563d08","<p style=""font-size: 60px; font-family: FragmentMono"">HNCXARJMH</p>","","","training","","","","","","","",""
"null","null","html-keyboard-response","619","883499","0.0-21.0-0.45","69d8b313ae434f632a305c9b","69d7901e3430d13455efb336","69e8e64c7152be834b563d08","<p style=""font-size: 60px; font-family: FragmentMono"">CGHNIOVF</p>","","","training","","","","","","","",""
"null","null","html-keyboard-response","620","884504","0.0-21.0-0.46","69d8b313ae434f632a305c9b","69d7901e3430d13455efb336","69e8e64c7152be834b563d08","<p style=""font-size: 60px; font-family: FragmentMono"">XUFEOWMF</p>","","","training","","","","","","","",""
"null","null","html-keyboard-response","621","885505","0.0-21.0-0.47","69d8b313ae434f632a305c9b","69d7901e3430d13455efb336","69e8e64c7152be834b563d08","<p style=""font-size: 60px; font-family: FragmentMono"">GNWHVLQV</p>","","","training","","","","","","","",""
"null","null","html-keyboard-response","622","886519","0.0-21.0-0.48","69d8b313ae434f632a305c9b","69d7901e3430d13455efb336","69e8e64c7152be834b563d08","<p style=""font-size: 60px; font-family: FragmentMono"">WRGAMBZE</p>","","","training","","","","","","","",""
"null","null","html-keyboard-response","623","887538","0.0-21.0-0.49","69d8b313ae434f632a305c9b","69d7901e3430d13455efb336","69e8e64c7152be834b563d08","<p style=""font-size: 60px; font-family: FragmentMono"">QPMYRMPE</p>","","","training","","","","","","","",""
"null","null","html-keyboard-response","624","888545","0.0-21.0-0.50","69d8b313ae434f632a305c9b","69d7901e3430d13455efb336","69e8e64c7152be834b563d08","<p style=""font-size: 60px; font-family: FragmentMono"">QETUBZE</p>","","","training","","","","","","","",""
"null","null","html-keyboard-response","625","889549","0.0-21.0-0.51","69d8b313ae434f632a305c9b","69d7901e3430d13455efb336","69e8e64c7152be834b563d08","<p style=""font-size: 60px; font-family: FragmentMono"">PTPZOWMF</p>","","","training","","","","","","","",""
"null","null","html-keyboard-response","626","890556","0.0-21.0-0.52","69d8b313ae434f632a305c9b","69d7901e3430d13455efb336","69e8e64c7152be834b563d08","<p style=""font-size: 60px; font-family: FragmentMono"">XUFEFYG</p>","","","training","","","","","","","",""
"null","null","html-keyboard-response","627","891563","0.0-21.0-0.53","69d8b313ae434f632a305c9b","69d7901e3430d13455efb336","69e8e64c7152be834b563d08","<p style=""font-size: 60px; font-family: FragmentMono"">WRGAMOWMF</p>","","","training","","","","","","","",""
"null","null","html-keyboard-response","628","892570","0.0-21.0-0.54","69d8b313ae434f632a305c9b","69d7901e3430d13455efb336","69e8e64c7152be834b563d08","<p style=""font-size: 60px; font-family: FragmentMono"">PTPZFYG</p>","","","training","","","","","","","",""
"null","null","html-keyboard-response","629","893573","0.0-21.0-0.55","69d8b313ae434f632a305c9b","69d7901e3430d13455efb336","69e8e64c7152be834b563d08","<p style=""font-size: 60px; font-family: FragmentMono"">YWGOXAYA</p>","","","training","","","","","","","",""
"null","null","html-keyboard-response","630","894574","0.0-21.0-0.56","69d8b313ae434f632a305c9b","69d7901e3430d13455efb336","69e8e64c7152be834b563d08","<p style=""font-size: 60px; font-family: FragmentMono"">CGHNJKL</p>","","","training","","","","","","","",""
"null","null","html-keyboard-response","631","895580","0.0-21.0-0.57","69d8b313ae434f632a305c9b","69d7901e3430d13455efb336","69e8e64c7152be834b563d08","<p style=""font-size: 60px; font-family: FragmentMono"">AJDZUVLQV</p>","","","training","","","","","","","",""
"null","null","html-keyboard-response","632","896585","0.0-21.0-0.58","69d8b313ae434f632a305c9b","69d7901e3430d13455efb336","69e8e64c7152be834b563d08","<p style=""font-size: 60px; font-family: FragmentMono"">CHASSJXPX</p>","","","training","","","","","","","",""
"null","null","html-keyboard-response","633","897592","0.0-21.0-0.59","69d8b313ae434f632a305c9b","69d7901e3430d13455efb336","69e8e64c7152be834b563d08","<p style=""font-size: 60px; font-family: FragmentMono"">BWRLYVLQV</p>","","","training","","","","","","","",""
"null","null","html-keyboard-response","634","898598","0.0-21.0-0.60","69d8b313ae434f632a305c9b","69d7901e3430d13455efb336","69e8e64c7152be834b563d08","<p style=""font-size: 60px; font-family: FragmentMono"">QETUOWMF</p>","","","training","","","","","","","",""
"null","null","html-keyboard-response","635","899612","0.0-21.0-0.61","69d8b313ae434f632a305c9b","69d7901e3430d13455efb336","69e8e64c7152be834b563d08","<p style=""font-size: 60px; font-family: FragmentMono"">DWXDJKL</p>","","","training","","","","","","","",""
"null","null","html-keyboard-response","636","900625","0.0-21.0-0.62","69d8b313ae434f632a305c9b","69d7901e3430d13455efb336","69e8e64c7152be834b563d08","<p style=""font-size: 60px; font-family: FragmentMono"">APQHTRMPE</p>","","","training","","","","","","","",""
"null","null","html-keyboard-response","637","901633","0.0-21.0-0.63","69d8b313ae434f632a305c9b","69d7901e3430d13455efb336","69e8e64c7152be834b563d08","<p style=""font-size: 60px; font-family: FragmentMono"">EYAEYIOVF</p>","","","training","","","","","","","",""
"null","null","html-keyboard-response","638","902639","0.0-21.0-0.64","69d8b313ae434f632a305c9b","69d7901e3430d13455efb336","69e8e64c7152be834b563d08","<p style=""font-size: 60px; font-family: FragmentMono"">WRGAMFYG</p>","","","training","","","","","","","",""
"null","null","html-keyboard-response","639","903648","0.0-21.0-0.65","69d8b313ae434f632a305c9b","69d7901e3430d13455efb336","69e8e64c7152be834b563d08","<p style=""font-size: 60px; font-family: FragmentMono"">NVLXNJKL</p>","","","training","","","","","","","",""
"null","null","html-keyboard-response","640","904657","0.0-21.0-0.66","69d8b313ae434f632a305c9b","69d7901e3430d13455efb336","69e8e64c7152be834b563d08","<p style=""font-size: 60px; font-family: FragmentMono"">TQZUXAYA</p>","","","training","","","","","","","",""
"null","null","html-keyboard-response","641","905664","0.0-21.0-0.67","69d8b313ae434f632a305c9b","69d7901e3430d13455efb336","69e8e64c7152be834b563d08","<p style=""font-size: 60px; font-family: FragmentMono"">NVLXNRJMH</p>","","","training","","","","","","","",""
"null","null","html-keyboard-response","642","906671","0.0-21.0-0.68","69d8b313ae434f632a305c9b","69d7901e3430d13455efb336","69e8e64c7152be834b563d08","<p style=""font-size: 60px; font-family: FragmentMono"">HNCXAIOVF</p>","","","training","","","","","","","",""
"null","null","html-keyboard-response","643","907674","0.0-21.0-0.69","69d8b313ae434f632a305c9b","69d7901e3430d13455efb336","69e8e64c7152be834b563d08","<p style=""font-size: 60px; font-family: FragmentMono"">YWQLABZE</p>","","","training","","","","","","","",""
"null","null","html-keyboard-response","644","908689","0.0-21.0-0.70","69d8b313ae434f632a305c9b","69d7901e3430d13455efb336","69e8e64c7152be834b563d08","<p style=""font-size: 60px; font-family: FragmentMono"">EYAEYVLQV</p>","","","training","","","","","","","",""
"null","null","html-keyboard-response","645","909694","0.0-21.0-0.71","69d8b313ae434f632a305c9b","69d7901e3430d13455efb336","69e8e64c7152be834b563d08","<p style=""font-size: 60px; font-family: FragmentMono"">CHASSBZE</p>","","","training","","","","","","","",""
"null","null","html-keyboard-response","646","910704","0.0-21.0-0.72","69d8b313ae434f632a305c9b","69d7901e3430d13455efb336","69e8e64c7152be834b563d08","<p style=""font-size: 60px; font-family: FragmentMono"">BWRLYRJMH</p>","","","training","","","","","","","",""
"null","null","html-keyboard-response","647","911712","0.0-21.0-0.73","69d8b313ae434f632a305c9b","69d7901e3430d13455efb336","69e8e64c7152be834b563d08","<p style=""font-size: 60px; font-family: FragmentMono"">AJDZUXAYA</p>","","","training","","","","","","","",""
"null","null","html-keyboard-response","648","912718","0.0-21.0-0.74","69d8b313ae434f632a305c9b","69d7901e3430d13455efb336","69e8e64c7152be834b563d08","<p style=""font-size: 60px; font-family: FragmentMono"">CHASSRMPE</p>","","","training","","","","","","","",""
"null","null","html-keyboard-response","649","913724","0.0-21.0-0.75","69d8b313ae434f632a305c9b","69d7901e3430d13455efb336","69e8e64c7152be834b563d08","<p style=""font-size: 60px; font-family: FragmentMono"">NVLXNVLQV</p>","","","training","","","","","","","",""
"null","null","html-keyboard-response","650","914735","0.0-21.0-0.76","69d8b313ae434f632a305c9b","69d7901e3430d13455efb336","69e8e64c7152be834b563d08","<p style=""font-size: 60px; font-family: FragmentMono"">XUFEBZE</p>","","","training","","","","","","","",""
"null","null","html-keyboard-response","651","915744","0.0-21.0-0.77","69d8b313ae434f632a305c9b","69d7901e3430d13455efb336","69e8e64c7152be834b563d08","<p style=""font-size: 60px; font-family: FragmentMono"">TQZUJKL</p>","","","training","","","","","","","",""
"null","null","html-keyboard-response","652","916752","0.0-21.0-0.78","69d8b313ae434f632a305c9b","69d7901e3430d13455efb336","69e8e64c7152be834b563d08","<p style=""font-size: 60px; font-family: FragmentMono"">YNQYRMPE</p>","","","training","","","","","","","",""
"null","null","html-keyboard-response","653","917758","0.0-21.0-0.79","69d8b313ae434f632a305c9b","69d7901e3430d13455efb336","69e8e64c7152be834b563d08","<p style=""font-size: 60px; font-family: FragmentMono"">DWXDRJMH</p>","","","training","","","","","","","",""
"7468"," ","html-keyboard-response","654","925227","0.0-22.0","69d8b313ae434f632a305c9b","69d7901e3430d13455efb336","69e8e64c7152be834b563d08","<p style=""font-size: 30px"">Great! You've seen all the words that we received from space.</p>
      <p style=""font-size: 30px"">Press the spacebar when you're ready to continue.</p>","","","","","","","","","","",""
"80118"," ","html-keyboard-response","655","1005347","0.0-23.0","69d8b313ae434f632a305c9b","69d7901e3430d13455efb336","69e8e64c7152be834b563d08","<p style=""font-size: 30px"">In this second part, you'll be given some words from a new communication from the same group of aliens, and others that belong to a communication from a different group of aliens. However, the two communications arrived at the same time, so the words are mixed up. Your task is to identify the words that belong to the same group of aliens as the communication you saw in the first part of the experiment.</p>
      <p style=""font-size: 30px"">This is a very tricky task, since both alien groups use the same characters. Your meeting with the world leaders starts very soon, so you won't have much time to decide; you need to work quickly. Try to do your best using your intuition; you don't have much time to spend thinking about each word.</p>
      <p style=""font-size: 30px"">Press <strong>k</strong> when you think that the word you're being shown is from the same group of aliens as before, and <strong>d</strong> when you think it's from a communication from the other alien group.</p><p>Press the spacebar when you're ready to begin.</p>","","","","","","","","","","",""
"2166","k","html-keyboard-response","656","1007514","0.0-24.0-0.0","69d8b313ae434f632a305c9b","69d7901e3430d13455efb336","69e8e64c7152be834b563d08","<p style=""font-size: 30px;"">Does this word come from the alien group you studied previously?</p><br><p style=""font-size: 60px; font-family: FragmentMono"">BIPAJXPX<p style=""font-size: 15px"">Press <strong>k</strong> for yes, <strong>d</strong> for no.</p>","","","testing","BIPAJXPX","k","[""morcodeXmorpheme""]","true","","","",""
"3648"," ","html-keyboard-response","657","1011163","0.0-24.0-1.0-0.0","69d8b313ae434f632a305c9b","69d7901e3430d13455efb336","69e8e64c7152be834b563d08","<p style=""font-size: 30px; color: red"">Careful! You were too slow for this word.</p>
      <p style=""font-size: 30px; color: red"">Try to be faster.</p><p></p><p>Press the spacebar to continue.</p>","","","","","","","","","","",""
"397","d","html-keyboard-response","658","1011562","0.0-24.0-0.1","69d8b313ae434f632a305c9b","69d7901e3430d13455efb336","69e8e64c7152be834b563d08","<p style=""font-size: 30px;"">Does this word come from the alien group you studied previously?</p><br><p style=""font-size: 60px; font-family: FragmentMono"">YNQYQVZ<p style=""font-size: 15px"">Press <strong>k</strong> for yes, <strong>d</strong> for no.</p>","","","testing","YNQYQVZ","k","[""morphemeXmorcode""]","false","","","",""
"299","d","html-keyboard-response","659","1011861","0.0-24.0-0.2","69d8b313ae434f632a305c9b","69d7901e3430d13455efb336","69e8e64c7152be834b563d08","<p style=""font-size: 30px;"">Does this word come from the alien group you studied previously?</p><br><p style=""font-size: 60px; font-family: FragmentMono"">YWGOBABT<p style=""font-size: 15px"">Press <strong>k</strong> for yes, <strong>d</strong> for no.</p>","","","testing","YWGOBABT","k","[""morphemeXmorcode""]","false","","","",""
"1331","k","html-keyboard-response","660","1013193","0.0-24.0-0.3","69d8b313ae434f632a305c9b","69d7901e3430d13455efb336","69e8e64c7152be834b563d08","<p style=""font-size: 30px"">&emsp;</p><br><p style=""font-size: 60px; font-family: FragmentMono"">CGHNVLQV<p style=""font-size: 15px"">Press <strong>k</strong> for yes, <strong>d</strong> for no.</p>","","","testing","CGHNVLQV","k","[""morphemeXmorpheme""]","true","","","",""
"815","d","html-keyboard-response","661","1014008","0.0-24.0-0.4","69d8b313ae434f632a305c9b","69d7901e3430d13455efb336","69e8e64c7152be834b563d08","<p style=""font-size: 30px"">&emsp;</p><br><p style=""font-size: 60px; font-family: FragmentMono"">NVLXNXAYA<p style=""font-size: 15px"">Press <strong>k</strong> for yes, <strong>d</strong> for no.</p>","","","testing","NVLXNXAYA","k","[""morphemeXmorpheme""]","false","","","",""
"361","k","html-keyboard-response","662","1014370","0.0-24.0-0.5","69d8b313ae434f632a305c9b","69d7901e3430d13455efb336","69e8e64c7152be834b563d08","<p style=""font-size: 30px"">&emsp;</p><br><p style=""font-size: 60px; font-family: FragmentMono"">QWBSJRMPE<p style=""font-size: 15px"">Press <strong>k</strong> for yes, <strong>d</strong> for no.</p>","","","testing","QWBSJRMPE","k","[""morcodeXmorpheme""]","true","","","",""
"607","k","html-keyboard-response","663","1014979","0.0-24.0-0.6","69d8b313ae434f632a305c9b","69d7901e3430d13455efb336","69e8e64c7152be834b563d08","<p style=""font-size: 30px"">&emsp;</p><br><p style=""font-size: 60px; font-family: FragmentMono"">WRGAMRJMH<p style=""font-size: 15px"">Press <strong>k</strong> for yes, <strong>d</strong> for no.</p>","","","testing","WRGAMRJMH","d","[""morphemeXmorpheme""]","false","","","",""
"277","k","html-keyboard-response","664","1015257","0.0-24.0-0.7","69d8b313ae434f632a305c9b","69d7901e3430d13455efb336","69e8e64c7152be834b563d08","<p style=""font-size: 30px"">&emsp;</p><br><p style=""font-size: 60px; font-family: FragmentMono"">CGHNSQBU<p style=""font-size: 15px"">Press <strong>k</strong> for yes, <strong>d</strong> for no.</p>","","","testing","CGHNSQBU","k","[""morphemeXmorcode""]","true","","","",""
"462","d","html-keyboard-response","665","1015720","0.0-24.0-0.8","69d8b313ae434f632a305c9b","69d7901e3430d13455efb336","69e8e64c7152be834b563d08","<p style=""font-size: 30px"">&emsp;</p><br><p style=""font-size: 60px; font-family: FragmentMono"">BRTJCRJMH<p style=""font-size: 15px"">Press <strong>k</strong> for yes, <strong>d</strong> for no.</p>","","","testing","BRTJCRJMH","k","[""morcodeXmorpheme""]","false","","","",""
"638","d","html-keyboard-response","666","1016359","0.0-24.0-0.9","69d8b313ae434f632a305c9b","69d7901e3430d13455efb336","69e8e64c7152be834b563d08","<p style=""font-size: 30px"">&emsp;</p><br><p style=""font-size: 60px; font-family: FragmentMono"">OKDVRKNJ<p style=""font-size: 15px"">Press <strong>k</strong> for yes, <strong>d</strong> for no.</p>","","","testing","OKDVRKNJ","d","[""morcodeXmorcode""]","true","","","",""
"735","d","html-keyboard-response","667","1017095","0.0-24.0-0.10","69d8b313ae434f632a305c9b","69d7901e3430d13455efb336","69e8e64c7152be834b563d08","<p style=""font-size: 30px"">&emsp;</p><br><p style=""font-size: 60px; font-family: FragmentMono"">EOSUXWJNV<p style=""font-size: 15px"">Press <strong>k</strong> for yes, <strong>d</strong> for no.</p>","","","testing","EOSUXWJNV","d","[""morcodeXmorcode""]","true","","","",""
"930","k","html-keyboard-response","668","1018027","0.0-24.0-0.11","69d8b313ae434f632a305c9b","69d7901e3430d13455efb336","69e8e64c7152be834b563d08","<p style=""font-size: 30px"">&emsp;</p><br><p style=""font-size: 60px; font-family: FragmentMono"">IFZBVLQV<p style=""font-size: 15px"">Press <strong>k</strong> for yes, <strong>d</strong> for no.</p>","","","testing","IFZBVLQV","k","[""morcodeXmorpheme""]","true","","","",""
"510","d","html-keyboard-response","669","1018538","0.0-24.0-0.12","69d8b313ae434f632a305c9b","69d7901e3430d13455efb336","69e8e64c7152be834b563d08","<p style=""font-size: 30px"">&emsp;</p><br><p style=""font-size: 60px; font-family: FragmentMono"">QHJGWZRT<p style=""font-size: 15px"">Press <strong>k</strong> for yes, <strong>d</strong> for no.</p>","","","testing","QHJGWZRT","d","[""morcodeXmorcode""]","true","","","",""
"796","k","html-keyboard-response","670","1019334","0.0-24.0-0.13","69d8b313ae434f632a305c9b","69d7901e3430d13455efb336","69e8e64c7152be834b563d08","<p style=""font-size: 30px"">&emsp;</p><br><p style=""font-size: 60px; font-family: FragmentMono"">YNQYBZE<p style=""font-size: 15px"">Press <strong>k</strong> for yes, <strong>d</strong> for no.</p>","","","testing","YNQYBZE","k","[""morphemeXmorpheme""]","true","","","",""
"781","k","html-keyboard-response","671","1020117","0.0-24.0-0.14","69d8b313ae434f632a305c9b","69d7901e3430d13455efb336","69e8e64c7152be834b563d08","<p style=""font-size: 30px"">&emsp;</p><br><p style=""font-size: 60px; font-family: FragmentMono"">BWRLYTREH<p style=""font-size: 15px"">Press <strong>k</strong> for yes, <strong>d</strong> for no.</p>","","","testing","BWRLYTREH","k","[""morphemeXmorcode""]","true","","","",""
"568","d","html-keyboard-response","672","1020686","0.0-24.0-0.15","69d8b313ae434f632a305c9b","69d7901e3430d13455efb336","69e8e64c7152be834b563d08","<p style=""font-size: 30px"">&emsp;</p><br><p style=""font-size: 60px; font-family: FragmentMono"">YWQLABXKJ<p style=""font-size: 15px"">Press <strong>k</strong> for yes, <strong>d</strong> for no.</p>","","","testing","YWQLABXKJ","k","[""morphemeXmorcode""]","false","","","",""
"675","d","html-keyboard-response","673","1021362","0.0-24.0-0.16","69d8b313ae434f632a305c9b","69d7901e3430d13455efb336","69e8e64c7152be834b563d08","<p style=""font-size: 30px"">&emsp;</p><br><p style=""font-size: 60px; font-family: FragmentMono"">TWYNUXS<p style=""font-size: 15px"">Press <strong>k</strong> for yes, <strong>d</strong> for no.</p>","","","testing","TWYNUXS","d","[""morcodeXmorcode""]","true","","","",""
"449","d","html-keyboard-response","674","1021812","0.0-24.0-0.17","69d8b313ae434f632a305c9b","69d7901e3430d13455efb336","69e8e64c7152be834b563d08","<p style=""font-size: 30px"">&emsp;</p><br><p style=""font-size: 60px; font-family: FragmentMono"">APQHTOWMF<p style=""font-size: 15px"">Press <strong>k</strong> for yes, <strong>d</strong> for no.</p>","","","testing","APQHTOWMF","k","[""morphemeXmorpheme""]","false","","","",""
"487","d","html-keyboard-response","675","1022301","0.0-24.0-0.18","69d8b313ae434f632a305c9b","69d7901e3430d13455efb336","69e8e64c7152be834b563d08","<p style=""font-size: 30px"">&emsp;</p><br><p style=""font-size: 60px; font-family: FragmentMono"">OHRGNJLI<p style=""font-size: 15px"">Press <strong>k</strong> for yes, <strong>d</strong> for no.</p>","","","testing","OHRGNJLI","d","[""morcodeXmorcode""]","true","","","",""
"743","k","html-keyboard-response","676","1023045","0.0-24.0-0.19","69d8b313ae434f632a305c9b","69d7901e3430d13455efb336","69e8e64c7152be834b563d08","<p style=""font-size: 30px"">&emsp;</p><br><p style=""font-size: 60px; font-family: FragmentMono"">NVLXNRMPE<p style=""font-size: 15px"">Press <strong>k</strong> for yes, <strong>d</strong> for no.</p>","","","testing","NVLXNRMPE","d","[""morphemeXmorpheme""]","false","","","",""
"830","k","html-keyboard-response","677","1023876","0.0-24.0-0.20","69d8b313ae434f632a305c9b","69d7901e3430d13455efb336","69e8e64c7152be834b563d08","<p style=""font-size: 30px"">&emsp;</p><br><p style=""font-size: 60px; font-family: FragmentMono"">IQEVFIOVF<p style=""font-size: 15px"">Press <strong>k</strong> for yes, <strong>d</strong> for no.</p>","","","testing","IQEVFIOVF","k","[""morcodeXmorpheme""]","true","","","",""
"507","d","html-keyboard-response","678","1024384","0.0-24.0-0.21","69d8b313ae434f632a305c9b","69d7901e3430d13455efb336","69e8e64c7152be834b563d08","<p style=""font-size: 30px"">&emsp;</p><br><p style=""font-size: 60px; font-family: FragmentMono"">EXDTWXM<p style=""font-size: 15px"">Press <strong>k</strong> for yes, <strong>d</strong> for no.</p>","","","testing","EXDTWXM","d","[""morcodeXmorcode""]","true","","","",""
"694","d","html-keyboard-response","679","1025079","0.0-24.0-0.22","69d8b313ae434f632a305c9b","69d7901e3430d13455efb336","69e8e64c7152be834b563d08","<p style=""font-size: 30px"">&emsp;</p><br><p style=""font-size: 60px; font-family: FragmentMono"">SYJEOKBLP<p style=""font-size: 15px"">Press <strong>k</strong> for yes, <strong>d</strong> for no.</p>","","","testing","SYJEOKBLP","d","[""morcodeXmorcode""]","true","","","",""
"569","k","html-keyboard-response","680","1025649","0.0-24.0-0.23","69d8b313ae434f632a305c9b","69d7901e3430d13455efb336","69e8e64c7152be834b563d08","<p style=""font-size: 30px"">&emsp;</p><br><p style=""font-size: 60px; font-family: FragmentMono"">NTGLGXGNE<p style=""font-size: 15px"">Press <strong>k</strong> for yes, <strong>d</strong> for no.</p>","","","testing","NTGLGXGNE","d","[""morcodeXmorcode""]","false","","","",""
"886","k","html-keyboard-response","681","1026537","0.0-24.0-0.24","69d8b313ae434f632a305c9b","69d7901e3430d13455efb336","69e8e64c7152be834b563d08","<p style=""font-size: 30px"">&emsp;</p><br><p style=""font-size: 60px; font-family: FragmentMono"">CQMOFYG<p style=""font-size: 15px"">Press <strong>k</strong> for yes, <strong>d</strong> for no.</p>","","","testing","CQMOFYG","k","[""morcodeXmorpheme""]","true","","","",""
"608","k","html-keyboard-response","682","1027146","0.0-24.0-0.25","69d8b313ae434f632a305c9b","69d7901e3430d13455efb336","69e8e64c7152be834b563d08","<p style=""font-size: 30px"">&emsp;</p><br><p style=""font-size: 60px; font-family: FragmentMono"">UYBKDJKL<p style=""font-size: 15px"">Press <strong>k</strong> for yes, <strong>d</strong> for no.</p>","","","testing","UYBKDJKL","k","[""morcodeXmorpheme""]","true","","","",""
"676","k","html-keyboard-response","683","1027823","0.0-24.0-0.26","69d8b313ae434f632a305c9b","69d7901e3430d13455efb336","69e8e64c7152be834b563d08","<p style=""font-size: 30px"">&emsp;</p><br><p style=""font-size: 60px; font-family: FragmentMono"">GNWHOWMF<p style=""font-size: 15px"">Press <strong>k</strong> for yes, <strong>d</strong> for no.</p>","","","testing","GNWHOWMF","d","[""morphemeXmorpheme""]","false","","","",""
"517","d","html-keyboard-response","684","1028341","0.0-24.0-0.27","69d8b313ae434f632a305c9b","69d7901e3430d13455efb336","69e8e64c7152be834b563d08","<p style=""font-size: 30px"">&emsp;</p><br><p style=""font-size: 60px; font-family: FragmentMono"">CHASSIOVF<p style=""font-size: 15px"">Press <strong>k</strong> for yes, <strong>d</strong> for no.</p>","","","testing","CHASSIOVF","d","[""morphemeXmorpheme""]","true","","","",""
"820","d","html-keyboard-response","685","1029162","0.0-24.0-0.28","69d8b313ae434f632a305c9b","69d7901e3430d13455efb336","69e8e64c7152be834b563d08","<p style=""font-size: 30px"">&emsp;</p><br><p style=""font-size: 60px; font-family: FragmentMono"">ZOWZDGI<p style=""font-size: 15px"">Press <strong>k</strong> for yes, <strong>d</strong> for no.</p>","","","testing","ZOWZDGI","d","[""morcodeXmorcode""]","true","","","",""
"798","d","html-keyboard-response","686","1029961","0.0-24.0-0.29","69d8b313ae434f632a305c9b","69d7901e3430d13455efb336","69e8e64c7152be834b563d08","<p style=""font-size: 30px"">&emsp;</p><br><p style=""font-size: 60px; font-family: FragmentMono"">YNQYVLQV<p style=""font-size: 15px"">Press <strong>k</strong> for yes, <strong>d</strong> for no.</p>","","","testing","YNQYVLQV","d","[""morphemeXmorpheme""]","true","","","",""
"871","d","html-keyboard-response","687","1030833","0.0-24.0-0.30","69d8b313ae434f632a305c9b","69d7901e3430d13455efb336","69e8e64c7152be834b563d08","<p style=""font-size: 30px"">&emsp;</p><br><p style=""font-size: 60px; font-family: FragmentMono"">QPMYPGOL<p style=""font-size: 15px"">Press <strong>k</strong> for yes, <strong>d</strong> for no.</p>","","","testing","QPMYPGOL","k","[""morphemeXmorcode""]","false","","","",""
"380","k","html-keyboard-response","688","1031215","0.0-24.0-0.31","69d8b313ae434f632a305c9b","69d7901e3430d13455efb336","69e8e64c7152be834b563d08","<p style=""font-size: 30px"">&emsp;</p><br><p style=""font-size: 60px; font-family: FragmentMono"">TQZUFYG<p style=""font-size: 15px"">Press <strong>k</strong> for yes, <strong>d</strong> for no.</p>","","","testing","TQZUFYG","d","[""morphemeXmorpheme""]","false","","","",""
"538","k","html-keyboard-response","689","1031754","0.0-24.0-0.32","69d8b313ae434f632a305c9b","69d7901e3430d13455efb336","69e8e64c7152be834b563d08","<p style=""font-size: 30px"">&emsp;</p><br><p style=""font-size: 60px; font-family: FragmentMono"">BWRLYXAYA<p style=""font-size: 15px"">Press <strong>k</strong> for yes, <strong>d</strong> for no.</p>","","","testing","BWRLYXAYA","k","[""morphemeXmorpheme""]","true","","","",""
"767","k","html-keyboard-response","690","1032523","0.0-24.0-0.33","69d8b313ae434f632a305c9b","69d7901e3430d13455efb336","69e8e64c7152be834b563d08","<p style=""font-size: 30px"">&emsp;</p><br><p style=""font-size: 60px; font-family: FragmentMono"">DWXDIOVF<p style=""font-size: 15px"">Press <strong>k</strong> for yes, <strong>d</strong> for no.</p>","","","testing","DWXDIOVF","k","[""morphemeXmorpheme""]","true","","","",""
"511","d","html-keyboard-response","691","1033035","0.0-24.0-0.34","69d8b313ae434f632a305c9b","69d7901e3430d13455efb336","69e8e64c7152be834b563d08","<p style=""font-size: 30px"">&emsp;</p><br><p style=""font-size: 60px; font-family: FragmentMono"">XUFEXAYA<p style=""font-size: 15px"">Press <strong>k</strong> for yes, <strong>d</strong> for no.</p>","","","testing","XUFEXAYA","d","[""morphemeXmorpheme""]","true","","","",""
"744","d","html-keyboard-response","692","1033780","0.0-24.0-0.35","69d8b313ae434f632a305c9b","69d7901e3430d13455efb336","69e8e64c7152be834b563d08","<p style=""font-size: 30px"">&emsp;</p><br><p style=""font-size: 60px; font-family: FragmentMono"">TQZUIOVF<p style=""font-size: 15px"">Press <strong>k</strong> for yes, <strong>d</strong> for no.</p>","","","testing","TQZUIOVF","k","[""morphemeXmorpheme""]","false","","","",""
"392","d","html-keyboard-response","693","1034173","0.0-24.0-0.36","69d8b313ae434f632a305c9b","69d7901e3430d13455efb336","69e8e64c7152be834b563d08","<p style=""font-size: 30px"">&emsp;</p><br><p style=""font-size: 60px; font-family: FragmentMono"">GNWHJKL<p style=""font-size: 15px"">Press <strong>k</strong> for yes, <strong>d</strong> for no.</p>","","","testing","GNWHJKL","k","[""morphemeXmorpheme""]","false","","","",""
"708","k","html-keyboard-response","694","1034883","0.0-24.0-0.37","69d8b313ae434f632a305c9b","69d7901e3430d13455efb336","69e8e64c7152be834b563d08","<p style=""font-size: 30px"">&emsp;</p><br><p style=""font-size: 60px; font-family: FragmentMono"">YWGORJMH<p style=""font-size: 15px"">Press <strong>k</strong> for yes, <strong>d</strong> for no.</p>","","","testing","YWGORJMH","k","[""morphemeXmorpheme""]","true","","","",""
"730","d","html-keyboard-response","695","1035613","0.0-24.0-0.38","69d8b313ae434f632a305c9b","69d7901e3430d13455efb336","69e8e64c7152be834b563d08","<p style=""font-size: 30px"">&emsp;</p><br><p style=""font-size: 60px; font-family: FragmentMono"">FSZRTUZ<p style=""font-size: 15px"">Press <strong>k</strong> for yes, <strong>d</strong> for no.</p>","","","testing","FSZRTUZ","d","[""morcodeXmorcode""]","true","","","",""
"542","k","html-keyboard-response","696","1036156","0.0-24.0-0.39","69d8b313ae434f632a305c9b","69d7901e3430d13455efb336","69e8e64c7152be834b563d08","<p style=""font-size: 30px"">&emsp;</p><br><p style=""font-size: 60px; font-family: FragmentMono"">RUOSFRKNJ<p style=""font-size: 15px"">Press <strong>k</strong> for yes, <strong>d</strong> for no.</p>","","","testing","RUOSFRKNJ","d","[""morcodeXmorcode""]","false","","","",""
"477","d","html-keyboard-response","697","1036633","0.0-24.0-0.40","69d8b313ae434f632a305c9b","69d7901e3430d13455efb336","69e8e64c7152be834b563d08","<p style=""font-size: 30px"">&emsp;</p><br><p style=""font-size: 60px; font-family: FragmentMono"">MFELXAYA<p style=""font-size: 15px"">Press <strong>k</strong> for yes, <strong>d</strong> for no.</p>","","","testing","MFELXAYA","k","[""morcodeXmorpheme""]","false","","","",""
"503","k","html-keyboard-response","698","1037138","0.0-24.0-0.41","69d8b313ae434f632a305c9b","69d7901e3430d13455efb336","69e8e64c7152be834b563d08","<p style=""font-size: 30px"">&emsp;</p><br><p style=""font-size: 60px; font-family: FragmentMono"">WRGAMZWQR<p style=""font-size: 15px"">Press <strong>k</strong> for yes, <strong>d</strong> for no.</p>","","","testing","WRGAMZWQR","k","[""morphemeXmorcode""]","true","","","",""
"394","k","html-keyboard-response","699","1037533","0.0-24.0-0.42","69d8b313ae434f632a305c9b","69d7901e3430d13455efb336","69e8e64c7152be834b563d08","<p style=""font-size: 30px"">&emsp;</p><br><p style=""font-size: 60px; font-family: FragmentMono"">LOVBVLQV<p style=""font-size: 15px"">Press <strong>k</strong> for yes, <strong>d</strong> for no.</p>","","","testing","LOVBVLQV","k","[""morcodeXmorpheme""]","true","","","",""
"459","k","html-keyboard-response","700","1037993","0.0-24.0-0.43","69d8b313ae434f632a305c9b","69d7901e3430d13455efb336","69e8e64c7152be834b563d08","<p style=""font-size: 30px"">&emsp;</p><br><p style=""font-size: 60px; font-family: FragmentMono"">CHASSFYG<p style=""font-size: 15px"">Press <strong>k</strong> for yes, <strong>d</strong> for no.</p>","","","testing","CHASSFYG","k","[""morphemeXmorpheme""]","true","","","",""
"564","d","html-keyboard-response","701","1038559","0.0-24.0-0.44","69d8b313ae434f632a305c9b","69d7901e3430d13455efb336","69e8e64c7152be834b563d08","<p style=""font-size: 30px"">&emsp;</p><br><p style=""font-size: 60px; font-family: FragmentMono"">DRNXRSVN<p style=""font-size: 15px"">Press <strong>k</strong> for yes, <strong>d</strong> for no.</p>","","","testing","DRNXRSVN","d","[""morcodeXmorcode""]","true","","","",""
"510","d","html-keyboard-response","702","1039069","0.0-24.0-0.45","69d8b313ae434f632a305c9b","69d7901e3430d13455efb336","69e8e64c7152be834b563d08","<p style=""font-size: 30px"">&emsp;</p><br><p style=""font-size: 60px; font-family: FragmentMono"">NOQIPWZE<p style=""font-size: 15px"">Press <strong>k</strong> for yes, <strong>d</strong> for no.</p>","","","testing","NOQIPWZE","d","[""morcodeXmorcode""]","true","","","",""
"502","k","html-keyboard-response","703","1039573","0.0-24.0-0.46","69d8b313ae434f632a305c9b","69d7901e3430d13455efb336","69e8e64c7152be834b563d08","<p style=""font-size: 30px"">&emsp;</p><br><p style=""font-size: 60px; font-family: FragmentMono"">DWXDWMBW<p style=""font-size: 15px"">Press <strong>k</strong> for yes, <strong>d</strong> for no.</p>","","","testing","DWXDWMBW","k","[""morphemeXmorcode""]","true","","","",""
"545","d","html-keyboard-response","704","1040119","0.0-24.0-0.47","69d8b313ae434f632a305c9b","69d7901e3430d13455efb336","69e8e64c7152be834b563d08","<p style=""font-size: 30px"">&emsp;</p><br><p style=""font-size: 60px; font-family: FragmentMono"">APQHTJKL<p style=""font-size: 15px"">Press <strong>k</strong> for yes, <strong>d</strong> for no.</p>","","","testing","APQHTJKL","d","[""morphemeXmorpheme""]","true","","","",""
"334","d","html-keyboard-response","705","1040455","0.0-24.0-0.48","69d8b313ae434f632a305c9b","69d7901e3430d13455efb336","69e8e64c7152be834b563d08","<p style=""font-size: 30px"">&emsp;</p><br><p style=""font-size: 60px; font-family: FragmentMono"">ZDOZTFRZ<p style=""font-size: 15px"">Press <strong>k</strong> for yes, <strong>d</strong> for no.</p>","","","testing","ZDOZTFRZ","d","[""morcodeXmorcode""]","true","","","",""
"501","k","html-keyboard-response","706","1040957","0.0-24.0-0.49","69d8b313ae434f632a305c9b","69d7901e3430d13455efb336","69e8e64c7152be834b563d08","<p style=""font-size: 30px"">&emsp;</p><br><p style=""font-size: 60px; font-family: FragmentMono"">WRGAMJXPX<p style=""font-size: 15px"">Press <strong>k</strong> for yes, <strong>d</strong> for no.</p>","","","testing","WRGAMJXPX","k","[""morphemeXmorpheme""]","true","","","",""
"731","k","html-keyboard-response","707","1041689","0.0-24.0-0.50","69d8b313ae434f632a305c9b","69d7901e3430d13455efb336","69e8e64c7152be834b563d08","<p style=""font-size: 30px"">&emsp;</p><br><p style=""font-size: 60px; font-family: FragmentMono"">DOFTBKYNY<p style=""font-size: 15px"">Press <strong>k</strong> for yes, <strong>d</strong> for no.</p>","","","testing","DOFTBKYNY","d","[""morcodeXmorcode""]","false","","","",""
"511","d","html-keyboard-response","708","1042201","0.0-24.0-0.51","69d8b313ae434f632a305c9b","69d7901e3430d13455efb336","69e8e64c7152be834b563d08","<p style=""font-size: 30px"">&emsp;</p><br><p style=""font-size: 60px; font-family: FragmentMono"">SNUXYFJ<p style=""font-size: 15px"">Press <strong>k</strong> for yes, <strong>d</strong> for no.</p>","","","testing","SNUXYFJ","d","[""morcodeXmorcode""]","true","","","",""
"511","d","html-keyboard-response","709","1042714","0.0-24.0-0.52","69d8b313ae434f632a305c9b","69d7901e3430d13455efb336","69e8e64c7152be834b563d08","<p style=""font-size: 30px"">&emsp;</p><br><p style=""font-size: 60px; font-family: FragmentMono"">LMAZWODOI<p style=""font-size: 15px"">Press <strong>k</strong> for yes, <strong>d</strong> for no.</p>","","","testing","LMAZWODOI","d","[""morcodeXmorcode""]","true","","","",""
"1043","d","html-keyboard-response","710","1043758","0.0-24.0-0.53","69d8b313ae434f632a305c9b","69d7901e3430d13455efb336","69e8e64c7152be834b563d08","<p style=""font-size: 30px"">&emsp;</p><br><p style=""font-size: 60px; font-family: FragmentMono"">HNCXABZE<p style=""font-size: 15px"">Press <strong>k</strong> for yes, <strong>d</strong> for no.</p>","","","testing","HNCXABZE","d","[""morphemeXmorpheme""]","true","","","",""
"690","d","html-keyboard-response","711","1044449","0.0-24.0-0.54","69d8b313ae434f632a305c9b","69d7901e3430d13455efb336","69e8e64c7152be834b563d08","<p style=""font-size: 30px"">&emsp;</p><br><p style=""font-size: 60px; font-family: FragmentMono"">NVLXNFYFI<p style=""font-size: 15px"">Press <strong>k</strong> for yes, <strong>d</strong> for no.</p>","","","testing","NVLXNFYFI","k","[""morphemeXmorcode""]","false","","","",""
"1016","d","html-keyboard-response","712","1045466","0.0-24.0-0.55","69d8b313ae434f632a305c9b","69d7901e3430d13455efb336","69e8e64c7152be834b563d08","<p style=""font-size: 30px"">&emsp;</p><br><p style=""font-size: 60px; font-family: FragmentMono"">DWXDFYG<p style=""font-size: 15px"">Press <strong>k</strong> for yes, <strong>d</strong> for no.</p>","","","testing","DWXDFYG","d","[""morphemeXmorpheme""]","true","","","",""
"694","k","html-keyboard-response","713","1046162","0.0-24.0-0.56","69d8b313ae434f632a305c9b","69d7901e3430d13455efb336","69e8e64c7152be834b563d08","<p style=""font-size: 30px"">&emsp;</p><br><p style=""font-size: 60px; font-family: FragmentMono"">AJDZUOQW<p style=""font-size: 15px"">Press <strong>k</strong> for yes, <strong>d</strong> for no.</p>","","","testing","AJDZUOQW","k","[""morphemeXmorcode""]","true","","","",""
"982","k","html-keyboard-response","714","1047145","0.0-24.0-0.57","69d8b313ae434f632a305c9b","69d7901e3430d13455efb336","69e8e64c7152be834b563d08","<p style=""font-size: 30px"">&emsp;</p><br><p style=""font-size: 60px; font-family: FragmentMono"">CGHNBZE<p style=""font-size: 15px"">Press <strong>k</strong> for yes, <strong>d</strong> for no.</p>","","","testing","CGHNBZE","d","[""morphemeXmorpheme""]","false","","","",""
"863","d","html-keyboard-response","715","1048009","0.0-24.0-0.58","69d8b313ae434f632a305c9b","69d7901e3430d13455efb336","69e8e64c7152be834b563d08","<p style=""font-size: 30px"">&emsp;</p><br><p style=""font-size: 60px; font-family: FragmentMono"">EYAEYJXPX<p style=""font-size: 15px"">Press <strong>k</strong> for yes, <strong>d</strong> for no.</p>","","","testing","EYAEYJXPX","d","[""morphemeXmorpheme""]","true","","","",""
"777","k","html-keyboard-response","716","1048787","0.0-24.0-0.59","69d8b313ae434f632a305c9b","69d7901e3430d13455efb336","69e8e64c7152be834b563d08","<p style=""font-size: 30px"">&emsp;</p><br><p style=""font-size: 60px; font-family: FragmentMono"">QBTRIOVF<p style=""font-size: 15px"">Press <strong>k</strong> for yes, <strong>d</strong> for no.</p>","","","testing","QBTRIOVF","k","[""morcodeXmorpheme""]","true","","","",""
"799","k","html-keyboard-response","717","1049587","0.0-24.0-0.60","69d8b313ae434f632a305c9b","69d7901e3430d13455efb336","69e8e64c7152be834b563d08","<p style=""font-size: 30px"">&emsp;</p><br><p style=""font-size: 60px; font-family: FragmentMono"">YWQLAJXPX<p style=""font-size: 15px"">Press <strong>k</strong> for yes, <strong>d</strong> for no.</p>","","","testing","YWQLAJXPX","k","[""morphemeXmorpheme""]","true","","","",""
"591","d","html-keyboard-response","718","1050178","0.0-24.0-0.61","69d8b313ae434f632a305c9b","69d7901e3430d13455efb336","69e8e64c7152be834b563d08","<p style=""font-size: 30px"">&emsp;</p><br><p style=""font-size: 60px; font-family: FragmentMono"">XUFERMPE<p style=""font-size: 15px"">Press <strong>k</strong> for yes, <strong>d</strong> for no.</p>","","","testing","XUFERMPE","k","[""morphemeXmorpheme""]","false","","","",""
"535","d","html-keyboard-response","719","1050714","0.0-24.0-0.62","69d8b313ae434f632a305c9b","69d7901e3430d13455efb336","69e8e64c7152be834b563d08","<p style=""font-size: 30px"">&emsp;</p><br><p style=""font-size: 60px; font-family: FragmentMono"">OVOULSBRC<p style=""font-size: 15px"">Press <strong>k</strong> for yes, <strong>d</strong> for no.</p>","","","testing","OVOULSBRC","d","[""morcodeXmorcode""]","true","","","",""
"317","d","html-keyboard-response","720","1051032","0.0-24.0-0.63","69d8b313ae434f632a305c9b","69d7901e3430d13455efb336","69e8e64c7152be834b563d08","<p style=""font-size: 30px"">&emsp;</p><br><p style=""font-size: 60px; font-family: FragmentMono"">PTPZRMPE<p style=""font-size: 15px"">Press <strong>k</strong> for yes, <strong>d</strong> for no.</p>","","","testing","PTPZRMPE","k","[""morphemeXmorpheme""]","false","","","",""
"776","k","html-keyboard-response","721","1051809","0.0-24.0-0.64","69d8b313ae434f632a305c9b","69d7901e3430d13455efb336","69e8e64c7152be834b563d08","<p style=""font-size: 30px"">&emsp;</p><br><p style=""font-size: 60px; font-family: FragmentMono"">QPMYJKL<p style=""font-size: 15px"">Press <strong>k</strong> for yes, <strong>d</strong> for no.</p>","","","testing","QPMYJKL","d","[""morphemeXmorpheme""]","false","","","",""
"465","k","html-keyboard-response","722","1052275","0.0-24.0-0.65","69d8b313ae434f632a305c9b","69d7901e3430d13455efb336","69e8e64c7152be834b563d08","<p style=""font-size: 30px"">&emsp;</p><br><p style=""font-size: 60px; font-family: FragmentMono"">MJWMQFMC<p style=""font-size: 15px"">Press <strong>k</strong> for yes, <strong>d</strong> for no.</p>","","","testing","MJWMQFMC","d","[""morcodeXmorcode""]","false","","","",""
"489","d","html-keyboard-response","723","1052765","0.0-24.0-0.66","69d8b313ae434f632a305c9b","69d7901e3430d13455efb336","69e8e64c7152be834b563d08","<p style=""font-size: 30px"">&emsp;</p><br><p style=""font-size: 60px; font-family: FragmentMono"">YWQLARJMH<p style=""font-size: 15px"">Press <strong>k</strong> for yes, <strong>d</strong> for no.</p>","","","testing","YWQLARJMH","d","[""morphemeXmorpheme""]","true","","","",""
"754","k","html-keyboard-response","724","1053520","0.0-24.0-0.67","69d8b313ae434f632a305c9b","69d7901e3430d13455efb336","69e8e64c7152be834b563d08","<p style=""font-size: 30px"">&emsp;</p><br><p style=""font-size: 60px; font-family: FragmentMono"">KQRKOLHX<p style=""font-size: 15px"">Press <strong>k</strong> for yes, <strong>d</strong> for no.</p>","","","testing","KQRKOLHX","d","[""morcodeXmorcode""]","false","","","",""
"316","k","html-keyboard-response","725","1053838","0.0-24.0-0.68","69d8b313ae434f632a305c9b","69d7901e3430d13455efb336","69e8e64c7152be834b563d08","<p style=""font-size: 30px"">&emsp;</p><br><p style=""font-size: 60px; font-family: FragmentMono"">ZKWORZDE<p style=""font-size: 15px"">Press <strong>k</strong> for yes, <strong>d</strong> for no.</p>","","","testing","ZKWORZDE","d","[""morcodeXmorcode""]","false","","","",""
"559","d","html-keyboard-response","726","1054398","0.0-24.0-0.69","69d8b313ae434f632a305c9b","69d7901e3430d13455efb336","69e8e64c7152be834b563d08","<p style=""font-size: 30px"">&emsp;</p><br><p style=""font-size: 60px; font-family: FragmentMono"">HUVWUKMSK<p style=""font-size: 15px"">Press <strong>k</strong> for yes, <strong>d</strong> for no.</p>","","","testing","HUVWUKMSK","d","[""morcodeXmorcode""]","true","","","",""
"1228","k","html-keyboard-response","727","1055628","0.0-24.0-0.70","69d8b313ae434f632a305c9b","69d7901e3430d13455efb336","69e8e64c7152be834b563d08","<p style=""font-size: 30px"">&emsp;</p><br><p style=""font-size: 60px; font-family: FragmentMono"">HNCXAVLQV<p style=""font-size: 15px"">Press <strong>k</strong> for yes, <strong>d</strong> for no.</p>","","","testing","HNCXAVLQV","k","[""morphemeXmorpheme""]","true","","","",""
"696","d","html-keyboard-response","728","1056325","0.0-24.0-0.71","69d8b313ae434f632a305c9b","69d7901e3430d13455efb336","69e8e64c7152be834b563d08","<p style=""font-size: 30px"">&emsp;</p><br><p style=""font-size: 60px; font-family: FragmentMono"">AJDZUOWMF<p style=""font-size: 15px"">Press <strong>k</strong> for yes, <strong>d</strong> for no.</p>","","","testing","AJDZUOWMF","d","[""morphemeXmorpheme""]","true","","","",""
"378","d","html-keyboard-response","729","1056704","0.0-24.0-0.72","69d8b313ae434f632a305c9b","69d7901e3430d13455efb336","69e8e64c7152be834b563d08","<p style=""font-size: 30px"">&emsp;</p><br><p style=""font-size: 60px; font-family: FragmentMono"">OTJMUJXPX<p style=""font-size: 15px"">Press <strong>k</strong> for yes, <strong>d</strong> for no.</p>","","","testing","OTJMUJXPX","k","[""morcodeXmorpheme""]","false","","","",""
"690","k","html-keyboard-response","730","1057395","0.0-24.0-0.73","69d8b313ae434f632a305c9b","69d7901e3430d13455efb336","69e8e64c7152be834b563d08","<p style=""font-size: 30px"">&emsp;</p><br><p style=""font-size: 60px; font-family: FragmentMono"">TXBXXAYA<p style=""font-size: 15px"">Press <strong>k</strong> for yes, <strong>d</strong> for no.</p>","","","testing","TXBXXAYA","k","[""morcodeXmorpheme""]","true","","","",""
"1231","d","html-keyboard-response","731","1058627","0.0-24.0-0.74","69d8b313ae434f632a305c9b","69d7901e3430d13455efb336","69e8e64c7152be834b563d08","<p style=""font-size: 30px"">&emsp;</p><br><p style=""font-size: 60px; font-family: FragmentMono"">CHASSEHK<p style=""font-size: 15px"">Press <strong>k</strong> for yes, <strong>d</strong> for no.</p>","","","testing","CHASSEHK","k","[""morphemeXmorcode""]","false","","","",""
"563","k","html-keyboard-response","732","1059191","0.0-24.0-0.75","69d8b313ae434f632a305c9b","69d7901e3430d13455efb336","69e8e64c7152be834b563d08","<p style=""font-size: 30px"">&emsp;</p><br><p style=""font-size: 60px; font-family: FragmentMono"">SEWIYBZE<p style=""font-size: 15px"">Press <strong>k</strong> for yes, <strong>d</strong> for no.</p>","","","testing","SEWIYBZE","k","[""morcodeXmorpheme""]","true","","","",""
"671","d","html-keyboard-response","733","1059863","0.0-24.0-0.76","69d8b313ae434f632a305c9b","69d7901e3430d13455efb336","69e8e64c7152be834b563d08","<p style=""font-size: 30px"">&emsp;</p><br><p style=""font-size: 60px; font-family: FragmentMono"">OZDZHIK<p style=""font-size: 15px"">Press <strong>k</strong> for yes, <strong>d</strong> for no.</p>","","","testing","OZDZHIK","d","[""morcodeXmorcode""]","true","","","",""
"746","k","html-keyboard-response","734","1060610","0.0-24.0-0.77","69d8b313ae434f632a305c9b","69d7901e3430d13455efb336","69e8e64c7152be834b563d08","<p style=""font-size: 30px"">&emsp;</p><br><p style=""font-size: 60px; font-family: FragmentMono"">QETUIOVF<p style=""font-size: 15px"">Press <strong>k</strong> for yes, <strong>d</strong> for no.</p>","","","testing","QETUIOVF","d","[""morphemeXmorpheme""]","false","","","",""
"881","d","html-keyboard-response","735","1061492","0.0-24.0-0.78","69d8b313ae434f632a305c9b","69d7901e3430d13455efb336","69e8e64c7152be834b563d08","<p style=""font-size: 30px"">&emsp;</p><br><p style=""font-size: 60px; font-family: FragmentMono"">FEKLOWMF<p style=""font-size: 15px"">Press <strong>k</strong> for yes, <strong>d</strong> for no.</p>","","","testing","FEKLOWMF","k","[""morcodeXmorpheme""]","false","","","",""
"716","k","html-keyboard-response","736","1062209","0.0-24.0-0.79","69d8b313ae434f632a305c9b","69d7901e3430d13455efb336","69e8e64c7152be834b563d08","<p style=""font-size: 30px"">&emsp;</p><br><p style=""font-size: 60px; font-family: FragmentMono"">YWGOJXPX<p style=""font-size: 15px"">Press <strong>k</strong> for yes, <strong>d</strong> for no.</p>","","","testing","YWGOJXPX","d","[""morphemeXmorpheme""]","false","","","",""
"533","k","html-keyboard-response","737","1062743","0.0-24.0-0.80","69d8b313ae434f632a305c9b","69d7901e3430d13455efb336","69e8e64c7152be834b563d08","<p style=""font-size: 30px"">&emsp;</p><br><p style=""font-size: 60px; font-family: FragmentMono"">PTPZBHPZ<p style=""font-size: 15px"">Press <strong>k</strong> for yes, <strong>d</strong> for no.</p>","","","testing","PTPZBHPZ","k","[""morphemeXmorcode""]","true","","","",""
"609","k","html-keyboard-response","738","1063354","0.0-24.0-0.81","69d8b313ae434f632a305c9b","69d7901e3430d13455efb336","69e8e64c7152be834b563d08","<p style=""font-size: 30px"">&emsp;</p><br><p style=""font-size: 60px; font-family: FragmentMono"">EYAEYGUVR<p style=""font-size: 15px"">Press <strong>k</strong> for yes, <strong>d</strong> for no.</p>","","","testing","EYAEYGUVR","k","[""morphemeXmorcode""]","true","","","",""
"607","d","html-keyboard-response","739","1063962","0.0-24.0-0.82","69d8b313ae434f632a305c9b","69d7901e3430d13455efb336","69e8e64c7152be834b563d08","<p style=""font-size: 30px"">&emsp;</p><br><p style=""font-size: 60px; font-family: FragmentMono"">BTEHFYG<p style=""font-size: 15px"">Press <strong>k</strong> for yes, <strong>d</strong> for no.</p>","","","testing","BTEHFYG","k","[""morcodeXmorpheme""]","false","","","",""
"414","d","html-keyboard-response","740","1064378","0.0-24.0-0.83","69d8b313ae434f632a305c9b","69d7901e3430d13455efb336","69e8e64c7152be834b563d08","<p style=""font-size: 30px"">&emsp;</p><br><p style=""font-size: 60px; font-family: FragmentMono"">DBPGDRBW<p style=""font-size: 15px"">Press <strong>k</strong> for yes, <strong>d</strong> for no.</p>","","","testing","DBPGDRBW","d","[""morcodeXmorcode""]","true","","","",""
"681","d","html-keyboard-response","741","1065061","0.0-24.0-0.84","69d8b313ae434f632a305c9b","69d7901e3430d13455efb336","69e8e64c7152be834b563d08","<p style=""font-size: 30px"">&emsp;</p><br><p style=""font-size: 60px; font-family: FragmentMono"">NPVHKRMPE<p style=""font-size: 15px"">Press <strong>k</strong> for yes, <strong>d</strong> for no.</p>","","","testing","NPVHKRMPE","k","[""morcodeXmorpheme""]","false","","","",""
"858","d","html-keyboard-response","742","1065920","0.0-24.0-0.85","69d8b313ae434f632a305c9b","69d7901e3430d13455efb336","69e8e64c7152be834b563d08","<p style=""font-size: 30px"">&emsp;</p><br><p style=""font-size: 60px; font-family: FragmentMono"">FSZRWXM<p style=""font-size: 15px"">Press <strong>k</strong> for yes, <strong>d</strong> for no.</p>","","","testing","FSZRWXM","d","[""morcodeXmorcode""]","true","","","",""
"607","d","html-keyboard-response","743","1066528","0.0-24.0-0.86","69d8b313ae434f632a305c9b","69d7901e3430d13455efb336","69e8e64c7152be834b563d08","<p style=""font-size: 30px"">&emsp;</p><br><p style=""font-size: 60px; font-family: FragmentMono"">APQHTFYBT<p style=""font-size: 15px"">Press <strong>k</strong> for yes, <strong>d</strong> for no.</p>","","","testing","APQHTFYBT","k","[""morphemeXmorcode""]","false","","","",""
"594","d","html-keyboard-response","744","1067128","0.0-24.0-0.87","69d8b313ae434f632a305c9b","69d7901e3430d13455efb336","69e8e64c7152be834b563d08","<p style=""font-size: 30px"">&emsp;</p><br><p style=""font-size: 60px; font-family: FragmentMono"">JRZVHJBUD<p style=""font-size: 15px"">Press <strong>k</strong> for yes, <strong>d</strong> for no.</p>","","","testing","JRZVHJBUD","d","[""morcodeXmorcode""]","true","","","",""
"569","d","html-keyboard-response","745","1067698","0.0-24.0-0.88","69d8b313ae434f632a305c9b","69d7901e3430d13455efb336","69e8e64c7152be834b563d08","<p style=""font-size: 30px"">&emsp;</p><br><p style=""font-size: 60px; font-family: FragmentMono"">JWTIBZE<p style=""font-size: 15px"">Press <strong>k</strong> for yes, <strong>d</strong> for no.</p>","","","testing","JWTIBZE","k","[""morcodeXmorpheme""]","false","","","",""
"556","k","html-keyboard-response","746","1068256","0.0-24.0-0.89","69d8b313ae434f632a305c9b","69d7901e3430d13455efb336","69e8e64c7152be834b563d08","<p style=""font-size: 30px"">&emsp;</p><br><p style=""font-size: 60px; font-family: FragmentMono"">GNWHLTW<p style=""font-size: 15px"">Press <strong>k</strong> for yes, <strong>d</strong> for no.</p>","","","testing","GNWHLTW","k","[""morphemeXmorcode""]","true","","","",""
"440","k","html-keyboard-response","747","1068697","0.0-24.0-0.90","69d8b313ae434f632a305c9b","69d7901e3430d13455efb336","69e8e64c7152be834b563d08","<p style=""font-size: 30px"">&emsp;</p><br><p style=""font-size: 60px; font-family: FragmentMono"">EZSJILNYV<p style=""font-size: 15px"">Press <strong>k</strong> for yes, <strong>d</strong> for no.</p>","","","testing","EZSJILNYV","d","[""morcodeXmorcode""]","false","","","",""
"656","k","html-keyboard-response","748","1069354","0.0-24.0-0.91","69d8b313ae434f632a305c9b","69d7901e3430d13455efb336","69e8e64c7152be834b563d08","<p style=""font-size: 30px"">&emsp;</p><br><p style=""font-size: 60px; font-family: FragmentMono"">EYAEYRJMH<p style=""font-size: 15px"">Press <strong>k</strong> for yes, <strong>d</strong> for no.</p>","","","testing","EYAEYRJMH","k","[""morphemeXmorpheme""]","true","","","",""
"592","d","html-keyboard-response","749","1069947","0.0-24.0-0.92","69d8b313ae434f632a305c9b","69d7901e3430d13455efb336","69e8e64c7152be834b563d08","<p style=""font-size: 30px"">&emsp;</p><br><p style=""font-size: 60px; font-family: FragmentMono"">VIWBZSZID<p style=""font-size: 15px"">Press <strong>k</strong> for yes, <strong>d</strong> for no.</p>","","","testing","VIWBZSZID","d","[""morcodeXmorcode""]","true","","","",""
"416","d","html-keyboard-response","750","1070364","0.0-24.0-0.93","69d8b313ae434f632a305c9b","69d7901e3430d13455efb336","69e8e64c7152be834b563d08","<p style=""font-size: 30px"">&emsp;</p><br><p style=""font-size: 60px; font-family: FragmentMono"">CPJSJKL<p style=""font-size: 15px"">Press <strong>k</strong> for yes, <strong>d</strong> for no.</p>","","","testing","CPJSJKL","k","[""morcodeXmorpheme""]","false","","","",""
"309","d","html-keyboard-response","751","1070674","0.0-24.0-0.94","69d8b313ae434f632a305c9b","69d7901e3430d13455efb336","69e8e64c7152be834b563d08","<p style=""font-size: 30px"">&emsp;</p><br><p style=""font-size: 60px; font-family: FragmentMono"">LNPQVJEGI<p style=""font-size: 15px"">Press <strong>k</strong> for yes, <strong>d</strong> for no.</p>","","","testing","LNPQVJEGI","d","[""morcodeXmorcode""]","true","","","",""
"501","k","html-keyboard-response","752","1071176","0.0-24.0-0.95","69d8b313ae434f632a305c9b","69d7901e3430d13455efb336","69e8e64c7152be834b563d08","<p style=""font-size: 30px"">&emsp;</p><br><p style=""font-size: 60px; font-family: FragmentMono"">QETUNLP<p style=""font-size: 15px"">Press <strong>k</strong> for yes, <strong>d</strong> for no.</p>","","","testing","QETUNLP","k","[""morphemeXmorcode""]","true","","","",""
"473","k","html-keyboard-response","753","1071649","0.0-24.0-0.96","69d8b313ae434f632a305c9b","69d7901e3430d13455efb336","69e8e64c7152be834b563d08","<p style=""font-size: 30px"">&emsp;</p><br><p style=""font-size: 60px; font-family: FragmentMono"">UPMCPRQ<p style=""font-size: 15px"">Press <strong>k</strong> for yes, <strong>d</strong> for no.</p>","","","testing","UPMCPRQ","d","[""morcodeXmorcode""]","false","","","",""
"346","k","html-keyboard-response","754","1071996","0.0-24.0-0.97","69d8b313ae434f632a305c9b","69d7901e3430d13455efb336","69e8e64c7152be834b563d08","<p style=""font-size: 30px"">&emsp;</p><br><p style=""font-size: 60px; font-family: FragmentMono"">KSBZJQWFU<p style=""font-size: 15px"">Press <strong>k</strong> for yes, <strong>d</strong> for no.</p>","","","testing","KSBZJQWFU","d","[""morcodeXmorcode""]","false","","","",""
"324","k","html-keyboard-response","755","1072321","0.0-24.0-0.98","69d8b313ae434f632a305c9b","69d7901e3430d13455efb336","69e8e64c7152be834b563d08","<p style=""font-size: 30px"">&emsp;</p><br><p style=""font-size: 60px; font-family: FragmentMono"">HNCXAHQCB<p style=""font-size: 15px"">Press <strong>k</strong> for yes, <strong>d</strong> for no.</p>","","","testing","HNCXAHQCB","k","[""morphemeXmorcode""]","true","","","",""
"545","k","html-keyboard-response","756","1072867","0.0-24.0-0.99","69d8b313ae434f632a305c9b","69d7901e3430d13455efb336","69e8e64c7152be834b563d08","<p style=""font-size: 30px"">&emsp;</p><br><p style=""font-size: 60px; font-family: FragmentMono"">XBQDBZE<p style=""font-size: 15px"">Press <strong>k</strong> for yes, <strong>d</strong> for no.</p>","","","testing","XBQDBZE","k","[""morphemeXmorpheme""]","true","","","",""
"463","k","html-keyboard-response","757","1073330","0.0-24.0-0.100","69d8b313ae434f632a305c9b","69d7901e3430d13455efb336","69e8e64c7152be834b563d08","<p style=""font-size: 30px"">&emsp;</p><br><p style=""font-size: 60px; font-family: FragmentMono"">ECKFXOWMF<p style=""font-size: 15px"">Press <strong>k</strong> for yes, <strong>d</strong> for no.</p>","","","testing","ECKFXOWMF","k","[""morcodeXmorpheme""]","true","","","",""
"547","k","html-keyboard-response","758","1073877","0.0-24.0-0.101","69d8b313ae434f632a305c9b","69d7901e3430d13455efb336","69e8e64c7152be834b563d08","<p style=""font-size: 30px"">&emsp;</p><br><p style=""font-size: 60px; font-family: FragmentMono"">XBQDVLQV<p style=""font-size: 15px"">Press <strong>k</strong> for yes, <strong>d</strong> for no.</p>","","","testing","XBQDVLQV","d","[""morphemeXmorpheme""]","false","","","",""
"977","k","html-keyboard-response","759","1074855","0.0-24.0-0.102","69d8b313ae434f632a305c9b","69d7901e3430d13455efb336","69e8e64c7152be834b563d08","<p style=""font-size: 30px"">&emsp;</p><br><p style=""font-size: 60px; font-family: FragmentMono"">EQVFOAYA<p style=""font-size: 15px"">Press <strong>k</strong> for yes, <strong>d</strong> for no.</p>","","","testing","EQVFOAYA","d","[""morcodeXmorcode""]","false","","","",""
"469","k","html-keyboard-response","760","1075324","0.0-24.0-0.103","69d8b313ae434f632a305c9b","69d7901e3430d13455efb336","69e8e64c7152be834b563d08","<p style=""font-size: 30px"">&emsp;</p><br><p style=""font-size: 60px; font-family: FragmentMono"">UWQEOPRQ<p style=""font-size: 15px"">Press <strong>k</strong> for yes, <strong>d</strong> for no.</p>","","","testing","UWQEOPRQ","d","[""morcodeXmorcode""]","false","","","",""
"520","d","html-keyboard-response","761","1075845","0.0-24.0-0.104","69d8b313ae434f632a305c9b","69d7901e3430d13455efb336","69e8e64c7152be834b563d08","<p style=""font-size: 30px"">&emsp;</p><br><p style=""font-size: 60px; font-family: FragmentMono"">CQBFSRJMH<p style=""font-size: 15px"">Press <strong>k</strong> for yes, <strong>d</strong> for no.</p>","","","testing","CQBFSRJMH","k","[""morcodeXmorpheme""]","false","","","",""
"517","d","html-keyboard-response","762","1076363","0.0-24.0-0.105","69d8b313ae434f632a305c9b","69d7901e3430d13455efb336","69e8e64c7152be834b563d08","<p style=""font-size: 30px"">&emsp;</p><br><p style=""font-size: 60px; font-family: FragmentMono"">TQZUTUXE<p style=""font-size: 15px"">Press <strong>k</strong> for yes, <strong>d</strong> for no.</p>","","","testing","TQZUTUXE","k","[""morphemeXmorcode""]","false","","","",""
"587","d","html-keyboard-response","763","1076952","0.0-24.0-0.106","69d8b313ae434f632a305c9b","69d7901e3430d13455efb336","69e8e64c7152be834b563d08","<p style=""font-size: 30px"">&emsp;</p><br><p style=""font-size: 60px; font-family: FragmentMono"">ANSLEXDT<p style=""font-size: 15px"">Press <strong>k</strong> for yes, <strong>d</strong> for no.</p>","","","testing","ANSLEXDT","d","[""morcodeXmorcode""]","true","","","",""
"338","k","html-keyboard-response","764","1077290","0.0-24.0-0.107","69d8b313ae434f632a305c9b","69d7901e3430d13455efb336","69e8e64c7152be834b563d08","<p style=""font-size: 30px"">&emsp;</p><br><p style=""font-size: 60px; font-family: FragmentMono"">XUFEXEMO<p style=""font-size: 15px"">Press <strong>k</strong> for yes, <strong>d</strong> for no.</p>","","","testing","XUFEXEMO","k","[""morphemeXmorcode""]","true","","","",""
"549","k","html-keyboard-response","765","1077840","0.0-24.0-0.108","69d8b313ae434f632a305c9b","69d7901e3430d13455efb336","69e8e64c7152be834b563d08","<p style=""font-size: 30px"">&emsp;</p><br><p style=""font-size: 60px; font-family: FragmentMono"">BABJNJLI<p style=""font-size: 15px"">Press <strong>k</strong> for yes, <strong>d</strong> for no.</p>","","","testing","BABJNJLI","d","[""morcodeXmorcode""]","false","","","",""
"415","d","html-keyboard-response","766","1078256","0.0-24.0-0.109","69d8b313ae434f632a305c9b","69d7901e3430d13455efb336","69e8e64c7152be834b563d08","<p style=""font-size: 30px"">&emsp;</p><br><p style=""font-size: 60px; font-family: FragmentMono"">HNISDRBW<p style=""font-size: 15px"">Press <strong>k</strong> for yes, <strong>d</strong> for no.</p>","","","testing","HNISDRBW","d","[""morcodeXmorcode""]","true","","","",""
"376","d","html-keyboard-response","767","1078633","0.0-24.0-0.110","69d8b313ae434f632a305c9b","69d7901e3430d13455efb336","69e8e64c7152be834b563d08","<p style=""font-size: 30px"">&emsp;</p><br><p style=""font-size: 60px; font-family: FragmentMono"">QETUFYG<p style=""font-size: 15px"">Press <strong>k</strong> for yes, <strong>d</strong> for no.</p>","","","testing","QETUFYG","k","[""morphemeXmorpheme""]","false","","","",""
"509","d","html-keyboard-response","768","1079143","0.0-24.0-0.111","69d8b313ae434f632a305c9b","69d7901e3430d13455efb336","69e8e64c7152be834b563d08","<p style=""font-size: 30px"">&emsp;</p><br><p style=""font-size: 60px; font-family: FragmentMono"">OMPFXFSV<p style=""font-size: 15px"">Press <strong>k</strong> for yes, <strong>d</strong> for no.</p>","","","testing","OMPFXFSV","d","[""morcodeXmorcode""]","true","","","",""
"453","d","html-keyboard-response","769","1079598","0.0-24.0-0.112","69d8b313ae434f632a305c9b","69d7901e3430d13455efb336","69e8e64c7152be834b563d08","<p style=""font-size: 30px"">&emsp;</p><br><p style=""font-size: 60px; font-family: FragmentMono"">VBQJPNSG<p style=""font-size: 15px"">Press <strong>k</strong> for yes, <strong>d</strong> for no.</p>","","","testing","VBQJPNSG","d","[""morcodeXmorcode""]","true","","","",""
"497","d","html-keyboard-response","770","1080096","0.0-24.0-0.113","69d8b313ae434f632a305c9b","69d7901e3430d13455efb336","69e8e64c7152be834b563d08","<p style=""font-size: 30px"">&emsp;</p><br><p style=""font-size: 60px; font-family: FragmentMono"">BWRLYRMPE<p style=""font-size: 15px"">Press <strong>k</strong> for yes, <strong>d</strong> for no.</p>","","","testing","BWRLYRMPE","d","[""morphemeXmorpheme""]","true","","","",""
"684","k","html-keyboard-response","771","1080781","0.0-24.0-0.114","69d8b313ae434f632a305c9b","69d7901e3430d13455efb336","69e8e64c7152be834b563d08","<p style=""font-size: 30px"">&emsp;</p><br><p style=""font-size: 60px; font-family: FragmentMono"">XBQDUYL<p style=""font-size: 15px"">Press <strong>k</strong> for yes, <strong>d</strong> for no.</p>","","","testing","XBQDUYL","k","[""morphemeXmorcode""]","true","","","",""
"524","k","html-keyboard-response","772","1081306","0.0-24.0-0.115","69d8b313ae434f632a305c9b","69d7901e3430d13455efb336","69e8e64c7152be834b563d08","<p style=""font-size: 30px"">&emsp;</p><br><p style=""font-size: 60px; font-family: FragmentMono"">CHTLQYFJ<p style=""font-size: 15px"">Press <strong>k</strong> for yes, <strong>d</strong> for no.</p>","","","testing","CHTLQYFJ","d","[""morcodeXmorcode""]","false","","","",""
"320","k","html-keyboard-response","773","1081626","0.0-24.0-0.116","69d8b313ae434f632a305c9b","69d7901e3430d13455efb336","69e8e64c7152be834b563d08","<p style=""font-size: 30px"">&emsp;</p><br><p style=""font-size: 60px; font-family: FragmentMono"">AJDZUJKL<p style=""font-size: 15px"">Press <strong>k</strong> for yes, <strong>d</strong> for no.</p>","","","testing","AJDZUJKL","k","[""morphemeXmorpheme""]","true","","","",""
"491","k","html-keyboard-response","774","1082118","0.0-24.0-0.117","69d8b313ae434f632a305c9b","69d7901e3430d13455efb336","69e8e64c7152be834b563d08","<p style=""font-size: 30px"">&emsp;</p><br><p style=""font-size: 60px; font-family: FragmentMono"">QPMYOWMF<p style=""font-size: 15px"">Press <strong>k</strong> for yes, <strong>d</strong> for no.</p>","","","testing","QPMYOWMF","k","[""morphemeXmorpheme""]","true","","","",""
"435","k","html-keyboard-response","775","1082554","0.0-24.0-0.118","69d8b313ae434f632a305c9b","69d7901e3430d13455efb336","69e8e64c7152be834b563d08","<p style=""font-size: 30px"">&emsp;</p><br><p style=""font-size: 60px; font-family: FragmentMono"">MXCUIMYFT<p style=""font-size: 15px"">Press <strong>k</strong> for yes, <strong>d</strong> for no.</p>","","","testing","MXCUIMYFT","d","[""morcodeXmorcode""]","false","","","",""
"514","d","html-keyboard-response","776","1083070","0.0-24.0-0.119","69d8b313ae434f632a305c9b","69d7901e3430d13455efb336","69e8e64c7152be834b563d08","<p style=""font-size: 30px"">&emsp;</p><br><p style=""font-size: 60px; font-family: FragmentMono"">PTPZXAYA<p style=""font-size: 15px"">Press <strong>k</strong> for yes, <strong>d</strong> for no.</p>","","","testing","PTPZXAYA","d","[""morphemeXmorpheme""]","true","","","",""
"32116","{""testing_strategy"":""i was watching first and second letter""}","survey-html-form","777","1115187","0.0-25.0","69d8b313ae434f632a305c9b","69d7901e3430d13455efb336","69e8e64c7152be834b563d08","","","","","","","","","","","",""
"29177"," ","html-keyboard-response","778","1144365","0.0-26.0","69d8b313ae434f632a305c9b","69d7901e3430d13455efb336","69e8e64c7152be834b563d08","<p style=""font-size: 30px"">You've made it to the meeting on time, fantastic! The world leaders want to write a message back to the aliens, and need you to help them recognise which letter combinations you saw in their language. You'll have the choice between 2 letter combinations: one which was in the communication you saw, and one that wasn't. It's important to be friendly with these aliens, so it's important that you make the right choice!</p>
      <p style=""font-size: 30px"">Press <strong>d</strong> if you think that the letter combination on the <strong>left</strong> is the one you saw, or <strong>k</strong> if you think that it's the one on the <strong>right</strong>.</p>
      <p style=""font-size: 30px"">Press the spacebar when you're ready to begin.</p>","","","","","","","","","","",""
"623","d","html-keyboard-response","779","1144989","0.0-27.0-0.0","69d8b313ae434f632a305c9b","69d7901e3430d13455efb336","69e8e64c7152be834b563d08","<p style=""font-size: 30px;"">Which letter combination have you already seen?</p><br><p style=""font-size: 60px; font-family: FragmentMono"">XILS&emsp;&emsp;&emsp;&emsp;YNQY<p style=""font-size: 15px"">Press <strong>d</strong> for this letter combination&emsp;&emsp;&emsp;&emsp;&emsp;&emsp;&emsp;&emsp;&emsp;&emsp;&emsp;Press <strong>k</strong> for this letter combination</p>","","","familiarity","","k","","false","YNQY","XILS","",""
"940","k","html-keyboard-response","780","1145931","0.0-27.0-0.1","69d8b313ae434f632a305c9b","69d7901e3430d13455efb336","69e8e64c7152be834b563d08","<p style=""font-size: 30px;"">Which letter combination have you already seen?</p><br><p style=""font-size: 60px; font-family: FragmentMono"">QWSN&emsp;&emsp;&emsp;&emsp;QETU<p style=""font-size: 15px"">Press <strong>d</strong> for this letter combination&emsp;&emsp;&emsp;&emsp;&emsp;&emsp;&emsp;&emsp;&emsp;&emsp;&emsp;Press <strong>k</strong> for this letter combination</p>","","","familiarity","","k","","true","QETU","QWSN","",""
"1156","d","html-keyboard-response","781","1147088","0.0-27.0-0.2","69d8b313ae434f632a305c9b","69d7901e3430d13455efb336","69e8e64c7152be834b563d08","<p style=""font-size: 30px;"">Which letter combination have you already seen?</p><br><p style=""font-size: 60px; font-family: FragmentMono"">KZLHI&emsp;&emsp;&emsp;&emsp;AJDZU<p style=""font-size: 15px"">Press <strong>d</strong> for this letter combination&emsp;&emsp;&emsp;&emsp;&emsp;&emsp;&emsp;&emsp;&emsp;&emsp;&emsp;Press <strong>k</strong> for this letter combination</p>","","","familiarity","","k","","false","AJDZU","KZLHI","",""
"1639","k","html-keyboard-response","782","1148728","0.0-27.0-0.3","69d8b313ae434f632a305c9b","69d7901e3430d13455efb336","69e8e64c7152be834b563d08","<p style=""font-size: 30px"">&emsp;</p><br><p style=""font-size: 60px; font-family: FragmentMono"">ZEPI&emsp;&emsp;&emsp;&emsp;QPMY<p style=""font-size: 15px"">Press <strong>d</strong> for this letter combination&emsp;&emsp;&emsp;&emsp;&emsp;&emsp;&emsp;&emsp;&emsp;&emsp;Press <strong>k</strong> for this letter combination</p>","","","familiarity","","k","","true","QPMY","ZEPI","",""
"1172","k","html-keyboard-response","783","1149901","0.0-27.0-0.4","69d8b313ae434f632a305c9b","69d7901e3430d13455efb336","69e8e64c7152be834b563d08","<p style=""font-size: 30px"">&emsp;</p><br><p style=""font-size: 60px; font-family: FragmentMono"">ZFGC&emsp;&emsp;&emsp;&emsp;TQZU<p style=""font-size: 15px"">Press <strong>d</strong> for this letter combination&emsp;&emsp;&emsp;&emsp;&emsp;&emsp;&emsp;&emsp;&emsp;&emsp;Press <strong>k</strong> for this letter combination</p>","","","familiarity","","k","","true","TQZU","ZFGC","",""
"1189","d","html-keyboard-response","784","1151092","0.0-27.0-0.5","69d8b313ae434f632a305c9b","69d7901e3430d13455efb336","69e8e64c7152be834b563d08","<p style=""font-size: 30px"">&emsp;</p><br><p style=""font-size: 60px; font-family: FragmentMono"">YFHR&emsp;&emsp;&emsp;&emsp;YWGO<p style=""font-size: 15px"">Press <strong>d</strong> for this letter combination&emsp;&emsp;&emsp;&emsp;&emsp;&emsp;&emsp;&emsp;&emsp;&emsp;Press <strong>k</strong> for this letter combination</p>","","","familiarity","","k","","false","YWGO","YFHR","",""
"1242","k","html-keyboard-response","785","1152334","0.0-27.0-0.6","69d8b313ae434f632a305c9b","69d7901e3430d13455efb336","69e8e64c7152be834b563d08","<p style=""font-size: 30px"">&emsp;</p><br><p style=""font-size: 60px; font-family: FragmentMono"">VLQV&emsp;&emsp;&emsp;&emsp;PZKS<p style=""font-size: 15px"">Press <strong>d</strong> for this letter combination&emsp;&emsp;&emsp;&emsp;&emsp;&emsp;&emsp;&emsp;&emsp;&emsp;Press <strong>k</strong> for this letter combination</p>","","","familiarity","","d","","false","VLQV","PZKS","",""
"1088","k","html-keyboard-response","786","1153423","0.0-27.0-0.7","69d8b313ae434f632a305c9b","69d7901e3430d13455efb336","69e8e64c7152be834b563d08","<p style=""font-size: 30px"">&emsp;</p><br><p style=""font-size: 60px; font-family: FragmentMono"">GRYL&emsp;&emsp;&emsp;&emsp;RMPE<p style=""font-size: 15px"">Press <strong>d</strong> for this letter combination&emsp;&emsp;&emsp;&emsp;&emsp;&emsp;&emsp;&emsp;&emsp;&emsp;Press <strong>k</strong> for this letter combination</p>","","","familiarity","","k","","true","RMPE","GRYL","",""
"1596","d","html-keyboard-response","787","1155021","0.0-27.0-0.8","69d8b313ae434f632a305c9b","69d7901e3430d13455efb336","69e8e64c7152be834b563d08","<p style=""font-size: 30px"">&emsp;</p><br><p style=""font-size: 60px; font-family: FragmentMono"">OSQL&emsp;&emsp;&emsp;&emsp;XUFE<p style=""font-size: 15px"">Press <strong>d</strong> for this letter combination&emsp;&emsp;&emsp;&emsp;&emsp;&emsp;&emsp;&emsp;&emsp;&emsp;Press <strong>k</strong> for this letter combination</p>","","","familiarity","","k","","false","XUFE","OSQL","",""
"1254","k","html-keyboard-response","788","1156275","0.0-27.0-0.9","69d8b313ae434f632a305c9b","69d7901e3430d13455efb336","69e8e64c7152be834b563d08","<p style=""font-size: 30px"">&emsp;</p><br><p style=""font-size: 60px; font-family: FragmentMono"">BZE&emsp;&emsp;&emsp;&emsp;UZO<p style=""font-size: 15px"">Press <strong>d</strong> for this letter combination&emsp;&emsp;&emsp;&emsp;&emsp;&emsp;&emsp;&emsp;&emsp;&emsp;Press <strong>k</strong> for this letter combination</p>","","","familiarity","","d","","false","BZE","UZO","",""
"895","d","html-keyboard-response","789","1157172","0.0-27.0-0.10","69d8b313ae434f632a305c9b","69d7901e3430d13455efb336","69e8e64c7152be834b563d08","<p style=""font-size: 30px"">&emsp;</p><br><p style=""font-size: 60px; font-family: FragmentMono"">PTPZ&emsp;&emsp;&emsp;&emsp;QSQX<p style=""font-size: 15px"">Press <strong>d</strong> for this letter combination&emsp;&emsp;&emsp;&emsp;&emsp;&emsp;&emsp;&emsp;&emsp;&emsp;Press <strong>k</strong> for this letter combination</p>","","","familiarity","","d","","true","PTPZ","QSQX","",""
"2619","d","html-keyboard-response","790","1159792","0.0-27.0-0.11","69d8b313ae434f632a305c9b","69d7901e3430d13455efb336","69e8e64c7152be834b563d08","<p style=""font-size: 30px"">&emsp;</p><br><p style=""font-size: 60px; font-family: FragmentMono"">CGHN&emsp;&emsp;&emsp;&emsp;ZBNO<p style=""font-size: 15px"">Press <strong>d</strong> for this letter combination&emsp;&emsp;&emsp;&emsp;&emsp;&emsp;&emsp;&emsp;&emsp;&emsp;Press <strong>k</strong> for this letter combination</p>","","","familiarity","","d","","true","CGHN","ZBNO","",""
"2052","k","html-keyboard-response","791","1161845","0.0-27.0-0.12","69d8b313ae434f632a305c9b","69d7901e3430d13455efb336","69e8e64c7152be834b563d08","<p style=""font-size: 30px"">&emsp;</p><br><p style=""font-size: 60px; font-family: FragmentMono"">AFN&emsp;&emsp;&emsp;&emsp;JKL<p style=""font-size: 15px"">Press <strong>d</strong> for this letter combination&emsp;&emsp;&emsp;&emsp;&emsp;&emsp;&emsp;&emsp;&emsp;&emsp;Press <strong>k</strong> for this letter combination</p>","","","familiarity","","k","","true","JKL","AFN","",""
"1892","k","html-keyboard-response","792","1163738","0.0-27.0-0.13","69d8b313ae434f632a305c9b","69d7901e3430d13455efb336","69e8e64c7152be834b563d08","<p style=""font-size: 30px"">&emsp;</p><br><p style=""font-size: 60px; font-family: FragmentMono"">APQHT&emsp;&emsp;&emsp;&emsp;AYNXO<p style=""font-size: 15px"">Press <strong>d</strong> for this letter combination&emsp;&emsp;&emsp;&emsp;&emsp;&emsp;&emsp;&emsp;&emsp;&emsp;Press <strong>k</strong> for this letter combination</p>","","","familiarity","","d","","false","APQHT","AYNXO","",""
"1982","k","html-keyboard-response","793","1165721","0.0-27.0-0.14","69d8b313ae434f632a305c9b","69d7901e3430d13455efb336","69e8e64c7152be834b563d08","<p style=""font-size: 30px"">&emsp;</p><br><p style=""font-size: 60px; font-family: FragmentMono"">JZPM&emsp;&emsp;&emsp;&emsp;GNWH<p style=""font-size: 15px"">Press <strong>d</strong> for this letter combination&emsp;&emsp;&emsp;&emsp;&emsp;&emsp;&emsp;&emsp;&emsp;&emsp;Press <strong>k</strong> for this letter combination</p>","","","familiarity","","k","","true","GNWH","JZPM","",""
"2400","d","html-keyboard-response","794","1168122","0.0-27.0-0.15","69d8b313ae434f632a305c9b","69d7901e3430d13455efb336","69e8e64c7152be834b563d08","<p style=""font-size: 30px"">&emsp;</p><br><p style=""font-size: 60px; font-family: FragmentMono"">LSF&emsp;&emsp;&emsp;&emsp;FYG<p style=""font-size: 15px"">Press <strong>d</strong> for this letter combination&emsp;&emsp;&emsp;&emsp;&emsp;&emsp;&emsp;&emsp;&emsp;&emsp;Press <strong>k</strong> for this letter combination</p>","","","familiarity","","k","","false","FYG","LSF","",""
"790","k","html-keyboard-response","795","1168913","0.0-27.0-0.16","69d8b313ae434f632a305c9b","69d7901e3430d13455efb336","69e8e64c7152be834b563d08","<p style=""font-size: 30px"">&emsp;</p><br><p style=""font-size: 60px; font-family: FragmentMono"">EYAEY&emsp;&emsp;&emsp;&emsp;DLVZY<p style=""font-size: 15px"">Press <strong>d</strong> for this letter combination&emsp;&emsp;&emsp;&emsp;&emsp;&emsp;&emsp;&emsp;&emsp;&emsp;Press <strong>k</strong> for this letter combination</p>","","","familiarity","","d","","false","EYAEY","DLVZY","",""
"543","d","html-keyboard-response","796","1169457","0.0-27.0-0.17","69d8b313ae434f632a305c9b","69d7901e3430d13455efb336","69e8e64c7152be834b563d08","<p style=""font-size: 30px"">&emsp;</p><br><p style=""font-size: 60px; font-family: FragmentMono"">BWRLY&emsp;&emsp;&emsp;&emsp;HECNW<p style=""font-size: 15px"">Press <strong>d</strong> for this letter combination&emsp;&emsp;&emsp;&emsp;&emsp;&emsp;&emsp;&emsp;&emsp;&emsp;Press <strong>k</strong> for this letter combination</p>","","","familiarity","","d","","true","BWRLY","HECNW","",""
"283","d","html-keyboard-response","797","1169741","0.0-27.0-0.18","69d8b313ae434f632a305c9b","69d7901e3430d13455efb336","69e8e64c7152be834b563d08","<p style=""font-size: 30px"">&emsp;</p><br><p style=""font-size: 60px; font-family: FragmentMono"">HNCXA&emsp;&emsp;&emsp;&emsp;KFOFS<p style=""font-size: 15px"">Press <strong>d</strong> for this letter combination&emsp;&emsp;&emsp;&emsp;&emsp;&emsp;&emsp;&emsp;&emsp;&emsp;Press <strong>k</strong> for this letter combination</p>","","","familiarity","","d","","true","HNCXA","KFOFS","",""
"472","d","html-keyboard-response","798","1170214","0.0-27.0-0.19","69d8b313ae434f632a305c9b","69d7901e3430d13455efb336","69e8e64c7152be834b563d08","<p style=""font-size: 30px"">&emsp;</p><br><p style=""font-size: 60px; font-family: FragmentMono"">DWXD&emsp;&emsp;&emsp;&emsp;WZHG<p style=""font-size: 15px"">Press <strong>d</strong> for this letter combination&emsp;&emsp;&emsp;&emsp;&emsp;&emsp;&emsp;&emsp;&emsp;&emsp;Press <strong>k</strong> for this letter combination</p>","","","familiarity","","d","","true","DWXD","WZHG","",""
"665","k","html-keyboard-response","799","1170881","0.0-27.0-0.20","69d8b313ae434f632a305c9b","69d7901e3430d13455efb336","69e8e64c7152be834b563d08","<p style=""font-size: 30px"">&emsp;</p><br><p style=""font-size: 60px; font-family: FragmentMono"">RJMH&emsp;&emsp;&emsp;&emsp;BYCY<p style=""font-size: 15px"">Press <strong>d</strong> for this letter combination&emsp;&emsp;&emsp;&emsp;&emsp;&emsp;&emsp;&emsp;&emsp;&emsp;Press <strong>k</strong> for this letter combination</p>","","","familiarity","","d","","false","RJMH","BYCY","",""
"609","d","html-keyboard-response","800","1171491","0.0-27.0-0.21","69d8b313ae434f632a305c9b","69d7901e3430d13455efb336","69e8e64c7152be834b563d08","<p style=""font-size: 30px"">&emsp;</p><br><p style=""font-size: 60px; font-family: FragmentMono"">UCSU&emsp;&emsp;&emsp;&emsp;XAYA<p style=""font-size: 15px"">Press <strong>d</strong> for this letter combination&emsp;&emsp;&emsp;&emsp;&emsp;&emsp;&emsp;&emsp;&emsp;&emsp;Press <strong>k</strong> for this letter combination</p>","","","familiarity","","k","","false","XAYA","UCSU","",""
"559","d","html-keyboard-response","801","1172051","0.0-27.0-0.22","69d8b313ae434f632a305c9b","69d7901e3430d13455efb336","69e8e64c7152be834b563d08","<p style=""font-size: 30px"">&emsp;</p><br><p style=""font-size: 60px; font-family: FragmentMono"">KLDSJ&emsp;&emsp;&emsp;&emsp;YWQLA<p style=""font-size: 15px"">Press <strong>d</strong> for this letter combination&emsp;&emsp;&emsp;&emsp;&emsp;&emsp;&emsp;&emsp;&emsp;&emsp;Press <strong>k</strong> for this letter combination</p>","","","familiarity","","k","","false","YWQLA","KLDSJ","",""
"68","k","html-keyboard-response","802","1172120","0.0-27.0-0.23","69d8b313ae434f632a305c9b","69d7901e3430d13455efb336","69e8e64c7152be834b563d08","<p style=""font-size: 30px"">&emsp;</p><br><p style=""font-size: 60px; font-family: FragmentMono"">OWMF&emsp;&emsp;&emsp;&emsp;CZPW<p style=""font-size: 15px"">Press <strong>d</strong> for this letter combination&emsp;&emsp;&emsp;&emsp;&emsp;&emsp;&emsp;&emsp;&emsp;&emsp;Press <strong>k</strong> for this letter combination</p>","","","familiarity","","d","","false","OWMF","CZPW","",""
"426","k","html-keyboard-response","803","1172547","0.0-27.0-0.24","69d8b313ae434f632a305c9b","69d7901e3430d13455efb336","69e8e64c7152be834b563d08","<p style=""font-size: 30px"">&emsp;</p><br><p style=""font-size: 60px; font-family: FragmentMono"">NVLXN&emsp;&emsp;&emsp;&emsp;TPABL<p style=""font-size: 15px"">Press <strong>d</strong> for this letter combination&emsp;&emsp;&emsp;&emsp;&emsp;&emsp;&emsp;&emsp;&emsp;&emsp;Press <strong>k</strong> for this letter combination</p>","","","familiarity","","d","","false","NVLXN","TPABL","",""
"1162","k","html-keyboard-response","804","1173710","0.0-27.0-0.25","69d8b313ae434f632a305c9b","69d7901e3430d13455efb336","69e8e64c7152be834b563d08","<p style=""font-size: 30px"">&emsp;</p><br><p style=""font-size: 60px; font-family: FragmentMono"">CHASS&emsp;&emsp;&emsp;&emsp;OGPGL<p style=""font-size: 15px"">Press <strong>d</strong> for this letter combination&emsp;&emsp;&emsp;&emsp;&emsp;&emsp;&emsp;&emsp;&emsp;&emsp;Press <strong>k</strong> for this letter combination</p>","","","familiarity","","d","","false","CHASS","OGPGL","",""
"558","d","html-keyboard-response","805","1174269","0.0-27.0-0.26","69d8b313ae434f632a305c9b","69d7901e3430d13455efb336","69e8e64c7152be834b563d08","<p style=""font-size: 30px"">&emsp;</p><br><p style=""font-size: 60px; font-family: FragmentMono"">UGYK&emsp;&emsp;&emsp;&emsp;JXPX<p style=""font-size: 15px"">Press <strong>d</strong> for this letter combination&emsp;&emsp;&emsp;&emsp;&emsp;&emsp;&emsp;&emsp;&emsp;&emsp;Press <strong>k</strong> for this letter combination</p>","","","familiarity","","k","","false","JXPX","UGYK","",""
"737","d","html-keyboard-response","806","1175007","0.0-27.0-0.27","69d8b313ae434f632a305c9b","69d7901e3430d13455efb336","69e8e64c7152be834b563d08","<p style=""font-size: 30px"">&emsp;</p><br><p style=""font-size: 60px; font-family: FragmentMono"">XBQD&emsp;&emsp;&emsp;&emsp;CAMU<p style=""font-size: 15px"">Press <strong>d</strong> for this letter combination&emsp;&emsp;&emsp;&emsp;&emsp;&emsp;&emsp;&emsp;&emsp;&emsp;Press <strong>k</strong> for this letter combination</p>","","","familiarity","","d","","true","XBQD","CAMU","",""
"1349","k","html-keyboard-response","807","1176357","0.0-27.0-0.28","69d8b313ae434f632a305c9b","69d7901e3430d13455efb336","69e8e64c7152be834b563d08","<p style=""font-size: 30px"">&emsp;</p><br><p style=""font-size: 60px; font-family: FragmentMono"">IOVF&emsp;&emsp;&emsp;&emsp;QZBP<p style=""font-size: 15px"">Press <strong>d</strong> for this letter combination&emsp;&emsp;&emsp;&emsp;&emsp;&emsp;&emsp;&emsp;&emsp;&emsp;Press <strong>k</strong> for this letter combination</p>","","","familiarity","","d","","false","IOVF","QZBP","",""
"1389","d","html-keyboard-response","808","1177748","0.0-27.0-0.29","69d8b313ae434f632a305c9b","69d7901e3430d13455efb336","69e8e64c7152be834b563d08","<p style=""font-size: 30px"">&emsp;</p><br><p style=""font-size: 60px; font-family: FragmentMono"">YSWYO&emsp;&emsp;&emsp;&emsp;WRGAM<p style=""font-size: 15px"">Press <strong>d</strong> for this letter combination&emsp;&emsp;&emsp;&emsp;&emsp;&emsp;&emsp;&emsp;&emsp;&emsp;Press <strong>k</strong> for this letter combination</p>","","","familiarity","","k","","false","WRGAM","YSWYO","",""
"20032"," ","html-keyboard-response","809","1197781","0.0-28.0","69d8b313ae434f632a305c9b","69d7901e3430d13455efb336","69e8e64c7152be834b563d08","<p style=""font-size: 30px"">Thank you for your help deciphering these alien communications! In this final part, we'd like you to answer the following questions on your history, use, proficiency, and attitudes towards your own languages.</p>
      <p style=""font-size: 30px"">The questionnaire contains 19 questions and will take only 10 minutes. Please answer every question honestly: this way we'll be able to guarantee a good outcome for this experiment.</p>
      <p style=""font-size: 30px"">Press the spacebar to begin.</p>","","","","","","","","","","",""
"68751","{""Age"":""26"",""Gender"":""Woman"",""Education"":""PlusCollege"",""L1"":""English"",""L2"":""Dutch"",""L3"":""French"",""L4"":""German"",""otherLs"":""yes""}","survey-html-form","810","1266534","0.0-29.0","69d8b313ae434f632a305c9b","69d7901e3430d13455efb336","69e8e64c7152be834b563d08","","","","","","","","","","","bio_info",""
"153065","{""AoAL1"":""1"",""AoAL2"":""10"",""AoAL3"":""12"",""AoAL4"":""20+"",""AoEaseL1"":""5"",""AoEaseL2"":""16"",""AoEaseL3"":""20+"",""AoEaseL4"":""20+"",""yearsEduL1"":""20+"",""yearsEduL2"":""8"",""yearsEduL3"":""3"",""yearsEduL4"":""3"",""yearsCountryL1"":""15"",""yearsCountryL2"":""6"",""yearsCountryL3"":""2"",""yearsCountryL4"":""3"",""yearsFamilyL1"":""20+"",""yearsFamilyL2"":""3"",""yearsFamilyL3"":""2"",""yearsFamilyL4"":""2"",""yearsWorkL1"":""20+"",""yearsWorkL2"":""3"",""yearsWorkL3"":""2"",""yearsWorkL4"":""1""}","survey-html-form","811","1419625","0.0-30.0","69d8b313ae434f632a305c9b","69d7901e3430d13455efb336","69e8e64c7152be834b563d08","","","","","","","","","","","history_info",""
"76234","{""PercFriendsL1"":""100"",""PercFriendsL2"":""30"",""PercFriendsL3"":""20"",""PercFriendsL4"":""20"",""PercFamilyL1"":""100"",""PercFamilyL2"":""30"",""PercFamilyL3"":""10"",""PercFamilyL4"":""10"",""PercWorkL1"":""100"",""PercWorkL2"":""40"",""PercWorkL3"":""10"",""PercWorkL4"":""10"",""PercSelfL1"":""100"",""PercSelfL2"":""20"",""PercSelfL3"":""10"",""PercSelfL4"":""10"",""PercCountL1"":""100"",""PercCountL2"":""10"",""PercCountL3"":""0"",""PercCountL4"":""0""}","survey-html-form","812","1495870","0.0-31.0-0.0-0.0","69d8b313ae434f632a305c9b","69d7901e3430d13455efb336","69e8e64c7152be834b563d08","","","","","","","","","","","use_info",""
"6949","","instructions","813","1502821","0.0-31.0-0.0-1.0-0.0","69d8b313ae434f632a305c9b","69d7901e3430d13455efb336","69e8e64c7152be834b563d08","","","","","","","","","","","use_info_prb","[{""page_index"":0,""viewing_time"":6948}]"
"138009","{""PercFriendsL1"":""50"",""PercFriendsL2"":""20"",""PercFriendsL3"":""20"",""PercFriendsL4"":""10"",""PercFamilyL1"":""80"",""PercFamilyL2"":""10"",""PercFamilyL3"":""10"",""PercFamilyL4"":""0"",""PercWorkL1"":""50"",""PercWorkL2"":""20"",""PercWorkL3"":""10"",""PercWorkL4"":""20"",""PercSelfL1"":""70"",""PercSelfL2"":""20"",""PercSelfL3"":""10"",""PercSelfL4"":""0"",""PercCountL1"":""80"",""PercCountL2"":""10"",""PercCountL3"":""10"",""PercCountL4"":""0""}","survey-html-form","814","1640843","0.0-31.0-0.1-0.1","69d8b313ae434f632a305c9b","69d7901e3430d13455efb336","69e8e64c7152be834b563d08","","","","","","","","","","","use_info",""
"66302","{""ProfSpeakL1"":""6"",""ProfSpeakL2"":""3"",""ProfSpeakL3"":""2"",""ProfSpeakL4"":""1"",""ProfUnderstandL1"":""6"",""ProfUnderstandL2"":""3"",""ProfUnderstandL3"":""3"",""ProfUnderstandL4"":""2"",""ProfReadL1"":""6"",""ProfReadL2"":""3"",""ProfReadL3"":""2"",""ProfReadL4"":""1"",""AttentionL1"":""2"",""AttentionL2"":""2"",""AttentionL3"":""2"",""AttentionL4"":""2"",""ProfWriteL1"":""6"",""ProfWriteL2"":""1"",""ProfWriteL3"":""1"",""ProfWriteL4"":""1""}","survey-html-form","815","1707159","0.0-32.0","69d8b313ae434f632a305c9b","69d7901e3430d13455efb336","69e8e64c7152be834b563d08","","","","","","","","","","","proficiency_info",""
"47682","{""AttSelfL1"":""6"",""AttSelfL2"":""2"",""AttSelfL3"":""1"",""AttSelfL4"":""1"",""AttCultureL1"":""6"",""AttCultureL2"":""2"",""AttCultureL3"":""1"",""AttCultureL4"":""1"",""AttNativeLevelL1"":""6"",""AttNativeLevelL2"":""3"",""AttNativeLevelL3"":""2"",""AttNativeLevelL4"":""2"",""AttMothertongueL1"":""6"",""AttMothertongueL2"":""2"",""AttMothertongueL3"":""1"",""AttMothertongueL4"":""1""}","survey-html-form","816","1754854","0.0-33.0","69d8b313ae434f632a305c9b","69d7901e3430d13455efb336","69e8e64c7152be834b563d08","","","","","","","","","","","attitudes_info",""
"18685","f","html-keyboard-response","817","1773541","0.0-34.0","69d8b313ae434f632a305c9b","69d7901e3430d13455efb336","69e8e64c7152be834b563d08","<p style=""font-size: 30px""><u>Goal of the study:</u> This experiment intends to test if people with more experience with more languages are more capable of unconsciously processing statistical information of new words. The alien words you saw at the beginning of the study belonged to two different languages, and this difference was displayed in how word parts were assembled together. Thank you for your participation!</p>
      <p style=""font-size: 30px"">Data upload will take a few seconds. Please wait briefly, then you will be redirected to Prolific with your completion code. Press any key now to do so.</p>","","","","","","","","","","",""
