"rt","response","trial_type","trial_index","time_elapsed","internal_node_id","subject_id","study_id","session_id","stimulus","question_order","success","task","item","correct_response","testing_condition","correct","target","confound","name","view_history"
"9850","{""ID"":""69cff69eb8da20e1ea8a2fbe""}","survey-html-form","0","9853","0.0-0.0","69cff69eb8da20e1ea8a2fbe","69d7901e3430d13455efb336","69e8e8510ffa043fcbc22498","","","","","","","","","","","",""
"3664"," ","html-keyboard-response","1","13518","0.0-1.0","69cff69eb8da20e1ea8a2fbe","69d7901e3430d13455efb336","69e8e8510ffa043fcbc22498","<p style=""font-size: 30px;"">Before beginning, we ask that you read the consent information and confirm your agreement to participate in the experiment.</p>
      <p style=""font-size: 30px;""> We ask that you remember that this is a research project and that your participation is entirely voluntary. You can stop your participation at any time, without needing to provide any explanation. The study we're asking you to participate in aims at examining how readers process written words. You will be engaged in a session of apprximately 25-30 minutes, followed by a brief questionnaire. You will have the opportunity to take a few breaks during the experiment. You will be paid £4 for your participation, corresponding to a rate of £8/hour. While this experiment looks at cognitive faculties, this experiment doesn't constitute clinical proof of eventual pathologies.</p>
      <p style=""font-size: 30px;"">All of the information collected thanks to yours and others' participation will be held in a secure password-protected server, and will not be shared with anyone not authorised to view it. Your personal information will be kept with an arbitrary participant ID. Thanks to this data anonymity process, any researcher analysing the data won't be able to track the information back to a specific participant. Therefore, this process will make identifying you impossibile, even when results from the study will be published in scientific reviews, presented at congresses, or at any other public forum. More generally, the collected data will be treated in accordance with the laws on privacy and conformity to the Legislative Degree n. 196 ""Code regarding the protection of personal data"" of the 30th of June 2003 and to the European Regulation 2016/670 (General Data Protection Regulation - GDPR). The Data Protection Officer is Avv. Valentina Carollo, who can be contacted at the following email addresses: <a href=""mailto:dpo@sissa.it"">dpo@sissa.it</a> or <a href=""mailto:rpd@sissa.it"">rpd@sissa.it</a> - PEC: <a href=""mailto:protocollo@pec.sissa.it"">protocollo@pec.sissa.it</a>.</p>
      <p style=""font-size: 30px;""> Before expressing your consent to participate, we would like to remind you again that in case you need explanations on any aspect of the experimental procedure, the researcher is at your disposition (<a href=""mailto:aliebelt@sissa.it"">aliebelt@sissa.it</a>, <a href=""mailto:davide.crepaldi@sissa.it"">davide.crepaldi@sissa.it</a>). Please feel free to contact the researcher through the Messaging feature on Prolific if you have any questions or issues.</p>
      <p style=""font-size: 30px;"">If you would like to download the informed consent form, you can do so here: <a href=""BASL-Informed_Consent.pdf"" download>informed consent form</a>.</p>
      <p style=""font-size: 30px;"">We ask that you press the spacebar to proceed to the consent section.</p>","","","","","","","","","","",""
"9787","{""consent1"":""YES"",""consent2"":""YES"",""consent3"":""YES"",""consent4"":""YES"",""consent5"":""YES"",""consent6"":""YES""}","survey-html-form","2","23305","0.0-2.0","69cff69eb8da20e1ea8a2fbe","69d7901e3430d13455efb336","69e8e8510ffa043fcbc22498","","","","","","","","","","","",""
"4553","{""Languages"":[""Urdu""]}","survey-multi-select","3","27880","0.0-3.0-0.0","69cff69eb8da20e1ea8a2fbe","69d7901e3430d13455efb336","69e8e8510ffa043fcbc22498","","[0]","","","","","","","","","",""
"1394","","fullscreen","4","30276","0.0-4.0","69cff69eb8da20e1ea8a2fbe","69d7901e3430d13455efb336","69e8e8510ffa043fcbc22498","","","true","","","","","","","","",""
"1076"," ","html-keyboard-response","5","31353","0.0-5.0","69cff69eb8da20e1ea8a2fbe","69d7901e3430d13455efb336","69e8e8510ffa043fcbc22498","<p style=""font-size: 30px"">Welcome, and thank you very much for your time!</p>
      <p style=""font-size: 30px"">In this experiment, you'll be a language expert who's been asked to take a look at words that Earth has received in its first communication with aliens. Your task, in this first part of the experiment, is to pay close attention to the words you'll be shown; later, world leaders will ask you questions on what you saw. The words will be shown to you quite quickly; it seems that the aliens were in a hurry :-)</p>
      <p style=""font-size: 30px"">Press the spacebar to continue.<p>","","","","","","","","","","",""
"null","null","html-keyboard-response","6","31357","0.0-6.0","69cff69eb8da20e1ea8a2fbe","69d7901e3430d13455efb336","69e8e8510ffa043fcbc22498","<p style=""font-size: 1px; font-family: FragmentMono""> x </p>","","","","","","","","","","",""
"null","null","html-keyboard-response","7","32362","0.0-7.0-0.0","69cff69eb8da20e1ea8a2fbe","69d7901e3430d13455efb336","69e8e8510ffa043fcbc22498","<p style=""font-size: 60px; font-family: FragmentMono"">XZQFVPOC</p>","","","training","","","","","","","",""
"null","null","html-keyboard-response","8","33364","0.0-7.0-0.1","69cff69eb8da20e1ea8a2fbe","69d7901e3430d13455efb336","69e8e8510ffa043fcbc22498","<p style=""font-size: 60px; font-family: FragmentMono"">MEOFIXILS</p>","","","training","","","","","","","",""
"null","null","html-keyboard-response","9","34365","0.0-7.0-0.2","69cff69eb8da20e1ea8a2fbe","69d7901e3430d13455efb336","69e8e8510ffa043fcbc22498","<p style=""font-size: 60px; font-family: FragmentMono"">FSZRVPOC</p>","","","training","","","","","","","",""
"null","null","html-keyboard-response","10","35366","0.0-7.0-0.3","69cff69eb8da20e1ea8a2fbe","69d7901e3430d13455efb336","69e8e8510ffa043fcbc22498","<p style=""font-size: 60px; font-family: FragmentMono"">FBMNEYX</p>","","","training","","","","","","","",""
"null","null","html-keyboard-response","11","36369","0.0-7.0-0.4","69cff69eb8da20e1ea8a2fbe","69d7901e3430d13455efb336","69e8e8510ffa043fcbc22498","<p style=""font-size: 60px; font-family: FragmentMono"">JVRUEQZ</p>","","","training","","","","","","","",""
"null","null","html-keyboard-response","12","37371","0.0-7.0-0.5","69cff69eb8da20e1ea8a2fbe","69d7901e3430d13455efb336","69e8e8510ffa043fcbc22498","<p style=""font-size: 60px; font-family: FragmentMono"">HRDYXILS</p>","","","training","","","","","","","",""
"null","null","html-keyboard-response","13","38372","0.0-7.0-0.6","69cff69eb8da20e1ea8a2fbe","69d7901e3430d13455efb336","69e8e8510ffa043fcbc22498","<p style=""font-size: 60px; font-family: FragmentMono"">OGPGLQWSN</p>","","","training","","","","","","","",""
"null","null","html-keyboard-response","14","39373","0.0-7.0-0.7","69cff69eb8da20e1ea8a2fbe","69d7901e3430d13455efb336","69e8e8510ffa043fcbc22498","<p style=""font-size: 60px; font-family: FragmentMono"">WFQNZVPOC</p>","","","training","","","","","","","",""
"null","null","html-keyboard-response","15","40376","0.0-7.0-0.8","69cff69eb8da20e1ea8a2fbe","69d7901e3430d13455efb336","69e8e8510ffa043fcbc22498","<p style=""font-size: 60px; font-family: FragmentMono"">VJGQJXILS</p>","","","training","","","","","","","",""
"null","null","html-keyboard-response","16","41377","0.0-7.0-0.9","69cff69eb8da20e1ea8a2fbe","69d7901e3430d13455efb336","69e8e8510ffa043fcbc22498","<p style=""font-size: 60px; font-family: FragmentMono"">RWEQMDBPG</p>","","","training","","","","","","","",""
"null","null","html-keyboard-response","17","42377","0.0-7.0-0.10","69cff69eb8da20e1ea8a2fbe","69d7901e3430d13455efb336","69e8e8510ffa043fcbc22498","<p style=""font-size: 60px; font-family: FragmentMono"">HPWYQWSN</p>","","","training","","","","","","","",""
"null","null","html-keyboard-response","18","43380","0.0-7.0-0.11","69cff69eb8da20e1ea8a2fbe","69d7901e3430d13455efb336","69e8e8510ffa043fcbc22498","<p style=""font-size: 60px; font-family: FragmentMono"">WFQNZEYX</p>","","","training","","","","","","","",""
"null","null","html-keyboard-response","19","44382","0.0-7.0-0.12","69cff69eb8da20e1ea8a2fbe","69d7901e3430d13455efb336","69e8e8510ffa043fcbc22498","<p style=""font-size: 60px; font-family: FragmentMono"">JVRUDBPG</p>","","","training","","","","","","","",""
"null","null","html-keyboard-response","20","45383","0.0-7.0-0.13","69cff69eb8da20e1ea8a2fbe","69d7901e3430d13455efb336","69e8e8510ffa043fcbc22498","<p style=""font-size: 60px; font-family: FragmentMono"">HRDYQHS</p>","","","training","","","","","","","",""
"null","null","html-keyboard-response","21","46384","0.0-7.0-0.14","69cff69eb8da20e1ea8a2fbe","69d7901e3430d13455efb336","69e8e8510ffa043fcbc22498","<p style=""font-size: 60px; font-family: FragmentMono"">OGPGLEQZ</p>","","","training","","","","","","","",""
"null","null","html-keyboard-response","22","47388","0.0-7.0-0.15","69cff69eb8da20e1ea8a2fbe","69d7901e3430d13455efb336","69e8e8510ffa043fcbc22498","<p style=""font-size: 60px; font-family: FragmentMono"">RKSFXILS</p>","","","training","","","","","","","",""
"null","null","html-keyboard-response","23","48389","0.0-7.0-0.16","69cff69eb8da20e1ea8a2fbe","69d7901e3430d13455efb336","69e8e8510ffa043fcbc22498","<p style=""font-size: 60px; font-family: FragmentMono"">CDQBEYX</p>","","","training","","","","","","","",""
"null","null","html-keyboard-response","24","49391","0.0-7.0-0.17","69cff69eb8da20e1ea8a2fbe","69d7901e3430d13455efb336","69e8e8510ffa043fcbc22498","<p style=""font-size: 60px; font-family: FragmentMono"">WFQNZQHS</p>","","","training","","","","","","","",""
"null","null","html-keyboard-response","25","50392","0.0-7.0-0.18","69cff69eb8da20e1ea8a2fbe","69d7901e3430d13455efb336","69e8e8510ffa043fcbc22498","<p style=""font-size: 60px; font-family: FragmentMono"">FBMNVPOC</p>","","","training","","","","","","","",""
"null","null","html-keyboard-response","26","51395","0.0-7.0-0.19","69cff69eb8da20e1ea8a2fbe","69d7901e3430d13455efb336","69e8e8510ffa043fcbc22498","<p style=""font-size: 60px; font-family: FragmentMono"">MEOFIQHS</p>","","","training","","","","","","","",""
"null","null","html-keyboard-response","27","52397","0.0-7.0-0.20","69cff69eb8da20e1ea8a2fbe","69d7901e3430d13455efb336","69e8e8510ffa043fcbc22498","<p style=""font-size: 60px; font-family: FragmentMono"">RWEQMPTP</p>","","","training","","","","","","","",""
"null","null","html-keyboard-response","28","53398","0.0-7.0-0.21","69cff69eb8da20e1ea8a2fbe","69d7901e3430d13455efb336","69e8e8510ffa043fcbc22498","<p style=""font-size: 60px; font-family: FragmentMono"">ODOITSL</p>","","","training","","","","","","","",""
"null","null","html-keyboard-response","29","54400","0.0-7.0-0.22","69cff69eb8da20e1ea8a2fbe","69d7901e3430d13455efb336","69e8e8510ffa043fcbc22498","<p style=""font-size: 60px; font-family: FragmentMono"">CDQBXILS</p>","","","training","","","","","","","",""
"null","null","html-keyboard-response","30","55401","0.0-7.0-0.23","69cff69eb8da20e1ea8a2fbe","69d7901e3430d13455efb336","69e8e8510ffa043fcbc22498","<p style=""font-size: 60px; font-family: FragmentMono"">RWEQMQWSN</p>","","","training","","","","","","","",""
"null","null","html-keyboard-response","31","56402","0.0-7.0-0.24","69cff69eb8da20e1ea8a2fbe","69d7901e3430d13455efb336","69e8e8510ffa043fcbc22498","<p style=""font-size: 60px; font-family: FragmentMono"">RKSFTUZ</p>","","","training","","","","","","","",""
"null","null","html-keyboard-response","32","57405","0.0-7.0-0.25","69cff69eb8da20e1ea8a2fbe","69d7901e3430d13455efb336","69e8e8510ffa043fcbc22498","<p style=""font-size: 60px; font-family: FragmentMono"">VJGQJEYX</p>","","","training","","","","","","","",""
"null","null","html-keyboard-response","33","58407","0.0-7.0-0.26","69cff69eb8da20e1ea8a2fbe","69d7901e3430d13455efb336","69e8e8510ffa043fcbc22498","<p style=""font-size: 60px; font-family: FragmentMono"">HPWYTSL</p>","","","training","","","","","","","",""
"null","null","html-keyboard-response","34","59408","0.0-7.0-0.27","69cff69eb8da20e1ea8a2fbe","69d7901e3430d13455efb336","69e8e8510ffa043fcbc22498","<p style=""font-size: 60px; font-family: FragmentMono"">PJPTIQWSN</p>","","","training","","","","","","","",""
"null","null","html-keyboard-response","35","60411","0.0-7.0-0.28","69cff69eb8da20e1ea8a2fbe","69d7901e3430d13455efb336","69e8e8510ffa043fcbc22498","<p style=""font-size: 60px; font-family: FragmentMono"">REAHUXILS</p>","","","training","","","","","","","",""
"null","null","html-keyboard-response","36","61412","0.0-7.0-0.29","69cff69eb8da20e1ea8a2fbe","69d7901e3430d13455efb336","69e8e8510ffa043fcbc22498","<p style=""font-size: 60px; font-family: FragmentMono"">FSZRQHS</p>","","","training","","","","","","","",""
"null","null","html-keyboard-response","37","62413","0.0-7.0-0.30","69cff69eb8da20e1ea8a2fbe","69d7901e3430d13455efb336","69e8e8510ffa043fcbc22498","<p style=""font-size: 60px; font-family: FragmentMono"">MEOFITUZ</p>","","","training","","","","","","","",""
"null","null","html-keyboard-response","38","63414","0.0-7.0-0.31","69cff69eb8da20e1ea8a2fbe","69d7901e3430d13455efb336","69e8e8510ffa043fcbc22498","<p style=""font-size: 60px; font-family: FragmentMono"">REAHUQHS</p>","","","training","","","","","","","",""
"null","null","html-keyboard-response","39","64416","0.0-7.0-0.32","69cff69eb8da20e1ea8a2fbe","69d7901e3430d13455efb336","69e8e8510ffa043fcbc22498","<p style=""font-size: 60px; font-family: FragmentMono"">MJWMPTP</p>","","","training","","","","","","","",""
"null","null","html-keyboard-response","40","65419","0.0-7.0-0.33","69cff69eb8da20e1ea8a2fbe","69d7901e3430d13455efb336","69e8e8510ffa043fcbc22498","<p style=""font-size: 60px; font-family: FragmentMono"">PBIQUQWSN</p>","","","training","","","","","","","",""
"null","null","html-keyboard-response","41","66420","0.0-7.0-0.34","69cff69eb8da20e1ea8a2fbe","69d7901e3430d13455efb336","69e8e8510ffa043fcbc22498","<p style=""font-size: 60px; font-family: FragmentMono"">VJGQJVPOC</p>","","","training","","","","","","","",""
"null","null","html-keyboard-response","42","67422","0.0-7.0-0.35","69cff69eb8da20e1ea8a2fbe","69d7901e3430d13455efb336","69e8e8510ffa043fcbc22498","<p style=""font-size: 60px; font-family: FragmentMono"">JVRUTSL</p>","","","training","","","","","","","",""
"null","null","html-keyboard-response","43","68423","0.0-7.0-0.36","69cff69eb8da20e1ea8a2fbe","69d7901e3430d13455efb336","69e8e8510ffa043fcbc22498","<p style=""font-size: 60px; font-family: FragmentMono"">OGPGLPTP</p>","","","training","","","","","","","",""
"null","null","html-keyboard-response","44","69425","0.0-7.0-0.37","69cff69eb8da20e1ea8a2fbe","69d7901e3430d13455efb336","69e8e8510ffa043fcbc22498","<p style=""font-size: 60px; font-family: FragmentMono"">PBIQUTSL</p>","","","training","","","","","","","",""
"null","null","html-keyboard-response","45","70427","0.0-7.0-0.38","69cff69eb8da20e1ea8a2fbe","69d7901e3430d13455efb336","69e8e8510ffa043fcbc22498","<p style=""font-size: 60px; font-family: FragmentMono"">FSZRTUZ</p>","","","training","","","","","","","",""
"null","null","html-keyboard-response","46","71427","0.0-7.0-0.39","69cff69eb8da20e1ea8a2fbe","69d7901e3430d13455efb336","69e8e8510ffa043fcbc22498","<p style=""font-size: 60px; font-family: FragmentMono"">RKSFQHS</p>","","","training","","","","","","","",""
"null","null","html-keyboard-response","47","72429","0.0-7.0-0.40","69cff69eb8da20e1ea8a2fbe","69d7901e3430d13455efb336","69e8e8510ffa043fcbc22498","<p style=""font-size: 60px; font-family: FragmentMono"">ODOIDBPG</p>","","","training","","","","","","","",""
"null","null","html-keyboard-response","48","73431","0.0-7.0-0.41","69cff69eb8da20e1ea8a2fbe","69d7901e3430d13455efb336","69e8e8510ffa043fcbc22498","<p style=""font-size: 60px; font-family: FragmentMono"">CDQBTUZ</p>","","","training","","","","","","","",""
"null","null","html-keyboard-response","49","74433","0.0-7.0-0.42","69cff69eb8da20e1ea8a2fbe","69d7901e3430d13455efb336","69e8e8510ffa043fcbc22498","<p style=""font-size: 60px; font-family: FragmentMono"">HPWYDBPG</p>","","","training","","","","","","","",""
"null","null","html-keyboard-response","50","75436","0.0-7.0-0.43","69cff69eb8da20e1ea8a2fbe","69d7901e3430d13455efb336","69e8e8510ffa043fcbc22498","<p style=""font-size: 60px; font-family: FragmentMono"">WFQNZTUZ</p>","","","training","","","","","","","",""
"null","null","html-keyboard-response","51","76438","0.0-7.0-0.44","69cff69eb8da20e1ea8a2fbe","69d7901e3430d13455efb336","69e8e8510ffa043fcbc22498","<p style=""font-size: 60px; font-family: FragmentMono"">PJPTIDBPG</p>","","","training","","","","","","","",""
"null","null","html-keyboard-response","52","77439","0.0-7.0-0.45","69cff69eb8da20e1ea8a2fbe","69d7901e3430d13455efb336","69e8e8510ffa043fcbc22498","<p style=""font-size: 60px; font-family: FragmentMono"">GQFHXQWSN</p>","","","training","","","","","","","",""
"null","null","html-keyboard-response","53","78440","0.0-7.0-0.46","69cff69eb8da20e1ea8a2fbe","69d7901e3430d13455efb336","69e8e8510ffa043fcbc22498","<p style=""font-size: 60px; font-family: FragmentMono"">RKSFEYX</p>","","","training","","","","","","","",""
"null","null","html-keyboard-response","54","79442","0.0-7.0-0.47","69cff69eb8da20e1ea8a2fbe","69d7901e3430d13455efb336","69e8e8510ffa043fcbc22498","<p style=""font-size: 60px; font-family: FragmentMono"">MJWMTSL</p>","","","training","","","","","","","",""
"null","null","html-keyboard-response","55","80444","0.0-7.0-0.48","69cff69eb8da20e1ea8a2fbe","69d7901e3430d13455efb336","69e8e8510ffa043fcbc22498","<p style=""font-size: 60px; font-family: FragmentMono"">FBMNXILS</p>","","","training","","","","","","","",""
"null","null","html-keyboard-response","56","81445","0.0-7.0-0.49","69cff69eb8da20e1ea8a2fbe","69d7901e3430d13455efb336","69e8e8510ffa043fcbc22498","<p style=""font-size: 60px; font-family: FragmentMono"">OGPGLDBPG</p>","","","training","","","","","","","",""
"null","null","html-keyboard-response","57","82447","0.0-7.0-0.50","69cff69eb8da20e1ea8a2fbe","69d7901e3430d13455efb336","69e8e8510ffa043fcbc22498","<p style=""font-size: 60px; font-family: FragmentMono"">REAHUTUZ</p>","","","training","","","","","","","",""
"null","null","html-keyboard-response","58","83449","0.0-7.0-0.51","69cff69eb8da20e1ea8a2fbe","69d7901e3430d13455efb336","69e8e8510ffa043fcbc22498","<p style=""font-size: 60px; font-family: FragmentMono"">PBIQUPTP</p>","","","training","","","","","","","",""
"null","null","html-keyboard-response","59","84450","0.0-7.0-0.52","69cff69eb8da20e1ea8a2fbe","69d7901e3430d13455efb336","69e8e8510ffa043fcbc22498","<p style=""font-size: 60px; font-family: FragmentMono"">XZQFXILS</p>","","","training","","","","","","","",""
"null","null","html-keyboard-response","60","85452","0.0-7.0-0.53","69cff69eb8da20e1ea8a2fbe","69d7901e3430d13455efb336","69e8e8510ffa043fcbc22498","<p style=""font-size: 60px; font-family: FragmentMono"">GQFHXPTP</p>","","","training","","","","","","","",""
"null","null","html-keyboard-response","61","86456","0.0-7.0-0.54","69cff69eb8da20e1ea8a2fbe","69d7901e3430d13455efb336","69e8e8510ffa043fcbc22498","<p style=""font-size: 60px; font-family: FragmentMono"">FSZREYX</p>","","","training","","","","","","","",""
"null","null","html-keyboard-response","62","87459","0.0-7.0-0.55","69cff69eb8da20e1ea8a2fbe","69d7901e3430d13455efb336","69e8e8510ffa043fcbc22498","<p style=""font-size: 60px; font-family: FragmentMono"">XZQFQHS</p>","","","training","","","","","","","",""
"null","null","html-keyboard-response","63","88461","0.0-7.0-0.56","69cff69eb8da20e1ea8a2fbe","69d7901e3430d13455efb336","69e8e8510ffa043fcbc22498","<p style=""font-size: 60px; font-family: FragmentMono"">UHUZEQZ</p>","","","training","","","","","","","",""
"null","null","html-keyboard-response","64","89463","0.0-7.0-0.57","69cff69eb8da20e1ea8a2fbe","69d7901e3430d13455efb336","69e8e8510ffa043fcbc22498","<p style=""font-size: 60px; font-family: FragmentMono"">GQFHXTSL</p>","","","training","","","","","","","",""
"null","null","html-keyboard-response","65","90465","0.0-7.0-0.58","69cff69eb8da20e1ea8a2fbe","69d7901e3430d13455efb336","69e8e8510ffa043fcbc22498","<p style=""font-size: 60px; font-family: FragmentMono"">REAHUVPOC</p>","","","training","","","","","","","",""
"null","null","html-keyboard-response","66","91466","0.0-7.0-0.59","69cff69eb8da20e1ea8a2fbe","69d7901e3430d13455efb336","69e8e8510ffa043fcbc22498","<p style=""font-size: 60px; font-family: FragmentMono"">ODOIEQZ</p>","","","training","","","","","","","",""
"null","null","html-keyboard-response","67","92468","0.0-7.0-0.60","69cff69eb8da20e1ea8a2fbe","69d7901e3430d13455efb336","69e8e8510ffa043fcbc22498","<p style=""font-size: 60px; font-family: FragmentMono"">XZQFEYX</p>","","","training","","","","","","","",""
"null","null","html-keyboard-response","68","93470","0.0-7.0-0.61","69cff69eb8da20e1ea8a2fbe","69d7901e3430d13455efb336","69e8e8510ffa043fcbc22498","<p style=""font-size: 60px; font-family: FragmentMono"">PJPTIEQZ</p>","","","training","","","","","","","",""
"null","null","html-keyboard-response","69","94472","0.0-7.0-0.62","69cff69eb8da20e1ea8a2fbe","69d7901e3430d13455efb336","69e8e8510ffa043fcbc22498","<p style=""font-size: 60px; font-family: FragmentMono"">VJGQJTUZ</p>","","","training","","","","","","","",""
"null","null","html-keyboard-response","70","95473","0.0-7.0-0.63","69cff69eb8da20e1ea8a2fbe","69d7901e3430d13455efb336","69e8e8510ffa043fcbc22498","<p style=""font-size: 60px; font-family: FragmentMono"">FBMNQHS</p>","","","training","","","","","","","",""
"null","null","html-keyboard-response","71","96475","0.0-7.0-0.64","69cff69eb8da20e1ea8a2fbe","69d7901e3430d13455efb336","69e8e8510ffa043fcbc22498","<p style=""font-size: 60px; font-family: FragmentMono"">JVRUPTP</p>","","","training","","","","","","","",""
"null","null","html-keyboard-response","72","97476","0.0-7.0-0.65","69cff69eb8da20e1ea8a2fbe","69d7901e3430d13455efb336","69e8e8510ffa043fcbc22498","<p style=""font-size: 60px; font-family: FragmentMono"">MJWMQWSN</p>","","","training","","","","","","","",""
"null","null","html-keyboard-response","73","98478","0.0-7.0-0.66","69cff69eb8da20e1ea8a2fbe","69d7901e3430d13455efb336","69e8e8510ffa043fcbc22498","<p style=""font-size: 60px; font-family: FragmentMono"">PJPTIPTP</p>","","","training","","","","","","","",""
"null","null","html-keyboard-response","74","99480","0.0-7.0-0.67","69cff69eb8da20e1ea8a2fbe","69d7901e3430d13455efb336","69e8e8510ffa043fcbc22498","<p style=""font-size: 60px; font-family: FragmentMono"">CDQBVPOC</p>","","","training","","","","","","","",""
"null","null","html-keyboard-response","75","100481","0.0-7.0-0.68","69cff69eb8da20e1ea8a2fbe","69d7901e3430d13455efb336","69e8e8510ffa043fcbc22498","<p style=""font-size: 60px; font-family: FragmentMono"">MEOFIEYX</p>","","","training","","","","","","","",""
"null","null","html-keyboard-response","76","101483","0.0-7.0-0.69","69cff69eb8da20e1ea8a2fbe","69d7901e3430d13455efb336","69e8e8510ffa043fcbc22498","<p style=""font-size: 60px; font-family: FragmentMono"">HPWYEQZ</p>","","","training","","","","","","","",""
"null","null","html-keyboard-response","77","102485","0.0-7.0-0.70","69cff69eb8da20e1ea8a2fbe","69d7901e3430d13455efb336","69e8e8510ffa043fcbc22498","<p style=""font-size: 60px; font-family: FragmentMono"">UHUZDBPG</p>","","","training","","","","","","","",""
"null","null","html-keyboard-response","78","103487","0.0-7.0-0.71","69cff69eb8da20e1ea8a2fbe","69d7901e3430d13455efb336","69e8e8510ffa043fcbc22498","<p style=""font-size: 60px; font-family: FragmentMono"">RWEQMTSL</p>","","","training","","","","","","","",""
"null","null","html-keyboard-response","79","104489","0.0-7.0-0.72","69cff69eb8da20e1ea8a2fbe","69d7901e3430d13455efb336","69e8e8510ffa043fcbc22498","<p style=""font-size: 60px; font-family: FragmentMono"">UHUZPTP</p>","","","training","","","","","","","",""
"null","null","html-keyboard-response","80","105490","0.0-7.0-0.73","69cff69eb8da20e1ea8a2fbe","69d7901e3430d13455efb336","69e8e8510ffa043fcbc22498","<p style=""font-size: 60px; font-family: FragmentMono"">MJWMEQZ</p>","","","training","","","","","","","",""
"null","null","html-keyboard-response","81","106492","0.0-7.0-0.74","69cff69eb8da20e1ea8a2fbe","69d7901e3430d13455efb336","69e8e8510ffa043fcbc22498","<p style=""font-size: 60px; font-family: FragmentMono"">UHUZTSL</p>","","","training","","","","","","","",""
"null","null","html-keyboard-response","82","107494","0.0-7.0-0.75","69cff69eb8da20e1ea8a2fbe","69d7901e3430d13455efb336","69e8e8510ffa043fcbc22498","<p style=""font-size: 60px; font-family: FragmentMono"">HRDYTUZ</p>","","","training","","","","","","","",""
"null","null","html-keyboard-response","83","108495","0.0-7.0-0.76","69cff69eb8da20e1ea8a2fbe","69d7901e3430d13455efb336","69e8e8510ffa043fcbc22498","<p style=""font-size: 60px; font-family: FragmentMono"">GQFHXDBPG</p>","","","training","","","","","","","",""
"null","null","html-keyboard-response","84","109497","0.0-7.0-0.77","69cff69eb8da20e1ea8a2fbe","69d7901e3430d13455efb336","69e8e8510ffa043fcbc22498","<p style=""font-size: 60px; font-family: FragmentMono"">PBIQUEQZ</p>","","","training","","","","","","","",""
"null","null","html-keyboard-response","85","110499","0.0-7.0-0.78","69cff69eb8da20e1ea8a2fbe","69d7901e3430d13455efb336","69e8e8510ffa043fcbc22498","<p style=""font-size: 60px; font-family: FragmentMono"">HRDYVPOC</p>","","","training","","","","","","","",""
"null","null","html-keyboard-response","86","111500","0.0-7.0-0.79","69cff69eb8da20e1ea8a2fbe","69d7901e3430d13455efb336","69e8e8510ffa043fcbc22498","<p style=""font-size: 60px; font-family: FragmentMono"">ODOIQWSN</p>","","","training","","","","","","","",""
"3101"," ","html-keyboard-response","87","114602","0.0-8.0","69cff69eb8da20e1ea8a2fbe","69d7901e3430d13455efb336","69e8e8510ffa043fcbc22498","<p style=""font-size: 30px"">Great, you've seen the first block of words. You may now take a short break.</p>
      <p style=""font-size: 30px"">Press the spacebar when you're ready to continue.</p>","","","","","","","","","","",""
"null","null","html-keyboard-response","88","115604","0.0-9.0-0.0","69cff69eb8da20e1ea8a2fbe","69d7901e3430d13455efb336","69e8e8510ffa043fcbc22498","<p style=""font-size: 60px; font-family: FragmentMono"">RKSFXILS</p>","","","training","","","","","","","",""
"null","null","html-keyboard-response","89","116606","0.0-9.0-0.1","69cff69eb8da20e1ea8a2fbe","69d7901e3430d13455efb336","69e8e8510ffa043fcbc22498","<p style=""font-size: 60px; font-family: FragmentMono"">RWEQMDBPG</p>","","","training","","","","","","","",""
"null","null","html-keyboard-response","90","117607","0.0-9.0-0.2","69cff69eb8da20e1ea8a2fbe","69d7901e3430d13455efb336","69e8e8510ffa043fcbc22498","<p style=""font-size: 60px; font-family: FragmentMono"">ODOITSL</p>","","","training","","","","","","","",""
"null","null","html-keyboard-response","91","118608","0.0-9.0-0.3","69cff69eb8da20e1ea8a2fbe","69d7901e3430d13455efb336","69e8e8510ffa043fcbc22498","<p style=""font-size: 60px; font-family: FragmentMono"">JVRUPTP</p>","","","training","","","","","","","",""
"null","null","html-keyboard-response","92","119610","0.0-9.0-0.4","69cff69eb8da20e1ea8a2fbe","69d7901e3430d13455efb336","69e8e8510ffa043fcbc22498","<p style=""font-size: 60px; font-family: FragmentMono"">REAHUVPOC</p>","","","training","","","","","","","",""
"null","null","html-keyboard-response","93","120611","0.0-9.0-0.5","69cff69eb8da20e1ea8a2fbe","69d7901e3430d13455efb336","69e8e8510ffa043fcbc22498","<p style=""font-size: 60px; font-family: FragmentMono"">GQFHXPTP</p>","","","training","","","","","","","",""
"null","null","html-keyboard-response","94","121613","0.0-9.0-0.6","69cff69eb8da20e1ea8a2fbe","69d7901e3430d13455efb336","69e8e8510ffa043fcbc22498","<p style=""font-size: 60px; font-family: FragmentMono"">WFQNZEYX</p>","","","training","","","","","","","",""
"null","null","html-keyboard-response","95","122616","0.0-9.0-0.7","69cff69eb8da20e1ea8a2fbe","69d7901e3430d13455efb336","69e8e8510ffa043fcbc22498","<p style=""font-size: 60px; font-family: FragmentMono"">HPWYDBPG</p>","","","training","","","","","","","",""
"null","null","html-keyboard-response","96","123617","0.0-9.0-0.8","69cff69eb8da20e1ea8a2fbe","69d7901e3430d13455efb336","69e8e8510ffa043fcbc22498","<p style=""font-size: 60px; font-family: FragmentMono"">VJGQJXILS</p>","","","training","","","","","","","",""
"null","null","html-keyboard-response","97","124619","0.0-9.0-0.9","69cff69eb8da20e1ea8a2fbe","69d7901e3430d13455efb336","69e8e8510ffa043fcbc22498","<p style=""font-size: 60px; font-family: FragmentMono"">FSZRTUZ</p>","","","training","","","","","","","",""
"null","null","html-keyboard-response","98","125620","0.0-9.0-0.10","69cff69eb8da20e1ea8a2fbe","69d7901e3430d13455efb336","69e8e8510ffa043fcbc22498","<p style=""font-size: 60px; font-family: FragmentMono"">RKSFQHS</p>","","","training","","","","","","","",""
"null","null","html-keyboard-response","99","126623","0.0-9.0-0.11","69cff69eb8da20e1ea8a2fbe","69d7901e3430d13455efb336","69e8e8510ffa043fcbc22498","<p style=""font-size: 60px; font-family: FragmentMono"">OGPGLDBPG</p>","","","training","","","","","","","",""
"null","null","html-keyboard-response","100","127624","0.0-9.0-0.12","69cff69eb8da20e1ea8a2fbe","69d7901e3430d13455efb336","69e8e8510ffa043fcbc22498","<p style=""font-size: 60px; font-family: FragmentMono"">HRDYQHS</p>","","","training","","","","","","","",""
"null","null","html-keyboard-response","101","128625","0.0-9.0-0.13","69cff69eb8da20e1ea8a2fbe","69d7901e3430d13455efb336","69e8e8510ffa043fcbc22498","<p style=""font-size: 60px; font-family: FragmentMono"">MJWMQWSN</p>","","","training","","","","","","","",""
"null","null","html-keyboard-response","102","129628","0.0-9.0-0.14","69cff69eb8da20e1ea8a2fbe","69d7901e3430d13455efb336","69e8e8510ffa043fcbc22498","<p style=""font-size: 60px; font-family: FragmentMono"">CDQBVPOC</p>","","","training","","","","","","","",""
"null","null","html-keyboard-response","103","130630","0.0-9.0-0.15","69cff69eb8da20e1ea8a2fbe","69d7901e3430d13455efb336","69e8e8510ffa043fcbc22498","<p style=""font-size: 60px; font-family: FragmentMono"">ODOIQWSN</p>","","","training","","","","","","","",""
"null","null","html-keyboard-response","104","131631","0.0-9.0-0.16","69cff69eb8da20e1ea8a2fbe","69d7901e3430d13455efb336","69e8e8510ffa043fcbc22498","<p style=""font-size: 60px; font-family: FragmentMono"">HRDYTUZ</p>","","","training","","","","","","","",""
"null","null","html-keyboard-response","105","132632","0.0-9.0-0.17","69cff69eb8da20e1ea8a2fbe","69d7901e3430d13455efb336","69e8e8510ffa043fcbc22498","<p style=""font-size: 60px; font-family: FragmentMono"">FBMNVPOC</p>","","","training","","","","","","","",""
"null","null","html-keyboard-response","106","133634","0.0-9.0-0.18","69cff69eb8da20e1ea8a2fbe","69d7901e3430d13455efb336","69e8e8510ffa043fcbc22498","<p style=""font-size: 60px; font-family: FragmentMono"">HPWYQWSN</p>","","","training","","","","","","","",""
"null","null","html-keyboard-response","107","134635","0.0-9.0-0.19","69cff69eb8da20e1ea8a2fbe","69d7901e3430d13455efb336","69e8e8510ffa043fcbc22498","<p style=""font-size: 60px; font-family: FragmentMono"">FBMNQHS</p>","","","training","","","","","","","",""
"null","null","html-keyboard-response","108","135637","0.0-9.0-0.20","69cff69eb8da20e1ea8a2fbe","69d7901e3430d13455efb336","69e8e8510ffa043fcbc22498","<p style=""font-size: 60px; font-family: FragmentMono"">CDQBTUZ</p>","","","training","","","","","","","",""
"null","null","html-keyboard-response","109","136638","0.0-9.0-0.21","69cff69eb8da20e1ea8a2fbe","69d7901e3430d13455efb336","69e8e8510ffa043fcbc22498","<p style=""font-size: 60px; font-family: FragmentMono"">UHUZTSL</p>","","","training","","","","","","","",""
"null","null","html-keyboard-response","110","137641","0.0-9.0-0.22","69cff69eb8da20e1ea8a2fbe","69d7901e3430d13455efb336","69e8e8510ffa043fcbc22498","<p style=""font-size: 60px; font-family: FragmentMono"">MJWMPTP</p>","","","training","","","","","","","",""
"null","null","html-keyboard-response","111","138642","0.0-9.0-0.23","69cff69eb8da20e1ea8a2fbe","69d7901e3430d13455efb336","69e8e8510ffa043fcbc22498","<p style=""font-size: 60px; font-family: FragmentMono"">PBIQUTSL</p>","","","training","","","","","","","",""
"null","null","html-keyboard-response","112","139644","0.0-9.0-0.24","69cff69eb8da20e1ea8a2fbe","69d7901e3430d13455efb336","69e8e8510ffa043fcbc22498","<p style=""font-size: 60px; font-family: FragmentMono"">VJGQJVPOC</p>","","","training","","","","","","","",""
"null","null","html-keyboard-response","113","140645","0.0-9.0-0.25","69cff69eb8da20e1ea8a2fbe","69d7901e3430d13455efb336","69e8e8510ffa043fcbc22498","<p style=""font-size: 60px; font-family: FragmentMono"">PBIQUPTP</p>","","","training","","","","","","","",""
"null","null","html-keyboard-response","114","141648","0.0-9.0-0.26","69cff69eb8da20e1ea8a2fbe","69d7901e3430d13455efb336","69e8e8510ffa043fcbc22498","<p style=""font-size: 60px; font-family: FragmentMono"">JVRUEQZ</p>","","","training","","","","","","","",""
"null","null","html-keyboard-response","115","142649","0.0-9.0-0.27","69cff69eb8da20e1ea8a2fbe","69d7901e3430d13455efb336","69e8e8510ffa043fcbc22498","<p style=""font-size: 60px; font-family: FragmentMono"">HRDYXILS</p>","","","training","","","","","","","",""
"null","null","html-keyboard-response","116","143651","0.0-9.0-0.28","69cff69eb8da20e1ea8a2fbe","69d7901e3430d13455efb336","69e8e8510ffa043fcbc22498","<p style=""font-size: 60px; font-family: FragmentMono"">WFQNZVPOC</p>","","","training","","","","","","","",""
"null","null","html-keyboard-response","117","144652","0.0-9.0-0.29","69cff69eb8da20e1ea8a2fbe","69d7901e3430d13455efb336","69e8e8510ffa043fcbc22498","<p style=""font-size: 60px; font-family: FragmentMono"">GQFHXTSL</p>","","","training","","","","","","","",""
"null","null","html-keyboard-response","118","145654","0.0-9.0-0.30","69cff69eb8da20e1ea8a2fbe","69d7901e3430d13455efb336","69e8e8510ffa043fcbc22498","<p style=""font-size: 60px; font-family: FragmentMono"">RWEQMQWSN</p>","","","training","","","","","","","",""
"null","null","html-keyboard-response","119","146656","0.0-9.0-0.31","69cff69eb8da20e1ea8a2fbe","69d7901e3430d13455efb336","69e8e8510ffa043fcbc22498","<p style=""font-size: 60px; font-family: FragmentMono"">MJWMEQZ</p>","","","training","","","","","","","",""
"null","null","html-keyboard-response","120","147658","0.0-9.0-0.32","69cff69eb8da20e1ea8a2fbe","69d7901e3430d13455efb336","69e8e8510ffa043fcbc22498","<p style=""font-size: 60px; font-family: FragmentMono"">ODOIDBPG</p>","","","training","","","","","","","",""
"null","null","html-keyboard-response","121","148659","0.0-9.0-0.33","69cff69eb8da20e1ea8a2fbe","69d7901e3430d13455efb336","69e8e8510ffa043fcbc22498","<p style=""font-size: 60px; font-family: FragmentMono"">OGPGLQWSN</p>","","","training","","","","","","","",""
"null","null","html-keyboard-response","122","149661","0.0-9.0-0.34","69cff69eb8da20e1ea8a2fbe","69d7901e3430d13455efb336","69e8e8510ffa043fcbc22498","<p style=""font-size: 60px; font-family: FragmentMono"">MEOFIEYX</p>","","","training","","","","","","","",""
"null","null","html-keyboard-response","123","150663","0.0-9.0-0.35","69cff69eb8da20e1ea8a2fbe","69d7901e3430d13455efb336","69e8e8510ffa043fcbc22498","<p style=""font-size: 60px; font-family: FragmentMono"">CDQBXILS</p>","","","training","","","","","","","",""
"null","null","html-keyboard-response","124","151664","0.0-9.0-0.36","69cff69eb8da20e1ea8a2fbe","69d7901e3430d13455efb336","69e8e8510ffa043fcbc22498","<p style=""font-size: 60px; font-family: FragmentMono"">REAHUQHS</p>","","","training","","","","","","","",""
"null","null","html-keyboard-response","125","152666","0.0-9.0-0.37","69cff69eb8da20e1ea8a2fbe","69d7901e3430d13455efb336","69e8e8510ffa043fcbc22498","<p style=""font-size: 60px; font-family: FragmentMono"">XZQFEYX</p>","","","training","","","","","","","",""
"null","null","html-keyboard-response","126","153668","0.0-9.0-0.38","69cff69eb8da20e1ea8a2fbe","69d7901e3430d13455efb336","69e8e8510ffa043fcbc22498","<p style=""font-size: 60px; font-family: FragmentMono"">RKSFTUZ</p>","","","training","","","","","","","",""
"null","null","html-keyboard-response","127","154670","0.0-9.0-0.39","69cff69eb8da20e1ea8a2fbe","69d7901e3430d13455efb336","69e8e8510ffa043fcbc22498","<p style=""font-size: 60px; font-family: FragmentMono"">JVRUDBPG</p>","","","training","","","","","","","",""
"null","null","html-keyboard-response","128","155671","0.0-9.0-0.40","69cff69eb8da20e1ea8a2fbe","69d7901e3430d13455efb336","69e8e8510ffa043fcbc22498","<p style=""font-size: 60px; font-family: FragmentMono"">MEOFIQHS</p>","","","training","","","","","","","",""
"null","null","html-keyboard-response","129","156673","0.0-9.0-0.41","69cff69eb8da20e1ea8a2fbe","69d7901e3430d13455efb336","69e8e8510ffa043fcbc22498","<p style=""font-size: 60px; font-family: FragmentMono"">ODOIEQZ</p>","","","training","","","","","","","",""
"null","null","html-keyboard-response","130","157674","0.0-9.0-0.42","69cff69eb8da20e1ea8a2fbe","69d7901e3430d13455efb336","69e8e8510ffa043fcbc22498","<p style=""font-size: 60px; font-family: FragmentMono"">WFQNZQHS</p>","","","training","","","","","","","",""
"null","null","html-keyboard-response","131","158676","0.0-9.0-0.43","69cff69eb8da20e1ea8a2fbe","69d7901e3430d13455efb336","69e8e8510ffa043fcbc22498","<p style=""font-size: 60px; font-family: FragmentMono"">FBMNEYX</p>","","","training","","","","","","","",""
"null","null","html-keyboard-response","132","159678","0.0-9.0-0.44","69cff69eb8da20e1ea8a2fbe","69d7901e3430d13455efb336","69e8e8510ffa043fcbc22498","<p style=""font-size: 60px; font-family: FragmentMono"">HPWYEQZ</p>","","","training","","","","","","","",""
"null","null","html-keyboard-response","133","160680","0.0-9.0-0.45","69cff69eb8da20e1ea8a2fbe","69d7901e3430d13455efb336","69e8e8510ffa043fcbc22498","<p style=""font-size: 60px; font-family: FragmentMono"">PJPTIQWSN</p>","","","training","","","","","","","",""
"null","null","html-keyboard-response","134","161682","0.0-9.0-0.46","69cff69eb8da20e1ea8a2fbe","69d7901e3430d13455efb336","69e8e8510ffa043fcbc22498","<p style=""font-size: 60px; font-family: FragmentMono"">XZQFXILS</p>","","","training","","","","","","","",""
"null","null","html-keyboard-response","135","162683","0.0-9.0-0.47","69cff69eb8da20e1ea8a2fbe","69d7901e3430d13455efb336","69e8e8510ffa043fcbc22498","<p style=""font-size: 60px; font-family: FragmentMono"">HRDYVPOC</p>","","","training","","","","","","","",""
"null","null","html-keyboard-response","136","163685","0.0-9.0-0.48","69cff69eb8da20e1ea8a2fbe","69d7901e3430d13455efb336","69e8e8510ffa043fcbc22498","<p style=""font-size: 60px; font-family: FragmentMono"">UHUZEQZ</p>","","","training","","","","","","","",""
"null","null","html-keyboard-response","137","164686","0.0-9.0-0.49","69cff69eb8da20e1ea8a2fbe","69d7901e3430d13455efb336","69e8e8510ffa043fcbc22498","<p style=""font-size: 60px; font-family: FragmentMono"">XZQFQHS</p>","","","training","","","","","","","",""
"null","null","html-keyboard-response","138","165687","0.0-9.0-0.50","69cff69eb8da20e1ea8a2fbe","69d7901e3430d13455efb336","69e8e8510ffa043fcbc22498","<p style=""font-size: 60px; font-family: FragmentMono"">CDQBEYX</p>","","","training","","","","","","","",""
"null","null","html-keyboard-response","139","166689","0.0-9.0-0.51","69cff69eb8da20e1ea8a2fbe","69d7901e3430d13455efb336","69e8e8510ffa043fcbc22498","<p style=""font-size: 60px; font-family: FragmentMono"">UHUZPTP</p>","","","training","","","","","","","",""
"null","null","html-keyboard-response","140","167691","0.0-9.0-0.52","69cff69eb8da20e1ea8a2fbe","69d7901e3430d13455efb336","69e8e8510ffa043fcbc22498","<p style=""font-size: 60px; font-family: FragmentMono"">FBMNXILS</p>","","","training","","","","","","","",""
"null","null","html-keyboard-response","141","168693","0.0-9.0-0.53","69cff69eb8da20e1ea8a2fbe","69d7901e3430d13455efb336","69e8e8510ffa043fcbc22498","<p style=""font-size: 60px; font-family: FragmentMono"">RKSFEYX</p>","","","training","","","","","","","",""
"null","null","html-keyboard-response","142","169695","0.0-9.0-0.54","69cff69eb8da20e1ea8a2fbe","69d7901e3430d13455efb336","69e8e8510ffa043fcbc22498","<p style=""font-size: 60px; font-family: FragmentMono"">JVRUTSL</p>","","","training","","","","","","","",""
"null","null","html-keyboard-response","143","170697","0.0-9.0-0.55","69cff69eb8da20e1ea8a2fbe","69d7901e3430d13455efb336","69e8e8510ffa043fcbc22498","<p style=""font-size: 60px; font-family: FragmentMono"">WFQNZTUZ</p>","","","training","","","","","","","",""
"null","null","html-keyboard-response","144","171698","0.0-9.0-0.56","69cff69eb8da20e1ea8a2fbe","69d7901e3430d13455efb336","69e8e8510ffa043fcbc22498","<p style=""font-size: 60px; font-family: FragmentMono"">XZQFVPOC</p>","","","training","","","","","","","",""
"null","null","html-keyboard-response","145","172700","0.0-9.0-0.57","69cff69eb8da20e1ea8a2fbe","69d7901e3430d13455efb336","69e8e8510ffa043fcbc22498","<p style=""font-size: 60px; font-family: FragmentMono"">GQFHXQWSN</p>","","","training","","","","","","","",""
"null","null","html-keyboard-response","146","173702","0.0-9.0-0.58","69cff69eb8da20e1ea8a2fbe","69d7901e3430d13455efb336","69e8e8510ffa043fcbc22498","<p style=""font-size: 60px; font-family: FragmentMono"">RWEQMTSL</p>","","","training","","","","","","","",""
"null","null","html-keyboard-response","147","174707","0.0-9.0-0.59","69cff69eb8da20e1ea8a2fbe","69d7901e3430d13455efb336","69e8e8510ffa043fcbc22498","<p style=""font-size: 60px; font-family: FragmentMono"">FSZREYX</p>","","","training","","","","","","","",""
"null","null","html-keyboard-response","148","175709","0.0-9.0-0.60","69cff69eb8da20e1ea8a2fbe","69d7901e3430d13455efb336","69e8e8510ffa043fcbc22498","<p style=""font-size: 60px; font-family: FragmentMono"">OGPGLPTP</p>","","","training","","","","","","","",""
"null","null","html-keyboard-response","149","176711","0.0-9.0-0.61","69cff69eb8da20e1ea8a2fbe","69d7901e3430d13455efb336","69e8e8510ffa043fcbc22498","<p style=""font-size: 60px; font-family: FragmentMono"">UHUZDBPG</p>","","","training","","","","","","","",""
"null","null","html-keyboard-response","150","177713","0.0-9.0-0.62","69cff69eb8da20e1ea8a2fbe","69d7901e3430d13455efb336","69e8e8510ffa043fcbc22498","<p style=""font-size: 60px; font-family: FragmentMono"">PJPTIPTP</p>","","","training","","","","","","","",""
"null","null","html-keyboard-response","151","178714","0.0-9.0-0.63","69cff69eb8da20e1ea8a2fbe","69d7901e3430d13455efb336","69e8e8510ffa043fcbc22498","<p style=""font-size: 60px; font-family: FragmentMono"">FSZRQHS</p>","","","training","","","","","","","",""
"null","null","html-keyboard-response","152","179716","0.0-9.0-0.64","69cff69eb8da20e1ea8a2fbe","69d7901e3430d13455efb336","69e8e8510ffa043fcbc22498","<p style=""font-size: 60px; font-family: FragmentMono"">PJPTIEQZ</p>","","","training","","","","","","","",""
"null","null","html-keyboard-response","153","180718","0.0-9.0-0.65","69cff69eb8da20e1ea8a2fbe","69d7901e3430d13455efb336","69e8e8510ffa043fcbc22498","<p style=""font-size: 60px; font-family: FragmentMono"">GQFHXDBPG</p>","","","training","","","","","","","",""
"null","null","html-keyboard-response","154","181719","0.0-9.0-0.66","69cff69eb8da20e1ea8a2fbe","69d7901e3430d13455efb336","69e8e8510ffa043fcbc22498","<p style=""font-size: 60px; font-family: FragmentMono"">REAHUXILS</p>","","","training","","","","","","","",""
"null","null","html-keyboard-response","155","182721","0.0-9.0-0.67","69cff69eb8da20e1ea8a2fbe","69d7901e3430d13455efb336","69e8e8510ffa043fcbc22498","<p style=""font-size: 60px; font-family: FragmentMono"">MJWMTSL</p>","","","training","","","","","","","",""
"null","null","html-keyboard-response","156","183723","0.0-9.0-0.68","69cff69eb8da20e1ea8a2fbe","69d7901e3430d13455efb336","69e8e8510ffa043fcbc22498","<p style=""font-size: 60px; font-family: FragmentMono"">MEOFIXILS</p>","","","training","","","","","","","",""
"null","null","html-keyboard-response","157","184726","0.0-9.0-0.69","69cff69eb8da20e1ea8a2fbe","69d7901e3430d13455efb336","69e8e8510ffa043fcbc22498","<p style=""font-size: 60px; font-family: FragmentMono"">RWEQMPTP</p>","","","training","","","","","","","",""
"null","null","html-keyboard-response","158","185726","0.0-9.0-0.70","69cff69eb8da20e1ea8a2fbe","69d7901e3430d13455efb336","69e8e8510ffa043fcbc22498","<p style=""font-size: 60px; font-family: FragmentMono"">REAHUTUZ</p>","","","training","","","","","","","",""
"null","null","html-keyboard-response","159","186728","0.0-9.0-0.71","69cff69eb8da20e1ea8a2fbe","69d7901e3430d13455efb336","69e8e8510ffa043fcbc22498","<p style=""font-size: 60px; font-family: FragmentMono"">PBIQUEQZ</p>","","","training","","","","","","","",""
"null","null","html-keyboard-response","160","187729","0.0-9.0-0.72","69cff69eb8da20e1ea8a2fbe","69d7901e3430d13455efb336","69e8e8510ffa043fcbc22498","<p style=""font-size: 60px; font-family: FragmentMono"">VJGQJTUZ</p>","","","training","","","","","","","",""
"null","null","html-keyboard-response","161","188732","0.0-9.0-0.73","69cff69eb8da20e1ea8a2fbe","69d7901e3430d13455efb336","69e8e8510ffa043fcbc22498","<p style=""font-size: 60px; font-family: FragmentMono"">PJPTIDBPG</p>","","","training","","","","","","","",""
"null","null","html-keyboard-response","162","189733","0.0-9.0-0.74","69cff69eb8da20e1ea8a2fbe","69d7901e3430d13455efb336","69e8e8510ffa043fcbc22498","<p style=""font-size: 60px; font-family: FragmentMono"">HPWYTSL</p>","","","training","","","","","","","",""
"null","null","html-keyboard-response","163","190735","0.0-9.0-0.75","69cff69eb8da20e1ea8a2fbe","69d7901e3430d13455efb336","69e8e8510ffa043fcbc22498","<p style=""font-size: 60px; font-family: FragmentMono"">MEOFITUZ</p>","","","training","","","","","","","",""
"null","null","html-keyboard-response","164","191736","0.0-9.0-0.76","69cff69eb8da20e1ea8a2fbe","69d7901e3430d13455efb336","69e8e8510ffa043fcbc22498","<p style=""font-size: 60px; font-family: FragmentMono"">PBIQUQWSN</p>","","","training","","","","","","","",""
"null","null","html-keyboard-response","165","192738","0.0-9.0-0.77","69cff69eb8da20e1ea8a2fbe","69d7901e3430d13455efb336","69e8e8510ffa043fcbc22498","<p style=""font-size: 60px; font-family: FragmentMono"">VJGQJEYX</p>","","","training","","","","","","","",""
"null","null","html-keyboard-response","166","193740","0.0-9.0-0.78","69cff69eb8da20e1ea8a2fbe","69d7901e3430d13455efb336","69e8e8510ffa043fcbc22498","<p style=""font-size: 60px; font-family: FragmentMono"">FSZRVPOC</p>","","","training","","","","","","","",""
"null","null","html-keyboard-response","167","194741","0.0-9.0-0.79","69cff69eb8da20e1ea8a2fbe","69d7901e3430d13455efb336","69e8e8510ffa043fcbc22498","<p style=""font-size: 60px; font-family: FragmentMono"">OGPGLEQZ</p>","","","training","","","","","","","",""
"4803"," ","html-keyboard-response","168","199544","0.0-10.0","69cff69eb8da20e1ea8a2fbe","69d7901e3430d13455efb336","69e8e8510ffa043fcbc22498","<p style=""font-size: 30px"">Great, you've seen the second block of words. You may now take a short break.</p>
      <p style=""font-size: 30px"">Press the spacebar when you're ready to continue.</p>","","","","","","","","","","",""
"null","null","html-keyboard-response","169","200548","0.0-11.0-0.0","69cff69eb8da20e1ea8a2fbe","69d7901e3430d13455efb336","69e8e8510ffa043fcbc22498","<p style=""font-size: 60px; font-family: FragmentMono"">FSZREYX</p>","","","training","","","","","","","",""
"null","null","html-keyboard-response","170","201549","0.0-11.0-0.1","69cff69eb8da20e1ea8a2fbe","69d7901e3430d13455efb336","69e8e8510ffa043fcbc22498","<p style=""font-size: 60px; font-family: FragmentMono"">PBIQUPTP</p>","","","training","","","","","","","",""
"null","null","html-keyboard-response","171","202550","0.0-11.0-0.2","69cff69eb8da20e1ea8a2fbe","69d7901e3430d13455efb336","69e8e8510ffa043fcbc22498","<p style=""font-size: 60px; font-family: FragmentMono"">ODOIDBPG</p>","","","training","","","","","","","",""
"null","null","html-keyboard-response","172","203553","0.0-11.0-0.3","69cff69eb8da20e1ea8a2fbe","69d7901e3430d13455efb336","69e8e8510ffa043fcbc22498","<p style=""font-size: 60px; font-family: FragmentMono"">VJGQJTUZ</p>","","","training","","","","","","","",""
"null","null","html-keyboard-response","173","204558","0.0-11.0-0.4","69cff69eb8da20e1ea8a2fbe","69d7901e3430d13455efb336","69e8e8510ffa043fcbc22498","<p style=""font-size: 60px; font-family: FragmentMono"">OGPGLDBPG</p>","","","training","","","","","","","",""
"null","null","html-keyboard-response","174","205561","0.0-11.0-0.5","69cff69eb8da20e1ea8a2fbe","69d7901e3430d13455efb336","69e8e8510ffa043fcbc22498","<p style=""font-size: 60px; font-family: FragmentMono"">WFQNZVPOC</p>","","","training","","","","","","","",""
"null","null","html-keyboard-response","175","206563","0.0-11.0-0.6","69cff69eb8da20e1ea8a2fbe","69d7901e3430d13455efb336","69e8e8510ffa043fcbc22498","<p style=""font-size: 60px; font-family: FragmentMono"">JVRUEQZ</p>","","","training","","","","","","","",""
"null","null","html-keyboard-response","176","207564","0.0-11.0-0.7","69cff69eb8da20e1ea8a2fbe","69d7901e3430d13455efb336","69e8e8510ffa043fcbc22498","<p style=""font-size: 60px; font-family: FragmentMono"">HPWYTSL</p>","","","training","","","","","","","",""
"null","null","html-keyboard-response","177","208564","0.0-11.0-0.8","69cff69eb8da20e1ea8a2fbe","69d7901e3430d13455efb336","69e8e8510ffa043fcbc22498","<p style=""font-size: 60px; font-family: FragmentMono"">CDQBXILS</p>","","","training","","","","","","","",""
"null","null","html-keyboard-response","178","209568","0.0-11.0-0.9","69cff69eb8da20e1ea8a2fbe","69d7901e3430d13455efb336","69e8e8510ffa043fcbc22498","<p style=""font-size: 60px; font-family: FragmentMono"">MJWMEQZ</p>","","","training","","","","","","","",""
"null","null","html-keyboard-response","179","210568","0.0-11.0-0.10","69cff69eb8da20e1ea8a2fbe","69d7901e3430d13455efb336","69e8e8510ffa043fcbc22498","<p style=""font-size: 60px; font-family: FragmentMono"">RKSFXILS</p>","","","training","","","","","","","",""
"null","null","html-keyboard-response","180","211570","0.0-11.0-0.11","69cff69eb8da20e1ea8a2fbe","69d7901e3430d13455efb336","69e8e8510ffa043fcbc22498","<p style=""font-size: 60px; font-family: FragmentMono"">PBIQUTSL</p>","","","training","","","","","","","",""
"null","null","html-keyboard-response","181","212571","0.0-11.0-0.12","69cff69eb8da20e1ea8a2fbe","69d7901e3430d13455efb336","69e8e8510ffa043fcbc22498","<p style=""font-size: 60px; font-family: FragmentMono"">XZQFEYX</p>","","","training","","","","","","","",""
"null","null","html-keyboard-response","182","213573","0.0-11.0-0.13","69cff69eb8da20e1ea8a2fbe","69d7901e3430d13455efb336","69e8e8510ffa043fcbc22498","<p style=""font-size: 60px; font-family: FragmentMono"">GQFHXTSL</p>","","","training","","","","","","","",""
"null","null","html-keyboard-response","183","214576","0.0-11.0-0.14","69cff69eb8da20e1ea8a2fbe","69d7901e3430d13455efb336","69e8e8510ffa043fcbc22498","<p style=""font-size: 60px; font-family: FragmentMono"">RKSFEYX</p>","","","training","","","","","","","",""
"null","null","html-keyboard-response","184","215577","0.0-11.0-0.15","69cff69eb8da20e1ea8a2fbe","69d7901e3430d13455efb336","69e8e8510ffa043fcbc22498","<p style=""font-size: 60px; font-family: FragmentMono"">HPWYEQZ</p>","","","training","","","","","","","",""
"null","null","html-keyboard-response","185","216578","0.0-11.0-0.16","69cff69eb8da20e1ea8a2fbe","69d7901e3430d13455efb336","69e8e8510ffa043fcbc22498","<p style=""font-size: 60px; font-family: FragmentMono"">RWEQMPTP</p>","","","training","","","","","","","",""
"null","null","html-keyboard-response","186","217580","0.0-11.0-0.17","69cff69eb8da20e1ea8a2fbe","69d7901e3430d13455efb336","69e8e8510ffa043fcbc22498","<p style=""font-size: 60px; font-family: FragmentMono"">FBMNEYX</p>","","","training","","","","","","","",""
"null","null","html-keyboard-response","187","218582","0.0-11.0-0.18","69cff69eb8da20e1ea8a2fbe","69d7901e3430d13455efb336","69e8e8510ffa043fcbc22498","<p style=""font-size: 60px; font-family: FragmentMono"">REAHUTUZ</p>","","","training","","","","","","","",""
"null","null","html-keyboard-response","188","219583","0.0-11.0-0.19","69cff69eb8da20e1ea8a2fbe","69d7901e3430d13455efb336","69e8e8510ffa043fcbc22498","<p style=""font-size: 60px; font-family: FragmentMono"">RWEQMTSL</p>","","","training","","","","","","","",""
"null","null","html-keyboard-response","189","220586","0.0-11.0-0.20","69cff69eb8da20e1ea8a2fbe","69d7901e3430d13455efb336","69e8e8510ffa043fcbc22498","<p style=""font-size: 60px; font-family: FragmentMono"">MEOFITUZ</p>","","","training","","","","","","","",""
"null","null","html-keyboard-response","190","221587","0.0-11.0-0.21","69cff69eb8da20e1ea8a2fbe","69d7901e3430d13455efb336","69e8e8510ffa043fcbc22498","<p style=""font-size: 60px; font-family: FragmentMono"">UHUZTSL</p>","","","training","","","","","","","",""
"null","null","html-keyboard-response","191","222588","0.0-11.0-0.22","69cff69eb8da20e1ea8a2fbe","69d7901e3430d13455efb336","69e8e8510ffa043fcbc22498","<p style=""font-size: 60px; font-family: FragmentMono"">CDQBVPOC</p>","","","training","","","","","","","",""
"null","null","html-keyboard-response","192","223591","0.0-11.0-0.23","69cff69eb8da20e1ea8a2fbe","69d7901e3430d13455efb336","69e8e8510ffa043fcbc22498","<p style=""font-size: 60px; font-family: FragmentMono"">FBMNQHS</p>","","","training","","","","","","","",""
"null","null","html-keyboard-response","193","224593","0.0-11.0-0.24","69cff69eb8da20e1ea8a2fbe","69d7901e3430d13455efb336","69e8e8510ffa043fcbc22498","<p style=""font-size: 60px; font-family: FragmentMono"">ODOIEQZ</p>","","","training","","","","","","","",""
"null","null","html-keyboard-response","194","225594","0.0-11.0-0.25","69cff69eb8da20e1ea8a2fbe","69d7901e3430d13455efb336","69e8e8510ffa043fcbc22498","<p style=""font-size: 60px; font-family: FragmentMono"">PJPTIQWSN</p>","","","training","","","","","","","",""
"null","null","html-keyboard-response","195","226596","0.0-11.0-0.26","69cff69eb8da20e1ea8a2fbe","69d7901e3430d13455efb336","69e8e8510ffa043fcbc22498","<p style=""font-size: 60px; font-family: FragmentMono"">JVRUTSL</p>","","","training","","","","","","","",""
"null","null","html-keyboard-response","196","227597","0.0-11.0-0.27","69cff69eb8da20e1ea8a2fbe","69d7901e3430d13455efb336","69e8e8510ffa043fcbc22498","<p style=""font-size: 60px; font-family: FragmentMono"">FBMNXILS</p>","","","training","","","","","","","",""
"null","null","html-keyboard-response","197","228600","0.0-11.0-0.28","69cff69eb8da20e1ea8a2fbe","69d7901e3430d13455efb336","69e8e8510ffa043fcbc22498","<p style=""font-size: 60px; font-family: FragmentMono"">GQFHXQWSN</p>","","","training","","","","","","","",""
"null","null","html-keyboard-response","198","229601","0.0-11.0-0.29","69cff69eb8da20e1ea8a2fbe","69d7901e3430d13455efb336","69e8e8510ffa043fcbc22498","<p style=""font-size: 60px; font-family: FragmentMono"">VJGQJEYX</p>","","","training","","","","","","","",""
"null","null","html-keyboard-response","199","230603","0.0-11.0-0.30","69cff69eb8da20e1ea8a2fbe","69d7901e3430d13455efb336","69e8e8510ffa043fcbc22498","<p style=""font-size: 60px; font-family: FragmentMono"">UHUZEQZ</p>","","","training","","","","","","","",""
"null","null","html-keyboard-response","200","231604","0.0-11.0-0.31","69cff69eb8da20e1ea8a2fbe","69d7901e3430d13455efb336","69e8e8510ffa043fcbc22498","<p style=""font-size: 60px; font-family: FragmentMono"">HRDYVPOC</p>","","","training","","","","","","","",""
"null","null","html-keyboard-response","201","232606","0.0-11.0-0.32","69cff69eb8da20e1ea8a2fbe","69d7901e3430d13455efb336","69e8e8510ffa043fcbc22498","<p style=""font-size: 60px; font-family: FragmentMono"">XZQFXILS</p>","","","training","","","","","","","",""
"null","null","html-keyboard-response","202","233608","0.0-11.0-0.33","69cff69eb8da20e1ea8a2fbe","69d7901e3430d13455efb336","69e8e8510ffa043fcbc22498","<p style=""font-size: 60px; font-family: FragmentMono"">GQFHXPTP</p>","","","training","","","","","","","",""
"null","null","html-keyboard-response","203","234609","0.0-11.0-0.34","69cff69eb8da20e1ea8a2fbe","69d7901e3430d13455efb336","69e8e8510ffa043fcbc22498","<p style=""font-size: 60px; font-family: FragmentMono"">RWEQMDBPG</p>","","","training","","","","","","","",""
"null","null","html-keyboard-response","204","235611","0.0-11.0-0.35","69cff69eb8da20e1ea8a2fbe","69d7901e3430d13455efb336","69e8e8510ffa043fcbc22498","<p style=""font-size: 60px; font-family: FragmentMono"">REAHUVPOC</p>","","","training","","","","","","","",""
"null","null","html-keyboard-response","205","236612","0.0-11.0-0.36","69cff69eb8da20e1ea8a2fbe","69d7901e3430d13455efb336","69e8e8510ffa043fcbc22498","<p style=""font-size: 60px; font-family: FragmentMono"">MEOFIEYX</p>","","","training","","","","","","","",""
"null","null","html-keyboard-response","206","237614","0.0-11.0-0.37","69cff69eb8da20e1ea8a2fbe","69d7901e3430d13455efb336","69e8e8510ffa043fcbc22498","<p style=""font-size: 60px; font-family: FragmentMono"">MJWMTSL</p>","","","training","","","","","","","",""
"null","null","html-keyboard-response","207","238616","0.0-11.0-0.38","69cff69eb8da20e1ea8a2fbe","69d7901e3430d13455efb336","69e8e8510ffa043fcbc22498","<p style=""font-size: 60px; font-family: FragmentMono"">MEOFIQHS</p>","","","training","","","","","","","",""
"null","null","html-keyboard-response","208","239617","0.0-11.0-0.39","69cff69eb8da20e1ea8a2fbe","69d7901e3430d13455efb336","69e8e8510ffa043fcbc22498","<p style=""font-size: 60px; font-family: FragmentMono"">UHUZPTP</p>","","","training","","","","","","","",""
"null","null","html-keyboard-response","209","240619","0.0-11.0-0.40","69cff69eb8da20e1ea8a2fbe","69d7901e3430d13455efb336","69e8e8510ffa043fcbc22498","<p style=""font-size: 60px; font-family: FragmentMono"">VJGQJVPOC</p>","","","training","","","","","","","",""
"null","null","html-keyboard-response","210","241621","0.0-11.0-0.41","69cff69eb8da20e1ea8a2fbe","69d7901e3430d13455efb336","69e8e8510ffa043fcbc22498","<p style=""font-size: 60px; font-family: FragmentMono"">GQFHXDBPG</p>","","","training","","","","","","","",""
"null","null","html-keyboard-response","211","242622","0.0-11.0-0.42","69cff69eb8da20e1ea8a2fbe","69d7901e3430d13455efb336","69e8e8510ffa043fcbc22498","<p style=""font-size: 60px; font-family: FragmentMono"">HRDYXILS</p>","","","training","","","","","","","",""
"null","null","html-keyboard-response","212","243623","0.0-11.0-0.43","69cff69eb8da20e1ea8a2fbe","69d7901e3430d13455efb336","69e8e8510ffa043fcbc22498","<p style=""font-size: 60px; font-family: FragmentMono"">WFQNZQHS</p>","","","training","","","","","","","",""
"null","null","html-keyboard-response","213","244626","0.0-11.0-0.44","69cff69eb8da20e1ea8a2fbe","69d7901e3430d13455efb336","69e8e8510ffa043fcbc22498","<p style=""font-size: 60px; font-family: FragmentMono"">OGPGLEQZ</p>","","","training","","","","","","","",""
"null","null","html-keyboard-response","214","245628","0.0-11.0-0.45","69cff69eb8da20e1ea8a2fbe","69d7901e3430d13455efb336","69e8e8510ffa043fcbc22498","<p style=""font-size: 60px; font-family: FragmentMono"">HRDYTUZ</p>","","","training","","","","","","","",""
"null","null","html-keyboard-response","215","246630","0.0-11.0-0.46","69cff69eb8da20e1ea8a2fbe","69d7901e3430d13455efb336","69e8e8510ffa043fcbc22498","<p style=""font-size: 60px; font-family: FragmentMono"">OGPGLQWSN</p>","","","training","","","","","","","",""
"null","null","html-keyboard-response","216","247631","0.0-11.0-0.47","69cff69eb8da20e1ea8a2fbe","69d7901e3430d13455efb336","69e8e8510ffa043fcbc22498","<p style=""font-size: 60px; font-family: FragmentMono"">JVRUDBPG</p>","","","training","","","","","","","",""
"null","null","html-keyboard-response","217","248633","0.0-11.0-0.48","69cff69eb8da20e1ea8a2fbe","69d7901e3430d13455efb336","69e8e8510ffa043fcbc22498","<p style=""font-size: 60px; font-family: FragmentMono"">MEOFIXILS</p>","","","training","","","","","","","",""
"null","null","html-keyboard-response","218","249635","0.0-11.0-0.49","69cff69eb8da20e1ea8a2fbe","69d7901e3430d13455efb336","69e8e8510ffa043fcbc22498","<p style=""font-size: 60px; font-family: FragmentMono"">RKSFQHS</p>","","","training","","","","","","","",""
"null","null","html-keyboard-response","219","250636","0.0-11.0-0.50","69cff69eb8da20e1ea8a2fbe","69d7901e3430d13455efb336","69e8e8510ffa043fcbc22498","<p style=""font-size: 60px; font-family: FragmentMono"">PBIQUEQZ</p>","","","training","","","","","","","",""
"null","null","html-keyboard-response","220","251639","0.0-11.0-0.51","69cff69eb8da20e1ea8a2fbe","69d7901e3430d13455efb336","69e8e8510ffa043fcbc22498","<p style=""font-size: 60px; font-family: FragmentMono"">WFQNZEYX</p>","","","training","","","","","","","",""
"null","null","html-keyboard-response","221","252640","0.0-11.0-0.52","69cff69eb8da20e1ea8a2fbe","69d7901e3430d13455efb336","69e8e8510ffa043fcbc22498","<p style=""font-size: 60px; font-family: FragmentMono"">VJGQJXILS</p>","","","training","","","","","","","",""
"null","null","html-keyboard-response","222","253641","0.0-11.0-0.53","69cff69eb8da20e1ea8a2fbe","69d7901e3430d13455efb336","69e8e8510ffa043fcbc22498","<p style=""font-size: 60px; font-family: FragmentMono"">RWEQMQWSN</p>","","","training","","","","","","","",""
"null","null","html-keyboard-response","223","254644","0.0-11.0-0.54","69cff69eb8da20e1ea8a2fbe","69d7901e3430d13455efb336","69e8e8510ffa043fcbc22498","<p style=""font-size: 60px; font-family: FragmentMono"">HRDYQHS</p>","","","training","","","","","","","",""
"null","null","html-keyboard-response","224","255645","0.0-11.0-0.55","69cff69eb8da20e1ea8a2fbe","69d7901e3430d13455efb336","69e8e8510ffa043fcbc22498","<p style=""font-size: 60px; font-family: FragmentMono"">PBIQUQWSN</p>","","","training","","","","","","","",""
"null","null","html-keyboard-response","225","256646","0.0-11.0-0.56","69cff69eb8da20e1ea8a2fbe","69d7901e3430d13455efb336","69e8e8510ffa043fcbc22498","<p style=""font-size: 60px; font-family: FragmentMono"">CDQBEYX</p>","","","training","","","","","","","",""
"null","null","html-keyboard-response","226","257648","0.0-11.0-0.57","69cff69eb8da20e1ea8a2fbe","69d7901e3430d13455efb336","69e8e8510ffa043fcbc22498","<p style=""font-size: 60px; font-family: FragmentMono"">FSZRTUZ</p>","","","training","","","","","","","",""
"null","null","html-keyboard-response","227","258650","0.0-11.0-0.58","69cff69eb8da20e1ea8a2fbe","69d7901e3430d13455efb336","69e8e8510ffa043fcbc22498","<p style=""font-size: 60px; font-family: FragmentMono"">MJWMPTP</p>","","","training","","","","","","","",""
"null","null","html-keyboard-response","228","259651","0.0-11.0-0.59","69cff69eb8da20e1ea8a2fbe","69d7901e3430d13455efb336","69e8e8510ffa043fcbc22498","<p style=""font-size: 60px; font-family: FragmentMono"">RKSFTUZ</p>","","","training","","","","","","","",""
"null","null","html-keyboard-response","229","260653","0.0-11.0-0.60","69cff69eb8da20e1ea8a2fbe","69d7901e3430d13455efb336","69e8e8510ffa043fcbc22498","<p style=""font-size: 60px; font-family: FragmentMono"">ODOITSL</p>","","","training","","","","","","","",""
"null","null","html-keyboard-response","230","261655","0.0-11.0-0.61","69cff69eb8da20e1ea8a2fbe","69d7901e3430d13455efb336","69e8e8510ffa043fcbc22498","<p style=""font-size: 60px; font-family: FragmentMono"">XZQFQHS</p>","","","training","","","","","","","",""
"null","null","html-keyboard-response","231","262656","0.0-11.0-0.62","69cff69eb8da20e1ea8a2fbe","69d7901e3430d13455efb336","69e8e8510ffa043fcbc22498","<p style=""font-size: 60px; font-family: FragmentMono"">PJPTIDBPG</p>","","","training","","","","","","","",""
"null","null","html-keyboard-response","232","263658","0.0-11.0-0.63","69cff69eb8da20e1ea8a2fbe","69d7901e3430d13455efb336","69e8e8510ffa043fcbc22498","<p style=""font-size: 60px; font-family: FragmentMono"">MJWMQWSN</p>","","","training","","","","","","","",""
"null","null","html-keyboard-response","233","264660","0.0-11.0-0.64","69cff69eb8da20e1ea8a2fbe","69d7901e3430d13455efb336","69e8e8510ffa043fcbc22498","<p style=""font-size: 60px; font-family: FragmentMono"">REAHUQHS</p>","","","training","","","","","","","",""
"null","null","html-keyboard-response","234","265661","0.0-11.0-0.65","69cff69eb8da20e1ea8a2fbe","69d7901e3430d13455efb336","69e8e8510ffa043fcbc22498","<p style=""font-size: 60px; font-family: FragmentMono"">OGPGLPTP</p>","","","training","","","","","","","",""
"null","null","html-keyboard-response","235","266663","0.0-11.0-0.66","69cff69eb8da20e1ea8a2fbe","69d7901e3430d13455efb336","69e8e8510ffa043fcbc22498","<p style=""font-size: 60px; font-family: FragmentMono"">REAHUXILS</p>","","","training","","","","","","","",""
"null","null","html-keyboard-response","236","267665","0.0-11.0-0.67","69cff69eb8da20e1ea8a2fbe","69d7901e3430d13455efb336","69e8e8510ffa043fcbc22498","<p style=""font-size: 60px; font-family: FragmentMono"">PJPTIPTP</p>","","","training","","","","","","","",""
"null","null","html-keyboard-response","237","268667","0.0-11.0-0.68","69cff69eb8da20e1ea8a2fbe","69d7901e3430d13455efb336","69e8e8510ffa043fcbc22498","<p style=""font-size: 60px; font-family: FragmentMono"">WFQNZTUZ</p>","","","training","","","","","","","",""
"null","null","html-keyboard-response","238","269669","0.0-11.0-0.69","69cff69eb8da20e1ea8a2fbe","69d7901e3430d13455efb336","69e8e8510ffa043fcbc22498","<p style=""font-size: 60px; font-family: FragmentMono"">JVRUPTP</p>","","","training","","","","","","","",""
"null","null","html-keyboard-response","239","270671","0.0-11.0-0.70","69cff69eb8da20e1ea8a2fbe","69d7901e3430d13455efb336","69e8e8510ffa043fcbc22498","<p style=""font-size: 60px; font-family: FragmentMono"">PJPTIEQZ</p>","","","training","","","","","","","",""
"null","null","html-keyboard-response","240","271672","0.0-11.0-0.71","69cff69eb8da20e1ea8a2fbe","69d7901e3430d13455efb336","69e8e8510ffa043fcbc22498","<p style=""font-size: 60px; font-family: FragmentMono"">UHUZDBPG</p>","","","training","","","","","","","",""
"null","null","html-keyboard-response","241","272674","0.0-11.0-0.72","69cff69eb8da20e1ea8a2fbe","69d7901e3430d13455efb336","69e8e8510ffa043fcbc22498","<p style=""font-size: 60px; font-family: FragmentMono"">HPWYQWSN</p>","","","training","","","","","","","",""
"null","null","html-keyboard-response","242","273675","0.0-11.0-0.73","69cff69eb8da20e1ea8a2fbe","69d7901e3430d13455efb336","69e8e8510ffa043fcbc22498","<p style=""font-size: 60px; font-family: FragmentMono"">FSZRVPOC</p>","","","training","","","","","","","",""
"null","null","html-keyboard-response","243","274677","0.0-11.0-0.74","69cff69eb8da20e1ea8a2fbe","69d7901e3430d13455efb336","69e8e8510ffa043fcbc22498","<p style=""font-size: 60px; font-family: FragmentMono"">HPWYDBPG</p>","","","training","","","","","","","",""
"null","null","html-keyboard-response","244","275679","0.0-11.0-0.75","69cff69eb8da20e1ea8a2fbe","69d7901e3430d13455efb336","69e8e8510ffa043fcbc22498","<p style=""font-size: 60px; font-family: FragmentMono"">FBMNVPOC</p>","","","training","","","","","","","",""
"null","null","html-keyboard-response","245","276680","0.0-11.0-0.76","69cff69eb8da20e1ea8a2fbe","69d7901e3430d13455efb336","69e8e8510ffa043fcbc22498","<p style=""font-size: 60px; font-family: FragmentMono"">FSZRQHS</p>","","","training","","","","","","","",""
"null","null","html-keyboard-response","246","277682","0.0-11.0-0.77","69cff69eb8da20e1ea8a2fbe","69d7901e3430d13455efb336","69e8e8510ffa043fcbc22498","<p style=""font-size: 60px; font-family: FragmentMono"">CDQBTUZ</p>","","","training","","","","","","","",""
"null","null","html-keyboard-response","247","278684","0.0-11.0-0.78","69cff69eb8da20e1ea8a2fbe","69d7901e3430d13455efb336","69e8e8510ffa043fcbc22498","<p style=""font-size: 60px; font-family: FragmentMono"">XZQFVPOC</p>","","","training","","","","","","","",""
"null","null","html-keyboard-response","248","279685","0.0-11.0-0.79","69cff69eb8da20e1ea8a2fbe","69d7901e3430d13455efb336","69e8e8510ffa043fcbc22498","<p style=""font-size: 60px; font-family: FragmentMono"">ODOIQWSN</p>","","","training","","","","","","","",""
"2280"," ","html-keyboard-response","249","281966","0.0-12.0","69cff69eb8da20e1ea8a2fbe","69d7901e3430d13455efb336","69e8e8510ffa043fcbc22498","<p style=""font-size: 30px"">Great, you've seen the third block of words. You may now take a short break.</p>
      <p style=""font-size: 30px"">Press the spacebar when you're ready to continue.</p>","","","","","","","","","","",""
"null","null","html-keyboard-response","250","282968","0.0-13.0-0.0","69cff69eb8da20e1ea8a2fbe","69d7901e3430d13455efb336","69e8e8510ffa043fcbc22498","<p style=""font-size: 60px; font-family: FragmentMono"">XZQFVPOC</p>","","","training","","","","","","","",""
"null","null","html-keyboard-response","251","283972","0.0-13.0-0.1","69cff69eb8da20e1ea8a2fbe","69d7901e3430d13455efb336","69e8e8510ffa043fcbc22498","<p style=""font-size: 60px; font-family: FragmentMono"">HPWYTSL</p>","","","training","","","","","","","",""
"null","null","html-keyboard-response","252","284974","0.0-13.0-0.2","69cff69eb8da20e1ea8a2fbe","69d7901e3430d13455efb336","69e8e8510ffa043fcbc22498","<p style=""font-size: 60px; font-family: FragmentMono"">VJGQJTUZ</p>","","","training","","","","","","","",""
"null","null","html-keyboard-response","253","285975","0.0-13.0-0.3","69cff69eb8da20e1ea8a2fbe","69d7901e3430d13455efb336","69e8e8510ffa043fcbc22498","<p style=""font-size: 60px; font-family: FragmentMono"">XZQFQHS</p>","","","training","","","","","","","",""
"null","null","html-keyboard-response","254","286977","0.0-13.0-0.4","69cff69eb8da20e1ea8a2fbe","69d7901e3430d13455efb336","69e8e8510ffa043fcbc22498","<p style=""font-size: 60px; font-family: FragmentMono"">CDQBTUZ</p>","","","training","","","","","","","",""
"null","null","html-keyboard-response","255","287979","0.0-13.0-0.5","69cff69eb8da20e1ea8a2fbe","69d7901e3430d13455efb336","69e8e8510ffa043fcbc22498","<p style=""font-size: 60px; font-family: FragmentMono"">UHUZDBPG</p>","","","training","","","","","","","",""
"null","null","html-keyboard-response","256","288982","0.0-13.0-0.6","69cff69eb8da20e1ea8a2fbe","69d7901e3430d13455efb336","69e8e8510ffa043fcbc22498","<p style=""font-size: 60px; font-family: FragmentMono"">WFQNZQHS</p>","","","training","","","","","","","",""
"null","null","html-keyboard-response","257","289986","0.0-13.0-0.7","69cff69eb8da20e1ea8a2fbe","69d7901e3430d13455efb336","69e8e8510ffa043fcbc22498","<p style=""font-size: 60px; font-family: FragmentMono"">UHUZEQZ</p>","","","training","","","","","","","",""
"null","null","html-keyboard-response","258","290988","0.0-13.0-0.8","69cff69eb8da20e1ea8a2fbe","69d7901e3430d13455efb336","69e8e8510ffa043fcbc22498","<p style=""font-size: 60px; font-family: FragmentMono"">FSZRTUZ</p>","","","training","","","","","","","",""
"null","null","html-keyboard-response","259","291990","0.0-13.0-0.9","69cff69eb8da20e1ea8a2fbe","69d7901e3430d13455efb336","69e8e8510ffa043fcbc22498","<p style=""font-size: 60px; font-family: FragmentMono"">GQFHXPTP</p>","","","training","","","","","","","",""
"null","null","html-keyboard-response","260","292991","0.0-13.0-0.10","69cff69eb8da20e1ea8a2fbe","69d7901e3430d13455efb336","69e8e8510ffa043fcbc22498","<p style=""font-size: 60px; font-family: FragmentMono"">CDQBVPOC</p>","","","training","","","","","","","",""
"null","null","html-keyboard-response","261","293993","0.0-13.0-0.11","69cff69eb8da20e1ea8a2fbe","69d7901e3430d13455efb336","69e8e8510ffa043fcbc22498","<p style=""font-size: 60px; font-family: FragmentMono"">XZQFXILS</p>","","","training","","","","","","","",""
"null","null","html-keyboard-response","262","294995","0.0-13.0-0.12","69cff69eb8da20e1ea8a2fbe","69d7901e3430d13455efb336","69e8e8510ffa043fcbc22498","<p style=""font-size: 60px; font-family: FragmentMono"">PBIQUQWSN</p>","","","training","","","","","","","",""
"null","null","html-keyboard-response","263","295996","0.0-13.0-0.13","69cff69eb8da20e1ea8a2fbe","69d7901e3430d13455efb336","69e8e8510ffa043fcbc22498","<p style=""font-size: 60px; font-family: FragmentMono"">RWEQMDBPG</p>","","","training","","","","","","","",""
"null","null","html-keyboard-response","264","296998","0.0-13.0-0.14","69cff69eb8da20e1ea8a2fbe","69d7901e3430d13455efb336","69e8e8510ffa043fcbc22498","<p style=""font-size: 60px; font-family: FragmentMono"">MJWMEQZ</p>","","","training","","","","","","","",""
"null","null","html-keyboard-response","265","297998","0.0-13.0-0.15","69cff69eb8da20e1ea8a2fbe","69d7901e3430d13455efb336","69e8e8510ffa043fcbc22498","<p style=""font-size: 60px; font-family: FragmentMono"">MEOFIXILS</p>","","","training","","","","","","","",""
"null","null","html-keyboard-response","266","299001","0.0-13.0-0.16","69cff69eb8da20e1ea8a2fbe","69d7901e3430d13455efb336","69e8e8510ffa043fcbc22498","<p style=""font-size: 60px; font-family: FragmentMono"">VJGQJVPOC</p>","","","training","","","","","","","",""
"null","null","html-keyboard-response","267","300003","0.0-13.0-0.17","69cff69eb8da20e1ea8a2fbe","69d7901e3430d13455efb336","69e8e8510ffa043fcbc22498","<p style=""font-size: 60px; font-family: FragmentMono"">MJWMTSL</p>","","","training","","","","","","","",""
"null","null","html-keyboard-response","268","301005","0.0-13.0-0.18","69cff69eb8da20e1ea8a2fbe","69d7901e3430d13455efb336","69e8e8510ffa043fcbc22498","<p style=""font-size: 60px; font-family: FragmentMono"">FSZRVPOC</p>","","","training","","","","","","","",""
"null","null","html-keyboard-response","269","302006","0.0-13.0-0.19","69cff69eb8da20e1ea8a2fbe","69d7901e3430d13455efb336","69e8e8510ffa043fcbc22498","<p style=""font-size: 60px; font-family: FragmentMono"">FBMNXILS</p>","","","training","","","","","","","",""
"null","null","html-keyboard-response","270","303008","0.0-13.0-0.20","69cff69eb8da20e1ea8a2fbe","69d7901e3430d13455efb336","69e8e8510ffa043fcbc22498","<p style=""font-size: 60px; font-family: FragmentMono"">PJPTIDBPG</p>","","","training","","","","","","","",""
"null","null","html-keyboard-response","271","304009","0.0-13.0-0.21","69cff69eb8da20e1ea8a2fbe","69d7901e3430d13455efb336","69e8e8510ffa043fcbc22498","<p style=""font-size: 60px; font-family: FragmentMono"">RKSFQHS</p>","","","training","","","","","","","",""
"null","null","html-keyboard-response","272","305012","0.0-13.0-0.22","69cff69eb8da20e1ea8a2fbe","69d7901e3430d13455efb336","69e8e8510ffa043fcbc22498","<p style=""font-size: 60px; font-family: FragmentMono"">JVRUDBPG</p>","","","training","","","","","","","",""
"null","null","html-keyboard-response","273","306012","0.0-13.0-0.23","69cff69eb8da20e1ea8a2fbe","69d7901e3430d13455efb336","69e8e8510ffa043fcbc22498","<p style=""font-size: 60px; font-family: FragmentMono"">PBIQUEQZ</p>","","","training","","","","","","","",""
"null","null","html-keyboard-response","274","307015","0.0-13.0-0.24","69cff69eb8da20e1ea8a2fbe","69d7901e3430d13455efb336","69e8e8510ffa043fcbc22498","<p style=""font-size: 60px; font-family: FragmentMono"">FBMNVPOC</p>","","","training","","","","","","","",""
"null","null","html-keyboard-response","275","308017","0.0-13.0-0.25","69cff69eb8da20e1ea8a2fbe","69d7901e3430d13455efb336","69e8e8510ffa043fcbc22498","<p style=""font-size: 60px; font-family: FragmentMono"">OGPGLPTP</p>","","","training","","","","","","","",""
"null","null","html-keyboard-response","276","309018","0.0-13.0-0.26","69cff69eb8da20e1ea8a2fbe","69d7901e3430d13455efb336","69e8e8510ffa043fcbc22498","<p style=""font-size: 60px; font-family: FragmentMono"">VJGQJEYX</p>","","","training","","","","","","","",""
"null","null","html-keyboard-response","277","310020","0.0-13.0-0.27","69cff69eb8da20e1ea8a2fbe","69d7901e3430d13455efb336","69e8e8510ffa043fcbc22498","<p style=""font-size: 60px; font-family: FragmentMono"">HRDYTUZ</p>","","","training","","","","","","","",""
"null","null","html-keyboard-response","278","311020","0.0-13.0-0.28","69cff69eb8da20e1ea8a2fbe","69d7901e3430d13455efb336","69e8e8510ffa043fcbc22498","<p style=""font-size: 60px; font-family: FragmentMono"">HPWYDBPG</p>","","","training","","","","","","","",""
"null","null","html-keyboard-response","279","312023","0.0-13.0-0.29","69cff69eb8da20e1ea8a2fbe","69d7901e3430d13455efb336","69e8e8510ffa043fcbc22498","<p style=""font-size: 60px; font-family: FragmentMono"">RKSFTUZ</p>","","","training","","","","","","","",""
"null","null","html-keyboard-response","280","313025","0.0-13.0-0.30","69cff69eb8da20e1ea8a2fbe","69d7901e3430d13455efb336","69e8e8510ffa043fcbc22498","<p style=""font-size: 60px; font-family: FragmentMono"">GQFHXDBPG</p>","","","training","","","","","","","",""
"null","null","html-keyboard-response","281","314027","0.0-13.0-0.31","69cff69eb8da20e1ea8a2fbe","69d7901e3430d13455efb336","69e8e8510ffa043fcbc22498","<p style=""font-size: 60px; font-family: FragmentMono"">REAHUVPOC</p>","","","training","","","","","","","",""
"null","null","html-keyboard-response","282","315029","0.0-13.0-0.32","69cff69eb8da20e1ea8a2fbe","69d7901e3430d13455efb336","69e8e8510ffa043fcbc22498","<p style=""font-size: 60px; font-family: FragmentMono"">XZQFEYX</p>","","","training","","","","","","","",""
"null","null","html-keyboard-response","283","316030","0.0-13.0-0.33","69cff69eb8da20e1ea8a2fbe","69d7901e3430d13455efb336","69e8e8510ffa043fcbc22498","<p style=""font-size: 60px; font-family: FragmentMono"">GQFHXTSL</p>","","","training","","","","","","","",""
"null","null","html-keyboard-response","284","317032","0.0-13.0-0.34","69cff69eb8da20e1ea8a2fbe","69d7901e3430d13455efb336","69e8e8510ffa043fcbc22498","<p style=""font-size: 60px; font-family: FragmentMono"">WFQNZEYX</p>","","","training","","","","","","","",""
"null","null","html-keyboard-response","285","318033","0.0-13.0-0.35","69cff69eb8da20e1ea8a2fbe","69d7901e3430d13455efb336","69e8e8510ffa043fcbc22498","<p style=""font-size: 60px; font-family: FragmentMono"">CDQBXILS</p>","","","training","","","","","","","",""
"null","null","html-keyboard-response","286","319035","0.0-13.0-0.36","69cff69eb8da20e1ea8a2fbe","69d7901e3430d13455efb336","69e8e8510ffa043fcbc22498","<p style=""font-size: 60px; font-family: FragmentMono"">MEOFITUZ</p>","","","training","","","","","","","",""
"null","null","html-keyboard-response","287","320036","0.0-13.0-0.37","69cff69eb8da20e1ea8a2fbe","69d7901e3430d13455efb336","69e8e8510ffa043fcbc22498","<p style=""font-size: 60px; font-family: FragmentMono"">ODOITSL</p>","","","training","","","","","","","",""
"null","null","html-keyboard-response","288","321039","0.0-13.0-0.38","69cff69eb8da20e1ea8a2fbe","69d7901e3430d13455efb336","69e8e8510ffa043fcbc22498","<p style=""font-size: 60px; font-family: FragmentMono"">PBIQUPTP</p>","","","training","","","","","","","",""
"null","null","html-keyboard-response","289","322041","0.0-13.0-0.39","69cff69eb8da20e1ea8a2fbe","69d7901e3430d13455efb336","69e8e8510ffa043fcbc22498","<p style=""font-size: 60px; font-family: FragmentMono"">HPWYEQZ</p>","","","training","","","","","","","",""
"null","null","html-keyboard-response","290","323043","0.0-13.0-0.40","69cff69eb8da20e1ea8a2fbe","69d7901e3430d13455efb336","69e8e8510ffa043fcbc22498","<p style=""font-size: 60px; font-family: FragmentMono"">JVRUPTP</p>","","","training","","","","","","","",""
"null","null","html-keyboard-response","291","324044","0.0-13.0-0.41","69cff69eb8da20e1ea8a2fbe","69d7901e3430d13455efb336","69e8e8510ffa043fcbc22498","<p style=""font-size: 60px; font-family: FragmentMono"">FBMNEYX</p>","","","training","","","","","","","",""
"null","null","html-keyboard-response","292","325046","0.0-13.0-0.42","69cff69eb8da20e1ea8a2fbe","69d7901e3430d13455efb336","69e8e8510ffa043fcbc22498","<p style=""font-size: 60px; font-family: FragmentMono"">GQFHXQWSN</p>","","","training","","","","","","","",""
"null","null","html-keyboard-response","293","326047","0.0-13.0-0.43","69cff69eb8da20e1ea8a2fbe","69d7901e3430d13455efb336","69e8e8510ffa043fcbc22498","<p style=""font-size: 60px; font-family: FragmentMono"">REAHUQHS</p>","","","training","","","","","","","",""
"null","null","html-keyboard-response","294","327049","0.0-13.0-0.44","69cff69eb8da20e1ea8a2fbe","69d7901e3430d13455efb336","69e8e8510ffa043fcbc22498","<p style=""font-size: 60px; font-family: FragmentMono"">FSZREYX</p>","","","training","","","","","","","",""
"null","null","html-keyboard-response","295","328051","0.0-13.0-0.45","69cff69eb8da20e1ea8a2fbe","69d7901e3430d13455efb336","69e8e8510ffa043fcbc22498","<p style=""font-size: 60px; font-family: FragmentMono"">RWEQMPTP</p>","","","training","","","","","","","",""
"null","null","html-keyboard-response","296","329052","0.0-13.0-0.46","69cff69eb8da20e1ea8a2fbe","69d7901e3430d13455efb336","69e8e8510ffa043fcbc22498","<p style=""font-size: 60px; font-family: FragmentMono"">WFQNZTUZ</p>","","","training","","","","","","","",""
"null","null","html-keyboard-response","297","330054","0.0-13.0-0.47","69cff69eb8da20e1ea8a2fbe","69d7901e3430d13455efb336","69e8e8510ffa043fcbc22498","<p style=""font-size: 60px; font-family: FragmentMono"">PJPTIPTP</p>","","","training","","","","","","","",""
"null","null","html-keyboard-response","298","331056","0.0-13.0-0.48","69cff69eb8da20e1ea8a2fbe","69d7901e3430d13455efb336","69e8e8510ffa043fcbc22498","<p style=""font-size: 60px; font-family: FragmentMono"">FSZRQHS</p>","","","training","","","","","","","",""
"null","null","html-keyboard-response","299","332058","0.0-13.0-0.49","69cff69eb8da20e1ea8a2fbe","69d7901e3430d13455efb336","69e8e8510ffa043fcbc22498","<p style=""font-size: 60px; font-family: FragmentMono"">UHUZTSL</p>","","","training","","","","","","","",""
"null","null","html-keyboard-response","300","333060","0.0-13.0-0.50","69cff69eb8da20e1ea8a2fbe","69d7901e3430d13455efb336","69e8e8510ffa043fcbc22498","<p style=""font-size: 60px; font-family: FragmentMono"">HRDYXILS</p>","","","training","","","","","","","",""
"null","null","html-keyboard-response","301","334061","0.0-13.0-0.51","69cff69eb8da20e1ea8a2fbe","69d7901e3430d13455efb336","69e8e8510ffa043fcbc22498","<p style=""font-size: 60px; font-family: FragmentMono"">PJPTIEQZ</p>","","","training","","","","","","","",""
"null","null","html-keyboard-response","302","335063","0.0-13.0-0.52","69cff69eb8da20e1ea8a2fbe","69d7901e3430d13455efb336","69e8e8510ffa043fcbc22498","<p style=""font-size: 60px; font-family: FragmentMono"">HRDYQHS</p>","","","training","","","","","","","",""
"null","null","html-keyboard-response","303","336065","0.0-13.0-0.53","69cff69eb8da20e1ea8a2fbe","69d7901e3430d13455efb336","69e8e8510ffa043fcbc22498","<p style=""font-size: 60px; font-family: FragmentMono"">MEOFIEYX</p>","","","training","","","","","","","",""
"null","null","html-keyboard-response","304","337066","0.0-13.0-0.54","69cff69eb8da20e1ea8a2fbe","69d7901e3430d13455efb336","69e8e8510ffa043fcbc22498","<p style=""font-size: 60px; font-family: FragmentMono"">JVRUTSL</p>","","","training","","","","","","","",""
"null","null","html-keyboard-response","305","338068","0.0-13.0-0.55","69cff69eb8da20e1ea8a2fbe","69d7901e3430d13455efb336","69e8e8510ffa043fcbc22498","<p style=""font-size: 60px; font-family: FragmentMono"">OGPGLDBPG</p>","","","training","","","","","","","",""
"null","null","html-keyboard-response","306","339070","0.0-13.0-0.56","69cff69eb8da20e1ea8a2fbe","69d7901e3430d13455efb336","69e8e8510ffa043fcbc22498","<p style=""font-size: 60px; font-family: FragmentMono"">VJGQJXILS</p>","","","training","","","","","","","",""
"null","null","html-keyboard-response","307","340071","0.0-13.0-0.57","69cff69eb8da20e1ea8a2fbe","69d7901e3430d13455efb336","69e8e8510ffa043fcbc22498","<p style=""font-size: 60px; font-family: FragmentMono"">PJPTIQWSN</p>","","","training","","","","","","","",""
"null","null","html-keyboard-response","308","341073","0.0-13.0-0.58","69cff69eb8da20e1ea8a2fbe","69d7901e3430d13455efb336","69e8e8510ffa043fcbc22498","<p style=""font-size: 60px; font-family: FragmentMono"">RKSFEYX</p>","","","training","","","","","","","",""
"null","null","html-keyboard-response","309","342075","0.0-13.0-0.59","69cff69eb8da20e1ea8a2fbe","69d7901e3430d13455efb336","69e8e8510ffa043fcbc22498","<p style=""font-size: 60px; font-family: FragmentMono"">UHUZPTP</p>","","","training","","","","","","","",""
"null","null","html-keyboard-response","310","343076","0.0-13.0-0.60","69cff69eb8da20e1ea8a2fbe","69d7901e3430d13455efb336","69e8e8510ffa043fcbc22498","<p style=""font-size: 60px; font-family: FragmentMono"">RWEQMQWSN</p>","","","training","","","","","","","",""
"null","null","html-keyboard-response","311","344078","0.0-13.0-0.61","69cff69eb8da20e1ea8a2fbe","69d7901e3430d13455efb336","69e8e8510ffa043fcbc22498","<p style=""font-size: 60px; font-family: FragmentMono"">MEOFIQHS</p>","","","training","","","","","","","",""
"null","null","html-keyboard-response","312","345080","0.0-13.0-0.62","69cff69eb8da20e1ea8a2fbe","69d7901e3430d13455efb336","69e8e8510ffa043fcbc22498","<p style=""font-size: 60px; font-family: FragmentMono"">WFQNZVPOC</p>","","","training","","","","","","","",""
"null","null","html-keyboard-response","313","346082","0.0-13.0-0.63","69cff69eb8da20e1ea8a2fbe","69d7901e3430d13455efb336","69e8e8510ffa043fcbc22498","<p style=""font-size: 60px; font-family: FragmentMono"">ODOIQWSN</p>","","","training","","","","","","","",""
"null","null","html-keyboard-response","314","347083","0.0-13.0-0.64","69cff69eb8da20e1ea8a2fbe","69d7901e3430d13455efb336","69e8e8510ffa043fcbc22498","<p style=""font-size: 60px; font-family: FragmentMono"">CDQBEYX</p>","","","training","","","","","","","",""
"null","null","html-keyboard-response","315","348085","0.0-13.0-0.65","69cff69eb8da20e1ea8a2fbe","69d7901e3430d13455efb336","69e8e8510ffa043fcbc22498","<p style=""font-size: 60px; font-family: FragmentMono"">HPWYQWSN</p>","","","training","","","","","","","",""
"null","null","html-keyboard-response","316","349087","0.0-13.0-0.66","69cff69eb8da20e1ea8a2fbe","69d7901e3430d13455efb336","69e8e8510ffa043fcbc22498","<p style=""font-size: 60px; font-family: FragmentMono"">PBIQUTSL</p>","","","training","","","","","","","",""
"null","null","html-keyboard-response","317","350088","0.0-13.0-0.67","69cff69eb8da20e1ea8a2fbe","69d7901e3430d13455efb336","69e8e8510ffa043fcbc22498","<p style=""font-size: 60px; font-family: FragmentMono"">OGPGLEQZ</p>","","","training","","","","","","","",""
"null","null","html-keyboard-response","318","351090","0.0-13.0-0.68","69cff69eb8da20e1ea8a2fbe","69d7901e3430d13455efb336","69e8e8510ffa043fcbc22498","<p style=""font-size: 60px; font-family: FragmentMono"">HRDYVPOC</p>","","","training","","","","","","","",""
"null","null","html-keyboard-response","319","352091","0.0-13.0-0.69","69cff69eb8da20e1ea8a2fbe","69d7901e3430d13455efb336","69e8e8510ffa043fcbc22498","<p style=""font-size: 60px; font-family: FragmentMono"">JVRUEQZ</p>","","","training","","","","","","","",""
"null","null","html-keyboard-response","320","353093","0.0-13.0-0.70","69cff69eb8da20e1ea8a2fbe","69d7901e3430d13455efb336","69e8e8510ffa043fcbc22498","<p style=""font-size: 60px; font-family: FragmentMono"">MJWMPTP</p>","","","training","","","","","","","",""
"null","null","html-keyboard-response","321","354095","0.0-13.0-0.71","69cff69eb8da20e1ea8a2fbe","69d7901e3430d13455efb336","69e8e8510ffa043fcbc22498","<p style=""font-size: 60px; font-family: FragmentMono"">RWEQMTSL</p>","","","training","","","","","","","",""
"null","null","html-keyboard-response","322","355096","0.0-13.0-0.72","69cff69eb8da20e1ea8a2fbe","69d7901e3430d13455efb336","69e8e8510ffa043fcbc22498","<p style=""font-size: 60px; font-family: FragmentMono"">ODOIEQZ</p>","","","training","","","","","","","",""
"null","null","html-keyboard-response","323","356098","0.0-13.0-0.73","69cff69eb8da20e1ea8a2fbe","69d7901e3430d13455efb336","69e8e8510ffa043fcbc22498","<p style=""font-size: 60px; font-family: FragmentMono"">RKSFXILS</p>","","","training","","","","","","","",""
"null","null","html-keyboard-response","324","357100","0.0-13.0-0.74","69cff69eb8da20e1ea8a2fbe","69d7901e3430d13455efb336","69e8e8510ffa043fcbc22498","<p style=""font-size: 60px; font-family: FragmentMono"">MJWMQWSN</p>","","","training","","","","","","","",""
"null","null","html-keyboard-response","325","358103","0.0-13.0-0.75","69cff69eb8da20e1ea8a2fbe","69d7901e3430d13455efb336","69e8e8510ffa043fcbc22498","<p style=""font-size: 60px; font-family: FragmentMono"">REAHUTUZ</p>","","","training","","","","","","","",""
"null","null","html-keyboard-response","326","359103","0.0-13.0-0.76","69cff69eb8da20e1ea8a2fbe","69d7901e3430d13455efb336","69e8e8510ffa043fcbc22498","<p style=""font-size: 60px; font-family: FragmentMono"">ODOIDBPG</p>","","","training","","","","","","","",""
"null","null","html-keyboard-response","327","360105","0.0-13.0-0.77","69cff69eb8da20e1ea8a2fbe","69d7901e3430d13455efb336","69e8e8510ffa043fcbc22498","<p style=""font-size: 60px; font-family: FragmentMono"">OGPGLQWSN</p>","","","training","","","","","","","",""
"null","null","html-keyboard-response","328","361107","0.0-13.0-0.78","69cff69eb8da20e1ea8a2fbe","69d7901e3430d13455efb336","69e8e8510ffa043fcbc22498","<p style=""font-size: 60px; font-family: FragmentMono"">REAHUXILS</p>","","","training","","","","","","","",""
"null","null","html-keyboard-response","329","362108","0.0-13.0-0.79","69cff69eb8da20e1ea8a2fbe","69d7901e3430d13455efb336","69e8e8510ffa043fcbc22498","<p style=""font-size: 60px; font-family: FragmentMono"">FBMNQHS</p>","","","training","","","","","","","",""
"21470"," ","html-keyboard-response","330","383579","0.0-14.0","69cff69eb8da20e1ea8a2fbe","69d7901e3430d13455efb336","69e8e8510ffa043fcbc22498","<p style=""font-size: 30px"">Great, you've seen the fourth block of words. You may now take a short break.</p>
      <p style=""font-size: 30px"">Press the spacebar when you're ready to continue.</p>","","","","","","","","","","",""
"null","null","html-keyboard-response","331","384580","0.0-15.0-0.0","69cff69eb8da20e1ea8a2fbe","69d7901e3430d13455efb336","69e8e8510ffa043fcbc22498","<p style=""font-size: 60px; font-family: FragmentMono"">HRDYTUZ</p>","","","training","","","","","","","",""
"null","null","html-keyboard-response","332","385582","0.0-15.0-0.1","69cff69eb8da20e1ea8a2fbe","69d7901e3430d13455efb336","69e8e8510ffa043fcbc22498","<p style=""font-size: 60px; font-family: FragmentMono"">PJPTIPTP</p>","","","training","","","","","","","",""
"null","null","html-keyboard-response","333","386584","0.0-15.0-0.2","69cff69eb8da20e1ea8a2fbe","69d7901e3430d13455efb336","69e8e8510ffa043fcbc22498","<p style=""font-size: 60px; font-family: FragmentMono"">PBIQUQWSN</p>","","","training","","","","","","","",""
"null","null","html-keyboard-response","334","387585","0.0-15.0-0.3","69cff69eb8da20e1ea8a2fbe","69d7901e3430d13455efb336","69e8e8510ffa043fcbc22498","<p style=""font-size: 60px; font-family: FragmentMono"">CDQBEYX</p>","","","training","","","","","","","",""
"null","null","html-keyboard-response","335","388587","0.0-15.0-0.4","69cff69eb8da20e1ea8a2fbe","69d7901e3430d13455efb336","69e8e8510ffa043fcbc22498","<p style=""font-size: 60px; font-family: FragmentMono"">PJPTIDBPG</p>","","","training","","","","","","","",""
"null","null","html-keyboard-response","336","389588","0.0-15.0-0.5","69cff69eb8da20e1ea8a2fbe","69d7901e3430d13455efb336","69e8e8510ffa043fcbc22498","<p style=""font-size: 60px; font-family: FragmentMono"">RKSFQHS</p>","","","training","","","","","","","",""
"null","null","html-keyboard-response","337","390590","0.0-15.0-0.6","69cff69eb8da20e1ea8a2fbe","69d7901e3430d13455efb336","69e8e8510ffa043fcbc22498","<p style=""font-size: 60px; font-family: FragmentMono"">MEOFITUZ</p>","","","training","","","","","","","",""
"null","null","html-keyboard-response","338","391592","0.0-15.0-0.7","69cff69eb8da20e1ea8a2fbe","69d7901e3430d13455efb336","69e8e8510ffa043fcbc22498","<p style=""font-size: 60px; font-family: FragmentMono"">MJWMPTP</p>","","","training","","","","","","","",""
"null","null","html-keyboard-response","339","392594","0.0-15.0-0.8","69cff69eb8da20e1ea8a2fbe","69d7901e3430d13455efb336","69e8e8510ffa043fcbc22498","<p style=""font-size: 60px; font-family: FragmentMono"">JVRUDBPG</p>","","","training","","","","","","","",""
"null","null","html-keyboard-response","340","393595","0.0-15.0-0.9","69cff69eb8da20e1ea8a2fbe","69d7901e3430d13455efb336","69e8e8510ffa043fcbc22498","<p style=""font-size: 60px; font-family: FragmentMono"">HPWYEQZ</p>","","","training","","","","","","","",""
"null","null","html-keyboard-response","341","394597","0.0-15.0-0.10","69cff69eb8da20e1ea8a2fbe","69d7901e3430d13455efb336","69e8e8510ffa043fcbc22498","<p style=""font-size: 60px; font-family: FragmentMono"">UHUZPTP</p>","","","training","","","","","","","",""
"null","null","html-keyboard-response","342","395599","0.0-15.0-0.11","69cff69eb8da20e1ea8a2fbe","69d7901e3430d13455efb336","69e8e8510ffa043fcbc22498","<p style=""font-size: 60px; font-family: FragmentMono"">MJWMQWSN</p>","","","training","","","","","","","",""
"null","null","html-keyboard-response","343","396601","0.0-15.0-0.12","69cff69eb8da20e1ea8a2fbe","69d7901e3430d13455efb336","69e8e8510ffa043fcbc22498","<p style=""font-size: 60px; font-family: FragmentMono"">GQFHXDBPG</p>","","","training","","","","","","","",""
"null","null","html-keyboard-response","344","397603","0.0-15.0-0.13","69cff69eb8da20e1ea8a2fbe","69d7901e3430d13455efb336","69e8e8510ffa043fcbc22498","<p style=""font-size: 60px; font-family: FragmentMono"">VJGQJTUZ</p>","","","training","","","","","","","",""
"null","null","html-keyboard-response","345","398604","0.0-15.0-0.14","69cff69eb8da20e1ea8a2fbe","69d7901e3430d13455efb336","69e8e8510ffa043fcbc22498","<p style=""font-size: 60px; font-family: FragmentMono"">WFQNZVPOC</p>","","","training","","","","","","","",""
"null","null","html-keyboard-response","346","399606","0.0-15.0-0.15","69cff69eb8da20e1ea8a2fbe","69d7901e3430d13455efb336","69e8e8510ffa043fcbc22498","<p style=""font-size: 60px; font-family: FragmentMono"">MEOFIEYX</p>","","","training","","","","","","","",""
"null","null","html-keyboard-response","347","400606","0.0-15.0-0.16","69cff69eb8da20e1ea8a2fbe","69d7901e3430d13455efb336","69e8e8510ffa043fcbc22498","<p style=""font-size: 60px; font-family: FragmentMono"">FSZRTUZ</p>","","","training","","","","","","","",""
"null","null","html-keyboard-response","348","401609","0.0-15.0-0.17","69cff69eb8da20e1ea8a2fbe","69d7901e3430d13455efb336","69e8e8510ffa043fcbc22498","<p style=""font-size: 60px; font-family: FragmentMono"">MEOFIQHS</p>","","","training","","","","","","","",""
"null","null","html-keyboard-response","349","402611","0.0-15.0-0.18","69cff69eb8da20e1ea8a2fbe","69d7901e3430d13455efb336","69e8e8510ffa043fcbc22498","<p style=""font-size: 60px; font-family: FragmentMono"">REAHUTUZ</p>","","","training","","","","","","","",""
"null","null","html-keyboard-response","350","403612","0.0-15.0-0.19","69cff69eb8da20e1ea8a2fbe","69d7901e3430d13455efb336","69e8e8510ffa043fcbc22498","<p style=""font-size: 60px; font-family: FragmentMono"">CDQBVPOC</p>","","","training","","","","","","","",""
"null","null","html-keyboard-response","351","404614","0.0-15.0-0.20","69cff69eb8da20e1ea8a2fbe","69d7901e3430d13455efb336","69e8e8510ffa043fcbc22498","<p style=""font-size: 60px; font-family: FragmentMono"">FBMNQHS</p>","","","training","","","","","","","",""
"null","null","html-keyboard-response","352","405616","0.0-15.0-0.21","69cff69eb8da20e1ea8a2fbe","69d7901e3430d13455efb336","69e8e8510ffa043fcbc22498","<p style=""font-size: 60px; font-family: FragmentMono"">MJWMEQZ</p>","","","training","","","","","","","",""
"null","null","html-keyboard-response","353","406617","0.0-15.0-0.22","69cff69eb8da20e1ea8a2fbe","69d7901e3430d13455efb336","69e8e8510ffa043fcbc22498","<p style=""font-size: 60px; font-family: FragmentMono"">OGPGLQWSN</p>","","","training","","","","","","","",""
"null","null","html-keyboard-response","354","407619","0.0-15.0-0.23","69cff69eb8da20e1ea8a2fbe","69d7901e3430d13455efb336","69e8e8510ffa043fcbc22498","<p style=""font-size: 60px; font-family: FragmentMono"">HRDYXILS</p>","","","training","","","","","","","",""
"null","null","html-keyboard-response","355","408620","0.0-15.0-0.24","69cff69eb8da20e1ea8a2fbe","69d7901e3430d13455efb336","69e8e8510ffa043fcbc22498","<p style=""font-size: 60px; font-family: FragmentMono"">VJGQJVPOC</p>","","","training","","","","","","","",""
"null","null","html-keyboard-response","356","409622","0.0-15.0-0.25","69cff69eb8da20e1ea8a2fbe","69d7901e3430d13455efb336","69e8e8510ffa043fcbc22498","<p style=""font-size: 60px; font-family: FragmentMono"">PBIQUEQZ</p>","","","training","","","","","","","",""
"null","null","html-keyboard-response","357","410624","0.0-15.0-0.26","69cff69eb8da20e1ea8a2fbe","69d7901e3430d13455efb336","69e8e8510ffa043fcbc22498","<p style=""font-size: 60px; font-family: FragmentMono"">XZQFXILS</p>","","","training","","","","","","","",""
"null","null","html-keyboard-response","358","411626","0.0-15.0-0.27","69cff69eb8da20e1ea8a2fbe","69d7901e3430d13455efb336","69e8e8510ffa043fcbc22498","<p style=""font-size: 60px; font-family: FragmentMono"">OGPGLDBPG</p>","","","training","","","","","","","",""
"null","null","html-keyboard-response","359","412628","0.0-15.0-0.28","69cff69eb8da20e1ea8a2fbe","69d7901e3430d13455efb336","69e8e8510ffa043fcbc22498","<p style=""font-size: 60px; font-family: FragmentMono"">RKSFTUZ</p>","","","training","","","","","","","",""
"null","null","html-keyboard-response","360","413630","0.0-15.0-0.29","69cff69eb8da20e1ea8a2fbe","69d7901e3430d13455efb336","69e8e8510ffa043fcbc22498","<p style=""font-size: 60px; font-family: FragmentMono"">RWEQMPTP</p>","","","training","","","","","","","",""
"null","null","html-keyboard-response","361","414631","0.0-15.0-0.30","69cff69eb8da20e1ea8a2fbe","69d7901e3430d13455efb336","69e8e8510ffa043fcbc22498","<p style=""font-size: 60px; font-family: FragmentMono"">XZQFVPOC</p>","","","training","","","","","","","",""
"null","null","html-keyboard-response","362","415632","0.0-15.0-0.31","69cff69eb8da20e1ea8a2fbe","69d7901e3430d13455efb336","69e8e8510ffa043fcbc22498","<p style=""font-size: 60px; font-family: FragmentMono"">UHUZDBPG</p>","","","training","","","","","","","",""
"null","null","html-keyboard-response","363","416634","0.0-15.0-0.32","69cff69eb8da20e1ea8a2fbe","69d7901e3430d13455efb336","69e8e8510ffa043fcbc22498","<p style=""font-size: 60px; font-family: FragmentMono"">RKSFXILS</p>","","","training","","","","","","","",""
"null","null","html-keyboard-response","364","417636","0.0-15.0-0.33","69cff69eb8da20e1ea8a2fbe","69d7901e3430d13455efb336","69e8e8510ffa043fcbc22498","<p style=""font-size: 60px; font-family: FragmentMono"">CDQBTUZ</p>","","","training","","","","","","","",""
"null","null","html-keyboard-response","365","418638","0.0-15.0-0.34","69cff69eb8da20e1ea8a2fbe","69d7901e3430d13455efb336","69e8e8510ffa043fcbc22498","<p style=""font-size: 60px; font-family: FragmentMono"">FBMNXILS</p>","","","training","","","","","","","",""
"null","null","html-keyboard-response","366","419640","0.0-15.0-0.35","69cff69eb8da20e1ea8a2fbe","69d7901e3430d13455efb336","69e8e8510ffa043fcbc22498","<p style=""font-size: 60px; font-family: FragmentMono"">ODOIQWSN</p>","","","training","","","","","","","",""
"null","null","html-keyboard-response","367","420641","0.0-15.0-0.36","69cff69eb8da20e1ea8a2fbe","69d7901e3430d13455efb336","69e8e8510ffa043fcbc22498","<p style=""font-size: 60px; font-family: FragmentMono"">RKSFEYX</p>","","","training","","","","","","","",""
"null","null","html-keyboard-response","368","421643","0.0-15.0-0.37","69cff69eb8da20e1ea8a2fbe","69d7901e3430d13455efb336","69e8e8510ffa043fcbc22498","<p style=""font-size: 60px; font-family: FragmentMono"">UHUZEQZ</p>","","","training","","","","","","","",""
"null","null","html-keyboard-response","369","422645","0.0-15.0-0.38","69cff69eb8da20e1ea8a2fbe","69d7901e3430d13455efb336","69e8e8510ffa043fcbc22498","<p style=""font-size: 60px; font-family: FragmentMono"">PJPTIQWSN</p>","","","training","","","","","","","",""
"null","null","html-keyboard-response","370","423646","0.0-15.0-0.39","69cff69eb8da20e1ea8a2fbe","69d7901e3430d13455efb336","69e8e8510ffa043fcbc22498","<p style=""font-size: 60px; font-family: FragmentMono"">UHUZTSL</p>","","","training","","","","","","","",""
"null","null","html-keyboard-response","371","424649","0.0-15.0-0.40","69cff69eb8da20e1ea8a2fbe","69d7901e3430d13455efb336","69e8e8510ffa043fcbc22498","<p style=""font-size: 60px; font-family: FragmentMono"">REAHUVPOC</p>","","","training","","","","","","","",""
"null","null","html-keyboard-response","372","425650","0.0-15.0-0.41","69cff69eb8da20e1ea8a2fbe","69d7901e3430d13455efb336","69e8e8510ffa043fcbc22498","<p style=""font-size: 60px; font-family: FragmentMono"">GQFHXQWSN</p>","","","training","","","","","","","",""
"null","null","html-keyboard-response","373","426652","0.0-15.0-0.42","69cff69eb8da20e1ea8a2fbe","69d7901e3430d13455efb336","69e8e8510ffa043fcbc22498","<p style=""font-size: 60px; font-family: FragmentMono"">WFQNZQHS</p>","","","training","","","","","","","",""
"null","null","html-keyboard-response","374","427653","0.0-15.0-0.43","69cff69eb8da20e1ea8a2fbe","69d7901e3430d13455efb336","69e8e8510ffa043fcbc22498","<p style=""font-size: 60px; font-family: FragmentMono"">GQFHXPTP</p>","","","training","","","","","","","",""
"null","null","html-keyboard-response","375","428655","0.0-15.0-0.44","69cff69eb8da20e1ea8a2fbe","69d7901e3430d13455efb336","69e8e8510ffa043fcbc22498","<p style=""font-size: 60px; font-family: FragmentMono"">XZQFQHS</p>","","","training","","","","","","","",""
"null","null","html-keyboard-response","376","429657","0.0-15.0-0.45","69cff69eb8da20e1ea8a2fbe","69d7901e3430d13455efb336","69e8e8510ffa043fcbc22498","<p style=""font-size: 60px; font-family: FragmentMono"">HPWYTSL</p>","","","training","","","","","","","",""
"null","null","html-keyboard-response","377","430658","0.0-15.0-0.46","69cff69eb8da20e1ea8a2fbe","69d7901e3430d13455efb336","69e8e8510ffa043fcbc22498","<p style=""font-size: 60px; font-family: FragmentMono"">PJPTIEQZ</p>","","","training","","","","","","","",""
"null","null","html-keyboard-response","378","431660","0.0-15.0-0.47","69cff69eb8da20e1ea8a2fbe","69d7901e3430d13455efb336","69e8e8510ffa043fcbc22498","<p style=""font-size: 60px; font-family: FragmentMono"">VJGQJEYX</p>","","","training","","","","","","","",""
"null","null","html-keyboard-response","379","432662","0.0-15.0-0.48","69cff69eb8da20e1ea8a2fbe","69d7901e3430d13455efb336","69e8e8510ffa043fcbc22498","<p style=""font-size: 60px; font-family: FragmentMono"">FBMNVPOC</p>","","","training","","","","","","","",""
"null","null","html-keyboard-response","380","433664","0.0-15.0-0.49","69cff69eb8da20e1ea8a2fbe","69d7901e3430d13455efb336","69e8e8510ffa043fcbc22498","<p style=""font-size: 60px; font-family: FragmentMono"">OGPGLPTP</p>","","","training","","","","","","","",""
"null","null","html-keyboard-response","381","434665","0.0-15.0-0.50","69cff69eb8da20e1ea8a2fbe","69d7901e3430d13455efb336","69e8e8510ffa043fcbc22498","<p style=""font-size: 60px; font-family: FragmentMono"">RWEQMDBPG</p>","","","training","","","","","","","",""
"null","null","html-keyboard-response","382","435666","0.0-15.0-0.51","69cff69eb8da20e1ea8a2fbe","69d7901e3430d13455efb336","69e8e8510ffa043fcbc22498","<p style=""font-size: 60px; font-family: FragmentMono"">JVRUEQZ</p>","","","training","","","","","","","",""
"null","null","html-keyboard-response","383","436669","0.0-15.0-0.52","69cff69eb8da20e1ea8a2fbe","69d7901e3430d13455efb336","69e8e8510ffa043fcbc22498","<p style=""font-size: 60px; font-family: FragmentMono"">VJGQJXILS</p>","","","training","","","","","","","",""
"null","null","html-keyboard-response","384","437670","0.0-15.0-0.53","69cff69eb8da20e1ea8a2fbe","69d7901e3430d13455efb336","69e8e8510ffa043fcbc22498","<p style=""font-size: 60px; font-family: FragmentMono"">JVRUPTP</p>","","","training","","","","","","","",""
"null","null","html-keyboard-response","385","438672","0.0-15.0-0.54","69cff69eb8da20e1ea8a2fbe","69d7901e3430d13455efb336","69e8e8510ffa043fcbc22498","<p style=""font-size: 60px; font-family: FragmentMono"">HRDYVPOC</p>","","","training","","","","","","","",""
"null","null","html-keyboard-response","386","439674","0.0-15.0-0.55","69cff69eb8da20e1ea8a2fbe","69d7901e3430d13455efb336","69e8e8510ffa043fcbc22498","<p style=""font-size: 60px; font-family: FragmentMono"">FSZREYX</p>","","","training","","","","","","","",""
"null","null","html-keyboard-response","387","440676","0.0-15.0-0.56","69cff69eb8da20e1ea8a2fbe","69d7901e3430d13455efb336","69e8e8510ffa043fcbc22498","<p style=""font-size: 60px; font-family: FragmentMono"">RWEQMTSL</p>","","","training","","","","","","","",""
"null","null","html-keyboard-response","388","441677","0.0-15.0-0.57","69cff69eb8da20e1ea8a2fbe","69d7901e3430d13455efb336","69e8e8510ffa043fcbc22498","<p style=""font-size: 60px; font-family: FragmentMono"">FBMNEYX</p>","","","training","","","","","","","",""
"null","null","html-keyboard-response","389","442678","0.0-15.0-0.58","69cff69eb8da20e1ea8a2fbe","69d7901e3430d13455efb336","69e8e8510ffa043fcbc22498","<p style=""font-size: 60px; font-family: FragmentMono"">WFQNZTUZ</p>","","","training","","","","","","","",""
"null","null","html-keyboard-response","390","443680","0.0-15.0-0.59","69cff69eb8da20e1ea8a2fbe","69d7901e3430d13455efb336","69e8e8510ffa043fcbc22498","<p style=""font-size: 60px; font-family: FragmentMono"">MEOFIXILS</p>","","","training","","","","","","","",""
"null","null","html-keyboard-response","391","444682","0.0-15.0-0.60","69cff69eb8da20e1ea8a2fbe","69d7901e3430d13455efb336","69e8e8510ffa043fcbc22498","<p style=""font-size: 60px; font-family: FragmentMono"">HPWYQWSN</p>","","","training","","","","","","","",""
"null","null","html-keyboard-response","392","445683","0.0-15.0-0.61","69cff69eb8da20e1ea8a2fbe","69d7901e3430d13455efb336","69e8e8510ffa043fcbc22498","<p style=""font-size: 60px; font-family: FragmentMono"">OGPGLEQZ</p>","","","training","","","","","","","",""
"null","null","html-keyboard-response","393","446685","0.0-15.0-0.62","69cff69eb8da20e1ea8a2fbe","69d7901e3430d13455efb336","69e8e8510ffa043fcbc22498","<p style=""font-size: 60px; font-family: FragmentMono"">HRDYQHS</p>","","","training","","","","","","","",""
"null","null","html-keyboard-response","394","447686","0.0-15.0-0.63","69cff69eb8da20e1ea8a2fbe","69d7901e3430d13455efb336","69e8e8510ffa043fcbc22498","<p style=""font-size: 60px; font-family: FragmentMono"">GQFHXTSL</p>","","","training","","","","","","","",""
"null","null","html-keyboard-response","395","448687","0.0-15.0-0.64","69cff69eb8da20e1ea8a2fbe","69d7901e3430d13455efb336","69e8e8510ffa043fcbc22498","<p style=""font-size: 60px; font-family: FragmentMono"">WFQNZEYX</p>","","","training","","","","","","","",""
"null","null","html-keyboard-response","396","449690","0.0-15.0-0.65","69cff69eb8da20e1ea8a2fbe","69d7901e3430d13455efb336","69e8e8510ffa043fcbc22498","<p style=""font-size: 60px; font-family: FragmentMono"">PBIQUPTP</p>","","","training","","","","","","","",""
"null","null","html-keyboard-response","397","450692","0.0-15.0-0.66","69cff69eb8da20e1ea8a2fbe","69d7901e3430d13455efb336","69e8e8510ffa043fcbc22498","<p style=""font-size: 60px; font-family: FragmentMono"">XZQFEYX</p>","","","training","","","","","","","",""
"null","null","html-keyboard-response","398","451694","0.0-15.0-0.67","69cff69eb8da20e1ea8a2fbe","69d7901e3430d13455efb336","69e8e8510ffa043fcbc22498","<p style=""font-size: 60px; font-family: FragmentMono"">MJWMTSL</p>","","","training","","","","","","","",""
"null","null","html-keyboard-response","399","452695","0.0-15.0-0.68","69cff69eb8da20e1ea8a2fbe","69d7901e3430d13455efb336","69e8e8510ffa043fcbc22498","<p style=""font-size: 60px; font-family: FragmentMono"">ODOIDBPG</p>","","","training","","","","","","","",""
"null","null","html-keyboard-response","400","453698","0.0-15.0-0.69","69cff69eb8da20e1ea8a2fbe","69d7901e3430d13455efb336","69e8e8510ffa043fcbc22498","<p style=""font-size: 60px; font-family: FragmentMono"">RWEQMQWSN</p>","","","training","","","","","","","",""
"null","null","html-keyboard-response","401","454699","0.0-15.0-0.70","69cff69eb8da20e1ea8a2fbe","69d7901e3430d13455efb336","69e8e8510ffa043fcbc22498","<p style=""font-size: 60px; font-family: FragmentMono"">ODOITSL</p>","","","training","","","","","","","",""
"null","null","html-keyboard-response","402","455702","0.0-15.0-0.71","69cff69eb8da20e1ea8a2fbe","69d7901e3430d13455efb336","69e8e8510ffa043fcbc22498","<p style=""font-size: 60px; font-family: FragmentMono"">HPWYDBPG</p>","","","training","","","","","","","",""
"null","null","html-keyboard-response","403","456703","0.0-15.0-0.72","69cff69eb8da20e1ea8a2fbe","69d7901e3430d13455efb336","69e8e8510ffa043fcbc22498","<p style=""font-size: 60px; font-family: FragmentMono"">CDQBXILS</p>","","","training","","","","","","","",""
"null","null","html-keyboard-response","404","457704","0.0-15.0-0.73","69cff69eb8da20e1ea8a2fbe","69d7901e3430d13455efb336","69e8e8510ffa043fcbc22498","<p style=""font-size: 60px; font-family: FragmentMono"">FSZRQHS</p>","","","training","","","","","","","",""
"null","null","html-keyboard-response","405","458705","0.0-15.0-0.74","69cff69eb8da20e1ea8a2fbe","69d7901e3430d13455efb336","69e8e8510ffa043fcbc22498","<p style=""font-size: 60px; font-family: FragmentMono"">PBIQUTSL</p>","","","training","","","","","","","",""
"null","null","html-keyboard-response","406","459707","0.0-15.0-0.75","69cff69eb8da20e1ea8a2fbe","69d7901e3430d13455efb336","69e8e8510ffa043fcbc22498","<p style=""font-size: 60px; font-family: FragmentMono"">FSZRVPOC</p>","","","training","","","","","","","",""
"null","null","html-keyboard-response","407","460709","0.0-15.0-0.76","69cff69eb8da20e1ea8a2fbe","69d7901e3430d13455efb336","69e8e8510ffa043fcbc22498","<p style=""font-size: 60px; font-family: FragmentMono"">REAHUQHS</p>","","","training","","","","","","","",""
"null","null","html-keyboard-response","408","461711","0.0-15.0-0.77","69cff69eb8da20e1ea8a2fbe","69d7901e3430d13455efb336","69e8e8510ffa043fcbc22498","<p style=""font-size: 60px; font-family: FragmentMono"">ODOIEQZ</p>","","","training","","","","","","","",""
"null","null","html-keyboard-response","409","462713","0.0-15.0-0.78","69cff69eb8da20e1ea8a2fbe","69d7901e3430d13455efb336","69e8e8510ffa043fcbc22498","<p style=""font-size: 60px; font-family: FragmentMono"">JVRUTSL</p>","","","training","","","","","","","",""
"null","null","html-keyboard-response","410","463714","0.0-15.0-0.79","69cff69eb8da20e1ea8a2fbe","69d7901e3430d13455efb336","69e8e8510ffa043fcbc22498","<p style=""font-size: 60px; font-family: FragmentMono"">REAHUXILS</p>","","","training","","","","","","","",""
"39567"," ","html-keyboard-response","411","503281","0.0-16.0","69cff69eb8da20e1ea8a2fbe","69d7901e3430d13455efb336","69e8e8510ffa043fcbc22498","<p style=""font-size: 30px"">Great, you've seen the fifth block of words. You may now take a short break.</p>
      <p style=""font-size: 30px"">Press the spacebar when you're ready to continue.</p>","","","","","","","","","","",""
"null","null","html-keyboard-response","412","504283","0.0-17.0-0.0","69cff69eb8da20e1ea8a2fbe","69d7901e3430d13455efb336","69e8e8510ffa043fcbc22498","<p style=""font-size: 60px; font-family: FragmentMono"">PBIQUQWSN</p>","","","training","","","","","","","",""
"null","null","html-keyboard-response","413","505285","0.0-17.0-0.1","69cff69eb8da20e1ea8a2fbe","69d7901e3430d13455efb336","69e8e8510ffa043fcbc22498","<p style=""font-size: 60px; font-family: FragmentMono"">GQFHXDBPG</p>","","","training","","","","","","","",""
"null","null","html-keyboard-response","414","506287","0.0-17.0-0.2","69cff69eb8da20e1ea8a2fbe","69d7901e3430d13455efb336","69e8e8510ffa043fcbc22498","<p style=""font-size: 60px; font-family: FragmentMono"">VJGQJTUZ</p>","","","training","","","","","","","",""
"null","null","html-keyboard-response","415","507288","0.0-17.0-0.3","69cff69eb8da20e1ea8a2fbe","69d7901e3430d13455efb336","69e8e8510ffa043fcbc22498","<p style=""font-size: 60px; font-family: FragmentMono"">OGPGLPTP</p>","","","training","","","","","","","",""
"null","null","html-keyboard-response","416","508289","0.0-17.0-0.4","69cff69eb8da20e1ea8a2fbe","69d7901e3430d13455efb336","69e8e8510ffa043fcbc22498","<p style=""font-size: 60px; font-family: FragmentMono"">HRDYXILS</p>","","","training","","","","","","","",""
"null","null","html-keyboard-response","417","509291","0.0-17.0-0.5","69cff69eb8da20e1ea8a2fbe","69d7901e3430d13455efb336","69e8e8510ffa043fcbc22498","<p style=""font-size: 60px; font-family: FragmentMono"">FSZRVPOC</p>","","","training","","","","","","","",""
"null","null","html-keyboard-response","418","510293","0.0-17.0-0.6","69cff69eb8da20e1ea8a2fbe","69d7901e3430d13455efb336","69e8e8510ffa043fcbc22498","<p style=""font-size: 60px; font-family: FragmentMono"">FBMNXILS</p>","","","training","","","","","","","",""
"null","null","html-keyboard-response","419","511295","0.0-17.0-0.7","69cff69eb8da20e1ea8a2fbe","69d7901e3430d13455efb336","69e8e8510ffa043fcbc22498","<p style=""font-size: 60px; font-family: FragmentMono"">REAHUVPOC</p>","","","training","","","","","","","",""
"null","null","html-keyboard-response","420","512296","0.0-17.0-0.8","69cff69eb8da20e1ea8a2fbe","69d7901e3430d13455efb336","69e8e8510ffa043fcbc22498","<p style=""font-size: 60px; font-family: FragmentMono"">UHUZTSL</p>","","","training","","","","","","","",""
"null","null","html-keyboard-response","421","513298","0.0-17.0-0.9","69cff69eb8da20e1ea8a2fbe","69d7901e3430d13455efb336","69e8e8510ffa043fcbc22498","<p style=""font-size: 60px; font-family: FragmentMono"">VJGQJVPOC</p>","","","training","","","","","","","",""
"null","null","html-keyboard-response","422","514300","0.0-17.0-0.10","69cff69eb8da20e1ea8a2fbe","69d7901e3430d13455efb336","69e8e8510ffa043fcbc22498","<p style=""font-size: 60px; font-family: FragmentMono"">CDQBTUZ</p>","","","training","","","","","","","",""
"null","null","html-keyboard-response","423","515301","0.0-17.0-0.11","69cff69eb8da20e1ea8a2fbe","69d7901e3430d13455efb336","69e8e8510ffa043fcbc22498","<p style=""font-size: 60px; font-family: FragmentMono"">VJGQJXILS</p>","","","training","","","","","","","",""
"null","null","html-keyboard-response","424","516303","0.0-17.0-0.12","69cff69eb8da20e1ea8a2fbe","69d7901e3430d13455efb336","69e8e8510ffa043fcbc22498","<p style=""font-size: 60px; font-family: FragmentMono"">JVRUPTP</p>","","","training","","","","","","","",""
"null","null","html-keyboard-response","425","517305","0.0-17.0-0.13","69cff69eb8da20e1ea8a2fbe","69d7901e3430d13455efb336","69e8e8510ffa043fcbc22498","<p style=""font-size: 60px; font-family: FragmentMono"">RKSFTUZ</p>","","","training","","","","","","","",""
"null","null","html-keyboard-response","426","518307","0.0-17.0-0.14","69cff69eb8da20e1ea8a2fbe","69d7901e3430d13455efb336","69e8e8510ffa043fcbc22498","<p style=""font-size: 60px; font-family: FragmentMono"">WFQNZQHS</p>","","","training","","","","","","","",""
"null","null","html-keyboard-response","427","519308","0.0-17.0-0.15","69cff69eb8da20e1ea8a2fbe","69d7901e3430d13455efb336","69e8e8510ffa043fcbc22498","<p style=""font-size: 60px; font-family: FragmentMono"">CDQBVPOC</p>","","","training","","","","","","","",""
"null","null","html-keyboard-response","428","520310","0.0-17.0-0.16","69cff69eb8da20e1ea8a2fbe","69d7901e3430d13455efb336","69e8e8510ffa043fcbc22498","<p style=""font-size: 60px; font-family: FragmentMono"">MEOFIEYX</p>","","","training","","","","","","","",""
"null","null","html-keyboard-response","429","521312","0.0-17.0-0.17","69cff69eb8da20e1ea8a2fbe","69d7901e3430d13455efb336","69e8e8510ffa043fcbc22498","<p style=""font-size: 60px; font-family: FragmentMono"">OGPGLQWSN</p>","","","training","","","","","","","",""
"null","null","html-keyboard-response","430","522313","0.0-17.0-0.18","69cff69eb8da20e1ea8a2fbe","69d7901e3430d13455efb336","69e8e8510ffa043fcbc22498","<p style=""font-size: 60px; font-family: FragmentMono"">REAHUQHS</p>","","","training","","","","","","","",""
"null","null","html-keyboard-response","431","523316","0.0-17.0-0.19","69cff69eb8da20e1ea8a2fbe","69d7901e3430d13455efb336","69e8e8510ffa043fcbc22498","<p style=""font-size: 60px; font-family: FragmentMono"">ODOIDBPG</p>","","","training","","","","","","","",""
"null","null","html-keyboard-response","432","524317","0.0-17.0-0.20","69cff69eb8da20e1ea8a2fbe","69d7901e3430d13455efb336","69e8e8510ffa043fcbc22498","<p style=""font-size: 60px; font-family: FragmentMono"">PJPTIEQZ</p>","","","training","","","","","","","",""
"null","null","html-keyboard-response","433","525319","0.0-17.0-0.21","69cff69eb8da20e1ea8a2fbe","69d7901e3430d13455efb336","69e8e8510ffa043fcbc22498","<p style=""font-size: 60px; font-family: FragmentMono"">RKSFXILS</p>","","","training","","","","","","","",""
"null","null","html-keyboard-response","434","526320","0.0-17.0-0.22","69cff69eb8da20e1ea8a2fbe","69d7901e3430d13455efb336","69e8e8510ffa043fcbc22498","<p style=""font-size: 60px; font-family: FragmentMono"">MJWMTSL</p>","","","training","","","","","","","",""
"null","null","html-keyboard-response","435","527322","0.0-17.0-0.23","69cff69eb8da20e1ea8a2fbe","69d7901e3430d13455efb336","69e8e8510ffa043fcbc22498","<p style=""font-size: 60px; font-family: FragmentMono"">JVRUDBPG</p>","","","training","","","","","","","",""
"null","null","html-keyboard-response","436","528324","0.0-17.0-0.24","69cff69eb8da20e1ea8a2fbe","69d7901e3430d13455efb336","69e8e8510ffa043fcbc22498","<p style=""font-size: 60px; font-family: FragmentMono"">MEOFIQHS</p>","","","training","","","","","","","",""
"null","null","html-keyboard-response","437","529325","0.0-17.0-0.25","69cff69eb8da20e1ea8a2fbe","69d7901e3430d13455efb336","69e8e8510ffa043fcbc22498","<p style=""font-size: 60px; font-family: FragmentMono"">REAHUXILS</p>","","","training","","","","","","","",""
"null","null","html-keyboard-response","438","530327","0.0-17.0-0.26","69cff69eb8da20e1ea8a2fbe","69d7901e3430d13455efb336","69e8e8510ffa043fcbc22498","<p style=""font-size: 60px; font-family: FragmentMono"">FSZREYX</p>","","","training","","","","","","","",""
"null","null","html-keyboard-response","439","531329","0.0-17.0-0.27","69cff69eb8da20e1ea8a2fbe","69d7901e3430d13455efb336","69e8e8510ffa043fcbc22498","<p style=""font-size: 60px; font-family: FragmentMono"">WFQNZTUZ</p>","","","training","","","","","","","",""
"null","null","html-keyboard-response","440","532330","0.0-17.0-0.28","69cff69eb8da20e1ea8a2fbe","69d7901e3430d13455efb336","69e8e8510ffa043fcbc22498","<p style=""font-size: 60px; font-family: FragmentMono"">HPWYDBPG</p>","","","training","","","","","","","",""
"null","null","html-keyboard-response","441","533332","0.0-17.0-0.29","69cff69eb8da20e1ea8a2fbe","69d7901e3430d13455efb336","69e8e8510ffa043fcbc22498","<p style=""font-size: 60px; font-family: FragmentMono"">RWEQMTSL</p>","","","training","","","","","","","",""
"null","null","html-keyboard-response","442","534334","0.0-17.0-0.30","69cff69eb8da20e1ea8a2fbe","69d7901e3430d13455efb336","69e8e8510ffa043fcbc22498","<p style=""font-size: 60px; font-family: FragmentMono"">UHUZEQZ</p>","","","training","","","","","","","",""
"null","null","html-keyboard-response","443","535335","0.0-17.0-0.31","69cff69eb8da20e1ea8a2fbe","69d7901e3430d13455efb336","69e8e8510ffa043fcbc22498","<p style=""font-size: 60px; font-family: FragmentMono"">RKSFQHS</p>","","","training","","","","","","","",""
"null","null","html-keyboard-response","444","536337","0.0-17.0-0.32","69cff69eb8da20e1ea8a2fbe","69d7901e3430d13455efb336","69e8e8510ffa043fcbc22498","<p style=""font-size: 60px; font-family: FragmentMono"">XZQFXILS</p>","","","training","","","","","","","",""
"null","null","html-keyboard-response","445","537339","0.0-17.0-0.33","69cff69eb8da20e1ea8a2fbe","69d7901e3430d13455efb336","69e8e8510ffa043fcbc22498","<p style=""font-size: 60px; font-family: FragmentMono"">PJPTIQWSN</p>","","","training","","","","","","","",""
"null","null","html-keyboard-response","446","538341","0.0-17.0-0.34","69cff69eb8da20e1ea8a2fbe","69d7901e3430d13455efb336","69e8e8510ffa043fcbc22498","<p style=""font-size: 60px; font-family: FragmentMono"">UHUZDBPG</p>","","","training","","","","","","","",""
"null","null","html-keyboard-response","447","539342","0.0-17.0-0.35","69cff69eb8da20e1ea8a2fbe","69d7901e3430d13455efb336","69e8e8510ffa043fcbc22498","<p style=""font-size: 60px; font-family: FragmentMono"">MJWMPTP</p>","","","training","","","","","","","",""
"null","null","html-keyboard-response","448","540344","0.0-17.0-0.36","69cff69eb8da20e1ea8a2fbe","69d7901e3430d13455efb336","69e8e8510ffa043fcbc22498","<p style=""font-size: 60px; font-family: FragmentMono"">XZQFEYX</p>","","","training","","","","","","","",""
"null","null","html-keyboard-response","449","541346","0.0-17.0-0.37","69cff69eb8da20e1ea8a2fbe","69d7901e3430d13455efb336","69e8e8510ffa043fcbc22498","<p style=""font-size: 60px; font-family: FragmentMono"">HRDYVPOC</p>","","","training","","","","","","","",""
"null","null","html-keyboard-response","450","542348","0.0-17.0-0.38","69cff69eb8da20e1ea8a2fbe","69d7901e3430d13455efb336","69e8e8510ffa043fcbc22498","<p style=""font-size: 60px; font-family: FragmentMono"">PJPTIDBPG</p>","","","training","","","","","","","",""
"null","null","html-keyboard-response","451","543349","0.0-17.0-0.39","69cff69eb8da20e1ea8a2fbe","69d7901e3430d13455efb336","69e8e8510ffa043fcbc22498","<p style=""font-size: 60px; font-family: FragmentMono"">ODOIEQZ</p>","","","training","","","","","","","",""
"null","null","html-keyboard-response","452","544351","0.0-17.0-0.40","69cff69eb8da20e1ea8a2fbe","69d7901e3430d13455efb336","69e8e8510ffa043fcbc22498","<p style=""font-size: 60px; font-family: FragmentMono"">VJGQJEYX</p>","","","training","","","","","","","",""
"null","null","html-keyboard-response","453","545353","0.0-17.0-0.41","69cff69eb8da20e1ea8a2fbe","69d7901e3430d13455efb336","69e8e8510ffa043fcbc22498","<p style=""font-size: 60px; font-family: FragmentMono"">HPWYTSL</p>","","","training","","","","","","","",""
"null","null","html-keyboard-response","454","546354","0.0-17.0-0.42","69cff69eb8da20e1ea8a2fbe","69d7901e3430d13455efb336","69e8e8510ffa043fcbc22498","<p style=""font-size: 60px; font-family: FragmentMono"">FSZRQHS</p>","","","training","","","","","","","",""
"null","null","html-keyboard-response","455","547355","0.0-17.0-0.43","69cff69eb8da20e1ea8a2fbe","69d7901e3430d13455efb336","69e8e8510ffa043fcbc22498","<p style=""font-size: 60px; font-family: FragmentMono"">GQFHXQWSN</p>","","","training","","","","","","","",""
"null","null","html-keyboard-response","456","548358","0.0-17.0-0.44","69cff69eb8da20e1ea8a2fbe","69d7901e3430d13455efb336","69e8e8510ffa043fcbc22498","<p style=""font-size: 60px; font-family: FragmentMono"">PJPTIPTP</p>","","","training","","","","","","","",""
"null","null","html-keyboard-response","457","549360","0.0-17.0-0.45","69cff69eb8da20e1ea8a2fbe","69d7901e3430d13455efb336","69e8e8510ffa043fcbc22498","<p style=""font-size: 60px; font-family: FragmentMono"">MJWMQWSN</p>","","","training","","","","","","","",""
"null","null","html-keyboard-response","458","550361","0.0-17.0-0.46","69cff69eb8da20e1ea8a2fbe","69d7901e3430d13455efb336","69e8e8510ffa043fcbc22498","<p style=""font-size: 60px; font-family: FragmentMono"">MEOFIXILS</p>","","","training","","","","","","","",""
"null","null","html-keyboard-response","459","551363","0.0-17.0-0.47","69cff69eb8da20e1ea8a2fbe","69d7901e3430d13455efb336","69e8e8510ffa043fcbc22498","<p style=""font-size: 60px; font-family: FragmentMono"">MJWMEQZ</p>","","","training","","","","","","","",""
"null","null","html-keyboard-response","460","552365","0.0-17.0-0.48","69cff69eb8da20e1ea8a2fbe","69d7901e3430d13455efb336","69e8e8510ffa043fcbc22498","<p style=""font-size: 60px; font-family: FragmentMono"">CDQBXILS</p>","","","training","","","","","","","",""
"null","null","html-keyboard-response","461","553366","0.0-17.0-0.49","69cff69eb8da20e1ea8a2fbe","69d7901e3430d13455efb336","69e8e8510ffa043fcbc22498","<p style=""font-size: 60px; font-family: FragmentMono"">HRDYQHS</p>","","","training","","","","","","","",""
"null","null","html-keyboard-response","462","554368","0.0-17.0-0.50","69cff69eb8da20e1ea8a2fbe","69d7901e3430d13455efb336","69e8e8510ffa043fcbc22498","<p style=""font-size: 60px; font-family: FragmentMono"">PBIQUPTP</p>","","","training","","","","","","","",""
"null","null","html-keyboard-response","463","555370","0.0-17.0-0.51","69cff69eb8da20e1ea8a2fbe","69d7901e3430d13455efb336","69e8e8510ffa043fcbc22498","<p style=""font-size: 60px; font-family: FragmentMono"">RWEQMDBPG</p>","","","training","","","","","","","",""
"null","null","html-keyboard-response","464","556371","0.0-17.0-0.52","69cff69eb8da20e1ea8a2fbe","69d7901e3430d13455efb336","69e8e8510ffa043fcbc22498","<p style=""font-size: 60px; font-family: FragmentMono"">REAHUTUZ</p>","","","training","","","","","","","",""
"null","null","html-keyboard-response","465","557373","0.0-17.0-0.53","69cff69eb8da20e1ea8a2fbe","69d7901e3430d13455efb336","69e8e8510ffa043fcbc22498","<p style=""font-size: 60px; font-family: FragmentMono"">RWEQMPTP</p>","","","training","","","","","","","",""
"null","null","html-keyboard-response","466","558375","0.0-17.0-0.54","69cff69eb8da20e1ea8a2fbe","69d7901e3430d13455efb336","69e8e8510ffa043fcbc22498","<p style=""font-size: 60px; font-family: FragmentMono"">FBMNQHS</p>","","","training","","","","","","","",""
"null","null","html-keyboard-response","467","559376","0.0-17.0-0.55","69cff69eb8da20e1ea8a2fbe","69d7901e3430d13455efb336","69e8e8510ffa043fcbc22498","<p style=""font-size: 60px; font-family: FragmentMono"">JVRUTSL</p>","","","training","","","","","","","",""
"null","null","html-keyboard-response","468","560378","0.0-17.0-0.56","69cff69eb8da20e1ea8a2fbe","69d7901e3430d13455efb336","69e8e8510ffa043fcbc22498","<p style=""font-size: 60px; font-family: FragmentMono"">HPWYEQZ</p>","","","training","","","","","","","",""
"null","null","html-keyboard-response","469","561380","0.0-17.0-0.57","69cff69eb8da20e1ea8a2fbe","69d7901e3430d13455efb336","69e8e8510ffa043fcbc22498","<p style=""font-size: 60px; font-family: FragmentMono"">WFQNZEYX</p>","","","training","","","","","","","",""
"null","null","html-keyboard-response","470","562381","0.0-17.0-0.58","69cff69eb8da20e1ea8a2fbe","69d7901e3430d13455efb336","69e8e8510ffa043fcbc22498","<p style=""font-size: 60px; font-family: FragmentMono"">ODOIQWSN</p>","","","training","","","","","","","",""
"null","null","html-keyboard-response","471","563383","0.0-17.0-0.59","69cff69eb8da20e1ea8a2fbe","69d7901e3430d13455efb336","69e8e8510ffa043fcbc22498","<p style=""font-size: 60px; font-family: FragmentMono"">PBIQUEQZ</p>","","","training","","","","","","","",""
"null","null","html-keyboard-response","472","564385","0.0-17.0-0.60","69cff69eb8da20e1ea8a2fbe","69d7901e3430d13455efb336","69e8e8510ffa043fcbc22498","<p style=""font-size: 60px; font-family: FragmentMono"">FSZRTUZ</p>","","","training","","","","","","","",""
"null","null","html-keyboard-response","473","565387","0.0-17.0-0.61","69cff69eb8da20e1ea8a2fbe","69d7901e3430d13455efb336","69e8e8510ffa043fcbc22498","<p style=""font-size: 60px; font-family: FragmentMono"">OGPGLDBPG</p>","","","training","","","","","","","",""
"null","null","html-keyboard-response","474","566388","0.0-17.0-0.62","69cff69eb8da20e1ea8a2fbe","69d7901e3430d13455efb336","69e8e8510ffa043fcbc22498","<p style=""font-size: 60px; font-family: FragmentMono"">UHUZPTP</p>","","","training","","","","","","","",""
"null","null","html-keyboard-response","475","567390","0.0-17.0-0.63","69cff69eb8da20e1ea8a2fbe","69d7901e3430d13455efb336","69e8e8510ffa043fcbc22498","<p style=""font-size: 60px; font-family: FragmentMono"">WFQNZVPOC</p>","","","training","","","","","","","",""
"null","null","html-keyboard-response","476","568392","0.0-17.0-0.64","69cff69eb8da20e1ea8a2fbe","69d7901e3430d13455efb336","69e8e8510ffa043fcbc22498","<p style=""font-size: 60px; font-family: FragmentMono"">MEOFITUZ</p>","","","training","","","","","","","",""
"null","null","html-keyboard-response","477","569393","0.0-17.0-0.65","69cff69eb8da20e1ea8a2fbe","69d7901e3430d13455efb336","69e8e8510ffa043fcbc22498","<p style=""font-size: 60px; font-family: FragmentMono"">XZQFQHS</p>","","","training","","","","","","","",""
"null","null","html-keyboard-response","478","570395","0.0-17.0-0.66","69cff69eb8da20e1ea8a2fbe","69d7901e3430d13455efb336","69e8e8510ffa043fcbc22498","<p style=""font-size: 60px; font-family: FragmentMono"">ODOITSL</p>","","","training","","","","","","","",""
"null","null","html-keyboard-response","479","571397","0.0-17.0-0.67","69cff69eb8da20e1ea8a2fbe","69d7901e3430d13455efb336","69e8e8510ffa043fcbc22498","<p style=""font-size: 60px; font-family: FragmentMono"">JVRUEQZ</p>","","","training","","","","","","","",""
"null","null","html-keyboard-response","480","572398","0.0-17.0-0.68","69cff69eb8da20e1ea8a2fbe","69d7901e3430d13455efb336","69e8e8510ffa043fcbc22498","<p style=""font-size: 60px; font-family: FragmentMono"">HPWYQWSN</p>","","","training","","","","","","","",""
"null","null","html-keyboard-response","481","573400","0.0-17.0-0.69","69cff69eb8da20e1ea8a2fbe","69d7901e3430d13455efb336","69e8e8510ffa043fcbc22498","<p style=""font-size: 60px; font-family: FragmentMono"">GQFHXPTP</p>","","","training","","","","","","","",""
"null","null","html-keyboard-response","482","574402","0.0-17.0-0.70","69cff69eb8da20e1ea8a2fbe","69d7901e3430d13455efb336","69e8e8510ffa043fcbc22498","<p style=""font-size: 60px; font-family: FragmentMono"">OGPGLEQZ</p>","","","training","","","","","","","",""
"null","null","html-keyboard-response","483","575402","0.0-17.0-0.71","69cff69eb8da20e1ea8a2fbe","69d7901e3430d13455efb336","69e8e8510ffa043fcbc22498","<p style=""font-size: 60px; font-family: FragmentMono"">PBIQUTSL</p>","","","training","","","","","","","",""
"null","null","html-keyboard-response","484","576405","0.0-17.0-0.72","69cff69eb8da20e1ea8a2fbe","69d7901e3430d13455efb336","69e8e8510ffa043fcbc22498","<p style=""font-size: 60px; font-family: FragmentMono"">FBMNEYX</p>","","","training","","","","","","","",""
"null","null","html-keyboard-response","485","577414","0.0-17.0-0.73","69cff69eb8da20e1ea8a2fbe","69d7901e3430d13455efb336","69e8e8510ffa043fcbc22498","<p style=""font-size: 60px; font-family: FragmentMono"">XZQFVPOC</p>","","","training","","","","","","","",""
"null","null","html-keyboard-response","486","578418","0.0-17.0-0.74","69cff69eb8da20e1ea8a2fbe","69d7901e3430d13455efb336","69e8e8510ffa043fcbc22498","<p style=""font-size: 60px; font-family: FragmentMono"">CDQBEYX</p>","","","training","","","","","","","",""
"null","null","html-keyboard-response","487","579419","0.0-17.0-0.75","69cff69eb8da20e1ea8a2fbe","69d7901e3430d13455efb336","69e8e8510ffa043fcbc22498","<p style=""font-size: 60px; font-family: FragmentMono"">GQFHXTSL</p>","","","training","","","","","","","",""
"null","null","html-keyboard-response","488","580420","0.0-17.0-0.76","69cff69eb8da20e1ea8a2fbe","69d7901e3430d13455efb336","69e8e8510ffa043fcbc22498","<p style=""font-size: 60px; font-family: FragmentMono"">RWEQMQWSN</p>","","","training","","","","","","","",""
"null","null","html-keyboard-response","489","581422","0.0-17.0-0.77","69cff69eb8da20e1ea8a2fbe","69d7901e3430d13455efb336","69e8e8510ffa043fcbc22498","<p style=""font-size: 60px; font-family: FragmentMono"">HRDYTUZ</p>","","","training","","","","","","","",""
"null","null","html-keyboard-response","490","582424","0.0-17.0-0.78","69cff69eb8da20e1ea8a2fbe","69d7901e3430d13455efb336","69e8e8510ffa043fcbc22498","<p style=""font-size: 60px; font-family: FragmentMono"">RKSFEYX</p>","","","training","","","","","","","",""
"null","null","html-keyboard-response","491","583426","0.0-17.0-0.79","69cff69eb8da20e1ea8a2fbe","69d7901e3430d13455efb336","69e8e8510ffa043fcbc22498","<p style=""font-size: 60px; font-family: FragmentMono"">FBMNVPOC</p>","","","training","","","","","","","",""
"8132"," ","html-keyboard-response","492","591559","0.0-18.0","69cff69eb8da20e1ea8a2fbe","69d7901e3430d13455efb336","69e8e8510ffa043fcbc22498","<p style=""font-size: 30px"">Great, you've seen the sixth block of words. You may now take a short break.</p>
      <p style=""font-size: 30px"">Press the spacebar when you're ready to continue.</p>","","","","","","","","","","",""
"null","null","html-keyboard-response","493","592562","0.0-19.0-0.0","69cff69eb8da20e1ea8a2fbe","69d7901e3430d13455efb336","69e8e8510ffa043fcbc22498","<p style=""font-size: 60px; font-family: FragmentMono"">XZQFQHS</p>","","","training","","","","","","","",""
"null","null","html-keyboard-response","494","593563","0.0-19.0-0.1","69cff69eb8da20e1ea8a2fbe","69d7901e3430d13455efb336","69e8e8510ffa043fcbc22498","<p style=""font-size: 60px; font-family: FragmentMono"">FSZRTUZ</p>","","","training","","","","","","","",""
"null","null","html-keyboard-response","495","594565","0.0-19.0-0.2","69cff69eb8da20e1ea8a2fbe","69d7901e3430d13455efb336","69e8e8510ffa043fcbc22498","<p style=""font-size: 60px; font-family: FragmentMono"">JVRUTSL</p>","","","training","","","","","","","",""
"null","null","html-keyboard-response","496","595567","0.0-19.0-0.3","69cff69eb8da20e1ea8a2fbe","69d7901e3430d13455efb336","69e8e8510ffa043fcbc22498","<p style=""font-size: 60px; font-family: FragmentMono"">FSZRQHS</p>","","","training","","","","","","","",""
"null","null","html-keyboard-response","497","596568","0.0-19.0-0.4","69cff69eb8da20e1ea8a2fbe","69d7901e3430d13455efb336","69e8e8510ffa043fcbc22498","<p style=""font-size: 60px; font-family: FragmentMono"">WFQNZTUZ</p>","","","training","","","","","","","",""
"null","null","html-keyboard-response","498","597570","0.0-19.0-0.5","69cff69eb8da20e1ea8a2fbe","69d7901e3430d13455efb336","69e8e8510ffa043fcbc22498","<p style=""font-size: 60px; font-family: FragmentMono"">HPWYQWSN</p>","","","training","","","","","","","",""
"null","null","html-keyboard-response","499","598572","0.0-19.0-0.6","69cff69eb8da20e1ea8a2fbe","69d7901e3430d13455efb336","69e8e8510ffa043fcbc22498","<p style=""font-size: 60px; font-family: FragmentMono"">FBMNXILS</p>","","","training","","","","","","","",""
"null","null","html-keyboard-response","500","599574","0.0-19.0-0.7","69cff69eb8da20e1ea8a2fbe","69d7901e3430d13455efb336","69e8e8510ffa043fcbc22498","<p style=""font-size: 60px; font-family: FragmentMono"">VJGQJVPOC</p>","","","training","","","","","","","",""
"null","null","html-keyboard-response","501","600576","0.0-19.0-0.8","69cff69eb8da20e1ea8a2fbe","69d7901e3430d13455efb336","69e8e8510ffa043fcbc22498","<p style=""font-size: 60px; font-family: FragmentMono"">UHUZPTP</p>","","","training","","","","","","","",""
"null","null","html-keyboard-response","502","601577","0.0-19.0-0.9","69cff69eb8da20e1ea8a2fbe","69d7901e3430d13455efb336","69e8e8510ffa043fcbc22498","<p style=""font-size: 60px; font-family: FragmentMono"">PJPTIQWSN</p>","","","training","","","","","","","",""
"null","null","html-keyboard-response","503","602579","0.0-19.0-0.10","69cff69eb8da20e1ea8a2fbe","69d7901e3430d13455efb336","69e8e8510ffa043fcbc22498","<p style=""font-size: 60px; font-family: FragmentMono"">JVRUEQZ</p>","","","training","","","","","","","",""
"null","null","html-keyboard-response","504","603580","0.0-19.0-0.11","69cff69eb8da20e1ea8a2fbe","69d7901e3430d13455efb336","69e8e8510ffa043fcbc22498","<p style=""font-size: 60px; font-family: FragmentMono"">HRDYVPOC</p>","","","training","","","","","","","",""
"null","null","html-keyboard-response","505","604582","0.0-19.0-0.12","69cff69eb8da20e1ea8a2fbe","69d7901e3430d13455efb336","69e8e8510ffa043fcbc22498","<p style=""font-size: 60px; font-family: FragmentMono"">CDQBEYX</p>","","","training","","","","","","","",""
"null","null","html-keyboard-response","506","605584","0.0-19.0-0.13","69cff69eb8da20e1ea8a2fbe","69d7901e3430d13455efb336","69e8e8510ffa043fcbc22498","<p style=""font-size: 60px; font-family: FragmentMono"">MEOFIQHS</p>","","","training","","","","","","","",""
"null","null","html-keyboard-response","507","606586","0.0-19.0-0.14","69cff69eb8da20e1ea8a2fbe","69d7901e3430d13455efb336","69e8e8510ffa043fcbc22498","<p style=""font-size: 60px; font-family: FragmentMono"">CDQBTUZ</p>","","","training","","","","","","","",""
"null","null","html-keyboard-response","508","607587","0.0-19.0-0.15","69cff69eb8da20e1ea8a2fbe","69d7901e3430d13455efb336","69e8e8510ffa043fcbc22498","<p style=""font-size: 60px; font-family: FragmentMono"">FSZRVPOC</p>","","","training","","","","","","","",""
"null","null","html-keyboard-response","509","608589","0.0-19.0-0.16","69cff69eb8da20e1ea8a2fbe","69d7901e3430d13455efb336","69e8e8510ffa043fcbc22498","<p style=""font-size: 60px; font-family: FragmentMono"">MJWMTSL</p>","","","training","","","","","","","",""
"null","null","html-keyboard-response","510","609591","0.0-19.0-0.17","69cff69eb8da20e1ea8a2fbe","69d7901e3430d13455efb336","69e8e8510ffa043fcbc22498","<p style=""font-size: 60px; font-family: FragmentMono"">REAHUVPOC</p>","","","training","","","","","","","",""
"null","null","html-keyboard-response","511","610593","0.0-19.0-0.18","69cff69eb8da20e1ea8a2fbe","69d7901e3430d13455efb336","69e8e8510ffa043fcbc22498","<p style=""font-size: 60px; font-family: FragmentMono"">HRDYXILS</p>","","","training","","","","","","","",""
"null","null","html-keyboard-response","512","611593","0.0-19.0-0.19","69cff69eb8da20e1ea8a2fbe","69d7901e3430d13455efb336","69e8e8510ffa043fcbc22498","<p style=""font-size: 60px; font-family: FragmentMono"">RWEQMTSL</p>","","","training","","","","","","","",""
"null","null","html-keyboard-response","513","612596","0.0-19.0-0.20","69cff69eb8da20e1ea8a2fbe","69d7901e3430d13455efb336","69e8e8510ffa043fcbc22498","<p style=""font-size: 60px; font-family: FragmentMono"">OGPGLQWSN</p>","","","training","","","","","","","",""
"null","null","html-keyboard-response","514","613597","0.0-19.0-0.21","69cff69eb8da20e1ea8a2fbe","69d7901e3430d13455efb336","69e8e8510ffa043fcbc22498","<p style=""font-size: 60px; font-family: FragmentMono"">GQFHXTSL</p>","","","training","","","","","","","",""
"null","null","html-keyboard-response","515","614599","0.0-19.0-0.22","69cff69eb8da20e1ea8a2fbe","69d7901e3430d13455efb336","69e8e8510ffa043fcbc22498","<p style=""font-size: 60px; font-family: FragmentMono"">RKSFXILS</p>","","","training","","","","","","","",""
"null","null","html-keyboard-response","516","615601","0.0-19.0-0.23","69cff69eb8da20e1ea8a2fbe","69d7901e3430d13455efb336","69e8e8510ffa043fcbc22498","<p style=""font-size: 60px; font-family: FragmentMono"">GQFHXQWSN</p>","","","training","","","","","","","",""
"null","null","html-keyboard-response","517","616603","0.0-19.0-0.24","69cff69eb8da20e1ea8a2fbe","69d7901e3430d13455efb336","69e8e8510ffa043fcbc22498","<p style=""font-size: 60px; font-family: FragmentMono"">UHUZDBPG</p>","","","training","","","","","","","",""
"null","null","html-keyboard-response","518","617604","0.0-19.0-0.25","69cff69eb8da20e1ea8a2fbe","69d7901e3430d13455efb336","69e8e8510ffa043fcbc22498","<p style=""font-size: 60px; font-family: FragmentMono"">WFQNZQHS</p>","","","training","","","","","","","",""
"null","null","html-keyboard-response","519","618606","0.0-19.0-0.26","69cff69eb8da20e1ea8a2fbe","69d7901e3430d13455efb336","69e8e8510ffa043fcbc22498","<p style=""font-size: 60px; font-family: FragmentMono"">MJWMPTP</p>","","","training","","","","","","","",""
"null","null","html-keyboard-response","520","619608","0.0-19.0-0.27","69cff69eb8da20e1ea8a2fbe","69d7901e3430d13455efb336","69e8e8510ffa043fcbc22498","<p style=""font-size: 60px; font-family: FragmentMono"">WFQNZEYX</p>","","","training","","","","","","","",""
"null","null","html-keyboard-response","521","620609","0.0-19.0-0.28","69cff69eb8da20e1ea8a2fbe","69d7901e3430d13455efb336","69e8e8510ffa043fcbc22498","<p style=""font-size: 60px; font-family: FragmentMono"">PBIQUPTP</p>","","","training","","","","","","","",""
"null","null","html-keyboard-response","522","621611","0.0-19.0-0.29","69cff69eb8da20e1ea8a2fbe","69d7901e3430d13455efb336","69e8e8510ffa043fcbc22498","<p style=""font-size: 60px; font-family: FragmentMono"">HRDYTUZ</p>","","","training","","","","","","","",""
"null","null","html-keyboard-response","523","622613","0.0-19.0-0.30","69cff69eb8da20e1ea8a2fbe","69d7901e3430d13455efb336","69e8e8510ffa043fcbc22498","<p style=""font-size: 60px; font-family: FragmentMono"">FSZREYX</p>","","","training","","","","","","","",""
"null","null","html-keyboard-response","524","623614","0.0-19.0-0.31","69cff69eb8da20e1ea8a2fbe","69d7901e3430d13455efb336","69e8e8510ffa043fcbc22498","<p style=""font-size: 60px; font-family: FragmentMono"">WFQNZVPOC</p>","","","training","","","","","","","",""
"null","null","html-keyboard-response","525","624616","0.0-19.0-0.32","69cff69eb8da20e1ea8a2fbe","69d7901e3430d13455efb336","69e8e8510ffa043fcbc22498","<p style=""font-size: 60px; font-family: FragmentMono"">JVRUDBPG</p>","","","training","","","","","","","",""
"null","null","html-keyboard-response","526","625618","0.0-19.0-0.33","69cff69eb8da20e1ea8a2fbe","69d7901e3430d13455efb336","69e8e8510ffa043fcbc22498","<p style=""font-size: 60px; font-family: FragmentMono"">MJWMEQZ</p>","","","training","","","","","","","",""
"null","null","html-keyboard-response","527","626619","0.0-19.0-0.34","69cff69eb8da20e1ea8a2fbe","69d7901e3430d13455efb336","69e8e8510ffa043fcbc22498","<p style=""font-size: 60px; font-family: FragmentMono"">XZQFXILS</p>","","","training","","","","","","","",""
"null","null","html-keyboard-response","528","627621","0.0-19.0-0.35","69cff69eb8da20e1ea8a2fbe","69d7901e3430d13455efb336","69e8e8510ffa043fcbc22498","<p style=""font-size: 60px; font-family: FragmentMono"">ODOIQWSN</p>","","","training","","","","","","","",""
"null","null","html-keyboard-response","529","628623","0.0-19.0-0.36","69cff69eb8da20e1ea8a2fbe","69d7901e3430d13455efb336","69e8e8510ffa043fcbc22498","<p style=""font-size: 60px; font-family: FragmentMono"">PBIQUEQZ</p>","","","training","","","","","","","",""
"null","null","html-keyboard-response","530","629625","0.0-19.0-0.37","69cff69eb8da20e1ea8a2fbe","69d7901e3430d13455efb336","69e8e8510ffa043fcbc22498","<p style=""font-size: 60px; font-family: FragmentMono"">FBMNEYX</p>","","","training","","","","","","","",""
"null","null","html-keyboard-response","531","630626","0.0-19.0-0.38","69cff69eb8da20e1ea8a2fbe","69d7901e3430d13455efb336","69e8e8510ffa043fcbc22498","<p style=""font-size: 60px; font-family: FragmentMono"">REAHUXILS</p>","","","training","","","","","","","",""
"null","null","html-keyboard-response","532","631628","0.0-19.0-0.39","69cff69eb8da20e1ea8a2fbe","69d7901e3430d13455efb336","69e8e8510ffa043fcbc22498","<p style=""font-size: 60px; font-family: FragmentMono"">GQFHXDBPG</p>","","","training","","","","","","","",""
"null","null","html-keyboard-response","533","632630","0.0-19.0-0.40","69cff69eb8da20e1ea8a2fbe","69d7901e3430d13455efb336","69e8e8510ffa043fcbc22498","<p style=""font-size: 60px; font-family: FragmentMono"">HPWYTSL</p>","","","training","","","","","","","",""
"null","null","html-keyboard-response","534","633631","0.0-19.0-0.41","69cff69eb8da20e1ea8a2fbe","69d7901e3430d13455efb336","69e8e8510ffa043fcbc22498","<p style=""font-size: 60px; font-family: FragmentMono"">RWEQMQWSN</p>","","","training","","","","","","","",""
"null","null","html-keyboard-response","535","634633","0.0-19.0-0.42","69cff69eb8da20e1ea8a2fbe","69d7901e3430d13455efb336","69e8e8510ffa043fcbc22498","<p style=""font-size: 60px; font-family: FragmentMono"">UHUZTSL</p>","","","training","","","","","","","",""
"null","null","html-keyboard-response","536","635635","0.0-19.0-0.43","69cff69eb8da20e1ea8a2fbe","69d7901e3430d13455efb336","69e8e8510ffa043fcbc22498","<p style=""font-size: 60px; font-family: FragmentMono"">XZQFVPOC</p>","","","training","","","","","","","",""
"null","null","html-keyboard-response","537","636637","0.0-19.0-0.44","69cff69eb8da20e1ea8a2fbe","69d7901e3430d13455efb336","69e8e8510ffa043fcbc22498","<p style=""font-size: 60px; font-family: FragmentMono"">VJGQJEYX</p>","","","training","","","","","","","",""
"null","null","html-keyboard-response","538","637638","0.0-19.0-0.45","69cff69eb8da20e1ea8a2fbe","69d7901e3430d13455efb336","69e8e8510ffa043fcbc22498","<p style=""font-size: 60px; font-family: FragmentMono"">RWEQMPTP</p>","","","training","","","","","","","",""
"null","null","html-keyboard-response","539","638640","0.0-19.0-0.46","69cff69eb8da20e1ea8a2fbe","69d7901e3430d13455efb336","69e8e8510ffa043fcbc22498","<p style=""font-size: 60px; font-family: FragmentMono"">HRDYQHS</p>","","","training","","","","","","","",""
"null","null","html-keyboard-response","540","639642","0.0-19.0-0.47","69cff69eb8da20e1ea8a2fbe","69d7901e3430d13455efb336","69e8e8510ffa043fcbc22498","<p style=""font-size: 60px; font-family: FragmentMono"">CDQBXILS</p>","","","training","","","","","","","",""
"null","null","html-keyboard-response","541","640643","0.0-19.0-0.48","69cff69eb8da20e1ea8a2fbe","69d7901e3430d13455efb336","69e8e8510ffa043fcbc22498","<p style=""font-size: 60px; font-family: FragmentMono"">RKSFEYX</p>","","","training","","","","","","","",""
"null","null","html-keyboard-response","542","641645","0.0-19.0-0.49","69cff69eb8da20e1ea8a2fbe","69d7901e3430d13455efb336","69e8e8510ffa043fcbc22498","<p style=""font-size: 60px; font-family: FragmentMono"">HPWYEQZ</p>","","","training","","","","","","","",""
"null","null","html-keyboard-response","543","642647","0.0-19.0-0.50","69cff69eb8da20e1ea8a2fbe","69d7901e3430d13455efb336","69e8e8510ffa043fcbc22498","<p style=""font-size: 60px; font-family: FragmentMono"">MEOFIXILS</p>","","","training","","","","","","","",""
"null","null","html-keyboard-response","544","643648","0.0-19.0-0.51","69cff69eb8da20e1ea8a2fbe","69d7901e3430d13455efb336","69e8e8510ffa043fcbc22498","<p style=""font-size: 60px; font-family: FragmentMono"">FBMNVPOC</p>","","","training","","","","","","","",""
"null","null","html-keyboard-response","545","644650","0.0-19.0-0.52","69cff69eb8da20e1ea8a2fbe","69d7901e3430d13455efb336","69e8e8510ffa043fcbc22498","<p style=""font-size: 60px; font-family: FragmentMono"">OGPGLDBPG</p>","","","training","","","","","","","",""
"null","null","html-keyboard-response","546","645652","0.0-19.0-0.53","69cff69eb8da20e1ea8a2fbe","69d7901e3430d13455efb336","69e8e8510ffa043fcbc22498","<p style=""font-size: 60px; font-family: FragmentMono"">PBIQUTSL</p>","","","training","","","","","","","",""
"null","null","html-keyboard-response","547","646653","0.0-19.0-0.54","69cff69eb8da20e1ea8a2fbe","69d7901e3430d13455efb336","69e8e8510ffa043fcbc22498","<p style=""font-size: 60px; font-family: FragmentMono"">ODOIEQZ</p>","","","training","","","","","","","",""
"null","null","html-keyboard-response","548","647655","0.0-19.0-0.55","69cff69eb8da20e1ea8a2fbe","69d7901e3430d13455efb336","69e8e8510ffa043fcbc22498","<p style=""font-size: 60px; font-family: FragmentMono"">PBIQUQWSN</p>","","","training","","","","","","","",""
"null","null","html-keyboard-response","549","648656","0.0-19.0-0.56","69cff69eb8da20e1ea8a2fbe","69d7901e3430d13455efb336","69e8e8510ffa043fcbc22498","<p style=""font-size: 60px; font-family: FragmentMono"">VJGQJTUZ</p>","","","training","","","","","","","",""
"null","null","html-keyboard-response","550","649658","0.0-19.0-0.57","69cff69eb8da20e1ea8a2fbe","69d7901e3430d13455efb336","69e8e8510ffa043fcbc22498","<p style=""font-size: 60px; font-family: FragmentMono"">PJPTIPTP</p>","","","training","","","","","","","",""
"null","null","html-keyboard-response","551","650661","0.0-19.0-0.58","69cff69eb8da20e1ea8a2fbe","69d7901e3430d13455efb336","69e8e8510ffa043fcbc22498","<p style=""font-size: 60px; font-family: FragmentMono"">RKSFQHS</p>","","","training","","","","","","","",""
"null","null","html-keyboard-response","552","651662","0.0-19.0-0.59","69cff69eb8da20e1ea8a2fbe","69d7901e3430d13455efb336","69e8e8510ffa043fcbc22498","<p style=""font-size: 60px; font-family: FragmentMono"">GQFHXPTP</p>","","","training","","","","","","","",""
"null","null","html-keyboard-response","553","652663","0.0-19.0-0.60","69cff69eb8da20e1ea8a2fbe","69d7901e3430d13455efb336","69e8e8510ffa043fcbc22498","<p style=""font-size: 60px; font-family: FragmentMono"">PJPTIEQZ</p>","","","training","","","","","","","",""
"null","null","html-keyboard-response","554","653666","0.0-19.0-0.61","69cff69eb8da20e1ea8a2fbe","69d7901e3430d13455efb336","69e8e8510ffa043fcbc22498","<p style=""font-size: 60px; font-family: FragmentMono"">ODOIDBPG</p>","","","training","","","","","","","",""
"null","null","html-keyboard-response","555","654667","0.0-19.0-0.62","69cff69eb8da20e1ea8a2fbe","69d7901e3430d13455efb336","69e8e8510ffa043fcbc22498","<p style=""font-size: 60px; font-family: FragmentMono"">REAHUTUZ</p>","","","training","","","","","","","",""
"null","null","html-keyboard-response","556","655669","0.0-19.0-0.63","69cff69eb8da20e1ea8a2fbe","69d7901e3430d13455efb336","69e8e8510ffa043fcbc22498","<p style=""font-size: 60px; font-family: FragmentMono"">JVRUPTP</p>","","","training","","","","","","","",""
"null","null","html-keyboard-response","557","656671","0.0-19.0-0.64","69cff69eb8da20e1ea8a2fbe","69d7901e3430d13455efb336","69e8e8510ffa043fcbc22498","<p style=""font-size: 60px; font-family: FragmentMono"">PJPTIDBPG</p>","","","training","","","","","","","",""
"null","null","html-keyboard-response","558","657673","0.0-19.0-0.65","69cff69eb8da20e1ea8a2fbe","69d7901e3430d13455efb336","69e8e8510ffa043fcbc22498","<p style=""font-size: 60px; font-family: FragmentMono"">MEOFIEYX</p>","","","training","","","","","","","",""
"null","null","html-keyboard-response","559","658674","0.0-19.0-0.66","69cff69eb8da20e1ea8a2fbe","69d7901e3430d13455efb336","69e8e8510ffa043fcbc22498","<p style=""font-size: 60px; font-family: FragmentMono"">OGPGLPTP</p>","","","training","","","","","","","",""
"null","null","html-keyboard-response","560","659676","0.0-19.0-0.67","69cff69eb8da20e1ea8a2fbe","69d7901e3430d13455efb336","69e8e8510ffa043fcbc22498","<p style=""font-size: 60px; font-family: FragmentMono"">XZQFEYX</p>","","","training","","","","","","","",""
"null","null","html-keyboard-response","561","660678","0.0-19.0-0.68","69cff69eb8da20e1ea8a2fbe","69d7901e3430d13455efb336","69e8e8510ffa043fcbc22498","<p style=""font-size: 60px; font-family: FragmentMono"">OGPGLEQZ</p>","","","training","","","","","","","",""
"null","null","html-keyboard-response","562","661679","0.0-19.0-0.69","69cff69eb8da20e1ea8a2fbe","69d7901e3430d13455efb336","69e8e8510ffa043fcbc22498","<p style=""font-size: 60px; font-family: FragmentMono"">CDQBVPOC</p>","","","training","","","","","","","",""
"null","null","html-keyboard-response","563","662680","0.0-19.0-0.70","69cff69eb8da20e1ea8a2fbe","69d7901e3430d13455efb336","69e8e8510ffa043fcbc22498","<p style=""font-size: 60px; font-family: FragmentMono"">ODOITSL</p>","","","training","","","","","","","",""
"null","null","html-keyboard-response","564","663683","0.0-19.0-0.71","69cff69eb8da20e1ea8a2fbe","69d7901e3430d13455efb336","69e8e8510ffa043fcbc22498","<p style=""font-size: 60px; font-family: FragmentMono"">RKSFTUZ</p>","","","training","","","","","","","",""
"null","null","html-keyboard-response","565","664684","0.0-19.0-0.72","69cff69eb8da20e1ea8a2fbe","69d7901e3430d13455efb336","69e8e8510ffa043fcbc22498","<p style=""font-size: 60px; font-family: FragmentMono"">RWEQMDBPG</p>","","","training","","","","","","","",""
"null","null","html-keyboard-response","566","665686","0.0-19.0-0.73","69cff69eb8da20e1ea8a2fbe","69d7901e3430d13455efb336","69e8e8510ffa043fcbc22498","<p style=""font-size: 60px; font-family: FragmentMono"">MEOFITUZ</p>","","","training","","","","","","","",""
"null","null","html-keyboard-response","567","666688","0.0-19.0-0.74","69cff69eb8da20e1ea8a2fbe","69d7901e3430d13455efb336","69e8e8510ffa043fcbc22498","<p style=""font-size: 60px; font-family: FragmentMono"">HPWYDBPG</p>","","","training","","","","","","","",""
"null","null","html-keyboard-response","568","667689","0.0-19.0-0.75","69cff69eb8da20e1ea8a2fbe","69d7901e3430d13455efb336","69e8e8510ffa043fcbc22498","<p style=""font-size: 60px; font-family: FragmentMono"">MJWMQWSN</p>","","","training","","","","","","","",""
"null","null","html-keyboard-response","569","668691","0.0-19.0-0.76","69cff69eb8da20e1ea8a2fbe","69d7901e3430d13455efb336","69e8e8510ffa043fcbc22498","<p style=""font-size: 60px; font-family: FragmentMono"">UHUZEQZ</p>","","","training","","","","","","","",""
"null","null","html-keyboard-response","570","669693","0.0-19.0-0.77","69cff69eb8da20e1ea8a2fbe","69d7901e3430d13455efb336","69e8e8510ffa043fcbc22498","<p style=""font-size: 60px; font-family: FragmentMono"">REAHUQHS</p>","","","training","","","","","","","",""
"null","null","html-keyboard-response","571","670694","0.0-19.0-0.78","69cff69eb8da20e1ea8a2fbe","69d7901e3430d13455efb336","69e8e8510ffa043fcbc22498","<p style=""font-size: 60px; font-family: FragmentMono"">VJGQJXILS</p>","","","training","","","","","","","",""
"null","null","html-keyboard-response","572","671696","0.0-19.0-0.79","69cff69eb8da20e1ea8a2fbe","69d7901e3430d13455efb336","69e8e8510ffa043fcbc22498","<p style=""font-size: 60px; font-family: FragmentMono"">FBMNQHS</p>","","","training","","","","","","","",""
"4424"," ","html-keyboard-response","573","676121","0.0-20.0","69cff69eb8da20e1ea8a2fbe","69d7901e3430d13455efb336","69e8e8510ffa043fcbc22498","<p style=""font-size: 30px"">Great, you've seen the seventh block of words. You may now take a short break.</p>
      <p style=""font-size: 30px"">Press the spacebar when you're ready to continue.</p>","","","","","","","","","","",""
"null","null","html-keyboard-response","574","677122","0.0-21.0-0.0","69cff69eb8da20e1ea8a2fbe","69d7901e3430d13455efb336","69e8e8510ffa043fcbc22498","<p style=""font-size: 60px; font-family: FragmentMono"">WFQNZTUZ</p>","","","training","","","","","","","",""
"null","null","html-keyboard-response","575","678123","0.0-21.0-0.1","69cff69eb8da20e1ea8a2fbe","69d7901e3430d13455efb336","69e8e8510ffa043fcbc22498","<p style=""font-size: 60px; font-family: FragmentMono"">FBMNEYX</p>","","","training","","","","","","","",""
"null","null","html-keyboard-response","576","679125","0.0-21.0-0.2","69cff69eb8da20e1ea8a2fbe","69d7901e3430d13455efb336","69e8e8510ffa043fcbc22498","<p style=""font-size: 60px; font-family: FragmentMono"">HPWYTSL</p>","","","training","","","","","","","",""
"null","null","html-keyboard-response","577","680127","0.0-21.0-0.3","69cff69eb8da20e1ea8a2fbe","69d7901e3430d13455efb336","69e8e8510ffa043fcbc22498","<p style=""font-size: 60px; font-family: FragmentMono"">FBMNXILS</p>","","","training","","","","","","","",""
"null","null","html-keyboard-response","578","681129","0.0-21.0-0.4","69cff69eb8da20e1ea8a2fbe","69d7901e3430d13455efb336","69e8e8510ffa043fcbc22498","<p style=""font-size: 60px; font-family: FragmentMono"">VJGQJVPOC</p>","","","training","","","","","","","",""
"null","null","html-keyboard-response","579","682130","0.0-21.0-0.5","69cff69eb8da20e1ea8a2fbe","69d7901e3430d13455efb336","69e8e8510ffa043fcbc22498","<p style=""font-size: 60px; font-family: FragmentMono"">HRDYQHS</p>","","","training","","","","","","","",""
"null","null","html-keyboard-response","580","683132","0.0-21.0-0.6","69cff69eb8da20e1ea8a2fbe","69d7901e3430d13455efb336","69e8e8510ffa043fcbc22498","<p style=""font-size: 60px; font-family: FragmentMono"">XZQFXILS</p>","","","training","","","","","","","",""
"null","null","html-keyboard-response","581","684134","0.0-21.0-0.7","69cff69eb8da20e1ea8a2fbe","69d7901e3430d13455efb336","69e8e8510ffa043fcbc22498","<p style=""font-size: 60px; font-family: FragmentMono"">HRDYTUZ</p>","","","training","","","","","","","",""
"null","null","html-keyboard-response","582","685136","0.0-21.0-0.8","69cff69eb8da20e1ea8a2fbe","69d7901e3430d13455efb336","69e8e8510ffa043fcbc22498","<p style=""font-size: 60px; font-family: FragmentMono"">PBIQUQWSN</p>","","","training","","","","","","","",""
"null","null","html-keyboard-response","583","686137","0.0-21.0-0.9","69cff69eb8da20e1ea8a2fbe","69d7901e3430d13455efb336","69e8e8510ffa043fcbc22498","<p style=""font-size: 60px; font-family: FragmentMono"">ODOIEQZ</p>","","","training","","","","","","","",""
"null","null","html-keyboard-response","584","687139","0.0-21.0-0.10","69cff69eb8da20e1ea8a2fbe","69d7901e3430d13455efb336","69e8e8510ffa043fcbc22498","<p style=""font-size: 60px; font-family: FragmentMono"">MEOFIEYX</p>","","","training","","","","","","","",""
"null","null","html-keyboard-response","585","688140","0.0-21.0-0.11","69cff69eb8da20e1ea8a2fbe","69d7901e3430d13455efb336","69e8e8510ffa043fcbc22498","<p style=""font-size: 60px; font-family: FragmentMono"">UHUZTSL</p>","","","training","","","","","","","",""
"null","null","html-keyboard-response","586","689143","0.0-21.0-0.12","69cff69eb8da20e1ea8a2fbe","69d7901e3430d13455efb336","69e8e8510ffa043fcbc22498","<p style=""font-size: 60px; font-family: FragmentMono"">REAHUQHS</p>","","","training","","","","","","","",""
"null","null","html-keyboard-response","587","690144","0.0-21.0-0.13","69cff69eb8da20e1ea8a2fbe","69d7901e3430d13455efb336","69e8e8510ffa043fcbc22498","<p style=""font-size: 60px; font-family: FragmentMono"">MJWMTSL</p>","","","training","","","","","","","",""
"null","null","html-keyboard-response","588","691146","0.0-21.0-0.14","69cff69eb8da20e1ea8a2fbe","69d7901e3430d13455efb336","69e8e8510ffa043fcbc22498","<p style=""font-size: 60px; font-family: FragmentMono"">RKSFXILS</p>","","","training","","","","","","","",""
"null","null","html-keyboard-response","589","692147","0.0-21.0-0.15","69cff69eb8da20e1ea8a2fbe","69d7901e3430d13455efb336","69e8e8510ffa043fcbc22498","<p style=""font-size: 60px; font-family: FragmentMono"">GQFHXQWSN</p>","","","training","","","","","","","",""
"null","null","html-keyboard-response","590","693149","0.0-21.0-0.16","69cff69eb8da20e1ea8a2fbe","69d7901e3430d13455efb336","69e8e8510ffa043fcbc22498","<p style=""font-size: 60px; font-family: FragmentMono"">CDQBXILS</p>","","","training","","","","","","","",""
"null","null","html-keyboard-response","591","694151","0.0-21.0-0.17","69cff69eb8da20e1ea8a2fbe","69d7901e3430d13455efb336","69e8e8510ffa043fcbc22498","<p style=""font-size: 60px; font-family: FragmentMono"">XZQFEYX</p>","","","training","","","","","","","",""
"null","null","html-keyboard-response","592","695153","0.0-21.0-0.18","69cff69eb8da20e1ea8a2fbe","69d7901e3430d13455efb336","69e8e8510ffa043fcbc22498","<p style=""font-size: 60px; font-family: FragmentMono"">GQFHXDBPG</p>","","","training","","","","","","","",""
"null","null","html-keyboard-response","593","696154","0.0-21.0-0.19","69cff69eb8da20e1ea8a2fbe","69d7901e3430d13455efb336","69e8e8510ffa043fcbc22498","<p style=""font-size: 60px; font-family: FragmentMono"">XZQFQHS</p>","","","training","","","","","","","",""
"null","null","html-keyboard-response","594","697156","0.0-21.0-0.20","69cff69eb8da20e1ea8a2fbe","69d7901e3430d13455efb336","69e8e8510ffa043fcbc22498","<p style=""font-size: 60px; font-family: FragmentMono"">RKSFEYX</p>","","","training","","","","","","","",""
"null","null","html-keyboard-response","595","698157","0.0-21.0-0.21","69cff69eb8da20e1ea8a2fbe","69d7901e3430d13455efb336","69e8e8510ffa043fcbc22498","<p style=""font-size: 60px; font-family: FragmentMono"">JVRUTSL</p>","","","training","","","","","","","",""
"null","null","html-keyboard-response","596","699159","0.0-21.0-0.22","69cff69eb8da20e1ea8a2fbe","69d7901e3430d13455efb336","69e8e8510ffa043fcbc22498","<p style=""font-size: 60px; font-family: FragmentMono"">CDQBEYX</p>","","","training","","","","","","","",""
"null","null","html-keyboard-response","597","700161","0.0-21.0-0.23","69cff69eb8da20e1ea8a2fbe","69d7901e3430d13455efb336","69e8e8510ffa043fcbc22498","<p style=""font-size: 60px; font-family: FragmentMono"">PBIQUTSL</p>","","","training","","","","","","","",""
"null","null","html-keyboard-response","598","701162","0.0-21.0-0.24","69cff69eb8da20e1ea8a2fbe","69d7901e3430d13455efb336","69e8e8510ffa043fcbc22498","<p style=""font-size: 60px; font-family: FragmentMono"">WFQNZQHS</p>","","","training","","","","","","","",""
"null","null","html-keyboard-response","599","702164","0.0-21.0-0.25","69cff69eb8da20e1ea8a2fbe","69d7901e3430d13455efb336","69e8e8510ffa043fcbc22498","<p style=""font-size: 60px; font-family: FragmentMono"">PBIQUEQZ</p>","","","training","","","","","","","",""
"null","null","html-keyboard-response","600","703166","0.0-21.0-0.26","69cff69eb8da20e1ea8a2fbe","69d7901e3430d13455efb336","69e8e8510ffa043fcbc22498","<p style=""font-size: 60px; font-family: FragmentMono"">MJWMPTP</p>","","","training","","","","","","","",""
"null","null","html-keyboard-response","601","704167","0.0-21.0-0.27","69cff69eb8da20e1ea8a2fbe","69d7901e3430d13455efb336","69e8e8510ffa043fcbc22498","<p style=""font-size: 60px; font-family: FragmentMono"">FSZRTUZ</p>","","","training","","","","","","","",""
"null","null","html-keyboard-response","602","705169","0.0-21.0-0.28","69cff69eb8da20e1ea8a2fbe","69d7901e3430d13455efb336","69e8e8510ffa043fcbc22498","<p style=""font-size: 60px; font-family: FragmentMono"">MEOFIQHS</p>","","","training","","","","","","","",""
"null","null","html-keyboard-response","603","706171","0.0-21.0-0.29","69cff69eb8da20e1ea8a2fbe","69d7901e3430d13455efb336","69e8e8510ffa043fcbc22498","<p style=""font-size: 60px; font-family: FragmentMono"">JVRUPTP</p>","","","training","","","","","","","",""
"null","null","html-keyboard-response","604","707172","0.0-21.0-0.30","69cff69eb8da20e1ea8a2fbe","69d7901e3430d13455efb336","69e8e8510ffa043fcbc22498","<p style=""font-size: 60px; font-family: FragmentMono"">FSZRVPOC</p>","","","training","","","","","","","",""
"null","null","html-keyboard-response","605","708174","0.0-21.0-0.31","69cff69eb8da20e1ea8a2fbe","69d7901e3430d13455efb336","69e8e8510ffa043fcbc22498","<p style=""font-size: 60px; font-family: FragmentMono"">GQFHXTSL</p>","","","training","","","","","","","",""
"null","null","html-keyboard-response","606","709176","0.0-21.0-0.32","69cff69eb8da20e1ea8a2fbe","69d7901e3430d13455efb336","69e8e8510ffa043fcbc22498","<p style=""font-size: 60px; font-family: FragmentMono"">JVRUEQZ</p>","","","training","","","","","","","",""
"null","null","html-keyboard-response","607","710179","0.0-21.0-0.33","69cff69eb8da20e1ea8a2fbe","69d7901e3430d13455efb336","69e8e8510ffa043fcbc22498","<p style=""font-size: 60px; font-family: FragmentMono"">HRDYVPOC</p>","","","training","","","","","","","",""
"null","null","html-keyboard-response","608","711180","0.0-21.0-0.34","69cff69eb8da20e1ea8a2fbe","69d7901e3430d13455efb336","69e8e8510ffa043fcbc22498","<p style=""font-size: 60px; font-family: FragmentMono"">VJGQJTUZ</p>","","","training","","","","","","","",""
"null","null","html-keyboard-response","609","712182","0.0-21.0-0.35","69cff69eb8da20e1ea8a2fbe","69d7901e3430d13455efb336","69e8e8510ffa043fcbc22498","<p style=""font-size: 60px; font-family: FragmentMono"">PJPTIDBPG</p>","","","training","","","","","","","",""
"null","null","html-keyboard-response","610","713183","0.0-21.0-0.36","69cff69eb8da20e1ea8a2fbe","69d7901e3430d13455efb336","69e8e8510ffa043fcbc22498","<p style=""font-size: 60px; font-family: FragmentMono"">RWEQMPTP</p>","","","training","","","","","","","",""
"null","null","html-keyboard-response","611","714185","0.0-21.0-0.37","69cff69eb8da20e1ea8a2fbe","69d7901e3430d13455efb336","69e8e8510ffa043fcbc22498","<p style=""font-size: 60px; font-family: FragmentMono"">REAHUTUZ</p>","","","training","","","","","","","",""
"null","null","html-keyboard-response","612","715187","0.0-21.0-0.38","69cff69eb8da20e1ea8a2fbe","69d7901e3430d13455efb336","69e8e8510ffa043fcbc22498","<p style=""font-size: 60px; font-family: FragmentMono"">UHUZDBPG</p>","","","training","","","","","","","",""
"null","null","html-keyboard-response","613","716188","0.0-21.0-0.39","69cff69eb8da20e1ea8a2fbe","69d7901e3430d13455efb336","69e8e8510ffa043fcbc22498","<p style=""font-size: 60px; font-family: FragmentMono"">RKSFTUZ</p>","","","training","","","","","","","",""
"null","null","html-keyboard-response","614","717190","0.0-21.0-0.40","69cff69eb8da20e1ea8a2fbe","69d7901e3430d13455efb336","69e8e8510ffa043fcbc22498","<p style=""font-size: 60px; font-family: FragmentMono"">UHUZPTP</p>","","","training","","","","","","","",""
"null","null","html-keyboard-response","615","718192","0.0-21.0-0.41","69cff69eb8da20e1ea8a2fbe","69d7901e3430d13455efb336","69e8e8510ffa043fcbc22498","<p style=""font-size: 60px; font-family: FragmentMono"">HPWYQWSN</p>","","","training","","","","","","","",""
"null","null","html-keyboard-response","616","719194","0.0-21.0-0.42","69cff69eb8da20e1ea8a2fbe","69d7901e3430d13455efb336","69e8e8510ffa043fcbc22498","<p style=""font-size: 60px; font-family: FragmentMono"">UHUZEQZ</p>","","","training","","","","","","","",""
"null","null","html-keyboard-response","617","720195","0.0-21.0-0.43","69cff69eb8da20e1ea8a2fbe","69d7901e3430d13455efb336","69e8e8510ffa043fcbc22498","<p style=""font-size: 60px; font-family: FragmentMono"">HPWYDBPG</p>","","","training","","","","","","","",""
"null","null","html-keyboard-response","618","721197","0.0-21.0-0.44","69cff69eb8da20e1ea8a2fbe","69d7901e3430d13455efb336","69e8e8510ffa043fcbc22498","<p style=""font-size: 60px; font-family: FragmentMono"">MJWMEQZ</p>","","","training","","","","","","","",""
"null","null","html-keyboard-response","619","722198","0.0-21.0-0.45","69cff69eb8da20e1ea8a2fbe","69d7901e3430d13455efb336","69e8e8510ffa043fcbc22498","<p style=""font-size: 60px; font-family: FragmentMono"">REAHUVPOC</p>","","","training","","","","","","","",""
"null","null","html-keyboard-response","620","723200","0.0-21.0-0.46","69cff69eb8da20e1ea8a2fbe","69d7901e3430d13455efb336","69e8e8510ffa043fcbc22498","<p style=""font-size: 60px; font-family: FragmentMono"">RWEQMQWSN</p>","","","training","","","","","","","",""
"null","null","html-keyboard-response","621","724202","0.0-21.0-0.47","69cff69eb8da20e1ea8a2fbe","69d7901e3430d13455efb336","69e8e8510ffa043fcbc22498","<p style=""font-size: 60px; font-family: FragmentMono"">GQFHXPTP</p>","","","training","","","","","","","",""
"null","null","html-keyboard-response","622","725204","0.0-21.0-0.48","69cff69eb8da20e1ea8a2fbe","69d7901e3430d13455efb336","69e8e8510ffa043fcbc22498","<p style=""font-size: 60px; font-family: FragmentMono"">MEOFIXILS</p>","","","training","","","","","","","",""
"null","null","html-keyboard-response","623","726206","0.0-21.0-0.49","69cff69eb8da20e1ea8a2fbe","69d7901e3430d13455efb336","69e8e8510ffa043fcbc22498","<p style=""font-size: 60px; font-family: FragmentMono"">OGPGLEQZ</p>","","","training","","","","","","","",""
"null","null","html-keyboard-response","624","727207","0.0-21.0-0.50","69cff69eb8da20e1ea8a2fbe","69d7901e3430d13455efb336","69e8e8510ffa043fcbc22498","<p style=""font-size: 60px; font-family: FragmentMono"">WFQNZVPOC</p>","","","training","","","","","","","",""
"null","null","html-keyboard-response","625","728210","0.0-21.0-0.51","69cff69eb8da20e1ea8a2fbe","69d7901e3430d13455efb336","69e8e8510ffa043fcbc22498","<p style=""font-size: 60px; font-family: FragmentMono"">OGPGLQWSN</p>","","","training","","","","","","","",""
"null","null","html-keyboard-response","626","729211","0.0-21.0-0.52","69cff69eb8da20e1ea8a2fbe","69d7901e3430d13455efb336","69e8e8510ffa043fcbc22498","<p style=""font-size: 60px; font-family: FragmentMono"">FBMNQHS</p>","","","training","","","","","","","",""
"null","null","html-keyboard-response","627","730213","0.0-21.0-0.53","69cff69eb8da20e1ea8a2fbe","69d7901e3430d13455efb336","69e8e8510ffa043fcbc22498","<p style=""font-size: 60px; font-family: FragmentMono"">XZQFVPOC</p>","","","training","","","","","","","",""
"null","null","html-keyboard-response","628","731218","0.0-21.0-0.54","69cff69eb8da20e1ea8a2fbe","69d7901e3430d13455efb336","69e8e8510ffa043fcbc22498","<p style=""font-size: 60px; font-family: FragmentMono"">MEOFITUZ</p>","","","training","","","","","","","",""
"null","null","html-keyboard-response","629","732220","0.0-21.0-0.55","69cff69eb8da20e1ea8a2fbe","69d7901e3430d13455efb336","69e8e8510ffa043fcbc22498","<p style=""font-size: 60px; font-family: FragmentMono"">HPWYEQZ</p>","","","training","","","","","","","",""
"null","null","html-keyboard-response","630","733221","0.0-21.0-0.56","69cff69eb8da20e1ea8a2fbe","69d7901e3430d13455efb336","69e8e8510ffa043fcbc22498","<p style=""font-size: 60px; font-family: FragmentMono"">CDQBTUZ</p>","","","training","","","","","","","",""
"null","null","html-keyboard-response","631","734223","0.0-21.0-0.57","69cff69eb8da20e1ea8a2fbe","69d7901e3430d13455efb336","69e8e8510ffa043fcbc22498","<p style=""font-size: 60px; font-family: FragmentMono"">PJPTIEQZ</p>","","","training","","","","","","","",""
"null","null","html-keyboard-response","632","735225","0.0-21.0-0.58","69cff69eb8da20e1ea8a2fbe","69d7901e3430d13455efb336","69e8e8510ffa043fcbc22498","<p style=""font-size: 60px; font-family: FragmentMono"">RWEQMDBPG</p>","","","training","","","","","","","",""
"null","null","html-keyboard-response","633","736226","0.0-21.0-0.59","69cff69eb8da20e1ea8a2fbe","69d7901e3430d13455efb336","69e8e8510ffa043fcbc22498","<p style=""font-size: 60px; font-family: FragmentMono"">HRDYXILS</p>","","","training","","","","","","","",""
"null","null","html-keyboard-response","634","737228","0.0-21.0-0.60","69cff69eb8da20e1ea8a2fbe","69d7901e3430d13455efb336","69e8e8510ffa043fcbc22498","<p style=""font-size: 60px; font-family: FragmentMono"">PJPTIQWSN</p>","","","training","","","","","","","",""
"null","null","html-keyboard-response","635","738230","0.0-21.0-0.61","69cff69eb8da20e1ea8a2fbe","69d7901e3430d13455efb336","69e8e8510ffa043fcbc22498","<p style=""font-size: 60px; font-family: FragmentMono"">OGPGLPTP</p>","","","training","","","","","","","",""
"null","null","html-keyboard-response","636","739231","0.0-21.0-0.62","69cff69eb8da20e1ea8a2fbe","69d7901e3430d13455efb336","69e8e8510ffa043fcbc22498","<p style=""font-size: 60px; font-family: FragmentMono"">VJGQJEYX</p>","","","training","","","","","","","",""
"null","null","html-keyboard-response","637","740233","0.0-21.0-0.63","69cff69eb8da20e1ea8a2fbe","69d7901e3430d13455efb336","69e8e8510ffa043fcbc22498","<p style=""font-size: 60px; font-family: FragmentMono"">MJWMQWSN</p>","","","training","","","","","","","",""
"null","null","html-keyboard-response","638","741235","0.0-21.0-0.64","69cff69eb8da20e1ea8a2fbe","69d7901e3430d13455efb336","69e8e8510ffa043fcbc22498","<p style=""font-size: 60px; font-family: FragmentMono"">ODOIDBPG</p>","","","training","","","","","","","",""
"null","null","html-keyboard-response","639","742236","0.0-21.0-0.65","69cff69eb8da20e1ea8a2fbe","69d7901e3430d13455efb336","69e8e8510ffa043fcbc22498","<p style=""font-size: 60px; font-family: FragmentMono"">PBIQUPTP</p>","","","training","","","","","","","",""
"null","null","html-keyboard-response","640","743238","0.0-21.0-0.66","69cff69eb8da20e1ea8a2fbe","69d7901e3430d13455efb336","69e8e8510ffa043fcbc22498","<p style=""font-size: 60px; font-family: FragmentMono"">WFQNZEYX</p>","","","training","","","","","","","",""
"null","null","html-keyboard-response","641","744240","0.0-21.0-0.67","69cff69eb8da20e1ea8a2fbe","69d7901e3430d13455efb336","69e8e8510ffa043fcbc22498","<p style=""font-size: 60px; font-family: FragmentMono"">JVRUDBPG</p>","","","training","","","","","","","",""
"null","null","html-keyboard-response","642","745242","0.0-21.0-0.68","69cff69eb8da20e1ea8a2fbe","69d7901e3430d13455efb336","69e8e8510ffa043fcbc22498","<p style=""font-size: 60px; font-family: FragmentMono"">PJPTIPTP</p>","","","training","","","","","","","",""
"null","null","html-keyboard-response","643","746243","0.0-21.0-0.69","69cff69eb8da20e1ea8a2fbe","69d7901e3430d13455efb336","69e8e8510ffa043fcbc22498","<p style=""font-size: 60px; font-family: FragmentMono"">REAHUXILS</p>","","","training","","","","","","","",""
"null","null","html-keyboard-response","644","747245","0.0-21.0-0.70","69cff69eb8da20e1ea8a2fbe","69d7901e3430d13455efb336","69e8e8510ffa043fcbc22498","<p style=""font-size: 60px; font-family: FragmentMono"">RKSFQHS</p>","","","training","","","","","","","",""
"null","null","html-keyboard-response","645","748247","0.0-21.0-0.71","69cff69eb8da20e1ea8a2fbe","69d7901e3430d13455efb336","69e8e8510ffa043fcbc22498","<p style=""font-size: 60px; font-family: FragmentMono"">CDQBVPOC</p>","","","training","","","","","","","",""
"null","null","html-keyboard-response","646","749248","0.0-21.0-0.72","69cff69eb8da20e1ea8a2fbe","69d7901e3430d13455efb336","69e8e8510ffa043fcbc22498","<p style=""font-size: 60px; font-family: FragmentMono"">RWEQMTSL</p>","","","training","","","","","","","",""
"null","null","html-keyboard-response","647","750250","0.0-21.0-0.73","69cff69eb8da20e1ea8a2fbe","69d7901e3430d13455efb336","69e8e8510ffa043fcbc22498","<p style=""font-size: 60px; font-family: FragmentMono"">FSZREYX</p>","","","training","","","","","","","",""
"null","null","html-keyboard-response","648","751252","0.0-21.0-0.74","69cff69eb8da20e1ea8a2fbe","69d7901e3430d13455efb336","69e8e8510ffa043fcbc22498","<p style=""font-size: 60px; font-family: FragmentMono"">FBMNVPOC</p>","","","training","","","","","","","",""
"null","null","html-keyboard-response","649","752253","0.0-21.0-0.75","69cff69eb8da20e1ea8a2fbe","69d7901e3430d13455efb336","69e8e8510ffa043fcbc22498","<p style=""font-size: 60px; font-family: FragmentMono"">VJGQJXILS</p>","","","training","","","","","","","",""
"null","null","html-keyboard-response","650","753255","0.0-21.0-0.76","69cff69eb8da20e1ea8a2fbe","69d7901e3430d13455efb336","69e8e8510ffa043fcbc22498","<p style=""font-size: 60px; font-family: FragmentMono"">ODOIQWSN</p>","","","training","","","","","","","",""
"null","null","html-keyboard-response","651","754256","0.0-21.0-0.77","69cff69eb8da20e1ea8a2fbe","69d7901e3430d13455efb336","69e8e8510ffa043fcbc22498","<p style=""font-size: 60px; font-family: FragmentMono"">OGPGLDBPG</p>","","","training","","","","","","","",""
"null","null","html-keyboard-response","652","755258","0.0-21.0-0.78","69cff69eb8da20e1ea8a2fbe","69d7901e3430d13455efb336","69e8e8510ffa043fcbc22498","<p style=""font-size: 60px; font-family: FragmentMono"">FSZRQHS</p>","","","training","","","","","","","",""
"null","null","html-keyboard-response","653","756260","0.0-21.0-0.79","69cff69eb8da20e1ea8a2fbe","69d7901e3430d13455efb336","69e8e8510ffa043fcbc22498","<p style=""font-size: 60px; font-family: FragmentMono"">ODOITSL</p>","","","training","","","","","","","",""
"2403"," ","html-keyboard-response","654","758664","0.0-22.0","69cff69eb8da20e1ea8a2fbe","69d7901e3430d13455efb336","69e8e8510ffa043fcbc22498","<p style=""font-size: 30px"">Great! You've seen all the words that we received from space.</p>
      <p style=""font-size: 30px"">Press the spacebar when you're ready to continue.</p>","","","","","","","","","","",""
"20159"," ","html-keyboard-response","655","778823","0.0-23.0","69cff69eb8da20e1ea8a2fbe","69d7901e3430d13455efb336","69e8e8510ffa043fcbc22498","<p style=""font-size: 30px"">In this second part, you'll be given some words from a new communication from the same group of aliens, and others that belong to a communication from a different group of aliens. However, the two communications arrived at the same time, so the words are mixed up. Your task is to identify the words that belong to the same group of aliens as the communication you saw in the first part of the experiment.</p>
      <p style=""font-size: 30px"">This is a very tricky task, since both alien groups use the same characters. Your meeting with the world leaders starts very soon, so you won't have much time to decide; you need to work quickly. Try to do your best using your intuition; you don't have much time to spend thinking about each word.</p>
      <p style=""font-size: 30px"">Press <strong>k</strong> when you think that the word you're being shown is from the same group of aliens as before, and <strong>d</strong> when you think it's from a communication from the other alien group.</p><p>Press the spacebar when you're ready to begin.</p>","","","","","","","","","","",""
"3576","d","html-keyboard-response","656","782399","0.0-24.0-0.0","69cff69eb8da20e1ea8a2fbe","69d7901e3430d13455efb336","69e8e8510ffa043fcbc22498","<p style=""font-size: 30px;"">Does this word come from the alien group you studied previously?</p><br><p style=""font-size: 60px; font-family: FragmentMono"">JVRUTUZ<p style=""font-size: 15px"">Press <strong>k</strong> for yes, <strong>d</strong> for no.</p>","","","testing","JVRUTUZ","d","[""morphemeXmorpheme""]","true","","","",""
"1062"," ","html-keyboard-response","657","783462","0.0-24.0-1.0-0.0","69cff69eb8da20e1ea8a2fbe","69d7901e3430d13455efb336","69e8e8510ffa043fcbc22498","<p style=""font-size: 30px; color: red"">Careful! You were too slow for this word.</p>
      <p style=""font-size: 30px; color: red"">Try to be faster.</p><p></p><p>Press the spacebar to continue.</p>","","","","","","","","","","",""
"471","k","html-keyboard-response","658","783934","0.0-24.0-0.1","69cff69eb8da20e1ea8a2fbe","69d7901e3430d13455efb336","69e8e8510ffa043fcbc22498","<p style=""font-size: 30px;"">Does this word come from the alien group you studied previously?</p><br><p style=""font-size: 60px; font-family: FragmentMono"">FEKLTSL<p style=""font-size: 15px"">Press <strong>k</strong> for yes, <strong>d</strong> for no.</p>","","","testing","FEKLTSL","k","[""morcodeXmorpheme""]","true","","","",""
"543","k","html-keyboard-response","659","784478","0.0-24.0-0.2","69cff69eb8da20e1ea8a2fbe","69d7901e3430d13455efb336","69e8e8510ffa043fcbc22498","<p style=""font-size: 30px;"">Does this word come from the alien group you studied previously?</p><br><p style=""font-size: 60px; font-family: FragmentMono"">HRDYTZF<p style=""font-size: 15px"">Press <strong>k</strong> for yes, <strong>d</strong> for no.</p>","","","testing","HRDYTZF","k","[""morphemeXmorcode""]","true","","","",""
"463","k","html-keyboard-response","660","784942","0.0-24.0-0.3","69cff69eb8da20e1ea8a2fbe","69d7901e3430d13455efb336","69e8e8510ffa043fcbc22498","<p style=""font-size: 30px"">&emsp;</p><br><p style=""font-size: 60px; font-family: FragmentMono"">REAHUKYI<p style=""font-size: 15px"">Press <strong>k</strong> for yes, <strong>d</strong> for no.</p>","","","testing","REAHUKYI","k","[""morphemeXmorcode""]","true","","","",""
"343","k","html-keyboard-response","661","785286","0.0-24.0-0.4","69cff69eb8da20e1ea8a2fbe","69d7901e3430d13455efb336","69e8e8510ffa043fcbc22498","<p style=""font-size: 30px"">&emsp;</p><br><p style=""font-size: 60px; font-family: FragmentMono"">UHUZTUZ<p style=""font-size: 15px"">Press <strong>k</strong> for yes, <strong>d</strong> for no.</p>","","","testing","UHUZTUZ","d","[""morphemeXmorpheme""]","false","","","",""
"433","k","html-keyboard-response","662","785719","0.0-24.0-0.5","69cff69eb8da20e1ea8a2fbe","69d7901e3430d13455efb336","69e8e8510ffa043fcbc22498","<p style=""font-size: 30px"">&emsp;</p><br><p style=""font-size: 60px; font-family: FragmentMono"">KUQVMKZUO<p style=""font-size: 15px"">Press <strong>k</strong> for yes, <strong>d</strong> for no.</p>","","","testing","KUQVMKZUO","d","[""morcodeXmorcode""]","false","","","",""
"254","k","html-keyboard-response","663","785973","0.0-24.0-0.6","69cff69eb8da20e1ea8a2fbe","69d7901e3430d13455efb336","69e8e8510ffa043fcbc22498","<p style=""font-size: 30px"">&emsp;</p><br><p style=""font-size: 60px; font-family: FragmentMono"">GQFHXBYM<p style=""font-size: 15px"">Press <strong>k</strong> for yes, <strong>d</strong> for no.</p>","","","testing","GQFHXBYM","k","[""morphemeXmorcode""]","true","","","",""
"288","k","html-keyboard-response","664","786262","0.0-24.0-0.7","69cff69eb8da20e1ea8a2fbe","69d7901e3430d13455efb336","69e8e8510ffa043fcbc22498","<p style=""font-size: 30px"">&emsp;</p><br><p style=""font-size: 60px; font-family: FragmentMono"">ZFGCWSH<p style=""font-size: 15px"">Press <strong>k</strong> for yes, <strong>d</strong> for no.</p>","","","testing","ZFGCWSH","d","[""morcodeXmorcode""]","false","","","",""
"359","d","html-keyboard-response","665","786621","0.0-24.0-0.8","69cff69eb8da20e1ea8a2fbe","69d7901e3430d13455efb336","69e8e8510ffa043fcbc22498","<p style=""font-size: 30px"">&emsp;</p><br><p style=""font-size: 60px; font-family: FragmentMono"">REAHUEYX<p style=""font-size: 15px"">Press <strong>k</strong> for yes, <strong>d</strong> for no.</p>","","","testing","REAHUEYX","k","[""morphemeXmorpheme""]","false","","","",""
"299","k","html-keyboard-response","666","786921","0.0-24.0-0.9","69cff69eb8da20e1ea8a2fbe","69d7901e3430d13455efb336","69e8e8510ffa043fcbc22498","<p style=""font-size: 30px"">&emsp;</p><br><p style=""font-size: 60px; font-family: FragmentMono"">YWGOXILS<p style=""font-size: 15px"">Press <strong>k</strong> for yes, <strong>d</strong> for no.</p>","","","testing","YWGOXILS","k","[""morcodeXmorpheme""]","true","","","",""
"372","d","html-keyboard-response","667","787294","0.0-24.0-0.10","69cff69eb8da20e1ea8a2fbe","69d7901e3430d13455efb336","69e8e8510ffa043fcbc22498","<p style=""font-size: 30px"">&emsp;</p><br><p style=""font-size: 60px; font-family: FragmentMono"">WPBQDCP<p style=""font-size: 15px"">Press <strong>k</strong> for yes, <strong>d</strong> for no.</p>","","","testing","WPBQDCP","d","[""morcodeXmorcode""]","true","","","",""
"720","d","html-keyboard-response","668","788014","0.0-24.0-0.11","69cff69eb8da20e1ea8a2fbe","69d7901e3430d13455efb336","69e8e8510ffa043fcbc22498","<p style=""font-size: 30px"">&emsp;</p><br><p style=""font-size: 60px; font-family: FragmentMono"">QVKNVCEG<p style=""font-size: 15px"">Press <strong>k</strong> for yes, <strong>d</strong> for no.</p>","","","testing","QVKNVCEG","d","[""morcodeXmorcode""]","true","","","",""
"791","k","html-keyboard-response","669","788805","0.0-24.0-0.12","69cff69eb8da20e1ea8a2fbe","69d7901e3430d13455efb336","69e8e8510ffa043fcbc22498","<p style=""font-size: 30px"">&emsp;</p><br><p style=""font-size: 60px; font-family: FragmentMono"">OGPGLTSL<p style=""font-size: 15px"">Press <strong>k</strong> for yes, <strong>d</strong> for no.</p>","","","testing","OGPGLTSL","k","[""morphemeXmorpheme""]","true","","","",""
"572","d","html-keyboard-response","670","789377","0.0-24.0-0.13","69cff69eb8da20e1ea8a2fbe","69d7901e3430d13455efb336","69e8e8510ffa043fcbc22498","<p style=""font-size: 30px"">&emsp;</p><br><p style=""font-size: 60px; font-family: FragmentMono"">JVRUROFW<p style=""font-size: 15px"">Press <strong>k</strong> for yes, <strong>d</strong> for no.</p>","","","testing","JVRUROFW","k","[""morphemeXmorcode""]","false","","","",""
"619","k","html-keyboard-response","671","789996","0.0-24.0-0.14","69cff69eb8da20e1ea8a2fbe","69d7901e3430d13455efb336","69e8e8510ffa043fcbc22498","<p style=""font-size: 30px"">&emsp;</p><br><p style=""font-size: 60px; font-family: FragmentMono"">OWMFOFG<p style=""font-size: 15px"">Press <strong>k</strong> for yes, <strong>d</strong> for no.</p>","","","testing","OWMFOFG","d","[""morcodeXmorcode""]","false","","","",""
"537","d","html-keyboard-response","672","790533","0.0-24.0-0.15","69cff69eb8da20e1ea8a2fbe","69d7901e3430d13455efb336","69e8e8510ffa043fcbc22498","<p style=""font-size: 30px"">&emsp;</p><br><p style=""font-size: 60px; font-family: FragmentMono"">CDQBJFN<p style=""font-size: 15px"">Press <strong>k</strong> for yes, <strong>d</strong> for no.</p>","","","testing","CDQBJFN","k","[""morphemeXmorcode""]","false","","","",""
"528","k","html-keyboard-response","673","791062","0.0-24.0-0.16","69cff69eb8da20e1ea8a2fbe","69d7901e3430d13455efb336","69e8e8510ffa043fcbc22498","<p style=""font-size: 30px"">&emsp;</p><br><p style=""font-size: 60px; font-family: FragmentMono"">HRDYEYX<p style=""font-size: 15px"">Press <strong>k</strong> for yes, <strong>d</strong> for no.</p>","","","testing","HRDYEYX","k","[""morphemeXmorpheme""]","true","","","",""
"335","d","html-keyboard-response","674","791397","0.0-24.0-0.17","69cff69eb8da20e1ea8a2fbe","69d7901e3430d13455efb336","69e8e8510ffa043fcbc22498","<p style=""font-size: 30px"">&emsp;</p><br><p style=""font-size: 60px; font-family: FragmentMono"">CDQBQHS<p style=""font-size: 15px"">Press <strong>k</strong> for yes, <strong>d</strong> for no.</p>","","","testing","CDQBQHS","k","[""morphemeXmorpheme""]","false","","","",""
"314","k","html-keyboard-response","675","791712","0.0-24.0-0.18","69cff69eb8da20e1ea8a2fbe","69d7901e3430d13455efb336","69e8e8510ffa043fcbc22498","<p style=""font-size: 30px"">&emsp;</p><br><p style=""font-size: 60px; font-family: FragmentMono"">ODOIPTP<p style=""font-size: 15px"">Press <strong>k</strong> for yes, <strong>d</strong> for no.</p>","","","testing","ODOIPTP","k","[""morphemeXmorpheme""]","true","","","",""
"187","d","html-keyboard-response","676","791901","0.0-24.0-0.19","69cff69eb8da20e1ea8a2fbe","69d7901e3430d13455efb336","69e8e8510ffa043fcbc22498","<p style=""font-size: 30px"">&emsp;</p><br><p style=""font-size: 60px; font-family: FragmentMono"">IFZBQWSN<p style=""font-size: 15px"">Press <strong>k</strong> for yes, <strong>d</strong> for no.</p>","","","testing","IFZBQWSN","k","[""morcodeXmorpheme""]","false","","","",""
"104","k","html-keyboard-response","677","792005","0.0-24.0-0.20","69cff69eb8da20e1ea8a2fbe","69d7901e3430d13455efb336","69e8e8510ffa043fcbc22498","<p style=""font-size: 30px"">&emsp;</p><br><p style=""font-size: 60px; font-family: FragmentMono"">GJVMZPNSG<p style=""font-size: 15px"">Press <strong>k</strong> for yes, <strong>d</strong> for no.</p>","","","testing","GJVMZPNSG","d","[""morcodeXmorcode""]","false","","","",""
"151","d","html-keyboard-response","678","792157","0.0-24.0-0.21","69cff69eb8da20e1ea8a2fbe","69d7901e3430d13455efb336","69e8e8510ffa043fcbc22498","<p style=""font-size: 30px"">&emsp;</p><br><p style=""font-size: 60px; font-family: FragmentMono"">LYEAPYB<p style=""font-size: 15px"">Press <strong>k</strong> for yes, <strong>d</strong> for no.</p>","","","testing","LYEAPYB","d","[""morcodeXmorcode""]","true","","","",""
"128","k","html-keyboard-response","679","792285","0.0-24.0-0.22","69cff69eb8da20e1ea8a2fbe","69d7901e3430d13455efb336","69e8e8510ffa043fcbc22498","<p style=""font-size: 30px"">&emsp;</p><br><p style=""font-size: 60px; font-family: FragmentMono"">YNQYDBPG<p style=""font-size: 15px"">Press <strong>k</strong> for yes, <strong>d</strong> for no.</p>","","","testing","YNQYDBPG","k","[""morcodeXmorpheme""]","true","","","",""
"120","d","html-keyboard-response","680","792406","0.0-24.0-0.23","69cff69eb8da20e1ea8a2fbe","69d7901e3430d13455efb336","69e8e8510ffa043fcbc22498","<p style=""font-size: 30px"">&emsp;</p><br><p style=""font-size: 60px; font-family: FragmentMono"">AQOZODRM<p style=""font-size: 15px"">Press <strong>k</strong> for yes, <strong>d</strong> for no.</p>","","","testing","AQOZODRM","d","[""morcodeXmorcode""]","true","","","",""
"95","k","html-keyboard-response","681","792502","0.0-24.0-0.24","69cff69eb8da20e1ea8a2fbe","69d7901e3430d13455efb336","69e8e8510ffa043fcbc22498","<p style=""font-size: 30px"">&emsp;</p><br><p style=""font-size: 60px; font-family: FragmentMono"">UHUZFYFI<p style=""font-size: 15px"">Press <strong>k</strong> for yes, <strong>d</strong> for no.</p>","","","testing","UHUZFYFI","k","[""morphemeXmorcode""]","true","","","",""
"167","k","html-keyboard-response","682","792670","0.0-24.0-0.25","69cff69eb8da20e1ea8a2fbe","69d7901e3430d13455efb336","69e8e8510ffa043fcbc22498","<p style=""font-size: 30px"">&emsp;</p><br><p style=""font-size: 60px; font-family: FragmentMono"">HRISUQHS<p style=""font-size: 15px"">Press <strong>k</strong> for yes, <strong>d</strong> for no.</p>","","","testing","HRISUQHS","k","[""morcodeXmorpheme""]","true","","","",""
"145","k","html-keyboard-response","683","792816","0.0-24.0-0.26","69cff69eb8da20e1ea8a2fbe","69d7901e3430d13455efb336","69e8e8510ffa043fcbc22498","<p style=""font-size: 30px"">&emsp;</p><br><p style=""font-size: 60px; font-family: FragmentMono"">HVFDAPMZ<p style=""font-size: 15px"">Press <strong>k</strong> for yes, <strong>d</strong> for no.</p>","","","testing","HVFDAPMZ","d","[""morcodeXmorcode""]","false","","","",""
"132","d","html-keyboard-response","684","792949","0.0-24.0-0.27","69cff69eb8da20e1ea8a2fbe","69d7901e3430d13455efb336","69e8e8510ffa043fcbc22498","<p style=""font-size: 30px"">&emsp;</p><br><p style=""font-size: 60px; font-family: FragmentMono"">FSZRPTP<p style=""font-size: 15px"">Press <strong>k</strong> for yes, <strong>d</strong> for no.</p>","","","testing","FSZRPTP","d","[""morphemeXmorpheme""]","true","","","",""
"208","k","html-keyboard-response","685","793158","0.0-24.0-0.28","69cff69eb8da20e1ea8a2fbe","69d7901e3430d13455efb336","69e8e8510ffa043fcbc22498","<p style=""font-size: 30px"">&emsp;</p><br><p style=""font-size: 60px; font-family: FragmentMono"">ZFGCSQBU<p style=""font-size: 15px"">Press <strong>k</strong> for yes, <strong>d</strong> for no.</p>","","","testing","ZFGCSQBU","d","[""morcodeXmorcode""]","false","","","",""
"223","d","html-keyboard-response","686","793382","0.0-24.0-0.29","69cff69eb8da20e1ea8a2fbe","69d7901e3430d13455efb336","69e8e8510ffa043fcbc22498","<p style=""font-size: 30px"">&emsp;</p><br><p style=""font-size: 60px; font-family: FragmentMono"">MXCUIPTP<p style=""font-size: 15px"">Press <strong>k</strong> for yes, <strong>d</strong> for no.</p>","","","testing","MXCUIPTP","k","[""morcodeXmorpheme""]","false","","","",""
"167","d","html-keyboard-response","687","793549","0.0-24.0-0.30","69cff69eb8da20e1ea8a2fbe","69d7901e3430d13455efb336","69e8e8510ffa043fcbc22498","<p style=""font-size: 30px"">&emsp;</p><br><p style=""font-size: 60px; font-family: FragmentMono"">FSZRXILS<p style=""font-size: 15px"">Press <strong>k</strong> for yes, <strong>d</strong> for no.</p>","","","testing","FSZRXILS","k","[""morphemeXmorpheme""]","false","","","",""
"215","k","html-keyboard-response","688","793765","0.0-24.0-0.31","69cff69eb8da20e1ea8a2fbe","69d7901e3430d13455efb336","69e8e8510ffa043fcbc22498","<p style=""font-size: 30px"">&emsp;</p><br><p style=""font-size: 60px; font-family: FragmentMono"">KVAQWDBPG<p style=""font-size: 15px"">Press <strong>k</strong> for yes, <strong>d</strong> for no.</p>","","","testing","KVAQWDBPG","k","[""morcodeXmorpheme""]","true","","","",""
"120","d","html-keyboard-response","689","793886","0.0-24.0-0.32","69cff69eb8da20e1ea8a2fbe","69d7901e3430d13455efb336","69e8e8510ffa043fcbc22498","<p style=""font-size: 30px"">&emsp;</p><br><p style=""font-size: 60px; font-family: FragmentMono"">FBMNQWSN<p style=""font-size: 15px"">Press <strong>k</strong> for yes, <strong>d</strong> for no.</p>","","","testing","FBMNQWSN","d","[""morphemeXmorpheme""]","true","","","",""
"168","d","html-keyboard-response","690","794054","0.0-24.0-0.33","69cff69eb8da20e1ea8a2fbe","69d7901e3430d13455efb336","69e8e8510ffa043fcbc22498","<p style=""font-size: 30px"">&emsp;</p><br><p style=""font-size: 60px; font-family: FragmentMono"">OGPGLQHS<p style=""font-size: 15px"">Press <strong>k</strong> for yes, <strong>d</strong> for no.</p>","","","testing","OGPGLQHS","d","[""morphemeXmorpheme""]","true","","","",""
"87","k","html-keyboard-response","691","794141","0.0-24.0-0.34","69cff69eb8da20e1ea8a2fbe","69d7901e3430d13455efb336","69e8e8510ffa043fcbc22498","<p style=""font-size: 30px"">&emsp;</p><br><p style=""font-size: 60px; font-family: FragmentMono"">CDQBTSL<p style=""font-size: 15px"">Press <strong>k</strong> for yes, <strong>d</strong> for no.</p>","","","testing","CDQBTSL","d","[""morphemeXmorpheme""]","false","","","",""
"167","d","html-keyboard-response","692","794309","0.0-24.0-0.35","69cff69eb8da20e1ea8a2fbe","69d7901e3430d13455efb336","69e8e8510ffa043fcbc22498","<p style=""font-size: 30px"">&emsp;</p><br><p style=""font-size: 60px; font-family: FragmentMono"">ODOIXILS<p style=""font-size: 15px"">Press <strong>k</strong> for yes, <strong>d</strong> for no.</p>","","","testing","ODOIXILS","d","[""morphemeXmorpheme""]","true","","","",""
"95","k","html-keyboard-response","693","794405","0.0-24.0-0.36","69cff69eb8da20e1ea8a2fbe","69d7901e3430d13455efb336","69e8e8510ffa043fcbc22498","<p style=""font-size: 30px"">&emsp;</p><br><p style=""font-size: 60px; font-family: FragmentMono"">QYLKJKL<p style=""font-size: 15px"">Press <strong>k</strong> for yes, <strong>d</strong> for no.</p>","","","testing","QYLKJKL","d","[""morcodeXmorcode""]","false","","","",""
"359","d","html-keyboard-response","694","794765","0.0-24.0-0.37","69cff69eb8da20e1ea8a2fbe","69d7901e3430d13455efb336","69e8e8510ffa043fcbc22498","<p style=""font-size: 30px"">&emsp;</p><br><p style=""font-size: 60px; font-family: FragmentMono"">RKSFDBPG<p style=""font-size: 15px"">Press <strong>k</strong> for yes, <strong>d</strong> for no.</p>","","","testing","RKSFDBPG","d","[""morphemeXmorpheme""]","true","","","",""
"161","k","html-keyboard-response","695","794927","0.0-24.0-0.38","69cff69eb8da20e1ea8a2fbe","69d7901e3430d13455efb336","69e8e8510ffa043fcbc22498","<p style=""font-size: 30px"">&emsp;</p><br><p style=""font-size: 60px; font-family: FragmentMono"">GPHZTUZ<p style=""font-size: 15px"">Press <strong>k</strong> for yes, <strong>d</strong> for no.</p>","","","testing","GPHZTUZ","k","[""morcodeXmorpheme""]","true","","","",""
"158","k","html-keyboard-response","696","795086","0.0-24.0-0.39","69cff69eb8da20e1ea8a2fbe","69d7901e3430d13455efb336","69e8e8510ffa043fcbc22498","<p style=""font-size: 30px"">&emsp;</p><br><p style=""font-size: 60px; font-family: FragmentMono"">HPWYDJN<p style=""font-size: 15px"">Press <strong>k</strong> for yes, <strong>d</strong> for no.</p>","","","testing","HPWYDJN","k","[""morphemeXmorcode""]","true","","","",""
"159","k","html-keyboard-response","697","795246","0.0-24.0-0.40","69cff69eb8da20e1ea8a2fbe","69d7901e3430d13455efb336","69e8e8510ffa043fcbc22498","<p style=""font-size: 30px"">&emsp;</p><br><p style=""font-size: 60px; font-family: FragmentMono"">ECKFXCYT<p style=""font-size: 15px"">Press <strong>k</strong> for yes, <strong>d</strong> for no.</p>","","","testing","ECKFXCYT","d","[""morcodeXmorcode""]","false","","","",""
"151","k","html-keyboard-response","698","795397","0.0-24.0-0.41","69cff69eb8da20e1ea8a2fbe","69d7901e3430d13455efb336","69e8e8510ffa043fcbc22498","<p style=""font-size: 30px"">&emsp;</p><br><p style=""font-size: 60px; font-family: FragmentMono"">RVLELZKWO<p style=""font-size: 15px"">Press <strong>k</strong> for yes, <strong>d</strong> for no.</p>","","","testing","RVLELZKWO","d","[""morcodeXmorcode""]","false","","","",""
"119","d","html-keyboard-response","699","795517","0.0-24.0-0.42","69cff69eb8da20e1ea8a2fbe","69d7901e3430d13455efb336","69e8e8510ffa043fcbc22498","<p style=""font-size: 30px"">&emsp;</p><br><p style=""font-size: 60px; font-family: FragmentMono"">RWEQMEQZ<p style=""font-size: 15px"">Press <strong>k</strong> for yes, <strong>d</strong> for no.</p>","","","testing","RWEQMEQZ","k","[""morphemeXmorpheme""]","false","","","",""
"175","d","html-keyboard-response","700","795694","0.0-24.0-0.43","69cff69eb8da20e1ea8a2fbe","69d7901e3430d13455efb336","69e8e8510ffa043fcbc22498","<p style=""font-size: 30px"">&emsp;</p><br><p style=""font-size: 60px; font-family: FragmentMono"">QWBSJXHO<p style=""font-size: 15px"">Press <strong>k</strong> for yes, <strong>d</strong> for no.</p>","","","testing","QWBSJXHO","d","[""morcodeXmorcode""]","true","","","",""
"135","d","html-keyboard-response","701","795829","0.0-24.0-0.44","69cff69eb8da20e1ea8a2fbe","69d7901e3430d13455efb336","69e8e8510ffa043fcbc22498","<p style=""font-size: 30px"">&emsp;</p><br><p style=""font-size: 60px; font-family: FragmentMono"">JBUDPTP<p style=""font-size: 15px"">Press <strong>k</strong> for yes, <strong>d</strong> for no.</p>","","","testing","JBUDPTP","k","[""morcodeXmorpheme""]","false","","","",""
"160","d","html-keyboard-response","702","795990","0.0-24.0-0.45","69cff69eb8da20e1ea8a2fbe","69d7901e3430d13455efb336","69e8e8510ffa043fcbc22498","<p style=""font-size: 30px"">&emsp;</p><br><p style=""font-size: 60px; font-family: FragmentMono"">MJWMFICD<p style=""font-size: 15px"">Press <strong>k</strong> for yes, <strong>d</strong> for no.</p>","","","testing","MJWMFICD","k","[""morphemeXmorcode""]","false","","","",""
"263","k","html-keyboard-response","703","796254","0.0-24.0-0.46","69cff69eb8da20e1ea8a2fbe","69d7901e3430d13455efb336","69e8e8510ffa043fcbc22498","<p style=""font-size: 30px"">&emsp;</p><br><p style=""font-size: 60px; font-family: FragmentMono"">EKYAOGLY<p style=""font-size: 15px"">Press <strong>k</strong> for yes, <strong>d</strong> for no.</p>","","","testing","EKYAOGLY","d","[""morcodeXmorcode""]","false","","","",""
"176","k","html-keyboard-response","704","796430","0.0-24.0-0.47","69cff69eb8da20e1ea8a2fbe","69d7901e3430d13455efb336","69e8e8510ffa043fcbc22498","<p style=""font-size: 30px"">&emsp;</p><br><p style=""font-size: 60px; font-family: FragmentMono"">VRZAHPS<p style=""font-size: 15px"">Press <strong>k</strong> for yes, <strong>d</strong> for no.</p>","","","testing","VRZAHPS","d","[""morcodeXmorcode""]","false","","","",""
"143","k","html-keyboard-response","705","796574","0.0-24.0-0.48","69cff69eb8da20e1ea8a2fbe","69d7901e3430d13455efb336","69e8e8510ffa043fcbc22498","<p style=""font-size: 30px"">&emsp;</p><br><p style=""font-size: 60px; font-family: FragmentMono"">FZLFUGYK<p style=""font-size: 15px"">Press <strong>k</strong> for yes, <strong>d</strong> for no.</p>","","","testing","FZLFUGYK","d","[""morcodeXmorcode""]","false","","","",""
"159","k","html-keyboard-response","706","796733","0.0-24.0-0.49","69cff69eb8da20e1ea8a2fbe","69d7901e3430d13455efb336","69e8e8510ffa043fcbc22498","<p style=""font-size: 30px"">&emsp;</p><br><p style=""font-size: 60px; font-family: FragmentMono"">DRNXRXHO<p style=""font-size: 15px"">Press <strong>k</strong> for yes, <strong>d</strong> for no.</p>","","","testing","DRNXRXHO","d","[""morcodeXmorcode""]","false","","","",""
"198","d","html-keyboard-response","707","796933","0.0-24.0-0.50","69cff69eb8da20e1ea8a2fbe","69d7901e3430d13455efb336","69e8e8510ffa043fcbc22498","<p style=""font-size: 30px"">&emsp;</p><br><p style=""font-size: 60px; font-family: FragmentMono"">RMPEJXV<p style=""font-size: 15px"">Press <strong>k</strong> for yes, <strong>d</strong> for no.</p>","","","testing","RMPEJXV","d","[""morcodeXmorcode""]","true","","","",""
"194","d","html-keyboard-response","708","797128","0.0-24.0-0.51","69cff69eb8da20e1ea8a2fbe","69d7901e3430d13455efb336","69e8e8510ffa043fcbc22498","<p style=""font-size: 30px"">&emsp;</p><br><p style=""font-size: 60px; font-family: FragmentMono"">NTGLGTSL<p style=""font-size: 15px"">Press <strong>k</strong> for yes, <strong>d</strong> for no.</p>","","","testing","NTGLGTSL","k","[""morcodeXmorpheme""]","false","","","",""
"444","k","html-keyboard-response","709","797572","0.0-24.0-0.52","69cff69eb8da20e1ea8a2fbe","69d7901e3430d13455efb336","69e8e8510ffa043fcbc22498","<p style=""font-size: 30px"">&emsp;</p><br><p style=""font-size: 60px; font-family: FragmentMono"">HPWYPTP<p style=""font-size: 15px"">Press <strong>k</strong> for yes, <strong>d</strong> for no.</p>","","","testing","HPWYPTP","k","[""morphemeXmorpheme""]","true","","","",""
"216","k","html-keyboard-response","710","797789","0.0-24.0-0.53","69cff69eb8da20e1ea8a2fbe","69d7901e3430d13455efb336","69e8e8510ffa043fcbc22498","<p style=""font-size: 30px"">&emsp;</p><br><p style=""font-size: 60px; font-family: FragmentMono"">JVRUQWSN<p style=""font-size: 15px"">Press <strong>k</strong> for yes, <strong>d</strong> for no.</p>","","","testing","JVRUQWSN","k","[""morphemeXmorpheme""]","true","","","",""
"159","k","html-keyboard-response","711","797948","0.0-24.0-0.54","69cff69eb8da20e1ea8a2fbe","69d7901e3430d13455efb336","69e8e8510ffa043fcbc22498","<p style=""font-size: 30px"">&emsp;</p><br><p style=""font-size: 60px; font-family: FragmentMono"">JZPMVPOC<p style=""font-size: 15px"">Press <strong>k</strong> for yes, <strong>d</strong> for no.</p>","","","testing","JZPMVPOC","k","[""morcodeXmorpheme""]","true","","","",""
"192","k","html-keyboard-response","712","798141","0.0-24.0-0.55","69cff69eb8da20e1ea8a2fbe","69d7901e3430d13455efb336","69e8e8510ffa043fcbc22498","<p style=""font-size: 30px"">&emsp;</p><br><p style=""font-size: 60px; font-family: FragmentMono"">LRYWXUFE<p style=""font-size: 15px"">Press <strong>k</strong> for yes, <strong>d</strong> for no.</p>","","","testing","LRYWXUFE","d","[""morcodeXmorcode""]","false","","","",""
"167","k","html-keyboard-response","713","798308","0.0-24.0-0.56","69cff69eb8da20e1ea8a2fbe","69d7901e3430d13455efb336","69e8e8510ffa043fcbc22498","<p style=""font-size: 30px"">&emsp;</p><br><p style=""font-size: 60px; font-family: FragmentMono"">FBMNEDK<p style=""font-size: 15px"">Press <strong>k</strong> for yes, <strong>d</strong> for no.</p>","","","testing","FBMNEDK","k","[""morphemeXmorcode""]","true","","","",""
"136","k","html-keyboard-response","714","798444","0.0-24.0-0.57","69cff69eb8da20e1ea8a2fbe","69d7901e3430d13455efb336","69e8e8510ffa043fcbc22498","<p style=""font-size: 30px"">&emsp;</p><br><p style=""font-size: 60px; font-family: FragmentMono"">GQFHXEYX<p style=""font-size: 15px"">Press <strong>k</strong> for yes, <strong>d</strong> for no.</p>","","","testing","GQFHXEYX","d","[""morphemeXmorpheme""]","false","","","",""
"152","k","html-keyboard-response","715","798597","0.0-24.0-0.58","69cff69eb8da20e1ea8a2fbe","69d7901e3430d13455efb336","69e8e8510ffa043fcbc22498","<p style=""font-size: 30px"">&emsp;</p><br><p style=""font-size: 60px; font-family: FragmentMono"">XNJUQWSN<p style=""font-size: 15px"">Press <strong>k</strong> for yes, <strong>d</strong> for no.</p>","","","testing","XNJUQWSN","k","[""morcodeXmorpheme""]","true","","","",""
"184","d","html-keyboard-response","716","798781","0.0-24.0-0.59","69cff69eb8da20e1ea8a2fbe","69d7901e3430d13455efb336","69e8e8510ffa043fcbc22498","<p style=""font-size: 30px"">&emsp;</p><br><p style=""font-size: 60px; font-family: FragmentMono"">ZCPBUAJE<p style=""font-size: 15px"">Press <strong>k</strong> for yes, <strong>d</strong> for no.</p>","","","testing","ZCPBUAJE","d","[""morcodeXmorcode""]","true","","","",""
"168","d","html-keyboard-response","717","798949","0.0-24.0-0.60","69cff69eb8da20e1ea8a2fbe","69d7901e3430d13455efb336","69e8e8510ffa043fcbc22498","<p style=""font-size: 30px"">&emsp;</p><br><p style=""font-size: 60px; font-family: FragmentMono"">PJPTITSL<p style=""font-size: 15px"">Press <strong>k</strong> for yes, <strong>d</strong> for no.</p>","","","testing","PJPTITSL","k","[""morphemeXmorpheme""]","false","","","",""
"144","d","html-keyboard-response","718","799093","0.0-24.0-0.61","69cff69eb8da20e1ea8a2fbe","69d7901e3430d13455efb336","69e8e8510ffa043fcbc22498","<p style=""font-size: 30px"">&emsp;</p><br><p style=""font-size: 60px; font-family: FragmentMono"">RWEQMEYX<p style=""font-size: 15px"">Press <strong>k</strong> for yes, <strong>d</strong> for no.</p>","","","testing","RWEQMEYX","d","[""morphemeXmorpheme""]","true","","","",""
"161","d","html-keyboard-response","719","799254","0.0-24.0-0.62","69cff69eb8da20e1ea8a2fbe","69d7901e3430d13455efb336","69e8e8510ffa043fcbc22498","<p style=""font-size: 30px"">&emsp;</p><br><p style=""font-size: 60px; font-family: FragmentMono"">XGNENJLI<p style=""font-size: 15px"">Press <strong>k</strong> for yes, <strong>d</strong> for no.</p>","","","testing","XGNENJLI","d","[""morcodeXmorcode""]","true","","","",""
"143","d","html-keyboard-response","720","799397","0.0-24.0-0.63","69cff69eb8da20e1ea8a2fbe","69d7901e3430d13455efb336","69e8e8510ffa043fcbc22498","<p style=""font-size: 30px"">&emsp;</p><br><p style=""font-size: 60px; font-family: FragmentMono"">GQFHXEQZ<p style=""font-size: 15px"">Press <strong>k</strong> for yes, <strong>d</strong> for no.</p>","","","testing","GQFHXEQZ","k","[""morphemeXmorpheme""]","false","","","",""
"95","k","html-keyboard-response","721","799493","0.0-24.0-0.64","69cff69eb8da20e1ea8a2fbe","69d7901e3430d13455efb336","69e8e8510ffa043fcbc22498","<p style=""font-size: 30px"">&emsp;</p><br><p style=""font-size: 60px; font-family: FragmentMono"">JZQMJFQSI<p style=""font-size: 15px"">Press <strong>k</strong> for yes, <strong>d</strong> for no.</p>","","","testing","JZQMJFQSI","d","[""morcodeXmorcode""]","false","","","",""
"176","d","html-keyboard-response","722","799669","0.0-24.0-0.65","69cff69eb8da20e1ea8a2fbe","69d7901e3430d13455efb336","69e8e8510ffa043fcbc22498","<p style=""font-size: 30px"">&emsp;</p><br><p style=""font-size: 60px; font-family: FragmentMono"">RWEQMDFM<p style=""font-size: 15px"">Press <strong>k</strong> for yes, <strong>d</strong> for no.</p>","","","testing","RWEQMDFM","k","[""morphemeXmorcode""]","false","","","",""
"121","k","html-keyboard-response","723","799791","0.0-24.0-0.66","69cff69eb8da20e1ea8a2fbe","69d7901e3430d13455efb336","69e8e8510ffa043fcbc22498","<p style=""font-size: 30px"">&emsp;</p><br><p style=""font-size: 60px; font-family: FragmentMono"">FSZRHYRC<p style=""font-size: 15px"">Press <strong>k</strong> for yes, <strong>d</strong> for no.</p>","","","testing","FSZRHYRC","k","[""morphemeXmorcode""]","true","","","",""
"109","d","html-keyboard-response","724","799901","0.0-24.0-0.67","69cff69eb8da20e1ea8a2fbe","69d7901e3430d13455efb336","69e8e8510ffa043fcbc22498","<p style=""font-size: 30px"">&emsp;</p><br><p style=""font-size: 60px; font-family: FragmentMono"">HRDYEQZ<p style=""font-size: 15px"">Press <strong>k</strong> for yes, <strong>d</strong> for no.</p>","","","testing","HRDYEQZ","d","[""morphemeXmorpheme""]","true","","","",""
"120","k","html-keyboard-response","725","800021","0.0-24.0-0.68","69cff69eb8da20e1ea8a2fbe","69d7901e3430d13455efb336","69e8e8510ffa043fcbc22498","<p style=""font-size: 30px"">&emsp;</p><br><p style=""font-size: 60px; font-family: FragmentMono"">GJVMZAJH<p style=""font-size: 15px"">Press <strong>k</strong> for yes, <strong>d</strong> for no.</p>","","","testing","GJVMZAJH","d","[""morcodeXmorcode""]","false","","","",""
"119","d","html-keyboard-response","726","800141","0.0-24.0-0.69","69cff69eb8da20e1ea8a2fbe","69d7901e3430d13455efb336","69e8e8510ffa043fcbc22498","<p style=""font-size: 30px"">&emsp;</p><br><p style=""font-size: 60px; font-family: FragmentMono"">FBMNTUZ<p style=""font-size: 15px"">Press <strong>k</strong> for yes, <strong>d</strong> for no.</p>","","","testing","FBMNTUZ","k","[""morphemeXmorpheme""]","false","","","",""
"64","k","html-keyboard-response","727","800205","0.0-24.0-0.70","69cff69eb8da20e1ea8a2fbe","69d7901e3430d13455efb336","69e8e8510ffa043fcbc22498","<p style=""font-size: 30px"">&emsp;</p><br><p style=""font-size: 60px; font-family: FragmentMono"">AEXFPWZE<p style=""font-size: 15px"">Press <strong>k</strong> for yes, <strong>d</strong> for no.</p>","","","testing","AEXFPWZE","d","[""morcodeXmorcode""]","false","","","",""
"97","d","html-keyboard-response","728","800303","0.0-24.0-0.71","69cff69eb8da20e1ea8a2fbe","69d7901e3430d13455efb336","69e8e8510ffa043fcbc22498","<p style=""font-size: 30px"">&emsp;</p><br><p style=""font-size: 60px; font-family: FragmentMono"">OSHEZEYX<p style=""font-size: 15px"">Press <strong>k</strong> for yes, <strong>d</strong> for no.</p>","","","testing","OSHEZEYX","k","[""morcodeXmorpheme""]","false","","","",""
"118","k","html-keyboard-response","729","800421","0.0-24.0-0.72","69cff69eb8da20e1ea8a2fbe","69d7901e3430d13455efb336","69e8e8510ffa043fcbc22498","<p style=""font-size: 30px"">&emsp;</p><br><p style=""font-size: 60px; font-family: FragmentMono"">VJGQJUYL<p style=""font-size: 15px"">Press <strong>k</strong> for yes, <strong>d</strong> for no.</p>","","","testing","VJGQJUYL","k","[""morphemeXmorcode""]","true","","","",""
"95","d","html-keyboard-response","730","800517","0.0-24.0-0.73","69cff69eb8da20e1ea8a2fbe","69d7901e3430d13455efb336","69e8e8510ffa043fcbc22498","<p style=""font-size: 30px"">&emsp;</p><br><p style=""font-size: 60px; font-family: FragmentMono"">NPVHKQHS<p style=""font-size: 15px"">Press <strong>k</strong> for yes, <strong>d</strong> for no.</p>","","","testing","NPVHKQHS","k","[""morcodeXmorpheme""]","false","","","",""
"143","k","html-keyboard-response","731","800660","0.0-24.0-0.74","69cff69eb8da20e1ea8a2fbe","69d7901e3430d13455efb336","69e8e8510ffa043fcbc22498","<p style=""font-size: 30px"">&emsp;</p><br><p style=""font-size: 60px; font-family: FragmentMono"">PKCBHOJU<p style=""font-size: 15px"">Press <strong>k</strong> for yes, <strong>d</strong> for no.</p>","","","testing","PKCBHOJU","d","[""morcodeXmorcode""]","false","","","",""
"232","d","html-keyboard-response","732","800893","0.0-24.0-0.75","69cff69eb8da20e1ea8a2fbe","69d7901e3430d13455efb336","69e8e8510ffa043fcbc22498","<p style=""font-size: 30px"">&emsp;</p><br><p style=""font-size: 60px; font-family: FragmentMono"">WFQNZPTP<p style=""font-size: 15px"">Press <strong>k</strong> for yes, <strong>d</strong> for no.</p>","","","testing","WFQNZPTP","d","[""morphemeXmorpheme""]","true","","","",""
"233","k","html-keyboard-response","733","801126","0.0-24.0-0.76","69cff69eb8da20e1ea8a2fbe","69d7901e3430d13455efb336","69e8e8510ffa043fcbc22498","<p style=""font-size: 30px"">&emsp;</p><br><p style=""font-size: 60px; font-family: FragmentMono"">SYJEOQDZ<p style=""font-size: 15px"">Press <strong>k</strong> for yes, <strong>d</strong> for no.</p>","","","testing","SYJEOQDZ","d","[""morcodeXmorcode""]","false","","","",""
"208","d","html-keyboard-response","734","801334","0.0-24.0-0.77","69cff69eb8da20e1ea8a2fbe","69d7901e3430d13455efb336","69e8e8510ffa043fcbc22498","<p style=""font-size: 30px"">&emsp;</p><br><p style=""font-size: 60px; font-family: FragmentMono"">GOZHMVPOC<p style=""font-size: 15px"">Press <strong>k</strong> for yes, <strong>d</strong> for no.</p>","","","testing","GOZHMVPOC","k","[""morcodeXmorpheme""]","false","","","",""
"422","d","html-keyboard-response","735","801757","0.0-24.0-0.78","69cff69eb8da20e1ea8a2fbe","69d7901e3430d13455efb336","69e8e8510ffa043fcbc22498","<p style=""font-size: 30px"">&emsp;</p><br><p style=""font-size: 60px; font-family: FragmentMono"">PJPTIQHS<p style=""font-size: 15px"">Press <strong>k</strong> for yes, <strong>d</strong> for no.</p>","","","testing","PJPTIQHS","d","[""morphemeXmorpheme""]","true","","","",""
"152","d","html-keyboard-response","736","801909","0.0-24.0-0.79","69cff69eb8da20e1ea8a2fbe","69d7901e3430d13455efb336","69e8e8510ffa043fcbc22498","<p style=""font-size: 30px"">&emsp;</p><br><p style=""font-size: 60px; font-family: FragmentMono"">SZIDXILS<p style=""font-size: 15px"">Press <strong>k</strong> for yes, <strong>d</strong> for no.</p>","","","testing","SZIDXILS","k","[""morcodeXmorpheme""]","false","","","",""
"208","k","html-keyboard-response","737","802118","0.0-24.0-0.80","69cff69eb8da20e1ea8a2fbe","69d7901e3430d13455efb336","69e8e8510ffa043fcbc22498","<p style=""font-size: 30px"">&emsp;</p><br><p style=""font-size: 60px; font-family: FragmentMono"">ZFUAWYZ<p style=""font-size: 15px"">Press <strong>k</strong> for yes, <strong>d</strong> for no.</p>","","","testing","ZFUAWYZ","d","[""morcodeXmorcode""]","false","","","",""
"192","k","html-keyboard-response","738","802310","0.0-24.0-0.81","69cff69eb8da20e1ea8a2fbe","69d7901e3430d13455efb336","69e8e8510ffa043fcbc22498","<p style=""font-size: 30px"">&emsp;</p><br><p style=""font-size: 60px; font-family: FragmentMono"">MYFTLSF<p style=""font-size: 15px"">Press <strong>k</strong> for yes, <strong>d</strong> for no.</p>","","","testing","MYFTLSF","d","[""morcodeXmorcode""]","false","","","",""
"236","d","html-keyboard-response","739","802547","0.0-24.0-0.82","69cff69eb8da20e1ea8a2fbe","69d7901e3430d13455efb336","69e8e8510ffa043fcbc22498","<p style=""font-size: 30px"">&emsp;</p><br><p style=""font-size: 60px; font-family: FragmentMono"">PBIQUVPOC<p style=""font-size: 15px"">Press <strong>k</strong> for yes, <strong>d</strong> for no.</p>","","","testing","PBIQUVPOC","d","[""morphemeXmorpheme""]","true","","","",""
"170","d","html-keyboard-response","740","802717","0.0-24.0-0.83","69cff69eb8da20e1ea8a2fbe","69d7901e3430d13455efb336","69e8e8510ffa043fcbc22498","<p style=""font-size: 30px"">&emsp;</p><br><p style=""font-size: 60px; font-family: FragmentMono"">UBSUCZPW<p style=""font-size: 15px"">Press <strong>k</strong> for yes, <strong>d</strong> for no.</p>","","","testing","UBSUCZPW","d","[""morcodeXmorcode""]","true","","","",""
"136","d","html-keyboard-response","741","802853","0.0-24.0-0.84","69cff69eb8da20e1ea8a2fbe","69d7901e3430d13455efb336","69e8e8510ffa043fcbc22498","<p style=""font-size: 30px"">&emsp;</p><br><p style=""font-size: 60px; font-family: FragmentMono"">XZQFKSN<p style=""font-size: 15px"">Press <strong>k</strong> for yes, <strong>d</strong> for no.</p>","","","testing","XZQFKSN","k","[""morphemeXmorcode""]","false","","","",""
"175","d","html-keyboard-response","742","803029","0.0-24.0-0.85","69cff69eb8da20e1ea8a2fbe","69d7901e3430d13455efb336","69e8e8510ffa043fcbc22498","<p style=""font-size: 30px"">&emsp;</p><br><p style=""font-size: 60px; font-family: FragmentMono"">DHNYJKL<p style=""font-size: 15px"">Press <strong>k</strong> for yes, <strong>d</strong> for no.</p>","","","testing","DHNYJKL","d","[""morcodeXmorcode""]","true","","","",""
"153","d","html-keyboard-response","743","803182","0.0-24.0-0.86","69cff69eb8da20e1ea8a2fbe","69d7901e3430d13455efb336","69e8e8510ffa043fcbc22498","<p style=""font-size: 30px"">&emsp;</p><br><p style=""font-size: 60px; font-family: FragmentMono"">QYLKCAVY<p style=""font-size: 15px"">Press <strong>k</strong> for yes, <strong>d</strong> for no.</p>","","","testing","QYLKCAVY","d","[""morcodeXmorcode""]","true","","","",""
"175","k","html-keyboard-response","744","803358","0.0-24.0-0.87","69cff69eb8da20e1ea8a2fbe","69d7901e3430d13455efb336","69e8e8510ffa043fcbc22498","<p style=""font-size: 30px"">&emsp;</p><br><p style=""font-size: 60px; font-family: FragmentMono"">MJWMDBPG<p style=""font-size: 15px"">Press <strong>k</strong> for yes, <strong>d</strong> for no.</p>","","","testing","MJWMDBPG","k","[""morphemeXmorpheme""]","true","","","",""
"182","k","html-keyboard-response","745","803541","0.0-24.0-0.88","69cff69eb8da20e1ea8a2fbe","69d7901e3430d13455efb336","69e8e8510ffa043fcbc22498","<p style=""font-size: 30px"">&emsp;</p><br><p style=""font-size: 60px; font-family: FragmentMono"">HECNWEQZ<p style=""font-size: 15px"">Press <strong>k</strong> for yes, <strong>d</strong> for no.</p>","","","testing","HECNWEQZ","k","[""morcodeXmorpheme""]","true","","","",""
"171","k","html-keyboard-response","746","803712","0.0-24.0-0.89","69cff69eb8da20e1ea8a2fbe","69d7901e3430d13455efb336","69e8e8510ffa043fcbc22498","<p style=""font-size: 30px"">&emsp;</p><br><p style=""font-size: 60px; font-family: FragmentMono"">XZQFQWSN<p style=""font-size: 15px"">Press <strong>k</strong> for yes, <strong>d</strong> for no.</p>","","","testing","XZQFQWSN","d","[""morphemeXmorpheme""]","false","","","",""
"165","k","html-keyboard-response","747","803878","0.0-24.0-0.90","69cff69eb8da20e1ea8a2fbe","69d7901e3430d13455efb336","69e8e8510ffa043fcbc22498","<p style=""font-size: 30px"">&emsp;</p><br><p style=""font-size: 60px; font-family: FragmentMono"">ZDOZHETV<p style=""font-size: 15px"">Press <strong>k</strong> for yes, <strong>d</strong> for no.</p>","","","testing","ZDOZHETV","d","[""morcodeXmorcode""]","false","","","",""
"598","d","html-keyboard-response","748","804477","0.0-24.0-0.91","69cff69eb8da20e1ea8a2fbe","69d7901e3430d13455efb336","69e8e8510ffa043fcbc22498","<p style=""font-size: 30px"">&emsp;</p><br><p style=""font-size: 60px; font-family: FragmentMono"">UXVTIQVZ<p style=""font-size: 15px"">Press <strong>k</strong> for yes, <strong>d</strong> for no.</p>","","","testing","UXVTIQVZ","d","[""morcodeXmorcode""]","true","","","",""
"440","k","html-keyboard-response","749","804917","0.0-24.0-0.92","69cff69eb8da20e1ea8a2fbe","69d7901e3430d13455efb336","69e8e8510ffa043fcbc22498","<p style=""font-size: 30px"">&emsp;</p><br><p style=""font-size: 60px; font-family: FragmentMono"">VJGQJTSL<p style=""font-size: 15px"">Press <strong>k</strong> for yes, <strong>d</strong> for no.</p>","","","testing","VJGQJTSL","d","[""morphemeXmorpheme""]","false","","","",""
"712","d","html-keyboard-response","750","805629","0.0-24.0-0.93","69cff69eb8da20e1ea8a2fbe","69d7901e3430d13455efb336","69e8e8510ffa043fcbc22498","<p style=""font-size: 30px"">&emsp;</p><br><p style=""font-size: 60px; font-family: FragmentMono"">BABJEQZ<p style=""font-size: 15px"">Press <strong>k</strong> for yes, <strong>d</strong> for no.</p>","","","testing","BABJEQZ","k","[""morcodeXmorpheme""]","false","","","",""
"578","d","html-keyboard-response","751","806208","0.0-24.0-0.94","69cff69eb8da20e1ea8a2fbe","69d7901e3430d13455efb336","69e8e8510ffa043fcbc22498","<p style=""font-size: 30px"">&emsp;</p><br><p style=""font-size: 60px; font-family: FragmentMono"">OGPGLPGF<p style=""font-size: 15px"">Press <strong>k</strong> for yes, <strong>d</strong> for no.</p>","","","testing","OGPGLPGF","k","[""morphemeXmorcode""]","false","","","",""
"253","d","html-keyboard-response","752","806461","0.0-24.0-0.95","69cff69eb8da20e1ea8a2fbe","69d7901e3430d13455efb336","69e8e8510ffa043fcbc22498","<p style=""font-size: 30px"">&emsp;</p><br><p style=""font-size: 60px; font-family: FragmentMono"">EYAEYZBG<p style=""font-size: 15px"">Press <strong>k</strong> for yes, <strong>d</strong> for no.</p>","","","testing","EYAEYZBG","d","[""morcodeXmorcode""]","true","","","",""
"183","d","html-keyboard-response","753","806645","0.0-24.0-0.96","69cff69eb8da20e1ea8a2fbe","69d7901e3430d13455efb336","69e8e8510ffa043fcbc22498","<p style=""font-size: 30px"">&emsp;</p><br><p style=""font-size: 60px; font-family: FragmentMono"">WFQNZXILS<p style=""font-size: 15px"">Press <strong>k</strong> for yes, <strong>d</strong> for no.</p>","","","testing","WFQNZXILS","k","[""morphemeXmorpheme""]","false","","","",""
"192","k","html-keyboard-response","754","806838","0.0-24.0-0.97","69cff69eb8da20e1ea8a2fbe","69d7901e3430d13455efb336","69e8e8510ffa043fcbc22498","<p style=""font-size: 30px"">&emsp;</p><br><p style=""font-size: 60px; font-family: FragmentMono"">MEOFIVPOC<p style=""font-size: 15px"">Press <strong>k</strong> for yes, <strong>d</strong> for no.</p>","","","testing","MEOFIVPOC","k","[""morphemeXmorpheme""]","true","","","",""
"199","k","html-keyboard-response","755","807038","0.0-24.0-0.98","69cff69eb8da20e1ea8a2fbe","69d7901e3430d13455efb336","69e8e8510ffa043fcbc22498","<p style=""font-size: 30px"">&emsp;</p><br><p style=""font-size: 60px; font-family: FragmentMono"">AKYSWXM<p style=""font-size: 15px"">Press <strong>k</strong> for yes, <strong>d</strong> for no.</p>","","","testing","AKYSWXM","d","[""morcodeXmorcode""]","false","","","",""
"185","k","html-keyboard-response","756","807224","0.0-24.0-0.99","69cff69eb8da20e1ea8a2fbe","69d7901e3430d13455efb336","69e8e8510ffa043fcbc22498","<p style=""font-size: 30px"">&emsp;</p><br><p style=""font-size: 60px; font-family: FragmentMono"">MEOFIZEPI<p style=""font-size: 15px"">Press <strong>k</strong> for yes, <strong>d</strong> for no.</p>","","","testing","MEOFIZEPI","k","[""morphemeXmorcode""]","true","","","",""
"149","k","html-keyboard-response","757","807373","0.0-24.0-0.100","69cff69eb8da20e1ea8a2fbe","69d7901e3430d13455efb336","69e8e8510ffa043fcbc22498","<p style=""font-size: 30px"">&emsp;</p><br><p style=""font-size: 60px; font-family: FragmentMono"">XZQFTUZ<p style=""font-size: 15px"">Press <strong>k</strong> for yes, <strong>d</strong> for no.</p>","","","testing","XZQFTUZ","k","[""morphemeXmorpheme""]","true","","","",""
"160","k","html-keyboard-response","758","807533","0.0-24.0-0.101","69cff69eb8da20e1ea8a2fbe","69d7901e3430d13455efb336","69e8e8510ffa043fcbc22498","<p style=""font-size: 30px"">&emsp;</p><br><p style=""font-size: 60px; font-family: FragmentMono"">REAHUEQZ<p style=""font-size: 15px"">Press <strong>k</strong> for yes, <strong>d</strong> for no.</p>","","","testing","REAHUEQZ","d","[""morphemeXmorpheme""]","false","","","",""
"144","k","html-keyboard-response","759","807678","0.0-24.0-0.102","69cff69eb8da20e1ea8a2fbe","69d7901e3430d13455efb336","69e8e8510ffa043fcbc22498","<p style=""font-size: 30px"">&emsp;</p><br><p style=""font-size: 60px; font-family: FragmentMono"">MJWMVPOC<p style=""font-size: 15px"">Press <strong>k</strong> for yes, <strong>d</strong> for no.</p>","","","testing","MJWMVPOC","d","[""morphemeXmorpheme""]","false","","","",""
"158","d","html-keyboard-response","760","807837","0.0-24.0-0.103","69cff69eb8da20e1ea8a2fbe","69d7901e3430d13455efb336","69e8e8510ffa043fcbc22498","<p style=""font-size: 30px"">&emsp;</p><br><p style=""font-size: 60px; font-family: FragmentMono"">MEOFIDBPG<p style=""font-size: 15px"">Press <strong>k</strong> for yes, <strong>d</strong> for no.</p>","","","testing","MEOFIDBPG","d","[""morphemeXmorpheme""]","true","","","",""
"151","d","html-keyboard-response","761","807989","0.0-24.0-0.104","69cff69eb8da20e1ea8a2fbe","69d7901e3430d13455efb336","69e8e8510ffa043fcbc22498","<p style=""font-size: 30px"">&emsp;</p><br><p style=""font-size: 60px; font-family: FragmentMono"">UHUZQWSN<p style=""font-size: 15px"">Press <strong>k</strong> for yes, <strong>d</strong> for no.</p>","","","testing","UHUZQWSN","k","[""morphemeXmorpheme""]","false","","","",""
"145","d","html-keyboard-response","762","808134","0.0-24.0-0.105","69cff69eb8da20e1ea8a2fbe","69d7901e3430d13455efb336","69e8e8510ffa043fcbc22498","<p style=""font-size: 30px"">&emsp;</p><br><p style=""font-size: 60px; font-family: FragmentMono"">PJPTIYFJ<p style=""font-size: 15px"">Press <strong>k</strong> for yes, <strong>d</strong> for no.</p>","","","testing","PJPTIYFJ","k","[""morphemeXmorcode""]","false","","","",""
"168","d","html-keyboard-response","763","808302","0.0-24.0-0.106","69cff69eb8da20e1ea8a2fbe","69d7901e3430d13455efb336","69e8e8510ffa043fcbc22498","<p style=""font-size: 30px"">&emsp;</p><br><p style=""font-size: 60px; font-family: FragmentMono"">WFQNZXAYA<p style=""font-size: 15px"">Press <strong>k</strong> for yes, <strong>d</strong> for no.</p>","","","testing","WFQNZXAYA","k","[""morphemeXmorcode""]","false","","","",""
"144","d","html-keyboard-response","764","808446","0.0-24.0-0.107","69cff69eb8da20e1ea8a2fbe","69d7901e3430d13455efb336","69e8e8510ffa043fcbc22498","<p style=""font-size: 30px"">&emsp;</p><br><p style=""font-size: 60px; font-family: FragmentMono"">RKSFOAFQ<p style=""font-size: 15px"">Press <strong>k</strong> for yes, <strong>d</strong> for no.</p>","","","testing","RKSFOAFQ","k","[""morphemeXmorcode""]","false","","","",""
"150","d","html-keyboard-response","765","808598","0.0-24.0-0.108","69cff69eb8da20e1ea8a2fbe","69d7901e3430d13455efb336","69e8e8510ffa043fcbc22498","<p style=""font-size: 30px"">&emsp;</p><br><p style=""font-size: 60px; font-family: FragmentMono"">HPWYXILS<p style=""font-size: 15px"">Press <strong>k</strong> for yes, <strong>d</strong> for no.</p>","","","testing","HPWYXILS","d","[""morphemeXmorpheme""]","true","","","",""
"127","d","html-keyboard-response","766","808725","0.0-24.0-0.109","69cff69eb8da20e1ea8a2fbe","69d7901e3430d13455efb336","69e8e8510ffa043fcbc22498","<p style=""font-size: 30px"">&emsp;</p><br><p style=""font-size: 60px; font-family: FragmentMono"">VJGQJQHS<p style=""font-size: 15px"">Press <strong>k</strong> for yes, <strong>d</strong> for no.</p>","","","testing","VJGQJQHS","k","[""morphemeXmorpheme""]","false","","","",""
"144","k","html-keyboard-response","767","808869","0.0-24.0-0.110","69cff69eb8da20e1ea8a2fbe","69d7901e3430d13455efb336","69e8e8510ffa043fcbc22498","<p style=""font-size: 30px"">&emsp;</p><br><p style=""font-size: 60px; font-family: FragmentMono"">FWLCCPLQ<p style=""font-size: 15px"">Press <strong>k</strong> for yes, <strong>d</strong> for no.</p>","","","testing","FWLCCPLQ","d","[""morcodeXmorcode""]","false","","","",""
"168","k","html-keyboard-response","768","809038","0.0-24.0-0.111","69cff69eb8da20e1ea8a2fbe","69d7901e3430d13455efb336","69e8e8510ffa043fcbc22498","<p style=""font-size: 30px"">&emsp;</p><br><p style=""font-size: 60px; font-family: FragmentMono"">PBIQUDBPG<p style=""font-size: 15px"">Press <strong>k</strong> for yes, <strong>d</strong> for no.</p>","","","testing","PBIQUDBPG","k","[""morphemeXmorpheme""]","true","","","",""
"184","k","html-keyboard-response","769","809222","0.0-24.0-0.112","69cff69eb8da20e1ea8a2fbe","69d7901e3430d13455efb336","69e8e8510ffa043fcbc22498","<p style=""font-size: 30px"">&emsp;</p><br><p style=""font-size: 60px; font-family: FragmentMono"">AFVRFSXD<p style=""font-size: 15px"">Press <strong>k</strong> for yes, <strong>d</strong> for no.</p>","","","testing","AFVRFSXD","d","[""morcodeXmorcode""]","false","","","",""
"177","k","html-keyboard-response","770","809399","0.0-24.0-0.113","69cff69eb8da20e1ea8a2fbe","69d7901e3430d13455efb336","69e8e8510ffa043fcbc22498","<p style=""font-size: 30px"">&emsp;</p><br><p style=""font-size: 60px; font-family: FragmentMono"">CHTLQEYX<p style=""font-size: 15px"">Press <strong>k</strong> for yes, <strong>d</strong> for no.</p>","","","testing","CHTLQEYX","k","[""morcodeXmorpheme""]","true","","","",""
"214","d","html-keyboard-response","771","809614","0.0-24.0-0.114","69cff69eb8da20e1ea8a2fbe","69d7901e3430d13455efb336","69e8e8510ffa043fcbc22498","<p style=""font-size: 30px"">&emsp;</p><br><p style=""font-size: 60px; font-family: FragmentMono"">ODOILTW<p style=""font-size: 15px"">Press <strong>k</strong> for yes, <strong>d</strong> for no.</p>","","","testing","ODOILTW","k","[""morphemeXmorcode""]","false","","","",""
"142","d","html-keyboard-response","772","809758","0.0-24.0-0.115","69cff69eb8da20e1ea8a2fbe","69d7901e3430d13455efb336","69e8e8510ffa043fcbc22498","<p style=""font-size: 30px"">&emsp;</p><br><p style=""font-size: 60px; font-family: FragmentMono"">LQUJOYAHE<p style=""font-size: 15px"">Press <strong>k</strong> for yes, <strong>d</strong> for no.</p>","","","testing","LQUJOYAHE","d","[""morcodeXmorcode""]","true","","","",""
"167","d","html-keyboard-response","773","809925","0.0-24.0-0.116","69cff69eb8da20e1ea8a2fbe","69d7901e3430d13455efb336","69e8e8510ffa043fcbc22498","<p style=""font-size: 30px"">&emsp;</p><br><p style=""font-size: 60px; font-family: FragmentMono"">PBIQUFYDV<p style=""font-size: 15px"">Press <strong>k</strong> for yes, <strong>d</strong> for no.</p>","","","testing","PBIQUFYDV","k","[""morphemeXmorcode""]","false","","","",""
"143","d","html-keyboard-response","774","810069","0.0-24.0-0.117","69cff69eb8da20e1ea8a2fbe","69d7901e3430d13455efb336","69e8e8510ffa043fcbc22498","<p style=""font-size: 30px"">&emsp;</p><br><p style=""font-size: 60px; font-family: FragmentMono"">BWGOQWFU<p style=""font-size: 15px"">Press <strong>k</strong> for yes, <strong>d</strong> for no.</p>","","","testing","BWGOQWFU","d","[""morcodeXmorcode""]","true","","","",""
"192","k","html-keyboard-response","775","810262","0.0-24.0-0.118","69cff69eb8da20e1ea8a2fbe","69d7901e3430d13455efb336","69e8e8510ffa043fcbc22498","<p style=""font-size: 30px"">&emsp;</p><br><p style=""font-size: 60px; font-family: FragmentMono"">RKSFVPOC<p style=""font-size: 15px"">Press <strong>k</strong> for yes, <strong>d</strong> for no.</p>","","","testing","RKSFVPOC","k","[""morphemeXmorpheme""]","true","","","",""
"152","k","html-keyboard-response","776","810414","0.0-24.0-0.119","69cff69eb8da20e1ea8a2fbe","69d7901e3430d13455efb336","69e8e8510ffa043fcbc22498","<p style=""font-size: 30px"">&emsp;</p><br><p style=""font-size: 60px; font-family: FragmentMono"">JIGUTUZ<p style=""font-size: 15px"">Press <strong>k</strong> for yes, <strong>d</strong> for no.</p>","","","testing","JIGUTUZ","k","[""morcodeXmorpheme""]","true","","","",""
"21934","{""testing_strategy"":""I tried to use my memory to remember sequences and combinations of starting and ending letters.""}","survey-html-form","777","832349","0.0-25.0","69cff69eb8da20e1ea8a2fbe","69d7901e3430d13455efb336","69e8e8510ffa043fcbc22498","","","","","","","","","","","",""
"7746"," ","html-keyboard-response","778","840096","0.0-26.0","69cff69eb8da20e1ea8a2fbe","69d7901e3430d13455efb336","69e8e8510ffa043fcbc22498","<p style=""font-size: 30px"">You've made it to the meeting on time, fantastic! The world leaders want to write a message back to the aliens, and need you to help them recognise which letter combinations you saw in their language. You'll have the choice between 2 letter combinations: one which was in the communication you saw, and one that wasn't. It's important to be friendly with these aliens, so it's important that you make the right choice!</p>
      <p style=""font-size: 30px"">Press <strong>d</strong> if you think that the letter combination on the <strong>left</strong> is the one you saw, or <strong>k</strong> if you think that it's the one on the <strong>right</strong>.</p>
      <p style=""font-size: 30px"">Press the spacebar when you're ready to begin.</p>","","","","","","","","","","",""
"3023","d","html-keyboard-response","779","843119","0.0-27.0-0.0","69cff69eb8da20e1ea8a2fbe","69d7901e3430d13455efb336","69e8e8510ffa043fcbc22498","<p style=""font-size: 30px;"">Which letter combination have you already seen?</p><br><p style=""font-size: 60px; font-family: FragmentMono"">FSZR&emsp;&emsp;&emsp;&emsp;QSQX<p style=""font-size: 15px"">Press <strong>d</strong> for this letter combination&emsp;&emsp;&emsp;&emsp;&emsp;&emsp;&emsp;&emsp;&emsp;&emsp;&emsp;Press <strong>k</strong> for this letter combination</p>","","","familiarity","","d","","true","FSZR","QSQX","",""
"1400","d","html-keyboard-response","780","844520","0.0-27.0-0.1","69cff69eb8da20e1ea8a2fbe","69d7901e3430d13455efb336","69e8e8510ffa043fcbc22498","<p style=""font-size: 30px;"">Which letter combination have you already seen?</p><br><p style=""font-size: 60px; font-family: FragmentMono"">XTYQ&emsp;&emsp;&emsp;&emsp;DBPG<p style=""font-size: 15px"">Press <strong>d</strong> for this letter combination&emsp;&emsp;&emsp;&emsp;&emsp;&emsp;&emsp;&emsp;&emsp;&emsp;&emsp;Press <strong>k</strong> for this letter combination</p>","","","familiarity","","k","","false","DBPG","XTYQ","",""
"964","k","html-keyboard-response","781","845485","0.0-27.0-0.2","69cff69eb8da20e1ea8a2fbe","69d7901e3430d13455efb336","69e8e8510ffa043fcbc22498","<p style=""font-size: 30px;"">Which letter combination have you already seen?</p><br><p style=""font-size: 60px; font-family: FragmentMono"">REAHU&emsp;&emsp;&emsp;&emsp;KZLHI<p style=""font-size: 15px"">Press <strong>d</strong> for this letter combination&emsp;&emsp;&emsp;&emsp;&emsp;&emsp;&emsp;&emsp;&emsp;&emsp;&emsp;Press <strong>k</strong> for this letter combination</p>","","","familiarity","","d","","false","REAHU","KZLHI","",""
"354","d","html-keyboard-response","782","845839","0.0-27.0-0.3","69cff69eb8da20e1ea8a2fbe","69d7901e3430d13455efb336","69e8e8510ffa043fcbc22498","<p style=""font-size: 30px"">&emsp;</p><br><p style=""font-size: 60px; font-family: FragmentMono"">YVN&emsp;&emsp;&emsp;&emsp;EYX<p style=""font-size: 15px"">Press <strong>d</strong> for this letter combination&emsp;&emsp;&emsp;&emsp;&emsp;&emsp;&emsp;&emsp;&emsp;&emsp;Press <strong>k</strong> for this letter combination</p>","","","familiarity","","k","","false","EYX","YVN","",""
"150","k","html-keyboard-response","783","845990","0.0-27.0-0.4","69cff69eb8da20e1ea8a2fbe","69d7901e3430d13455efb336","69e8e8510ffa043fcbc22498","<p style=""font-size: 30px"">&emsp;</p><br><p style=""font-size: 60px; font-family: FragmentMono"">TUZ&emsp;&emsp;&emsp;&emsp;NLP<p style=""font-size: 15px"">Press <strong>d</strong> for this letter combination&emsp;&emsp;&emsp;&emsp;&emsp;&emsp;&emsp;&emsp;&emsp;&emsp;Press <strong>k</strong> for this letter combination</p>","","","familiarity","","d","","false","TUZ","NLP","",""
"151","d","html-keyboard-response","784","846141","0.0-27.0-0.5","69cff69eb8da20e1ea8a2fbe","69d7901e3430d13455efb336","69e8e8510ffa043fcbc22498","<p style=""font-size: 30px"">&emsp;</p><br><p style=""font-size: 60px; font-family: FragmentMono"">FBMN&emsp;&emsp;&emsp;&emsp;TEKU<p style=""font-size: 15px"">Press <strong>d</strong> for this letter combination&emsp;&emsp;&emsp;&emsp;&emsp;&emsp;&emsp;&emsp;&emsp;&emsp;Press <strong>k</strong> for this letter combination</p>","","","familiarity","","d","","true","FBMN","TEKU","",""
"112","k","html-keyboard-response","785","846253","0.0-27.0-0.6","69cff69eb8da20e1ea8a2fbe","69d7901e3430d13455efb336","69e8e8510ffa043fcbc22498","<p style=""font-size: 30px"">&emsp;</p><br><p style=""font-size: 60px; font-family: FragmentMono"">TUSOG&emsp;&emsp;&emsp;&emsp;PJPTI<p style=""font-size: 15px"">Press <strong>d</strong> for this letter combination&emsp;&emsp;&emsp;&emsp;&emsp;&emsp;&emsp;&emsp;&emsp;&emsp;Press <strong>k</strong> for this letter combination</p>","","","familiarity","","k","","true","PJPTI","TUSOG","",""
"143","d","html-keyboard-response","786","846397","0.0-27.0-0.7","69cff69eb8da20e1ea8a2fbe","69d7901e3430d13455efb336","69e8e8510ffa043fcbc22498","<p style=""font-size: 30px"">&emsp;</p><br><p style=""font-size: 60px; font-family: FragmentMono"">PBIQU&emsp;&emsp;&emsp;&emsp;SJNXF<p style=""font-size: 15px"">Press <strong>d</strong> for this letter combination&emsp;&emsp;&emsp;&emsp;&emsp;&emsp;&emsp;&emsp;&emsp;&emsp;Press <strong>k</strong> for this letter combination</p>","","","familiarity","","d","","true","PBIQU","SJNXF","",""
"135","k","html-keyboard-response","787","846533","0.0-27.0-0.8","69cff69eb8da20e1ea8a2fbe","69d7901e3430d13455efb336","69e8e8510ffa043fcbc22498","<p style=""font-size: 30px"">&emsp;</p><br><p style=""font-size: 60px; font-family: FragmentMono"">QHS&emsp;&emsp;&emsp;&emsp;WDB<p style=""font-size: 15px"">Press <strong>d</strong> for this letter combination&emsp;&emsp;&emsp;&emsp;&emsp;&emsp;&emsp;&emsp;&emsp;&emsp;Press <strong>k</strong> for this letter combination</p>","","","familiarity","","d","","false","QHS","WDB","",""
"152","k","html-keyboard-response","788","846685","0.0-27.0-0.9","69cff69eb8da20e1ea8a2fbe","69d7901e3430d13455efb336","69e8e8510ffa043fcbc22498","<p style=""font-size: 30px"">&emsp;</p><br><p style=""font-size: 60px; font-family: FragmentMono"">XDST&emsp;&emsp;&emsp;&emsp;RKSF<p style=""font-size: 15px"">Press <strong>d</strong> for this letter combination&emsp;&emsp;&emsp;&emsp;&emsp;&emsp;&emsp;&emsp;&emsp;&emsp;Press <strong>k</strong> for this letter combination</p>","","","familiarity","","k","","true","RKSF","XDST","",""
"745","d","html-keyboard-response","789","847431","0.0-27.0-0.10","69cff69eb8da20e1ea8a2fbe","69d7901e3430d13455efb336","69e8e8510ffa043fcbc22498","<p style=""font-size: 30px"">&emsp;</p><br><p style=""font-size: 60px; font-family: FragmentMono"">HJZOG&emsp;&emsp;&emsp;&emsp;VJGQJ<p style=""font-size: 15px"">Press <strong>d</strong> for this letter combination&emsp;&emsp;&emsp;&emsp;&emsp;&emsp;&emsp;&emsp;&emsp;&emsp;Press <strong>k</strong> for this letter combination</p>","","","familiarity","","k","","false","VJGQJ","HJZOG","",""
"807","k","html-keyboard-response","790","848238","0.0-27.0-0.11","69cff69eb8da20e1ea8a2fbe","69d7901e3430d13455efb336","69e8e8510ffa043fcbc22498","<p style=""font-size: 30px"">&emsp;</p><br><p style=""font-size: 60px; font-family: FragmentMono"">FCJS&emsp;&emsp;&emsp;&emsp;QWSN<p style=""font-size: 15px"">Press <strong>d</strong> for this letter combination&emsp;&emsp;&emsp;&emsp;&emsp;&emsp;&emsp;&emsp;&emsp;&emsp;Press <strong>k</strong> for this letter combination</p>","","","familiarity","","k","","true","QWSN","FCJS","",""
"993","k","html-keyboard-response","791","849232","0.0-27.0-0.12","69cff69eb8da20e1ea8a2fbe","69d7901e3430d13455efb336","69e8e8510ffa043fcbc22498","<p style=""font-size: 30px"">&emsp;</p><br><p style=""font-size: 60px; font-family: FragmentMono"">CAMU&emsp;&emsp;&emsp;&emsp;XZQF<p style=""font-size: 15px"">Press <strong>d</strong> for this letter combination&emsp;&emsp;&emsp;&emsp;&emsp;&emsp;&emsp;&emsp;&emsp;&emsp;Press <strong>k</strong> for this letter combination</p>","","","familiarity","","k","","true","XZQF","CAMU","",""
"981","d","html-keyboard-response","792","850214","0.0-27.0-0.13","69cff69eb8da20e1ea8a2fbe","69d7901e3430d13455efb336","69e8e8510ffa043fcbc22498","<p style=""font-size: 30px"">&emsp;</p><br><p style=""font-size: 60px; font-family: FragmentMono"">MEOFI&emsp;&emsp;&emsp;&emsp;FDMJC<p style=""font-size: 15px"">Press <strong>d</strong> for this letter combination&emsp;&emsp;&emsp;&emsp;&emsp;&emsp;&emsp;&emsp;&emsp;&emsp;Press <strong>k</strong> for this letter combination</p>","","","familiarity","","d","","true","MEOFI","FDMJC","",""
"978","k","html-keyboard-response","793","851192","0.0-27.0-0.14","69cff69eb8da20e1ea8a2fbe","69d7901e3430d13455efb336","69e8e8510ffa043fcbc22498","<p style=""font-size: 30px"">&emsp;</p><br><p style=""font-size: 60px; font-family: FragmentMono"">GNFQW&emsp;&emsp;&emsp;&emsp;RWEQM<p style=""font-size: 15px"">Press <strong>d</strong> for this letter combination&emsp;&emsp;&emsp;&emsp;&emsp;&emsp;&emsp;&emsp;&emsp;&emsp;Press <strong>k</strong> for this letter combination</p>","","","familiarity","","k","","true","RWEQM","GNFQW","",""
"180","d","html-keyboard-response","794","851373","0.0-27.0-0.15","69cff69eb8da20e1ea8a2fbe","69d7901e3430d13455efb336","69e8e8510ffa043fcbc22498","<p style=""font-size: 30px"">&emsp;</p><br><p style=""font-size: 60px; font-family: FragmentMono"">VPOC&emsp;&emsp;&emsp;&emsp;UYZY<p style=""font-size: 15px"">Press <strong>d</strong> for this letter combination&emsp;&emsp;&emsp;&emsp;&emsp;&emsp;&emsp;&emsp;&emsp;&emsp;Press <strong>k</strong> for this letter combination</p>","","","familiarity","","d","","true","VPOC","UYZY","",""
"95","k","html-keyboard-response","795","851469","0.0-27.0-0.16","69cff69eb8da20e1ea8a2fbe","69d7901e3430d13455efb336","69e8e8510ffa043fcbc22498","<p style=""font-size: 30px"">&emsp;</p><br><p style=""font-size: 60px; font-family: FragmentMono"">OGPGL&emsp;&emsp;&emsp;&emsp;EIEQN<p style=""font-size: 15px"">Press <strong>d</strong> for this letter combination&emsp;&emsp;&emsp;&emsp;&emsp;&emsp;&emsp;&emsp;&emsp;&emsp;Press <strong>k</strong> for this letter combination</p>","","","familiarity","","d","","false","OGPGL","EIEQN","",""
"120","d","html-keyboard-response","796","851589","0.0-27.0-0.17","69cff69eb8da20e1ea8a2fbe","69d7901e3430d13455efb336","69e8e8510ffa043fcbc22498","<p style=""font-size: 30px"">&emsp;</p><br><p style=""font-size: 60px; font-family: FragmentMono"">ILVQ&emsp;&emsp;&emsp;&emsp;UHUZ<p style=""font-size: 15px"">Press <strong>d</strong> for this letter combination&emsp;&emsp;&emsp;&emsp;&emsp;&emsp;&emsp;&emsp;&emsp;&emsp;Press <strong>k</strong> for this letter combination</p>","","","familiarity","","k","","false","UHUZ","ILVQ","",""
"112","k","html-keyboard-response","797","851702","0.0-27.0-0.18","69cff69eb8da20e1ea8a2fbe","69d7901e3430d13455efb336","69e8e8510ffa043fcbc22498","<p style=""font-size: 30px"">&emsp;</p><br><p style=""font-size: 60px; font-family: FragmentMono"">KXH&emsp;&emsp;&emsp;&emsp;EQZ<p style=""font-size: 15px"">Press <strong>d</strong> for this letter combination&emsp;&emsp;&emsp;&emsp;&emsp;&emsp;&emsp;&emsp;&emsp;&emsp;Press <strong>k</strong> for this letter combination</p>","","","familiarity","","k","","true","EQZ","KXH","",""
"70","d","html-keyboard-response","798","851773","0.0-27.0-0.19","69cff69eb8da20e1ea8a2fbe","69d7901e3430d13455efb336","69e8e8510ffa043fcbc22498","<p style=""font-size: 30px"">&emsp;</p><br><p style=""font-size: 60px; font-family: FragmentMono"">UNYZC&emsp;&emsp;&emsp;&emsp;GQFHX<p style=""font-size: 15px"">Press <strong>d</strong> for this letter combination&emsp;&emsp;&emsp;&emsp;&emsp;&emsp;&emsp;&emsp;&emsp;&emsp;Press <strong>k</strong> for this letter combination</p>","","","familiarity","","k","","false","GQFHX","UNYZC","",""
"143","k","html-keyboard-response","799","851917","0.0-27.0-0.20","69cff69eb8da20e1ea8a2fbe","69d7901e3430d13455efb336","69e8e8510ffa043fcbc22498","<p style=""font-size: 30px"">&emsp;</p><br><p style=""font-size: 60px; font-family: FragmentMono"">JVRU&emsp;&emsp;&emsp;&emsp;UABS<p style=""font-size: 15px"">Press <strong>d</strong> for this letter combination&emsp;&emsp;&emsp;&emsp;&emsp;&emsp;&emsp;&emsp;&emsp;&emsp;Press <strong>k</strong> for this letter combination</p>","","","familiarity","","d","","false","JVRU","UABS","",""
"40","d","html-keyboard-response","800","851958","0.0-27.0-0.21","69cff69eb8da20e1ea8a2fbe","69d7901e3430d13455efb336","69e8e8510ffa043fcbc22498","<p style=""font-size: 30px"">&emsp;</p><br><p style=""font-size: 60px; font-family: FragmentMono"">MJWM&emsp;&emsp;&emsp;&emsp;MVCM<p style=""font-size: 15px"">Press <strong>d</strong> for this letter combination&emsp;&emsp;&emsp;&emsp;&emsp;&emsp;&emsp;&emsp;&emsp;&emsp;Press <strong>k</strong> for this letter combination</p>","","","familiarity","","d","","true","MJWM","MVCM","",""
"142","d","html-keyboard-response","801","852100","0.0-27.0-0.22","69cff69eb8da20e1ea8a2fbe","69d7901e3430d13455efb336","69e8e8510ffa043fcbc22498","<p style=""font-size: 30px"">&emsp;</p><br><p style=""font-size: 60px; font-family: FragmentMono"">WFQNZ&emsp;&emsp;&emsp;&emsp;CELFX<p style=""font-size: 15px"">Press <strong>d</strong> for this letter combination&emsp;&emsp;&emsp;&emsp;&emsp;&emsp;&emsp;&emsp;&emsp;&emsp;Press <strong>k</strong> for this letter combination</p>","","","familiarity","","d","","true","WFQNZ","CELFX","",""
"145","d","html-keyboard-response","802","852246","0.0-27.0-0.23","69cff69eb8da20e1ea8a2fbe","69d7901e3430d13455efb336","69e8e8510ffa043fcbc22498","<p style=""font-size: 30px"">&emsp;</p><br><p style=""font-size: 60px; font-family: FragmentMono"">UCSU&emsp;&emsp;&emsp;&emsp;ODOI<p style=""font-size: 15px"">Press <strong>d</strong> for this letter combination&emsp;&emsp;&emsp;&emsp;&emsp;&emsp;&emsp;&emsp;&emsp;&emsp;Press <strong>k</strong> for this letter combination</p>","","","familiarity","","k","","false","ODOI","UCSU","",""
"127","d","html-keyboard-response","803","852373","0.0-27.0-0.24","69cff69eb8da20e1ea8a2fbe","69d7901e3430d13455efb336","69e8e8510ffa043fcbc22498","<p style=""font-size: 30px"">&emsp;</p><br><p style=""font-size: 60px; font-family: FragmentMono"">XILS&emsp;&emsp;&emsp;&emsp;TQZU<p style=""font-size: 15px"">Press <strong>d</strong> for this letter combination&emsp;&emsp;&emsp;&emsp;&emsp;&emsp;&emsp;&emsp;&emsp;&emsp;Press <strong>k</strong> for this letter combination</p>","","","familiarity","","d","","true","XILS","TQZU","",""
"143","k","html-keyboard-response","804","852517","0.0-27.0-0.25","69cff69eb8da20e1ea8a2fbe","69d7901e3430d13455efb336","69e8e8510ffa043fcbc22498","<p style=""font-size: 30px"">&emsp;</p><br><p style=""font-size: 60px; font-family: FragmentMono"">PTP&emsp;&emsp;&emsp;&emsp;LHW<p style=""font-size: 15px"">Press <strong>d</strong> for this letter combination&emsp;&emsp;&emsp;&emsp;&emsp;&emsp;&emsp;&emsp;&emsp;&emsp;Press <strong>k</strong> for this letter combination</p>","","","familiarity","","d","","false","PTP","LHW","",""
"159","d","html-keyboard-response","805","852677","0.0-27.0-0.26","69cff69eb8da20e1ea8a2fbe","69d7901e3430d13455efb336","69e8e8510ffa043fcbc22498","<p style=""font-size: 30px"">&emsp;</p><br><p style=""font-size: 60px; font-family: FragmentMono"">VIRB&emsp;&emsp;&emsp;&emsp;HRDY<p style=""font-size: 15px"">Press <strong>d</strong> for this letter combination&emsp;&emsp;&emsp;&emsp;&emsp;&emsp;&emsp;&emsp;&emsp;&emsp;Press <strong>k</strong> for this letter combination</p>","","","familiarity","","k","","false","HRDY","VIRB","",""
"199","k","html-keyboard-response","806","852877","0.0-27.0-0.27","69cff69eb8da20e1ea8a2fbe","69d7901e3430d13455efb336","69e8e8510ffa043fcbc22498","<p style=""font-size: 30px"">&emsp;</p><br><p style=""font-size: 60px; font-family: FragmentMono"">FQD&emsp;&emsp;&emsp;&emsp;TSL<p style=""font-size: 15px"">Press <strong>d</strong> for this letter combination&emsp;&emsp;&emsp;&emsp;&emsp;&emsp;&emsp;&emsp;&emsp;&emsp;Press <strong>k</strong> for this letter combination</p>","","","familiarity","","k","","true","TSL","FQD","",""
"153","k","html-keyboard-response","807","853030","0.0-27.0-0.28","69cff69eb8da20e1ea8a2fbe","69d7901e3430d13455efb336","69e8e8510ffa043fcbc22498","<p style=""font-size: 30px"">&emsp;</p><br><p style=""font-size: 60px; font-family: FragmentMono"">JEGI&emsp;&emsp;&emsp;&emsp;HPWY<p style=""font-size: 15px"">Press <strong>d</strong> for this letter combination&emsp;&emsp;&emsp;&emsp;&emsp;&emsp;&emsp;&emsp;&emsp;&emsp;Press <strong>k</strong> for this letter combination</p>","","","familiarity","","k","","true","HPWY","JEGI","",""
"150","d","html-keyboard-response","808","853181","0.0-27.0-0.29","69cff69eb8da20e1ea8a2fbe","69d7901e3430d13455efb336","69e8e8510ffa043fcbc22498","<p style=""font-size: 30px"">&emsp;</p><br><p style=""font-size: 60px; font-family: FragmentMono"">CDQB&emsp;&emsp;&emsp;&emsp;NZGV<p style=""font-size: 15px"">Press <strong>d</strong> for this letter combination&emsp;&emsp;&emsp;&emsp;&emsp;&emsp;&emsp;&emsp;&emsp;&emsp;Press <strong>k</strong> for this letter combination</p>","","","familiarity","","d","","true","CDQB","NZGV","",""
"2041"," ","html-keyboard-response","809","855223","0.0-28.0","69cff69eb8da20e1ea8a2fbe","69d7901e3430d13455efb336","69e8e8510ffa043fcbc22498","<p style=""font-size: 30px"">Thank you for your help deciphering these alien communications! In this final part, we'd like you to answer the following questions on your history, use, proficiency, and attitudes towards your own languages.</p>
      <p style=""font-size: 30px"">The questionnaire contains 19 questions and will take only 10 minutes. Please answer every question honestly: this way we'll be able to guarantee a good outcome for this experiment.</p>
      <p style=""font-size: 30px"">Press the spacebar to begin.</p>","","","","","","","","","","",""
"23135","{""Age"":""18"",""Gender"":""Man"",""Education"":""PlusCollege"",""L1"":""English"",""L2"":""Urdu"",""L3"":""French"",""L4"":""n/a"",""otherLs"":""No""}","survey-html-form","810","878359","0.0-29.0","69cff69eb8da20e1ea8a2fbe","69d7901e3430d13455efb336","69e8e8510ffa043fcbc22498","","","","","","","","","","","bio_info",""
"46288","{""AoAL1"":""0"",""AoAL2"":""7"",""AoAL3"":""14"",""AoEaseL1"":""0"",""AoEaseL2"":""11"",""AoEaseL3"":""17"",""yearsEduL1"":""12"",""yearsEduL2"":""0"",""yearsEduL3"":""4"",""yearsCountryL1"":""18"",""yearsCountryL2"":""1"",""yearsCountryL3"":""18"",""yearsFamilyL1"":""18"",""yearsFamilyL2"":""18"",""yearsFamilyL3"":""0"",""yearsWorkL1"":""6"",""yearsWorkL2"":""0"",""yearsWorkL3"":""6""}","survey-html-form","811","924654","0.0-30.0","69cff69eb8da20e1ea8a2fbe","69d7901e3430d13455efb336","69e8e8510ffa043fcbc22498","","","","","","","","","","","history_info",""
"25188","{""PercFriendsL1"":""100"",""PercFriendsL2"":""40"",""PercFriendsL3"":""100"",""PercFamilyL1"":""100"",""PercFamilyL2"":""70"",""PercFamilyL3"":""10"",""PercWorkL1"":""100"",""PercWorkL2"":""0"",""PercWorkL3"":""70"",""PercSelfL1"":""100"",""PercSelfL2"":""10"",""PercSelfL3"":""30"",""PercCountL1"":""100"",""PercCountL2"":""0"",""PercCountL3"":""0""}","survey-html-form","812","949846","0.0-31.0-0.0-0.0","69cff69eb8da20e1ea8a2fbe","69d7901e3430d13455efb336","69e8e8510ffa043fcbc22498","","","","","","","","","","","use_info",""
"3250","","instructions","813","953097","0.0-31.0-0.0-1.0-0.0","69cff69eb8da20e1ea8a2fbe","69d7901e3430d13455efb336","69e8e8510ffa043fcbc22498","","","","","","","","","","","use_info_prb","[{""page_index"":0,""viewing_time"":3250}]"
"14761","{""PercFriendsL1"":""80"",""PercFriendsL2"":""10"",""PercFriendsL3"":""10"",""PercFamilyL1"":""80"",""PercFamilyL2"":""10"",""PercFamilyL3"":""10"",""PercWorkL1"":""80"",""PercWorkL2"":""10"",""PercWorkL3"":""10"",""PercSelfL1"":""100"",""PercSelfL2"":""0"",""PercSelfL3"":""0"",""PercCountL1"":""100"",""PercCountL2"":""0"",""PercCountL3"":""0""}","survey-html-form","814","967863","0.0-31.0-0.1-0.1","69cff69eb8da20e1ea8a2fbe","69d7901e3430d13455efb336","69e8e8510ffa043fcbc22498","","","","","","","","","","","use_info",""
"22511","{""ProfSpeakL1"":""6"",""ProfSpeakL2"":""5"",""ProfSpeakL3"":""4"",""ProfUnderstandL1"":""6"",""ProfUnderstandL2"":""6"",""ProfUnderstandL3"":""5"",""ProfReadL1"":""6"",""ProfReadL2"":""3"",""ProfReadL3"":""3"",""AttentionL1"":""2"",""AttentionL2"":""2"",""AttentionL3"":""2"",""ProfWriteL1"":""6"",""ProfWriteL2"":""3"",""ProfWriteL3"":""4""}","survey-html-form","815","990378","0.0-32.0","69cff69eb8da20e1ea8a2fbe","69d7901e3430d13455efb336","69e8e8510ffa043fcbc22498","","","","","","","","","","","proficiency_info",""
"11894","{""AttSelfL1"":""6"",""AttSelfL2"":""6"",""AttSelfL3"":""6"",""AttCultureL1"":""6"",""AttCultureL2"":""6"",""AttCultureL3"":""2"",""AttNativeLevelL1"":""6"",""AttNativeLevelL2"":""6"",""AttNativeLevelL3"":""6"",""AttMothertongueL1"":""6"",""AttMothertongueL2"":""6"",""AttMothertongueL3"":""6""}","survey-html-form","816","1002276","0.0-33.0","69cff69eb8da20e1ea8a2fbe","69d7901e3430d13455efb336","69e8e8510ffa043fcbc22498","","","","","","","","","","","attitudes_info",""
"6393"," ","html-keyboard-response","817","1008669","0.0-34.0","69cff69eb8da20e1ea8a2fbe","69d7901e3430d13455efb336","69e8e8510ffa043fcbc22498","<p style=""font-size: 30px""><u>Goal of the study:</u> This experiment intends to test if people with more experience with more languages are more capable of unconsciously processing statistical information of new words. The alien words you saw at the beginning of the study belonged to two different languages, and this difference was displayed in how word parts were assembled together. Thank you for your participation!</p>
      <p style=""font-size: 30px"">Data upload will take a few seconds. Please wait briefly, then you will be redirected to Prolific with your completion code. Press any key now to do so.</p>","","","","","","","","","","",""
