"rt","response","trial_type","trial_index","time_elapsed","internal_node_id","subject_id","study_id","session_id","stimulus","question_order","success","task","item","correct_response","testing_condition","correct","target","confound","name","view_history"
"4544","{""ID"":""697cab1603c68e76a4d71eb0""}","survey-html-form","0","4546","0.0-0.0","697cab1603c68e76a4d71eb0","69d7901e3430d13455efb336","69e64da50ae771d97090e177","","","","","","","","","","","",""
"5389"," ","html-keyboard-response","1","9936","0.0-1.0","697cab1603c68e76a4d71eb0","69d7901e3430d13455efb336","69e64da50ae771d97090e177","<p style=""font-size: 30px;"">Before beginning, we ask that you read the consent information and confirm your agreement to participate in the experiment.</p>
      <p style=""font-size: 30px;""> We ask that you remember that this is a research project and that your participation is entirely voluntary. You can stop your participation at any time, without needing to provide any explanation. The study we're asking you to participate in aims at examining how readers process written words. You will be engaged in a session of apprximately 25-30 minutes, followed by a brief questionnaire. You will have the opportunity to take a few breaks during the experiment. You will be paid £4 for your participation, corresponding to a rate of £8/hour. While this experiment looks at cognitive faculties, this experiment doesn't constitute clinical proof of eventual pathologies.</p>
      <p style=""font-size: 30px;"">All of the information collected thanks to yours and others' participation will be held in a secure password-protected server, and will not be shared with anyone not authorised to view it. Your personal information will be kept with an arbitrary participant ID. Thanks to this data anonymity process, any researcher analysing the data won't be able to track the information back to a specific participant. Therefore, this process will make identifying you impossibile, even when results from the study will be published in scientific reviews, presented at congresses, or at any other public forum. More generally, the collected data will be treated in accordance with the laws on privacy and conformity to the Legislative Degree n. 196 ""Code regarding the protection of personal data"" of the 30th of June 2003 and to the European Regulation 2016/670 (General Data Protection Regulation - GDPR). The Data Protection Officer is Avv. Valentina Carollo, who can be contacted at the following email addresses: <a href=""mailto:dpo@sissa.it"">dpo@sissa.it</a> or <a href=""mailto:rpd@sissa.it"">rpd@sissa.it</a> - PEC: <a href=""mailto:protocollo@pec.sissa.it"">protocollo@pec.sissa.it</a>.</p>
      <p style=""font-size: 30px;""> Before expressing your consent to participate, we would like to remind you again that in case you need explanations on any aspect of the experimental procedure, the researcher is at your disposition (<a href=""mailto:aliebelt@sissa.it"">aliebelt@sissa.it</a>, <a href=""mailto:davide.crepaldi@sissa.it"">davide.crepaldi@sissa.it</a>). Please feel free to contact the researcher through the Messaging feature on Prolific if you have any questions or issues.</p>
      <p style=""font-size: 30px;"">If you would like to download the informed consent form, you can do so here: <a href=""BASL-Informed_Consent.pdf"" download>informed consent form</a>.</p>
      <p style=""font-size: 30px;"">We ask that you press the spacebar to proceed to the consent section.</p>","","","","","","","","","","",""
"10001","{""consent1"":""YES"",""consent2"":""YES"",""consent3"":""YES"",""consent4"":""YES"",""consent5"":""YES"",""consent6"":""YES""}","survey-html-form","2","19938","0.0-2.0","697cab1603c68e76a4d71eb0","69d7901e3430d13455efb336","69e64da50ae771d97090e177","","","","","","","","","","","",""
"15909","{""Languages"":[""English"",""Hindi"",""Punjabi""]}","survey-multi-select","3","35882","0.0-3.0-0.0","697cab1603c68e76a4d71eb0","69d7901e3430d13455efb336","69e64da50ae771d97090e177","","[0]","","","","","","","","","",""
"5470","","fullscreen","4","42359","0.0-4.0","697cab1603c68e76a4d71eb0","69d7901e3430d13455efb336","69e64da50ae771d97090e177","","","true","","","","","","","","",""
"10805"," ","html-keyboard-response","5","53164","0.0-5.0","697cab1603c68e76a4d71eb0","69d7901e3430d13455efb336","69e64da50ae771d97090e177","<p style=""font-size: 30px"">Welcome, and thank you very much for your time!</p>
      <p style=""font-size: 30px"">In this experiment, you'll be a language expert who's been asked to take a look at words that Earth has received in its first communication with aliens. Your task, in this first part of the experiment, is to pay close attention to the words you'll be shown; later, world leaders will ask you questions on what you saw. The words will be shown to you quite quickly; it seems that the aliens were in a hurry :-)</p>
      <p style=""font-size: 30px"">Press the spacebar to continue.<p>","","","","","","","","","","",""
"null","null","html-keyboard-response","6","53168","0.0-6.0","697cab1603c68e76a4d71eb0","69d7901e3430d13455efb336","69e64da50ae771d97090e177","<p style=""font-size: 1px; font-family: FragmentMono""> x </p>","","","","","","","","","","",""
"null","null","html-keyboard-response","7","54173","0.0-7.0-0.0","697cab1603c68e76a4d71eb0","69d7901e3430d13455efb336","69e64da50ae771d97090e177","<p style=""font-size: 60px; font-family: FragmentMono"">OGPGLVHGM</p>","","","training","","","","","","","",""
"null","null","html-keyboard-response","8","55181","0.0-7.0-0.1","697cab1603c68e76a4d71eb0","69d7901e3430d13455efb336","69e64da50ae771d97090e177","<p style=""font-size: 60px; font-family: FragmentMono"">DJZJDFM</p>","","","training","","","","","","","",""
"null","null","html-keyboard-response","9","56183","0.0-7.0-0.2","697cab1603c68e76a4d71eb0","69d7901e3430d13455efb336","69e64da50ae771d97090e177","<p style=""font-size: 60px; font-family: FragmentMono"">CYMJLFWLC</p>","","","training","","","","","","","",""
"null","null","html-keyboard-response","10","57188","0.0-7.0-0.3","697cab1603c68e76a4d71eb0","69d7901e3430d13455efb336","69e64da50ae771d97090e177","<p style=""font-size: 60px; font-family: FragmentMono"">SHSPSQBU</p>","","","training","","","","","","","",""
"null","null","html-keyboard-response","11","58194","0.0-7.0-0.4","697cab1603c68e76a4d71eb0","69d7901e3430d13455efb336","69e64da50ae771d97090e177","<p style=""font-size: 60px; font-family: FragmentMono"">RZDEVHGM</p>","","","training","","","","","","","",""
"null","null","html-keyboard-response","12","59199","0.0-7.0-0.5","697cab1603c68e76a4d71eb0","69d7901e3430d13455efb336","69e64da50ae771d97090e177","<p style=""font-size: 60px; font-family: FragmentMono"">TGNLUPHS</p>","","","training","","","","","","","",""
"null","null","html-keyboard-response","13","60208","0.0-7.0-0.6","697cab1603c68e76a4d71eb0","69d7901e3430d13455efb336","69e64da50ae771d97090e177","<p style=""font-size: 60px; font-family: FragmentMono"">DOFTBCAMU</p>","","","training","","","","","","","",""
"null","null","html-keyboard-response","14","61213","0.0-7.0-0.7","697cab1603c68e76a4d71eb0","69d7901e3430d13455efb336","69e64da50ae771d97090e177","<p style=""font-size: 60px; font-family: FragmentMono"">LRYWFWLC</p>","","","training","","","","","","","",""
"null","null","html-keyboard-response","15","62214","0.0-7.0-0.8","697cab1603c68e76a4d71eb0","69d7901e3430d13455efb336","69e64da50ae771d97090e177","<p style=""font-size: 60px; font-family: FragmentMono"">HVFDACAMU</p>","","","training","","","","","","","",""
"null","null","html-keyboard-response","16","63219","0.0-7.0-0.9","697cab1603c68e76a4d71eb0","69d7901e3430d13455efb336","69e64da50ae771d97090e177","<p style=""font-size: 60px; font-family: FragmentMono"">RZDESQBU</p>","","","training","","","","","","","",""
"null","null","html-keyboard-response","17","64219","0.0-7.0-0.10","697cab1603c68e76a4d71eb0","69d7901e3430d13455efb336","69e64da50ae771d97090e177","<p style=""font-size: 60px; font-family: FragmentMono"">TREHSXD</p>","","","training","","","","","","","",""
"null","null","html-keyboard-response","18","65223","0.0-7.0-0.11","697cab1603c68e76a4d71eb0","69d7901e3430d13455efb336","69e64da50ae771d97090e177","<p style=""font-size: 60px; font-family: FragmentMono"">CYMJLSQBU</p>","","","training","","","","","","","",""
"null","null","html-keyboard-response","19","66228","0.0-7.0-0.12","697cab1603c68e76a4d71eb0","69d7901e3430d13455efb336","69e64da50ae771d97090e177","<p style=""font-size: 60px; font-family: FragmentMono"">IMJRFOQW</p>","","","training","","","","","","","",""
"null","null","html-keyboard-response","20","67233","0.0-7.0-0.13","697cab1603c68e76a4d71eb0","69d7901e3430d13455efb336","69e64da50ae771d97090e177","<p style=""font-size: 60px; font-family: FragmentMono"">GHRJQOFG</p>","","","training","","","","","","","",""
"null","null","html-keyboard-response","21","68240","0.0-7.0-0.14","697cab1603c68e76a4d71eb0","69d7901e3430d13455efb336","69e64da50ae771d97090e177","<p style=""font-size: 60px; font-family: FragmentMono"">HVFDAUPHS</p>","","","training","","","","","","","",""
"null","null","html-keyboard-response","22","69248","0.0-7.0-0.15","697cab1603c68e76a4d71eb0","69d7901e3430d13455efb336","69e64da50ae771d97090e177","<p style=""font-size: 60px; font-family: FragmentMono"">NZGVOQW</p>","","","training","","","","","","","",""
"null","null","html-keyboard-response","23","70250","0.0-7.0-0.16","697cab1603c68e76a4d71eb0","69d7901e3430d13455efb336","69e64da50ae771d97090e177","<p style=""font-size: 60px; font-family: FragmentMono"">BWRLYOJU</p>","","","training","","","","","","","",""
"null","null","html-keyboard-response","24","71254","0.0-7.0-0.17","697cab1603c68e76a4d71eb0","69d7901e3430d13455efb336","69e64da50ae771d97090e177","<p style=""font-size: 60px; font-family: FragmentMono"">DJZJSXD</p>","","","training","","","","","","","",""
"null","null","html-keyboard-response","25","72255","0.0-7.0-0.18","697cab1603c68e76a4d71eb0","69d7901e3430d13455efb336","69e64da50ae771d97090e177","<p style=""font-size: 60px; font-family: FragmentMono"">GHRJQOJU</p>","","","training","","","","","","","",""
"null","null","html-keyboard-response","26","73269","0.0-7.0-0.19","697cab1603c68e76a4d71eb0","69d7901e3430d13455efb336","69e64da50ae771d97090e177","<p style=""font-size: 60px; font-family: FragmentMono"">LRYWVHGM</p>","","","training","","","","","","","",""
"null","null","html-keyboard-response","27","74273","0.0-7.0-0.20","697cab1603c68e76a4d71eb0","69d7901e3430d13455efb336","69e64da50ae771d97090e177","<p style=""font-size: 60px; font-family: FragmentMono"">TQZUOFG</p>","","","training","","","","","","","",""
"null","null","html-keyboard-response","28","75281","0.0-7.0-0.21","697cab1603c68e76a4d71eb0","69d7901e3430d13455efb336","69e64da50ae771d97090e177","<p style=""font-size: 60px; font-family: FragmentMono"">TGNLFWLC</p>","","","training","","","","","","","",""
"null","null","html-keyboard-response","29","76284","0.0-7.0-0.22","697cab1603c68e76a4d71eb0","69d7901e3430d13455efb336","69e64da50ae771d97090e177","<p style=""font-size: 60px; font-family: FragmentMono"">LRYWCAMU</p>","","","training","","","","","","","",""
"null","null","html-keyboard-response","30","77286","0.0-7.0-0.23","697cab1603c68e76a4d71eb0","69d7901e3430d13455efb336","69e64da50ae771d97090e177","<p style=""font-size: 60px; font-family: FragmentMono"">ULUJSXD</p>","","","training","","","","","","","",""
"null","null","html-keyboard-response","31","78291","0.0-7.0-0.24","697cab1603c68e76a4d71eb0","69d7901e3430d13455efb336","69e64da50ae771d97090e177","<p style=""font-size: 60px; font-family: FragmentMono"">RZDEFWLC</p>","","","training","","","","","","","",""
"null","null","html-keyboard-response","32","79293","0.0-7.0-0.25","697cab1603c68e76a4d71eb0","69d7901e3430d13455efb336","69e64da50ae771d97090e177","<p style=""font-size: 60px; font-family: FragmentMono"">CTSBIVHGM</p>","","","training","","","","","","","",""
"null","null","html-keyboard-response","33","80298","0.0-7.0-0.26","697cab1603c68e76a4d71eb0","69d7901e3430d13455efb336","69e64da50ae771d97090e177","<p style=""font-size: 60px; font-family: FragmentMono"">ULUJOFG</p>","","","training","","","","","","","",""
"null","null","html-keyboard-response","34","81306","0.0-7.0-0.27","697cab1603c68e76a4d71eb0","69d7901e3430d13455efb336","69e64da50ae771d97090e177","<p style=""font-size: 60px; font-family: FragmentMono"">WRGAMSQBU</p>","","","training","","","","","","","",""
"null","null","html-keyboard-response","35","82311","0.0-7.0-0.28","697cab1603c68e76a4d71eb0","69d7901e3430d13455efb336","69e64da50ae771d97090e177","<p style=""font-size: 60px; font-family: FragmentMono"">DJZJOQW</p>","","","training","","","","","","","",""
"null","null","html-keyboard-response","36","83315","0.0-7.0-0.29","697cab1603c68e76a4d71eb0","69d7901e3430d13455efb336","69e64da50ae771d97090e177","<p style=""font-size: 60px; font-family: FragmentMono"">GHRJQSXD</p>","","","training","","","","","","","",""
"null","null","html-keyboard-response","37","84321","0.0-7.0-0.30","697cab1603c68e76a4d71eb0","69d7901e3430d13455efb336","69e64da50ae771d97090e177","<p style=""font-size: 60px; font-family: FragmentMono"">WRGAMUPHS</p>","","","training","","","","","","","",""
"null","null","html-keyboard-response","38","85325","0.0-7.0-0.31","697cab1603c68e76a4d71eb0","69d7901e3430d13455efb336","69e64da50ae771d97090e177","<p style=""font-size: 60px; font-family: FragmentMono"">BWRLYSXD</p>","","","training","","","","","","","",""
"null","null","html-keyboard-response","39","86333","0.0-7.0-0.32","697cab1603c68e76a4d71eb0","69d7901e3430d13455efb336","69e64da50ae771d97090e177","<p style=""font-size: 60px; font-family: FragmentMono"">IMJRFOFG</p>","","","training","","","","","","","",""
"null","null","html-keyboard-response","40","87340","0.0-7.0-0.33","697cab1603c68e76a4d71eb0","69d7901e3430d13455efb336","69e64da50ae771d97090e177","<p style=""font-size: 60px; font-family: FragmentMono"">TGNLSQBU</p>","","","training","","","","","","","",""
"null","null","html-keyboard-response","41","88345","0.0-7.0-0.34","697cab1603c68e76a4d71eb0","69d7901e3430d13455efb336","69e64da50ae771d97090e177","<p style=""font-size: 60px; font-family: FragmentMono"">CTSBICAMU</p>","","","training","","","","","","","",""
"null","null","html-keyboard-response","42","89355","0.0-7.0-0.35","697cab1603c68e76a4d71eb0","69d7901e3430d13455efb336","69e64da50ae771d97090e177","<p style=""font-size: 60px; font-family: FragmentMono"">BWRLYDFM</p>","","","training","","","","","","","",""
"null","null","html-keyboard-response","43","90359","0.0-7.0-0.36","697cab1603c68e76a4d71eb0","69d7901e3430d13455efb336","69e64da50ae771d97090e177","<p style=""font-size: 60px; font-family: FragmentMono"">TGNLVHGM</p>","","","training","","","","","","","",""
"null","null","html-keyboard-response","44","91362","0.0-7.0-0.37","697cab1603c68e76a4d71eb0","69d7901e3430d13455efb336","69e64da50ae771d97090e177","<p style=""font-size: 60px; font-family: FragmentMono"">NVLXNOQW</p>","","","training","","","","","","","",""
"null","null","html-keyboard-response","45","92369","0.0-7.0-0.38","697cab1603c68e76a4d71eb0","69d7901e3430d13455efb336","69e64da50ae771d97090e177","<p style=""font-size: 60px; font-family: FragmentMono"">CTSBIFWLC</p>","","","training","","","","","","","",""
"null","null","html-keyboard-response","46","93377","0.0-7.0-0.39","697cab1603c68e76a4d71eb0","69d7901e3430d13455efb336","69e64da50ae771d97090e177","<p style=""font-size: 60px; font-family: FragmentMono"">MEOFIOFG</p>","","","training","","","","","","","",""
"null","null","html-keyboard-response","47","94383","0.0-7.0-0.40","697cab1603c68e76a4d71eb0","69d7901e3430d13455efb336","69e64da50ae771d97090e177","<p style=""font-size: 60px; font-family: FragmentMono"">NVLXNDFM</p>","","","training","","","","","","","",""
"null","null","html-keyboard-response","48","95390","0.0-7.0-0.41","697cab1603c68e76a4d71eb0","69d7901e3430d13455efb336","69e64da50ae771d97090e177","<p style=""font-size: 60px; font-family: FragmentMono"">OGPGLFWLC</p>","","","training","","","","","","","",""
"null","null","html-keyboard-response","49","96395","0.0-7.0-0.42","697cab1603c68e76a4d71eb0","69d7901e3430d13455efb336","69e64da50ae771d97090e177","<p style=""font-size: 60px; font-family: FragmentMono"">NVLXNOJU</p>","","","training","","","","","","","",""
"null","null","html-keyboard-response","50","97399","0.0-7.0-0.43","697cab1603c68e76a4d71eb0","69d7901e3430d13455efb336","69e64da50ae771d97090e177","<p style=""font-size: 60px; font-family: FragmentMono"">SHSPVHGM</p>","","","training","","","","","","","",""
"null","null","html-keyboard-response","51","98406","0.0-7.0-0.44","697cab1603c68e76a4d71eb0","69d7901e3430d13455efb336","69e64da50ae771d97090e177","<p style=""font-size: 60px; font-family: FragmentMono"">TQZUDFM</p>","","","training","","","","","","","",""
"null","null","html-keyboard-response","52","99414","0.0-7.0-0.45","697cab1603c68e76a4d71eb0","69d7901e3430d13455efb336","69e64da50ae771d97090e177","<p style=""font-size: 60px; font-family: FragmentMono"">SHSPCAMU</p>","","","training","","","","","","","",""
"null","null","html-keyboard-response","53","100422","0.0-7.0-0.46","697cab1603c68e76a4d71eb0","69d7901e3430d13455efb336","69e64da50ae771d97090e177","<p style=""font-size: 60px; font-family: FragmentMono"">NVLXNOFG</p>","","","training","","","","","","","",""
"null","null","html-keyboard-response","54","101428","0.0-7.0-0.47","697cab1603c68e76a4d71eb0","69d7901e3430d13455efb336","69e64da50ae771d97090e177","<p style=""font-size: 60px; font-family: FragmentMono"">MEOFIOQW</p>","","","training","","","","","","","",""
"null","null","html-keyboard-response","55","102437","0.0-7.0-0.48","697cab1603c68e76a4d71eb0","69d7901e3430d13455efb336","69e64da50ae771d97090e177","<p style=""font-size: 60px; font-family: FragmentMono"">HVFDAFWLC</p>","","","training","","","","","","","",""
"null","null","html-keyboard-response","56","103453","0.0-7.0-0.49","697cab1603c68e76a4d71eb0","69d7901e3430d13455efb336","69e64da50ae771d97090e177","<p style=""font-size: 60px; font-family: FragmentMono"">SHSPUPHS</p>","","","training","","","","","","","",""
"null","null","html-keyboard-response","57","104458","0.0-7.0-0.50","697cab1603c68e76a4d71eb0","69d7901e3430d13455efb336","69e64da50ae771d97090e177","<p style=""font-size: 60px; font-family: FragmentMono"">TREHOFG</p>","","","training","","","","","","","",""
"null","null","html-keyboard-response","58","105465","0.0-7.0-0.51","697cab1603c68e76a4d71eb0","69d7901e3430d13455efb336","69e64da50ae771d97090e177","<p style=""font-size: 60px; font-family: FragmentMono"">ULUJOJU</p>","","","training","","","","","","","",""
"null","null","html-keyboard-response","59","106480","0.0-7.0-0.52","697cab1603c68e76a4d71eb0","69d7901e3430d13455efb336","69e64da50ae771d97090e177","<p style=""font-size: 60px; font-family: FragmentMono"">TQZUOQW</p>","","","training","","","","","","","",""
"null","null","html-keyboard-response","60","107484","0.0-7.0-0.53","697cab1603c68e76a4d71eb0","69d7901e3430d13455efb336","69e64da50ae771d97090e177","<p style=""font-size: 60px; font-family: FragmentMono"">OGPGLSQBU</p>","","","training","","","","","","","",""
"null","null","html-keyboard-response","61","108487","0.0-7.0-0.54","697cab1603c68e76a4d71eb0","69d7901e3430d13455efb336","69e64da50ae771d97090e177","<p style=""font-size: 60px; font-family: FragmentMono"">NZGVDFM</p>","","","training","","","","","","","",""
"null","null","html-keyboard-response","62","109493","0.0-7.0-0.55","697cab1603c68e76a4d71eb0","69d7901e3430d13455efb336","69e64da50ae771d97090e177","<p style=""font-size: 60px; font-family: FragmentMono"">CYMJLUPHS</p>","","","training","","","","","","","",""
"null","null","html-keyboard-response","63","110501","0.0-7.0-0.56","697cab1603c68e76a4d71eb0","69d7901e3430d13455efb336","69e64da50ae771d97090e177","<p style=""font-size: 60px; font-family: FragmentMono"">TREHOQW</p>","","","training","","","","","","","",""
"null","null","html-keyboard-response","64","111509","0.0-7.0-0.57","697cab1603c68e76a4d71eb0","69d7901e3430d13455efb336","69e64da50ae771d97090e177","<p style=""font-size: 60px; font-family: FragmentMono"">TQZUSXD</p>","","","training","","","","","","","",""
"null","null","html-keyboard-response","65","112514","0.0-7.0-0.58","697cab1603c68e76a4d71eb0","69d7901e3430d13455efb336","69e64da50ae771d97090e177","<p style=""font-size: 60px; font-family: FragmentMono"">LRYWSQBU</p>","","","training","","","","","","","",""
"null","null","html-keyboard-response","66","113519","0.0-7.0-0.59","697cab1603c68e76a4d71eb0","69d7901e3430d13455efb336","69e64da50ae771d97090e177","<p style=""font-size: 60px; font-family: FragmentMono"">NZGVOJU</p>","","","training","","","","","","","",""
"null","null","html-keyboard-response","67","114523","0.0-7.0-0.60","697cab1603c68e76a4d71eb0","69d7901e3430d13455efb336","69e64da50ae771d97090e177","<p style=""font-size: 60px; font-family: FragmentMono"">OGPGLCAMU</p>","","","training","","","","","","","",""
"null","null","html-keyboard-response","68","115539","0.0-7.0-0.61","697cab1603c68e76a4d71eb0","69d7901e3430d13455efb336","69e64da50ae771d97090e177","<p style=""font-size: 60px; font-family: FragmentMono"">MEOFIDFM</p>","","","training","","","","","","","",""
"null","null","html-keyboard-response","69","116545","0.0-7.0-0.62","697cab1603c68e76a4d71eb0","69d7901e3430d13455efb336","69e64da50ae771d97090e177","<p style=""font-size: 60px; font-family: FragmentMono"">CYMJLCAMU</p>","","","training","","","","","","","",""
"null","null","html-keyboard-response","70","117550","0.0-7.0-0.63","697cab1603c68e76a4d71eb0","69d7901e3430d13455efb336","69e64da50ae771d97090e177","<p style=""font-size: 60px; font-family: FragmentMono"">TREHOJU</p>","","","training","","","","","","","",""
"null","null","html-keyboard-response","71","118554","0.0-7.0-0.64","697cab1603c68e76a4d71eb0","69d7901e3430d13455efb336","69e64da50ae771d97090e177","<p style=""font-size: 60px; font-family: FragmentMono"">IMJRFSXD</p>","","","training","","","","","","","",""
"null","null","html-keyboard-response","72","119567","0.0-7.0-0.65","697cab1603c68e76a4d71eb0","69d7901e3430d13455efb336","69e64da50ae771d97090e177","<p style=""font-size: 60px; font-family: FragmentMono"">MEOFIOJU</p>","","","training","","","","","","","",""
"null","null","html-keyboard-response","73","120572","0.0-7.0-0.66","697cab1603c68e76a4d71eb0","69d7901e3430d13455efb336","69e64da50ae771d97090e177","<p style=""font-size: 60px; font-family: FragmentMono"">HVFDAVHGM</p>","","","training","","","","","","","",""
"null","null","html-keyboard-response","74","121579","0.0-7.0-0.67","697cab1603c68e76a4d71eb0","69d7901e3430d13455efb336","69e64da50ae771d97090e177","<p style=""font-size: 60px; font-family: FragmentMono"">CTSBIUPHS</p>","","","training","","","","","","","",""
"null","null","html-keyboard-response","75","122584","0.0-7.0-0.68","697cab1603c68e76a4d71eb0","69d7901e3430d13455efb336","69e64da50ae771d97090e177","<p style=""font-size: 60px; font-family: FragmentMono"">WRGAMCAMU</p>","","","training","","","","","","","",""
"null","null","html-keyboard-response","76","123589","0.0-7.0-0.69","697cab1603c68e76a4d71eb0","69d7901e3430d13455efb336","69e64da50ae771d97090e177","<p style=""font-size: 60px; font-family: FragmentMono"">NZGVSXD</p>","","","training","","","","","","","",""
"null","null","html-keyboard-response","77","124596","0.0-7.0-0.70","697cab1603c68e76a4d71eb0","69d7901e3430d13455efb336","69e64da50ae771d97090e177","<p style=""font-size: 60px; font-family: FragmentMono"">BWRLYOFG</p>","","","training","","","","","","","",""
"null","null","html-keyboard-response","78","125600","0.0-7.0-0.71","697cab1603c68e76a4d71eb0","69d7901e3430d13455efb336","69e64da50ae771d97090e177","<p style=""font-size: 60px; font-family: FragmentMono"">IMJRFDFM</p>","","","training","","","","","","","",""
"null","null","html-keyboard-response","79","126603","0.0-7.0-0.72","697cab1603c68e76a4d71eb0","69d7901e3430d13455efb336","69e64da50ae771d97090e177","<p style=""font-size: 60px; font-family: FragmentMono"">DOFTBVHGM</p>","","","training","","","","","","","",""
"null","null","html-keyboard-response","80","127611","0.0-7.0-0.73","697cab1603c68e76a4d71eb0","69d7901e3430d13455efb336","69e64da50ae771d97090e177","<p style=""font-size: 60px; font-family: FragmentMono"">DJZJOJU</p>","","","training","","","","","","","",""
"null","null","html-keyboard-response","81","128615","0.0-7.0-0.74","697cab1603c68e76a4d71eb0","69d7901e3430d13455efb336","69e64da50ae771d97090e177","<p style=""font-size: 60px; font-family: FragmentMono"">GHRJQOQW</p>","","","training","","","","","","","",""
"null","null","html-keyboard-response","82","129619","0.0-7.0-0.75","697cab1603c68e76a4d71eb0","69d7901e3430d13455efb336","69e64da50ae771d97090e177","<p style=""font-size: 60px; font-family: FragmentMono"">DOFTBUPHS</p>","","","training","","","","","","","",""
"null","null","html-keyboard-response","83","130633","0.0-7.0-0.76","697cab1603c68e76a4d71eb0","69d7901e3430d13455efb336","69e64da50ae771d97090e177","<p style=""font-size: 60px; font-family: FragmentMono"">WRGAMFWLC</p>","","","training","","","","","","","",""
"null","null","html-keyboard-response","84","131649","0.0-7.0-0.77","697cab1603c68e76a4d71eb0","69d7901e3430d13455efb336","69e64da50ae771d97090e177","<p style=""font-size: 60px; font-family: FragmentMono"">RZDEUPHS</p>","","","training","","","","","","","",""
"null","null","html-keyboard-response","85","132655","0.0-7.0-0.78","697cab1603c68e76a4d71eb0","69d7901e3430d13455efb336","69e64da50ae771d97090e177","<p style=""font-size: 60px; font-family: FragmentMono"">ULUJDFM</p>","","","training","","","","","","","",""
"null","null","html-keyboard-response","86","133661","0.0-7.0-0.79","697cab1603c68e76a4d71eb0","69d7901e3430d13455efb336","69e64da50ae771d97090e177","<p style=""font-size: 60px; font-family: FragmentMono"">DOFTBSQBU</p>","","","training","","","","","","","",""
"30"," ","html-keyboard-response","87","133691","0.0-8.0","697cab1603c68e76a4d71eb0","69d7901e3430d13455efb336","69e64da50ae771d97090e177","<p style=""font-size: 30px"">Great, you've seen the first block of words. You may now take a short break.</p>
      <p style=""font-size: 30px"">Press the spacebar when you're ready to continue.</p>","","","","","","","","","","",""
"null","null","html-keyboard-response","88","134697","0.0-9.0-0.0","697cab1603c68e76a4d71eb0","69d7901e3430d13455efb336","69e64da50ae771d97090e177","<p style=""font-size: 60px; font-family: FragmentMono"">LRYWVHGM</p>","","","training","","","","","","","",""
"null","null","html-keyboard-response","89","135706","0.0-9.0-0.1","697cab1603c68e76a4d71eb0","69d7901e3430d13455efb336","69e64da50ae771d97090e177","<p style=""font-size: 60px; font-family: FragmentMono"">RZDESQBU</p>","","","training","","","","","","","",""
"null","null","html-keyboard-response","90","136711","0.0-9.0-0.2","697cab1603c68e76a4d71eb0","69d7901e3430d13455efb336","69e64da50ae771d97090e177","<p style=""font-size: 60px; font-family: FragmentMono"">ULUJOJU</p>","","","training","","","","","","","",""
"null","null","html-keyboard-response","91","137714","0.0-9.0-0.3","697cab1603c68e76a4d71eb0","69d7901e3430d13455efb336","69e64da50ae771d97090e177","<p style=""font-size: 60px; font-family: FragmentMono"">MEOFIDFM</p>","","","training","","","","","","","",""
"null","null","html-keyboard-response","92","138721","0.0-9.0-0.4","697cab1603c68e76a4d71eb0","69d7901e3430d13455efb336","69e64da50ae771d97090e177","<p style=""font-size: 60px; font-family: FragmentMono"">TQZUSXD</p>","","","training","","","","","","","",""
"null","null","html-keyboard-response","93","139730","0.0-9.0-0.5","697cab1603c68e76a4d71eb0","69d7901e3430d13455efb336","69e64da50ae771d97090e177","<p style=""font-size: 60px; font-family: FragmentMono"">TGNLFWLC</p>","","","training","","","","","","","",""
"null","null","html-keyboard-response","94","140734","0.0-9.0-0.6","697cab1603c68e76a4d71eb0","69d7901e3430d13455efb336","69e64da50ae771d97090e177","<p style=""font-size: 60px; font-family: FragmentMono"">DOFTBSQBU</p>","","","training","","","","","","","",""
"null","null","html-keyboard-response","95","141743","0.0-9.0-0.7","697cab1603c68e76a4d71eb0","69d7901e3430d13455efb336","69e64da50ae771d97090e177","<p style=""font-size: 60px; font-family: FragmentMono"">SHSPCAMU</p>","","","training","","","","","","","",""
"null","null","html-keyboard-response","96","142747","0.0-9.0-0.8","697cab1603c68e76a4d71eb0","69d7901e3430d13455efb336","69e64da50ae771d97090e177","<p style=""font-size: 60px; font-family: FragmentMono"">IMJRFOQW</p>","","","training","","","","","","","",""
"null","null","html-keyboard-response","97","143752","0.0-9.0-0.9","697cab1603c68e76a4d71eb0","69d7901e3430d13455efb336","69e64da50ae771d97090e177","<p style=""font-size: 60px; font-family: FragmentMono"">SHSPSQBU</p>","","","training","","","","","","","",""
"null","null","html-keyboard-response","98","144758","0.0-9.0-0.10","697cab1603c68e76a4d71eb0","69d7901e3430d13455efb336","69e64da50ae771d97090e177","<p style=""font-size: 60px; font-family: FragmentMono"">LRYWFWLC</p>","","","training","","","","","","","",""
"null","null","html-keyboard-response","99","145763","0.0-9.0-0.11","697cab1603c68e76a4d71eb0","69d7901e3430d13455efb336","69e64da50ae771d97090e177","<p style=""font-size: 60px; font-family: FragmentMono"">TQZUOQW</p>","","","training","","","","","","","",""
"null","null","html-keyboard-response","100","146770","0.0-9.0-0.12","697cab1603c68e76a4d71eb0","69d7901e3430d13455efb336","69e64da50ae771d97090e177","<p style=""font-size: 60px; font-family: FragmentMono"">OGPGLSQBU</p>","","","training","","","","","","","",""
"null","null","html-keyboard-response","101","147773","0.0-9.0-0.13","697cab1603c68e76a4d71eb0","69d7901e3430d13455efb336","69e64da50ae771d97090e177","<p style=""font-size: 60px; font-family: FragmentMono"">NVLXNOJU</p>","","","training","","","","","","","",""
"null","null","html-keyboard-response","102","148774","0.0-9.0-0.14","697cab1603c68e76a4d71eb0","69d7901e3430d13455efb336","69e64da50ae771d97090e177","<p style=""font-size: 60px; font-family: FragmentMono"">TREHOFG</p>","","","training","","","","","","","",""
"null","null","html-keyboard-response","103","149785","0.0-9.0-0.15","697cab1603c68e76a4d71eb0","69d7901e3430d13455efb336","69e64da50ae771d97090e177","<p style=""font-size: 60px; font-family: FragmentMono"">GHRJQOQW</p>","","","training","","","","","","","",""
"null","null","html-keyboard-response","104","150791","0.0-9.0-0.16","697cab1603c68e76a4d71eb0","69d7901e3430d13455efb336","69e64da50ae771d97090e177","<p style=""font-size: 60px; font-family: FragmentMono"">ULUJDFM</p>","","","training","","","","","","","",""
"null","null","html-keyboard-response","105","151799","0.0-9.0-0.17","697cab1603c68e76a4d71eb0","69d7901e3430d13455efb336","69e64da50ae771d97090e177","<p style=""font-size: 60px; font-family: FragmentMono"">NZGVOJU</p>","","","training","","","","","","","",""
"null","null","html-keyboard-response","106","152800","0.0-9.0-0.18","697cab1603c68e76a4d71eb0","69d7901e3430d13455efb336","69e64da50ae771d97090e177","<p style=""font-size: 60px; font-family: FragmentMono"">DOFTBCAMU</p>","","","training","","","","","","","",""
"null","null","html-keyboard-response","107","153807","0.0-9.0-0.19","697cab1603c68e76a4d71eb0","69d7901e3430d13455efb336","69e64da50ae771d97090e177","<p style=""font-size: 60px; font-family: FragmentMono"">GHRJQSXD</p>","","","training","","","","","","","",""
"null","null","html-keyboard-response","108","154815","0.0-9.0-0.20","697cab1603c68e76a4d71eb0","69d7901e3430d13455efb336","69e64da50ae771d97090e177","<p style=""font-size: 60px; font-family: FragmentMono"">DOFTBVHGM</p>","","","training","","","","","","","",""
"null","null","html-keyboard-response","109","155821","0.0-9.0-0.21","697cab1603c68e76a4d71eb0","69d7901e3430d13455efb336","69e64da50ae771d97090e177","<p style=""font-size: 60px; font-family: FragmentMono"">NVLXNOQW</p>","","","training","","","","","","","",""
"null","null","html-keyboard-response","110","156825","0.0-9.0-0.22","697cab1603c68e76a4d71eb0","69d7901e3430d13455efb336","69e64da50ae771d97090e177","<p style=""font-size: 60px; font-family: FragmentMono"">CTSBICAMU</p>","","","training","","","","","","","",""
"null","null","html-keyboard-response","111","157831","0.0-9.0-0.23","697cab1603c68e76a4d71eb0","69d7901e3430d13455efb336","69e64da50ae771d97090e177","<p style=""font-size: 60px; font-family: FragmentMono"">GHRJQOFG</p>","","","training","","","","","","","",""
"null","null","html-keyboard-response","112","158837","0.0-9.0-0.24","697cab1603c68e76a4d71eb0","69d7901e3430d13455efb336","69e64da50ae771d97090e177","<p style=""font-size: 60px; font-family: FragmentMono"">ULUJSXD</p>","","","training","","","","","","","",""
"null","null","html-keyboard-response","113","159841","0.0-9.0-0.25","697cab1603c68e76a4d71eb0","69d7901e3430d13455efb336","69e64da50ae771d97090e177","<p style=""font-size: 60px; font-family: FragmentMono"">RZDEUPHS</p>","","","training","","","","","","","",""
"null","null","html-keyboard-response","114","160844","0.0-9.0-0.26","697cab1603c68e76a4d71eb0","69d7901e3430d13455efb336","69e64da50ae771d97090e177","<p style=""font-size: 60px; font-family: FragmentMono"">OGPGLCAMU</p>","","","training","","","","","","","",""
"null","null","html-keyboard-response","115","161850","0.0-9.0-0.27","697cab1603c68e76a4d71eb0","69d7901e3430d13455efb336","69e64da50ae771d97090e177","<p style=""font-size: 60px; font-family: FragmentMono"">HVFDAFWLC</p>","","","training","","","","","","","",""
"null","null","html-keyboard-response","116","162859","0.0-9.0-0.28","697cab1603c68e76a4d71eb0","69d7901e3430d13455efb336","69e64da50ae771d97090e177","<p style=""font-size: 60px; font-family: FragmentMono"">TREHSXD</p>","","","training","","","","","","","",""
"null","null","html-keyboard-response","117","163864","0.0-9.0-0.29","697cab1603c68e76a4d71eb0","69d7901e3430d13455efb336","69e64da50ae771d97090e177","<p style=""font-size: 60px; font-family: FragmentMono"">OGPGLFWLC</p>","","","training","","","","","","","",""
"null","null","html-keyboard-response","118","164868","0.0-9.0-0.30","697cab1603c68e76a4d71eb0","69d7901e3430d13455efb336","69e64da50ae771d97090e177","<p style=""font-size: 60px; font-family: FragmentMono"">IMJRFSXD</p>","","","training","","","","","","","",""
"null","null","html-keyboard-response","119","165883","0.0-9.0-0.31","697cab1603c68e76a4d71eb0","69d7901e3430d13455efb336","69e64da50ae771d97090e177","<p style=""font-size: 60px; font-family: FragmentMono"">DJZJOJU</p>","","","training","","","","","","","",""
"null","null","html-keyboard-response","120","166893","0.0-9.0-0.32","697cab1603c68e76a4d71eb0","69d7901e3430d13455efb336","69e64da50ae771d97090e177","<p style=""font-size: 60px; font-family: FragmentMono"">CYMJLCAMU</p>","","","training","","","","","","","",""
"null","null","html-keyboard-response","121","167900","0.0-9.0-0.33","697cab1603c68e76a4d71eb0","69d7901e3430d13455efb336","69e64da50ae771d97090e177","<p style=""font-size: 60px; font-family: FragmentMono"">BWRLYOFG</p>","","","training","","","","","","","",""
"null","null","html-keyboard-response","122","168904","0.0-9.0-0.34","697cab1603c68e76a4d71eb0","69d7901e3430d13455efb336","69e64da50ae771d97090e177","<p style=""font-size: 60px; font-family: FragmentMono"">SHSPUPHS</p>","","","training","","","","","","","",""
"null","null","html-keyboard-response","123","169913","0.0-9.0-0.35","697cab1603c68e76a4d71eb0","69d7901e3430d13455efb336","69e64da50ae771d97090e177","<p style=""font-size: 60px; font-family: FragmentMono"">OGPGLVHGM</p>","","","training","","","","","","","",""
"null","null","html-keyboard-response","124","170915","0.0-9.0-0.36","697cab1603c68e76a4d71eb0","69d7901e3430d13455efb336","69e64da50ae771d97090e177","<p style=""font-size: 60px; font-family: FragmentMono"">LRYWSQBU</p>","","","training","","","","","","","",""
"null","null","html-keyboard-response","125","171930","0.0-9.0-0.37","697cab1603c68e76a4d71eb0","69d7901e3430d13455efb336","69e64da50ae771d97090e177","<p style=""font-size: 60px; font-family: FragmentMono"">NZGVDFM</p>","","","training","","","","","","","",""
"null","null","html-keyboard-response","126","172934","0.0-9.0-0.38","697cab1603c68e76a4d71eb0","69d7901e3430d13455efb336","69e64da50ae771d97090e177","<p style=""font-size: 60px; font-family: FragmentMono"">BWRLYOJU</p>","","","training","","","","","","","",""
"null","null","html-keyboard-response","127","173939","0.0-9.0-0.39","697cab1603c68e76a4d71eb0","69d7901e3430d13455efb336","69e64da50ae771d97090e177","<p style=""font-size: 60px; font-family: FragmentMono"">CTSBIVHGM</p>","","","training","","","","","","","",""
"null","null","html-keyboard-response","128","174944","0.0-9.0-0.40","697cab1603c68e76a4d71eb0","69d7901e3430d13455efb336","69e64da50ae771d97090e177","<p style=""font-size: 60px; font-family: FragmentMono"">WRGAMSQBU</p>","","","training","","","","","","","",""
"null","null","html-keyboard-response","129","175949","0.0-9.0-0.41","697cab1603c68e76a4d71eb0","69d7901e3430d13455efb336","69e64da50ae771d97090e177","<p style=""font-size: 60px; font-family: FragmentMono"">HVFDAUPHS</p>","","","training","","","","","","","",""
"null","null","html-keyboard-response","130","176965","0.0-9.0-0.42","697cab1603c68e76a4d71eb0","69d7901e3430d13455efb336","69e64da50ae771d97090e177","<p style=""font-size: 60px; font-family: FragmentMono"">RZDEFWLC</p>","","","training","","","","","","","",""
"null","null","html-keyboard-response","131","177970","0.0-9.0-0.43","697cab1603c68e76a4d71eb0","69d7901e3430d13455efb336","69e64da50ae771d97090e177","<p style=""font-size: 60px; font-family: FragmentMono"">LRYWCAMU</p>","","","training","","","","","","","",""
"null","null","html-keyboard-response","132","178972","0.0-9.0-0.44","697cab1603c68e76a4d71eb0","69d7901e3430d13455efb336","69e64da50ae771d97090e177","<p style=""font-size: 60px; font-family: FragmentMono"">WRGAMUPHS</p>","","","training","","","","","","","",""
"null","null","html-keyboard-response","133","179988","0.0-9.0-0.45","697cab1603c68e76a4d71eb0","69d7901e3430d13455efb336","69e64da50ae771d97090e177","<p style=""font-size: 60px; font-family: FragmentMono"">TGNLVHGM</p>","","","training","","","","","","","",""
"null","null","html-keyboard-response","134","180992","0.0-9.0-0.46","697cab1603c68e76a4d71eb0","69d7901e3430d13455efb336","69e64da50ae771d97090e177","<p style=""font-size: 60px; font-family: FragmentMono"">DJZJOQW</p>","","","training","","","","","","","",""
"null","null","html-keyboard-response","135","182002","0.0-9.0-0.47","697cab1603c68e76a4d71eb0","69d7901e3430d13455efb336","69e64da50ae771d97090e177","<p style=""font-size: 60px; font-family: FragmentMono"">TREHOJU</p>","","","training","","","","","","","",""
"null","null","html-keyboard-response","136","183006","0.0-9.0-0.48","697cab1603c68e76a4d71eb0","69d7901e3430d13455efb336","69e64da50ae771d97090e177","<p style=""font-size: 60px; font-family: FragmentMono"">ULUJOFG</p>","","","training","","","","","","","",""
"null","null","html-keyboard-response","137","184011","0.0-9.0-0.49","697cab1603c68e76a4d71eb0","69d7901e3430d13455efb336","69e64da50ae771d97090e177","<p style=""font-size: 60px; font-family: FragmentMono"">TREHOQW</p>","","","training","","","","","","","",""
"null","null","html-keyboard-response","138","185027","0.0-9.0-0.50","697cab1603c68e76a4d71eb0","69d7901e3430d13455efb336","69e64da50ae771d97090e177","<p style=""font-size: 60px; font-family: FragmentMono"">DOFTBUPHS</p>","","","training","","","","","","","",""
"null","null","html-keyboard-response","139","186043","0.0-9.0-0.51","697cab1603c68e76a4d71eb0","69d7901e3430d13455efb336","69e64da50ae771d97090e177","<p style=""font-size: 60px; font-family: FragmentMono"">CTSBIFWLC</p>","","","training","","","","","","","",""
"null","null","html-keyboard-response","140","187049","0.0-9.0-0.52","697cab1603c68e76a4d71eb0","69d7901e3430d13455efb336","69e64da50ae771d97090e177","<p style=""font-size: 60px; font-family: FragmentMono"">BWRLYSXD</p>","","","training","","","","","","","",""
"null","null","html-keyboard-response","141","188052","0.0-9.0-0.53","697cab1603c68e76a4d71eb0","69d7901e3430d13455efb336","69e64da50ae771d97090e177","<p style=""font-size: 60px; font-family: FragmentMono"">TQZUOFG</p>","","","training","","","","","","","",""
"null","null","html-keyboard-response","142","189055","0.0-9.0-0.54","697cab1603c68e76a4d71eb0","69d7901e3430d13455efb336","69e64da50ae771d97090e177","<p style=""font-size: 60px; font-family: FragmentMono"">TGNLSQBU</p>","","","training","","","","","","","",""
"null","null","html-keyboard-response","143","190060","0.0-9.0-0.55","697cab1603c68e76a4d71eb0","69d7901e3430d13455efb336","69e64da50ae771d97090e177","<p style=""font-size: 60px; font-family: FragmentMono"">NZGVSXD</p>","","","training","","","","","","","",""
"null","null","html-keyboard-response","144","191067","0.0-9.0-0.56","697cab1603c68e76a4d71eb0","69d7901e3430d13455efb336","69e64da50ae771d97090e177","<p style=""font-size: 60px; font-family: FragmentMono"">DJZJDFM</p>","","","training","","","","","","","",""
"null","null","html-keyboard-response","145","192076","0.0-9.0-0.57","697cab1603c68e76a4d71eb0","69d7901e3430d13455efb336","69e64da50ae771d97090e177","<p style=""font-size: 60px; font-family: FragmentMono"">CYMJLSQBU</p>","","","training","","","","","","","",""
"null","null","html-keyboard-response","146","193082","0.0-9.0-0.58","697cab1603c68e76a4d71eb0","69d7901e3430d13455efb336","69e64da50ae771d97090e177","<p style=""font-size: 60px; font-family: FragmentMono"">IMJRFOFG</p>","","","training","","","","","","","",""
"null","null","html-keyboard-response","147","194084","0.0-9.0-0.59","697cab1603c68e76a4d71eb0","69d7901e3430d13455efb336","69e64da50ae771d97090e177","<p style=""font-size: 60px; font-family: FragmentMono"">TQZUDFM</p>","","","training","","","","","","","",""
"null","null","html-keyboard-response","148","195089","0.0-9.0-0.60","697cab1603c68e76a4d71eb0","69d7901e3430d13455efb336","69e64da50ae771d97090e177","<p style=""font-size: 60px; font-family: FragmentMono"">NZGVOQW</p>","","","training","","","","","","","",""
"null","null","html-keyboard-response","149","196095","0.0-9.0-0.61","697cab1603c68e76a4d71eb0","69d7901e3430d13455efb336","69e64da50ae771d97090e177","<p style=""font-size: 60px; font-family: FragmentMono"">DJZJSXD</p>","","","training","","","","","","","",""
"null","null","html-keyboard-response","150","197097","0.0-9.0-0.62","697cab1603c68e76a4d71eb0","69d7901e3430d13455efb336","69e64da50ae771d97090e177","<p style=""font-size: 60px; font-family: FragmentMono"">MEOFIOJU</p>","","","training","","","","","","","",""
"null","null","html-keyboard-response","151","198101","0.0-9.0-0.63","697cab1603c68e76a4d71eb0","69d7901e3430d13455efb336","69e64da50ae771d97090e177","<p style=""font-size: 60px; font-family: FragmentMono"">SHSPVHGM</p>","","","training","","","","","","","",""
"null","null","html-keyboard-response","152","199105","0.0-9.0-0.64","697cab1603c68e76a4d71eb0","69d7901e3430d13455efb336","69e64da50ae771d97090e177","<p style=""font-size: 60px; font-family: FragmentMono"">WRGAMCAMU</p>","","","training","","","","","","","",""
"null","null","html-keyboard-response","153","200121","0.0-9.0-0.65","697cab1603c68e76a4d71eb0","69d7901e3430d13455efb336","69e64da50ae771d97090e177","<p style=""font-size: 60px; font-family: FragmentMono"">RZDEVHGM</p>","","","training","","","","","","","",""
"null","null","html-keyboard-response","154","201125","0.0-9.0-0.66","697cab1603c68e76a4d71eb0","69d7901e3430d13455efb336","69e64da50ae771d97090e177","<p style=""font-size: 60px; font-family: FragmentMono"">WRGAMFWLC</p>","","","training","","","","","","","",""
"null","null","html-keyboard-response","155","202132","0.0-9.0-0.67","697cab1603c68e76a4d71eb0","69d7901e3430d13455efb336","69e64da50ae771d97090e177","<p style=""font-size: 60px; font-family: FragmentMono"">HVFDAVHGM</p>","","","training","","","","","","","",""
"null","null","html-keyboard-response","156","203138","0.0-9.0-0.68","697cab1603c68e76a4d71eb0","69d7901e3430d13455efb336","69e64da50ae771d97090e177","<p style=""font-size: 60px; font-family: FragmentMono"">NVLXNOFG</p>","","","training","","","","","","","",""
"null","null","html-keyboard-response","157","204142","0.0-9.0-0.69","697cab1603c68e76a4d71eb0","69d7901e3430d13455efb336","69e64da50ae771d97090e177","<p style=""font-size: 60px; font-family: FragmentMono"">HVFDACAMU</p>","","","training","","","","","","","",""
"null","null","html-keyboard-response","158","205157","0.0-9.0-0.70","697cab1603c68e76a4d71eb0","69d7901e3430d13455efb336","69e64da50ae771d97090e177","<p style=""font-size: 60px; font-family: FragmentMono"">TGNLUPHS</p>","","","training","","","","","","","",""
"null","null","html-keyboard-response","159","206161","0.0-9.0-0.71","697cab1603c68e76a4d71eb0","69d7901e3430d13455efb336","69e64da50ae771d97090e177","<p style=""font-size: 60px; font-family: FragmentMono"">CYMJLFWLC</p>","","","training","","","","","","","",""
"null","null","html-keyboard-response","160","207177","0.0-9.0-0.72","697cab1603c68e76a4d71eb0","69d7901e3430d13455efb336","69e64da50ae771d97090e177","<p style=""font-size: 60px; font-family: FragmentMono"">GHRJQOJU</p>","","","training","","","","","","","",""
"null","null","html-keyboard-response","161","208180","0.0-9.0-0.73","697cab1603c68e76a4d71eb0","69d7901e3430d13455efb336","69e64da50ae771d97090e177","<p style=""font-size: 60px; font-family: FragmentMono"">MEOFIOFG</p>","","","training","","","","","","","",""
"null","null","html-keyboard-response","162","209184","0.0-9.0-0.74","697cab1603c68e76a4d71eb0","69d7901e3430d13455efb336","69e64da50ae771d97090e177","<p style=""font-size: 60px; font-family: FragmentMono"">NVLXNDFM</p>","","","training","","","","","","","",""
"null","null","html-keyboard-response","163","210186","0.0-9.0-0.75","697cab1603c68e76a4d71eb0","69d7901e3430d13455efb336","69e64da50ae771d97090e177","<p style=""font-size: 60px; font-family: FragmentMono"">CTSBIUPHS</p>","","","training","","","","","","","",""
"null","null","html-keyboard-response","164","211194","0.0-9.0-0.76","697cab1603c68e76a4d71eb0","69d7901e3430d13455efb336","69e64da50ae771d97090e177","<p style=""font-size: 60px; font-family: FragmentMono"">IMJRFDFM</p>","","","training","","","","","","","",""
"null","null","html-keyboard-response","165","212201","0.0-9.0-0.77","697cab1603c68e76a4d71eb0","69d7901e3430d13455efb336","69e64da50ae771d97090e177","<p style=""font-size: 60px; font-family: FragmentMono"">CYMJLUPHS</p>","","","training","","","","","","","",""
"null","null","html-keyboard-response","166","213205","0.0-9.0-0.78","697cab1603c68e76a4d71eb0","69d7901e3430d13455efb336","69e64da50ae771d97090e177","<p style=""font-size: 60px; font-family: FragmentMono"">MEOFIOQW</p>","","","training","","","","","","","",""
"null","null","html-keyboard-response","167","214207","0.0-9.0-0.79","697cab1603c68e76a4d71eb0","69d7901e3430d13455efb336","69e64da50ae771d97090e177","<p style=""font-size: 60px; font-family: FragmentMono"">BWRLYDFM</p>","","","training","","","","","","","",""
"7615"," ","html-keyboard-response","168","221822","0.0-10.0","697cab1603c68e76a4d71eb0","69d7901e3430d13455efb336","69e64da50ae771d97090e177","<p style=""font-size: 30px"">Great, you've seen the second block of words. You may now take a short break.</p>
      <p style=""font-size: 30px"">Press the spacebar when you're ready to continue.</p>","","","","","","","","","","",""
"null","null","html-keyboard-response","169","222835","0.0-11.0-0.0","697cab1603c68e76a4d71eb0","69d7901e3430d13455efb336","69e64da50ae771d97090e177","<p style=""font-size: 60px; font-family: FragmentMono"">LRYWVHGM</p>","","","training","","","","","","","",""
"null","null","html-keyboard-response","170","223844","0.0-11.0-0.1","697cab1603c68e76a4d71eb0","69d7901e3430d13455efb336","69e64da50ae771d97090e177","<p style=""font-size: 60px; font-family: FragmentMono"">SHSPCAMU</p>","","","training","","","","","","","",""
"null","null","html-keyboard-response","171","224845","0.0-11.0-0.2","697cab1603c68e76a4d71eb0","69d7901e3430d13455efb336","69e64da50ae771d97090e177","<p style=""font-size: 60px; font-family: FragmentMono"">DJZJSXD</p>","","","training","","","","","","","",""
"null","null","html-keyboard-response","172","225851","0.0-11.0-0.3","697cab1603c68e76a4d71eb0","69d7901e3430d13455efb336","69e64da50ae771d97090e177","<p style=""font-size: 60px; font-family: FragmentMono"">DOFTBUPHS</p>","","","training","","","","","","","",""
"null","null","html-keyboard-response","173","226856","0.0-11.0-0.4","697cab1603c68e76a4d71eb0","69d7901e3430d13455efb336","69e64da50ae771d97090e177","<p style=""font-size: 60px; font-family: FragmentMono"">TGNLVHGM</p>","","","training","","","","","","","",""
"null","null","html-keyboard-response","174","227859","0.0-11.0-0.5","697cab1603c68e76a4d71eb0","69d7901e3430d13455efb336","69e64da50ae771d97090e177","<p style=""font-size: 60px; font-family: FragmentMono"">IMJRFOFG</p>","","","training","","","","","","","",""
"null","null","html-keyboard-response","175","228863","0.0-11.0-0.6","697cab1603c68e76a4d71eb0","69d7901e3430d13455efb336","69e64da50ae771d97090e177","<p style=""font-size: 60px; font-family: FragmentMono"">NVLXNDFM</p>","","","training","","","","","","","",""
"null","null","html-keyboard-response","176","229866","0.0-11.0-0.7","697cab1603c68e76a4d71eb0","69d7901e3430d13455efb336","69e64da50ae771d97090e177","<p style=""font-size: 60px; font-family: FragmentMono"">NZGVOQW</p>","","","training","","","","","","","",""
"null","null","html-keyboard-response","177","230873","0.0-11.0-0.8","697cab1603c68e76a4d71eb0","69d7901e3430d13455efb336","69e64da50ae771d97090e177","<p style=""font-size: 60px; font-family: FragmentMono"">BWRLYOJU</p>","","","training","","","","","","","",""
"null","null","html-keyboard-response","178","231880","0.0-11.0-0.9","697cab1603c68e76a4d71eb0","69d7901e3430d13455efb336","69e64da50ae771d97090e177","<p style=""font-size: 60px; font-family: FragmentMono"">TREHSXD</p>","","","training","","","","","","","",""
"null","null","html-keyboard-response","179","232892","0.0-11.0-0.10","697cab1603c68e76a4d71eb0","69d7901e3430d13455efb336","69e64da50ae771d97090e177","<p style=""font-size: 60px; font-family: FragmentMono"">CTSBICAMU</p>","","","training","","","","","","","",""
"null","null","html-keyboard-response","180","233902","0.0-11.0-0.11","697cab1603c68e76a4d71eb0","69d7901e3430d13455efb336","69e64da50ae771d97090e177","<p style=""font-size: 60px; font-family: FragmentMono"">RZDEFWLC</p>","","","training","","","","","","","",""
"null","null","html-keyboard-response","181","234906","0.0-11.0-0.12","697cab1603c68e76a4d71eb0","69d7901e3430d13455efb336","69e64da50ae771d97090e177","<p style=""font-size: 60px; font-family: FragmentMono"">ULUJOJU</p>","","","training","","","","","","","",""
"null","null","html-keyboard-response","182","235919","0.0-11.0-0.13","697cab1603c68e76a4d71eb0","69d7901e3430d13455efb336","69e64da50ae771d97090e177","<p style=""font-size: 60px; font-family: FragmentMono"">SHSPSQBU</p>","","","training","","","","","","","",""
"null","null","html-keyboard-response","183","236921","0.0-11.0-0.14","697cab1603c68e76a4d71eb0","69d7901e3430d13455efb336","69e64da50ae771d97090e177","<p style=""font-size: 60px; font-family: FragmentMono"">CYMJLFWLC</p>","","","training","","","","","","","",""
"null","null","html-keyboard-response","184","237927","0.0-11.0-0.15","697cab1603c68e76a4d71eb0","69d7901e3430d13455efb336","69e64da50ae771d97090e177","<p style=""font-size: 60px; font-family: FragmentMono"">TREHOJU</p>","","","training","","","","","","","",""
"null","null","html-keyboard-response","185","238933","0.0-11.0-0.16","697cab1603c68e76a4d71eb0","69d7901e3430d13455efb336","69e64da50ae771d97090e177","<p style=""font-size: 60px; font-family: FragmentMono"">NZGVDFM</p>","","","training","","","","","","","",""
"null","null","html-keyboard-response","186","239942","0.0-11.0-0.17","697cab1603c68e76a4d71eb0","69d7901e3430d13455efb336","69e64da50ae771d97090e177","<p style=""font-size: 60px; font-family: FragmentMono"">OGPGLSQBU</p>","","","training","","","","","","","",""
"null","null","html-keyboard-response","187","240951","0.0-11.0-0.18","697cab1603c68e76a4d71eb0","69d7901e3430d13455efb336","69e64da50ae771d97090e177","<p style=""font-size: 60px; font-family: FragmentMono"">NZGVSXD</p>","","","training","","","","","","","",""
"null","null","html-keyboard-response","188","241959","0.0-11.0-0.19","697cab1603c68e76a4d71eb0","69d7901e3430d13455efb336","69e64da50ae771d97090e177","<p style=""font-size: 60px; font-family: FragmentMono"">TREHOFG</p>","","","training","","","","","","","",""
"null","null","html-keyboard-response","189","242961","0.0-11.0-0.20","697cab1603c68e76a4d71eb0","69d7901e3430d13455efb336","69e64da50ae771d97090e177","<p style=""font-size: 60px; font-family: FragmentMono"">RZDEVHGM</p>","","","training","","","","","","","",""
"null","null","html-keyboard-response","190","243967","0.0-11.0-0.21","697cab1603c68e76a4d71eb0","69d7901e3430d13455efb336","69e64da50ae771d97090e177","<p style=""font-size: 60px; font-family: FragmentMono"">CYMJLUPHS</p>","","","training","","","","","","","",""
"null","null","html-keyboard-response","191","244970","0.0-11.0-0.22","697cab1603c68e76a4d71eb0","69d7901e3430d13455efb336","69e64da50ae771d97090e177","<p style=""font-size: 60px; font-family: FragmentMono"">MEOFIOFG</p>","","","training","","","","","","","",""
"null","null","html-keyboard-response","192","245972","0.0-11.0-0.23","697cab1603c68e76a4d71eb0","69d7901e3430d13455efb336","69e64da50ae771d97090e177","<p style=""font-size: 60px; font-family: FragmentMono"">GHRJQOQW</p>","","","training","","","","","","","",""
"null","null","html-keyboard-response","193","246986","0.0-11.0-0.24","697cab1603c68e76a4d71eb0","69d7901e3430d13455efb336","69e64da50ae771d97090e177","<p style=""font-size: 60px; font-family: FragmentMono"">LRYWCAMU</p>","","","training","","","","","","","",""
"null","null","html-keyboard-response","194","247989","0.0-11.0-0.25","697cab1603c68e76a4d71eb0","69d7901e3430d13455efb336","69e64da50ae771d97090e177","<p style=""font-size: 60px; font-family: FragmentMono"">OGPGLVHGM</p>","","","training","","","","","","","",""
"null","null","html-keyboard-response","195","248994","0.0-11.0-0.26","697cab1603c68e76a4d71eb0","69d7901e3430d13455efb336","69e64da50ae771d97090e177","<p style=""font-size: 60px; font-family: FragmentMono"">DOFTBSQBU</p>","","","training","","","","","","","",""
"null","null","html-keyboard-response","196","249995","0.0-11.0-0.27","697cab1603c68e76a4d71eb0","69d7901e3430d13455efb336","69e64da50ae771d97090e177","<p style=""font-size: 60px; font-family: FragmentMono"">BWRLYSXD</p>","","","training","","","","","","","",""
"null","null","html-keyboard-response","197","251003","0.0-11.0-0.28","697cab1603c68e76a4d71eb0","69d7901e3430d13455efb336","69e64da50ae771d97090e177","<p style=""font-size: 60px; font-family: FragmentMono"">WRGAMUPHS</p>","","","training","","","","","","","",""
"null","null","html-keyboard-response","198","252010","0.0-11.0-0.29","697cab1603c68e76a4d71eb0","69d7901e3430d13455efb336","69e64da50ae771d97090e177","<p style=""font-size: 60px; font-family: FragmentMono"">MEOFIDFM</p>","","","training","","","","","","","",""
"null","null","html-keyboard-response","199","253011","0.0-11.0-0.30","697cab1603c68e76a4d71eb0","69d7901e3430d13455efb336","69e64da50ae771d97090e177","<p style=""font-size: 60px; font-family: FragmentMono"">WRGAMFWLC</p>","","","training","","","","","","","",""
"null","null","html-keyboard-response","200","254027","0.0-11.0-0.31","697cab1603c68e76a4d71eb0","69d7901e3430d13455efb336","69e64da50ae771d97090e177","<p style=""font-size: 60px; font-family: FragmentMono"">NVLXNOQW</p>","","","training","","","","","","","",""
"null","null","html-keyboard-response","201","255031","0.0-11.0-0.32","697cab1603c68e76a4d71eb0","69d7901e3430d13455efb336","69e64da50ae771d97090e177","<p style=""font-size: 60px; font-family: FragmentMono"">HVFDAUPHS</p>","","","training","","","","","","","",""
"null","null","html-keyboard-response","202","256039","0.0-11.0-0.33","697cab1603c68e76a4d71eb0","69d7901e3430d13455efb336","69e64da50ae771d97090e177","<p style=""font-size: 60px; font-family: FragmentMono"">RZDESQBU</p>","","","training","","","","","","","",""
"null","null","html-keyboard-response","203","257042","0.0-11.0-0.34","697cab1603c68e76a4d71eb0","69d7901e3430d13455efb336","69e64da50ae771d97090e177","<p style=""font-size: 60px; font-family: FragmentMono"">CYMJLCAMU</p>","","","training","","","","","","","",""
"null","null","html-keyboard-response","204","258048","0.0-11.0-0.35","697cab1603c68e76a4d71eb0","69d7901e3430d13455efb336","69e64da50ae771d97090e177","<p style=""font-size: 60px; font-family: FragmentMono"">IMJRFOQW</p>","","","training","","","","","","","",""
"null","null","html-keyboard-response","205","259054","0.0-11.0-0.36","697cab1603c68e76a4d71eb0","69d7901e3430d13455efb336","69e64da50ae771d97090e177","<p style=""font-size: 60px; font-family: FragmentMono"">NVLXNOJU</p>","","","training","","","","","","","",""
"null","null","html-keyboard-response","206","260063","0.0-11.0-0.37","697cab1603c68e76a4d71eb0","69d7901e3430d13455efb336","69e64da50ae771d97090e177","<p style=""font-size: 60px; font-family: FragmentMono"">LRYWSQBU</p>","","","training","","","","","","","",""
"null","null","html-keyboard-response","207","261069","0.0-11.0-0.38","697cab1603c68e76a4d71eb0","69d7901e3430d13455efb336","69e64da50ae771d97090e177","<p style=""font-size: 60px; font-family: FragmentMono"">TQZUOFG</p>","","","training","","","","","","","",""
"null","null","html-keyboard-response","208","262076","0.0-11.0-0.39","697cab1603c68e76a4d71eb0","69d7901e3430d13455efb336","69e64da50ae771d97090e177","<p style=""font-size: 60px; font-family: FragmentMono"">DJZJDFM</p>","","","training","","","","","","","",""
"null","null","html-keyboard-response","209","263084","0.0-11.0-0.40","697cab1603c68e76a4d71eb0","69d7901e3430d13455efb336","69e64da50ae771d97090e177","<p style=""font-size: 60px; font-family: FragmentMono"">WRGAMCAMU</p>","","","training","","","","","","","",""
"null","null","html-keyboard-response","210","264090","0.0-11.0-0.41","697cab1603c68e76a4d71eb0","69d7901e3430d13455efb336","69e64da50ae771d97090e177","<p style=""font-size: 60px; font-family: FragmentMono"">MEOFIOQW</p>","","","training","","","","","","","",""
"null","null","html-keyboard-response","211","265091","0.0-11.0-0.42","697cab1603c68e76a4d71eb0","69d7901e3430d13455efb336","69e64da50ae771d97090e177","<p style=""font-size: 60px; font-family: FragmentMono"">HVFDACAMU</p>","","","training","","","","","","","",""
"null","null","html-keyboard-response","212","266094","0.0-11.0-0.43","697cab1603c68e76a4d71eb0","69d7901e3430d13455efb336","69e64da50ae771d97090e177","<p style=""font-size: 60px; font-family: FragmentMono"">OGPGLFWLC</p>","","","training","","","","","","","",""
"null","null","html-keyboard-response","213","267102","0.0-11.0-0.44","697cab1603c68e76a4d71eb0","69d7901e3430d13455efb336","69e64da50ae771d97090e177","<p style=""font-size: 60px; font-family: FragmentMono"">DJZJOQW</p>","","","training","","","","","","","",""
"null","null","html-keyboard-response","214","268108","0.0-11.0-0.45","697cab1603c68e76a4d71eb0","69d7901e3430d13455efb336","69e64da50ae771d97090e177","<p style=""font-size: 60px; font-family: FragmentMono"">TGNLSQBU</p>","","","training","","","","","","","",""
"null","null","html-keyboard-response","215","269113","0.0-11.0-0.46","697cab1603c68e76a4d71eb0","69d7901e3430d13455efb336","69e64da50ae771d97090e177","<p style=""font-size: 60px; font-family: FragmentMono"">NZGVOJU</p>","","","training","","","","","","","",""
"null","null","html-keyboard-response","216","270119","0.0-11.0-0.47","697cab1603c68e76a4d71eb0","69d7901e3430d13455efb336","69e64da50ae771d97090e177","<p style=""font-size: 60px; font-family: FragmentMono"">CTSBIUPHS</p>","","","training","","","","","","","",""
"null","null","html-keyboard-response","217","271121","0.0-11.0-0.48","697cab1603c68e76a4d71eb0","69d7901e3430d13455efb336","69e64da50ae771d97090e177","<p style=""font-size: 60px; font-family: FragmentMono"">ULUJDFM</p>","","","training","","","","","","","",""
"null","null","html-keyboard-response","218","272128","0.0-11.0-0.49","697cab1603c68e76a4d71eb0","69d7901e3430d13455efb336","69e64da50ae771d97090e177","<p style=""font-size: 60px; font-family: FragmentMono"">GHRJQOFG</p>","","","training","","","","","","","",""
"null","null","html-keyboard-response","219","273135","0.0-11.0-0.50","697cab1603c68e76a4d71eb0","69d7901e3430d13455efb336","69e64da50ae771d97090e177","<p style=""font-size: 60px; font-family: FragmentMono"">IMJRFSXD</p>","","","training","","","","","","","",""
"null","null","html-keyboard-response","220","274142","0.0-11.0-0.51","697cab1603c68e76a4d71eb0","69d7901e3430d13455efb336","69e64da50ae771d97090e177","<p style=""font-size: 60px; font-family: FragmentMono"">DOFTBCAMU</p>","","","training","","","","","","","",""
"null","null","html-keyboard-response","221","275147","0.0-11.0-0.52","697cab1603c68e76a4d71eb0","69d7901e3430d13455efb336","69e64da50ae771d97090e177","<p style=""font-size: 60px; font-family: FragmentMono"">LRYWFWLC</p>","","","training","","","","","","","",""
"null","null","html-keyboard-response","222","276155","0.0-11.0-0.53","697cab1603c68e76a4d71eb0","69d7901e3430d13455efb336","69e64da50ae771d97090e177","<p style=""font-size: 60px; font-family: FragmentMono"">GHRJQOJU</p>","","","training","","","","","","","",""
"null","null","html-keyboard-response","223","277163","0.0-11.0-0.54","697cab1603c68e76a4d71eb0","69d7901e3430d13455efb336","69e64da50ae771d97090e177","<p style=""font-size: 60px; font-family: FragmentMono"">TGNLFWLC</p>","","","training","","","","","","","",""
"null","null","html-keyboard-response","224","278168","0.0-11.0-0.55","697cab1603c68e76a4d71eb0","69d7901e3430d13455efb336","69e64da50ae771d97090e177","<p style=""font-size: 60px; font-family: FragmentMono"">IMJRFDFM</p>","","","training","","","","","","","",""
"null","null","html-keyboard-response","225","279178","0.0-11.0-0.56","697cab1603c68e76a4d71eb0","69d7901e3430d13455efb336","69e64da50ae771d97090e177","<p style=""font-size: 60px; font-family: FragmentMono"">TQZUOQW</p>","","","training","","","","","","","",""
"null","null","html-keyboard-response","226","280181","0.0-11.0-0.57","697cab1603c68e76a4d71eb0","69d7901e3430d13455efb336","69e64da50ae771d97090e177","<p style=""font-size: 60px; font-family: FragmentMono"">OGPGLCAMU</p>","","","training","","","","","","","",""
"null","null","html-keyboard-response","227","281187","0.0-11.0-0.58","697cab1603c68e76a4d71eb0","69d7901e3430d13455efb336","69e64da50ae771d97090e177","<p style=""font-size: 60px; font-family: FragmentMono"">TQZUDFM</p>","","","training","","","","","","","",""
"null","null","html-keyboard-response","228","282197","0.0-11.0-0.59","697cab1603c68e76a4d71eb0","69d7901e3430d13455efb336","69e64da50ae771d97090e177","<p style=""font-size: 60px; font-family: FragmentMono"">HVFDAVHGM</p>","","","training","","","","","","","",""
"null","null","html-keyboard-response","229","283204","0.0-11.0-0.60","697cab1603c68e76a4d71eb0","69d7901e3430d13455efb336","69e64da50ae771d97090e177","<p style=""font-size: 60px; font-family: FragmentMono"">TREHOQW</p>","","","training","","","","","","","",""
"null","null","html-keyboard-response","230","284205","0.0-11.0-0.61","697cab1603c68e76a4d71eb0","69d7901e3430d13455efb336","69e64da50ae771d97090e177","<p style=""font-size: 60px; font-family: FragmentMono"">CTSBIFWLC</p>","","","training","","","","","","","",""
"null","null","html-keyboard-response","231","285213","0.0-11.0-0.62","697cab1603c68e76a4d71eb0","69d7901e3430d13455efb336","69e64da50ae771d97090e177","<p style=""font-size: 60px; font-family: FragmentMono"">ULUJSXD</p>","","","training","","","","","","","",""
"null","null","html-keyboard-response","232","286219","0.0-11.0-0.63","697cab1603c68e76a4d71eb0","69d7901e3430d13455efb336","69e64da50ae771d97090e177","<p style=""font-size: 60px; font-family: FragmentMono"">HVFDAFWLC</p>","","","training","","","","","","","",""
"null","null","html-keyboard-response","233","287225","0.0-11.0-0.64","697cab1603c68e76a4d71eb0","69d7901e3430d13455efb336","69e64da50ae771d97090e177","<p style=""font-size: 60px; font-family: FragmentMono"">TQZUSXD</p>","","","training","","","","","","","",""
"null","null","html-keyboard-response","234","288230","0.0-11.0-0.65","697cab1603c68e76a4d71eb0","69d7901e3430d13455efb336","69e64da50ae771d97090e177","<p style=""font-size: 60px; font-family: FragmentMono"">CYMJLSQBU</p>","","","training","","","","","","","",""
"null","null","html-keyboard-response","235","289233","0.0-11.0-0.66","697cab1603c68e76a4d71eb0","69d7901e3430d13455efb336","69e64da50ae771d97090e177","<p style=""font-size: 60px; font-family: FragmentMono"">DJZJOJU</p>","","","training","","","","","","","",""
"null","null","html-keyboard-response","236","290240","0.0-11.0-0.67","697cab1603c68e76a4d71eb0","69d7901e3430d13455efb336","69e64da50ae771d97090e177","<p style=""font-size: 60px; font-family: FragmentMono"">DOFTBVHGM</p>","","","training","","","","","","","",""
"null","null","html-keyboard-response","237","291241","0.0-11.0-0.68","697cab1603c68e76a4d71eb0","69d7901e3430d13455efb336","69e64da50ae771d97090e177","<p style=""font-size: 60px; font-family: FragmentMono"">SHSPUPHS</p>","","","training","","","","","","","",""
"null","null","html-keyboard-response","238","292241","0.0-11.0-0.69","697cab1603c68e76a4d71eb0","69d7901e3430d13455efb336","69e64da50ae771d97090e177","<p style=""font-size: 60px; font-family: FragmentMono"">NVLXNOFG</p>","","","training","","","","","","","",""
"null","null","html-keyboard-response","239","293249","0.0-11.0-0.70","697cab1603c68e76a4d71eb0","69d7901e3430d13455efb336","69e64da50ae771d97090e177","<p style=""font-size: 60px; font-family: FragmentMono"">GHRJQSXD</p>","","","training","","","","","","","",""
"null","null","html-keyboard-response","240","294249","0.0-11.0-0.71","697cab1603c68e76a4d71eb0","69d7901e3430d13455efb336","69e64da50ae771d97090e177","<p style=""font-size: 60px; font-family: FragmentMono"">RZDEUPHS</p>","","","training","","","","","","","",""
"null","null","html-keyboard-response","241","295262","0.0-11.0-0.72","697cab1603c68e76a4d71eb0","69d7901e3430d13455efb336","69e64da50ae771d97090e177","<p style=""font-size: 60px; font-family: FragmentMono"">BWRLYDFM</p>","","","training","","","","","","","",""
"null","null","html-keyboard-response","242","296269","0.0-11.0-0.73","697cab1603c68e76a4d71eb0","69d7901e3430d13455efb336","69e64da50ae771d97090e177","<p style=""font-size: 60px; font-family: FragmentMono"">CTSBIVHGM</p>","","","training","","","","","","","",""
"null","null","html-keyboard-response","243","297273","0.0-11.0-0.74","697cab1603c68e76a4d71eb0","69d7901e3430d13455efb336","69e64da50ae771d97090e177","<p style=""font-size: 60px; font-family: FragmentMono"">BWRLYOFG</p>","","","training","","","","","","","",""
"null","null","html-keyboard-response","244","298276","0.0-11.0-0.75","697cab1603c68e76a4d71eb0","69d7901e3430d13455efb336","69e64da50ae771d97090e177","<p style=""font-size: 60px; font-family: FragmentMono"">TGNLUPHS</p>","","","training","","","","","","","",""
"null","null","html-keyboard-response","245","299278","0.0-11.0-0.76","697cab1603c68e76a4d71eb0","69d7901e3430d13455efb336","69e64da50ae771d97090e177","<p style=""font-size: 60px; font-family: FragmentMono"">ULUJOFG</p>","","","training","","","","","","","",""
"null","null","html-keyboard-response","246","300281","0.0-11.0-0.77","697cab1603c68e76a4d71eb0","69d7901e3430d13455efb336","69e64da50ae771d97090e177","<p style=""font-size: 60px; font-family: FragmentMono"">WRGAMSQBU</p>","","","training","","","","","","","",""
"null","null","html-keyboard-response","247","301290","0.0-11.0-0.78","697cab1603c68e76a4d71eb0","69d7901e3430d13455efb336","69e64da50ae771d97090e177","<p style=""font-size: 60px; font-family: FragmentMono"">SHSPVHGM</p>","","","training","","","","","","","",""
"null","null","html-keyboard-response","248","302292","0.0-11.0-0.79","697cab1603c68e76a4d71eb0","69d7901e3430d13455efb336","69e64da50ae771d97090e177","<p style=""font-size: 60px; font-family: FragmentMono"">MEOFIOJU</p>","","","training","","","","","","","",""
"2591"," ","html-keyboard-response","249","304883","0.0-12.0","697cab1603c68e76a4d71eb0","69d7901e3430d13455efb336","69e64da50ae771d97090e177","<p style=""font-size: 30px"">Great, you've seen the third block of words. You may now take a short break.</p>
      <p style=""font-size: 30px"">Press the spacebar when you're ready to continue.</p>","","","","","","","","","","",""
"null","null","html-keyboard-response","250","305888","0.0-13.0-0.0","697cab1603c68e76a4d71eb0","69d7901e3430d13455efb336","69e64da50ae771d97090e177","<p style=""font-size: 60px; font-family: FragmentMono"">BWRLYSXD</p>","","","training","","","","","","","",""
"null","null","html-keyboard-response","251","306897","0.0-13.0-0.1","697cab1603c68e76a4d71eb0","69d7901e3430d13455efb336","69e64da50ae771d97090e177","<p style=""font-size: 60px; font-family: FragmentMono"">NZGVOJU</p>","","","training","","","","","","","",""
"null","null","html-keyboard-response","252","307903","0.0-13.0-0.2","697cab1603c68e76a4d71eb0","69d7901e3430d13455efb336","69e64da50ae771d97090e177","<p style=""font-size: 60px; font-family: FragmentMono"">DOFTBUPHS</p>","","","training","","","","","","","",""
"null","null","html-keyboard-response","253","308906","0.0-13.0-0.3","697cab1603c68e76a4d71eb0","69d7901e3430d13455efb336","69e64da50ae771d97090e177","<p style=""font-size: 60px; font-family: FragmentMono"">CTSBIFWLC</p>","","","training","","","","","","","",""
"null","null","html-keyboard-response","254","310124","0.0-13.0-0.4","697cab1603c68e76a4d71eb0","69d7901e3430d13455efb336","69e64da50ae771d97090e177","<p style=""font-size: 60px; font-family: FragmentMono"">MEOFIOFG</p>","","","training","","","","","","","",""
"null","null","html-keyboard-response","255","312122","0.0-13.0-0.5","697cab1603c68e76a4d71eb0","69d7901e3430d13455efb336","69e64da50ae771d97090e177","<p style=""font-size: 60px; font-family: FragmentMono"">RZDESQBU</p>","","","training","","","","","","","",""
"null","null","html-keyboard-response","256","313128","0.0-13.0-0.6","697cab1603c68e76a4d71eb0","69d7901e3430d13455efb336","69e64da50ae771d97090e177","<p style=""font-size: 60px; font-family: FragmentMono"">DJZJSXD</p>","","","training","","","","","","","",""
"null","null","html-keyboard-response","257","314134","0.0-13.0-0.7","697cab1603c68e76a4d71eb0","69d7901e3430d13455efb336","69e64da50ae771d97090e177","<p style=""font-size: 60px; font-family: FragmentMono"">MEOFIOJU</p>","","","training","","","","","","","",""
"null","null","html-keyboard-response","258","316128","0.0-13.0-0.8","697cab1603c68e76a4d71eb0","69d7901e3430d13455efb336","69e64da50ae771d97090e177","<p style=""font-size: 60px; font-family: FragmentMono"">ULUJDFM</p>","","","training","","","","","","","",""
"null","null","html-keyboard-response","259","318126","0.0-13.0-0.9","697cab1603c68e76a4d71eb0","69d7901e3430d13455efb336","69e64da50ae771d97090e177","<p style=""font-size: 60px; font-family: FragmentMono"">RZDEUPHS</p>","","","training","","","","","","","",""
"null","null","html-keyboard-response","260","319128","0.0-13.0-0.10","697cab1603c68e76a4d71eb0","69d7901e3430d13455efb336","69e64da50ae771d97090e177","<p style=""font-size: 60px; font-family: FragmentMono"">WRGAMFWLC</p>","","","training","","","","","","","",""
"null","null","html-keyboard-response","261","320129","0.0-13.0-0.11","697cab1603c68e76a4d71eb0","69d7901e3430d13455efb336","69e64da50ae771d97090e177","<p style=""font-size: 60px; font-family: FragmentMono"">IMJRFOFG</p>","","","training","","","","","","","",""
"null","null","html-keyboard-response","262","322126","0.0-13.0-0.12","697cab1603c68e76a4d71eb0","69d7901e3430d13455efb336","69e64da50ae771d97090e177","<p style=""font-size: 60px; font-family: FragmentMono"">NVLXNDFM</p>","","","training","","","","","","","",""
"null","null","html-keyboard-response","263","323128","0.0-13.0-0.13","697cab1603c68e76a4d71eb0","69d7901e3430d13455efb336","69e64da50ae771d97090e177","<p style=""font-size: 60px; font-family: FragmentMono"">LRYWSQBU</p>","","","training","","","","","","","",""
"null","null","html-keyboard-response","264","324130","0.0-13.0-0.14","697cab1603c68e76a4d71eb0","69d7901e3430d13455efb336","69e64da50ae771d97090e177","<p style=""font-size: 60px; font-family: FragmentMono"">ULUJOJU</p>","","","training","","","","","","","",""
"null","null","html-keyboard-response","265","325133","0.0-13.0-0.15","697cab1603c68e76a4d71eb0","69d7901e3430d13455efb336","69e64da50ae771d97090e177","<p style=""font-size: 60px; font-family: FragmentMono"">NZGVSXD</p>","","","training","","","","","","","",""
"null","null","html-keyboard-response","266","327129","0.0-13.0-0.16","697cab1603c68e76a4d71eb0","69d7901e3430d13455efb336","69e64da50ae771d97090e177","<p style=""font-size: 60px; font-family: FragmentMono"">HVFDAUPHS</p>","","","training","","","","","","","",""
"null","null","html-keyboard-response","267","328133","0.0-13.0-0.17","697cab1603c68e76a4d71eb0","69d7901e3430d13455efb336","69e64da50ae771d97090e177","<p style=""font-size: 60px; font-family: FragmentMono"">OGPGLVHGM</p>","","","training","","","","","","","",""
"null","null","html-keyboard-response","268","330130","0.0-13.0-0.18","697cab1603c68e76a4d71eb0","69d7901e3430d13455efb336","69e64da50ae771d97090e177","<p style=""font-size: 60px; font-family: FragmentMono"">DOFTBCAMU</p>","","","training","","","","","","","",""
"null","null","html-keyboard-response","269","331134","0.0-13.0-0.19","697cab1603c68e76a4d71eb0","69d7901e3430d13455efb336","69e64da50ae771d97090e177","<p style=""font-size: 60px; font-family: FragmentMono"">NVLXNOQW</p>","","","training","","","","","","","",""
"null","null","html-keyboard-response","270","333130","0.0-13.0-0.20","697cab1603c68e76a4d71eb0","69d7901e3430d13455efb336","69e64da50ae771d97090e177","<p style=""font-size: 60px; font-family: FragmentMono"">CYMJLUPHS</p>","","","training","","","","","","","",""
"null","null","html-keyboard-response","271","334133","0.0-13.0-0.21","697cab1603c68e76a4d71eb0","69d7901e3430d13455efb336","69e64da50ae771d97090e177","<p style=""font-size: 60px; font-family: FragmentMono"">SHSPCAMU</p>","","","training","","","","","","","",""
"null","null","html-keyboard-response","272","336122","0.0-13.0-0.22","697cab1603c68e76a4d71eb0","69d7901e3430d13455efb336","69e64da50ae771d97090e177","<p style=""font-size: 60px; font-family: FragmentMono"">ULUJOFG</p>","","","training","","","","","","","",""
"null","null","html-keyboard-response","273","337130","0.0-13.0-0.23","697cab1603c68e76a4d71eb0","69d7901e3430d13455efb336","69e64da50ae771d97090e177","<p style=""font-size: 60px; font-family: FragmentMono"">IMJRFOQW</p>","","","training","","","","","","","",""
"null","null","html-keyboard-response","274","338134","0.0-13.0-0.24","697cab1603c68e76a4d71eb0","69d7901e3430d13455efb336","69e64da50ae771d97090e177","<p style=""font-size: 60px; font-family: FragmentMono"">MEOFIDFM</p>","","","training","","","","","","","",""
"null","null","html-keyboard-response","275","340127","0.0-13.0-0.25","697cab1603c68e76a4d71eb0","69d7901e3430d13455efb336","69e64da50ae771d97090e177","<p style=""font-size: 60px; font-family: FragmentMono"">TQZUOFG</p>","","","training","","","","","","","",""
"null","null","html-keyboard-response","276","342124","0.0-13.0-0.26","697cab1603c68e76a4d71eb0","69d7901e3430d13455efb336","69e64da50ae771d97090e177","<p style=""font-size: 60px; font-family: FragmentMono"">NZGVDFM</p>","","","training","","","","","","","",""
"null","null","html-keyboard-response","277","343125","0.0-13.0-0.27","697cab1603c68e76a4d71eb0","69d7901e3430d13455efb336","69e64da50ae771d97090e177","<p style=""font-size: 60px; font-family: FragmentMono"">SHSPVHGM</p>","","","training","","","","","","","",""
"null","null","html-keyboard-response","278","344130","0.0-13.0-0.28","697cab1603c68e76a4d71eb0","69d7901e3430d13455efb336","69e64da50ae771d97090e177","<p style=""font-size: 60px; font-family: FragmentMono"">DOFTBSQBU</p>","","","training","","","","","","","",""
"null","null","html-keyboard-response","279","345133","0.0-13.0-0.29","697cab1603c68e76a4d71eb0","69d7901e3430d13455efb336","69e64da50ae771d97090e177","<p style=""font-size: 60px; font-family: FragmentMono"">TGNLUPHS</p>","","","training","","","","","","","",""
"null","null","html-keyboard-response","280","347122","0.0-13.0-0.30","697cab1603c68e76a4d71eb0","69d7901e3430d13455efb336","69e64da50ae771d97090e177","<p style=""font-size: 60px; font-family: FragmentMono"">TREHOFG</p>","","","training","","","","","","","",""
"null","null","html-keyboard-response","281","348126","0.0-13.0-0.31","697cab1603c68e76a4d71eb0","69d7901e3430d13455efb336","69e64da50ae771d97090e177","<p style=""font-size: 60px; font-family: FragmentMono"">LRYWFWLC</p>","","","training","","","","","","","",""
"null","null","html-keyboard-response","282","349132","0.0-13.0-0.32","697cab1603c68e76a4d71eb0","69d7901e3430d13455efb336","69e64da50ae771d97090e177","<p style=""font-size: 60px; font-family: FragmentMono"">CYMJLCAMU</p>","","","training","","","","","","","",""
"null","null","html-keyboard-response","283","350133","0.0-13.0-0.33","697cab1603c68e76a4d71eb0","69d7901e3430d13455efb336","69e64da50ae771d97090e177","<p style=""font-size: 60px; font-family: FragmentMono"">GHRJQOFG</p>","","","training","","","","","","","",""
"null","null","html-keyboard-response","284","351147","0.0-13.0-0.34","697cab1603c68e76a4d71eb0","69d7901e3430d13455efb336","69e64da50ae771d97090e177","<p style=""font-size: 60px; font-family: FragmentMono"">MEOFIOQW</p>","","","training","","","","","","","",""
"null","null","html-keyboard-response","285","353130","0.0-13.0-0.35","697cab1603c68e76a4d71eb0","69d7901e3430d13455efb336","69e64da50ae771d97090e177","<p style=""font-size: 60px; font-family: FragmentMono"">LRYWCAMU</p>","","","training","","","","","","","",""
"null","null","html-keyboard-response","286","355133","0.0-13.0-0.36","697cab1603c68e76a4d71eb0","69d7901e3430d13455efb336","69e64da50ae771d97090e177","<p style=""font-size: 60px; font-family: FragmentMono"">CTSBIVHGM</p>","","","training","","","","","","","",""
"null","null","html-keyboard-response","287","356910","0.0-13.0-0.37","697cab1603c68e76a4d71eb0","69d7901e3430d13455efb336","69e64da50ae771d97090e177","<p style=""font-size: 60px; font-family: FragmentMono"">NVLXNOFG</p>","","","training","","","","","","","",""
"null","null","html-keyboard-response","288","357925","0.0-13.0-0.38","697cab1603c68e76a4d71eb0","69d7901e3430d13455efb336","69e64da50ae771d97090e177","<p style=""font-size: 60px; font-family: FragmentMono"">TGNLSQBU</p>","","","training","","","","","","","",""
"null","null","html-keyboard-response","289","358937","0.0-13.0-0.39","697cab1603c68e76a4d71eb0","69d7901e3430d13455efb336","69e64da50ae771d97090e177","<p style=""font-size: 60px; font-family: FragmentMono"">RZDEFWLC</p>","","","training","","","","","","","",""
"null","null","html-keyboard-response","290","359938","0.0-13.0-0.40","697cab1603c68e76a4d71eb0","69d7901e3430d13455efb336","69e64da50ae771d97090e177","<p style=""font-size: 60px; font-family: FragmentMono"">GHRJQOQW</p>","","","training","","","","","","","",""
"null","null","html-keyboard-response","291","360943","0.0-13.0-0.41","697cab1603c68e76a4d71eb0","69d7901e3430d13455efb336","69e64da50ae771d97090e177","<p style=""font-size: 60px; font-family: FragmentMono"">BWRLYDFM</p>","","","training","","","","","","","",""
"null","null","html-keyboard-response","292","361946","0.0-13.0-0.42","697cab1603c68e76a4d71eb0","69d7901e3430d13455efb336","69e64da50ae771d97090e177","<p style=""font-size: 60px; font-family: FragmentMono"">CYMJLFWLC</p>","","","training","","","","","","","",""
"null","null","html-keyboard-response","293","362946","0.0-13.0-0.43","697cab1603c68e76a4d71eb0","69d7901e3430d13455efb336","69e64da50ae771d97090e177","<p style=""font-size: 60px; font-family: FragmentMono"">OGPGLCAMU</p>","","","training","","","","","","","",""
"null","null","html-keyboard-response","294","363959","0.0-13.0-0.44","697cab1603c68e76a4d71eb0","69d7901e3430d13455efb336","69e64da50ae771d97090e177","<p style=""font-size: 60px; font-family: FragmentMono"">HVFDAVHGM</p>","","","training","","","","","","","",""
"null","null","html-keyboard-response","295","364963","0.0-13.0-0.45","697cab1603c68e76a4d71eb0","69d7901e3430d13455efb336","69e64da50ae771d97090e177","<p style=""font-size: 60px; font-family: FragmentMono"">CTSBICAMU</p>","","","training","","","","","","","",""
"null","null","html-keyboard-response","296","365968","0.0-13.0-0.46","697cab1603c68e76a4d71eb0","69d7901e3430d13455efb336","69e64da50ae771d97090e177","<p style=""font-size: 60px; font-family: FragmentMono"">TQZUOQW</p>","","","training","","","","","","","",""
"null","null","html-keyboard-response","297","366972","0.0-13.0-0.47","697cab1603c68e76a4d71eb0","69d7901e3430d13455efb336","69e64da50ae771d97090e177","<p style=""font-size: 60px; font-family: FragmentMono"">SHSPSQBU</p>","","","training","","","","","","","",""
"null","null","html-keyboard-response","298","367978","0.0-13.0-0.48","697cab1603c68e76a4d71eb0","69d7901e3430d13455efb336","69e64da50ae771d97090e177","<p style=""font-size: 60px; font-family: FragmentMono"">TREHOJU</p>","","","training","","","","","","","",""
"null","null","html-keyboard-response","299","369126","0.0-13.0-0.49","697cab1603c68e76a4d71eb0","69d7901e3430d13455efb336","69e64da50ae771d97090e177","<p style=""font-size: 60px; font-family: FragmentMono"">BWRLYOFG</p>","","","training","","","","","","","",""
"null","null","html-keyboard-response","300","370133","0.0-13.0-0.50","697cab1603c68e76a4d71eb0","69d7901e3430d13455efb336","69e64da50ae771d97090e177","<p style=""font-size: 60px; font-family: FragmentMono"">DOFTBVHGM</p>","","","training","","","","","","","",""
"null","null","html-keyboard-response","301","371134","0.0-13.0-0.51","697cab1603c68e76a4d71eb0","69d7901e3430d13455efb336","69e64da50ae771d97090e177","<p style=""font-size: 60px; font-family: FragmentMono"">GHRJQSXD</p>","","","training","","","","","","","",""
"null","null","html-keyboard-response","302","373135","0.0-13.0-0.52","697cab1603c68e76a4d71eb0","69d7901e3430d13455efb336","69e64da50ae771d97090e177","<p style=""font-size: 60px; font-family: FragmentMono"">WRGAMSQBU</p>","","","training","","","","","","","",""
"null","null","html-keyboard-response","303","375120","0.0-13.0-0.53","697cab1603c68e76a4d71eb0","69d7901e3430d13455efb336","69e64da50ae771d97090e177","<p style=""font-size: 60px; font-family: FragmentMono"">DJZJOQW</p>","","","training","","","","","","","",""
"null","null","html-keyboard-response","304","376136","0.0-13.0-0.54","697cab1603c68e76a4d71eb0","69d7901e3430d13455efb336","69e64da50ae771d97090e177","<p style=""font-size: 60px; font-family: FragmentMono"">ULUJSXD</p>","","","training","","","","","","","",""
"null","null","html-keyboard-response","305","378128","0.0-13.0-0.55","697cab1603c68e76a4d71eb0","69d7901e3430d13455efb336","69e64da50ae771d97090e177","<p style=""font-size: 60px; font-family: FragmentMono"">TQZUDFM</p>","","","training","","","","","","","",""
"null","null","html-keyboard-response","306","379135","0.0-13.0-0.56","697cab1603c68e76a4d71eb0","69d7901e3430d13455efb336","69e64da50ae771d97090e177","<p style=""font-size: 60px; font-family: FragmentMono"">OGPGLFWLC</p>","","","training","","","","","","","",""
"null","null","html-keyboard-response","307","381125","0.0-13.0-0.57","697cab1603c68e76a4d71eb0","69d7901e3430d13455efb336","69e64da50ae771d97090e177","<p style=""font-size: 60px; font-family: FragmentMono"">LRYWVHGM</p>","","","training","","","","","","","",""
"null","null","html-keyboard-response","308","382130","0.0-13.0-0.58","697cab1603c68e76a4d71eb0","69d7901e3430d13455efb336","69e64da50ae771d97090e177","<p style=""font-size: 60px; font-family: FragmentMono"">TREHSXD</p>","","","training","","","","","","","",""
"null","null","html-keyboard-response","309","384128","0.0-13.0-0.59","697cab1603c68e76a4d71eb0","69d7901e3430d13455efb336","69e64da50ae771d97090e177","<p style=""font-size: 60px; font-family: FragmentMono"">NZGVOQW</p>","","","training","","","","","","","",""
"null","null","html-keyboard-response","310","386129","0.0-13.0-0.60","697cab1603c68e76a4d71eb0","69d7901e3430d13455efb336","69e64da50ae771d97090e177","<p style=""font-size: 60px; font-family: FragmentMono"">DJZJOJU</p>","","","training","","","","","","","",""
"null","null","html-keyboard-response","311","387578","0.0-13.0-0.61","697cab1603c68e76a4d71eb0","69d7901e3430d13455efb336","69e64da50ae771d97090e177","<p style=""font-size: 60px; font-family: FragmentMono"">IMJRFSXD</p>","","","training","","","","","","","",""
"null","null","html-keyboard-response","312","388592","0.0-13.0-0.62","697cab1603c68e76a4d71eb0","69d7901e3430d13455efb336","69e64da50ae771d97090e177","<p style=""font-size: 60px; font-family: FragmentMono"">GHRJQOJU</p>","","","training","","","","","","","",""
"null","null","html-keyboard-response","313","389601","0.0-13.0-0.63","697cab1603c68e76a4d71eb0","69d7901e3430d13455efb336","69e64da50ae771d97090e177","<p style=""font-size: 60px; font-family: FragmentMono"">CYMJLSQBU</p>","","","training","","","","","","","",""
"null","null","html-keyboard-response","314","390607","0.0-13.0-0.64","697cab1603c68e76a4d71eb0","69d7901e3430d13455efb336","69e64da50ae771d97090e177","<p style=""font-size: 60px; font-family: FragmentMono"">TREHOQW</p>","","","training","","","","","","","",""
"null","null","html-keyboard-response","315","391614","0.0-13.0-0.65","697cab1603c68e76a4d71eb0","69d7901e3430d13455efb336","69e64da50ae771d97090e177","<p style=""font-size: 60px; font-family: FragmentMono"">RZDEVHGM</p>","","","training","","","","","","","",""
"null","null","html-keyboard-response","316","392617","0.0-13.0-0.66","697cab1603c68e76a4d71eb0","69d7901e3430d13455efb336","69e64da50ae771d97090e177","<p style=""font-size: 60px; font-family: FragmentMono"">TGNLFWLC</p>","","","training","","","","","","","",""
"null","null","html-keyboard-response","317","393621","0.0-13.0-0.67","697cab1603c68e76a4d71eb0","69d7901e3430d13455efb336","69e64da50ae771d97090e177","<p style=""font-size: 60px; font-family: FragmentMono"">TQZUSXD</p>","","","training","","","","","","","",""
"null","null","html-keyboard-response","318","394627","0.0-13.0-0.68","697cab1603c68e76a4d71eb0","69d7901e3430d13455efb336","69e64da50ae771d97090e177","<p style=""font-size: 60px; font-family: FragmentMono"">WRGAMCAMU</p>","","","training","","","","","","","",""
"null","null","html-keyboard-response","319","395631","0.0-13.0-0.69","697cab1603c68e76a4d71eb0","69d7901e3430d13455efb336","69e64da50ae771d97090e177","<p style=""font-size: 60px; font-family: FragmentMono"">SHSPUPHS</p>","","","training","","","","","","","",""
"null","null","html-keyboard-response","320","396633","0.0-13.0-0.70","697cab1603c68e76a4d71eb0","69d7901e3430d13455efb336","69e64da50ae771d97090e177","<p style=""font-size: 60px; font-family: FragmentMono"">HVFDACAMU</p>","","","training","","","","","","","",""
"null","null","html-keyboard-response","321","397637","0.0-13.0-0.71","697cab1603c68e76a4d71eb0","69d7901e3430d13455efb336","69e64da50ae771d97090e177","<p style=""font-size: 60px; font-family: FragmentMono"">NVLXNOJU</p>","","","training","","","","","","","",""
"null","null","html-keyboard-response","322","398645","0.0-13.0-0.72","697cab1603c68e76a4d71eb0","69d7901e3430d13455efb336","69e64da50ae771d97090e177","<p style=""font-size: 60px; font-family: FragmentMono"">CTSBIUPHS</p>","","","training","","","","","","","",""
"null","null","html-keyboard-response","323","400000","0.0-13.0-0.73","697cab1603c68e76a4d71eb0","69d7901e3430d13455efb336","69e64da50ae771d97090e177","<p style=""font-size: 60px; font-family: FragmentMono"">BWRLYOJU</p>","","","training","","","","","","","",""
"null","null","html-keyboard-response","324","401001","0.0-13.0-0.74","697cab1603c68e76a4d71eb0","69d7901e3430d13455efb336","69e64da50ae771d97090e177","<p style=""font-size: 60px; font-family: FragmentMono"">HVFDAFWLC</p>","","","training","","","","","","","",""
"null","null","html-keyboard-response","325","402007","0.0-13.0-0.75","697cab1603c68e76a4d71eb0","69d7901e3430d13455efb336","69e64da50ae771d97090e177","<p style=""font-size: 60px; font-family: FragmentMono"">DJZJDFM</p>","","","training","","","","","","","",""
"null","null","html-keyboard-response","326","403021","0.0-13.0-0.76","697cab1603c68e76a4d71eb0","69d7901e3430d13455efb336","69e64da50ae771d97090e177","<p style=""font-size: 60px; font-family: FragmentMono"">TGNLVHGM</p>","","","training","","","","","","","",""
"null","null","html-keyboard-response","327","404024","0.0-13.0-0.77","697cab1603c68e76a4d71eb0","69d7901e3430d13455efb336","69e64da50ae771d97090e177","<p style=""font-size: 60px; font-family: FragmentMono"">IMJRFDFM</p>","","","training","","","","","","","",""
"null","null","html-keyboard-response","328","405026","0.0-13.0-0.78","697cab1603c68e76a4d71eb0","69d7901e3430d13455efb336","69e64da50ae771d97090e177","<p style=""font-size: 60px; font-family: FragmentMono"">OGPGLSQBU</p>","","","training","","","","","","","",""
"null","null","html-keyboard-response","329","406030","0.0-13.0-0.79","697cab1603c68e76a4d71eb0","69d7901e3430d13455efb336","69e64da50ae771d97090e177","<p style=""font-size: 60px; font-family: FragmentMono"">WRGAMUPHS</p>","","","training","","","","","","","",""
"1232"," ","html-keyboard-response","330","407262","0.0-14.0","697cab1603c68e76a4d71eb0","69d7901e3430d13455efb336","69e64da50ae771d97090e177","<p style=""font-size: 30px"">Great, you've seen the fourth block of words. You may now take a short break.</p>
      <p style=""font-size: 30px"">Press the spacebar when you're ready to continue.</p>","","","","","","","","","","",""
"null","null","html-keyboard-response","331","408273","0.0-15.0-0.0","697cab1603c68e76a4d71eb0","69d7901e3430d13455efb336","69e64da50ae771d97090e177","<p style=""font-size: 60px; font-family: FragmentMono"">RZDEVHGM</p>","","","training","","","","","","","",""
"null","null","html-keyboard-response","332","410042","0.0-15.0-0.1","697cab1603c68e76a4d71eb0","69d7901e3430d13455efb336","69e64da50ae771d97090e177","<p style=""font-size: 60px; font-family: FragmentMono"">NVLXNOQW</p>","","","training","","","","","","","",""
"null","null","html-keyboard-response","333","411046","0.0-15.0-0.2","697cab1603c68e76a4d71eb0","69d7901e3430d13455efb336","69e64da50ae771d97090e177","<p style=""font-size: 60px; font-family: FragmentMono"">HVFDAFWLC</p>","","","training","","","","","","","",""
"null","null","html-keyboard-response","334","412132","0.0-15.0-0.3","697cab1603c68e76a4d71eb0","69d7901e3430d13455efb336","69e64da50ae771d97090e177","<p style=""font-size: 60px; font-family: FragmentMono"">DJZJOQW</p>","","","training","","","","","","","",""
"null","null","html-keyboard-response","335","414119","0.0-15.0-0.4","697cab1603c68e76a4d71eb0","69d7901e3430d13455efb336","69e64da50ae771d97090e177","<p style=""font-size: 60px; font-family: FragmentMono"">DOFTBCAMU</p>","","","training","","","","","","","",""
"null","null","html-keyboard-response","336","415124","0.0-15.0-0.5","697cab1603c68e76a4d71eb0","69d7901e3430d13455efb336","69e64da50ae771d97090e177","<p style=""font-size: 60px; font-family: FragmentMono"">LRYWSQBU</p>","","","training","","","","","","","",""
"null","null","html-keyboard-response","337","416128","0.0-15.0-0.6","697cab1603c68e76a4d71eb0","69d7901e3430d13455efb336","69e64da50ae771d97090e177","<p style=""font-size: 60px; font-family: FragmentMono"">RZDEFWLC</p>","","","training","","","","","","","",""
"null","null","html-keyboard-response","338","417133","0.0-15.0-0.7","697cab1603c68e76a4d71eb0","69d7901e3430d13455efb336","69e64da50ae771d97090e177","<p style=""font-size: 60px; font-family: FragmentMono"">HVFDAVHGM</p>","","","training","","","","","","","",""
"null","null","html-keyboard-response","339","419130","0.0-15.0-0.8","697cab1603c68e76a4d71eb0","69d7901e3430d13455efb336","69e64da50ae771d97090e177","<p style=""font-size: 60px; font-family: FragmentMono"">TREHOQW</p>","","","training","","","","","","","",""
"null","null","html-keyboard-response","340","421124","0.0-15.0-0.9","697cab1603c68e76a4d71eb0","69d7901e3430d13455efb336","69e64da50ae771d97090e177","<p style=""font-size: 60px; font-family: FragmentMono"">RZDEUPHS</p>","","","training","","","","","","","",""
"null","null","html-keyboard-response","341","422125","0.0-15.0-0.10","697cab1603c68e76a4d71eb0","69d7901e3430d13455efb336","69e64da50ae771d97090e177","<p style=""font-size: 60px; font-family: FragmentMono"">TGNLVHGM</p>","","","training","","","","","","","",""
"null","null","html-keyboard-response","342","423126","0.0-15.0-0.11","697cab1603c68e76a4d71eb0","69d7901e3430d13455efb336","69e64da50ae771d97090e177","<p style=""font-size: 60px; font-family: FragmentMono"">BWRLYOFG</p>","","","training","","","","","","","",""
"null","null","html-keyboard-response","343","424131","0.0-15.0-0.12","697cab1603c68e76a4d71eb0","69d7901e3430d13455efb336","69e64da50ae771d97090e177","<p style=""font-size: 60px; font-family: FragmentMono"">DOFTBUPHS</p>","","","training","","","","","","","",""
"null","null","html-keyboard-response","344","425133","0.0-15.0-0.13","697cab1603c68e76a4d71eb0","69d7901e3430d13455efb336","69e64da50ae771d97090e177","<p style=""font-size: 60px; font-family: FragmentMono"">CYMJLCAMU</p>","","","training","","","","","","","",""
"null","null","html-keyboard-response","345","427129","0.0-15.0-0.14","697cab1603c68e76a4d71eb0","69d7901e3430d13455efb336","69e64da50ae771d97090e177","<p style=""font-size: 60px; font-family: FragmentMono"">BWRLYSXD</p>","","","training","","","","","","","",""
"null","null","html-keyboard-response","346","428135","0.0-15.0-0.15","697cab1603c68e76a4d71eb0","69d7901e3430d13455efb336","69e64da50ae771d97090e177","<p style=""font-size: 60px; font-family: FragmentMono"">ULUJOJU</p>","","","training","","","","","","","",""
"null","null","html-keyboard-response","347","430127","0.0-15.0-0.16","697cab1603c68e76a4d71eb0","69d7901e3430d13455efb336","69e64da50ae771d97090e177","<p style=""font-size: 60px; font-family: FragmentMono"">CTSBIVHGM</p>","","","training","","","","","","","",""
"null","null","html-keyboard-response","348","431141","0.0-15.0-0.17","697cab1603c68e76a4d71eb0","69d7901e3430d13455efb336","69e64da50ae771d97090e177","<p style=""font-size: 60px; font-family: FragmentMono"">RZDESQBU</p>","","","training","","","","","","","",""
"null","null","html-keyboard-response","349","433123","0.0-15.0-0.18","697cab1603c68e76a4d71eb0","69d7901e3430d13455efb336","69e64da50ae771d97090e177","<p style=""font-size: 60px; font-family: FragmentMono"">WRGAMCAMU</p>","","","training","","","","","","","",""
"null","null","html-keyboard-response","350","434126","0.0-15.0-0.19","697cab1603c68e76a4d71eb0","69d7901e3430d13455efb336","69e64da50ae771d97090e177","<p style=""font-size: 60px; font-family: FragmentMono"">CYMJLUPHS</p>","","","training","","","","","","","",""
"null","null","html-keyboard-response","351","435132","0.0-15.0-0.20","697cab1603c68e76a4d71eb0","69d7901e3430d13455efb336","69e64da50ae771d97090e177","<p style=""font-size: 60px; font-family: FragmentMono"">ULUJSXD</p>","","","training","","","","","","","",""
"null","null","html-keyboard-response","352","437123","0.0-15.0-0.21","697cab1603c68e76a4d71eb0","69d7901e3430d13455efb336","69e64da50ae771d97090e177","<p style=""font-size: 60px; font-family: FragmentMono"">TGNLUPHS</p>","","","training","","","","","","","",""
"null","null","html-keyboard-response","353","438139","0.0-15.0-0.22","697cab1603c68e76a4d71eb0","69d7901e3430d13455efb336","69e64da50ae771d97090e177","<p style=""font-size: 60px; font-family: FragmentMono"">MEOFIOQW</p>","","","training","","","","","","","",""
"null","null","html-keyboard-response","354","440133","0.0-15.0-0.23","697cab1603c68e76a4d71eb0","69d7901e3430d13455efb336","69e64da50ae771d97090e177","<p style=""font-size: 60px; font-family: FragmentMono"">CTSBICAMU</p>","","","training","","","","","","","",""
"null","null","html-keyboard-response","355","441134","0.0-15.0-0.24","697cab1603c68e76a4d71eb0","69d7901e3430d13455efb336","69e64da50ae771d97090e177","<p style=""font-size: 60px; font-family: FragmentMono"">HVFDAUPHS</p>","","","training","","","","","","","",""
"null","null","html-keyboard-response","356","443131","0.0-15.0-0.25","697cab1603c68e76a4d71eb0","69d7901e3430d13455efb336","69e64da50ae771d97090e177","<p style=""font-size: 60px; font-family: FragmentMono"">IMJRFOFG</p>","","","training","","","","","","","",""
"null","null","html-keyboard-response","357","444133","0.0-15.0-0.26","697cab1603c68e76a4d71eb0","69d7901e3430d13455efb336","69e64da50ae771d97090e177","<p style=""font-size: 60px; font-family: FragmentMono"">WRGAMUPHS</p>","","","training","","","","","","","",""
"null","null","html-keyboard-response","358","446124","0.0-15.0-0.27","697cab1603c68e76a4d71eb0","69d7901e3430d13455efb336","69e64da50ae771d97090e177","<p style=""font-size: 60px; font-family: FragmentMono"">NZGVSXD</p>","","","training","","","","","","","",""
"null","null","html-keyboard-response","359","447131","0.0-15.0-0.28","697cab1603c68e76a4d71eb0","69d7901e3430d13455efb336","69e64da50ae771d97090e177","<p style=""font-size: 60px; font-family: FragmentMono"">OGPGLCAMU</p>","","","training","","","","","","","",""
"null","null","html-keyboard-response","360","448145","0.0-15.0-0.29","697cab1603c68e76a4d71eb0","69d7901e3430d13455efb336","69e64da50ae771d97090e177","<p style=""font-size: 60px; font-family: FragmentMono"">ULUJOFG</p>","","","training","","","","","","","",""
"null","null","html-keyboard-response","361","449412","0.0-15.0-0.30","697cab1603c68e76a4d71eb0","69d7901e3430d13455efb336","69e64da50ae771d97090e177","<p style=""font-size: 60px; font-family: FragmentMono"">GHRJQOJU</p>","","","training","","","","","","","",""
"null","null","html-keyboard-response","362","450414","0.0-15.0-0.31","697cab1603c68e76a4d71eb0","69d7901e3430d13455efb336","69e64da50ae771d97090e177","<p style=""font-size: 60px; font-family: FragmentMono"">CTSBIUPHS</p>","","","training","","","","","","","",""
"null","null","html-keyboard-response","363","452131","0.0-15.0-0.32","697cab1603c68e76a4d71eb0","69d7901e3430d13455efb336","69e64da50ae771d97090e177","<p style=""font-size: 60px; font-family: FragmentMono"">IMJRFOQW</p>","","","training","","","","","","","",""
"null","null","html-keyboard-response","364","453145","0.0-15.0-0.33","697cab1603c68e76a4d71eb0","69d7901e3430d13455efb336","69e64da50ae771d97090e177","<p style=""font-size: 60px; font-family: FragmentMono"">TQZUDFM</p>","","","training","","","","","","","",""
"null","null","html-keyboard-response","365","455122","0.0-15.0-0.34","697cab1603c68e76a4d71eb0","69d7901e3430d13455efb336","69e64da50ae771d97090e177","<p style=""font-size: 60px; font-family: FragmentMono"">HVFDACAMU</p>","","","training","","","","","","","",""
"null","null","html-keyboard-response","366","456128","0.0-15.0-0.35","697cab1603c68e76a4d71eb0","69d7901e3430d13455efb336","69e64da50ae771d97090e177","<p style=""font-size: 60px; font-family: FragmentMono"">DJZJSXD</p>","","","training","","","","","","","",""
"null","null","html-keyboard-response","367","457133","0.0-15.0-0.36","697cab1603c68e76a4d71eb0","69d7901e3430d13455efb336","69e64da50ae771d97090e177","<p style=""font-size: 60px; font-family: FragmentMono"">NZGVOQW</p>","","","training","","","","","","","",""
"null","null","html-keyboard-response","368","458134","0.0-15.0-0.37","697cab1603c68e76a4d71eb0","69d7901e3430d13455efb336","69e64da50ae771d97090e177","<p style=""font-size: 60px; font-family: FragmentMono"">IMJRFDFM</p>","","","training","","","","","","","",""
"null","null","html-keyboard-response","369","460126","0.0-15.0-0.38","697cab1603c68e76a4d71eb0","69d7901e3430d13455efb336","69e64da50ae771d97090e177","<p style=""font-size: 60px; font-family: FragmentMono"">WRGAMFWLC</p>","","","training","","","","","","","",""
"null","null","html-keyboard-response","370","461134","0.0-15.0-0.39","697cab1603c68e76a4d71eb0","69d7901e3430d13455efb336","69e64da50ae771d97090e177","<p style=""font-size: 60px; font-family: FragmentMono"">SHSPUPHS</p>","","","training","","","","","","","",""
"null","null","html-keyboard-response","371","463125","0.0-15.0-0.40","697cab1603c68e76a4d71eb0","69d7901e3430d13455efb336","69e64da50ae771d97090e177","<p style=""font-size: 60px; font-family: FragmentMono"">IMJRFSXD</p>","","","training","","","","","","","",""
"null","null","html-keyboard-response","372","464131","0.0-15.0-0.41","697cab1603c68e76a4d71eb0","69d7901e3430d13455efb336","69e64da50ae771d97090e177","<p style=""font-size: 60px; font-family: FragmentMono"">SHSPSQBU</p>","","","training","","","","","","","",""
"null","null","html-keyboard-response","373","465133","0.0-15.0-0.42","697cab1603c68e76a4d71eb0","69d7901e3430d13455efb336","69e64da50ae771d97090e177","<p style=""font-size: 60px; font-family: FragmentMono"">TQZUOFG</p>","","","training","","","","","","","",""
"null","null","html-keyboard-response","374","466149","0.0-15.0-0.43","697cab1603c68e76a4d71eb0","69d7901e3430d13455efb336","69e64da50ae771d97090e177","<p style=""font-size: 60px; font-family: FragmentMono"">CYMJLSQBU</p>","","","training","","","","","","","",""
"null","null","html-keyboard-response","375","468128","0.0-15.0-0.44","697cab1603c68e76a4d71eb0","69d7901e3430d13455efb336","69e64da50ae771d97090e177","<p style=""font-size: 60px; font-family: FragmentMono"">TREHOFG</p>","","","training","","","","","","","",""
"null","null","html-keyboard-response","376","470123","0.0-15.0-0.45","697cab1603c68e76a4d71eb0","69d7901e3430d13455efb336","69e64da50ae771d97090e177","<p style=""font-size: 60px; font-family: FragmentMono"">NZGVDFM</p>","","","training","","","","","","","",""
"null","null","html-keyboard-response","377","471128","0.0-15.0-0.46","697cab1603c68e76a4d71eb0","69d7901e3430d13455efb336","69e64da50ae771d97090e177","<p style=""font-size: 60px; font-family: FragmentMono"">LRYWVHGM</p>","","","training","","","","","","","",""
"null","null","html-keyboard-response","378","472135","0.0-15.0-0.47","697cab1603c68e76a4d71eb0","69d7901e3430d13455efb336","69e64da50ae771d97090e177","<p style=""font-size: 60px; font-family: FragmentMono"">BWRLYDFM</p>","","","training","","","","","","","",""
"null","null","html-keyboard-response","379","474128","0.0-15.0-0.48","697cab1603c68e76a4d71eb0","69d7901e3430d13455efb336","69e64da50ae771d97090e177","<p style=""font-size: 60px; font-family: FragmentMono"">DOFTBSQBU</p>","","","training","","","","","","","",""
"null","null","html-keyboard-response","380","475134","0.0-15.0-0.49","697cab1603c68e76a4d71eb0","69d7901e3430d13455efb336","69e64da50ae771d97090e177","<p style=""font-size: 60px; font-family: FragmentMono"">MEOFIDFM</p>","","","training","","","","","","","",""
"null","null","html-keyboard-response","381","477128","0.0-15.0-0.50","697cab1603c68e76a4d71eb0","69d7901e3430d13455efb336","69e64da50ae771d97090e177","<p style=""font-size: 60px; font-family: FragmentMono"">TQZUOQW</p>","","","training","","","","","","","",""
"null","null","html-keyboard-response","382","478134","0.0-15.0-0.51","697cab1603c68e76a4d71eb0","69d7901e3430d13455efb336","69e64da50ae771d97090e177","<p style=""font-size: 60px; font-family: FragmentMono"">OGPGLSQBU</p>","","","training","","","","","","","",""
"null","null","html-keyboard-response","383","479150","0.0-15.0-0.52","697cab1603c68e76a4d71eb0","69d7901e3430d13455efb336","69e64da50ae771d97090e177","<p style=""font-size: 60px; font-family: FragmentMono"">DJZJDFM</p>","","","training","","","","","","","",""
"null","null","html-keyboard-response","384","481130","0.0-15.0-0.53","697cab1603c68e76a4d71eb0","69d7901e3430d13455efb336","69e64da50ae771d97090e177","<p style=""font-size: 60px; font-family: FragmentMono"">TGNLFWLC</p>","","","training","","","","","","","",""
"null","null","html-keyboard-response","385","482134","0.0-15.0-0.54","697cab1603c68e76a4d71eb0","69d7901e3430d13455efb336","69e64da50ae771d97090e177","<p style=""font-size: 60px; font-family: FragmentMono"">WRGAMSQBU</p>","","","training","","","","","","","",""
"null","null","html-keyboard-response","386","484129","0.0-15.0-0.55","697cab1603c68e76a4d71eb0","69d7901e3430d13455efb336","69e64da50ae771d97090e177","<p style=""font-size: 60px; font-family: FragmentMono"">TQZUSXD</p>","","","training","","","","","","","",""
"null","null","html-keyboard-response","387","486125","0.0-15.0-0.56","697cab1603c68e76a4d71eb0","69d7901e3430d13455efb336","69e64da50ae771d97090e177","<p style=""font-size: 60px; font-family: FragmentMono"">ULUJDFM</p>","","","training","","","","","","","",""
"null","null","html-keyboard-response","388","487133","0.0-15.0-0.57","697cab1603c68e76a4d71eb0","69d7901e3430d13455efb336","69e64da50ae771d97090e177","<p style=""font-size: 60px; font-family: FragmentMono"">TREHOJU</p>","","","training","","","","","","","",""
"null","null","html-keyboard-response","389","488148","0.0-15.0-0.58","697cab1603c68e76a4d71eb0","69d7901e3430d13455efb336","69e64da50ae771d97090e177","<p style=""font-size: 60px; font-family: FragmentMono"">DOFTBVHGM</p>","","","training","","","","","","","",""
"null","null","html-keyboard-response","390","489151","0.0-15.0-0.59","697cab1603c68e76a4d71eb0","69d7901e3430d13455efb336","69e64da50ae771d97090e177","<p style=""font-size: 60px; font-family: FragmentMono"">NZGVOJU</p>","","","training","","","","","","","",""
"null","null","html-keyboard-response","391","491120","0.0-15.0-0.60","697cab1603c68e76a4d71eb0","69d7901e3430d13455efb336","69e64da50ae771d97090e177","<p style=""font-size: 60px; font-family: FragmentMono"">OGPGLFWLC</p>","","","training","","","","","","","",""
"null","null","html-keyboard-response","392","492120","0.0-15.0-0.61","697cab1603c68e76a4d71eb0","69d7901e3430d13455efb336","69e64da50ae771d97090e177","<p style=""font-size: 60px; font-family: FragmentMono"">MEOFIOJU</p>","","","training","","","","","","","",""
"null","null","html-keyboard-response","393","493122","0.0-15.0-0.62","697cab1603c68e76a4d71eb0","69d7901e3430d13455efb336","69e64da50ae771d97090e177","<p style=""font-size: 60px; font-family: FragmentMono"">NVLXNOFG</p>","","","training","","","","","","","",""
"null","null","html-keyboard-response","394","494133","0.0-15.0-0.63","697cab1603c68e76a4d71eb0","69d7901e3430d13455efb336","69e64da50ae771d97090e177","<p style=""font-size: 60px; font-family: FragmentMono"">DJZJOJU</p>","","","training","","","","","","","",""
"null","null","html-keyboard-response","395","496124","0.0-15.0-0.64","697cab1603c68e76a4d71eb0","69d7901e3430d13455efb336","69e64da50ae771d97090e177","<p style=""font-size: 60px; font-family: FragmentMono"">LRYWCAMU</p>","","","training","","","","","","","",""
"null","null","html-keyboard-response","396","497128","0.0-15.0-0.65","697cab1603c68e76a4d71eb0","69d7901e3430d13455efb336","69e64da50ae771d97090e177","<p style=""font-size: 60px; font-family: FragmentMono"">GHRJQOFG</p>","","","training","","","","","","","",""
"null","null","html-keyboard-response","397","498132","0.0-15.0-0.66","697cab1603c68e76a4d71eb0","69d7901e3430d13455efb336","69e64da50ae771d97090e177","<p style=""font-size: 60px; font-family: FragmentMono"">TREHSXD</p>","","","training","","","","","","","",""
"null","null","html-keyboard-response","398","500128","0.0-15.0-0.67","697cab1603c68e76a4d71eb0","69d7901e3430d13455efb336","69e64da50ae771d97090e177","<p style=""font-size: 60px; font-family: FragmentMono"">GHRJQOQW</p>","","","training","","","","","","","",""
"null","null","html-keyboard-response","399","501131","0.0-15.0-0.68","697cab1603c68e76a4d71eb0","69d7901e3430d13455efb336","69e64da50ae771d97090e177","<p style=""font-size: 60px; font-family: FragmentMono"">SHSPCAMU</p>","","","training","","","","","","","",""
"null","null","html-keyboard-response","400","503127","0.0-15.0-0.69","697cab1603c68e76a4d71eb0","69d7901e3430d13455efb336","69e64da50ae771d97090e177","<p style=""font-size: 60px; font-family: FragmentMono"">CYMJLFWLC</p>","","","training","","","","","","","",""
"null","null","html-keyboard-response","401","504129","0.0-15.0-0.70","697cab1603c68e76a4d71eb0","69d7901e3430d13455efb336","69e64da50ae771d97090e177","<p style=""font-size: 60px; font-family: FragmentMono"">TGNLSQBU</p>","","","training","","","","","","","",""
"null","null","html-keyboard-response","402","505145","0.0-15.0-0.71","697cab1603c68e76a4d71eb0","69d7901e3430d13455efb336","69e64da50ae771d97090e177","<p style=""font-size: 60px; font-family: FragmentMono"">MEOFIOFG</p>","","","training","","","","","","","",""
"null","null","html-keyboard-response","403","507124","0.0-15.0-0.72","697cab1603c68e76a4d71eb0","69d7901e3430d13455efb336","69e64da50ae771d97090e177","<p style=""font-size: 60px; font-family: FragmentMono"">NVLXNOJU</p>","","","training","","","","","","","",""
"null","null","html-keyboard-response","404","508125","0.0-15.0-0.73","697cab1603c68e76a4d71eb0","69d7901e3430d13455efb336","69e64da50ae771d97090e177","<p style=""font-size: 60px; font-family: FragmentMono"">CTSBIFWLC</p>","","","training","","","","","","","",""
"null","null","html-keyboard-response","405","510130","0.0-15.0-0.74","697cab1603c68e76a4d71eb0","69d7901e3430d13455efb336","69e64da50ae771d97090e177","<p style=""font-size: 60px; font-family: FragmentMono"">GHRJQSXD</p>","","","training","","","","","","","",""
"null","null","html-keyboard-response","406","511133","0.0-15.0-0.75","697cab1603c68e76a4d71eb0","69d7901e3430d13455efb336","69e64da50ae771d97090e177","<p style=""font-size: 60px; font-family: FragmentMono"">SHSPVHGM</p>","","","training","","","","","","","",""
"null","null","html-keyboard-response","407","513125","0.0-15.0-0.76","697cab1603c68e76a4d71eb0","69d7901e3430d13455efb336","69e64da50ae771d97090e177","<p style=""font-size: 60px; font-family: FragmentMono"">LRYWFWLC</p>","","","training","","","","","","","",""
"null","null","html-keyboard-response","408","514139","0.0-15.0-0.77","697cab1603c68e76a4d71eb0","69d7901e3430d13455efb336","69e64da50ae771d97090e177","<p style=""font-size: 60px; font-family: FragmentMono"">NVLXNDFM</p>","","","training","","","","","","","",""
"null","null","html-keyboard-response","409","516120","0.0-15.0-0.78","697cab1603c68e76a4d71eb0","69d7901e3430d13455efb336","69e64da50ae771d97090e177","<p style=""font-size: 60px; font-family: FragmentMono"">OGPGLVHGM</p>","","","training","","","","","","","",""
"null","null","html-keyboard-response","410","517120","0.0-15.0-0.79","697cab1603c68e76a4d71eb0","69d7901e3430d13455efb336","69e64da50ae771d97090e177","<p style=""font-size: 60px; font-family: FragmentMono"">BWRLYOJU</p>","","","training","","","","","","","",""
"5695"," ","html-keyboard-response","411","522816","0.0-16.0","697cab1603c68e76a4d71eb0","69d7901e3430d13455efb336","69e64da50ae771d97090e177","<p style=""font-size: 30px"">Great, you've seen the fifth block of words. You may now take a short break.</p>
      <p style=""font-size: 30px"">Press the spacebar when you're ready to continue.</p>","","","","","","","","","","",""
"null","null","html-keyboard-response","412","524125","0.0-17.0-0.0","697cab1603c68e76a4d71eb0","69d7901e3430d13455efb336","69e64da50ae771d97090e177","<p style=""font-size: 60px; font-family: FragmentMono"">CTSBIFWLC</p>","","","training","","","","","","","",""
"null","null","html-keyboard-response","413","525129","0.0-17.0-0.1","697cab1603c68e76a4d71eb0","69d7901e3430d13455efb336","69e64da50ae771d97090e177","<p style=""font-size: 60px; font-family: FragmentMono"">IMJRFOQW</p>","","","training","","","","","","","",""
"null","null","html-keyboard-response","414","527124","0.0-17.0-0.2","697cab1603c68e76a4d71eb0","69d7901e3430d13455efb336","69e64da50ae771d97090e177","<p style=""font-size: 60px; font-family: FragmentMono"">LRYWFWLC</p>","","","training","","","","","","","",""
"null","null","html-keyboard-response","415","528124","0.0-17.0-0.3","697cab1603c68e76a4d71eb0","69d7901e3430d13455efb336","69e64da50ae771d97090e177","<p style=""font-size: 60px; font-family: FragmentMono"">IMJRFSXD</p>","","","training","","","","","","","",""
"null","null","html-keyboard-response","416","529128","0.0-17.0-0.4","697cab1603c68e76a4d71eb0","69d7901e3430d13455efb336","69e64da50ae771d97090e177","<p style=""font-size: 60px; font-family: FragmentMono"">TREHOFG</p>","","","training","","","","","","","",""
"null","null","html-keyboard-response","417","531126","0.0-17.0-0.5","697cab1603c68e76a4d71eb0","69d7901e3430d13455efb336","69e64da50ae771d97090e177","<p style=""font-size: 60px; font-family: FragmentMono"">HVFDAUPHS</p>","","","training","","","","","","","",""
"null","null","html-keyboard-response","418","532141","0.0-17.0-0.6","697cab1603c68e76a4d71eb0","69d7901e3430d13455efb336","69e64da50ae771d97090e177","<p style=""font-size: 60px; font-family: FragmentMono"">TQZUOFG</p>","","","training","","","","","","","",""
"null","null","html-keyboard-response","419","534131","0.0-17.0-0.7","697cab1603c68e76a4d71eb0","69d7901e3430d13455efb336","69e64da50ae771d97090e177","<p style=""font-size: 60px; font-family: FragmentMono"">CYMJLSQBU</p>","","","training","","","","","","","",""
"null","null","html-keyboard-response","420","535132","0.0-17.0-0.8","697cab1603c68e76a4d71eb0","69d7901e3430d13455efb336","69e64da50ae771d97090e177","<p style=""font-size: 60px; font-family: FragmentMono"">GHRJQOQW</p>","","","training","","","","","","","",""
"null","null","html-keyboard-response","421","536133","0.0-17.0-0.9","697cab1603c68e76a4d71eb0","69d7901e3430d13455efb336","69e64da50ae771d97090e177","<p style=""font-size: 60px; font-family: FragmentMono"">OGPGLSQBU</p>","","","training","","","","","","","",""
"null","null","html-keyboard-response","422","537148","0.0-17.0-0.10","697cab1603c68e76a4d71eb0","69d7901e3430d13455efb336","69e64da50ae771d97090e177","<p style=""font-size: 60px; font-family: FragmentMono"">ULUJSXD</p>","","","training","","","","","","","",""
"null","null","html-keyboard-response","423","539119","0.0-17.0-0.11","697cab1603c68e76a4d71eb0","69d7901e3430d13455efb336","69e64da50ae771d97090e177","<p style=""font-size: 60px; font-family: FragmentMono"">WRGAMUPHS</p>","","","training","","","","","","","",""
"null","null","html-keyboard-response","424","540123","0.0-17.0-0.12","697cab1603c68e76a4d71eb0","69d7901e3430d13455efb336","69e64da50ae771d97090e177","<p style=""font-size: 60px; font-family: FragmentMono"">NZGVOJU</p>","","","training","","","","","","","",""
"null","null","html-keyboard-response","425","541138","0.0-17.0-0.13","697cab1603c68e76a4d71eb0","69d7901e3430d13455efb336","69e64da50ae771d97090e177","<p style=""font-size: 60px; font-family: FragmentMono"">TGNLUPHS</p>","","","training","","","","","","","",""
"null","null","html-keyboard-response","426","543130","0.0-17.0-0.14","697cab1603c68e76a4d71eb0","69d7901e3430d13455efb336","69e64da50ae771d97090e177","<p style=""font-size: 60px; font-family: FragmentMono"">DJZJSXD</p>","","","training","","","","","","","",""
"null","null","html-keyboard-response","427","544146","0.0-17.0-0.15","697cab1603c68e76a4d71eb0","69d7901e3430d13455efb336","69e64da50ae771d97090e177","<p style=""font-size: 60px; font-family: FragmentMono"">CYMJLCAMU</p>","","","training","","","","","","","",""
"null","null","html-keyboard-response","428","546120","0.0-17.0-0.16","697cab1603c68e76a4d71eb0","69d7901e3430d13455efb336","69e64da50ae771d97090e177","<p style=""font-size: 60px; font-family: FragmentMono"">TQZUDFM</p>","","","training","","","","","","","",""
"null","null","html-keyboard-response","429","547122","0.0-17.0-0.17","697cab1603c68e76a4d71eb0","69d7901e3430d13455efb336","69e64da50ae771d97090e177","<p style=""font-size: 60px; font-family: FragmentMono"">DOFTBVHGM</p>","","","training","","","","","","","",""
"null","null","html-keyboard-response","430","548128","0.0-17.0-0.18","697cab1603c68e76a4d71eb0","69d7901e3430d13455efb336","69e64da50ae771d97090e177","<p style=""font-size: 60px; font-family: FragmentMono"">IMJRFDFM</p>","","","training","","","","","","","",""
"null","null","html-keyboard-response","431","549131","0.0-17.0-0.19","697cab1603c68e76a4d71eb0","69d7901e3430d13455efb336","69e64da50ae771d97090e177","<p style=""font-size: 60px; font-family: FragmentMono"">OGPGLFWLC</p>","","","training","","","","","","","",""
"null","null","html-keyboard-response","432","550133","0.0-17.0-0.20","697cab1603c68e76a4d71eb0","69d7901e3430d13455efb336","69e64da50ae771d97090e177","<p style=""font-size: 60px; font-family: FragmentMono"">HVFDAVHGM</p>","","","training","","","","","","","",""
"null","null","html-keyboard-response","433","552119","0.0-17.0-0.21","697cab1603c68e76a4d71eb0","69d7901e3430d13455efb336","69e64da50ae771d97090e177","<p style=""font-size: 60px; font-family: FragmentMono"">TQZUOQW</p>","","","training","","","","","","","",""
"null","null","html-keyboard-response","434","553133","0.0-17.0-0.22","697cab1603c68e76a4d71eb0","69d7901e3430d13455efb336","69e64da50ae771d97090e177","<p style=""font-size: 60px; font-family: FragmentMono"">CTSBIVHGM</p>","","","training","","","","","","","",""
"null","null","html-keyboard-response","435","554134","0.0-17.0-0.23","697cab1603c68e76a4d71eb0","69d7901e3430d13455efb336","69e64da50ae771d97090e177","<p style=""font-size: 60px; font-family: FragmentMono"">NZGVOQW</p>","","","training","","","","","","","",""
"null","null","html-keyboard-response","436","556128","0.0-17.0-0.24","697cab1603c68e76a4d71eb0","69d7901e3430d13455efb336","69e64da50ae771d97090e177","<p style=""font-size: 60px; font-family: FragmentMono"">HVFDACAMU</p>","","","training","","","","","","","",""
"null","null","html-keyboard-response","437","558122","0.0-17.0-0.25","697cab1603c68e76a4d71eb0","69d7901e3430d13455efb336","69e64da50ae771d97090e177","<p style=""font-size: 60px; font-family: FragmentMono"">GHRJQOFG</p>","","","training","","","","","","","",""
"null","null","html-keyboard-response","438","559128","0.0-17.0-0.26","697cab1603c68e76a4d71eb0","69d7901e3430d13455efb336","69e64da50ae771d97090e177","<p style=""font-size: 60px; font-family: FragmentMono"">BWRLYSXD</p>","","","training","","","","","","","",""
"null","null","html-keyboard-response","439","560132","0.0-17.0-0.27","697cab1603c68e76a4d71eb0","69d7901e3430d13455efb336","69e64da50ae771d97090e177","<p style=""font-size: 60px; font-family: FragmentMono"">SHSPCAMU</p>","","","training","","","","","","","",""
"null","null","html-keyboard-response","440","562123","0.0-17.0-0.28","697cab1603c68e76a4d71eb0","69d7901e3430d13455efb336","69e64da50ae771d97090e177","<p style=""font-size: 60px; font-family: FragmentMono"">TREHOQW</p>","","","training","","","","","","","",""
"null","null","html-keyboard-response","441","563133","0.0-17.0-0.29","697cab1603c68e76a4d71eb0","69d7901e3430d13455efb336","69e64da50ae771d97090e177","<p style=""font-size: 60px; font-family: FragmentMono"">SHSPSQBU</p>","","","training","","","","","","","",""
"null","null","html-keyboard-response","442","565127","0.0-17.0-0.30","697cab1603c68e76a4d71eb0","69d7901e3430d13455efb336","69e64da50ae771d97090e177","<p style=""font-size: 60px; font-family: FragmentMono"">WRGAMFWLC</p>","","","training","","","","","","","",""
"null","null","html-keyboard-response","443","566130","0.0-17.0-0.31","697cab1603c68e76a4d71eb0","69d7901e3430d13455efb336","69e64da50ae771d97090e177","<p style=""font-size: 60px; font-family: FragmentMono"">BWRLYOJU</p>","","","training","","","","","","","",""
"null","null","html-keyboard-response","444","567145","0.0-17.0-0.32","697cab1603c68e76a4d71eb0","69d7901e3430d13455efb336","69e64da50ae771d97090e177","<p style=""font-size: 60px; font-family: FragmentMono"">OGPGLCAMU</p>","","","training","","","","","","","",""
"null","null","html-keyboard-response","445","569134","0.0-17.0-0.33","697cab1603c68e76a4d71eb0","69d7901e3430d13455efb336","69e64da50ae771d97090e177","<p style=""font-size: 60px; font-family: FragmentMono"">ULUJOJU</p>","","","training","","","","","","","",""
"null","null","html-keyboard-response","446","571130","0.0-17.0-0.34","697cab1603c68e76a4d71eb0","69d7901e3430d13455efb336","69e64da50ae771d97090e177","<p style=""font-size: 60px; font-family: FragmentMono"">LRYWVHGM</p>","","","training","","","","","","","",""
"null","null","html-keyboard-response","447","573134","0.0-17.0-0.35","697cab1603c68e76a4d71eb0","69d7901e3430d13455efb336","69e64da50ae771d97090e177","<p style=""font-size: 60px; font-family: FragmentMono"">GHRJQSXD</p>","","","training","","","","","","","",""
"null","null","html-keyboard-response","448","575127","0.0-17.0-0.36","697cab1603c68e76a4d71eb0","69d7901e3430d13455efb336","69e64da50ae771d97090e177","<p style=""font-size: 60px; font-family: FragmentMono"">DOFTBCAMU</p>","","","training","","","","","","","",""
"null","null","html-keyboard-response","449","576130","0.0-17.0-0.37","697cab1603c68e76a4d71eb0","69d7901e3430d13455efb336","69e64da50ae771d97090e177","<p style=""font-size: 60px; font-family: FragmentMono"">DJZJOQW</p>","","","training","","","","","","","",""
"null","null","html-keyboard-response","450","577134","0.0-17.0-0.38","697cab1603c68e76a4d71eb0","69d7901e3430d13455efb336","69e64da50ae771d97090e177","<p style=""font-size: 60px; font-family: FragmentMono"">TGNLSQBU</p>","","","training","","","","","","","",""
"null","null","html-keyboard-response","451","578958","0.0-17.0-0.39","697cab1603c68e76a4d71eb0","69d7901e3430d13455efb336","69e64da50ae771d97090e177","<p style=""font-size: 60px; font-family: FragmentMono"">TREHSXD</p>","","","training","","","","","","","",""
"null","null","html-keyboard-response","452","580130","0.0-17.0-0.40","697cab1603c68e76a4d71eb0","69d7901e3430d13455efb336","69e64da50ae771d97090e177","<p style=""font-size: 60px; font-family: FragmentMono"">MEOFIOFG</p>","","","training","","","","","","","",""
"null","null","html-keyboard-response","453","581144","0.0-17.0-0.41","697cab1603c68e76a4d71eb0","69d7901e3430d13455efb336","69e64da50ae771d97090e177","<p style=""font-size: 60px; font-family: FragmentMono"">RZDEFWLC</p>","","","training","","","","","","","",""
"null","null","html-keyboard-response","454","583134","0.0-17.0-0.42","697cab1603c68e76a4d71eb0","69d7901e3430d13455efb336","69e64da50ae771d97090e177","<p style=""font-size: 60px; font-family: FragmentMono"">BWRLYOFG</p>","","","training","","","","","","","",""
"null","null","html-keyboard-response","455","585134","0.0-17.0-0.43","697cab1603c68e76a4d71eb0","69d7901e3430d13455efb336","69e64da50ae771d97090e177","<p style=""font-size: 60px; font-family: FragmentMono"">NZGVDFM</p>","","","training","","","","","","","",""
"null","null","html-keyboard-response","456","587129","0.0-17.0-0.44","697cab1603c68e76a4d71eb0","69d7901e3430d13455efb336","69e64da50ae771d97090e177","<p style=""font-size: 60px; font-family: FragmentMono"">LRYWCAMU</p>","","","training","","","","","","","",""
"null","null","html-keyboard-response","457","588144","0.0-17.0-0.45","697cab1603c68e76a4d71eb0","69d7901e3430d13455efb336","69e64da50ae771d97090e177","<p style=""font-size: 60px; font-family: FragmentMono"">ULUJOFG</p>","","","training","","","","","","","",""
"null","null","html-keyboard-response","458","590126","0.0-17.0-0.46","697cab1603c68e76a4d71eb0","69d7901e3430d13455efb336","69e64da50ae771d97090e177","<p style=""font-size: 60px; font-family: FragmentMono"">SHSPUPHS</p>","","","training","","","","","","","",""
"null","null","html-keyboard-response","459","591132","0.0-17.0-0.47","697cab1603c68e76a4d71eb0","69d7901e3430d13455efb336","69e64da50ae771d97090e177","<p style=""font-size: 60px; font-family: FragmentMono"">GHRJQOJU</p>","","","training","","","","","","","",""
"null","null","html-keyboard-response","460","593127","0.0-17.0-0.48","697cab1603c68e76a4d71eb0","69d7901e3430d13455efb336","69e64da50ae771d97090e177","<p style=""font-size: 60px; font-family: FragmentMono"">RZDESQBU</p>","","","training","","","","","","","",""
"null","null","html-keyboard-response","461","594131","0.0-17.0-0.49","697cab1603c68e76a4d71eb0","69d7901e3430d13455efb336","69e64da50ae771d97090e177","<p style=""font-size: 60px; font-family: FragmentMono"">TQZUSXD</p>","","","training","","","","","","","",""
"null","null","html-keyboard-response","462","595145","0.0-17.0-0.50","697cab1603c68e76a4d71eb0","69d7901e3430d13455efb336","69e64da50ae771d97090e177","<p style=""font-size: 60px; font-family: FragmentMono"">RZDEUPHS</p>","","","training","","","","","","","",""
"null","null","html-keyboard-response","463","597130","0.0-17.0-0.51","697cab1603c68e76a4d71eb0","69d7901e3430d13455efb336","69e64da50ae771d97090e177","<p style=""font-size: 60px; font-family: FragmentMono"">NZGVSXD</p>","","","training","","","","","","","",""
"null","null","html-keyboard-response","464","598132","0.0-17.0-0.52","697cab1603c68e76a4d71eb0","69d7901e3430d13455efb336","69e64da50ae771d97090e177","<p style=""font-size: 60px; font-family: FragmentMono"">MEOFIDFM</p>","","","training","","","","","","","",""
"null","null","html-keyboard-response","465","600130","0.0-17.0-0.53","697cab1603c68e76a4d71eb0","69d7901e3430d13455efb336","69e64da50ae771d97090e177","<p style=""font-size: 60px; font-family: FragmentMono"">WRGAMCAMU</p>","","","training","","","","","","","",""
"null","null","html-keyboard-response","466","602130","0.0-17.0-0.54","697cab1603c68e76a4d71eb0","69d7901e3430d13455efb336","69e64da50ae771d97090e177","<p style=""font-size: 60px; font-family: FragmentMono"">DOFTBUPHS</p>","","","training","","","","","","","",""
"null","null","html-keyboard-response","467","603133","0.0-17.0-0.55","697cab1603c68e76a4d71eb0","69d7901e3430d13455efb336","69e64da50ae771d97090e177","<p style=""font-size: 60px; font-family: FragmentMono"">NVLXNOFG</p>","","","training","","","","","","","",""
"null","null","html-keyboard-response","468","605154","0.0-17.0-0.56","697cab1603c68e76a4d71eb0","69d7901e3430d13455efb336","69e64da50ae771d97090e177","<p style=""font-size: 60px; font-family: FragmentMono"">TGNLFWLC</p>","","","training","","","","","","","",""
"null","null","html-keyboard-response","469","607125","0.0-17.0-0.57","697cab1603c68e76a4d71eb0","69d7901e3430d13455efb336","69e64da50ae771d97090e177","<p style=""font-size: 60px; font-family: FragmentMono"">CTSBIUPHS</p>","","","training","","","","","","","",""
"null","null","html-keyboard-response","470","609121","0.0-17.0-0.58","697cab1603c68e76a4d71eb0","69d7901e3430d13455efb336","69e64da50ae771d97090e177","<p style=""font-size: 60px; font-family: FragmentMono"">OGPGLVHGM</p>","","","training","","","","","","","",""
"null","null","html-keyboard-response","471","610126","0.0-17.0-0.59","697cab1603c68e76a4d71eb0","69d7901e3430d13455efb336","69e64da50ae771d97090e177","<p style=""font-size: 60px; font-family: FragmentMono"">CYMJLFWLC</p>","","","training","","","","","","","",""
"null","null","html-keyboard-response","472","611131","0.0-17.0-0.60","697cab1603c68e76a4d71eb0","69d7901e3430d13455efb336","69e64da50ae771d97090e177","<p style=""font-size: 60px; font-family: FragmentMono"">DJZJDFM</p>","","","training","","","","","","","",""
"null","null","html-keyboard-response","473","613122","0.0-17.0-0.61","697cab1603c68e76a4d71eb0","69d7901e3430d13455efb336","69e64da50ae771d97090e177","<p style=""font-size: 60px; font-family: FragmentMono"">TREHOJU</p>","","","training","","","","","","","",""
"null","null","html-keyboard-response","474","614138","0.0-17.0-0.62","697cab1603c68e76a4d71eb0","69d7901e3430d13455efb336","69e64da50ae771d97090e177","<p style=""font-size: 60px; font-family: FragmentMono"">WRGAMSQBU</p>","","","training","","","","","","","",""
"null","null","html-keyboard-response","475","616133","0.0-17.0-0.63","697cab1603c68e76a4d71eb0","69d7901e3430d13455efb336","69e64da50ae771d97090e177","<p style=""font-size: 60px; font-family: FragmentMono"">NVLXNOJU</p>","","","training","","","","","","","",""
"null","null","html-keyboard-response","476","618130","0.0-17.0-0.64","697cab1603c68e76a4d71eb0","69d7901e3430d13455efb336","69e64da50ae771d97090e177","<p style=""font-size: 60px; font-family: FragmentMono"">LRYWSQBU</p>","","","training","","","","","","","",""
"null","null","html-keyboard-response","477","620127","0.0-17.0-0.65","697cab1603c68e76a4d71eb0","69d7901e3430d13455efb336","69e64da50ae771d97090e177","<p style=""font-size: 60px; font-family: FragmentMono"">CYMJLUPHS</p>","","","training","","","","","","","",""
"null","null","html-keyboard-response","478","621130","0.0-17.0-0.66","697cab1603c68e76a4d71eb0","69d7901e3430d13455efb336","69e64da50ae771d97090e177","<p style=""font-size: 60px; font-family: FragmentMono"">ULUJDFM</p>","","","training","","","","","","","",""
"null","null","html-keyboard-response","479","623125","0.0-17.0-0.67","697cab1603c68e76a4d71eb0","69d7901e3430d13455efb336","69e64da50ae771d97090e177","<p style=""font-size: 60px; font-family: FragmentMono"">NVLXNOQW</p>","","","training","","","","","","","",""
"null","null","html-keyboard-response","480","624129","0.0-17.0-0.68","697cab1603c68e76a4d71eb0","69d7901e3430d13455efb336","69e64da50ae771d97090e177","<p style=""font-size: 60px; font-family: FragmentMono"">SHSPVHGM</p>","","","training","","","","","","","",""
"null","null","html-keyboard-response","481","626132","0.0-17.0-0.69","697cab1603c68e76a4d71eb0","69d7901e3430d13455efb336","69e64da50ae771d97090e177","<p style=""font-size: 60px; font-family: FragmentMono"">IMJRFOFG</p>","","","training","","","","","","","",""
"null","null","html-keyboard-response","482","628123","0.0-17.0-0.70","697cab1603c68e76a4d71eb0","69d7901e3430d13455efb336","69e64da50ae771d97090e177","<p style=""font-size: 60px; font-family: FragmentMono"">BWRLYDFM</p>","","","training","","","","","","","",""
"null","null","html-keyboard-response","483","629124","0.0-17.0-0.71","697cab1603c68e76a4d71eb0","69d7901e3430d13455efb336","69e64da50ae771d97090e177","<p style=""font-size: 60px; font-family: FragmentMono"">DJZJOJU</p>","","","training","","","","","","","",""
"null","null","html-keyboard-response","484","630124","0.0-17.0-0.72","697cab1603c68e76a4d71eb0","69d7901e3430d13455efb336","69e64da50ae771d97090e177","<p style=""font-size: 60px; font-family: FragmentMono"">MEOFIOQW</p>","","","training","","","","","","","",""
"null","null","html-keyboard-response","485","631138","0.0-17.0-0.73","697cab1603c68e76a4d71eb0","69d7901e3430d13455efb336","69e64da50ae771d97090e177","<p style=""font-size: 60px; font-family: FragmentMono"">TGNLVHGM</p>","","","training","","","","","","","",""
"null","null","html-keyboard-response","486","633133","0.0-17.0-0.74","697cab1603c68e76a4d71eb0","69d7901e3430d13455efb336","69e64da50ae771d97090e177","<p style=""font-size: 60px; font-family: FragmentMono"">NVLXNDFM</p>","","","training","","","","","","","",""
"null","null","html-keyboard-response","487","635125","0.0-17.0-0.75","697cab1603c68e76a4d71eb0","69d7901e3430d13455efb336","69e64da50ae771d97090e177","<p style=""font-size: 60px; font-family: FragmentMono"">CTSBICAMU</p>","","","training","","","","","","","",""
"null","null","html-keyboard-response","488","636139","0.0-17.0-0.76","697cab1603c68e76a4d71eb0","69d7901e3430d13455efb336","69e64da50ae771d97090e177","<p style=""font-size: 60px; font-family: FragmentMono"">HVFDAFWLC</p>","","","training","","","","","","","",""
"null","null","html-keyboard-response","489","638134","0.0-17.0-0.77","697cab1603c68e76a4d71eb0","69d7901e3430d13455efb336","69e64da50ae771d97090e177","<p style=""font-size: 60px; font-family: FragmentMono"">MEOFIOJU</p>","","","training","","","","","","","",""
"null","null","html-keyboard-response","490","640130","0.0-17.0-0.78","697cab1603c68e76a4d71eb0","69d7901e3430d13455efb336","69e64da50ae771d97090e177","<p style=""font-size: 60px; font-family: FragmentMono"">DOFTBSQBU</p>","","","training","","","","","","","",""
"null","null","html-keyboard-response","491","641144","0.0-17.0-0.79","697cab1603c68e76a4d71eb0","69d7901e3430d13455efb336","69e64da50ae771d97090e177","<p style=""font-size: 60px; font-family: FragmentMono"">RZDEVHGM</p>","","","training","","","","","","","",""
"20857"," ","html-keyboard-response","492","662001","0.0-18.0","697cab1603c68e76a4d71eb0","69d7901e3430d13455efb336","69e64da50ae771d97090e177","<p style=""font-size: 30px"">Great, you've seen the sixth block of words. You may now take a short break.</p>
      <p style=""font-size: 30px"">Press the spacebar when you're ready to continue.</p>","","","","","","","","","","",""
"null","null","html-keyboard-response","493","663017","0.0-19.0-0.0","697cab1603c68e76a4d71eb0","69d7901e3430d13455efb336","69e64da50ae771d97090e177","<p style=""font-size: 60px; font-family: FragmentMono"">CTSBIFWLC</p>","","","training","","","","","","","",""
"null","null","html-keyboard-response","494","664128","0.0-19.0-0.1","697cab1603c68e76a4d71eb0","69d7901e3430d13455efb336","69e64da50ae771d97090e177","<p style=""font-size: 60px; font-family: FragmentMono"">CYMJLSQBU</p>","","","training","","","","","","","",""
"null","null","html-keyboard-response","495","665130","0.0-19.0-0.2","697cab1603c68e76a4d71eb0","69d7901e3430d13455efb336","69e64da50ae771d97090e177","<p style=""font-size: 60px; font-family: FragmentMono"">LRYWVHGM</p>","","","training","","","","","","","",""
"null","null","html-keyboard-response","496","667126","0.0-19.0-0.3","697cab1603c68e76a4d71eb0","69d7901e3430d13455efb336","69e64da50ae771d97090e177","<p style=""font-size: 60px; font-family: FragmentMono"">OGPGLSQBU</p>","","","training","","","","","","","",""
"null","null","html-keyboard-response","497","668130","0.0-19.0-0.4","697cab1603c68e76a4d71eb0","69d7901e3430d13455efb336","69e64da50ae771d97090e177","<p style=""font-size: 60px; font-family: FragmentMono"">TQZUOQW</p>","","","training","","","","","","","",""
"null","null","html-keyboard-response","498","669133","0.0-19.0-0.5","697cab1603c68e76a4d71eb0","69d7901e3430d13455efb336","69e64da50ae771d97090e177","<p style=""font-size: 60px; font-family: FragmentMono"">DJZJOJU</p>","","","training","","","","","","","",""
"null","null","html-keyboard-response","499","671126","0.0-19.0-0.6","697cab1603c68e76a4d71eb0","69d7901e3430d13455efb336","69e64da50ae771d97090e177","<p style=""font-size: 60px; font-family: FragmentMono"">RZDEFWLC</p>","","","training","","","","","","","",""
"null","null","html-keyboard-response","500","672133","0.0-19.0-0.7","697cab1603c68e76a4d71eb0","69d7901e3430d13455efb336","69e64da50ae771d97090e177","<p style=""font-size: 60px; font-family: FragmentMono"">TREHOFG</p>","","","training","","","","","","","",""
"null","null","html-keyboard-response","501","673134","0.0-19.0-0.8","697cab1603c68e76a4d71eb0","69d7901e3430d13455efb336","69e64da50ae771d97090e177","<p style=""font-size: 60px; font-family: FragmentMono"">DOFTBVHGM</p>","","","training","","","","","","","",""
"null","null","html-keyboard-response","502","674149","0.0-19.0-0.9","697cab1603c68e76a4d71eb0","69d7901e3430d13455efb336","69e64da50ae771d97090e177","<p style=""font-size: 60px; font-family: FragmentMono"">MEOFIOQW</p>","","","training","","","","","","","",""
"null","null","html-keyboard-response","503","676127","0.0-19.0-0.10","697cab1603c68e76a4d71eb0","69d7901e3430d13455efb336","69e64da50ae771d97090e177","<p style=""font-size: 60px; font-family: FragmentMono"">GHRJQOFG</p>","","","training","","","","","","","",""
"null","null","html-keyboard-response","504","677129","0.0-19.0-0.11","697cab1603c68e76a4d71eb0","69d7901e3430d13455efb336","69e64da50ae771d97090e177","<p style=""font-size: 60px; font-family: FragmentMono"">SHSPVHGM</p>","","","training","","","","","","","",""
"null","null","html-keyboard-response","505","678130","0.0-19.0-0.12","697cab1603c68e76a4d71eb0","69d7901e3430d13455efb336","69e64da50ae771d97090e177","<p style=""font-size: 60px; font-family: FragmentMono"">CYMJLFWLC</p>","","","training","","","","","","","",""
"null","null","html-keyboard-response","506","679135","0.0-19.0-0.13","697cab1603c68e76a4d71eb0","69d7901e3430d13455efb336","69e64da50ae771d97090e177","<p style=""font-size: 60px; font-family: FragmentMono"">TGNLVHGM</p>","","","training","","","","","","","",""
"null","null","html-keyboard-response","507","681120","0.0-19.0-0.14","697cab1603c68e76a4d71eb0","69d7901e3430d13455efb336","69e64da50ae771d97090e177","<p style=""font-size: 60px; font-family: FragmentMono"">LRYWCAMU</p>","","","training","","","","","","","",""
"null","null","html-keyboard-response","508","682122","0.0-19.0-0.15","697cab1603c68e76a4d71eb0","69d7901e3430d13455efb336","69e64da50ae771d97090e177","<p style=""font-size: 60px; font-family: FragmentMono"">HVFDAUPHS</p>","","","training","","","","","","","",""
"null","null","html-keyboard-response","509","683125","0.0-19.0-0.16","697cab1603c68e76a4d71eb0","69d7901e3430d13455efb336","69e64da50ae771d97090e177","<p style=""font-size: 60px; font-family: FragmentMono"">NVLXNDFM</p>","","","training","","","","","","","",""
"null","null","html-keyboard-response","510","684127","0.0-19.0-0.17","697cab1603c68e76a4d71eb0","69d7901e3430d13455efb336","69e64da50ae771d97090e177","<p style=""font-size: 60px; font-family: FragmentMono"">MEOFIOJU</p>","","","training","","","","","","","",""
"null","null","html-keyboard-response","511","685143","0.0-19.0-0.18","697cab1603c68e76a4d71eb0","69d7901e3430d13455efb336","69e64da50ae771d97090e177","<p style=""font-size: 60px; font-family: FragmentMono"">GHRJQOQW</p>","","","training","","","","","","","",""
"null","null","html-keyboard-response","512","686158","0.0-19.0-0.19","697cab1603c68e76a4d71eb0","69d7901e3430d13455efb336","69e64da50ae771d97090e177","<p style=""font-size: 60px; font-family: FragmentMono"">TQZUOFG</p>","","","training","","","","","","","",""
"null","null","html-keyboard-response","513","688132","0.0-19.0-0.20","697cab1603c68e76a4d71eb0","69d7901e3430d13455efb336","69e64da50ae771d97090e177","<p style=""font-size: 60px; font-family: FragmentMono"">TREHSXD</p>","","","training","","","","","","","",""
"null","null","html-keyboard-response","514","689145","0.0-19.0-0.21","697cab1603c68e76a4d71eb0","69d7901e3430d13455efb336","69e64da50ae771d97090e177","<p style=""font-size: 60px; font-family: FragmentMono"">BWRLYOJU</p>","","","training","","","","","","","",""
"null","null","html-keyboard-response","515","690160","0.0-19.0-0.22","697cab1603c68e76a4d71eb0","69d7901e3430d13455efb336","69e64da50ae771d97090e177","<p style=""font-size: 60px; font-family: FragmentMono"">IMJRFOFG</p>","","","training","","","","","","","",""
"null","null","html-keyboard-response","516","691162","0.0-19.0-0.23","697cab1603c68e76a4d71eb0","69d7901e3430d13455efb336","69e64da50ae771d97090e177","<p style=""font-size: 60px; font-family: FragmentMono"">NZGVSXD</p>","","","training","","","","","","","",""
"null","null","html-keyboard-response","517","692177","0.0-19.0-0.24","697cab1603c68e76a4d71eb0","69d7901e3430d13455efb336","69e64da50ae771d97090e177","<p style=""font-size: 60px; font-family: FragmentMono"">OGPGLFWLC</p>","","","training","","","","","","","",""
"null","null","html-keyboard-response","518","693177","0.0-19.0-0.25","697cab1603c68e76a4d71eb0","69d7901e3430d13455efb336","69e64da50ae771d97090e177","<p style=""font-size: 60px; font-family: FragmentMono"">DOFTBCAMU</p>","","","training","","","","","","","",""
"null","null","html-keyboard-response","519","694283","0.0-19.0-0.26","697cab1603c68e76a4d71eb0","69d7901e3430d13455efb336","69e64da50ae771d97090e177","<p style=""font-size: 60px; font-family: FragmentMono"">SHSPSQBU</p>","","","training","","","","","","","",""
"null","null","html-keyboard-response","520","696135","0.0-19.0-0.27","697cab1603c68e76a4d71eb0","69d7901e3430d13455efb336","69e64da50ae771d97090e177","<p style=""font-size: 60px; font-family: FragmentMono"">IMJRFSXD</p>","","","training","","","","","","","",""
"null","null","html-keyboard-response","521","697149","0.0-19.0-0.28","697cab1603c68e76a4d71eb0","69d7901e3430d13455efb336","69e64da50ae771d97090e177","<p style=""font-size: 60px; font-family: FragmentMono"">MEOFIDFM</p>","","","training","","","","","","","",""
"null","null","html-keyboard-response","522","699126","0.0-19.0-0.29","697cab1603c68e76a4d71eb0","69d7901e3430d13455efb336","69e64da50ae771d97090e177","<p style=""font-size: 60px; font-family: FragmentMono"">NZGVOQW</p>","","","training","","","","","","","",""
"null","null","html-keyboard-response","523","700141","0.0-19.0-0.30","697cab1603c68e76a4d71eb0","69d7901e3430d13455efb336","69e64da50ae771d97090e177","<p style=""font-size: 60px; font-family: FragmentMono"">RZDEVHGM</p>","","","training","","","","","","","",""
"null","null","html-keyboard-response","524","702120","0.0-19.0-0.31","697cab1603c68e76a4d71eb0","69d7901e3430d13455efb336","69e64da50ae771d97090e177","<p style=""font-size: 60px; font-family: FragmentMono"">ULUJDFM</p>","","","training","","","","","","","",""
"null","null","html-keyboard-response","525","703124","0.0-19.0-0.32","697cab1603c68e76a4d71eb0","69d7901e3430d13455efb336","69e64da50ae771d97090e177","<p style=""font-size: 60px; font-family: FragmentMono"">DJZJSXD</p>","","","training","","","","","","","",""
"null","null","html-keyboard-response","526","704129","0.0-19.0-0.33","697cab1603c68e76a4d71eb0","69d7901e3430d13455efb336","69e64da50ae771d97090e177","<p style=""font-size: 60px; font-family: FragmentMono"">SHSPUPHS</p>","","","training","","","","","","","",""
"null","null","html-keyboard-response","527","705143","0.0-19.0-0.34","697cab1603c68e76a4d71eb0","69d7901e3430d13455efb336","69e64da50ae771d97090e177","<p style=""font-size: 60px; font-family: FragmentMono"">BWRLYSXD</p>","","","training","","","","","","","",""
"null","null","html-keyboard-response","528","707124","0.0-19.0-0.35","697cab1603c68e76a4d71eb0","69d7901e3430d13455efb336","69e64da50ae771d97090e177","<p style=""font-size: 60px; font-family: FragmentMono"">TREHOJU</p>","","","training","","","","","","","",""
"null","null","html-keyboard-response","529","708138","0.0-19.0-0.36","697cab1603c68e76a4d71eb0","69d7901e3430d13455efb336","69e64da50ae771d97090e177","<p style=""font-size: 60px; font-family: FragmentMono"">RZDEUPHS</p>","","","training","","","","","","","",""
"null","null","html-keyboard-response","530","710127","0.0-19.0-0.37","697cab1603c68e76a4d71eb0","69d7901e3430d13455efb336","69e64da50ae771d97090e177","<p style=""font-size: 60px; font-family: FragmentMono"">BWRLYOFG</p>","","","training","","","","","","","",""
"null","null","html-keyboard-response","531","711133","0.0-19.0-0.38","697cab1603c68e76a4d71eb0","69d7901e3430d13455efb336","69e64da50ae771d97090e177","<p style=""font-size: 60px; font-family: FragmentMono"">HVFDACAMU</p>","","","training","","","","","","","",""
"null","null","html-keyboard-response","532","713128","0.0-19.0-0.39","697cab1603c68e76a4d71eb0","69d7901e3430d13455efb336","69e64da50ae771d97090e177","<p style=""font-size: 60px; font-family: FragmentMono"">LRYWSQBU</p>","","","training","","","","","","","",""
"null","null","html-keyboard-response","533","714134","0.0-19.0-0.40","697cab1603c68e76a4d71eb0","69d7901e3430d13455efb336","69e64da50ae771d97090e177","<p style=""font-size: 60px; font-family: FragmentMono"">WRGAMUPHS</p>","","","training","","","","","","","",""
"null","null","html-keyboard-response","534","716131","0.0-19.0-0.41","697cab1603c68e76a4d71eb0","69d7901e3430d13455efb336","69e64da50ae771d97090e177","<p style=""font-size: 60px; font-family: FragmentMono"">HVFDAFWLC</p>","","","training","","","","","","","",""
"null","null","html-keyboard-response","535","718126","0.0-19.0-0.42","697cab1603c68e76a4d71eb0","69d7901e3430d13455efb336","69e64da50ae771d97090e177","<p style=""font-size: 60px; font-family: FragmentMono"">GHRJQSXD</p>","","","training","","","","","","","",""
"null","null","html-keyboard-response","536","719134","0.0-19.0-0.43","697cab1603c68e76a4d71eb0","69d7901e3430d13455efb336","69e64da50ae771d97090e177","<p style=""font-size: 60px; font-family: FragmentMono"">NZGVOJU</p>","","","training","","","","","","","",""
"null","null","html-keyboard-response","537","721125","0.0-19.0-0.44","697cab1603c68e76a4d71eb0","69d7901e3430d13455efb336","69e64da50ae771d97090e177","<p style=""font-size: 60px; font-family: FragmentMono"">MEOFIOFG</p>","","","training","","","","","","","",""
"null","null","html-keyboard-response","538","722134","0.0-19.0-0.45","697cab1603c68e76a4d71eb0","69d7901e3430d13455efb336","69e64da50ae771d97090e177","<p style=""font-size: 60px; font-family: FragmentMono"">CTSBIUPHS</p>","","","training","","","","","","","",""
"null","null","html-keyboard-response","539","723148","0.0-19.0-0.46","697cab1603c68e76a4d71eb0","69d7901e3430d13455efb336","69e64da50ae771d97090e177","<p style=""font-size: 60px; font-family: FragmentMono"">TGNLSQBU</p>","","","training","","","","","","","",""
"null","null","html-keyboard-response","540","725134","0.0-19.0-0.47","697cab1603c68e76a4d71eb0","69d7901e3430d13455efb336","69e64da50ae771d97090e177","<p style=""font-size: 60px; font-family: FragmentMono"">OGPGLCAMU</p>","","","training","","","","","","","",""
"null","null","html-keyboard-response","541","726134","0.0-19.0-0.48","697cab1603c68e76a4d71eb0","69d7901e3430d13455efb336","69e64da50ae771d97090e177","<p style=""font-size: 60px; font-family: FragmentMono"">RZDESQBU</p>","","","training","","","","","","","",""
"null","null","html-keyboard-response","542","728130","0.0-19.0-0.49","697cab1603c68e76a4d71eb0","69d7901e3430d13455efb336","69e64da50ae771d97090e177","<p style=""font-size: 60px; font-family: FragmentMono"">TQZUSXD</p>","","","training","","","","","","","",""
"null","null","html-keyboard-response","543","729707","0.0-19.0-0.50","697cab1603c68e76a4d71eb0","69d7901e3430d13455efb336","69e64da50ae771d97090e177","<p style=""font-size: 60px; font-family: FragmentMono"">TGNLFWLC</p>","","","training","","","","","","","",""
"null","null","html-keyboard-response","544","730710","0.0-19.0-0.51","697cab1603c68e76a4d71eb0","69d7901e3430d13455efb336","69e64da50ae771d97090e177","<p style=""font-size: 60px; font-family: FragmentMono"">CYMJLCAMU</p>","","","training","","","","","","","",""
"null","null","html-keyboard-response","545","732122","0.0-19.0-0.52","697cab1603c68e76a4d71eb0","69d7901e3430d13455efb336","69e64da50ae771d97090e177","<p style=""font-size: 60px; font-family: FragmentMono"">NVLXNOQW</p>","","","training","","","","","","","",""
"null","null","html-keyboard-response","546","733123","0.0-19.0-0.53","697cab1603c68e76a4d71eb0","69d7901e3430d13455efb336","69e64da50ae771d97090e177","<p style=""font-size: 60px; font-family: FragmentMono"">GHRJQOJU</p>","","","training","","","","","","","",""
"null","null","html-keyboard-response","547","734125","0.0-19.0-0.54","697cab1603c68e76a4d71eb0","69d7901e3430d13455efb336","69e64da50ae771d97090e177","<p style=""font-size: 60px; font-family: FragmentMono"">WRGAMFWLC</p>","","","training","","","","","","","",""
"null","null","html-keyboard-response","548","735134","0.0-19.0-0.55","697cab1603c68e76a4d71eb0","69d7901e3430d13455efb336","69e64da50ae771d97090e177","<p style=""font-size: 60px; font-family: FragmentMono"">SHSPCAMU</p>","","","training","","","","","","","",""
"null","null","html-keyboard-response","549","737124","0.0-19.0-0.56","697cab1603c68e76a4d71eb0","69d7901e3430d13455efb336","69e64da50ae771d97090e177","<p style=""font-size: 60px; font-family: FragmentMono"">DOFTBSQBU</p>","","","training","","","","","","","",""
"null","null","html-keyboard-response","550","739120","0.0-19.0-0.57","697cab1603c68e76a4d71eb0","69d7901e3430d13455efb336","69e64da50ae771d97090e177","<p style=""font-size: 60px; font-family: FragmentMono"">ULUJOFG</p>","","","training","","","","","","","",""
"null","null","html-keyboard-response","551","740128","0.0-19.0-0.58","697cab1603c68e76a4d71eb0","69d7901e3430d13455efb336","69e64da50ae771d97090e177","<p style=""font-size: 60px; font-family: FragmentMono"">DJZJDFM</p>","","","training","","","","","","","",""
"null","null","html-keyboard-response","552","741131","0.0-19.0-0.59","697cab1603c68e76a4d71eb0","69d7901e3430d13455efb336","69e64da50ae771d97090e177","<p style=""font-size: 60px; font-family: FragmentMono"">CYMJLUPHS</p>","","","training","","","","","","","",""
"null","null","html-keyboard-response","553","742134","0.0-19.0-0.60","697cab1603c68e76a4d71eb0","69d7901e3430d13455efb336","69e64da50ae771d97090e177","<p style=""font-size: 60px; font-family: FragmentMono"">NVLXNOFG</p>","","","training","","","","","","","",""
"null","null","html-keyboard-response","554","744122","0.0-19.0-0.61","697cab1603c68e76a4d71eb0","69d7901e3430d13455efb336","69e64da50ae771d97090e177","<p style=""font-size: 60px; font-family: FragmentMono"">TQZUDFM</p>","","","training","","","","","","","",""
"null","null","html-keyboard-response","555","745124","0.0-19.0-0.62","697cab1603c68e76a4d71eb0","69d7901e3430d13455efb336","69e64da50ae771d97090e177","<p style=""font-size: 60px; font-family: FragmentMono"">CTSBIVHGM</p>","","","training","","","","","","","",""
"null","null","html-keyboard-response","556","746126","0.0-19.0-0.63","697cab1603c68e76a4d71eb0","69d7901e3430d13455efb336","69e64da50ae771d97090e177","<p style=""font-size: 60px; font-family: FragmentMono"">WRGAMCAMU</p>","","","training","","","","","","","",""
"null","null","html-keyboard-response","557","747133","0.0-19.0-0.64","697cab1603c68e76a4d71eb0","69d7901e3430d13455efb336","69e64da50ae771d97090e177","<p style=""font-size: 60px; font-family: FragmentMono"">ULUJOJU</p>","","","training","","","","","","","",""
"null","null","html-keyboard-response","558","749126","0.0-19.0-0.65","697cab1603c68e76a4d71eb0","69d7901e3430d13455efb336","69e64da50ae771d97090e177","<p style=""font-size: 60px; font-family: FragmentMono"">NZGVDFM</p>","","","training","","","","","","","",""
"null","null","html-keyboard-response","559","750126","0.0-19.0-0.66","697cab1603c68e76a4d71eb0","69d7901e3430d13455efb336","69e64da50ae771d97090e177","<p style=""font-size: 60px; font-family: FragmentMono"">ULUJSXD</p>","","","training","","","","","","","",""
"null","null","html-keyboard-response","560","751140","0.0-19.0-0.67","697cab1603c68e76a4d71eb0","69d7901e3430d13455efb336","69e64da50ae771d97090e177","<p style=""font-size: 60px; font-family: FragmentMono"">IMJRFDFM</p>","","","training","","","","","","","",""
"null","null","html-keyboard-response","561","753123","0.0-19.0-0.68","697cab1603c68e76a4d71eb0","69d7901e3430d13455efb336","69e64da50ae771d97090e177","<p style=""font-size: 60px; font-family: FragmentMono"">DOFTBUPHS</p>","","","training","","","","","","","",""
"null","null","html-keyboard-response","562","754129","0.0-19.0-0.69","697cab1603c68e76a4d71eb0","69d7901e3430d13455efb336","69e64da50ae771d97090e177","<p style=""font-size: 60px; font-family: FragmentMono"">WRGAMSQBU</p>","","","training","","","","","","","",""
"null","null","html-keyboard-response","563","755131","0.0-19.0-0.70","697cab1603c68e76a4d71eb0","69d7901e3430d13455efb336","69e64da50ae771d97090e177","<p style=""font-size: 60px; font-family: FragmentMono"">BWRLYDFM</p>","","","training","","","","","","","",""
"null","null","html-keyboard-response","564","756145","0.0-19.0-0.71","697cab1603c68e76a4d71eb0","69d7901e3430d13455efb336","69e64da50ae771d97090e177","<p style=""font-size: 60px; font-family: FragmentMono"">HVFDAVHGM</p>","","","training","","","","","","","",""
"null","null","html-keyboard-response","565","758124","0.0-19.0-0.72","697cab1603c68e76a4d71eb0","69d7901e3430d13455efb336","69e64da50ae771d97090e177","<p style=""font-size: 60px; font-family: FragmentMono"">LRYWFWLC</p>","","","training","","","","","","","",""
"null","null","html-keyboard-response","566","759134","0.0-19.0-0.73","697cab1603c68e76a4d71eb0","69d7901e3430d13455efb336","69e64da50ae771d97090e177","<p style=""font-size: 60px; font-family: FragmentMono"">OGPGLVHGM</p>","","","training","","","","","","","",""
"null","null","html-keyboard-response","567","761120","0.0-19.0-0.74","697cab1603c68e76a4d71eb0","69d7901e3430d13455efb336","69e64da50ae771d97090e177","<p style=""font-size: 60px; font-family: FragmentMono"">CTSBICAMU</p>","","","training","","","","","","","",""
"null","null","html-keyboard-response","568","762134","0.0-19.0-0.75","697cab1603c68e76a4d71eb0","69d7901e3430d13455efb336","69e64da50ae771d97090e177","<p style=""font-size: 60px; font-family: FragmentMono"">TREHOQW</p>","","","training","","","","","","","",""
"null","null","html-keyboard-response","569","763148","0.0-19.0-0.76","697cab1603c68e76a4d71eb0","69d7901e3430d13455efb336","69e64da50ae771d97090e177","<p style=""font-size: 60px; font-family: FragmentMono"">TGNLUPHS</p>","","","training","","","","","","","",""
"null","null","html-keyboard-response","570","765129","0.0-19.0-0.77","697cab1603c68e76a4d71eb0","69d7901e3430d13455efb336","69e64da50ae771d97090e177","<p style=""font-size: 60px; font-family: FragmentMono"">DJZJOQW</p>","","","training","","","","","","","",""
"null","null","html-keyboard-response","571","766130","0.0-19.0-0.78","697cab1603c68e76a4d71eb0","69d7901e3430d13455efb336","69e64da50ae771d97090e177","<p style=""font-size: 60px; font-family: FragmentMono"">NVLXNOJU</p>","","","training","","","","","","","",""
"null","null","html-keyboard-response","572","768120","0.0-19.0-0.79","697cab1603c68e76a4d71eb0","69d7901e3430d13455efb336","69e64da50ae771d97090e177","<p style=""font-size: 60px; font-family: FragmentMono"">IMJRFOQW</p>","","","training","","","","","","","",""
"7203"," ","html-keyboard-response","573","775323","0.0-20.0","697cab1603c68e76a4d71eb0","69d7901e3430d13455efb336","69e64da50ae771d97090e177","<p style=""font-size: 30px"">Great, you've seen the seventh block of words. You may now take a short break.</p>
      <p style=""font-size: 30px"">Press the spacebar when you're ready to continue.</p>","","","","","","","","","","",""
"null","null","html-keyboard-response","574","776910","0.0-21.0-0.0","697cab1603c68e76a4d71eb0","69d7901e3430d13455efb336","69e64da50ae771d97090e177","<p style=""font-size: 60px; font-family: FragmentMono"">CYMJLCAMU</p>","","","training","","","","","","","",""
"null","null","html-keyboard-response","575","777920","0.0-21.0-0.1","697cab1603c68e76a4d71eb0","69d7901e3430d13455efb336","69e64da50ae771d97090e177","<p style=""font-size: 60px; font-family: FragmentMono"">OGPGLSQBU</p>","","","training","","","","","","","",""
"null","null","html-keyboard-response","576","779129","0.0-21.0-0.2","697cab1603c68e76a4d71eb0","69d7901e3430d13455efb336","69e64da50ae771d97090e177","<p style=""font-size: 60px; font-family: FragmentMono"">CTSBIFWLC</p>","","","training","","","","","","","",""
"null","null","html-keyboard-response","577","781130","0.0-21.0-0.3","697cab1603c68e76a4d71eb0","69d7901e3430d13455efb336","69e64da50ae771d97090e177","<p style=""font-size: 60px; font-family: FragmentMono"">DOFTBUPHS</p>","","","training","","","","","","","",""
"null","null","html-keyboard-response","578","783128","0.0-21.0-0.4","697cab1603c68e76a4d71eb0","69d7901e3430d13455efb336","69e64da50ae771d97090e177","<p style=""font-size: 60px; font-family: FragmentMono"">ULUJSXD</p>","","","training","","","","","","","",""
"null","null","html-keyboard-response","579","784130","0.0-21.0-0.5","697cab1603c68e76a4d71eb0","69d7901e3430d13455efb336","69e64da50ae771d97090e177","<p style=""font-size: 60px; font-family: FragmentMono"">NVLXNOQW</p>","","","training","","","","","","","",""
"null","null","html-keyboard-response","580","785133","0.0-21.0-0.6","697cab1603c68e76a4d71eb0","69d7901e3430d13455efb336","69e64da50ae771d97090e177","<p style=""font-size: 60px; font-family: FragmentMono"">HVFDAFWLC</p>","","","training","","","","","","","",""
"null","null","html-keyboard-response","581","786134","0.0-21.0-0.7","697cab1603c68e76a4d71eb0","69d7901e3430d13455efb336","69e64da50ae771d97090e177","<p style=""font-size: 60px; font-family: FragmentMono"">WRGAMUPHS</p>","","","training","","","","","","","",""
"null","null","html-keyboard-response","582","788129","0.0-21.0-0.8","697cab1603c68e76a4d71eb0","69d7901e3430d13455efb336","69e64da50ae771d97090e177","<p style=""font-size: 60px; font-family: FragmentMono"">TREHSXD</p>","","","training","","","","","","","",""
"null","null","html-keyboard-response","583","789135","0.0-21.0-0.9","697cab1603c68e76a4d71eb0","69d7901e3430d13455efb336","69e64da50ae771d97090e177","<p style=""font-size: 60px; font-family: FragmentMono"">TQZUOQW</p>","","","training","","","","","","","",""
"null","null","html-keyboard-response","584","791133","0.0-21.0-0.10","697cab1603c68e76a4d71eb0","69d7901e3430d13455efb336","69e64da50ae771d97090e177","<p style=""font-size: 60px; font-family: FragmentMono"">CYMJLSQBU</p>","","","training","","","","","","","",""
"null","null","html-keyboard-response","585","793128","0.0-21.0-0.11","697cab1603c68e76a4d71eb0","69d7901e3430d13455efb336","69e64da50ae771d97090e177","<p style=""font-size: 60px; font-family: FragmentMono"">TREHOFG</p>","","","training","","","","","","","",""
"null","null","html-keyboard-response","586","794134","0.0-21.0-0.12","697cab1603c68e76a4d71eb0","69d7901e3430d13455efb336","69e64da50ae771d97090e177","<p style=""font-size: 60px; font-family: FragmentMono"">TQZUDFM</p>","","","training","","","","","","","",""
"null","null","html-keyboard-response","587","796130","0.0-21.0-0.13","697cab1603c68e76a4d71eb0","69d7901e3430d13455efb336","69e64da50ae771d97090e177","<p style=""font-size: 60px; font-family: FragmentMono"">OGPGLCAMU</p>","","","training","","","","","","","",""
"null","null","html-keyboard-response","588","798121","0.0-21.0-0.14","697cab1603c68e76a4d71eb0","69d7901e3430d13455efb336","69e64da50ae771d97090e177","<p style=""font-size: 60px; font-family: FragmentMono"">TQZUSXD</p>","","","training","","","","","","","",""
"null","null","html-keyboard-response","589","799126","0.0-21.0-0.15","697cab1603c68e76a4d71eb0","69d7901e3430d13455efb336","69e64da50ae771d97090e177","<p style=""font-size: 60px; font-family: FragmentMono"">WRGAMFWLC</p>","","","training","","","","","","","",""
"null","null","html-keyboard-response","590","800131","0.0-21.0-0.16","697cab1603c68e76a4d71eb0","69d7901e3430d13455efb336","69e64da50ae771d97090e177","<p style=""font-size: 60px; font-family: FragmentMono"">ULUJOFG</p>","","","training","","","","","","","",""
"null","null","html-keyboard-response","591","801134","0.0-21.0-0.17","697cab1603c68e76a4d71eb0","69d7901e3430d13455efb336","69e64da50ae771d97090e177","<p style=""font-size: 60px; font-family: FragmentMono"">MEOFIDFM</p>","","","training","","","","","","","",""
"null","null","html-keyboard-response","592","802149","0.0-21.0-0.18","697cab1603c68e76a4d71eb0","69d7901e3430d13455efb336","69e64da50ae771d97090e177","<p style=""font-size: 60px; font-family: FragmentMono"">BWRLYOJU</p>","","","training","","","","","","","",""
"null","null","html-keyboard-response","593","803156","0.0-21.0-0.19","697cab1603c68e76a4d71eb0","69d7901e3430d13455efb336","69e64da50ae771d97090e177","<p style=""font-size: 60px; font-family: FragmentMono"">CTSBIVHGM</p>","","","training","","","","","","","",""
"null","null","html-keyboard-response","594","804160","0.0-21.0-0.20","697cab1603c68e76a4d71eb0","69d7901e3430d13455efb336","69e64da50ae771d97090e177","<p style=""font-size: 60px; font-family: FragmentMono"">LRYWFWLC</p>","","","training","","","","","","","",""
"null","null","html-keyboard-response","595","806133","0.0-21.0-0.21","697cab1603c68e76a4d71eb0","69d7901e3430d13455efb336","69e64da50ae771d97090e177","<p style=""font-size: 60px; font-family: FragmentMono"">MEOFIOFG</p>","","","training","","","","","","","",""
"null","null","html-keyboard-response","596","807148","0.0-21.0-0.22","697cab1603c68e76a4d71eb0","69d7901e3430d13455efb336","69e64da50ae771d97090e177","<p style=""font-size: 60px; font-family: FragmentMono"">IMJRFDFM</p>","","","training","","","","","","","",""
"null","null","html-keyboard-response","597","809128","0.0-21.0-0.23","697cab1603c68e76a4d71eb0","69d7901e3430d13455efb336","69e64da50ae771d97090e177","<p style=""font-size: 60px; font-family: FragmentMono"">DOFTBCAMU</p>","","","training","","","","","","","",""
"null","null","html-keyboard-response","598","811134","0.0-21.0-0.24","697cab1603c68e76a4d71eb0","69d7901e3430d13455efb336","69e64da50ae771d97090e177","<p style=""font-size: 60px; font-family: FragmentMono"">BWRLYOFG</p>","","","training","","","","","","","",""
"null","null","html-keyboard-response","599","813124","0.0-21.0-0.25","697cab1603c68e76a4d71eb0","69d7901e3430d13455efb336","69e64da50ae771d97090e177","<p style=""font-size: 60px; font-family: FragmentMono"">NZGVOJU</p>","","","training","","","","","","","",""
"null","null","html-keyboard-response","600","814126","0.0-21.0-0.26","697cab1603c68e76a4d71eb0","69d7901e3430d13455efb336","69e64da50ae771d97090e177","<p style=""font-size: 60px; font-family: FragmentMono"">GHRJQSXD</p>","","","training","","","","","","","",""
"null","null","html-keyboard-response","601","815130","0.0-21.0-0.27","697cab1603c68e76a4d71eb0","69d7901e3430d13455efb336","69e64da50ae771d97090e177","<p style=""font-size: 60px; font-family: FragmentMono"">TQZUOFG</p>","","","training","","","","","","","",""
"null","null","html-keyboard-response","602","816133","0.0-21.0-0.28","697cab1603c68e76a4d71eb0","69d7901e3430d13455efb336","69e64da50ae771d97090e177","<p style=""font-size: 60px; font-family: FragmentMono"">DJZJOQW</p>","","","training","","","","","","","",""
"null","null","html-keyboard-response","603","818123","0.0-21.0-0.29","697cab1603c68e76a4d71eb0","69d7901e3430d13455efb336","69e64da50ae771d97090e177","<p style=""font-size: 60px; font-family: FragmentMono"">TGNLUPHS</p>","","","training","","","","","","","",""
"null","null","html-keyboard-response","604","819131","0.0-21.0-0.30","697cab1603c68e76a4d71eb0","69d7901e3430d13455efb336","69e64da50ae771d97090e177","<p style=""font-size: 60px; font-family: FragmentMono"">NVLXNOFG</p>","","","training","","","","","","","",""
"null","null","html-keyboard-response","605","821127","0.0-21.0-0.31","697cab1603c68e76a4d71eb0","69d7901e3430d13455efb336","69e64da50ae771d97090e177","<p style=""font-size: 60px; font-family: FragmentMono"">RZDEVHGM</p>","","","training","","","","","","","",""
"null","null","html-keyboard-response","606","822142","0.0-21.0-0.32","697cab1603c68e76a4d71eb0","69d7901e3430d13455efb336","69e64da50ae771d97090e177","<p style=""font-size: 60px; font-family: FragmentMono"">IMJRFSXD</p>","","","training","","","","","","","",""
"null","null","html-keyboard-response","607","824130","0.0-21.0-0.33","697cab1603c68e76a4d71eb0","69d7901e3430d13455efb336","69e64da50ae771d97090e177","<p style=""font-size: 60px; font-family: FragmentMono"">DOFTBVHGM</p>","","","training","","","","","","","",""
"null","null","html-keyboard-response","608","826125","0.0-21.0-0.34","697cab1603c68e76a4d71eb0","69d7901e3430d13455efb336","69e64da50ae771d97090e177","<p style=""font-size: 60px; font-family: FragmentMono"">TGNLFWLC</p>","","","training","","","","","","","",""
"null","null","html-keyboard-response","609","827132","0.0-21.0-0.35","697cab1603c68e76a4d71eb0","69d7901e3430d13455efb336","69e64da50ae771d97090e177","<p style=""font-size: 60px; font-family: FragmentMono"">IMJRFOFG</p>","","","training","","","","","","","",""
"null","null","html-keyboard-response","610","828133","0.0-21.0-0.36","697cab1603c68e76a4d71eb0","69d7901e3430d13455efb336","69e64da50ae771d97090e177","<p style=""font-size: 60px; font-family: FragmentMono"">NZGVDFM</p>","","","training","","","","","","","",""
"null","null","html-keyboard-response","611","829134","0.0-21.0-0.37","697cab1603c68e76a4d71eb0","69d7901e3430d13455efb336","69e64da50ae771d97090e177","<p style=""font-size: 60px; font-family: FragmentMono"">HVFDACAMU</p>","","","training","","","","","","","",""
"null","null","html-keyboard-response","612","831130","0.0-21.0-0.38","697cab1603c68e76a4d71eb0","69d7901e3430d13455efb336","69e64da50ae771d97090e177","<p style=""font-size: 60px; font-family: FragmentMono"">CYMJLUPHS</p>","","","training","","","","","","","",""
"null","null","html-keyboard-response","613","833130","0.0-21.0-0.39","697cab1603c68e76a4d71eb0","69d7901e3430d13455efb336","69e64da50ae771d97090e177","<p style=""font-size: 60px; font-family: FragmentMono"">BWRLYDFM</p>","","","training","","","","","","","",""
"null","null","html-keyboard-response","614","834134","0.0-21.0-0.40","697cab1603c68e76a4d71eb0","69d7901e3430d13455efb336","69e64da50ae771d97090e177","<p style=""font-size: 60px; font-family: FragmentMono"">RZDESQBU</p>","","","training","","","","","","","",""
"null","null","html-keyboard-response","615","836132","0.0-21.0-0.41","697cab1603c68e76a4d71eb0","69d7901e3430d13455efb336","69e64da50ae771d97090e177","<p style=""font-size: 60px; font-family: FragmentMono"">CTSBIUPHS</p>","","","training","","","","","","","",""
"null","null","html-keyboard-response","616","838125","0.0-21.0-0.42","697cab1603c68e76a4d71eb0","69d7901e3430d13455efb336","69e64da50ae771d97090e177","<p style=""font-size: 60px; font-family: FragmentMono"">CYMJLFWLC</p>","","","training","","","","","","","",""
"null","null","html-keyboard-response","617","839128","0.0-21.0-0.43","697cab1603c68e76a4d71eb0","69d7901e3430d13455efb336","69e64da50ae771d97090e177","<p style=""font-size: 60px; font-family: FragmentMono"">SHSPUPHS</p>","","","training","","","","","","","",""
"null","null","html-keyboard-response","618","840132","0.0-21.0-0.44","697cab1603c68e76a4d71eb0","69d7901e3430d13455efb336","69e64da50ae771d97090e177","<p style=""font-size: 60px; font-family: FragmentMono"">DJZJOJU</p>","","","training","","","","","","","",""
"null","null","html-keyboard-response","619","841147","0.0-21.0-0.45","697cab1603c68e76a4d71eb0","69d7901e3430d13455efb336","69e64da50ae771d97090e177","<p style=""font-size: 60px; font-family: FragmentMono"">NVLXNDFM</p>","","","training","","","","","","","",""
"null","null","html-keyboard-response","620","843122","0.0-21.0-0.46","697cab1603c68e76a4d71eb0","69d7901e3430d13455efb336","69e64da50ae771d97090e177","<p style=""font-size: 60px; font-family: FragmentMono"">BWRLYSXD</p>","","","training","","","","","","","",""
"null","null","html-keyboard-response","621","844125","0.0-21.0-0.47","697cab1603c68e76a4d71eb0","69d7901e3430d13455efb336","69e64da50ae771d97090e177","<p style=""font-size: 60px; font-family: FragmentMono"">ULUJDFM</p>","","","training","","","","","","","",""
"null","null","html-keyboard-response","622","845131","0.0-21.0-0.48","697cab1603c68e76a4d71eb0","69d7901e3430d13455efb336","69e64da50ae771d97090e177","<p style=""font-size: 60px; font-family: FragmentMono"">TGNLSQBU</p>","","","training","","","","","","","",""
"null","null","html-keyboard-response","623","847126","0.0-21.0-0.49","697cab1603c68e76a4d71eb0","69d7901e3430d13455efb336","69e64da50ae771d97090e177","<p style=""font-size: 60px; font-family: FragmentMono"">GHRJQOJU</p>","","","training","","","","","","","",""
"null","null","html-keyboard-response","624","848132","0.0-21.0-0.50","697cab1603c68e76a4d71eb0","69d7901e3430d13455efb336","69e64da50ae771d97090e177","<p style=""font-size: 60px; font-family: FragmentMono"">MEOFIOQW</p>","","","training","","","","","","","",""
"null","null","html-keyboard-response","625","849147","0.0-21.0-0.51","697cab1603c68e76a4d71eb0","69d7901e3430d13455efb336","69e64da50ae771d97090e177","<p style=""font-size: 60px; font-family: FragmentMono"">LRYWVHGM</p>","","","training","","","","","","","",""
"null","null","html-keyboard-response","626","850155","0.0-21.0-0.52","697cab1603c68e76a4d71eb0","69d7901e3430d13455efb336","69e64da50ae771d97090e177","<p style=""font-size: 60px; font-family: FragmentMono"">GHRJQOFG</p>","","","training","","","","","","","",""
"null","null","html-keyboard-response","627","852135","0.0-21.0-0.53","697cab1603c68e76a4d71eb0","69d7901e3430d13455efb336","69e64da50ae771d97090e177","<p style=""font-size: 60px; font-family: FragmentMono"">HVFDAVHGM</p>","","","training","","","","","","","",""
"null","null","html-keyboard-response","628","854120","0.0-21.0-0.54","697cab1603c68e76a4d71eb0","69d7901e3430d13455efb336","69e64da50ae771d97090e177","<p style=""font-size: 60px; font-family: FragmentMono"">DJZJSXD</p>","","","training","","","","","","","",""
"null","null","html-keyboard-response","629","855123","0.0-21.0-0.55","697cab1603c68e76a4d71eb0","69d7901e3430d13455efb336","69e64da50ae771d97090e177","<p style=""font-size: 60px; font-family: FragmentMono"">OGPGLFWLC</p>","","","training","","","","","","","",""
"null","null","html-keyboard-response","630","856139","0.0-21.0-0.56","697cab1603c68e76a4d71eb0","69d7901e3430d13455efb336","69e64da50ae771d97090e177","<p style=""font-size: 60px; font-family: FragmentMono"">DOFTBSQBU</p>","","","training","","","","","","","",""
"null","null","html-keyboard-response","631","858126","0.0-21.0-0.57","697cab1603c68e76a4d71eb0","69d7901e3430d13455efb336","69e64da50ae771d97090e177","<p style=""font-size: 60px; font-family: FragmentMono"">CTSBICAMU</p>","","","training","","","","","","","",""
"null","null","html-keyboard-response","632","859128","0.0-21.0-0.58","697cab1603c68e76a4d71eb0","69d7901e3430d13455efb336","69e64da50ae771d97090e177","<p style=""font-size: 60px; font-family: FragmentMono"">NVLXNOJU</p>","","","training","","","","","","","",""
"null","null","html-keyboard-response","633","860443","0.0-21.0-0.59","697cab1603c68e76a4d71eb0","69d7901e3430d13455efb336","69e64da50ae771d97090e177","<p style=""font-size: 60px; font-family: FragmentMono"">WRGAMSQBU</p>","","","training","","","","","","","",""
"null","null","html-keyboard-response","634","862131","0.0-21.0-0.60","697cab1603c68e76a4d71eb0","69d7901e3430d13455efb336","69e64da50ae771d97090e177","<p style=""font-size: 60px; font-family: FragmentMono"">OGPGLVHGM</p>","","","training","","","","","","","",""
"null","null","html-keyboard-response","635","864126","0.0-21.0-0.61","697cab1603c68e76a4d71eb0","69d7901e3430d13455efb336","69e64da50ae771d97090e177","<p style=""font-size: 60px; font-family: FragmentMono"">HVFDAUPHS</p>","","","training","","","","","","","",""
"null","null","html-keyboard-response","636","865127","0.0-21.0-0.62","697cab1603c68e76a4d71eb0","69d7901e3430d13455efb336","69e64da50ae771d97090e177","<p style=""font-size: 60px; font-family: FragmentMono"">RZDEFWLC</p>","","","training","","","","","","","",""
"null","null","html-keyboard-response","637","866141","0.0-21.0-0.63","697cab1603c68e76a4d71eb0","69d7901e3430d13455efb336","69e64da50ae771d97090e177","<p style=""font-size: 60px; font-family: FragmentMono"">WRGAMCAMU</p>","","","training","","","","","","","",""
"null","null","html-keyboard-response","638","868129","0.0-21.0-0.64","697cab1603c68e76a4d71eb0","69d7901e3430d13455efb336","69e64da50ae771d97090e177","<p style=""font-size: 60px; font-family: FragmentMono"">GHRJQOQW</p>","","","training","","","","","","","",""
"null","null","html-keyboard-response","639","869133","0.0-21.0-0.65","697cab1603c68e76a4d71eb0","69d7901e3430d13455efb336","69e64da50ae771d97090e177","<p style=""font-size: 60px; font-family: FragmentMono"">RZDEUPHS</p>","","","training","","","","","","","",""
"null","null","html-keyboard-response","640","871126","0.0-21.0-0.66","697cab1603c68e76a4d71eb0","69d7901e3430d13455efb336","69e64da50ae771d97090e177","<p style=""font-size: 60px; font-family: FragmentMono"">NZGVOQW</p>","","","training","","","","","","","",""
"null","null","html-keyboard-response","641","872134","0.0-21.0-0.67","697cab1603c68e76a4d71eb0","69d7901e3430d13455efb336","69e64da50ae771d97090e177","<p style=""font-size: 60px; font-family: FragmentMono"">MEOFIOJU</p>","","","training","","","","","","","",""
"null","null","html-keyboard-response","642","874123","0.0-21.0-0.68","697cab1603c68e76a4d71eb0","69d7901e3430d13455efb336","69e64da50ae771d97090e177","<p style=""font-size: 60px; font-family: FragmentMono"">SHSPVHGM</p>","","","training","","","","","","","",""
"null","null","html-keyboard-response","643","875127","0.0-21.0-0.69","697cab1603c68e76a4d71eb0","69d7901e3430d13455efb336","69e64da50ae771d97090e177","<p style=""font-size: 60px; font-family: FragmentMono"">IMJRFOQW</p>","","","training","","","","","","","",""
"null","null","html-keyboard-response","644","876129","0.0-21.0-0.70","697cab1603c68e76a4d71eb0","69d7901e3430d13455efb336","69e64da50ae771d97090e177","<p style=""font-size: 60px; font-family: FragmentMono"">ULUJOJU</p>","","","training","","","","","","","",""
"null","null","html-keyboard-response","645","877131","0.0-21.0-0.71","697cab1603c68e76a4d71eb0","69d7901e3430d13455efb336","69e64da50ae771d97090e177","<p style=""font-size: 60px; font-family: FragmentMono"">LRYWCAMU</p>","","","training","","","","","","","",""
"null","null","html-keyboard-response","646","878133","0.0-21.0-0.72","697cab1603c68e76a4d71eb0","69d7901e3430d13455efb336","69e64da50ae771d97090e177","<p style=""font-size: 60px; font-family: FragmentMono"">TREHOQW</p>","","","training","","","","","","","",""
"null","null","html-keyboard-response","647","879149","0.0-21.0-0.73","697cab1603c68e76a4d71eb0","69d7901e3430d13455efb336","69e64da50ae771d97090e177","<p style=""font-size: 60px; font-family: FragmentMono"">DJZJDFM</p>","","","training","","","","","","","",""
"null","null","html-keyboard-response","648","880619","0.0-21.0-0.74","697cab1603c68e76a4d71eb0","69d7901e3430d13455efb336","69e64da50ae771d97090e177","<p style=""font-size: 60px; font-family: FragmentMono"">SHSPSQBU</p>","","","training","","","","","","","",""
"null","null","html-keyboard-response","649","881629","0.0-21.0-0.75","697cab1603c68e76a4d71eb0","69d7901e3430d13455efb336","69e64da50ae771d97090e177","<p style=""font-size: 60px; font-family: FragmentMono"">NZGVSXD</p>","","","training","","","","","","","",""
"null","null","html-keyboard-response","650","883129","0.0-21.0-0.76","697cab1603c68e76a4d71eb0","69d7901e3430d13455efb336","69e64da50ae771d97090e177","<p style=""font-size: 60px; font-family: FragmentMono"">TREHOJU</p>","","","training","","","","","","","",""
"null","null","html-keyboard-response","651","884131","0.0-21.0-0.77","697cab1603c68e76a4d71eb0","69d7901e3430d13455efb336","69e64da50ae771d97090e177","<p style=""font-size: 60px; font-family: FragmentMono"">SHSPCAMU</p>","","","training","","","","","","","",""
"null","null","html-keyboard-response","652","885134","0.0-21.0-0.78","697cab1603c68e76a4d71eb0","69d7901e3430d13455efb336","69e64da50ae771d97090e177","<p style=""font-size: 60px; font-family: FragmentMono"">TGNLVHGM</p>","","","training","","","","","","","",""
"null","null","html-keyboard-response","653","887132","0.0-21.0-0.79","697cab1603c68e76a4d71eb0","69d7901e3430d13455efb336","69e64da50ae771d97090e177","<p style=""font-size: 60px; font-family: FragmentMono"">LRYWSQBU</p>","","","training","","","","","","","",""
"6865"," ","html-keyboard-response","654","893997","0.0-22.0","697cab1603c68e76a4d71eb0","69d7901e3430d13455efb336","69e64da50ae771d97090e177","<p style=""font-size: 30px"">Great! You've seen all the words that we received from space.</p>
      <p style=""font-size: 30px"">Press the spacebar when you're ready to continue.</p>","","","","","","","","","","",""
"21650"," ","html-keyboard-response","655","915648","0.0-23.0","697cab1603c68e76a4d71eb0","69d7901e3430d13455efb336","69e64da50ae771d97090e177","<p style=""font-size: 30px"">In this second part, you'll be given some words from a new communication from the same group of aliens, and others that belong to a communication from a different group of aliens. However, the two communications arrived at the same time, so the words are mixed up. Your task is to identify the words that belong to the same group of aliens as the communication you saw in the first part of the experiment.</p>
      <p style=""font-size: 30px"">This is a very tricky task, since both alien groups use the same characters. Your meeting with the world leaders starts very soon, so you won't have much time to decide; you need to work quickly. Try to do your best using your intuition; you don't have much time to spend thinking about each word.</p>
      <p style=""font-size: 30px"">Press <strong>k</strong> when you think that the word you're being shown is from the same group of aliens as before, and <strong>d</strong> when you think it's from a communication from the other alien group.</p><p>Press the spacebar when you're ready to begin.</p>","","","","","","","","","","",""
"3501","k","html-keyboard-response","656","919149","0.0-24.0-0.0","697cab1603c68e76a4d71eb0","69d7901e3430d13455efb336","69e64da50ae771d97090e177","<p style=""font-size: 30px;"">Does this word come from the alien group you studied previously?</p><br><p style=""font-size: 60px; font-family: FragmentMono"">CTSBISQBU<p style=""font-size: 15px"">Press <strong>k</strong> for yes, <strong>d</strong> for no.</p>","","","testing","CTSBISQBU","k","[""morphemeXmorpheme""]","true","","","",""
"1710"," ","html-keyboard-response","657","920859","0.0-24.0-1.0-0.0","697cab1603c68e76a4d71eb0","69d7901e3430d13455efb336","69e64da50ae771d97090e177","<p style=""font-size: 30px; color: red"">Careful! You were too slow for this word.</p>
      <p style=""font-size: 30px; color: red"">Try to be faster.</p><p></p><p>Press the spacebar to continue.</p>","","","","","","","","","","",""
"494","k","html-keyboard-response","658","921354","0.0-24.0-0.1","697cab1603c68e76a4d71eb0","69d7901e3430d13455efb336","69e64da50ae771d97090e177","<p style=""font-size: 30px;"">Does this word come from the alien group you studied previously?</p><br><p style=""font-size: 60px; font-family: FragmentMono"">NVLXNFWLC<p style=""font-size: 15px"">Press <strong>k</strong> for yes, <strong>d</strong> for no.</p>","","","testing","NVLXNFWLC","d","[""morphemeXmorpheme""]","false","","","",""
"542","d","html-keyboard-response","659","921897","0.0-24.0-0.2","697cab1603c68e76a4d71eb0","69d7901e3430d13455efb336","69e64da50ae771d97090e177","<p style=""font-size: 30px;"">Does this word come from the alien group you studied previously?</p><br><p style=""font-size: 60px; font-family: FragmentMono"">GHRJQVHGM<p style=""font-size: 15px"">Press <strong>k</strong> for yes, <strong>d</strong> for no.</p>","","","testing","GHRJQVHGM","d","[""morphemeXmorpheme""]","true","","","",""
"525","k","html-keyboard-response","660","922422","0.0-24.0-0.3","697cab1603c68e76a4d71eb0","69d7901e3430d13455efb336","69e64da50ae771d97090e177","<p style=""font-size: 30px"">&emsp;</p><br><p style=""font-size: 60px; font-family: FragmentMono"">IDKYXTGB<p style=""font-size: 15px"">Press <strong>k</strong> for yes, <strong>d</strong> for no.</p>","","","testing","IDKYXTGB","d","[""morcodeXmorcode""]","false","","","",""
"475","k","html-keyboard-response","661","922897","0.0-24.0-0.4","697cab1603c68e76a4d71eb0","69d7901e3430d13455efb336","69e64da50ae771d97090e177","<p style=""font-size: 30px"">&emsp;</p><br><p style=""font-size: 60px; font-family: FragmentMono"">UVBHZBNO<p style=""font-size: 15px"">Press <strong>k</strong> for yes, <strong>d</strong> for no.</p>","","","testing","UVBHZBNO","d","[""morcodeXmorcode""]","false","","","",""
"468","k","html-keyboard-response","662","923366","0.0-24.0-0.5","697cab1603c68e76a4d71eb0","69d7901e3430d13455efb336","69e64da50ae771d97090e177","<p style=""font-size: 30px"">&emsp;</p><br><p style=""font-size: 60px; font-family: FragmentMono"">NVSZPOJU<p style=""font-size: 15px"">Press <strong>k</strong> for yes, <strong>d</strong> for no.</p>","","","testing","NVSZPOJU","k","[""morcodeXmorpheme""]","true","","","",""
"268","d","html-keyboard-response","663","923633","0.0-24.0-0.6","697cab1603c68e76a4d71eb0","69d7901e3430d13455efb336","69e64da50ae771d97090e177","<p style=""font-size: 30px"">&emsp;</p><br><p style=""font-size: 60px; font-family: FragmentMono"">HVFDAOFG<p style=""font-size: 15px"">Press <strong>k</strong> for yes, <strong>d</strong> for no.</p>","","","testing","HVFDAOFG","d","[""morphemeXmorpheme""]","true","","","",""
"174","k","html-keyboard-response","664","923807","0.0-24.0-0.7","697cab1603c68e76a4d71eb0","69d7901e3430d13455efb336","69e64da50ae771d97090e177","<p style=""font-size: 30px"">&emsp;</p><br><p style=""font-size: 60px; font-family: FragmentMono"">OEDRAHRDY<p style=""font-size: 15px"">Press <strong>k</strong> for yes, <strong>d</strong> for no.</p>","","","testing","OEDRAHRDY","d","[""morcodeXmorcode""]","false","","","",""
"261","k","html-keyboard-response","665","924069","0.0-24.0-0.8","697cab1603c68e76a4d71eb0","69d7901e3430d13455efb336","69e64da50ae771d97090e177","<p style=""font-size: 30px"">&emsp;</p><br><p style=""font-size: 60px; font-family: FragmentMono"">FIDMGQTDV<p style=""font-size: 15px"">Press <strong>k</strong> for yes, <strong>d</strong> for no.</p>","","","testing","FIDMGQTDV","d","[""morcodeXmorcode""]","false","","","",""
"323","k","html-keyboard-response","666","924393","0.0-24.0-0.9","697cab1603c68e76a4d71eb0","69d7901e3430d13455efb336","69e64da50ae771d97090e177","<p style=""font-size: 30px"">&emsp;</p><br><p style=""font-size: 60px; font-family: FragmentMono"">DRNXRUXJC<p style=""font-size: 15px"">Press <strong>k</strong> for yes, <strong>d</strong> for no.</p>","","","testing","DRNXRUXJC","d","[""morcodeXmorcode""]","false","","","",""
"117","d","html-keyboard-response","667","924510","0.0-24.0-0.10","697cab1603c68e76a4d71eb0","69d7901e3430d13455efb336","69e64da50ae771d97090e177","<p style=""font-size: 30px"">&emsp;</p><br><p style=""font-size: 60px; font-family: FragmentMono"">BHPZVWNM<p style=""font-size: 15px"">Press <strong>k</strong> for yes, <strong>d</strong> for no.</p>","","","testing","BHPZVWNM","d","[""morcodeXmorcode""]","true","","","",""
"420","k","html-keyboard-response","668","924930","0.0-24.0-0.11","697cab1603c68e76a4d71eb0","69d7901e3430d13455efb336","69e64da50ae771d97090e177","<p style=""font-size: 30px"">&emsp;</p><br><p style=""font-size: 60px; font-family: FragmentMono"">TQZUNLP<p style=""font-size: 15px"">Press <strong>k</strong> for yes, <strong>d</strong> for no.</p>","","","testing","TQZUNLP","k","[""morphemeXmorcode""]","true","","","",""
"407","d","html-keyboard-response","669","925337","0.0-24.0-0.12","697cab1603c68e76a4d71eb0","69d7901e3430d13455efb336","69e64da50ae771d97090e177","<p style=""font-size: 30px"">&emsp;</p><br><p style=""font-size: 60px; font-family: FragmentMono"">JOEXHPWY<p style=""font-size: 15px"">Press <strong>k</strong> for yes, <strong>d</strong> for no.</p>","","","testing","JOEXHPWY","d","[""morcodeXmorcode""]","true","","","",""
"377","k","html-keyboard-response","670","925714","0.0-24.0-0.13","697cab1603c68e76a4d71eb0","69d7901e3430d13455efb336","69e64da50ae771d97090e177","<p style=""font-size: 30px"">&emsp;</p><br><p style=""font-size: 60px; font-family: FragmentMono"">LSZGALTW<p style=""font-size: 15px"">Press <strong>k</strong> for yes, <strong>d</strong> for no.</p>","","","testing","LSZGALTW","d","[""morcodeXmorcode""]","false","","","",""
"602","d","html-keyboard-response","671","926317","0.0-24.0-0.14","697cab1603c68e76a4d71eb0","69d7901e3430d13455efb336","69e64da50ae771d97090e177","<p style=""font-size: 30px"">&emsp;</p><br><p style=""font-size: 60px; font-family: FragmentMono"">QZBPVBMT<p style=""font-size: 15px"">Press <strong>k</strong> for yes, <strong>d</strong> for no.</p>","","","testing","QZBPVBMT","d","[""morcodeXmorcode""]","true","","","",""
"582","k","html-keyboard-response","672","926899","0.0-24.0-0.15","697cab1603c68e76a4d71eb0","69d7901e3430d13455efb336","69e64da50ae771d97090e177","<p style=""font-size: 30px"">&emsp;</p><br><p style=""font-size: 60px; font-family: FragmentMono"">DOFTBSXD<p style=""font-size: 15px"">Press <strong>k</strong> for yes, <strong>d</strong> for no.</p>","","","testing","DOFTBSXD","d","[""morphemeXmorpheme""]","false","","","",""
"933","k","html-keyboard-response","673","927833","0.0-24.0-0.16","697cab1603c68e76a4d71eb0","69d7901e3430d13455efb336","69e64da50ae771d97090e177","<p style=""font-size: 30px"">&emsp;</p><br><p style=""font-size: 60px; font-family: FragmentMono"">PKCBHUYL<p style=""font-size: 15px"">Press <strong>k</strong> for yes, <strong>d</strong> for no.</p>","","","testing","PKCBHUYL","d","[""morcodeXmorcode""]","false","","","",""
"518","k","html-keyboard-response","674","928351","0.0-24.0-0.17","697cab1603c68e76a4d71eb0","69d7901e3430d13455efb336","69e64da50ae771d97090e177","<p style=""font-size: 30px"">&emsp;</p><br><p style=""font-size: 60px; font-family: FragmentMono"">WDZBSGQKI<p style=""font-size: 15px"">Press <strong>k</strong> for yes, <strong>d</strong> for no.</p>","","","testing","WDZBSGQKI","d","[""morcodeXmorcode""]","false","","","",""
"616","k","html-keyboard-response","675","928968","0.0-24.0-0.18","697cab1603c68e76a4d71eb0","69d7901e3430d13455efb336","69e64da50ae771d97090e177","<p style=""font-size: 30px"">&emsp;</p><br><p style=""font-size: 60px; font-family: FragmentMono"">FDMJCFWLC<p style=""font-size: 15px"">Press <strong>k</strong> for yes, <strong>d</strong> for no.</p>","","","testing","FDMJCFWLC","k","[""morcodeXmorpheme""]","true","","","",""
"570","k","html-keyboard-response","676","929538","0.0-24.0-0.19","697cab1603c68e76a4d71eb0","69d7901e3430d13455efb336","69e64da50ae771d97090e177","<p style=""font-size: 30px"">&emsp;</p><br><p style=""font-size: 60px; font-family: FragmentMono"">FIDMGUWNP<p style=""font-size: 15px"">Press <strong>k</strong> for yes, <strong>d</strong> for no.</p>","","","testing","FIDMGUWNP","d","[""morcodeXmorcode""]","false","","","",""
"668","k","html-keyboard-response","677","930206","0.0-24.0-0.20","697cab1603c68e76a4d71eb0","69d7901e3430d13455efb336","69e64da50ae771d97090e177","<p style=""font-size: 30px"">&emsp;</p><br><p style=""font-size: 60px; font-family: FragmentMono"">HECNWEDK<p style=""font-size: 15px"">Press <strong>k</strong> for yes, <strong>d</strong> for no.</p>","","","testing","HECNWEDK","d","[""morcodeXmorcode""]","false","","","",""
"600","k","html-keyboard-response","678","930807","0.0-24.0-0.21","697cab1603c68e76a4d71eb0","69d7901e3430d13455efb336","69e64da50ae771d97090e177","<p style=""font-size: 30px"">&emsp;</p><br><p style=""font-size: 60px; font-family: FragmentMono"">IMJRFOJU<p style=""font-size: 15px"">Press <strong>k</strong> for yes, <strong>d</strong> for no.</p>","","","testing","IMJRFOJU","k","[""morphemeXmorpheme""]","true","","","",""
"753","d","html-keyboard-response","679","931560","0.0-24.0-0.22","697cab1603c68e76a4d71eb0","69d7901e3430d13455efb336","69e64da50ae771d97090e177","<p style=""font-size: 30px"">&emsp;</p><br><p style=""font-size: 60px; font-family: FragmentMono"">QVKNZKY<p style=""font-size: 15px"">Press <strong>k</strong> for yes, <strong>d</strong> for no.</p>","","","testing","QVKNZKY","d","[""morcodeXmorcode""]","true","","","",""
"604","k","html-keyboard-response","680","932164","0.0-24.0-0.23","697cab1603c68e76a4d71eb0","69d7901e3430d13455efb336","69e64da50ae771d97090e177","<p style=""font-size: 30px"">&emsp;</p><br><p style=""font-size: 60px; font-family: FragmentMono"">JNIWKFWLC<p style=""font-size: 15px"">Press <strong>k</strong> for yes, <strong>d</strong> for no.</p>","","","testing","JNIWKFWLC","k","[""morcodeXmorpheme""]","true","","","",""
"643","d","html-keyboard-response","681","932807","0.0-24.0-0.24","697cab1603c68e76a4d71eb0","69d7901e3430d13455efb336","69e64da50ae771d97090e177","<p style=""font-size: 30px"">&emsp;</p><br><p style=""font-size: 60px; font-family: FragmentMono"">HSTDKTXBX<p style=""font-size: 15px"">Press <strong>k</strong> for yes, <strong>d</strong> for no.</p>","","","testing","HSTDKTXBX","d","[""morcodeXmorcode""]","true","","","",""
"537","k","html-keyboard-response","682","933344","0.0-24.0-0.25","697cab1603c68e76a4d71eb0","69d7901e3430d13455efb336","69e64da50ae771d97090e177","<p style=""font-size: 30px"">&emsp;</p><br><p style=""font-size: 60px; font-family: FragmentMono"">GNFQWSXD<p style=""font-size: 15px"">Press <strong>k</strong> for yes, <strong>d</strong> for no.</p>","","","testing","GNFQWSXD","k","[""morcodeXmorpheme""]","true","","","",""
"839","k","html-keyboard-response","683","934184","0.0-24.0-0.26","697cab1603c68e76a4d71eb0","69d7901e3430d13455efb336","69e64da50ae771d97090e177","<p style=""font-size: 30px"">&emsp;</p><br><p style=""font-size: 60px; font-family: FragmentMono"">VCEGSQBU<p style=""font-size: 15px"">Press <strong>k</strong> for yes, <strong>d</strong> for no.</p>","","","testing","VCEGSQBU","k","[""morcodeXmorpheme""]","true","","","",""
"612","k","html-keyboard-response","684","934796","0.0-24.0-0.27","697cab1603c68e76a4d71eb0","69d7901e3430d13455efb336","69e64da50ae771d97090e177","<p style=""font-size: 30px"">&emsp;</p><br><p style=""font-size: 60px; font-family: FragmentMono"">RZDESONL<p style=""font-size: 15px"">Press <strong>k</strong> for yes, <strong>d</strong> for no.</p>","","","testing","RZDESONL","k","[""morphemeXmorcode""]","true","","","",""
"853","k","html-keyboard-response","685","935649","0.0-24.0-0.28","697cab1603c68e76a4d71eb0","69d7901e3430d13455efb336","69e64da50ae771d97090e177","<p style=""font-size: 30px"">&emsp;</p><br><p style=""font-size: 60px; font-family: FragmentMono"">TREHFQD<p style=""font-size: 15px"">Press <strong>k</strong> for yes, <strong>d</strong> for no.</p>","","","testing","TREHFQD","k","[""morphemeXmorcode""]","true","","","",""
"677","d","html-keyboard-response","686","936326","0.0-24.0-0.29","697cab1603c68e76a4d71eb0","69d7901e3430d13455efb336","69e64da50ae771d97090e177","<p style=""font-size: 30px"">&emsp;</p><br><p style=""font-size: 60px; font-family: FragmentMono"">UKUBOUPHS<p style=""font-size: 15px"">Press <strong>k</strong> for yes, <strong>d</strong> for no.</p>","","","testing","UKUBOUPHS","k","[""morcodeXmorpheme""]","false","","","",""
"545","k","html-keyboard-response","687","936872","0.0-24.0-0.30","697cab1603c68e76a4d71eb0","69d7901e3430d13455efb336","69e64da50ae771d97090e177","<p style=""font-size: 30px"">&emsp;</p><br><p style=""font-size: 60px; font-family: FragmentMono"">NVLXNSXD<p style=""font-size: 15px"">Press <strong>k</strong> for yes, <strong>d</strong> for no.</p>","","","testing","NVLXNSXD","k","[""morphemeXmorpheme""]","true","","","",""
"827","k","html-keyboard-response","688","937699","0.0-24.0-0.31","697cab1603c68e76a4d71eb0","69d7901e3430d13455efb336","69e64da50ae771d97090e177","<p style=""font-size: 30px"">&emsp;</p><br><p style=""font-size: 60px; font-family: FragmentMono"">ILGFVHGM<p style=""font-size: 15px"">Press <strong>k</strong> for yes, <strong>d</strong> for no.</p>","","","testing","ILGFVHGM","k","[""morcodeXmorpheme""]","true","","","",""
"743","k","html-keyboard-response","689","938442","0.0-24.0-0.32","697cab1603c68e76a4d71eb0","69d7901e3430d13455efb336","69e64da50ae771d97090e177","<p style=""font-size: 30px"">&emsp;</p><br><p style=""font-size: 60px; font-family: FragmentMono"">SBRCSQBU<p style=""font-size: 15px"">Press <strong>k</strong> for yes, <strong>d</strong> for no.</p>","","","testing","SBRCSQBU","k","[""morcodeXmorpheme""]","true","","","",""
"731","d","html-keyboard-response","690","939174","0.0-24.0-0.33","697cab1603c68e76a4d71eb0","69d7901e3430d13455efb336","69e64da50ae771d97090e177","<p style=""font-size: 30px"">&emsp;</p><br><p style=""font-size: 60px; font-family: FragmentMono"">GHRJQDFM<p style=""font-size: 15px"">Press <strong>k</strong> for yes, <strong>d</strong> for no.</p>","","","testing","GHRJQDFM","k","[""morphemeXmorpheme""]","false","","","",""
"647","k","html-keyboard-response","691","939821","0.0-24.0-0.34","697cab1603c68e76a4d71eb0","69d7901e3430d13455efb336","69e64da50ae771d97090e177","<p style=""font-size: 30px"">&emsp;</p><br><p style=""font-size: 60px; font-family: FragmentMono"">ULUJOQW<p style=""font-size: 15px"">Press <strong>k</strong> for yes, <strong>d</strong> for no.</p>","","","testing","ULUJOQW","k","[""morphemeXmorpheme""]","true","","","",""
"570","d","html-keyboard-response","692","940392","0.0-24.0-0.35","697cab1603c68e76a4d71eb0","69d7901e3430d13455efb336","69e64da50ae771d97090e177","<p style=""font-size: 30px"">&emsp;</p><br><p style=""font-size: 60px; font-family: FragmentMono"">NVLXNBGI<p style=""font-size: 15px"">Press <strong>k</strong> for yes, <strong>d</strong> for no.</p>","","","testing","NVLXNBGI","k","[""morphemeXmorcode""]","false","","","",""
"400","k","html-keyboard-response","693","940793","0.0-24.0-0.36","697cab1603c68e76a4d71eb0","69d7901e3430d13455efb336","69e64da50ae771d97090e177","<p style=""font-size: 30px"">&emsp;</p><br><p style=""font-size: 60px; font-family: FragmentMono"">HJZOGOFG<p style=""font-size: 15px"">Press <strong>k</strong> for yes, <strong>d</strong> for no.</p>","","","testing","HJZOGOFG","k","[""morcodeXmorpheme""]","true","","","",""
"449","k","html-keyboard-response","694","941241","0.0-24.0-0.37","697cab1603c68e76a4d71eb0","69d7901e3430d13455efb336","69e64da50ae771d97090e177","<p style=""font-size: 30px"">&emsp;</p><br><p style=""font-size: 60px; font-family: FragmentMono"">IMJRFRXV<p style=""font-size: 15px"">Press <strong>k</strong> for yes, <strong>d</strong> for no.</p>","","","testing","IMJRFRXV","k","[""morphemeXmorcode""]","true","","","",""
"352","d","html-keyboard-response","695","941594","0.0-24.0-0.38","697cab1603c68e76a4d71eb0","69d7901e3430d13455efb336","69e64da50ae771d97090e177","<p style=""font-size: 30px"">&emsp;</p><br><p style=""font-size: 60px; font-family: FragmentMono"">NZGVOFG<p style=""font-size: 15px"">Press <strong>k</strong> for yes, <strong>d</strong> for no.</p>","","","testing","NZGVOFG","k","[""morphemeXmorpheme""]","false","","","",""
"357","k","html-keyboard-response","696","941951","0.0-24.0-0.39","697cab1603c68e76a4d71eb0","69d7901e3430d13455efb336","69e64da50ae771d97090e177","<p style=""font-size: 30px"">&emsp;</p><br><p style=""font-size: 60px; font-family: FragmentMono"">RXWKCAMU<p style=""font-size: 15px"">Press <strong>k</strong> for yes, <strong>d</strong> for no.</p>","","","testing","RXWKCAMU","k","[""morcodeXmorpheme""]","true","","","",""
"991","d","html-keyboard-response","697","942943","0.0-24.0-0.40","697cab1603c68e76a4d71eb0","69d7901e3430d13455efb336","69e64da50ae771d97090e177","<p style=""font-size: 30px"">&emsp;</p><br><p style=""font-size: 60px; font-family: FragmentMono"">ULUJQRW<p style=""font-size: 15px"">Press <strong>k</strong> for yes, <strong>d</strong> for no.</p>","","","testing","ULUJQRW","k","[""morphemeXmorcode""]","false","","","",""
"500","k","html-keyboard-response","698","943444","0.0-24.0-0.41","697cab1603c68e76a4d71eb0","69d7901e3430d13455efb336","69e64da50ae771d97090e177","<p style=""font-size: 30px"">&emsp;</p><br><p style=""font-size: 60px; font-family: FragmentMono"">TQZUOJU<p style=""font-size: 15px"">Press <strong>k</strong> for yes, <strong>d</strong> for no.</p>","","","testing","TQZUOJU","k","[""morphemeXmorpheme""]","true","","","",""
"667","k","html-keyboard-response","699","944111","0.0-24.0-0.42","697cab1603c68e76a4d71eb0","69d7901e3430d13455efb336","69e64da50ae771d97090e177","<p style=""font-size: 30px"">&emsp;</p><br><p style=""font-size: 60px; font-family: FragmentMono"">CTSBIOFG<p style=""font-size: 15px"">Press <strong>k</strong> for yes, <strong>d</strong> for no.</p>","","","testing","CTSBIOFG","d","[""morphemeXmorpheme""]","false","","","",""
"842","k","html-keyboard-response","700","944954","0.0-24.0-0.43","697cab1603c68e76a4d71eb0","69d7901e3430d13455efb336","69e64da50ae771d97090e177","<p style=""font-size: 30px"">&emsp;</p><br><p style=""font-size: 60px; font-family: FragmentMono"">DJZJDGI<p style=""font-size: 15px"">Press <strong>k</strong> for yes, <strong>d</strong> for no.</p>","","","testing","DJZJDGI","k","[""morphemeXmorcode""]","true","","","",""
"732","d","html-keyboard-response","701","945686","0.0-24.0-0.44","697cab1603c68e76a4d71eb0","69d7901e3430d13455efb336","69e64da50ae771d97090e177","<p style=""font-size: 30px"">&emsp;</p><br><p style=""font-size: 60px; font-family: FragmentMono"">NJHGVTUZ<p style=""font-size: 15px"">Press <strong>k</strong> for yes, <strong>d</strong> for no.</p>","","","testing","NJHGVTUZ","d","[""morcodeXmorcode""]","true","","","",""
"618","k","html-keyboard-response","702","946304","0.0-24.0-0.45","697cab1603c68e76a4d71eb0","69d7901e3430d13455efb336","69e64da50ae771d97090e177","<p style=""font-size: 30px"">&emsp;</p><br><p style=""font-size: 60px; font-family: FragmentMono"">WRGAMVHGM<p style=""font-size: 15px"">Press <strong>k</strong> for yes, <strong>d</strong> for no.</p>","","","testing","WRGAMVHGM","k","[""morphemeXmorpheme""]","true","","","",""
"938","d","html-keyboard-response","703","947242","0.0-24.0-0.46","697cab1603c68e76a4d71eb0","69d7901e3430d13455efb336","69e64da50ae771d97090e177","<p style=""font-size: 30px"">&emsp;</p><br><p style=""font-size: 60px; font-family: FragmentMono"">XEMOKYV<p style=""font-size: 15px"">Press <strong>k</strong> for yes, <strong>d</strong> for no.</p>","","","testing","XEMOKYV","d","[""morcodeXmorcode""]","true","","","",""
"569","k","html-keyboard-response","704","947812","0.0-24.0-0.47","697cab1603c68e76a4d71eb0","69d7901e3430d13455efb336","69e64da50ae771d97090e177","<p style=""font-size: 30px"">&emsp;</p><br><p style=""font-size: 60px; font-family: FragmentMono"">LRYWOJU<p style=""font-size: 15px"">Press <strong>k</strong> for yes, <strong>d</strong> for no.</p>","","","testing","LRYWOJU","d","[""morphemeXmorpheme""]","false","","","",""
"933","k","html-keyboard-response","705","948745","0.0-24.0-0.48","697cab1603c68e76a4d71eb0","69d7901e3430d13455efb336","69e64da50ae771d97090e177","<p style=""font-size: 30px"">&emsp;</p><br><p style=""font-size: 60px; font-family: FragmentMono"">WRGAMDFM<p style=""font-size: 15px"">Press <strong>k</strong> for yes, <strong>d</strong> for no.</p>","","","testing","WRGAMDFM","d","[""morphemeXmorpheme""]","false","","","",""
"777","k","html-keyboard-response","706","949522","0.0-24.0-0.49","697cab1603c68e76a4d71eb0","69d7901e3430d13455efb336","69e64da50ae771d97090e177","<p style=""font-size: 30px"">&emsp;</p><br><p style=""font-size: 60px; font-family: FragmentMono"">DOFTBTWYN<p style=""font-size: 15px"">Press <strong>k</strong> for yes, <strong>d</strong> for no.</p>","","","testing","DOFTBTWYN","k","[""morphemeXmorcode""]","true","","","",""
"741","k","html-keyboard-response","707","950263","0.0-24.0-0.50","697cab1603c68e76a4d71eb0","69d7901e3430d13455efb336","69e64da50ae771d97090e177","<p style=""font-size: 30px"">&emsp;</p><br><p style=""font-size: 60px; font-family: FragmentMono"">WPBQFQSI<p style=""font-size: 15px"">Press <strong>k</strong> for yes, <strong>d</strong> for no.</p>","","","testing","WPBQFQSI","d","[""morcodeXmorcode""]","false","","","",""
"723","k","html-keyboard-response","708","950986","0.0-24.0-0.51","697cab1603c68e76a4d71eb0","69d7901e3430d13455efb336","69e64da50ae771d97090e177","<p style=""font-size: 30px"">&emsp;</p><br><p style=""font-size: 60px; font-family: FragmentMono"">ATWFGWDB<p style=""font-size: 15px"">Press <strong>k</strong> for yes, <strong>d</strong> for no.</p>","","","testing","ATWFGWDB","d","[""morcodeXmorcode""]","false","","","",""
"559","k","html-keyboard-response","709","951545","0.0-24.0-0.52","697cab1603c68e76a4d71eb0","69d7901e3430d13455efb336","69e64da50ae771d97090e177","<p style=""font-size: 30px"">&emsp;</p><br><p style=""font-size: 60px; font-family: FragmentMono"">MKCIYPRQ<p style=""font-size: 15px"">Press <strong>k</strong> for yes, <strong>d</strong> for no.</p>","","","testing","MKCIYPRQ","d","[""morcodeXmorcode""]","false","","","",""
"688","k","html-keyboard-response","710","952233","0.0-24.0-0.53","697cab1603c68e76a4d71eb0","69d7901e3430d13455efb336","69e64da50ae771d97090e177","<p style=""font-size: 30px"">&emsp;</p><br><p style=""font-size: 60px; font-family: FragmentMono"">DJZJSQBU<p style=""font-size: 15px"">Press <strong>k</strong> for yes, <strong>d</strong> for no.</p>","","","testing","DJZJSQBU","d","[""morphemeXmorpheme""]","false","","","",""
"476","k","html-keyboard-response","711","952709","0.0-24.0-0.54","697cab1603c68e76a4d71eb0","69d7901e3430d13455efb336","69e64da50ae771d97090e177","<p style=""font-size: 30px"">&emsp;</p><br><p style=""font-size: 60px; font-family: FragmentMono"">KSBZJCWV<p style=""font-size: 15px"">Press <strong>k</strong> for yes, <strong>d</strong> for no.</p>","","","testing","KSBZJCWV","d","[""morcodeXmorcode""]","false","","","",""
"552","k","html-keyboard-response","712","953261","0.0-24.0-0.55","697cab1603c68e76a4d71eb0","69d7901e3430d13455efb336","69e64da50ae771d97090e177","<p style=""font-size: 30px"">&emsp;</p><br><p style=""font-size: 60px; font-family: FragmentMono"">DJZJOFG<p style=""font-size: 15px"">Press <strong>k</strong> for yes, <strong>d</strong> for no.</p>","","","testing","DJZJOFG","k","[""morphemeXmorpheme""]","true","","","",""
"555","k","html-keyboard-response","713","953816","0.0-24.0-0.56","697cab1603c68e76a4d71eb0","69d7901e3430d13455efb336","69e64da50ae771d97090e177","<p style=""font-size: 30px"">&emsp;</p><br><p style=""font-size: 60px; font-family: FragmentMono"">DOFTBFWLC<p style=""font-size: 15px"">Press <strong>k</strong> for yes, <strong>d</strong> for no.</p>","","","testing","DOFTBFWLC","k","[""morphemeXmorpheme""]","true","","","",""
"877","d","html-keyboard-response","714","954694","0.0-24.0-0.57","697cab1603c68e76a4d71eb0","69d7901e3430d13455efb336","69e64da50ae771d97090e177","<p style=""font-size: 30px"">&emsp;</p><br><p style=""font-size: 60px; font-family: FragmentMono"">BWRLYECB<p style=""font-size: 15px"">Press <strong>k</strong> for yes, <strong>d</strong> for no.</p>","","","testing","BWRLYECB","k","[""morphemeXmorcode""]","false","","","",""
"529","k","html-keyboard-response","715","955223","0.0-24.0-0.58","697cab1603c68e76a4d71eb0","69d7901e3430d13455efb336","69e64da50ae771d97090e177","<p style=""font-size: 30px"">&emsp;</p><br><p style=""font-size: 60px; font-family: FragmentMono"">TREHVHGM<p style=""font-size: 15px"">Press <strong>k</strong> for yes, <strong>d</strong> for no.</p>","","","testing","TREHVHGM","d","[""morphemeXmorpheme""]","false","","","",""
"784","d","html-keyboard-response","716","956007","0.0-24.0-0.59","697cab1603c68e76a4d71eb0","69d7901e3430d13455efb336","69e64da50ae771d97090e177","<p style=""font-size: 30px"">&emsp;</p><br><p style=""font-size: 60px; font-family: FragmentMono"">YUFANRPO<p style=""font-size: 15px"">Press <strong>k</strong> for yes, <strong>d</strong> for no.</p>","","","testing","YUFANRPO","d","[""morcodeXmorcode""]","true","","","",""
"635","k","html-keyboard-response","717","956642","0.0-24.0-0.60","697cab1603c68e76a4d71eb0","69d7901e3430d13455efb336","69e64da50ae771d97090e177","<p style=""font-size: 30px"">&emsp;</p><br><p style=""font-size: 60px; font-family: FragmentMono"">NZGVSQBU<p style=""font-size: 15px"">Press <strong>k</strong> for yes, <strong>d</strong> for no.</p>","","","testing","NZGVSQBU","d","[""morphemeXmorpheme""]","false","","","",""
"786","d","html-keyboard-response","718","957429","0.0-24.0-0.61","697cab1603c68e76a4d71eb0","69d7901e3430d13455efb336","69e64da50ae771d97090e177","<p style=""font-size: 30px"">&emsp;</p><br><p style=""font-size: 60px; font-family: FragmentMono"">FCJSLOVB<p style=""font-size: 15px"">Press <strong>k</strong> for yes, <strong>d</strong> for no.</p>","","","testing","FCJSLOVB","d","[""morcodeXmorcode""]","true","","","",""
"832","d","html-keyboard-response","719","958262","0.0-24.0-0.62","697cab1603c68e76a4d71eb0","69d7901e3430d13455efb336","69e64da50ae771d97090e177","<p style=""font-size: 30px"">&emsp;</p><br><p style=""font-size: 60px; font-family: FragmentMono"">BRTJCAKUM<p style=""font-size: 15px"">Press <strong>k</strong> for yes, <strong>d</strong> for no.</p>","","","testing","BRTJCAKUM","d","[""morcodeXmorcode""]","true","","","",""
"614","k","html-keyboard-response","720","958876","0.0-24.0-0.63","697cab1603c68e76a4d71eb0","69d7901e3430d13455efb336","69e64da50ae771d97090e177","<p style=""font-size: 30px"">&emsp;</p><br><p style=""font-size: 60px; font-family: FragmentMono"">NZGVOQG<p style=""font-size: 15px"">Press <strong>k</strong> for yes, <strong>d</strong> for no.</p>","","","testing","NZGVOQG","k","[""morphemeXmorcode""]","true","","","",""
"844","d","html-keyboard-response","721","959720","0.0-24.0-0.64","697cab1603c68e76a4d71eb0","69d7901e3430d13455efb336","69e64da50ae771d97090e177","<p style=""font-size: 30px"">&emsp;</p><br><p style=""font-size: 60px; font-family: FragmentMono"">ZIKMOKSN<p style=""font-size: 15px"">Press <strong>k</strong> for yes, <strong>d</strong> for no.</p>","","","testing","ZIKMOKSN","d","[""morcodeXmorcode""]","true","","","",""
"558","k","html-keyboard-response","722","960279","0.0-24.0-0.65","697cab1603c68e76a4d71eb0","69d7901e3430d13455efb336","69e64da50ae771d97090e177","<p style=""font-size: 30px"">&emsp;</p><br><p style=""font-size: 60px; font-family: FragmentMono"">SJNXFVHGM<p style=""font-size: 15px"">Press <strong>k</strong> for yes, <strong>d</strong> for no.</p>","","","testing","SJNXFVHGM","k","[""morcodeXmorpheme""]","true","","","",""
"806","d","html-keyboard-response","723","961085","0.0-24.0-0.66","697cab1603c68e76a4d71eb0","69d7901e3430d13455efb336","69e64da50ae771d97090e177","<p style=""font-size: 30px"">&emsp;</p><br><p style=""font-size: 60px; font-family: FragmentMono"">WRGAMCVJT<p style=""font-size: 15px"">Press <strong>k</strong> for yes, <strong>d</strong> for no.</p>","","","testing","WRGAMCVJT","k","[""morphemeXmorcode""]","false","","","",""
"733","d","html-keyboard-response","724","961818","0.0-24.0-0.67","697cab1603c68e76a4d71eb0","69d7901e3430d13455efb336","69e64da50ae771d97090e177","<p style=""font-size: 30px"">&emsp;</p><br><p style=""font-size: 60px; font-family: FragmentMono"">LRYWZSPY<p style=""font-size: 15px"">Press <strong>k</strong> for yes, <strong>d</strong> for no.</p>","","","testing","LRYWZSPY","k","[""morphemeXmorcode""]","false","","","",""
"871","d","html-keyboard-response","725","962689","0.0-24.0-0.68","697cab1603c68e76a4d71eb0","69d7901e3430d13455efb336","69e64da50ae771d97090e177","<p style=""font-size: 30px"">&emsp;</p><br><p style=""font-size: 60px; font-family: FragmentMono"">MJWMMFEL<p style=""font-size: 15px"">Press <strong>k</strong> for yes, <strong>d</strong> for no.</p>","","","testing","MJWMMFEL","d","[""morcodeXmorcode""]","true","","","",""
"974","d","html-keyboard-response","726","963663","0.0-24.0-0.69","697cab1603c68e76a4d71eb0","69d7901e3430d13455efb336","69e64da50ae771d97090e177","<p style=""font-size: 30px"">&emsp;</p><br><p style=""font-size: 60px; font-family: FragmentMono"">EODBAYVN<p style=""font-size: 15px"">Press <strong>k</strong> for yes, <strong>d</strong> for no.</p>","","","testing","EODBAYVN","d","[""morcodeXmorcode""]","true","","","",""
"593","k","html-keyboard-response","727","964256","0.0-24.0-0.70","697cab1603c68e76a4d71eb0","69d7901e3430d13455efb336","69e64da50ae771d97090e177","<p style=""font-size: 30px"">&emsp;</p><br><p style=""font-size: 60px; font-family: FragmentMono"">RZDEOQW<p style=""font-size: 15px"">Press <strong>k</strong> for yes, <strong>d</strong> for no.</p>","","","testing","RZDEOQW","d","[""morphemeXmorpheme""]","false","","","",""
"740","k","html-keyboard-response","728","964996","0.0-24.0-0.71","697cab1603c68e76a4d71eb0","69d7901e3430d13455efb336","69e64da50ae771d97090e177","<p style=""font-size: 30px"">&emsp;</p><br><p style=""font-size: 60px; font-family: FragmentMono"">TGNLCAMU<p style=""font-size: 15px"">Press <strong>k</strong> for yes, <strong>d</strong> for no.</p>","","","testing","TGNLCAMU","k","[""morphemeXmorpheme""]","true","","","",""
"981","k","html-keyboard-response","729","965977","0.0-24.0-0.72","697cab1603c68e76a4d71eb0","69d7901e3430d13455efb336","69e64da50ae771d97090e177","<p style=""font-size: 30px"">&emsp;</p><br><p style=""font-size: 60px; font-family: FragmentMono"">OGPGLUPHS<p style=""font-size: 15px"">Press <strong>k</strong> for yes, <strong>d</strong> for no.</p>","","","testing","OGPGLUPHS","k","[""morphemeXmorpheme""]","true","","","",""
"569","k","html-keyboard-response","730","966547","0.0-24.0-0.73","697cab1603c68e76a4d71eb0","69d7901e3430d13455efb336","69e64da50ae771d97090e177","<p style=""font-size: 30px"">&emsp;</p><br><p style=""font-size: 60px; font-family: FragmentMono"">TGNLOQW<p style=""font-size: 15px"">Press <strong>k</strong> for yes, <strong>d</strong> for no.</p>","","","testing","TGNLOQW","d","[""morphemeXmorpheme""]","false","","","",""
"835","d","html-keyboard-response","731","967382","0.0-24.0-0.74","697cab1603c68e76a4d71eb0","69d7901e3430d13455efb336","69e64da50ae771d97090e177","<p style=""font-size: 30px"">&emsp;</p><br><p style=""font-size: 60px; font-family: FragmentMono"">CTSBIOKDV<p style=""font-size: 15px"">Press <strong>k</strong> for yes, <strong>d</strong> for no.</p>","","","testing","CTSBIOKDV","k","[""morphemeXmorcode""]","false","","","",""
"609","k","html-keyboard-response","732","967991","0.0-24.0-0.75","697cab1603c68e76a4d71eb0","69d7901e3430d13455efb336","69e64da50ae771d97090e177","<p style=""font-size: 30px"">&emsp;</p><br><p style=""font-size: 60px; font-family: FragmentMono"">HVFDAJBNI<p style=""font-size: 15px"">Press <strong>k</strong> for yes, <strong>d</strong> for no.</p>","","","testing","HVFDAJBNI","k","[""morphemeXmorcode""]","true","","","",""
"945","d","html-keyboard-response","733","968936","0.0-24.0-0.76","697cab1603c68e76a4d71eb0","69d7901e3430d13455efb336","69e64da50ae771d97090e177","<p style=""font-size: 30px"">&emsp;</p><br><p style=""font-size: 60px; font-family: FragmentMono"">SHSPSXD<p style=""font-size: 15px"">Press <strong>k</strong> for yes, <strong>d</strong> for no.</p>","","","testing","SHSPSXD","d","[""morphemeXmorpheme""]","true","","","",""
"1231","k","html-keyboard-response","734","970168","0.0-24.0-0.77","697cab1603c68e76a4d71eb0","69d7901e3430d13455efb336","69e64da50ae771d97090e177","<p style=""font-size: 30px"">&emsp;</p><br><p style=""font-size: 60px; font-family: FragmentMono"">HVFDASQBU<p style=""font-size: 15px"">Press <strong>k</strong> for yes, <strong>d</strong> for no.</p>","","","testing","HVFDASQBU","k","[""morphemeXmorpheme""]","true","","","",""
"1283","d","html-keyboard-response","735","971451","0.0-24.0-0.78","697cab1603c68e76a4d71eb0","69d7901e3430d13455efb336","69e64da50ae771d97090e177","<p style=""font-size: 30px"">&emsp;</p><br><p style=""font-size: 60px; font-family: FragmentMono"">XGWKDDFM<p style=""font-size: 15px"">Press <strong>k</strong> for yes, <strong>d</strong> for no.</p>","","","testing","XGWKDDFM","k","[""morcodeXmorpheme""]","false","","","",""
"1088","d","html-keyboard-response","736","972539","0.0-24.0-0.79","697cab1603c68e76a4d71eb0","69d7901e3430d13455efb336","69e64da50ae771d97090e177","<p style=""font-size: 30px"">&emsp;</p><br><p style=""font-size: 60px; font-family: FragmentMono"">TGNLFEKL<p style=""font-size: 15px"">Press <strong>k</strong> for yes, <strong>d</strong> for no.</p>","","","testing","TGNLFEKL","k","[""morphemeXmorcode""]","false","","","",""
"1064","d","html-keyboard-response","737","973604","0.0-24.0-0.80","697cab1603c68e76a4d71eb0","69d7901e3430d13455efb336","69e64da50ae771d97090e177","<p style=""font-size: 30px"">&emsp;</p><br><p style=""font-size: 60px; font-family: FragmentMono"">RZDECAMU<p style=""font-size: 15px"">Press <strong>k</strong> for yes, <strong>d</strong> for no.</p>","","","testing","RZDECAMU","k","[""morphemeXmorpheme""]","false","","","",""
"587","k","html-keyboard-response","738","974192","0.0-24.0-0.81","697cab1603c68e76a4d71eb0","69d7901e3430d13455efb336","69e64da50ae771d97090e177","<p style=""font-size: 30px"">&emsp;</p><br><p style=""font-size: 60px; font-family: FragmentMono"">FIDMGNYOZ<p style=""font-size: 15px"">Press <strong>k</strong> for yes, <strong>d</strong> for no.</p>","","","testing","FIDMGNYOZ","d","[""morcodeXmorcode""]","false","","","",""
"526","k","html-keyboard-response","739","974718","0.0-24.0-0.82","697cab1603c68e76a4d71eb0","69d7901e3430d13455efb336","69e64da50ae771d97090e177","<p style=""font-size: 30px"">&emsp;</p><br><p style=""font-size: 60px; font-family: FragmentMono"">CQPCONOQI<p style=""font-size: 15px"">Press <strong>k</strong> for yes, <strong>d</strong> for no.</p>","","","testing","CQPCONOQI","d","[""morcodeXmorcode""]","false","","","",""
"399","k","html-keyboard-response","740","975118","0.0-24.0-0.83","697cab1603c68e76a4d71eb0","69d7901e3430d13455efb336","69e64da50ae771d97090e177","<p style=""font-size: 30px"">&emsp;</p><br><p style=""font-size: 60px; font-family: FragmentMono"">MEOFIQRJ<p style=""font-size: 15px"">Press <strong>k</strong> for yes, <strong>d</strong> for no.</p>","","","testing","MEOFIQRJ","k","[""morphemeXmorcode""]","true","","","",""
"459","k","html-keyboard-response","741","975577","0.0-24.0-0.84","697cab1603c68e76a4d71eb0","69d7901e3430d13455efb336","69e64da50ae771d97090e177","<p style=""font-size: 30px"">&emsp;</p><br><p style=""font-size: 60px; font-family: FragmentMono"">GHRJQLHQ<p style=""font-size: 15px"">Press <strong>k</strong> for yes, <strong>d</strong> for no.</p>","","","testing","GHRJQLHQ","k","[""morphemeXmorcode""]","true","","","",""
"882","k","html-keyboard-response","742","976460","0.0-24.0-0.85","697cab1603c68e76a4d71eb0","69d7901e3430d13455efb336","69e64da50ae771d97090e177","<p style=""font-size: 30px"">&emsp;</p><br><p style=""font-size: 60px; font-family: FragmentMono"">MVCMELG<p style=""font-size: 15px"">Press <strong>k</strong> for yes, <strong>d</strong> for no.</p>","","","testing","MVCMELG","d","[""morcodeXmorcode""]","false","","","",""
"850","k","html-keyboard-response","743","977310","0.0-24.0-0.86","697cab1603c68e76a4d71eb0","69d7901e3430d13455efb336","69e64da50ae771d97090e177","<p style=""font-size: 30px"">&emsp;</p><br><p style=""font-size: 60px; font-family: FragmentMono"">LRYWUPHS<p style=""font-size: 15px"">Press <strong>k</strong> for yes, <strong>d</strong> for no.</p>","","","testing","LRYWUPHS","k","[""morphemeXmorpheme""]","true","","","",""
"550","k","html-keyboard-response","744","977860","0.0-24.0-0.87","697cab1603c68e76a4d71eb0","69d7901e3430d13455efb336","69e64da50ae771d97090e177","<p style=""font-size: 30px"">&emsp;</p><br><p style=""font-size: 60px; font-family: FragmentMono"">ULUJCAMU<p style=""font-size: 15px"">Press <strong>k</strong> for yes, <strong>d</strong> for no.</p>","","","testing","ULUJCAMU","d","[""morphemeXmorpheme""]","false","","","",""
"533","k","html-keyboard-response","745","978393","0.0-24.0-0.88","697cab1603c68e76a4d71eb0","69d7901e3430d13455efb336","69e64da50ae771d97090e177","<p style=""font-size: 30px"">&emsp;</p><br><p style=""font-size: 60px; font-family: FragmentMono"">MEOFISXD<p style=""font-size: 15px"">Press <strong>k</strong> for yes, <strong>d</strong> for no.</p>","","","testing","MEOFISXD","k","[""morphemeXmorpheme""]","true","","","",""
"852","d","html-keyboard-response","746","979245","0.0-24.0-0.89","697cab1603c68e76a4d71eb0","69d7901e3430d13455efb336","69e64da50ae771d97090e177","<p style=""font-size: 30px"">&emsp;</p><br><p style=""font-size: 60px; font-family: FragmentMono"">WMZMMBLHM<p style=""font-size: 15px"">Press <strong>k</strong> for yes, <strong>d</strong> for no.</p>","","","testing","WMZMMBLHM","d","[""morcodeXmorcode""]","true","","","",""
"333","k","html-keyboard-response","747","979579","0.0-24.0-0.90","697cab1603c68e76a4d71eb0","69d7901e3430d13455efb336","69e64da50ae771d97090e177","<p style=""font-size: 30px"">&emsp;</p><br><p style=""font-size: 60px; font-family: FragmentMono"">RUOSFPSU<p style=""font-size: 15px"">Press <strong>k</strong> for yes, <strong>d</strong> for no.</p>","","","testing","RUOSFPSU","d","[""morcodeXmorcode""]","false","","","",""
"641","k","html-keyboard-response","748","980220","0.0-24.0-0.91","697cab1603c68e76a4d71eb0","69d7901e3430d13455efb336","69e64da50ae771d97090e177","<p style=""font-size: 30px"">&emsp;</p><br><p style=""font-size: 60px; font-family: FragmentMono"">XVELSOFG<p style=""font-size: 15px"">Press <strong>k</strong> for yes, <strong>d</strong> for no.</p>","","","testing","XVELSOFG","k","[""morcodeXmorpheme""]","true","","","",""
"552","d","html-keyboard-response","749","980773","0.0-24.0-0.92","697cab1603c68e76a4d71eb0","69d7901e3430d13455efb336","69e64da50ae771d97090e177","<p style=""font-size: 30px"">&emsp;</p><br><p style=""font-size: 60px; font-family: FragmentMono"">XNJUOJU<p style=""font-size: 15px"">Press <strong>k</strong> for yes, <strong>d</strong> for no.</p>","","","testing","XNJUOJU","k","[""morcodeXmorpheme""]","false","","","",""
"295","k","html-keyboard-response","750","981067","0.0-24.0-0.93","697cab1603c68e76a4d71eb0","69d7901e3430d13455efb336","69e64da50ae771d97090e177","<p style=""font-size: 30px"">&emsp;</p><br><p style=""font-size: 60px; font-family: FragmentMono"">NJLIBABT<p style=""font-size: 15px"">Press <strong>k</strong> for yes, <strong>d</strong> for no.</p>","","","testing","NJLIBABT","d","[""morcodeXmorcode""]","false","","","",""
"694","k","html-keyboard-response","751","981762","0.0-24.0-0.94","697cab1603c68e76a4d71eb0","69d7901e3430d13455efb336","69e64da50ae771d97090e177","<p style=""font-size: 30px"">&emsp;</p><br><p style=""font-size: 60px; font-family: FragmentMono"">PWZEPSU<p style=""font-size: 15px"">Press <strong>k</strong> for yes, <strong>d</strong> for no.</p>","","","testing","PWZEPSU","d","[""morcodeXmorcode""]","false","","","",""
"324","d","html-keyboard-response","752","982087","0.0-24.0-0.95","697cab1603c68e76a4d71eb0","69d7901e3430d13455efb336","69e64da50ae771d97090e177","<p style=""font-size: 30px"">&emsp;</p><br><p style=""font-size: 60px; font-family: FragmentMono"">PNSGSXD<p style=""font-size: 15px"">Press <strong>k</strong> for yes, <strong>d</strong> for no.</p>","","","testing","PNSGSXD","k","[""morcodeXmorpheme""]","false","","","",""
"317","k","html-keyboard-response","753","982404","0.0-24.0-0.96","697cab1603c68e76a4d71eb0","69d7901e3430d13455efb336","69e64da50ae771d97090e177","<p style=""font-size: 30px"">&emsp;</p><br><p style=""font-size: 60px; font-family: FragmentMono"">VEWGOQW<p style=""font-size: 15px"">Press <strong>k</strong> for yes, <strong>d</strong> for no.</p>","","","testing","VEWGOQW","k","[""morcodeXmorpheme""]","true","","","",""
"1171","k","html-keyboard-response","754","983575","0.0-24.0-0.97","697cab1603c68e76a4d71eb0","69d7901e3430d13455efb336","69e64da50ae771d97090e177","<p style=""font-size: 30px"">&emsp;</p><br><p style=""font-size: 60px; font-family: FragmentMono"">PGOLGLY<p style=""font-size: 15px"">Press <strong>k</strong> for yes, <strong>d</strong> for no.</p>","","","testing","PGOLGLY","d","[""morcodeXmorcode""]","false","","","",""
"403","d","html-keyboard-response","755","983978","0.0-24.0-0.98","697cab1603c68e76a4d71eb0","69d7901e3430d13455efb336","69e64da50ae771d97090e177","<p style=""font-size: 30px"">&emsp;</p><br><p style=""font-size: 60px; font-family: FragmentMono"">CDQBRBO<p style=""font-size: 15px"">Press <strong>k</strong> for yes, <strong>d</strong> for no.</p>","","","testing","CDQBRBO","d","[""morcodeXmorcode""]","true","","","",""
"337","k","html-keyboard-response","756","984315","0.0-24.0-0.99","697cab1603c68e76a4d71eb0","69d7901e3430d13455efb336","69e64da50ae771d97090e177","<p style=""font-size: 30px"">&emsp;</p><br><p style=""font-size: 60px; font-family: FragmentMono"">TQZUUPHS<p style=""font-size: 15px"">Press <strong>k</strong> for yes, <strong>d</strong> for no.</p>","","","testing","TQZUUPHS","d","[""morphemeXmorpheme""]","false","","","",""
"557","k","html-keyboard-response","757","984872","0.0-24.0-0.100","697cab1603c68e76a4d71eb0","69d7901e3430d13455efb336","69e64da50ae771d97090e177","<p style=""font-size: 30px"">&emsp;</p><br><p style=""font-size: 60px; font-family: FragmentMono"">WZUYTCAMU<p style=""font-size: 15px"">Press <strong>k</strong> for yes, <strong>d</strong> for no.</p>","","","testing","WZUYTCAMU","k","[""morcodeXmorpheme""]","true","","","",""
"638","k","html-keyboard-response","758","985510","0.0-24.0-0.101","697cab1603c68e76a4d71eb0","69d7901e3430d13455efb336","69e64da50ae771d97090e177","<p style=""font-size: 30px"">&emsp;</p><br><p style=""font-size: 60px; font-family: FragmentMono"">OGPGLOJU<p style=""font-size: 15px"">Press <strong>k</strong> for yes, <strong>d</strong> for no.</p>","","","testing","OGPGLOJU","d","[""morphemeXmorpheme""]","false","","","",""
"610","d","html-keyboard-response","759","986120","0.0-24.0-0.102","697cab1603c68e76a4d71eb0","69d7901e3430d13455efb336","69e64da50ae771d97090e177","<p style=""font-size: 30px"">&emsp;</p><br><p style=""font-size: 60px; font-family: FragmentMono"">CYMJLJKGD<p style=""font-size: 15px"">Press <strong>k</strong> for yes, <strong>d</strong> for no.</p>","","","testing","CYMJLJKGD","k","[""morphemeXmorcode""]","false","","","",""
"671","d","html-keyboard-response","760","986791","0.0-24.0-0.103","697cab1603c68e76a4d71eb0","69d7901e3430d13455efb336","69e64da50ae771d97090e177","<p style=""font-size: 30px"">&emsp;</p><br><p style=""font-size: 60px; font-family: FragmentMono"">TREHDFM<p style=""font-size: 15px"">Press <strong>k</strong> for yes, <strong>d</strong> for no.</p>","","","testing","TREHDFM","k","[""morphemeXmorpheme""]","false","","","",""
"609","k","html-keyboard-response","761","987401","0.0-24.0-0.104","697cab1603c68e76a4d71eb0","69d7901e3430d13455efb336","69e64da50ae771d97090e177","<p style=""font-size: 30px"">&emsp;</p><br><p style=""font-size: 60px; font-family: FragmentMono"">SHSPOAFQ<p style=""font-size: 15px"">Press <strong>k</strong> for yes, <strong>d</strong> for no.</p>","","","testing","SHSPOAFQ","k","[""morphemeXmorcode""]","true","","","",""
"578","k","html-keyboard-response","762","987979","0.0-24.0-0.105","697cab1603c68e76a4d71eb0","69d7901e3430d13455efb336","69e64da50ae771d97090e177","<p style=""font-size: 30px"">&emsp;</p><br><p style=""font-size: 60px; font-family: FragmentMono"">XUDJMDFM<p style=""font-size: 15px"">Press <strong>k</strong> for yes, <strong>d</strong> for no.</p>","","","testing","XUDJMDFM","k","[""morcodeXmorpheme""]","true","","","",""
"601","k","html-keyboard-response","763","988581","0.0-24.0-0.106","697cab1603c68e76a4d71eb0","69d7901e3430d13455efb336","69e64da50ae771d97090e177","<p style=""font-size: 30px"">&emsp;</p><br><p style=""font-size: 60px; font-family: FragmentMono"">QFTPUPHS<p style=""font-size: 15px"">Press <strong>k</strong> for yes, <strong>d</strong> for no.</p>","","","testing","QFTPUPHS","k","[""morcodeXmorpheme""]","true","","","",""
"508","k","html-keyboard-response","764","989089","0.0-24.0-0.107","697cab1603c68e76a4d71eb0","69d7901e3430d13455efb336","69e64da50ae771d97090e177","<p style=""font-size: 30px"">&emsp;</p><br><p style=""font-size: 60px; font-family: FragmentMono"">LNPQVCZPW<p style=""font-size: 15px"">Press <strong>k</strong> for yes, <strong>d</strong> for no.</p>","","","testing","LNPQVCZPW","d","[""morcodeXmorcode""]","false","","","",""
"438","k","html-keyboard-response","765","989527","0.0-24.0-0.108","697cab1603c68e76a4d71eb0","69d7901e3430d13455efb336","69e64da50ae771d97090e177","<p style=""font-size: 30px"">&emsp;</p><br><p style=""font-size: 60px; font-family: FragmentMono"">CYMJLDFM<p style=""font-size: 15px"">Press <strong>k</strong> for yes, <strong>d</strong> for no.</p>","","","testing","CYMJLDFM","d","[""morphemeXmorpheme""]","false","","","",""
"424","k","html-keyboard-response","766","989951","0.0-24.0-0.109","697cab1603c68e76a4d71eb0","69d7901e3430d13455efb336","69e64da50ae771d97090e177","<p style=""font-size: 30px"">&emsp;</p><br><p style=""font-size: 60px; font-family: FragmentMono"">SHSPFWLC<p style=""font-size: 15px"">Press <strong>k</strong> for yes, <strong>d</strong> for no.</p>","","","testing","SHSPFWLC","k","[""morphemeXmorpheme""]","true","","","",""
"1633","k","html-keyboard-response","767","991585","0.0-24.0-0.110","697cab1603c68e76a4d71eb0","69d7901e3430d13455efb336","69e64da50ae771d97090e177","<p style=""font-size: 30px"">&emsp;</p><br><p style=""font-size: 60px; font-family: FragmentMono"">OGPGLPZOU<p style=""font-size: 15px"">Press <strong>k</strong> for yes, <strong>d</strong> for no.</p>","","","testing","OGPGLPZOU","k","[""morphemeXmorcode""]","true","","","",""
"462","k","html-keyboard-response","768","992047","0.0-24.0-0.111","697cab1603c68e76a4d71eb0","69d7901e3430d13455efb336","69e64da50ae771d97090e177","<p style=""font-size: 30px"">&emsp;</p><br><p style=""font-size: 60px; font-family: FragmentMono"">ZFBJOQW<p style=""font-size: 15px"">Press <strong>k</strong> for yes, <strong>d</strong> for no.</p>","","","testing","ZFBJOQW","k","[""morcodeXmorpheme""]","true","","","",""
"746","d","html-keyboard-response","769","992794","0.0-24.0-0.112","697cab1603c68e76a4d71eb0","69d7901e3430d13455efb336","69e64da50ae771d97090e177","<p style=""font-size: 30px"">&emsp;</p><br><p style=""font-size: 60px; font-family: FragmentMono"">MEOFIFWLC<p style=""font-size: 15px"">Press <strong>k</strong> for yes, <strong>d</strong> for no.</p>","","","testing","MEOFIFWLC","d","[""morphemeXmorpheme""]","true","","","",""
"6","k","html-keyboard-response","770","992799","0.0-24.0-0.113","697cab1603c68e76a4d71eb0","69d7901e3430d13455efb336","69e64da50ae771d97090e177","<p style=""font-size: 30px"">&emsp;</p><br><p style=""font-size: 60px; font-family: FragmentMono"">IMJRFUPHS<p style=""font-size: 15px"">Press <strong>k</strong> for yes, <strong>d</strong> for no.</p>","","","testing","IMJRFUPHS","d","[""morphemeXmorpheme""]","false","","","",""
"452","k","html-keyboard-response","771","993251","0.0-24.0-0.114","697cab1603c68e76a4d71eb0","69d7901e3430d13455efb336","69e64da50ae771d97090e177","<p style=""font-size: 30px"">&emsp;</p><br><p style=""font-size: 60px; font-family: FragmentMono"">KMSKPSU<p style=""font-size: 15px"">Press <strong>k</strong> for yes, <strong>d</strong> for no.</p>","","","testing","KMSKPSU","d","[""morcodeXmorcode""]","false","","","",""
"442","k","html-keyboard-response","772","993693","0.0-24.0-0.115","697cab1603c68e76a4d71eb0","69d7901e3430d13455efb336","69e64da50ae771d97090e177","<p style=""font-size: 30px"">&emsp;</p><br><p style=""font-size: 60px; font-family: FragmentMono"">BYCYLSF<p style=""font-size: 15px"">Press <strong>k</strong> for yes, <strong>d</strong> for no.</p>","","","testing","BYCYLSF","d","[""morcodeXmorcode""]","false","","","",""
"859","k","html-keyboard-response","773","994553","0.0-24.0-0.116","697cab1603c68e76a4d71eb0","69d7901e3430d13455efb336","69e64da50ae771d97090e177","<p style=""font-size: 30px"">&emsp;</p><br><p style=""font-size: 60px; font-family: FragmentMono"">BWRLYCAMU<p style=""font-size: 15px"">Press <strong>k</strong> for yes, <strong>d</strong> for no.</p>","","","testing","BWRLYCAMU","d","[""morphemeXmorpheme""]","false","","","",""
"515","d","html-keyboard-response","774","995068","0.0-24.0-0.117","697cab1603c68e76a4d71eb0","69d7901e3430d13455efb336","69e64da50ae771d97090e177","<p style=""font-size: 30px"">&emsp;</p><br><p style=""font-size: 60px; font-family: FragmentMono"">ZWQRAJE<p style=""font-size: 15px"">Press <strong>k</strong> for yes, <strong>d</strong> for no.</p>","","","testing","ZWQRAJE","d","[""morcodeXmorcode""]","true","","","",""
"924","d","html-keyboard-response","775","995993","0.0-24.0-0.118","697cab1603c68e76a4d71eb0","69d7901e3430d13455efb336","69e64da50ae771d97090e177","<p style=""font-size: 30px"">&emsp;</p><br><p style=""font-size: 60px; font-family: FragmentMono"">BWRLYOQW<p style=""font-size: 15px"">Press <strong>k</strong> for yes, <strong>d</strong> for no.</p>","","","testing","BWRLYOQW","k","[""morphemeXmorpheme""]","false","","","",""
"579","k","html-keyboard-response","776","996572","0.0-24.0-0.119","697cab1603c68e76a4d71eb0","69d7901e3430d13455efb336","69e64da50ae771d97090e177","<p style=""font-size: 30px"">&emsp;</p><br><p style=""font-size: 60px; font-family: FragmentMono"">CYMJLVHGM<p style=""font-size: 15px"">Press <strong>k</strong> for yes, <strong>d</strong> for no.</p>","","","testing","CYMJLVHGM","k","[""morphemeXmorpheme""]","true","","","",""
"11805","{""testing_strategy"":""i tried remembering the last 3 alphabets of the word""}","survey-html-form","777","1008378","0.0-25.0","697cab1603c68e76a4d71eb0","69d7901e3430d13455efb336","69e64da50ae771d97090e177","","","","","","","","","","","",""
"35355"," ","html-keyboard-response","778","1043733","0.0-26.0","697cab1603c68e76a4d71eb0","69d7901e3430d13455efb336","69e64da50ae771d97090e177","<p style=""font-size: 30px"">You've made it to the meeting on time, fantastic! The world leaders want to write a message back to the aliens, and need you to help them recognise which letter combinations you saw in their language. You'll have the choice between 2 letter combinations: one which was in the communication you saw, and one that wasn't. It's important to be friendly with these aliens, so it's important that you make the right choice!</p>
      <p style=""font-size: 30px"">Press <strong>d</strong> if you think that the letter combination on the <strong>left</strong> is the one you saw, or <strong>k</strong> if you think that it's the one on the <strong>right</strong>.</p>
      <p style=""font-size: 30px"">Press the spacebar when you're ready to begin.</p>","","","","","","","","","","",""
"2301","d","html-keyboard-response","779","1046034","0.0-27.0-0.0","697cab1603c68e76a4d71eb0","69d7901e3430d13455efb336","69e64da50ae771d97090e177","<p style=""font-size: 30px;"">Which letter combination have you already seen?</p><br><p style=""font-size: 60px; font-family: FragmentMono"">OGPGL&emsp;&emsp;&emsp;&emsp;ESDZQ<p style=""font-size: 15px"">Press <strong>d</strong> for this letter combination&emsp;&emsp;&emsp;&emsp;&emsp;&emsp;&emsp;&emsp;&emsp;&emsp;&emsp;Press <strong>k</strong> for this letter combination</p>","","","familiarity","","d","","true","OGPGL","ESDZQ","",""
"1878","k","html-keyboard-response","780","1047912","0.0-27.0-0.1","697cab1603c68e76a4d71eb0","69d7901e3430d13455efb336","69e64da50ae771d97090e177","<p style=""font-size: 30px;"">Which letter combination have you already seen?</p><br><p style=""font-size: 60px; font-family: FragmentMono"">CYMJL&emsp;&emsp;&emsp;&emsp;AYNXO<p style=""font-size: 15px"">Press <strong>d</strong> for this letter combination&emsp;&emsp;&emsp;&emsp;&emsp;&emsp;&emsp;&emsp;&emsp;&emsp;&emsp;Press <strong>k</strong> for this letter combination</p>","","","familiarity","","d","","false","CYMJL","AYNXO","",""
"626","d","html-keyboard-response","781","1048538","0.0-27.0-0.2","697cab1603c68e76a4d71eb0","69d7901e3430d13455efb336","69e64da50ae771d97090e177","<p style=""font-size: 30px;"">Which letter combination have you already seen?</p><br><p style=""font-size: 60px; font-family: FragmentMono"">TREH&emsp;&emsp;&emsp;&emsp;MEBM<p style=""font-size: 15px"">Press <strong>d</strong> for this letter combination&emsp;&emsp;&emsp;&emsp;&emsp;&emsp;&emsp;&emsp;&emsp;&emsp;&emsp;Press <strong>k</strong> for this letter combination</p>","","","familiarity","","d","","true","TREH","MEBM","",""
"448","k","html-keyboard-response","782","1048987","0.0-27.0-0.3","697cab1603c68e76a4d71eb0","69d7901e3430d13455efb336","69e64da50ae771d97090e177","<p style=""font-size: 30px"">&emsp;</p><br><p style=""font-size: 60px; font-family: FragmentMono"">VHGM&emsp;&emsp;&emsp;&emsp;ILVQ<p style=""font-size: 15px"">Press <strong>d</strong> for this letter combination&emsp;&emsp;&emsp;&emsp;&emsp;&emsp;&emsp;&emsp;&emsp;&emsp;Press <strong>k</strong> for this letter combination</p>","","","familiarity","","d","","false","VHGM","ILVQ","",""
"431","d","html-keyboard-response","783","1049418","0.0-27.0-0.4","697cab1603c68e76a4d71eb0","69d7901e3430d13455efb336","69e64da50ae771d97090e177","<p style=""font-size: 30px"">&emsp;</p><br><p style=""font-size: 60px; font-family: FragmentMono"">SQBU&emsp;&emsp;&emsp;&emsp;PBKN<p style=""font-size: 15px"">Press <strong>d</strong> for this letter combination&emsp;&emsp;&emsp;&emsp;&emsp;&emsp;&emsp;&emsp;&emsp;&emsp;Press <strong>k</strong> for this letter combination</p>","","","familiarity","","d","","true","SQBU","PBKN","",""
"479","d","html-keyboard-response","784","1049897","0.0-27.0-0.5","697cab1603c68e76a4d71eb0","69d7901e3430d13455efb336","69e64da50ae771d97090e177","<p style=""font-size: 30px"">&emsp;</p><br><p style=""font-size: 60px; font-family: FragmentMono"">SHSP&emsp;&emsp;&emsp;&emsp;RKSF<p style=""font-size: 15px"">Press <strong>d</strong> for this letter combination&emsp;&emsp;&emsp;&emsp;&emsp;&emsp;&emsp;&emsp;&emsp;&emsp;Press <strong>k</strong> for this letter combination</p>","","","familiarity","","d","","true","SHSP","RKSF","",""
"1381","d","html-keyboard-response","785","1051278","0.0-27.0-0.6","697cab1603c68e76a4d71eb0","69d7901e3430d13455efb336","69e64da50ae771d97090e177","<p style=""font-size: 30px"">&emsp;</p><br><p style=""font-size: 60px; font-family: FragmentMono"">CTSBI&emsp;&emsp;&emsp;&emsp;BRSWX<p style=""font-size: 15px"">Press <strong>d</strong> for this letter combination&emsp;&emsp;&emsp;&emsp;&emsp;&emsp;&emsp;&emsp;&emsp;&emsp;Press <strong>k</strong> for this letter combination</p>","","","familiarity","","d","","true","CTSBI","BRSWX","",""
"946","d","html-keyboard-response","786","1052225","0.0-27.0-0.7","697cab1603c68e76a4d71eb0","69d7901e3430d13455efb336","69e64da50ae771d97090e177","<p style=""font-size: 30px"">&emsp;</p><br><p style=""font-size: 60px; font-family: FragmentMono"">OQW&emsp;&emsp;&emsp;&emsp;VXB<p style=""font-size: 15px"">Press <strong>d</strong> for this letter combination&emsp;&emsp;&emsp;&emsp;&emsp;&emsp;&emsp;&emsp;&emsp;&emsp;Press <strong>k</strong> for this letter combination</p>","","","familiarity","","d","","true","OQW","VXB","",""
"913","k","html-keyboard-response","787","1053138","0.0-27.0-0.8","697cab1603c68e76a4d71eb0","69d7901e3430d13455efb336","69e64da50ae771d97090e177","<p style=""font-size: 30px"">&emsp;</p><br><p style=""font-size: 60px; font-family: FragmentMono"">OZDZ&emsp;&emsp;&emsp;&emsp;DJZJ<p style=""font-size: 15px"">Press <strong>d</strong> for this letter combination&emsp;&emsp;&emsp;&emsp;&emsp;&emsp;&emsp;&emsp;&emsp;&emsp;Press <strong>k</strong> for this letter combination</p>","","","familiarity","","k","","true","DJZJ","OZDZ","",""
"1528","d","html-keyboard-response","788","1054666","0.0-27.0-0.9","697cab1603c68e76a4d71eb0","69d7901e3430d13455efb336","69e64da50ae771d97090e177","<p style=""font-size: 30px"">&emsp;</p><br><p style=""font-size: 60px; font-family: FragmentMono"">TGNL&emsp;&emsp;&emsp;&emsp;GNWH<p style=""font-size: 15px"">Press <strong>d</strong> for this letter combination&emsp;&emsp;&emsp;&emsp;&emsp;&emsp;&emsp;&emsp;&emsp;&emsp;Press <strong>k</strong> for this letter combination</p>","","","familiarity","","d","","true","TGNL","GNWH","",""
"882","k","html-keyboard-response","789","1055549","0.0-27.0-0.10","697cab1603c68e76a4d71eb0","69d7901e3430d13455efb336","69e64da50ae771d97090e177","<p style=""font-size: 30px"">&emsp;</p><br><p style=""font-size: 60px; font-family: FragmentMono"">UYZY&emsp;&emsp;&emsp;&emsp;UPHS<p style=""font-size: 15px"">Press <strong>d</strong> for this letter combination&emsp;&emsp;&emsp;&emsp;&emsp;&emsp;&emsp;&emsp;&emsp;&emsp;Press <strong>k</strong> for this letter combination</p>","","","familiarity","","k","","true","UPHS","UYZY","",""
"1212","d","html-keyboard-response","790","1056762","0.0-27.0-0.11","697cab1603c68e76a4d71eb0","69d7901e3430d13455efb336","69e64da50ae771d97090e177","<p style=""font-size: 30px"">&emsp;</p><br><p style=""font-size: 60px; font-family: FragmentMono"">XWUBM&emsp;&emsp;&emsp;&emsp;NVLXN<p style=""font-size: 15px"">Press <strong>d</strong> for this letter combination&emsp;&emsp;&emsp;&emsp;&emsp;&emsp;&emsp;&emsp;&emsp;&emsp;Press <strong>k</strong> for this letter combination</p>","","","familiarity","","k","","false","NVLXN","XWUBM","",""
"739","d","html-keyboard-response","791","1057502","0.0-27.0-0.12","697cab1603c68e76a4d71eb0","69d7901e3430d13455efb336","69e64da50ae771d97090e177","<p style=""font-size: 30px"">&emsp;</p><br><p style=""font-size: 60px; font-family: FragmentMono"">OFG&emsp;&emsp;&emsp;&emsp;EHK<p style=""font-size: 15px"">Press <strong>d</strong> for this letter combination&emsp;&emsp;&emsp;&emsp;&emsp;&emsp;&emsp;&emsp;&emsp;&emsp;Press <strong>k</strong> for this letter combination</p>","","","familiarity","","d","","true","OFG","EHK","",""
"617","k","html-keyboard-response","792","1058119","0.0-27.0-0.13","697cab1603c68e76a4d71eb0","69d7901e3430d13455efb336","69e64da50ae771d97090e177","<p style=""font-size: 30px"">&emsp;</p><br><p style=""font-size: 60px; font-family: FragmentMono"">ZQA&emsp;&emsp;&emsp;&emsp;SXD<p style=""font-size: 15px"">Press <strong>d</strong> for this letter combination&emsp;&emsp;&emsp;&emsp;&emsp;&emsp;&emsp;&emsp;&emsp;&emsp;Press <strong>k</strong> for this letter combination</p>","","","familiarity","","k","","true","SXD","ZQA","",""
"1382","k","html-keyboard-response","793","1059501","0.0-27.0-0.14","697cab1603c68e76a4d71eb0","69d7901e3430d13455efb336","69e64da50ae771d97090e177","<p style=""font-size: 30px"">&emsp;</p><br><p style=""font-size: 60px; font-family: FragmentMono"">FWTPN&emsp;&emsp;&emsp;&emsp;DOFTB<p style=""font-size: 15px"">Press <strong>d</strong> for this letter combination&emsp;&emsp;&emsp;&emsp;&emsp;&emsp;&emsp;&emsp;&emsp;&emsp;Press <strong>k</strong> for this letter combination</p>","","","familiarity","","k","","true","DOFTB","FWTPN","",""
"1114","k","html-keyboard-response","794","1060616","0.0-27.0-0.15","697cab1603c68e76a4d71eb0","69d7901e3430d13455efb336","69e64da50ae771d97090e177","<p style=""font-size: 30px"">&emsp;</p><br><p style=""font-size: 60px; font-family: FragmentMono"">ZKWO&emsp;&emsp;&emsp;&emsp;ULUJ<p style=""font-size: 15px"">Press <strong>d</strong> for this letter combination&emsp;&emsp;&emsp;&emsp;&emsp;&emsp;&emsp;&emsp;&emsp;&emsp;Press <strong>k</strong> for this letter combination</p>","","","familiarity","","k","","true","ULUJ","ZKWO","",""
"870","d","html-keyboard-response","795","1061486","0.0-27.0-0.16","697cab1603c68e76a4d71eb0","69d7901e3430d13455efb336","69e64da50ae771d97090e177","<p style=""font-size: 30px"">&emsp;</p><br><p style=""font-size: 60px; font-family: FragmentMono"">CAMU&emsp;&emsp;&emsp;&emsp;UVIE<p style=""font-size: 15px"">Press <strong>d</strong> for this letter combination&emsp;&emsp;&emsp;&emsp;&emsp;&emsp;&emsp;&emsp;&emsp;&emsp;Press <strong>k</strong> for this letter combination</p>","","","familiarity","","d","","true","CAMU","UVIE","",""
"1275","d","html-keyboard-response","796","1062761","0.0-27.0-0.17","697cab1603c68e76a4d71eb0","69d7901e3430d13455efb336","69e64da50ae771d97090e177","<p style=""font-size: 30px"">&emsp;</p><br><p style=""font-size: 60px; font-family: FragmentMono"">MEOFI&emsp;&emsp;&emsp;&emsp;PVNDE<p style=""font-size: 15px"">Press <strong>d</strong> for this letter combination&emsp;&emsp;&emsp;&emsp;&emsp;&emsp;&emsp;&emsp;&emsp;&emsp;Press <strong>k</strong> for this letter combination</p>","","","familiarity","","d","","true","MEOFI","PVNDE","",""
"1113","k","html-keyboard-response","797","1063874","0.0-27.0-0.18","697cab1603c68e76a4d71eb0","69d7901e3430d13455efb336","69e64da50ae771d97090e177","<p style=""font-size: 30px"">&emsp;</p><br><p style=""font-size: 60px; font-family: FragmentMono"">KZLHI&emsp;&emsp;&emsp;&emsp;IMJRF<p style=""font-size: 15px"">Press <strong>d</strong> for this letter combination&emsp;&emsp;&emsp;&emsp;&emsp;&emsp;&emsp;&emsp;&emsp;&emsp;Press <strong>k</strong> for this letter combination</p>","","","familiarity","","k","","true","IMJRF","KZLHI","",""
"1007","d","html-keyboard-response","798","1064881","0.0-27.0-0.19","697cab1603c68e76a4d71eb0","69d7901e3430d13455efb336","69e64da50ae771d97090e177","<p style=""font-size: 30px"">&emsp;</p><br><p style=""font-size: 60px; font-family: FragmentMono"">LRYW&emsp;&emsp;&emsp;&emsp;AEXJ<p style=""font-size: 15px"">Press <strong>d</strong> for this letter combination&emsp;&emsp;&emsp;&emsp;&emsp;&emsp;&emsp;&emsp;&emsp;&emsp;Press <strong>k</strong> for this letter combination</p>","","","familiarity","","d","","true","LRYW","AEXJ","",""
"789","k","html-keyboard-response","799","1065671","0.0-27.0-0.20","697cab1603c68e76a4d71eb0","69d7901e3430d13455efb336","69e64da50ae771d97090e177","<p style=""font-size: 30px"">&emsp;</p><br><p style=""font-size: 60px; font-family: FragmentMono"">NZGV&emsp;&emsp;&emsp;&emsp;EZUR<p style=""font-size: 15px"">Press <strong>d</strong> for this letter combination&emsp;&emsp;&emsp;&emsp;&emsp;&emsp;&emsp;&emsp;&emsp;&emsp;Press <strong>k</strong> for this letter combination</p>","","","familiarity","","d","","false","NZGV","EZUR","",""
"1191","k","html-keyboard-response","800","1066862","0.0-27.0-0.21","697cab1603c68e76a4d71eb0","69d7901e3430d13455efb336","69e64da50ae771d97090e177","<p style=""font-size: 30px"">&emsp;</p><br><p style=""font-size: 60px; font-family: FragmentMono"">TQZU&emsp;&emsp;&emsp;&emsp;NKMT<p style=""font-size: 15px"">Press <strong>d</strong> for this letter combination&emsp;&emsp;&emsp;&emsp;&emsp;&emsp;&emsp;&emsp;&emsp;&emsp;Press <strong>k</strong> for this letter combination</p>","","","familiarity","","d","","false","TQZU","NKMT","",""
"1249","d","html-keyboard-response","801","1068111","0.0-27.0-0.22","697cab1603c68e76a4d71eb0","69d7901e3430d13455efb336","69e64da50ae771d97090e177","<p style=""font-size: 30px"">&emsp;</p><br><p style=""font-size: 60px; font-family: FragmentMono"">VFCG&emsp;&emsp;&emsp;&emsp;FWLC<p style=""font-size: 15px"">Press <strong>d</strong> for this letter combination&emsp;&emsp;&emsp;&emsp;&emsp;&emsp;&emsp;&emsp;&emsp;&emsp;Press <strong>k</strong> for this letter combination</p>","","","familiarity","","k","","false","FWLC","VFCG","",""
"389","k","html-keyboard-response","802","1068500","0.0-27.0-0.23","697cab1603c68e76a4d71eb0","69d7901e3430d13455efb336","69e64da50ae771d97090e177","<p style=""font-size: 30px"">&emsp;</p><br><p style=""font-size: 60px; font-family: FragmentMono"">GHRJQ&emsp;&emsp;&emsp;&emsp;RCSCS<p style=""font-size: 15px"">Press <strong>d</strong> for this letter combination&emsp;&emsp;&emsp;&emsp;&emsp;&emsp;&emsp;&emsp;&emsp;&emsp;Press <strong>k</strong> for this letter combination</p>","","","familiarity","","d","","false","GHRJQ","RCSCS","",""
"177","d","html-keyboard-response","803","1068677","0.0-27.0-0.24","697cab1603c68e76a4d71eb0","69d7901e3430d13455efb336","69e64da50ae771d97090e177","<p style=""font-size: 30px"">&emsp;</p><br><p style=""font-size: 60px; font-family: FragmentMono"">BWRLY&emsp;&emsp;&emsp;&emsp;IPHAQ<p style=""font-size: 15px"">Press <strong>d</strong> for this letter combination&emsp;&emsp;&emsp;&emsp;&emsp;&emsp;&emsp;&emsp;&emsp;&emsp;Press <strong>k</strong> for this letter combination</p>","","","familiarity","","d","","true","BWRLY","IPHAQ","",""
"129","k","html-keyboard-response","804","1068807","0.0-27.0-0.25","697cab1603c68e76a4d71eb0","69d7901e3430d13455efb336","69e64da50ae771d97090e177","<p style=""font-size: 30px"">&emsp;</p><br><p style=""font-size: 60px; font-family: FragmentMono"">PTPZ&emsp;&emsp;&emsp;&emsp;RZDE<p style=""font-size: 15px"">Press <strong>d</strong> for this letter combination&emsp;&emsp;&emsp;&emsp;&emsp;&emsp;&emsp;&emsp;&emsp;&emsp;Press <strong>k</strong> for this letter combination</p>","","","familiarity","","k","","true","RZDE","PTPZ","",""
"255","k","html-keyboard-response","805","1069062","0.0-27.0-0.26","697cab1603c68e76a4d71eb0","69d7901e3430d13455efb336","69e64da50ae771d97090e177","<p style=""font-size: 30px"">&emsp;</p><br><p style=""font-size: 60px; font-family: FragmentMono"">DFM&emsp;&emsp;&emsp;&emsp;CHB<p style=""font-size: 15px"">Press <strong>d</strong> for this letter combination&emsp;&emsp;&emsp;&emsp;&emsp;&emsp;&emsp;&emsp;&emsp;&emsp;Press <strong>k</strong> for this letter combination</p>","","","familiarity","","d","","false","DFM","CHB","",""
"500","d","html-keyboard-response","806","1069563","0.0-27.0-0.27","697cab1603c68e76a4d71eb0","69d7901e3430d13455efb336","69e64da50ae771d97090e177","<p style=""font-size: 30px"">&emsp;</p><br><p style=""font-size: 60px; font-family: FragmentMono"">ZTKEH&emsp;&emsp;&emsp;&emsp;HVFDA<p style=""font-size: 15px"">Press <strong>d</strong> for this letter combination&emsp;&emsp;&emsp;&emsp;&emsp;&emsp;&emsp;&emsp;&emsp;&emsp;Press <strong>k</strong> for this letter combination</p>","","","familiarity","","k","","false","HVFDA","ZTKEH","",""
"400","k","html-keyboard-response","807","1069964","0.0-27.0-0.28","697cab1603c68e76a4d71eb0","69d7901e3430d13455efb336","69e64da50ae771d97090e177","<p style=""font-size: 30px"">&emsp;</p><br><p style=""font-size: 60px; font-family: FragmentMono"">KXH&emsp;&emsp;&emsp;&emsp;OJU<p style=""font-size: 15px"">Press <strong>d</strong> for this letter combination&emsp;&emsp;&emsp;&emsp;&emsp;&emsp;&emsp;&emsp;&emsp;&emsp;Press <strong>k</strong> for this letter combination</p>","","","familiarity","","k","","true","OJU","KXH","",""
"589","d","html-keyboard-response","808","1070553","0.0-27.0-0.29","697cab1603c68e76a4d71eb0","69d7901e3430d13455efb336","69e64da50ae771d97090e177","<p style=""font-size: 30px"">&emsp;</p><br><p style=""font-size: 60px; font-family: FragmentMono"">UWQEO&emsp;&emsp;&emsp;&emsp;WRGAM<p style=""font-size: 15px"">Press <strong>d</strong> for this letter combination&emsp;&emsp;&emsp;&emsp;&emsp;&emsp;&emsp;&emsp;&emsp;&emsp;Press <strong>k</strong> for this letter combination</p>","","","familiarity","","k","","false","WRGAM","UWQEO","",""
"5991"," ","html-keyboard-response","809","1076544","0.0-28.0","697cab1603c68e76a4d71eb0","69d7901e3430d13455efb336","69e64da50ae771d97090e177","<p style=""font-size: 30px"">Thank you for your help deciphering these alien communications! In this final part, we'd like you to answer the following questions on your history, use, proficiency, and attitudes towards your own languages.</p>
      <p style=""font-size: 30px"">The questionnaire contains 19 questions and will take only 10 minutes. Please answer every question honestly: this way we'll be able to guarantee a good outcome for this experiment.</p>
      <p style=""font-size: 30px"">Press the spacebar to begin.</p>","","","","","","","","","","",""
"28217","{""Age"":""21"",""Gender"":""Man"",""Education"":""College"",""L1"":""Hindi"",""L2"":""English"",""L3"":""Punjabi"",""L4"":""Haryanvi"",""otherLs"":""no""}","survey-html-form","810","1104762","0.0-29.0","697cab1603c68e76a4d71eb0","69d7901e3430d13455efb336","69e64da50ae771d97090e177","","","","","","","","","","","bio_info",""
"82209","{""AoAL1"":""0"",""AoAL2"":""4"",""AoAL3"":""13"",""AoAL4"":""7"",""AoEaseL1"":""3"",""AoEaseL2"":""7"",""AoEaseL3"":""8"",""AoEaseL4"":""7"",""yearsEduL1"":""12"",""yearsEduL2"":""17"",""yearsEduL3"":""4"",""yearsEduL4"":""6"",""yearsCountryL1"":""20+"",""yearsCountryL2"":""20+"",""yearsCountryL3"":""20+"",""yearsCountryL4"":""20+"",""yearsFamilyL1"":""20+"",""yearsFamilyL2"":""20+"",""yearsFamilyL3"":""20+"",""yearsFamilyL4"":""20+"",""yearsWorkL1"":""5"",""yearsWorkL2"":""5"",""yearsWorkL3"":""5"",""yearsWorkL4"":""2""}","survey-html-form","811","1186979","0.0-30.0","697cab1603c68e76a4d71eb0","69d7901e3430d13455efb336","69e64da50ae771d97090e177","","","","","","","","","","","history_info",""
"83971","{""PercFriendsL1"":""100"",""PercFriendsL2"":""60"",""PercFriendsL3"":""60"",""PercFriendsL4"":""80"",""PercFamilyL1"":""100"",""PercFamilyL2"":""50"",""PercFamilyL3"":""70"",""PercFamilyL4"":""80"",""PercWorkL1"":""100"",""PercWorkL2"":""80"",""PercWorkL3"":""50"",""PercWorkL4"":""50"",""PercSelfL1"":""100"",""PercSelfL2"":""70"",""PercSelfL3"":""60"",""PercSelfL4"":""80"",""PercCountL1"":""80"",""PercCountL2"":""80"",""PercCountL3"":""40"",""PercCountL4"":""70""}","survey-html-form","812","1270954","0.0-31.0-0.0-0.0","697cab1603c68e76a4d71eb0","69d7901e3430d13455efb336","69e64da50ae771d97090e177","","","","","","","","","","","use_info",""
"3855","","instructions","813","1274810","0.0-31.0-0.0-1.0-0.0","697cab1603c68e76a4d71eb0","69d7901e3430d13455efb336","69e64da50ae771d97090e177","","","","","","","","","","","use_info_prb","[{""page_index"":0,""viewing_time"":3855}]"
"43299","{""PercFriendsL1"":""60"",""PercFriendsL2"":""10"",""PercFriendsL3"":""10"",""PercFriendsL4"":""20"",""PercFamilyL1"":""80"",""PercFamilyL2"":""10"",""PercFamilyL3"":""0"",""PercFamilyL4"":""10"",""PercWorkL1"":""40"",""PercWorkL2"":""40"",""PercWorkL3"":""10"",""PercWorkL4"":""10"",""PercSelfL1"":""100"",""PercSelfL2"":""0"",""PercSelfL3"":""0"",""PercSelfL4"":""0"",""PercCountL1"":""60"",""PercCountL2"":""20"",""PercCountL3"":""0"",""PercCountL4"":""20""}","survey-html-form","814","1318115","0.0-31.0-0.1-0.1","697cab1603c68e76a4d71eb0","69d7901e3430d13455efb336","69e64da50ae771d97090e177","","","","","","","","","","","use_info",""
"15100","{""ProfSpeakL1"":""6"",""ProfSpeakL2"":""6"",""ProfSpeakL3"":""6"",""ProfSpeakL4"":""6"",""ProfUnderstandL1"":""6"",""ProfUnderstandL2"":""6"",""ProfUnderstandL3"":""6"",""ProfUnderstandL4"":""6"",""ProfReadL1"":""6"",""ProfReadL2"":""6"",""ProfReadL3"":""6"",""ProfReadL4"":""6"",""AttentionL1"":""2"",""AttentionL2"":""2"",""AttentionL3"":""2"",""AttentionL4"":""2"",""ProfWriteL1"":""6"",""ProfWriteL2"":""6"",""ProfWriteL3"":""6"",""ProfWriteL4"":""6""}","survey-html-form","815","1333218","0.0-32.0","697cab1603c68e76a4d71eb0","69d7901e3430d13455efb336","69e64da50ae771d97090e177","","","","","","","","","","","proficiency_info",""
"36093","{""AttSelfL1"":""6"",""AttSelfL2"":""6"",""AttSelfL3"":""6"",""AttSelfL4"":""6"",""AttCultureL1"":""6"",""AttCultureL2"":""4"",""AttCultureL3"":""4"",""AttCultureL4"":""6"",""AttNativeLevelL1"":""6"",""AttNativeLevelL2"":""6"",""AttNativeLevelL3"":""6"",""AttNativeLevelL4"":""6"",""AttMothertongueL1"":""6"",""AttMothertongueL2"":""6"",""AttMothertongueL3"":""4"",""AttMothertongueL4"":""6""}","survey-html-form","816","1369314","0.0-33.0","697cab1603c68e76a4d71eb0","69d7901e3430d13455efb336","69e64da50ae771d97090e177","","","","","","","","","","","attitudes_info",""
"44558","a","html-keyboard-response","817","1413873","0.0-34.0","697cab1603c68e76a4d71eb0","69d7901e3430d13455efb336","69e64da50ae771d97090e177","<p style=""font-size: 30px""><u>Goal of the study:</u> This experiment intends to test if people with more experience with more languages are more capable of unconsciously processing statistical information of new words. The alien words you saw at the beginning of the study belonged to two different languages, and this difference was displayed in how word parts were assembled together. Thank you for your participation!</p>
      <p style=""font-size: 30px"">Data upload will take a few seconds. Please wait briefly, then you will be redirected to Prolific with your completion code. Press any key now to do so.</p>","","","","","","","","","","",""
