"rt","response","trial_type","trial_index","time_elapsed","internal_node_id","subject_id","study_id","session_id","stimulus","question_order","success","task","item","correct_response","testing_condition","correct","target","confound","name"
"21963","{""ID"":""67407b1fdd5d63e5b542d325""}","survey-html-form","0","21965","0.0-0.0","67407b1fdd5d63e5b542d325","69d7901e3430d13455efb336","69e8b649ba24d5ff4f3b7b5d","","","","","","","","","","",""
"183496"," ","html-keyboard-response","1","205464","0.0-1.0","67407b1fdd5d63e5b542d325","69d7901e3430d13455efb336","69e8b649ba24d5ff4f3b7b5d","<p style=""font-size: 30px;"">Before beginning, we ask that you read the consent information and confirm your agreement to participate in the experiment.</p>
      <p style=""font-size: 30px;""> We ask that you remember that this is a research project and that your participation is entirely voluntary. You can stop your participation at any time, without needing to provide any explanation. The study we're asking you to participate in aims at examining how readers process written words. You will be engaged in a session of apprximately 25-30 minutes, followed by a brief questionnaire. You will have the opportunity to take a few breaks during the experiment. You will be paid £4 for your participation, corresponding to a rate of £8/hour. While this experiment looks at cognitive faculties, this experiment doesn't constitute clinical proof of eventual pathologies.</p>
      <p style=""font-size: 30px;"">All of the information collected thanks to yours and others' participation will be held in a secure password-protected server, and will not be shared with anyone not authorised to view it. Your personal information will be kept with an arbitrary participant ID. Thanks to this data anonymity process, any researcher analysing the data won't be able to track the information back to a specific participant. Therefore, this process will make identifying you impossibile, even when results from the study will be published in scientific reviews, presented at congresses, or at any other public forum. More generally, the collected data will be treated in accordance with the laws on privacy and conformity to the Legislative Degree n. 196 ""Code regarding the protection of personal data"" of the 30th of June 2003 and to the European Regulation 2016/670 (General Data Protection Regulation - GDPR). The Data Protection Officer is Avv. Valentina Carollo, who can be contacted at the following email addresses: <a href=""mailto:dpo@sissa.it"">dpo@sissa.it</a> or <a href=""mailto:rpd@sissa.it"">rpd@sissa.it</a> - PEC: <a href=""mailto:protocollo@pec.sissa.it"">protocollo@pec.sissa.it</a>.</p>
      <p style=""font-size: 30px;""> Before expressing your consent to participate, we would like to remind you again that in case you need explanations on any aspect of the experimental procedure, the researcher is at your disposition (<a href=""mailto:aliebelt@sissa.it"">aliebelt@sissa.it</a>, <a href=""mailto:davide.crepaldi@sissa.it"">davide.crepaldi@sissa.it</a>). Please feel free to contact the researcher through the Messaging feature on Prolific if you have any questions or issues.</p>
      <p style=""font-size: 30px;"">If you would like to download the informed consent form, you can do so here: <a href=""BASL-Informed_Consent.pdf"" download>informed consent form</a>.</p>
      <p style=""font-size: 30px;"">We ask that you press the spacebar to proceed to the consent section.</p>","","","","","","","","","",""
"21915","{""consent1"":""YES"",""consent2"":""YES"",""consent3"":""YES"",""consent4"":""YES"",""consent5"":""YES"",""consent6"":""YES""}","survey-html-form","2","227381","0.0-2.0","67407b1fdd5d63e5b542d325","69d7901e3430d13455efb336","69e8b649ba24d5ff4f3b7b5d","","","","","","","","","","",""
"18394","{""Languages"":[""English"",""Italian""]}","survey-multi-select","3","245816","0.0-3.0-0.0","67407b1fdd5d63e5b542d325","69d7901e3430d13455efb336","69e8b649ba24d5ff4f3b7b5d","","[0]","","","","","","","","",""
"4622","","fullscreen","4","251447","0.0-4.0","67407b1fdd5d63e5b542d325","69d7901e3430d13455efb336","69e8b649ba24d5ff4f3b7b5d","","","true","","","","","","","",""
"36364"," ","html-keyboard-response","5","287812","0.0-5.0","67407b1fdd5d63e5b542d325","69d7901e3430d13455efb336","69e8b649ba24d5ff4f3b7b5d","<p style=""font-size: 30px"">Welcome, and thank you very much for your time!</p>
      <p style=""font-size: 30px"">In this experiment, you'll be a language expert who's been asked to take a look at words that Earth has received in its first communication with aliens. Your task, in this first part of the experiment, is to pay close attention to the words you'll be shown; later, world leaders will ask you questions on what you saw. The words will be shown to you quite quickly; it seems that the aliens were in a hurry :-)</p>
      <p style=""font-size: 30px"">Press the spacebar to continue.<p>","","","","","","","","","",""
"null","null","html-keyboard-response","6","287821","0.0-6.0","67407b1fdd5d63e5b542d325","69d7901e3430d13455efb336","69e8b649ba24d5ff4f3b7b5d","<p style=""font-size: 1px; font-family: FragmentMono""> x </p>","","","","","","","","","",""
"null","null","html-keyboard-response","7","288836","0.0-7.0-0.0","67407b1fdd5d63e5b542d325","69d7901e3430d13455efb336","69e8b649ba24d5ff4f3b7b5d","<p style=""font-size: 60px; font-family: FragmentMono"">WOFHPEX</p>","","","training","","","","","","",""
"null","null","html-keyboard-response","8","289840","0.0-7.0-0.1","67407b1fdd5d63e5b542d325","69d7901e3430d13455efb336","69e8b649ba24d5ff4f3b7b5d","<p style=""font-size: 60px; font-family: FragmentMono"">OEDRAXHO</p>","","","training","","","","","","",""
"null","null","html-keyboard-response","9","290856","0.0-7.0-0.2","67407b1fdd5d63e5b542d325","69d7901e3430d13455efb336","69e8b649ba24d5ff4f3b7b5d","<p style=""font-size: 60px; font-family: FragmentMono"">GHRJQJWTI</p>","","","training","","","","","","",""
"null","null","html-keyboard-response","10","291857","0.0-7.0-0.3","67407b1fdd5d63e5b542d325","69d7901e3430d13455efb336","69e8b649ba24d5ff4f3b7b5d","<p style=""font-size: 60px; font-family: FragmentMono"">MXCUIEHK</p>","","","training","","","","","","",""
"null","null","html-keyboard-response","11","292868","0.0-7.0-0.4","67407b1fdd5d63e5b542d325","69d7901e3430d13455efb336","69e8b649ba24d5ff4f3b7b5d","<p style=""font-size: 60px; font-family: FragmentMono"">FPKYBWGO</p>","","","training","","","","","","",""
"null","null","html-keyboard-response","12","293875","0.0-7.0-0.5","67407b1fdd5d63e5b542d325","69d7901e3430d13455efb336","69e8b649ba24d5ff4f3b7b5d","<p style=""font-size: 60px; font-family: FragmentMono"">ZUKXOXHO</p>","","","training","","","","","","",""
"null","null","html-keyboard-response","13","294890","0.0-7.0-0.6","67407b1fdd5d63e5b542d325","69d7901e3430d13455efb336","69e8b649ba24d5ff4f3b7b5d","<p style=""font-size: 60px; font-family: FragmentMono"">UABSUXS</p>","","","training","","","","","","",""
"null","null","html-keyboard-response","14","295902","0.0-7.0-0.7","67407b1fdd5d63e5b542d325","69d7901e3430d13455efb336","69e8b649ba24d5ff4f3b7b5d","<p style=""font-size: 60px; font-family: FragmentMono"">OEDRAPEX</p>","","","training","","","","","","",""
"null","null","html-keyboard-response","15","296918","0.0-7.0-0.8","67407b1fdd5d63e5b542d325","69d7901e3430d13455efb336","69e8b649ba24d5ff4f3b7b5d","<p style=""font-size: 60px; font-family: FragmentMono"">ZKGBFBWGO</p>","","","training","","","","","","",""
"null","null","html-keyboard-response","16","297920","0.0-7.0-0.9","67407b1fdd5d63e5b542d325","69d7901e3430d13455efb336","69e8b649ba24d5ff4f3b7b5d","<p style=""font-size: 60px; font-family: FragmentMono"">XNZCUPHS</p>","","","training","","","","","","",""
"null","null","html-keyboard-response","17","298935","0.0-7.0-0.10","67407b1fdd5d63e5b542d325","69d7901e3430d13455efb336","69e8b649ba24d5ff4f3b7b5d","<p style=""font-size: 60px; font-family: FragmentMono"">PSZTQTWYN</p>","","","training","","","","","","",""
"null","null","html-keyboard-response","18","299947","0.0-7.0-0.11","67407b1fdd5d63e5b542d325","69d7901e3430d13455efb336","69e8b649ba24d5ff4f3b7b5d","<p style=""font-size: 60px; font-family: FragmentMono"">ZUKXOPEX</p>","","","training","","","","","","",""
"null","null","html-keyboard-response","19","300959","0.0-7.0-0.12","67407b1fdd5d63e5b542d325","69d7901e3430d13455efb336","69e8b649ba24d5ff4f3b7b5d","<p style=""font-size: 60px; font-family: FragmentMono"">PSZTQRBO</p>","","","training","","","","","","",""
"null","null","html-keyboard-response","20","301965","0.0-7.0-0.13","67407b1fdd5d63e5b542d325","69d7901e3430d13455efb336","69e8b649ba24d5ff4f3b7b5d","<p style=""font-size: 60px; font-family: FragmentMono"">ZIKMOUXS</p>","","","training","","","","","","",""
"null","null","html-keyboard-response","21","302979","0.0-7.0-0.14","67407b1fdd5d63e5b542d325","69d7901e3430d13455efb336","69e8b649ba24d5ff4f3b7b5d","<p style=""font-size: 60px; font-family: FragmentMono"">ZKGBFKUZ</p>","","","training","","","","","","",""
"null","null","html-keyboard-response","22","303993","0.0-7.0-0.15","67407b1fdd5d63e5b542d325","69d7901e3430d13455efb336","69e8b649ba24d5ff4f3b7b5d","<p style=""font-size: 60px; font-family: FragmentMono"">ESDZQJWTI</p>","","","training","","","","","","",""
"null","null","html-keyboard-response","23","304999","0.0-7.0-0.16","67407b1fdd5d63e5b542d325","69d7901e3430d13455efb336","69e8b649ba24d5ff4f3b7b5d","<p style=""font-size: 60px; font-family: FragmentMono"">SEWIYXHO</p>","","","training","","","","","","",""
"null","null","html-keyboard-response","24","306015","0.0-7.0-0.17","67407b1fdd5d63e5b542d325","69d7901e3430d13455efb336","69e8b649ba24d5ff4f3b7b5d","<p style=""font-size: 60px; font-family: FragmentMono"">LUCWDUXS</p>","","","training","","","","","","",""
"null","null","html-keyboard-response","25","307029","0.0-7.0-0.18","67407b1fdd5d63e5b542d325","69d7901e3430d13455efb336","69e8b649ba24d5ff4f3b7b5d","<p style=""font-size: 60px; font-family: FragmentMono"">KVAQWEHK</p>","","","training","","","","","","",""
"null","null","html-keyboard-response","26","308045","0.0-7.0-0.19","67407b1fdd5d63e5b542d325","69d7901e3430d13455efb336","69e8b649ba24d5ff4f3b7b5d","<p style=""font-size: 60px; font-family: FragmentMono"">LUCWDRBO</p>","","","training","","","","","","",""
"null","null","html-keyboard-response","27","309047","0.0-7.0-0.20","67407b1fdd5d63e5b542d325","69d7901e3430d13455efb336","69e8b649ba24d5ff4f3b7b5d","<p style=""font-size: 60px; font-family: FragmentMono"">MXCUITWYN</p>","","","training","","","","","","",""
"null","null","html-keyboard-response","28","310049","0.0-7.0-0.21","67407b1fdd5d63e5b542d325","69d7901e3430d13455efb336","69e8b649ba24d5ff4f3b7b5d","<p style=""font-size: 60px; font-family: FragmentMono"">ESDZQBWGO</p>","","","training","","","","","","",""
"null","null","html-keyboard-response","29","311057","0.0-7.0-0.22","67407b1fdd5d63e5b542d325","69d7901e3430d13455efb336","69e8b649ba24d5ff4f3b7b5d","<p style=""font-size: 60px; font-family: FragmentMono"">FPKYKUZ</p>","","","training","","","","","","",""
"null","null","html-keyboard-response","30","312073","0.0-7.0-0.23","67407b1fdd5d63e5b542d325","69d7901e3430d13455efb336","69e8b649ba24d5ff4f3b7b5d","<p style=""font-size: 60px; font-family: FragmentMono"">WOFHBWGO</p>","","","training","","","","","","",""
"null","null","html-keyboard-response","31","313080","0.0-7.0-0.24","67407b1fdd5d63e5b542d325","69d7901e3430d13455efb336","69e8b649ba24d5ff4f3b7b5d","<p style=""font-size: 60px; font-family: FragmentMono"">GHRJQKUZ</p>","","","training","","","","","","",""
"null","null","html-keyboard-response","32","314087","0.0-7.0-0.25","67407b1fdd5d63e5b542d325","69d7901e3430d13455efb336","69e8b649ba24d5ff4f3b7b5d","<p style=""font-size: 60px; font-family: FragmentMono"">CQPCOPEX</p>","","","training","","","","","","",""
"null","null","html-keyboard-response","33","315096","0.0-7.0-0.26","67407b1fdd5d63e5b542d325","69d7901e3430d13455efb336","69e8b649ba24d5ff4f3b7b5d","<p style=""font-size: 60px; font-family: FragmentMono"">SEWIYKUZ</p>","","","training","","","","","","",""
"null","null","html-keyboard-response","34","316108","0.0-7.0-0.27","67407b1fdd5d63e5b542d325","69d7901e3430d13455efb336","69e8b649ba24d5ff4f3b7b5d","<p style=""font-size: 60px; font-family: FragmentMono"">DOFTBTWYN</p>","","","training","","","","","","",""
"null","null","html-keyboard-response","35","317123","0.0-7.0-0.28","67407b1fdd5d63e5b542d325","69d7901e3430d13455efb336","69e8b649ba24d5ff4f3b7b5d","<p style=""font-size: 60px; font-family: FragmentMono"">ZIKMORBO</p>","","","training","","","","","","",""
"null","null","html-keyboard-response","36","318136","0.0-7.0-0.29","67407b1fdd5d63e5b542d325","69d7901e3430d13455efb336","69e8b649ba24d5ff4f3b7b5d","<p style=""font-size: 60px; font-family: FragmentMono"">PSZTQEHK</p>","","","training","","","","","","",""
"null","null","html-keyboard-response","37","319137","0.0-7.0-0.30","67407b1fdd5d63e5b542d325","69d7901e3430d13455efb336","69e8b649ba24d5ff4f3b7b5d","<p style=""font-size: 60px; font-family: FragmentMono"">UABSUPHS</p>","","","training","","","","","","",""
"null","null","html-keyboard-response","38","320138","0.0-7.0-0.31","67407b1fdd5d63e5b542d325","69d7901e3430d13455efb336","69e8b649ba24d5ff4f3b7b5d","<p style=""font-size: 60px; font-family: FragmentMono"">ESDZQKUZ</p>","","","training","","","","","","",""
"null","null","html-keyboard-response","39","321139","0.0-7.0-0.32","67407b1fdd5d63e5b542d325","69d7901e3430d13455efb336","69e8b649ba24d5ff4f3b7b5d","<p style=""font-size: 60px; font-family: FragmentMono"">UABSTWYN</p>","","","training","","","","","","",""
"null","null","html-keyboard-response","40","322152","0.0-7.0-0.33","67407b1fdd5d63e5b542d325","69d7901e3430d13455efb336","69e8b649ba24d5ff4f3b7b5d","<p style=""font-size: 60px; font-family: FragmentMono"">LUCWDEHK</p>","","","training","","","","","","",""
"null","null","html-keyboard-response","41","323160","0.0-7.0-0.34","67407b1fdd5d63e5b542d325","69d7901e3430d13455efb336","69e8b649ba24d5ff4f3b7b5d","<p style=""font-size: 60px; font-family: FragmentMono"">ESDZQXHO</p>","","","training","","","","","","",""
"null","null","html-keyboard-response","42","324161","0.0-7.0-0.35","67407b1fdd5d63e5b542d325","69d7901e3430d13455efb336","69e8b649ba24d5ff4f3b7b5d","<p style=""font-size: 60px; font-family: FragmentMono"">UABSRBO</p>","","","training","","","","","","",""
"null","null","html-keyboard-response","43","325169","0.0-7.0-0.36","67407b1fdd5d63e5b542d325","69d7901e3430d13455efb336","69e8b649ba24d5ff4f3b7b5d","<p style=""font-size: 60px; font-family: FragmentMono"">TREHXHO</p>","","","training","","","","","","",""
"null","null","html-keyboard-response","44","326183","0.0-7.0-0.37","67407b1fdd5d63e5b542d325","69d7901e3430d13455efb336","69e8b649ba24d5ff4f3b7b5d","<p style=""font-size: 60px; font-family: FragmentMono"">SEWIYJWTI</p>","","","training","","","","","","",""
"null","null","html-keyboard-response","45","327184","0.0-7.0-0.38","67407b1fdd5d63e5b542d325","69d7901e3430d13455efb336","69e8b649ba24d5ff4f3b7b5d","<p style=""font-size: 60px; font-family: FragmentMono"">KVAQWUXS</p>","","","training","","","","","","",""
"null","null","html-keyboard-response","46","328187","0.0-7.0-0.39","67407b1fdd5d63e5b542d325","69d7901e3430d13455efb336","69e8b649ba24d5ff4f3b7b5d","<p style=""font-size: 60px; font-family: FragmentMono"">TREHKUZ</p>","","","training","","","","","","",""
"null","null","html-keyboard-response","47","329198","0.0-7.0-0.40","67407b1fdd5d63e5b542d325","69d7901e3430d13455efb336","69e8b649ba24d5ff4f3b7b5d","<p style=""font-size: 60px; font-family: FragmentMono"">PSZTQUPHS</p>","","","training","","","","","","",""
"null","null","html-keyboard-response","48","330198","0.0-7.0-0.41","67407b1fdd5d63e5b542d325","69d7901e3430d13455efb336","69e8b649ba24d5ff4f3b7b5d","<p style=""font-size: 60px; font-family: FragmentMono"">GHRJQXHO</p>","","","training","","","","","","",""
"null","null","html-keyboard-response","49","331212","0.0-7.0-0.42","67407b1fdd5d63e5b542d325","69d7901e3430d13455efb336","69e8b649ba24d5ff4f3b7b5d","<p style=""font-size: 60px; font-family: FragmentMono"">CQPCOJWTI</p>","","","training","","","","","","",""
"null","null","html-keyboard-response","50","332218","0.0-7.0-0.43","67407b1fdd5d63e5b542d325","69d7901e3430d13455efb336","69e8b649ba24d5ff4f3b7b5d","<p style=""font-size: 60px; font-family: FragmentMono"">ZUKXOKUZ</p>","","","training","","","","","","",""
"null","null","html-keyboard-response","51","333233","0.0-7.0-0.44","67407b1fdd5d63e5b542d325","69d7901e3430d13455efb336","69e8b649ba24d5ff4f3b7b5d","<p style=""font-size: 60px; font-family: FragmentMono"">KVAQWTWYN</p>","","","training","","","","","","",""
"null","null","html-keyboard-response","52","334235","0.0-7.0-0.45","67407b1fdd5d63e5b542d325","69d7901e3430d13455efb336","69e8b649ba24d5ff4f3b7b5d","<p style=""font-size: 60px; font-family: FragmentMono"">WOFHKUZ</p>","","","training","","","","","","",""
"null","null","html-keyboard-response","53","335247","0.0-7.0-0.46","67407b1fdd5d63e5b542d325","69d7901e3430d13455efb336","69e8b649ba24d5ff4f3b7b5d","<p style=""font-size: 60px; font-family: FragmentMono"">CQPCOBWGO</p>","","","training","","","","","","",""
"null","null","html-keyboard-response","54","336248","0.0-7.0-0.47","67407b1fdd5d63e5b542d325","69d7901e3430d13455efb336","69e8b649ba24d5ff4f3b7b5d","<p style=""font-size: 60px; font-family: FragmentMono"">ZUKXOJWTI</p>","","","training","","","","","","",""
"null","null","html-keyboard-response","55","337250","0.0-7.0-0.48","67407b1fdd5d63e5b542d325","69d7901e3430d13455efb336","69e8b649ba24d5ff4f3b7b5d","<p style=""font-size: 60px; font-family: FragmentMono"">THVXZUPHS</p>","","","training","","","","","","",""
"null","null","html-keyboard-response","56","338262","0.0-7.0-0.49","67407b1fdd5d63e5b542d325","69d7901e3430d13455efb336","69e8b649ba24d5ff4f3b7b5d","<p style=""font-size: 60px; font-family: FragmentMono"">CQPCOXHO</p>","","","training","","","","","","",""
"null","null","html-keyboard-response","57","339271","0.0-7.0-0.50","67407b1fdd5d63e5b542d325","69d7901e3430d13455efb336","69e8b649ba24d5ff4f3b7b5d","<p style=""font-size: 60px; font-family: FragmentMono"">SEWIYPEX</p>","","","training","","","","","","",""
"null","null","html-keyboard-response","58","340275","0.0-7.0-0.51","67407b1fdd5d63e5b542d325","69d7901e3430d13455efb336","69e8b649ba24d5ff4f3b7b5d","<p style=""font-size: 60px; font-family: FragmentMono"">THVXZUXS</p>","","","training","","","","","","",""
"null","null","html-keyboard-response","59","341281","0.0-7.0-0.52","67407b1fdd5d63e5b542d325","69d7901e3430d13455efb336","69e8b649ba24d5ff4f3b7b5d","<p style=""font-size: 60px; font-family: FragmentMono"">XNZCRBO</p>","","","training","","","","","","",""
"null","null","html-keyboard-response","60","342282","0.0-7.0-0.53","67407b1fdd5d63e5b542d325","69d7901e3430d13455efb336","69e8b649ba24d5ff4f3b7b5d","<p style=""font-size: 60px; font-family: FragmentMono"">XBQDUXS</p>","","","training","","","","","","",""
"null","null","html-keyboard-response","61","343285","0.0-7.0-0.54","67407b1fdd5d63e5b542d325","69d7901e3430d13455efb336","69e8b649ba24d5ff4f3b7b5d","<p style=""font-size: 60px; font-family: FragmentMono"">XNZCTWYN</p>","","","training","","","","","","",""
"null","null","html-keyboard-response","62","344287","0.0-7.0-0.55","67407b1fdd5d63e5b542d325","69d7901e3430d13455efb336","69e8b649ba24d5ff4f3b7b5d","<p style=""font-size: 60px; font-family: FragmentMono"">KVAQWUPHS</p>","","","training","","","","","","",""
"null","null","html-keyboard-response","63","345295","0.0-7.0-0.56","67407b1fdd5d63e5b542d325","69d7901e3430d13455efb336","69e8b649ba24d5ff4f3b7b5d","<p style=""font-size: 60px; font-family: FragmentMono"">GHRJQBWGO</p>","","","training","","","","","","",""
"null","null","html-keyboard-response","64","346296","0.0-7.0-0.57","67407b1fdd5d63e5b542d325","69d7901e3430d13455efb336","69e8b649ba24d5ff4f3b7b5d","<p style=""font-size: 60px; font-family: FragmentMono"">THVXZRBO</p>","","","training","","","","","","",""
"null","null","html-keyboard-response","65","347300","0.0-7.0-0.58","67407b1fdd5d63e5b542d325","69d7901e3430d13455efb336","69e8b649ba24d5ff4f3b7b5d","<p style=""font-size: 60px; font-family: FragmentMono"">XNZCUXS</p>","","","training","","","","","","",""
"null","null","html-keyboard-response","66","348311","0.0-7.0-0.59","67407b1fdd5d63e5b542d325","69d7901e3430d13455efb336","69e8b649ba24d5ff4f3b7b5d","<p style=""font-size: 60px; font-family: FragmentMono"">XBQDTWYN</p>","","","training","","","","","","",""
"null","null","html-keyboard-response","67","349313","0.0-7.0-0.60","67407b1fdd5d63e5b542d325","69d7901e3430d13455efb336","69e8b649ba24d5ff4f3b7b5d","<p style=""font-size: 60px; font-family: FragmentMono"">OEDRAJWTI</p>","","","training","","","","","","",""
"null","null","html-keyboard-response","68","350327","0.0-7.0-0.61","67407b1fdd5d63e5b542d325","69d7901e3430d13455efb336","69e8b649ba24d5ff4f3b7b5d","<p style=""font-size: 60px; font-family: FragmentMono"">DOFTBUPHS</p>","","","training","","","","","","",""
"null","null","html-keyboard-response","69","351342","0.0-7.0-0.62","67407b1fdd5d63e5b542d325","69d7901e3430d13455efb336","69e8b649ba24d5ff4f3b7b5d","<p style=""font-size: 60px; font-family: FragmentMono"">ZIKMOEHK</p>","","","training","","","","","","",""
"null","null","html-keyboard-response","70","352345","0.0-7.0-0.63","67407b1fdd5d63e5b542d325","69d7901e3430d13455efb336","69e8b649ba24d5ff4f3b7b5d","<p style=""font-size: 60px; font-family: FragmentMono"">ZKGBFPEX</p>","","","training","","","","","","",""
"null","null","html-keyboard-response","71","353346","0.0-7.0-0.64","67407b1fdd5d63e5b542d325","69d7901e3430d13455efb336","69e8b649ba24d5ff4f3b7b5d","<p style=""font-size: 60px; font-family: FragmentMono"">MXCUIRBO</p>","","","training","","","","","","",""
"null","null","html-keyboard-response","72","354347","0.0-7.0-0.65","67407b1fdd5d63e5b542d325","69d7901e3430d13455efb336","69e8b649ba24d5ff4f3b7b5d","<p style=""font-size: 60px; font-family: FragmentMono"">LUCWDTWYN</p>","","","training","","","","","","",""
"null","null","html-keyboard-response","73","355358","0.0-7.0-0.66","67407b1fdd5d63e5b542d325","69d7901e3430d13455efb336","69e8b649ba24d5ff4f3b7b5d","<p style=""font-size: 60px; font-family: FragmentMono"">THVXZEHK</p>","","","training","","","","","","",""
"null","null","html-keyboard-response","74","356359","0.0-7.0-0.67","67407b1fdd5d63e5b542d325","69d7901e3430d13455efb336","69e8b649ba24d5ff4f3b7b5d","<p style=""font-size: 60px; font-family: FragmentMono"">MXCUIUXS</p>","","","training","","","","","","",""
"null","null","html-keyboard-response","75","357361","0.0-7.0-0.68","67407b1fdd5d63e5b542d325","69d7901e3430d13455efb336","69e8b649ba24d5ff4f3b7b5d","<p style=""font-size: 60px; font-family: FragmentMono"">FPKYXHO</p>","","","training","","","","","","",""
"null","null","html-keyboard-response","76","358371","0.0-7.0-0.69","67407b1fdd5d63e5b542d325","69d7901e3430d13455efb336","69e8b649ba24d5ff4f3b7b5d","<p style=""font-size: 60px; font-family: FragmentMono"">XBQDEHK</p>","","","training","","","","","","",""
"null","null","html-keyboard-response","77","359387","0.0-7.0-0.70","67407b1fdd5d63e5b542d325","69d7901e3430d13455efb336","69e8b649ba24d5ff4f3b7b5d","<p style=""font-size: 60px; font-family: FragmentMono"">WOFHJWTI</p>","","","training","","","","","","",""
"null","null","html-keyboard-response","78","360392","0.0-7.0-0.71","67407b1fdd5d63e5b542d325","69d7901e3430d13455efb336","69e8b649ba24d5ff4f3b7b5d","<p style=""font-size: 60px; font-family: FragmentMono"">XBQDUPHS</p>","","","training","","","","","","",""
"null","null","html-keyboard-response","79","361407","0.0-7.0-0.72","67407b1fdd5d63e5b542d325","69d7901e3430d13455efb336","69e8b649ba24d5ff4f3b7b5d","<p style=""font-size: 60px; font-family: FragmentMono"">DOFTBEHK</p>","","","training","","","","","","",""
"null","null","html-keyboard-response","80","362412","0.0-7.0-0.73","67407b1fdd5d63e5b542d325","69d7901e3430d13455efb336","69e8b649ba24d5ff4f3b7b5d","<p style=""font-size: 60px; font-family: FragmentMono"">TREHPEX</p>","","","training","","","","","","",""
"null","null","html-keyboard-response","81","363422","0.0-7.0-0.74","67407b1fdd5d63e5b542d325","69d7901e3430d13455efb336","69e8b649ba24d5ff4f3b7b5d","<p style=""font-size: 60px; font-family: FragmentMono"">DOFTBRBO</p>","","","training","","","","","","",""
"null","null","html-keyboard-response","82","364434","0.0-7.0-0.75","67407b1fdd5d63e5b542d325","69d7901e3430d13455efb336","69e8b649ba24d5ff4f3b7b5d","<p style=""font-size: 60px; font-family: FragmentMono"">ZKGBFJWTI</p>","","","training","","","","","","",""
"null","null","html-keyboard-response","83","365440","0.0-7.0-0.76","67407b1fdd5d63e5b542d325","69d7901e3430d13455efb336","69e8b649ba24d5ff4f3b7b5d","<p style=""font-size: 60px; font-family: FragmentMono"">OEDRABWGO</p>","","","training","","","","","","",""
"null","null","html-keyboard-response","84","366456","0.0-7.0-0.77","67407b1fdd5d63e5b542d325","69d7901e3430d13455efb336","69e8b649ba24d5ff4f3b7b5d","<p style=""font-size: 60px; font-family: FragmentMono"">ZIKMOUPHS</p>","","","training","","","","","","",""
"null","null","html-keyboard-response","85","367458","0.0-7.0-0.78","67407b1fdd5d63e5b542d325","69d7901e3430d13455efb336","69e8b649ba24d5ff4f3b7b5d","<p style=""font-size: 60px; font-family: FragmentMono"">FPKYPEX</p>","","","training","","","","","","",""
"null","null","html-keyboard-response","86","368460","0.0-7.0-0.79","67407b1fdd5d63e5b542d325","69d7901e3430d13455efb336","69e8b649ba24d5ff4f3b7b5d","<p style=""font-size: 60px; font-family: FragmentMono"">TREHBWGO</p>","","","training","","","","","","",""
"8506"," ","html-keyboard-response","87","376966","0.0-8.0","67407b1fdd5d63e5b542d325","69d7901e3430d13455efb336","69e8b649ba24d5ff4f3b7b5d","<p style=""font-size: 30px"">Great, you've seen the first block of words. You may now take a short break.</p>
      <p style=""font-size: 30px"">Press the spacebar when you're ready to continue.</p>","","","","","","","","","",""
"null","null","html-keyboard-response","88","377981","0.0-9.0-0.0","67407b1fdd5d63e5b542d325","69d7901e3430d13455efb336","69e8b649ba24d5ff4f3b7b5d","<p style=""font-size: 60px; font-family: FragmentMono"">FPKYPEX</p>","","","training","","","","","","",""
"null","null","html-keyboard-response","89","378991","0.0-9.0-0.1","67407b1fdd5d63e5b542d325","69d7901e3430d13455efb336","69e8b649ba24d5ff4f3b7b5d","<p style=""font-size: 60px; font-family: FragmentMono"">WOFHKUZ</p>","","","training","","","","","","",""
"null","null","html-keyboard-response","90","379992","0.0-9.0-0.2","67407b1fdd5d63e5b542d325","69d7901e3430d13455efb336","69e8b649ba24d5ff4f3b7b5d","<p style=""font-size: 60px; font-family: FragmentMono"">FPKYBWGO</p>","","","training","","","","","","",""
"null","null","html-keyboard-response","91","380993","0.0-9.0-0.3","67407b1fdd5d63e5b542d325","69d7901e3430d13455efb336","69e8b649ba24d5ff4f3b7b5d","<p style=""font-size: 60px; font-family: FragmentMono"">SEWIYJWTI</p>","","","training","","","","","","",""
"null","null","html-keyboard-response","92","381998","0.0-9.0-0.4","67407b1fdd5d63e5b542d325","69d7901e3430d13455efb336","69e8b649ba24d5ff4f3b7b5d","<p style=""font-size: 60px; font-family: FragmentMono"">OEDRAPEX</p>","","","training","","","","","","",""
"null","null","html-keyboard-response","93","382999","0.0-9.0-0.5","67407b1fdd5d63e5b542d325","69d7901e3430d13455efb336","69e8b649ba24d5ff4f3b7b5d","<p style=""font-size: 60px; font-family: FragmentMono"">TREHBWGO</p>","","","training","","","","","","",""
"null","null","html-keyboard-response","94","384005","0.0-9.0-0.6","67407b1fdd5d63e5b542d325","69d7901e3430d13455efb336","69e8b649ba24d5ff4f3b7b5d","<p style=""font-size: 60px; font-family: FragmentMono"">ZUKXOPEX</p>","","","training","","","","","","",""
"null","null","html-keyboard-response","95","385016","0.0-9.0-0.7","67407b1fdd5d63e5b542d325","69d7901e3430d13455efb336","69e8b649ba24d5ff4f3b7b5d","<p style=""font-size: 60px; font-family: FragmentMono"">ESDZQBWGO</p>","","","training","","","","","","",""
"null","null","html-keyboard-response","96","386026","0.0-9.0-0.8","67407b1fdd5d63e5b542d325","69d7901e3430d13455efb336","69e8b649ba24d5ff4f3b7b5d","<p style=""font-size: 60px; font-family: FragmentMono"">XNZCUPHS</p>","","","training","","","","","","",""
"null","null","html-keyboard-response","97","387028","0.0-9.0-0.9","67407b1fdd5d63e5b542d325","69d7901e3430d13455efb336","69e8b649ba24d5ff4f3b7b5d","<p style=""font-size: 60px; font-family: FragmentMono"">TREHXHO</p>","","","training","","","","","","",""
"null","null","html-keyboard-response","98","388039","0.0-9.0-0.10","67407b1fdd5d63e5b542d325","69d7901e3430d13455efb336","69e8b649ba24d5ff4f3b7b5d","<p style=""font-size: 60px; font-family: FragmentMono"">XBQDEHK</p>","","","training","","","","","","",""
"null","null","html-keyboard-response","99","389040","0.0-9.0-0.11","67407b1fdd5d63e5b542d325","69d7901e3430d13455efb336","69e8b649ba24d5ff4f3b7b5d","<p style=""font-size: 60px; font-family: FragmentMono"">OEDRAXHO</p>","","","training","","","","","","",""
"null","null","html-keyboard-response","100","390041","0.0-9.0-0.12","67407b1fdd5d63e5b542d325","69d7901e3430d13455efb336","69e8b649ba24d5ff4f3b7b5d","<p style=""font-size: 60px; font-family: FragmentMono"">ZUKXOKUZ</p>","","","training","","","","","","",""
"null","null","html-keyboard-response","101","391042","0.0-9.0-0.13","67407b1fdd5d63e5b542d325","69d7901e3430d13455efb336","69e8b649ba24d5ff4f3b7b5d","<p style=""font-size: 60px; font-family: FragmentMono"">CQPCOXHO</p>","","","training","","","","","","",""
"null","null","html-keyboard-response","102","392055","0.0-9.0-0.14","67407b1fdd5d63e5b542d325","69d7901e3430d13455efb336","69e8b649ba24d5ff4f3b7b5d","<p style=""font-size: 60px; font-family: FragmentMono"">XBQDUPHS</p>","","","training","","","","","","",""
"null","null","html-keyboard-response","103","393060","0.0-9.0-0.15","67407b1fdd5d63e5b542d325","69d7901e3430d13455efb336","69e8b649ba24d5ff4f3b7b5d","<p style=""font-size: 60px; font-family: FragmentMono"">LUCWDTWYN</p>","","","training","","","","","","",""
"null","null","html-keyboard-response","104","394076","0.0-9.0-0.16","67407b1fdd5d63e5b542d325","69d7901e3430d13455efb336","69e8b649ba24d5ff4f3b7b5d","<p style=""font-size: 60px; font-family: FragmentMono"">KVAQWUPHS</p>","","","training","","","","","","",""
"null","null","html-keyboard-response","105","395077","0.0-9.0-0.17","67407b1fdd5d63e5b542d325","69d7901e3430d13455efb336","69e8b649ba24d5ff4f3b7b5d","<p style=""font-size: 60px; font-family: FragmentMono"">ESDZQXHO</p>","","","training","","","","","","",""
"null","null","html-keyboard-response","106","396083","0.0-9.0-0.18","67407b1fdd5d63e5b542d325","69d7901e3430d13455efb336","69e8b649ba24d5ff4f3b7b5d","<p style=""font-size: 60px; font-family: FragmentMono"">WOFHPEX</p>","","","training","","","","","","",""
"null","null","html-keyboard-response","107","397083","0.0-9.0-0.19","67407b1fdd5d63e5b542d325","69d7901e3430d13455efb336","69e8b649ba24d5ff4f3b7b5d","<p style=""font-size: 60px; font-family: FragmentMono"">ZKGBFKUZ</p>","","","training","","","","","","",""
"null","null","html-keyboard-response","108","398095","0.0-9.0-0.20","67407b1fdd5d63e5b542d325","69d7901e3430d13455efb336","69e8b649ba24d5ff4f3b7b5d","<p style=""font-size: 60px; font-family: FragmentMono"">OEDRAJWTI</p>","","","training","","","","","","",""
"null","null","html-keyboard-response","109","399101","0.0-9.0-0.21","67407b1fdd5d63e5b542d325","69d7901e3430d13455efb336","69e8b649ba24d5ff4f3b7b5d","<p style=""font-size: 60px; font-family: FragmentMono"">UABSRBO</p>","","","training","","","","","","",""
"null","null","html-keyboard-response","110","400102","0.0-9.0-0.22","67407b1fdd5d63e5b542d325","69d7901e3430d13455efb336","69e8b649ba24d5ff4f3b7b5d","<p style=""font-size: 60px; font-family: FragmentMono"">KVAQWTWYN</p>","","","training","","","","","","",""
"null","null","html-keyboard-response","111","401107","0.0-9.0-0.23","67407b1fdd5d63e5b542d325","69d7901e3430d13455efb336","69e8b649ba24d5ff4f3b7b5d","<p style=""font-size: 60px; font-family: FragmentMono"">PSZTQUPHS</p>","","","training","","","","","","",""
"null","null","html-keyboard-response","112","402109","0.0-9.0-0.24","67407b1fdd5d63e5b542d325","69d7901e3430d13455efb336","69e8b649ba24d5ff4f3b7b5d","<p style=""font-size: 60px; font-family: FragmentMono"">THVXZRBO</p>","","","training","","","","","","",""
"null","null","html-keyboard-response","113","403122","0.0-9.0-0.25","67407b1fdd5d63e5b542d325","69d7901e3430d13455efb336","69e8b649ba24d5ff4f3b7b5d","<p style=""font-size: 60px; font-family: FragmentMono"">XBQDTWYN</p>","","","training","","","","","","",""
"null","null","html-keyboard-response","114","404126","0.0-9.0-0.26","67407b1fdd5d63e5b542d325","69d7901e3430d13455efb336","69e8b649ba24d5ff4f3b7b5d","<p style=""font-size: 60px; font-family: FragmentMono"">DOFTBUPHS</p>","","","training","","","","","","",""
"null","null","html-keyboard-response","115","405128","0.0-9.0-0.27","67407b1fdd5d63e5b542d325","69d7901e3430d13455efb336","69e8b649ba24d5ff4f3b7b5d","<p style=""font-size: 60px; font-family: FragmentMono"">ESDZQJWTI</p>","","","training","","","","","","",""
"null","null","html-keyboard-response","116","406143","0.0-9.0-0.28","67407b1fdd5d63e5b542d325","69d7901e3430d13455efb336","69e8b649ba24d5ff4f3b7b5d","<p style=""font-size: 60px; font-family: FragmentMono"">THVXZUXS</p>","","","training","","","","","","",""
"null","null","html-keyboard-response","117","407144","0.0-9.0-0.29","67407b1fdd5d63e5b542d325","69d7901e3430d13455efb336","69e8b649ba24d5ff4f3b7b5d","<p style=""font-size: 60px; font-family: FragmentMono"">KVAQWEHK</p>","","","training","","","","","","",""
"null","null","html-keyboard-response","118","408158","0.0-9.0-0.30","67407b1fdd5d63e5b542d325","69d7901e3430d13455efb336","69e8b649ba24d5ff4f3b7b5d","<p style=""font-size: 60px; font-family: FragmentMono"">GHRJQXHO</p>","","","training","","","","","","",""
"null","null","html-keyboard-response","119","409171","0.0-9.0-0.31","67407b1fdd5d63e5b542d325","69d7901e3430d13455efb336","69e8b649ba24d5ff4f3b7b5d","<p style=""font-size: 60px; font-family: FragmentMono"">ZKGBFJWTI</p>","","","training","","","","","","",""
"null","null","html-keyboard-response","120","410181","0.0-9.0-0.32","67407b1fdd5d63e5b542d325","69d7901e3430d13455efb336","69e8b649ba24d5ff4f3b7b5d","<p style=""font-size: 60px; font-family: FragmentMono"">MXCUIUXS</p>","","","training","","","","","","",""
"null","null","html-keyboard-response","121","411186","0.0-9.0-0.33","67407b1fdd5d63e5b542d325","69d7901e3430d13455efb336","69e8b649ba24d5ff4f3b7b5d","<p style=""font-size: 60px; font-family: FragmentMono"">UABSTWYN</p>","","","training","","","","","","",""
"null","null","html-keyboard-response","122","412187","0.0-9.0-0.34","67407b1fdd5d63e5b542d325","69d7901e3430d13455efb336","69e8b649ba24d5ff4f3b7b5d","<p style=""font-size: 60px; font-family: FragmentMono"">GHRJQBWGO</p>","","","training","","","","","","",""
"null","null","html-keyboard-response","123","413200","0.0-9.0-0.35","67407b1fdd5d63e5b542d325","69d7901e3430d13455efb336","69e8b649ba24d5ff4f3b7b5d","<p style=""font-size: 60px; font-family: FragmentMono"">XNZCRBO</p>","","","training","","","","","","",""
"null","null","html-keyboard-response","124","414202","0.0-9.0-0.36","67407b1fdd5d63e5b542d325","69d7901e3430d13455efb336","69e8b649ba24d5ff4f3b7b5d","<p style=""font-size: 60px; font-family: FragmentMono"">ZUKXOXHO</p>","","","training","","","","","","",""
"null","null","html-keyboard-response","125","415205","0.0-9.0-0.37","67407b1fdd5d63e5b542d325","69d7901e3430d13455efb336","69e8b649ba24d5ff4f3b7b5d","<p style=""font-size: 60px; font-family: FragmentMono"">LUCWDEHK</p>","","","training","","","","","","",""
"null","null","html-keyboard-response","126","416206","0.0-9.0-0.38","67407b1fdd5d63e5b542d325","69d7901e3430d13455efb336","69e8b649ba24d5ff4f3b7b5d","<p style=""font-size: 60px; font-family: FragmentMono"">FPKYXHO</p>","","","training","","","","","","",""
"null","null","html-keyboard-response","127","417219","0.0-9.0-0.39","67407b1fdd5d63e5b542d325","69d7901e3430d13455efb336","69e8b649ba24d5ff4f3b7b5d","<p style=""font-size: 60px; font-family: FragmentMono"">WOFHJWTI</p>","","","training","","","","","","",""
"null","null","html-keyboard-response","128","418232","0.0-9.0-0.40","67407b1fdd5d63e5b542d325","69d7901e3430d13455efb336","69e8b649ba24d5ff4f3b7b5d","<p style=""font-size: 60px; font-family: FragmentMono"">ZKGBFPEX</p>","","","training","","","","","","",""
"null","null","html-keyboard-response","129","419245","0.0-9.0-0.41","67407b1fdd5d63e5b542d325","69d7901e3430d13455efb336","69e8b649ba24d5ff4f3b7b5d","<p style=""font-size: 60px; font-family: FragmentMono"">MXCUIEHK</p>","","","training","","","","","","",""
"null","null","html-keyboard-response","130","420247","0.0-9.0-0.42","67407b1fdd5d63e5b542d325","69d7901e3430d13455efb336","69e8b649ba24d5ff4f3b7b5d","<p style=""font-size: 60px; font-family: FragmentMono"">THVXZUPHS</p>","","","training","","","","","","",""
"null","null","html-keyboard-response","131","421249","0.0-9.0-0.43","67407b1fdd5d63e5b542d325","69d7901e3430d13455efb336","69e8b649ba24d5ff4f3b7b5d","<p style=""font-size: 60px; font-family: FragmentMono"">XBQDUXS</p>","","","training","","","","","","",""
"null","null","html-keyboard-response","132","422250","0.0-9.0-0.44","67407b1fdd5d63e5b542d325","69d7901e3430d13455efb336","69e8b649ba24d5ff4f3b7b5d","<p style=""font-size: 60px; font-family: FragmentMono"">ZIKMORBO</p>","","","training","","","","","","",""
"null","null","html-keyboard-response","133","423251","0.0-9.0-0.45","67407b1fdd5d63e5b542d325","69d7901e3430d13455efb336","69e8b649ba24d5ff4f3b7b5d","<p style=""font-size: 60px; font-family: FragmentMono"">ZUKXOJWTI</p>","","","training","","","","","","",""
"null","null","html-keyboard-response","134","424254","0.0-9.0-0.46","67407b1fdd5d63e5b542d325","69d7901e3430d13455efb336","69e8b649ba24d5ff4f3b7b5d","<p style=""font-size: 60px; font-family: FragmentMono"">XNZCUXS</p>","","","training","","","","","","",""
"null","null","html-keyboard-response","135","425255","0.0-9.0-0.47","67407b1fdd5d63e5b542d325","69d7901e3430d13455efb336","69e8b649ba24d5ff4f3b7b5d","<p style=""font-size: 60px; font-family: FragmentMono"">THVXZEHK</p>","","","training","","","","","","",""
"null","null","html-keyboard-response","136","426265","0.0-9.0-0.48","67407b1fdd5d63e5b542d325","69d7901e3430d13455efb336","69e8b649ba24d5ff4f3b7b5d","<p style=""font-size: 60px; font-family: FragmentMono"">UABSUPHS</p>","","","training","","","","","","",""
"null","null","html-keyboard-response","137","427266","0.0-9.0-0.49","67407b1fdd5d63e5b542d325","69d7901e3430d13455efb336","69e8b649ba24d5ff4f3b7b5d","<p style=""font-size: 60px; font-family: FragmentMono"">DOFTBTWYN</p>","","","training","","","","","","",""
"null","null","html-keyboard-response","138","428281","0.0-9.0-0.50","67407b1fdd5d63e5b542d325","69d7901e3430d13455efb336","69e8b649ba24d5ff4f3b7b5d","<p style=""font-size: 60px; font-family: FragmentMono"">KVAQWUXS</p>","","","training","","","","","","",""
"null","null","html-keyboard-response","139","429289","0.0-9.0-0.51","67407b1fdd5d63e5b542d325","69d7901e3430d13455efb336","69e8b649ba24d5ff4f3b7b5d","<p style=""font-size: 60px; font-family: FragmentMono"">DOFTBEHK</p>","","","training","","","","","","",""
"null","null","html-keyboard-response","140","430303","0.0-9.0-0.52","67407b1fdd5d63e5b542d325","69d7901e3430d13455efb336","69e8b649ba24d5ff4f3b7b5d","<p style=""font-size: 60px; font-family: FragmentMono"">GHRJQJWTI</p>","","","training","","","","","","",""
"null","null","html-keyboard-response","141","431305","0.0-9.0-0.53","67407b1fdd5d63e5b542d325","69d7901e3430d13455efb336","69e8b649ba24d5ff4f3b7b5d","<p style=""font-size: 60px; font-family: FragmentMono"">UABSUXS</p>","","","training","","","","","","",""
"null","null","html-keyboard-response","142","432313","0.0-9.0-0.54","67407b1fdd5d63e5b542d325","69d7901e3430d13455efb336","69e8b649ba24d5ff4f3b7b5d","<p style=""font-size: 60px; font-family: FragmentMono"">XNZCTWYN</p>","","","training","","","","","","",""
"null","null","html-keyboard-response","143","433325","0.0-9.0-0.55","67407b1fdd5d63e5b542d325","69d7901e3430d13455efb336","69e8b649ba24d5ff4f3b7b5d","<p style=""font-size: 60px; font-family: FragmentMono"">ZIKMOUPHS</p>","","","training","","","","","","",""
"null","null","html-keyboard-response","144","434326","0.0-9.0-0.56","67407b1fdd5d63e5b542d325","69d7901e3430d13455efb336","69e8b649ba24d5ff4f3b7b5d","<p style=""font-size: 60px; font-family: FragmentMono"">TREHPEX</p>","","","training","","","","","","",""
"null","null","html-keyboard-response","145","435327","0.0-9.0-0.57","67407b1fdd5d63e5b542d325","69d7901e3430d13455efb336","69e8b649ba24d5ff4f3b7b5d","<p style=""font-size: 60px; font-family: FragmentMono"">PSZTQEHK</p>","","","training","","","","","","",""
"null","null","html-keyboard-response","146","436336","0.0-9.0-0.58","67407b1fdd5d63e5b542d325","69d7901e3430d13455efb336","69e8b649ba24d5ff4f3b7b5d","<p style=""font-size: 60px; font-family: FragmentMono"">ESDZQKUZ</p>","","","training","","","","","","",""
"null","null","html-keyboard-response","147","437344","0.0-9.0-0.59","67407b1fdd5d63e5b542d325","69d7901e3430d13455efb336","69e8b649ba24d5ff4f3b7b5d","<p style=""font-size: 60px; font-family: FragmentMono"">PSZTQTWYN</p>","","","training","","","","","","",""
"null","null","html-keyboard-response","148","438360","0.0-9.0-0.60","67407b1fdd5d63e5b542d325","69d7901e3430d13455efb336","69e8b649ba24d5ff4f3b7b5d","<p style=""font-size: 60px; font-family: FragmentMono"">CQPCOPEX</p>","","","training","","","","","","",""
"null","null","html-keyboard-response","149","439364","0.0-9.0-0.61","67407b1fdd5d63e5b542d325","69d7901e3430d13455efb336","69e8b649ba24d5ff4f3b7b5d","<p style=""font-size: 60px; font-family: FragmentMono"">SEWIYKUZ</p>","","","training","","","","","","",""
"null","null","html-keyboard-response","150","440368","0.0-9.0-0.62","67407b1fdd5d63e5b542d325","69d7901e3430d13455efb336","69e8b649ba24d5ff4f3b7b5d","<p style=""font-size: 60px; font-family: FragmentMono"">ZIKMOUXS</p>","","","training","","","","","","",""
"null","null","html-keyboard-response","151","441375","0.0-9.0-0.63","67407b1fdd5d63e5b542d325","69d7901e3430d13455efb336","69e8b649ba24d5ff4f3b7b5d","<p style=""font-size: 60px; font-family: FragmentMono"">MXCUITWYN</p>","","","training","","","","","","",""
"null","null","html-keyboard-response","152","442389","0.0-9.0-0.64","67407b1fdd5d63e5b542d325","69d7901e3430d13455efb336","69e8b649ba24d5ff4f3b7b5d","<p style=""font-size: 60px; font-family: FragmentMono"">CQPCOBWGO</p>","","","training","","","","","","",""
"null","null","html-keyboard-response","153","443390","0.0-9.0-0.65","67407b1fdd5d63e5b542d325","69d7901e3430d13455efb336","69e8b649ba24d5ff4f3b7b5d","<p style=""font-size: 60px; font-family: FragmentMono"">GHRJQKUZ</p>","","","training","","","","","","",""
"null","null","html-keyboard-response","154","444398","0.0-9.0-0.66","67407b1fdd5d63e5b542d325","69d7901e3430d13455efb336","69e8b649ba24d5ff4f3b7b5d","<p style=""font-size: 60px; font-family: FragmentMono"">ZIKMOEHK</p>","","","training","","","","","","",""
"null","null","html-keyboard-response","155","445404","0.0-9.0-0.67","67407b1fdd5d63e5b542d325","69d7901e3430d13455efb336","69e8b649ba24d5ff4f3b7b5d","<p style=""font-size: 60px; font-family: FragmentMono"">OEDRABWGO</p>","","","training","","","","","","",""
"null","null","html-keyboard-response","156","446420","0.0-9.0-0.68","67407b1fdd5d63e5b542d325","69d7901e3430d13455efb336","69e8b649ba24d5ff4f3b7b5d","<p style=""font-size: 60px; font-family: FragmentMono"">SEWIYPEX</p>","","","training","","","","","","",""
"null","null","html-keyboard-response","157","447426","0.0-9.0-0.69","67407b1fdd5d63e5b542d325","69d7901e3430d13455efb336","69e8b649ba24d5ff4f3b7b5d","<p style=""font-size: 60px; font-family: FragmentMono"">ZKGBFBWGO</p>","","","training","","","","","","",""
"null","null","html-keyboard-response","158","448436","0.0-9.0-0.70","67407b1fdd5d63e5b542d325","69d7901e3430d13455efb336","69e8b649ba24d5ff4f3b7b5d","<p style=""font-size: 60px; font-family: FragmentMono"">LUCWDRBO</p>","","","training","","","","","","",""
"null","null","html-keyboard-response","159","449444","0.0-9.0-0.71","67407b1fdd5d63e5b542d325","69d7901e3430d13455efb336","69e8b649ba24d5ff4f3b7b5d","<p style=""font-size: 60px; font-family: FragmentMono"">FPKYKUZ</p>","","","training","","","","","","",""
"null","null","html-keyboard-response","160","450459","0.0-9.0-0.72","67407b1fdd5d63e5b542d325","69d7901e3430d13455efb336","69e8b649ba24d5ff4f3b7b5d","<p style=""font-size: 60px; font-family: FragmentMono"">DOFTBRBO</p>","","","training","","","","","","",""
"null","null","html-keyboard-response","161","451465","0.0-9.0-0.73","67407b1fdd5d63e5b542d325","69d7901e3430d13455efb336","69e8b649ba24d5ff4f3b7b5d","<p style=""font-size: 60px; font-family: FragmentMono"">LUCWDUXS</p>","","","training","","","","","","",""
"null","null","html-keyboard-response","162","452479","0.0-9.0-0.74","67407b1fdd5d63e5b542d325","69d7901e3430d13455efb336","69e8b649ba24d5ff4f3b7b5d","<p style=""font-size: 60px; font-family: FragmentMono"">SEWIYXHO</p>","","","training","","","","","","",""
"null","null","html-keyboard-response","163","453487","0.0-9.0-0.75","67407b1fdd5d63e5b542d325","69d7901e3430d13455efb336","69e8b649ba24d5ff4f3b7b5d","<p style=""font-size: 60px; font-family: FragmentMono"">PSZTQRBO</p>","","","training","","","","","","",""
"null","null","html-keyboard-response","164","454502","0.0-9.0-0.76","67407b1fdd5d63e5b542d325","69d7901e3430d13455efb336","69e8b649ba24d5ff4f3b7b5d","<p style=""font-size: 60px; font-family: FragmentMono"">WOFHBWGO</p>","","","training","","","","","","",""
"null","null","html-keyboard-response","165","455507","0.0-9.0-0.77","67407b1fdd5d63e5b542d325","69d7901e3430d13455efb336","69e8b649ba24d5ff4f3b7b5d","<p style=""font-size: 60px; font-family: FragmentMono"">CQPCOJWTI</p>","","","training","","","","","","",""
"null","null","html-keyboard-response","166","456510","0.0-9.0-0.78","67407b1fdd5d63e5b542d325","69d7901e3430d13455efb336","69e8b649ba24d5ff4f3b7b5d","<p style=""font-size: 60px; font-family: FragmentMono"">TREHKUZ</p>","","","training","","","","","","",""
"null","null","html-keyboard-response","167","457511","0.0-9.0-0.79","67407b1fdd5d63e5b542d325","69d7901e3430d13455efb336","69e8b649ba24d5ff4f3b7b5d","<p style=""font-size: 60px; font-family: FragmentMono"">MXCUIRBO</p>","","","training","","","","","","",""
"11971"," ","html-keyboard-response","168","469482","0.0-10.0","67407b1fdd5d63e5b542d325","69d7901e3430d13455efb336","69e8b649ba24d5ff4f3b7b5d","<p style=""font-size: 30px"">Great, you've seen the second block of words. You may now take a short break.</p>
      <p style=""font-size: 30px"">Press the spacebar when you're ready to continue.</p>","","","","","","","","","",""
"null","null","html-keyboard-response","169","470498","0.0-11.0-0.0","67407b1fdd5d63e5b542d325","69d7901e3430d13455efb336","69e8b649ba24d5ff4f3b7b5d","<p style=""font-size: 60px; font-family: FragmentMono"">XBQDUXS</p>","","","training","","","","","","",""
"null","null","html-keyboard-response","170","471510","0.0-11.0-0.1","67407b1fdd5d63e5b542d325","69d7901e3430d13455efb336","69e8b649ba24d5ff4f3b7b5d","<p style=""font-size: 60px; font-family: FragmentMono"">OEDRAPEX</p>","","","training","","","","","","",""
"null","null","html-keyboard-response","171","472525","0.0-11.0-0.2","67407b1fdd5d63e5b542d325","69d7901e3430d13455efb336","69e8b649ba24d5ff4f3b7b5d","<p style=""font-size: 60px; font-family: FragmentMono"">UABSTWYN</p>","","","training","","","","","","",""
"null","null","html-keyboard-response","172","473527","0.0-11.0-0.3","67407b1fdd5d63e5b542d325","69d7901e3430d13455efb336","69e8b649ba24d5ff4f3b7b5d","<p style=""font-size: 60px; font-family: FragmentMono"">OEDRABWGO</p>","","","training","","","","","","",""
"null","null","html-keyboard-response","173","474528","0.0-11.0-0.4","67407b1fdd5d63e5b542d325","69d7901e3430d13455efb336","69e8b649ba24d5ff4f3b7b5d","<p style=""font-size: 60px; font-family: FragmentMono"">ZKGBFKUZ</p>","","","training","","","","","","",""
"null","null","html-keyboard-response","174","475530","0.0-11.0-0.5","67407b1fdd5d63e5b542d325","69d7901e3430d13455efb336","69e8b649ba24d5ff4f3b7b5d","<p style=""font-size: 60px; font-family: FragmentMono"">MXCUIUXS</p>","","","training","","","","","","",""
"null","null","html-keyboard-response","175","476531","0.0-11.0-0.6","67407b1fdd5d63e5b542d325","69d7901e3430d13455efb336","69e8b649ba24d5ff4f3b7b5d","<p style=""font-size: 60px; font-family: FragmentMono"">WOFHBWGO</p>","","","training","","","","","","",""
"null","null","html-keyboard-response","176","477532","0.0-11.0-0.7","67407b1fdd5d63e5b542d325","69d7901e3430d13455efb336","69e8b649ba24d5ff4f3b7b5d","<p style=""font-size: 60px; font-family: FragmentMono"">LUCWDUXS</p>","","","training","","","","","","",""
"null","null","html-keyboard-response","177","478533","0.0-11.0-0.8","67407b1fdd5d63e5b542d325","69d7901e3430d13455efb336","69e8b649ba24d5ff4f3b7b5d","<p style=""font-size: 60px; font-family: FragmentMono"">DOFTBUPHS</p>","","","training","","","","","","",""
"null","null","html-keyboard-response","178","479536","0.0-11.0-0.9","67407b1fdd5d63e5b542d325","69d7901e3430d13455efb336","69e8b649ba24d5ff4f3b7b5d","<p style=""font-size: 60px; font-family: FragmentMono"">ESDZQJWTI</p>","","","training","","","","","","",""
"null","null","html-keyboard-response","179","480543","0.0-11.0-0.10","67407b1fdd5d63e5b542d325","69d7901e3430d13455efb336","69e8b649ba24d5ff4f3b7b5d","<p style=""font-size: 60px; font-family: FragmentMono"">SEWIYPEX</p>","","","training","","","","","","",""
"null","null","html-keyboard-response","180","481545","0.0-11.0-0.11","67407b1fdd5d63e5b542d325","69d7901e3430d13455efb336","69e8b649ba24d5ff4f3b7b5d","<p style=""font-size: 60px; font-family: FragmentMono"">THVXZUPHS</p>","","","training","","","","","","",""
"null","null","html-keyboard-response","181","482557","0.0-11.0-0.12","67407b1fdd5d63e5b542d325","69d7901e3430d13455efb336","69e8b649ba24d5ff4f3b7b5d","<p style=""font-size: 60px; font-family: FragmentMono"">GHRJQBWGO</p>","","","training","","","","","","",""
"null","null","html-keyboard-response","182","483558","0.0-11.0-0.13","67407b1fdd5d63e5b542d325","69d7901e3430d13455efb336","69e8b649ba24d5ff4f3b7b5d","<p style=""font-size: 60px; font-family: FragmentMono"">MXCUIRBO</p>","","","training","","","","","","",""
"null","null","html-keyboard-response","183","484573","0.0-11.0-0.14","67407b1fdd5d63e5b542d325","69d7901e3430d13455efb336","69e8b649ba24d5ff4f3b7b5d","<p style=""font-size: 60px; font-family: FragmentMono"">TREHBWGO</p>","","","training","","","","","","",""
"null","null","html-keyboard-response","184","485574","0.0-11.0-0.15","67407b1fdd5d63e5b542d325","69d7901e3430d13455efb336","69e8b649ba24d5ff4f3b7b5d","<p style=""font-size: 60px; font-family: FragmentMono"">ZIKMOUPHS</p>","","","training","","","","","","",""
"null","null","html-keyboard-response","185","486581","0.0-11.0-0.16","67407b1fdd5d63e5b542d325","69d7901e3430d13455efb336","69e8b649ba24d5ff4f3b7b5d","<p style=""font-size: 60px; font-family: FragmentMono"">ZUKXOPEX</p>","","","training","","","","","","",""
"null","null","html-keyboard-response","186","487582","0.0-11.0-0.17","67407b1fdd5d63e5b542d325","69d7901e3430d13455efb336","69e8b649ba24d5ff4f3b7b5d","<p style=""font-size: 60px; font-family: FragmentMono"">UABSUXS</p>","","","training","","","","","","",""
"null","null","html-keyboard-response","187","488596","0.0-11.0-0.18","67407b1fdd5d63e5b542d325","69d7901e3430d13455efb336","69e8b649ba24d5ff4f3b7b5d","<p style=""font-size: 60px; font-family: FragmentMono"">SEWIYJWTI</p>","","","training","","","","","","",""
"null","null","html-keyboard-response","188","489606","0.0-11.0-0.19","67407b1fdd5d63e5b542d325","69d7901e3430d13455efb336","69e8b649ba24d5ff4f3b7b5d","<p style=""font-size: 60px; font-family: FragmentMono"">FPKYKUZ</p>","","","training","","","","","","",""
"null","null","html-keyboard-response","189","490621","0.0-11.0-0.20","67407b1fdd5d63e5b542d325","69d7901e3430d13455efb336","69e8b649ba24d5ff4f3b7b5d","<p style=""font-size: 60px; font-family: FragmentMono"">ZKGBFJWTI</p>","","","training","","","","","","",""
"null","null","html-keyboard-response","190","491629","0.0-11.0-0.21","67407b1fdd5d63e5b542d325","69d7901e3430d13455efb336","69e8b649ba24d5ff4f3b7b5d","<p style=""font-size: 60px; font-family: FragmentMono"">THVXZUXS</p>","","","training","","","","","","",""
"null","null","html-keyboard-response","191","492631","0.0-11.0-0.22","67407b1fdd5d63e5b542d325","69d7901e3430d13455efb336","69e8b649ba24d5ff4f3b7b5d","<p style=""font-size: 60px; font-family: FragmentMono"">OEDRAXHO</p>","","","training","","","","","","",""
"null","null","html-keyboard-response","192","493632","0.0-11.0-0.23","67407b1fdd5d63e5b542d325","69d7901e3430d13455efb336","69e8b649ba24d5ff4f3b7b5d","<p style=""font-size: 60px; font-family: FragmentMono"">ZKGBFPEX</p>","","","training","","","","","","",""
"null","null","html-keyboard-response","193","494633","0.0-11.0-0.24","67407b1fdd5d63e5b542d325","69d7901e3430d13455efb336","69e8b649ba24d5ff4f3b7b5d","<p style=""font-size: 60px; font-family: FragmentMono"">UABSRBO</p>","","","training","","","","","","",""
"null","null","html-keyboard-response","194","495647","0.0-11.0-0.25","67407b1fdd5d63e5b542d325","69d7901e3430d13455efb336","69e8b649ba24d5ff4f3b7b5d","<p style=""font-size: 60px; font-family: FragmentMono"">ZUKXOKUZ</p>","","","training","","","","","","",""
"null","null","html-keyboard-response","195","496653","0.0-11.0-0.26","67407b1fdd5d63e5b542d325","69d7901e3430d13455efb336","69e8b649ba24d5ff4f3b7b5d","<p style=""font-size: 60px; font-family: FragmentMono"">CQPCOXHO</p>","","","training","","","","","","",""
"null","null","html-keyboard-response","196","497655","0.0-11.0-0.27","67407b1fdd5d63e5b542d325","69d7901e3430d13455efb336","69e8b649ba24d5ff4f3b7b5d","<p style=""font-size: 60px; font-family: FragmentMono"">THVXZRBO</p>","","","training","","","","","","",""
"null","null","html-keyboard-response","197","498668","0.0-11.0-0.28","67407b1fdd5d63e5b542d325","69d7901e3430d13455efb336","69e8b649ba24d5ff4f3b7b5d","<p style=""font-size: 60px; font-family: FragmentMono"">SEWIYXHO</p>","","","training","","","","","","",""
"null","null","html-keyboard-response","198","499671","0.0-11.0-0.29","67407b1fdd5d63e5b542d325","69d7901e3430d13455efb336","69e8b649ba24d5ff4f3b7b5d","<p style=""font-size: 60px; font-family: FragmentMono"">XBQDUPHS</p>","","","training","","","","","","",""
"null","null","html-keyboard-response","199","500673","0.0-11.0-0.30","67407b1fdd5d63e5b542d325","69d7901e3430d13455efb336","69e8b649ba24d5ff4f3b7b5d","<p style=""font-size: 60px; font-family: FragmentMono"">XNZCTWYN</p>","","","training","","","","","","",""
"null","null","html-keyboard-response","200","501684","0.0-11.0-0.31","67407b1fdd5d63e5b542d325","69d7901e3430d13455efb336","69e8b649ba24d5ff4f3b7b5d","<p style=""font-size: 60px; font-family: FragmentMono"">GHRJQKUZ</p>","","","training","","","","","","",""
"null","null","html-keyboard-response","201","502692","0.0-11.0-0.32","67407b1fdd5d63e5b542d325","69d7901e3430d13455efb336","69e8b649ba24d5ff4f3b7b5d","<p style=""font-size: 60px; font-family: FragmentMono"">ESDZQXHO</p>","","","training","","","","","","",""
"null","null","html-keyboard-response","202","503692","0.0-11.0-0.33","67407b1fdd5d63e5b542d325","69d7901e3430d13455efb336","69e8b649ba24d5ff4f3b7b5d","<p style=""font-size: 60px; font-family: FragmentMono"">ZIKMORBO</p>","","","training","","","","","","",""
"null","null","html-keyboard-response","203","504699","0.0-11.0-0.34","67407b1fdd5d63e5b542d325","69d7901e3430d13455efb336","69e8b649ba24d5ff4f3b7b5d","<p style=""font-size: 60px; font-family: FragmentMono"">THVXZEHK</p>","","","training","","","","","","",""
"null","null","html-keyboard-response","204","505707","0.0-11.0-0.35","67407b1fdd5d63e5b542d325","69d7901e3430d13455efb336","69e8b649ba24d5ff4f3b7b5d","<p style=""font-size: 60px; font-family: FragmentMono"">TREHXHO</p>","","","training","","","","","","",""
"null","null","html-keyboard-response","205","506708","0.0-11.0-0.36","67407b1fdd5d63e5b542d325","69d7901e3430d13455efb336","69e8b649ba24d5ff4f3b7b5d","<p style=""font-size: 60px; font-family: FragmentMono"">ZUKXOJWTI</p>","","","training","","","","","","",""
"null","null","html-keyboard-response","206","507709","0.0-11.0-0.37","67407b1fdd5d63e5b542d325","69d7901e3430d13455efb336","69e8b649ba24d5ff4f3b7b5d","<p style=""font-size: 60px; font-family: FragmentMono"">CQPCOPEX</p>","","","training","","","","","","",""
"null","null","html-keyboard-response","207","508722","0.0-11.0-0.38","67407b1fdd5d63e5b542d325","69d7901e3430d13455efb336","69e8b649ba24d5ff4f3b7b5d","<p style=""font-size: 60px; font-family: FragmentMono"">XBQDEHK</p>","","","training","","","","","","",""
"null","null","html-keyboard-response","208","509723","0.0-11.0-0.39","67407b1fdd5d63e5b542d325","69d7901e3430d13455efb336","69e8b649ba24d5ff4f3b7b5d","<p style=""font-size: 60px; font-family: FragmentMono"">SEWIYKUZ</p>","","","training","","","","","","",""
"null","null","html-keyboard-response","209","510724","0.0-11.0-0.40","67407b1fdd5d63e5b542d325","69d7901e3430d13455efb336","69e8b649ba24d5ff4f3b7b5d","<p style=""font-size: 60px; font-family: FragmentMono"">WOFHJWTI</p>","","","training","","","","","","",""
"null","null","html-keyboard-response","210","511741","0.0-11.0-0.41","67407b1fdd5d63e5b542d325","69d7901e3430d13455efb336","69e8b649ba24d5ff4f3b7b5d","<p style=""font-size: 60px; font-family: FragmentMono"">DOFTBEHK</p>","","","training","","","","","","",""
"null","null","html-keyboard-response","211","512757","0.0-11.0-0.42","67407b1fdd5d63e5b542d325","69d7901e3430d13455efb336","69e8b649ba24d5ff4f3b7b5d","<p style=""font-size: 60px; font-family: FragmentMono"">MXCUITWYN</p>","","","training","","","","","","",""
"null","null","html-keyboard-response","212","513769","0.0-11.0-0.43","67407b1fdd5d63e5b542d325","69d7901e3430d13455efb336","69e8b649ba24d5ff4f3b7b5d","<p style=""font-size: 60px; font-family: FragmentMono"">XNZCRBO</p>","","","training","","","","","","",""
"null","null","html-keyboard-response","213","514784","0.0-11.0-0.44","67407b1fdd5d63e5b542d325","69d7901e3430d13455efb336","69e8b649ba24d5ff4f3b7b5d","<p style=""font-size: 60px; font-family: FragmentMono"">TREHKUZ</p>","","","training","","","","","","",""
"null","null","html-keyboard-response","214","515794","0.0-11.0-0.45","67407b1fdd5d63e5b542d325","69d7901e3430d13455efb336","69e8b649ba24d5ff4f3b7b5d","<p style=""font-size: 60px; font-family: FragmentMono"">ZIKMOUXS</p>","","","training","","","","","","",""
"null","null","html-keyboard-response","215","516808","0.0-11.0-0.46","67407b1fdd5d63e5b542d325","69d7901e3430d13455efb336","69e8b649ba24d5ff4f3b7b5d","<p style=""font-size: 60px; font-family: FragmentMono"">LUCWDRBO</p>","","","training","","","","","","",""
"null","null","html-keyboard-response","216","517809","0.0-11.0-0.47","67407b1fdd5d63e5b542d325","69d7901e3430d13455efb336","69e8b649ba24d5ff4f3b7b5d","<p style=""font-size: 60px; font-family: FragmentMono"">KVAQWUXS</p>","","","training","","","","","","",""
"null","null","html-keyboard-response","217","518810","0.0-11.0-0.48","67407b1fdd5d63e5b542d325","69d7901e3430d13455efb336","69e8b649ba24d5ff4f3b7b5d","<p style=""font-size: 60px; font-family: FragmentMono"">PSZTQUPHS</p>","","","training","","","","","","",""
"null","null","html-keyboard-response","218","519819","0.0-11.0-0.49","67407b1fdd5d63e5b542d325","69d7901e3430d13455efb336","69e8b649ba24d5ff4f3b7b5d","<p style=""font-size: 60px; font-family: FragmentMono"">TREHPEX</p>","","","training","","","","","","",""
"null","null","html-keyboard-response","219","520820","0.0-11.0-0.50","67407b1fdd5d63e5b542d325","69d7901e3430d13455efb336","69e8b649ba24d5ff4f3b7b5d","<p style=""font-size: 60px; font-family: FragmentMono"">ZUKXOXHO</p>","","","training","","","","","","",""
"null","null","html-keyboard-response","220","521825","0.0-11.0-0.51","67407b1fdd5d63e5b542d325","69d7901e3430d13455efb336","69e8b649ba24d5ff4f3b7b5d","<p style=""font-size: 60px; font-family: FragmentMono"">WOFHPEX</p>","","","training","","","","","","",""
"null","null","html-keyboard-response","221","522840","0.0-11.0-0.52","67407b1fdd5d63e5b542d325","69d7901e3430d13455efb336","69e8b649ba24d5ff4f3b7b5d","<p style=""font-size: 60px; font-family: FragmentMono"">ZIKMOEHK</p>","","","training","","","","","","",""
"null","null","html-keyboard-response","222","523842","0.0-11.0-0.53","67407b1fdd5d63e5b542d325","69d7901e3430d13455efb336","69e8b649ba24d5ff4f3b7b5d","<p style=""font-size: 60px; font-family: FragmentMono"">UABSUPHS</p>","","","training","","","","","","",""
"null","null","html-keyboard-response","223","524843","0.0-11.0-0.54","67407b1fdd5d63e5b542d325","69d7901e3430d13455efb336","69e8b649ba24d5ff4f3b7b5d","<p style=""font-size: 60px; font-family: FragmentMono"">CQPCOBWGO</p>","","","training","","","","","","",""
"null","null","html-keyboard-response","224","525844","0.0-11.0-0.55","67407b1fdd5d63e5b542d325","69d7901e3430d13455efb336","69e8b649ba24d5ff4f3b7b5d","<p style=""font-size: 60px; font-family: FragmentMono"">DOFTBTWYN</p>","","","training","","","","","","",""
"null","null","html-keyboard-response","225","526845","0.0-11.0-0.56","67407b1fdd5d63e5b542d325","69d7901e3430d13455efb336","69e8b649ba24d5ff4f3b7b5d","<p style=""font-size: 60px; font-family: FragmentMono"">WOFHKUZ</p>","","","training","","","","","","",""
"null","null","html-keyboard-response","226","527846","0.0-11.0-0.57","67407b1fdd5d63e5b542d325","69d7901e3430d13455efb336","69e8b649ba24d5ff4f3b7b5d","<p style=""font-size: 60px; font-family: FragmentMono"">GHRJQJWTI</p>","","","training","","","","","","",""
"null","null","html-keyboard-response","227","528847","0.0-11.0-0.58","67407b1fdd5d63e5b542d325","69d7901e3430d13455efb336","69e8b649ba24d5ff4f3b7b5d","<p style=""font-size: 60px; font-family: FragmentMono"">XNZCUPHS</p>","","","training","","","","","","",""
"null","null","html-keyboard-response","228","529854","0.0-11.0-0.59","67407b1fdd5d63e5b542d325","69d7901e3430d13455efb336","69e8b649ba24d5ff4f3b7b5d","<p style=""font-size: 60px; font-family: FragmentMono"">CQPCOJWTI</p>","","","training","","","","","","",""
"null","null","html-keyboard-response","229","530870","0.0-11.0-0.60","67407b1fdd5d63e5b542d325","69d7901e3430d13455efb336","69e8b649ba24d5ff4f3b7b5d","<p style=""font-size: 60px; font-family: FragmentMono"">FPKYBWGO</p>","","","training","","","","","","",""
"null","null","html-keyboard-response","230","531871","0.0-11.0-0.61","67407b1fdd5d63e5b542d325","69d7901e3430d13455efb336","69e8b649ba24d5ff4f3b7b5d","<p style=""font-size: 60px; font-family: FragmentMono"">MXCUIEHK</p>","","","training","","","","","","",""
"null","null","html-keyboard-response","231","532873","0.0-11.0-0.62","67407b1fdd5d63e5b542d325","69d7901e3430d13455efb336","69e8b649ba24d5ff4f3b7b5d","<p style=""font-size: 60px; font-family: FragmentMono"">XNZCUXS</p>","","","training","","","","","","",""
"null","null","html-keyboard-response","232","533889","0.0-11.0-0.63","67407b1fdd5d63e5b542d325","69d7901e3430d13455efb336","69e8b649ba24d5ff4f3b7b5d","<p style=""font-size: 60px; font-family: FragmentMono"">ZKGBFBWGO</p>","","","training","","","","","","",""
"null","null","html-keyboard-response","233","534900","0.0-11.0-0.64","67407b1fdd5d63e5b542d325","69d7901e3430d13455efb336","69e8b649ba24d5ff4f3b7b5d","<p style=""font-size: 60px; font-family: FragmentMono"">PSZTQEHK</p>","","","training","","","","","","",""
"null","null","html-keyboard-response","234","535901","0.0-11.0-0.65","67407b1fdd5d63e5b542d325","69d7901e3430d13455efb336","69e8b649ba24d5ff4f3b7b5d","<p style=""font-size: 60px; font-family: FragmentMono"">LUCWDTWYN</p>","","","training","","","","","","",""
"null","null","html-keyboard-response","235","536916","0.0-11.0-0.66","67407b1fdd5d63e5b542d325","69d7901e3430d13455efb336","69e8b649ba24d5ff4f3b7b5d","<p style=""font-size: 60px; font-family: FragmentMono"">KVAQWEHK</p>","","","training","","","","","","",""
"null","null","html-keyboard-response","236","537932","0.0-11.0-0.67","67407b1fdd5d63e5b542d325","69d7901e3430d13455efb336","69e8b649ba24d5ff4f3b7b5d","<p style=""font-size: 60px; font-family: FragmentMono"">GHRJQXHO</p>","","","training","","","","","","",""
"null","null","html-keyboard-response","237","538935","0.0-11.0-0.68","67407b1fdd5d63e5b542d325","69d7901e3430d13455efb336","69e8b649ba24d5ff4f3b7b5d","<p style=""font-size: 60px; font-family: FragmentMono"">LUCWDEHK</p>","","","training","","","","","","",""
"null","null","html-keyboard-response","238","539940","0.0-11.0-0.69","67407b1fdd5d63e5b542d325","69d7901e3430d13455efb336","69e8b649ba24d5ff4f3b7b5d","<p style=""font-size: 60px; font-family: FragmentMono"">PSZTQTWYN</p>","","","training","","","","","","",""
"null","null","html-keyboard-response","239","540955","0.0-11.0-0.70","67407b1fdd5d63e5b542d325","69d7901e3430d13455efb336","69e8b649ba24d5ff4f3b7b5d","<p style=""font-size: 60px; font-family: FragmentMono"">KVAQWUPHS</p>","","","training","","","","","","",""
"null","null","html-keyboard-response","240","541968","0.0-11.0-0.71","67407b1fdd5d63e5b542d325","69d7901e3430d13455efb336","69e8b649ba24d5ff4f3b7b5d","<p style=""font-size: 60px; font-family: FragmentMono"">PSZTQRBO</p>","","","training","","","","","","",""
"null","null","html-keyboard-response","241","542980","0.0-11.0-0.72","67407b1fdd5d63e5b542d325","69d7901e3430d13455efb336","69e8b649ba24d5ff4f3b7b5d","<p style=""font-size: 60px; font-family: FragmentMono"">XBQDTWYN</p>","","","training","","","","","","",""
"null","null","html-keyboard-response","242","543996","0.0-11.0-0.73","67407b1fdd5d63e5b542d325","69d7901e3430d13455efb336","69e8b649ba24d5ff4f3b7b5d","<p style=""font-size: 60px; font-family: FragmentMono"">ESDZQBWGO</p>","","","training","","","","","","",""
"null","null","html-keyboard-response","243","544997","0.0-11.0-0.74","67407b1fdd5d63e5b542d325","69d7901e3430d13455efb336","69e8b649ba24d5ff4f3b7b5d","<p style=""font-size: 60px; font-family: FragmentMono"">OEDRAJWTI</p>","","","training","","","","","","",""
"null","null","html-keyboard-response","244","546001","0.0-11.0-0.75","67407b1fdd5d63e5b542d325","69d7901e3430d13455efb336","69e8b649ba24d5ff4f3b7b5d","<p style=""font-size: 60px; font-family: FragmentMono"">FPKYPEX</p>","","","training","","","","","","",""
"null","null","html-keyboard-response","245","547011","0.0-11.0-0.76","67407b1fdd5d63e5b542d325","69d7901e3430d13455efb336","69e8b649ba24d5ff4f3b7b5d","<p style=""font-size: 60px; font-family: FragmentMono"">DOFTBRBO</p>","","","training","","","","","","",""
"null","null","html-keyboard-response","246","548014","0.0-11.0-0.77","67407b1fdd5d63e5b542d325","69d7901e3430d13455efb336","69e8b649ba24d5ff4f3b7b5d","<p style=""font-size: 60px; font-family: FragmentMono"">FPKYXHO</p>","","","training","","","","","","",""
"null","null","html-keyboard-response","247","549024","0.0-11.0-0.78","67407b1fdd5d63e5b542d325","69d7901e3430d13455efb336","69e8b649ba24d5ff4f3b7b5d","<p style=""font-size: 60px; font-family: FragmentMono"">KVAQWTWYN</p>","","","training","","","","","","",""
"null","null","html-keyboard-response","248","550025","0.0-11.0-0.79","67407b1fdd5d63e5b542d325","69d7901e3430d13455efb336","69e8b649ba24d5ff4f3b7b5d","<p style=""font-size: 60px; font-family: FragmentMono"">ESDZQKUZ</p>","","","training","","","","","","",""
"5100"," ","html-keyboard-response","249","555125","0.0-12.0","67407b1fdd5d63e5b542d325","69d7901e3430d13455efb336","69e8b649ba24d5ff4f3b7b5d","<p style=""font-size: 30px"">Great, you've seen the third block of words. You may now take a short break.</p>
      <p style=""font-size: 30px"">Press the spacebar when you're ready to continue.</p>","","","","","","","","","",""
"null","null","html-keyboard-response","250","556127","0.0-13.0-0.0","67407b1fdd5d63e5b542d325","69d7901e3430d13455efb336","69e8b649ba24d5ff4f3b7b5d","<p style=""font-size: 60px; font-family: FragmentMono"">ZIKMOUPHS</p>","","","training","","","","","","",""
"null","null","html-keyboard-response","251","557143","0.0-13.0-0.1","67407b1fdd5d63e5b542d325","69d7901e3430d13455efb336","69e8b649ba24d5ff4f3b7b5d","<p style=""font-size: 60px; font-family: FragmentMono"">ZKGBFBWGO</p>","","","training","","","","","","",""
"null","null","html-keyboard-response","252","558144","0.0-13.0-0.2","67407b1fdd5d63e5b542d325","69d7901e3430d13455efb336","69e8b649ba24d5ff4f3b7b5d","<p style=""font-size: 60px; font-family: FragmentMono"">GHRJQXHO</p>","","","training","","","","","","",""
"null","null","html-keyboard-response","253","559156","0.0-13.0-0.3","67407b1fdd5d63e5b542d325","69d7901e3430d13455efb336","69e8b649ba24d5ff4f3b7b5d","<p style=""font-size: 60px; font-family: FragmentMono"">ZUKXOPEX</p>","","","training","","","","","","",""
"null","null","html-keyboard-response","254","560158","0.0-13.0-0.4","67407b1fdd5d63e5b542d325","69d7901e3430d13455efb336","69e8b649ba24d5ff4f3b7b5d","<p style=""font-size: 60px; font-family: FragmentMono"">PSZTQEHK</p>","","","training","","","","","","",""
"null","null","html-keyboard-response","255","561173","0.0-13.0-0.5","67407b1fdd5d63e5b542d325","69d7901e3430d13455efb336","69e8b649ba24d5ff4f3b7b5d","<p style=""font-size: 60px; font-family: FragmentMono"">ZIKMOUXS</p>","","","training","","","","","","",""
"null","null","html-keyboard-response","256","562174","0.0-13.0-0.6","67407b1fdd5d63e5b542d325","69d7901e3430d13455efb336","69e8b649ba24d5ff4f3b7b5d","<p style=""font-size: 60px; font-family: FragmentMono"">SEWIYKUZ</p>","","","training","","","","","","",""
"null","null","html-keyboard-response","257","563184","0.0-13.0-0.7","67407b1fdd5d63e5b542d325","69d7901e3430d13455efb336","69e8b649ba24d5ff4f3b7b5d","<p style=""font-size: 60px; font-family: FragmentMono"">ZKGBFPEX</p>","","","training","","","","","","",""
"null","null","html-keyboard-response","258","564190","0.0-13.0-0.8","67407b1fdd5d63e5b542d325","69d7901e3430d13455efb336","69e8b649ba24d5ff4f3b7b5d","<p style=""font-size: 60px; font-family: FragmentMono"">MXCUIEHK</p>","","","training","","","","","","",""
"null","null","html-keyboard-response","259","565192","0.0-13.0-0.9","67407b1fdd5d63e5b542d325","69d7901e3430d13455efb336","69e8b649ba24d5ff4f3b7b5d","<p style=""font-size: 60px; font-family: FragmentMono"">PSZTQRBO</p>","","","training","","","","","","",""
"null","null","html-keyboard-response","260","566202","0.0-13.0-0.10","67407b1fdd5d63e5b542d325","69d7901e3430d13455efb336","69e8b649ba24d5ff4f3b7b5d","<p style=""font-size: 60px; font-family: FragmentMono"">TREHKUZ</p>","","","training","","","","","","",""
"null","null","html-keyboard-response","261","567207","0.0-13.0-0.11","67407b1fdd5d63e5b542d325","69d7901e3430d13455efb336","69e8b649ba24d5ff4f3b7b5d","<p style=""font-size: 60px; font-family: FragmentMono"">XBQDEHK</p>","","","training","","","","","","",""
"null","null","html-keyboard-response","262","568214","0.0-13.0-0.12","67407b1fdd5d63e5b542d325","69d7901e3430d13455efb336","69e8b649ba24d5ff4f3b7b5d","<p style=""font-size: 60px; font-family: FragmentMono"">XNZCTWYN</p>","","","training","","","","","","",""
"null","null","html-keyboard-response","263","569218","0.0-13.0-0.13","67407b1fdd5d63e5b542d325","69d7901e3430d13455efb336","69e8b649ba24d5ff4f3b7b5d","<p style=""font-size: 60px; font-family: FragmentMono"">WOFHPEX</p>","","","training","","","","","","",""
"null","null","html-keyboard-response","264","570234","0.0-13.0-0.14","67407b1fdd5d63e5b542d325","69d7901e3430d13455efb336","69e8b649ba24d5ff4f3b7b5d","<p style=""font-size: 60px; font-family: FragmentMono"">FPKYBWGO</p>","","","training","","","","","","",""
"null","null","html-keyboard-response","265","571236","0.0-13.0-0.15","67407b1fdd5d63e5b542d325","69d7901e3430d13455efb336","69e8b649ba24d5ff4f3b7b5d","<p style=""font-size: 60px; font-family: FragmentMono"">MXCUITWYN</p>","","","training","","","","","","",""
"null","null","html-keyboard-response","266","572239","0.0-13.0-0.16","67407b1fdd5d63e5b542d325","69d7901e3430d13455efb336","69e8b649ba24d5ff4f3b7b5d","<p style=""font-size: 60px; font-family: FragmentMono"">CQPCOXHO</p>","","","training","","","","","","",""
"null","null","html-keyboard-response","267","573253","0.0-13.0-0.17","67407b1fdd5d63e5b542d325","69d7901e3430d13455efb336","69e8b649ba24d5ff4f3b7b5d","<p style=""font-size: 60px; font-family: FragmentMono"">ESDZQBWGO</p>","","","training","","","","","","",""
"null","null","html-keyboard-response","268","574254","0.0-13.0-0.18","67407b1fdd5d63e5b542d325","69d7901e3430d13455efb336","69e8b649ba24d5ff4f3b7b5d","<p style=""font-size: 60px; font-family: FragmentMono"">PSZTQTWYN</p>","","","training","","","","","","",""
"null","null","html-keyboard-response","269","575266","0.0-13.0-0.19","67407b1fdd5d63e5b542d325","69d7901e3430d13455efb336","69e8b649ba24d5ff4f3b7b5d","<p style=""font-size: 60px; font-family: FragmentMono"">GHRJQKUZ</p>","","","training","","","","","","",""
"null","null","html-keyboard-response","270","576279","0.0-13.0-0.20","67407b1fdd5d63e5b542d325","69d7901e3430d13455efb336","69e8b649ba24d5ff4f3b7b5d","<p style=""font-size: 60px; font-family: FragmentMono"">KVAQWEHK</p>","","","training","","","","","","",""
"null","null","html-keyboard-response","271","577282","0.0-13.0-0.21","67407b1fdd5d63e5b542d325","69d7901e3430d13455efb336","69e8b649ba24d5ff4f3b7b5d","<p style=""font-size: 60px; font-family: FragmentMono"">CQPCOJWTI</p>","","","training","","","","","","",""
"null","null","html-keyboard-response","272","578298","0.0-13.0-0.22","67407b1fdd5d63e5b542d325","69d7901e3430d13455efb336","69e8b649ba24d5ff4f3b7b5d","<p style=""font-size: 60px; font-family: FragmentMono"">KVAQWTWYN</p>","","","training","","","","","","",""
"null","null","html-keyboard-response","273","579302","0.0-13.0-0.23","67407b1fdd5d63e5b542d325","69d7901e3430d13455efb336","69e8b649ba24d5ff4f3b7b5d","<p style=""font-size: 60px; font-family: FragmentMono"">XNZCUPHS</p>","","","training","","","","","","",""
"null","null","html-keyboard-response","274","580303","0.0-13.0-0.24","67407b1fdd5d63e5b542d325","69d7901e3430d13455efb336","69e8b649ba24d5ff4f3b7b5d","<p style=""font-size: 60px; font-family: FragmentMono"">ZUKXOXHO</p>","","","training","","","","","","",""
"null","null","html-keyboard-response","275","581304","0.0-13.0-0.25","67407b1fdd5d63e5b542d325","69d7901e3430d13455efb336","69e8b649ba24d5ff4f3b7b5d","<p style=""font-size: 60px; font-family: FragmentMono"">WOFHBWGO</p>","","","training","","","","","","",""
"null","null","html-keyboard-response","276","582305","0.0-13.0-0.26","67407b1fdd5d63e5b542d325","69d7901e3430d13455efb336","69e8b649ba24d5ff4f3b7b5d","<p style=""font-size: 60px; font-family: FragmentMono"">XBQDTWYN</p>","","","training","","","","","","",""
"null","null","html-keyboard-response","277","583314","0.0-13.0-0.27","67407b1fdd5d63e5b542d325","69d7901e3430d13455efb336","69e8b649ba24d5ff4f3b7b5d","<p style=""font-size: 60px; font-family: FragmentMono"">ZIKMORBO</p>","","","training","","","","","","",""
"null","null","html-keyboard-response","278","584315","0.0-13.0-0.28","67407b1fdd5d63e5b542d325","69d7901e3430d13455efb336","69e8b649ba24d5ff4f3b7b5d","<p style=""font-size: 60px; font-family: FragmentMono"">UABSUXS</p>","","","training","","","","","","",""
"null","null","html-keyboard-response","279","585324","0.0-13.0-0.29","67407b1fdd5d63e5b542d325","69d7901e3430d13455efb336","69e8b649ba24d5ff4f3b7b5d","<p style=""font-size: 60px; font-family: FragmentMono"">ESDZQJWTI</p>","","","training","","","","","","",""
"null","null","html-keyboard-response","280","586325","0.0-13.0-0.30","67407b1fdd5d63e5b542d325","69d7901e3430d13455efb336","69e8b649ba24d5ff4f3b7b5d","<p style=""font-size: 60px; font-family: FragmentMono"">LUCWDUXS</p>","","","training","","","","","","",""
"null","null","html-keyboard-response","281","587327","0.0-13.0-0.31","67407b1fdd5d63e5b542d325","69d7901e3430d13455efb336","69e8b649ba24d5ff4f3b7b5d","<p style=""font-size: 60px; font-family: FragmentMono"">FPKYXHO</p>","","","training","","","","","","",""
"null","null","html-keyboard-response","282","588332","0.0-13.0-0.32","67407b1fdd5d63e5b542d325","69d7901e3430d13455efb336","69e8b649ba24d5ff4f3b7b5d","<p style=""font-size: 60px; font-family: FragmentMono"">OEDRABWGO</p>","","","training","","","","","","",""
"null","null","html-keyboard-response","283","589333","0.0-13.0-0.33","67407b1fdd5d63e5b542d325","69d7901e3430d13455efb336","69e8b649ba24d5ff4f3b7b5d","<p style=""font-size: 60px; font-family: FragmentMono"">TREHPEX</p>","","","training","","","","","","",""
"null","null","html-keyboard-response","284","590335","0.0-13.0-0.34","67407b1fdd5d63e5b542d325","69d7901e3430d13455efb336","69e8b649ba24d5ff4f3b7b5d","<p style=""font-size: 60px; font-family: FragmentMono"">ZUKXOKUZ</p>","","","training","","","","","","",""
"null","null","html-keyboard-response","285","591346","0.0-13.0-0.35","67407b1fdd5d63e5b542d325","69d7901e3430d13455efb336","69e8b649ba24d5ff4f3b7b5d","<p style=""font-size: 60px; font-family: FragmentMono"">ZIKMOEHK</p>","","","training","","","","","","",""
"null","null","html-keyboard-response","286","592347","0.0-13.0-0.36","67407b1fdd5d63e5b542d325","69d7901e3430d13455efb336","69e8b649ba24d5ff4f3b7b5d","<p style=""font-size: 60px; font-family: FragmentMono"">ESDZQXHO</p>","","","training","","","","","","",""
"null","null","html-keyboard-response","287","593348","0.0-13.0-0.37","67407b1fdd5d63e5b542d325","69d7901e3430d13455efb336","69e8b649ba24d5ff4f3b7b5d","<p style=""font-size: 60px; font-family: FragmentMono"">UABSUPHS</p>","","","training","","","","","","",""
"null","null","html-keyboard-response","288","594349","0.0-13.0-0.38","67407b1fdd5d63e5b542d325","69d7901e3430d13455efb336","69e8b649ba24d5ff4f3b7b5d","<p style=""font-size: 60px; font-family: FragmentMono"">OEDRAPEX</p>","","","training","","","","","","",""
"null","null","html-keyboard-response","289","595362","0.0-13.0-0.39","67407b1fdd5d63e5b542d325","69d7901e3430d13455efb336","69e8b649ba24d5ff4f3b7b5d","<p style=""font-size: 60px; font-family: FragmentMono"">UABSTWYN</p>","","","training","","","","","","",""
"null","null","html-keyboard-response","290","596363","0.0-13.0-0.40","67407b1fdd5d63e5b542d325","69d7901e3430d13455efb336","69e8b649ba24d5ff4f3b7b5d","<p style=""font-size: 60px; font-family: FragmentMono"">KVAQWUPHS</p>","","","training","","","","","","",""
"null","null","html-keyboard-response","291","597376","0.0-13.0-0.41","67407b1fdd5d63e5b542d325","69d7901e3430d13455efb336","69e8b649ba24d5ff4f3b7b5d","<p style=""font-size: 60px; font-family: FragmentMono"">DOFTBRBO</p>","","","training","","","","","","",""
"null","null","html-keyboard-response","292","598378","0.0-13.0-0.42","67407b1fdd5d63e5b542d325","69d7901e3430d13455efb336","69e8b649ba24d5ff4f3b7b5d","<p style=""font-size: 60px; font-family: FragmentMono"">OEDRAJWTI</p>","","","training","","","","","","",""
"null","null","html-keyboard-response","293","599381","0.0-13.0-0.43","67407b1fdd5d63e5b542d325","69d7901e3430d13455efb336","69e8b649ba24d5ff4f3b7b5d","<p style=""font-size: 60px; font-family: FragmentMono"">XBQDUXS</p>","","","training","","","","","","",""
"null","null","html-keyboard-response","294","600391","0.0-13.0-0.44","67407b1fdd5d63e5b542d325","69d7901e3430d13455efb336","69e8b649ba24d5ff4f3b7b5d","<p style=""font-size: 60px; font-family: FragmentMono"">DOFTBEHK</p>","","","training","","","","","","",""
"null","null","html-keyboard-response","295","601392","0.0-13.0-0.45","67407b1fdd5d63e5b542d325","69d7901e3430d13455efb336","69e8b649ba24d5ff4f3b7b5d","<p style=""font-size: 60px; font-family: FragmentMono"">XBQDUPHS</p>","","","training","","","","","","",""
"null","null","html-keyboard-response","296","602395","0.0-13.0-0.46","67407b1fdd5d63e5b542d325","69d7901e3430d13455efb336","69e8b649ba24d5ff4f3b7b5d","<p style=""font-size: 60px; font-family: FragmentMono"">SEWIYXHO</p>","","","training","","","","","","",""
"null","null","html-keyboard-response","297","603405","0.0-13.0-0.47","67407b1fdd5d63e5b542d325","69d7901e3430d13455efb336","69e8b649ba24d5ff4f3b7b5d","<p style=""font-size: 60px; font-family: FragmentMono"">THVXZUXS</p>","","","training","","","","","","",""
"null","null","html-keyboard-response","298","604418","0.0-13.0-0.48","67407b1fdd5d63e5b542d325","69d7901e3430d13455efb336","69e8b649ba24d5ff4f3b7b5d","<p style=""font-size: 60px; font-family: FragmentMono"">LUCWDEHK</p>","","","training","","","","","","",""
"null","null","html-keyboard-response","299","605419","0.0-13.0-0.49","67407b1fdd5d63e5b542d325","69d7901e3430d13455efb336","69e8b649ba24d5ff4f3b7b5d","<p style=""font-size: 60px; font-family: FragmentMono"">THVXZRBO</p>","","","training","","","","","","",""
"null","null","html-keyboard-response","300","606421","0.0-13.0-0.50","67407b1fdd5d63e5b542d325","69d7901e3430d13455efb336","69e8b649ba24d5ff4f3b7b5d","<p style=""font-size: 60px; font-family: FragmentMono"">WOFHKUZ</p>","","","training","","","","","","",""
"null","null","html-keyboard-response","301","607422","0.0-13.0-0.51","67407b1fdd5d63e5b542d325","69d7901e3430d13455efb336","69e8b649ba24d5ff4f3b7b5d","<p style=""font-size: 60px; font-family: FragmentMono"">LUCWDRBO</p>","","","training","","","","","","",""
"null","null","html-keyboard-response","302","608424","0.0-13.0-0.52","67407b1fdd5d63e5b542d325","69d7901e3430d13455efb336","69e8b649ba24d5ff4f3b7b5d","<p style=""font-size: 60px; font-family: FragmentMono"">THVXZEHK</p>","","","training","","","","","","",""
"null","null","html-keyboard-response","303","609424","0.0-13.0-0.53","67407b1fdd5d63e5b542d325","69d7901e3430d13455efb336","69e8b649ba24d5ff4f3b7b5d","<p style=""font-size: 60px; font-family: FragmentMono"">PSZTQUPHS</p>","","","training","","","","","","",""
"null","null","html-keyboard-response","304","610438","0.0-13.0-0.54","67407b1fdd5d63e5b542d325","69d7901e3430d13455efb336","69e8b649ba24d5ff4f3b7b5d","<p style=""font-size: 60px; font-family: FragmentMono"">XNZCUXS</p>","","","training","","","","","","",""
"null","null","html-keyboard-response","305","611439","0.0-13.0-0.55","67407b1fdd5d63e5b542d325","69d7901e3430d13455efb336","69e8b649ba24d5ff4f3b7b5d","<p style=""font-size: 60px; font-family: FragmentMono"">UABSRBO</p>","","","training","","","","","","",""
"null","null","html-keyboard-response","306","612452","0.0-13.0-0.56","67407b1fdd5d63e5b542d325","69d7901e3430d13455efb336","69e8b649ba24d5ff4f3b7b5d","<p style=""font-size: 60px; font-family: FragmentMono"">OEDRAXHO</p>","","","training","","","","","","",""
"null","null","html-keyboard-response","307","613459","0.0-13.0-0.57","67407b1fdd5d63e5b542d325","69d7901e3430d13455efb336","69e8b649ba24d5ff4f3b7b5d","<p style=""font-size: 60px; font-family: FragmentMono"">ZKGBFJWTI</p>","","","training","","","","","","",""
"null","null","html-keyboard-response","308","614468","0.0-13.0-0.58","67407b1fdd5d63e5b542d325","69d7901e3430d13455efb336","69e8b649ba24d5ff4f3b7b5d","<p style=""font-size: 60px; font-family: FragmentMono"">THVXZUPHS</p>","","","training","","","","","","",""
"null","null","html-keyboard-response","309","615469","0.0-13.0-0.59","67407b1fdd5d63e5b542d325","69d7901e3430d13455efb336","69e8b649ba24d5ff4f3b7b5d","<p style=""font-size: 60px; font-family: FragmentMono"">MXCUIRBO</p>","","","training","","","","","","",""
"null","null","html-keyboard-response","310","616470","0.0-13.0-0.60","67407b1fdd5d63e5b542d325","69d7901e3430d13455efb336","69e8b649ba24d5ff4f3b7b5d","<p style=""font-size: 60px; font-family: FragmentMono"">LUCWDTWYN</p>","","","training","","","","","","",""
"null","null","html-keyboard-response","311","617485","0.0-13.0-0.61","67407b1fdd5d63e5b542d325","69d7901e3430d13455efb336","69e8b649ba24d5ff4f3b7b5d","<p style=""font-size: 60px; font-family: FragmentMono"">ZUKXOJWTI</p>","","","training","","","","","","",""
"null","null","html-keyboard-response","312","618498","0.0-13.0-0.62","67407b1fdd5d63e5b542d325","69d7901e3430d13455efb336","69e8b649ba24d5ff4f3b7b5d","<p style=""font-size: 60px; font-family: FragmentMono"">DOFTBTWYN</p>","","","training","","","","","","",""
"null","null","html-keyboard-response","313","619503","0.0-13.0-0.63","67407b1fdd5d63e5b542d325","69d7901e3430d13455efb336","69e8b649ba24d5ff4f3b7b5d","<p style=""font-size: 60px; font-family: FragmentMono"">WOFHJWTI</p>","","","training","","","","","","",""
"null","null","html-keyboard-response","314","620520","0.0-13.0-0.64","67407b1fdd5d63e5b542d325","69d7901e3430d13455efb336","69e8b649ba24d5ff4f3b7b5d","<p style=""font-size: 60px; font-family: FragmentMono"">TREHXHO</p>","","","training","","","","","","",""
"null","null","html-keyboard-response","315","621526","0.0-13.0-0.65","67407b1fdd5d63e5b542d325","69d7901e3430d13455efb336","69e8b649ba24d5ff4f3b7b5d","<p style=""font-size: 60px; font-family: FragmentMono"">KVAQWUXS</p>","","","training","","","","","","",""
"null","null","html-keyboard-response","316","622533","0.0-13.0-0.66","67407b1fdd5d63e5b542d325","69d7901e3430d13455efb336","69e8b649ba24d5ff4f3b7b5d","<p style=""font-size: 60px; font-family: FragmentMono"">ESDZQKUZ</p>","","","training","","","","","","",""
"null","null","html-keyboard-response","317","623534","0.0-13.0-0.67","67407b1fdd5d63e5b542d325","69d7901e3430d13455efb336","69e8b649ba24d5ff4f3b7b5d","<p style=""font-size: 60px; font-family: FragmentMono"">DOFTBUPHS</p>","","","training","","","","","","",""
"null","null","html-keyboard-response","318","624539","0.0-13.0-0.68","67407b1fdd5d63e5b542d325","69d7901e3430d13455efb336","69e8b649ba24d5ff4f3b7b5d","<p style=""font-size: 60px; font-family: FragmentMono"">MXCUIUXS</p>","","","training","","","","","","",""
"null","null","html-keyboard-response","319","625544","0.0-13.0-0.69","67407b1fdd5d63e5b542d325","69d7901e3430d13455efb336","69e8b649ba24d5ff4f3b7b5d","<p style=""font-size: 60px; font-family: FragmentMono"">GHRJQBWGO</p>","","","training","","","","","","",""
"null","null","html-keyboard-response","320","626545","0.0-13.0-0.70","67407b1fdd5d63e5b542d325","69d7901e3430d13455efb336","69e8b649ba24d5ff4f3b7b5d","<p style=""font-size: 60px; font-family: FragmentMono"">ZKGBFKUZ</p>","","","training","","","","","","",""
"null","null","html-keyboard-response","321","627551","0.0-13.0-0.71","67407b1fdd5d63e5b542d325","69d7901e3430d13455efb336","69e8b649ba24d5ff4f3b7b5d","<p style=""font-size: 60px; font-family: FragmentMono"">FPKYPEX</p>","","","training","","","","","","",""
"null","null","html-keyboard-response","322","628552","0.0-13.0-0.72","67407b1fdd5d63e5b542d325","69d7901e3430d13455efb336","69e8b649ba24d5ff4f3b7b5d","<p style=""font-size: 60px; font-family: FragmentMono"">CQPCOBWGO</p>","","","training","","","","","","",""
"null","null","html-keyboard-response","323","629565","0.0-13.0-0.73","67407b1fdd5d63e5b542d325","69d7901e3430d13455efb336","69e8b649ba24d5ff4f3b7b5d","<p style=""font-size: 60px; font-family: FragmentMono"">FPKYKUZ</p>","","","training","","","","","","",""
"null","null","html-keyboard-response","324","630567","0.0-13.0-0.74","67407b1fdd5d63e5b542d325","69d7901e3430d13455efb336","69e8b649ba24d5ff4f3b7b5d","<p style=""font-size: 60px; font-family: FragmentMono"">SEWIYPEX</p>","","","training","","","","","","",""
"null","null","html-keyboard-response","325","631581","0.0-13.0-0.75","67407b1fdd5d63e5b542d325","69d7901e3430d13455efb336","69e8b649ba24d5ff4f3b7b5d","<p style=""font-size: 60px; font-family: FragmentMono"">TREHBWGO</p>","","","training","","","","","","",""
"null","null","html-keyboard-response","326","632597","0.0-13.0-0.76","67407b1fdd5d63e5b542d325","69d7901e3430d13455efb336","69e8b649ba24d5ff4f3b7b5d","<p style=""font-size: 60px; font-family: FragmentMono"">SEWIYJWTI</p>","","","training","","","","","","",""
"null","null","html-keyboard-response","327","633609","0.0-13.0-0.77","67407b1fdd5d63e5b542d325","69d7901e3430d13455efb336","69e8b649ba24d5ff4f3b7b5d","<p style=""font-size: 60px; font-family: FragmentMono"">XNZCRBO</p>","","","training","","","","","","",""
"null","null","html-keyboard-response","328","634617","0.0-13.0-0.78","67407b1fdd5d63e5b542d325","69d7901e3430d13455efb336","69e8b649ba24d5ff4f3b7b5d","<p style=""font-size: 60px; font-family: FragmentMono"">GHRJQJWTI</p>","","","training","","","","","","",""
"null","null","html-keyboard-response","329","635630","0.0-13.0-0.79","67407b1fdd5d63e5b542d325","69d7901e3430d13455efb336","69e8b649ba24d5ff4f3b7b5d","<p style=""font-size: 60px; font-family: FragmentMono"">CQPCOPEX</p>","","","training","","","","","","",""
"21887"," ","html-keyboard-response","330","657518","0.0-14.0","67407b1fdd5d63e5b542d325","69d7901e3430d13455efb336","69e8b649ba24d5ff4f3b7b5d","<p style=""font-size: 30px"">Great, you've seen the fourth block of words. You may now take a short break.</p>
      <p style=""font-size: 30px"">Press the spacebar when you're ready to continue.</p>","","","","","","","","","",""
"null","null","html-keyboard-response","331","658532","0.0-15.0-0.0","67407b1fdd5d63e5b542d325","69d7901e3430d13455efb336","69e8b649ba24d5ff4f3b7b5d","<p style=""font-size: 60px; font-family: FragmentMono"">XNZCRBO</p>","","","training","","","","","","",""
"null","null","html-keyboard-response","332","659536","0.0-15.0-0.1","67407b1fdd5d63e5b542d325","69d7901e3430d13455efb336","69e8b649ba24d5ff4f3b7b5d","<p style=""font-size: 60px; font-family: FragmentMono"">SEWIYKUZ</p>","","","training","","","","","","",""
"null","null","html-keyboard-response","333","660545","0.0-15.0-0.2","67407b1fdd5d63e5b542d325","69d7901e3430d13455efb336","69e8b649ba24d5ff4f3b7b5d","<p style=""font-size: 60px; font-family: FragmentMono"">XNZCTWYN</p>","","","training","","","","","","",""
"null","null","html-keyboard-response","334","661545","0.0-15.0-0.3","67407b1fdd5d63e5b542d325","69d7901e3430d13455efb336","69e8b649ba24d5ff4f3b7b5d","<p style=""font-size: 60px; font-family: FragmentMono"">ZIKMORBO</p>","","","training","","","","","","",""
"null","null","html-keyboard-response","335","662546","0.0-15.0-0.4","67407b1fdd5d63e5b542d325","69d7901e3430d13455efb336","69e8b649ba24d5ff4f3b7b5d","<p style=""font-size: 60px; font-family: FragmentMono"">ZUKXOPEX</p>","","","training","","","","","","",""
"null","null","html-keyboard-response","336","663560","0.0-15.0-0.5","67407b1fdd5d63e5b542d325","69d7901e3430d13455efb336","69e8b649ba24d5ff4f3b7b5d","<p style=""font-size: 60px; font-family: FragmentMono"">ZIKMOEHK</p>","","","training","","","","","","",""
"null","null","html-keyboard-response","337","664575","0.0-15.0-0.6","67407b1fdd5d63e5b542d325","69d7901e3430d13455efb336","69e8b649ba24d5ff4f3b7b5d","<p style=""font-size: 60px; font-family: FragmentMono"">DOFTBRBO</p>","","","training","","","","","","",""
"null","null","html-keyboard-response","338","665576","0.0-15.0-0.7","67407b1fdd5d63e5b542d325","69d7901e3430d13455efb336","69e8b649ba24d5ff4f3b7b5d","<p style=""font-size: 60px; font-family: FragmentMono"">WOFHKUZ</p>","","","training","","","","","","",""
"null","null","html-keyboard-response","339","666592","0.0-15.0-0.8","67407b1fdd5d63e5b542d325","69d7901e3430d13455efb336","69e8b649ba24d5ff4f3b7b5d","<p style=""font-size: 60px; font-family: FragmentMono"">SEWIYJWTI</p>","","","training","","","","","","",""
"null","null","html-keyboard-response","340","667606","0.0-15.0-0.9","67407b1fdd5d63e5b542d325","69d7901e3430d13455efb336","69e8b649ba24d5ff4f3b7b5d","<p style=""font-size: 60px; font-family: FragmentMono"">THVXZRBO</p>","","","training","","","","","","",""
"null","null","html-keyboard-response","341","668622","0.0-15.0-0.10","67407b1fdd5d63e5b542d325","69d7901e3430d13455efb336","69e8b649ba24d5ff4f3b7b5d","<p style=""font-size: 60px; font-family: FragmentMono"">MXCUITWYN</p>","","","training","","","","","","",""
"null","null","html-keyboard-response","342","669638","0.0-15.0-0.11","67407b1fdd5d63e5b542d325","69d7901e3430d13455efb336","69e8b649ba24d5ff4f3b7b5d","<p style=""font-size: 60px; font-family: FragmentMono"">ZUKXOXHO</p>","","","training","","","","","","",""
"null","null","html-keyboard-response","343","670640","0.0-15.0-0.12","67407b1fdd5d63e5b542d325","69d7901e3430d13455efb336","69e8b649ba24d5ff4f3b7b5d","<p style=""font-size: 60px; font-family: FragmentMono"">OEDRABWGO</p>","","","training","","","","","","",""
"null","null","html-keyboard-response","344","671646","0.0-15.0-0.13","67407b1fdd5d63e5b542d325","69d7901e3430d13455efb336","69e8b649ba24d5ff4f3b7b5d","<p style=""font-size: 60px; font-family: FragmentMono"">PSZTQEHK</p>","","","training","","","","","","",""
"null","null","html-keyboard-response","345","672647","0.0-15.0-0.14","67407b1fdd5d63e5b542d325","69d7901e3430d13455efb336","69e8b649ba24d5ff4f3b7b5d","<p style=""font-size: 60px; font-family: FragmentMono"">ZUKXOKUZ</p>","","","training","","","","","","",""
"null","null","html-keyboard-response","346","673663","0.0-15.0-0.15","67407b1fdd5d63e5b542d325","69d7901e3430d13455efb336","69e8b649ba24d5ff4f3b7b5d","<p style=""font-size: 60px; font-family: FragmentMono"">KVAQWUPHS</p>","","","training","","","","","","",""
"null","null","html-keyboard-response","347","674664","0.0-15.0-0.16","67407b1fdd5d63e5b542d325","69d7901e3430d13455efb336","69e8b649ba24d5ff4f3b7b5d","<p style=""font-size: 60px; font-family: FragmentMono"">LUCWDRBO</p>","","","training","","","","","","",""
"null","null","html-keyboard-response","348","675673","0.0-15.0-0.17","67407b1fdd5d63e5b542d325","69d7901e3430d13455efb336","69e8b649ba24d5ff4f3b7b5d","<p style=""font-size: 60px; font-family: FragmentMono"">CQPCOXHO</p>","","","training","","","","","","",""
"null","null","html-keyboard-response","349","676677","0.0-15.0-0.18","67407b1fdd5d63e5b542d325","69d7901e3430d13455efb336","69e8b649ba24d5ff4f3b7b5d","<p style=""font-size: 60px; font-family: FragmentMono"">KVAQWEHK</p>","","","training","","","","","","",""
"null","null","html-keyboard-response","350","677679","0.0-15.0-0.19","67407b1fdd5d63e5b542d325","69d7901e3430d13455efb336","69e8b649ba24d5ff4f3b7b5d","<p style=""font-size: 60px; font-family: FragmentMono"">ZUKXOJWTI</p>","","","training","","","","","","",""
"null","null","html-keyboard-response","351","678690","0.0-15.0-0.20","67407b1fdd5d63e5b542d325","69d7901e3430d13455efb336","69e8b649ba24d5ff4f3b7b5d","<p style=""font-size: 60px; font-family: FragmentMono"">FPKYPEX</p>","","","training","","","","","","",""
"null","null","html-keyboard-response","352","679691","0.0-15.0-0.21","67407b1fdd5d63e5b542d325","69d7901e3430d13455efb336","69e8b649ba24d5ff4f3b7b5d","<p style=""font-size: 60px; font-family: FragmentMono"">DOFTBUPHS</p>","","","training","","","","","","",""
"null","null","html-keyboard-response","353","680692","0.0-15.0-0.22","67407b1fdd5d63e5b542d325","69d7901e3430d13455efb336","69e8b649ba24d5ff4f3b7b5d","<p style=""font-size: 60px; font-family: FragmentMono"">PSZTQTWYN</p>","","","training","","","","","","",""
"null","null","html-keyboard-response","354","681693","0.0-15.0-0.23","67407b1fdd5d63e5b542d325","69d7901e3430d13455efb336","69e8b649ba24d5ff4f3b7b5d","<p style=""font-size: 60px; font-family: FragmentMono"">GHRJQBWGO</p>","","","training","","","","","","",""
"null","null","html-keyboard-response","355","682705","0.0-15.0-0.24","67407b1fdd5d63e5b542d325","69d7901e3430d13455efb336","69e8b649ba24d5ff4f3b7b5d","<p style=""font-size: 60px; font-family: FragmentMono"">XBQDEHK</p>","","","training","","","","","","",""
"null","null","html-keyboard-response","356","683706","0.0-15.0-0.25","67407b1fdd5d63e5b542d325","69d7901e3430d13455efb336","69e8b649ba24d5ff4f3b7b5d","<p style=""font-size: 60px; font-family: FragmentMono"">ZIKMOUXS</p>","","","training","","","","","","",""
"null","null","html-keyboard-response","357","684707","0.0-15.0-0.26","67407b1fdd5d63e5b542d325","69d7901e3430d13455efb336","69e8b649ba24d5ff4f3b7b5d","<p style=""font-size: 60px; font-family: FragmentMono"">CQPCOJWTI</p>","","","training","","","","","","",""
"null","null","html-keyboard-response","358","685720","0.0-15.0-0.27","67407b1fdd5d63e5b542d325","69d7901e3430d13455efb336","69e8b649ba24d5ff4f3b7b5d","<p style=""font-size: 60px; font-family: FragmentMono"">UABSUXS</p>","","","training","","","","","","",""
"null","null","html-keyboard-response","359","686721","0.0-15.0-0.28","67407b1fdd5d63e5b542d325","69d7901e3430d13455efb336","69e8b649ba24d5ff4f3b7b5d","<p style=""font-size: 60px; font-family: FragmentMono"">ZKGBFPEX</p>","","","training","","","","","","",""
"null","null","html-keyboard-response","360","687723","0.0-15.0-0.29","67407b1fdd5d63e5b542d325","69d7901e3430d13455efb336","69e8b649ba24d5ff4f3b7b5d","<p style=""font-size: 60px; font-family: FragmentMono"">LUCWDEHK</p>","","","training","","","","","","",""
"null","null","html-keyboard-response","361","688731","0.0-15.0-0.30","67407b1fdd5d63e5b542d325","69d7901e3430d13455efb336","69e8b649ba24d5ff4f3b7b5d","<p style=""font-size: 60px; font-family: FragmentMono"">XBQDUXS</p>","","","training","","","","","","",""
"null","null","html-keyboard-response","362","689737","0.0-15.0-0.31","67407b1fdd5d63e5b542d325","69d7901e3430d13455efb336","69e8b649ba24d5ff4f3b7b5d","<p style=""font-size: 60px; font-family: FragmentMono"">GHRJQKUZ</p>","","","training","","","","","","",""
"null","null","html-keyboard-response","363","690740","0.0-15.0-0.32","67407b1fdd5d63e5b542d325","69d7901e3430d13455efb336","69e8b649ba24d5ff4f3b7b5d","<p style=""font-size: 60px; font-family: FragmentMono"">ZKGBFJWTI</p>","","","training","","","","","","",""
"null","null","html-keyboard-response","364","691751","0.0-15.0-0.33","67407b1fdd5d63e5b542d325","69d7901e3430d13455efb336","69e8b649ba24d5ff4f3b7b5d","<p style=""font-size: 60px; font-family: FragmentMono"">CQPCOPEX</p>","","","training","","","","","","",""
"null","null","html-keyboard-response","365","692763","0.0-15.0-0.34","67407b1fdd5d63e5b542d325","69d7901e3430d13455efb336","69e8b649ba24d5ff4f3b7b5d","<p style=""font-size: 60px; font-family: FragmentMono"">OEDRAXHO</p>","","","training","","","","","","",""
"null","null","html-keyboard-response","366","693770","0.0-15.0-0.35","67407b1fdd5d63e5b542d325","69d7901e3430d13455efb336","69e8b649ba24d5ff4f3b7b5d","<p style=""font-size: 60px; font-family: FragmentMono"">ESDZQBWGO</p>","","","training","","","","","","",""
"null","null","html-keyboard-response","367","694783","0.0-15.0-0.36","67407b1fdd5d63e5b542d325","69d7901e3430d13455efb336","69e8b649ba24d5ff4f3b7b5d","<p style=""font-size: 60px; font-family: FragmentMono"">LUCWDTWYN</p>","","","training","","","","","","",""
"null","null","html-keyboard-response","368","695795","0.0-15.0-0.37","67407b1fdd5d63e5b542d325","69d7901e3430d13455efb336","69e8b649ba24d5ff4f3b7b5d","<p style=""font-size: 60px; font-family: FragmentMono"">FPKYXHO</p>","","","training","","","","","","",""
"null","null","html-keyboard-response","369","696810","0.0-15.0-0.38","67407b1fdd5d63e5b542d325","69d7901e3430d13455efb336","69e8b649ba24d5ff4f3b7b5d","<p style=""font-size: 60px; font-family: FragmentMono"">GHRJQJWTI</p>","","","training","","","","","","",""
"null","null","html-keyboard-response","370","697814","0.0-15.0-0.39","67407b1fdd5d63e5b542d325","69d7901e3430d13455efb336","69e8b649ba24d5ff4f3b7b5d","<p style=""font-size: 60px; font-family: FragmentMono"">DOFTBTWYN</p>","","","training","","","","","","",""
"null","null","html-keyboard-response","371","698815","0.0-15.0-0.40","67407b1fdd5d63e5b542d325","69d7901e3430d13455efb336","69e8b649ba24d5ff4f3b7b5d","<p style=""font-size: 60px; font-family: FragmentMono"">TREHPEX</p>","","","training","","","","","","",""
"null","null","html-keyboard-response","372","699818","0.0-15.0-0.41","67407b1fdd5d63e5b542d325","69d7901e3430d13455efb336","69e8b649ba24d5ff4f3b7b5d","<p style=""font-size: 60px; font-family: FragmentMono"">THVXZUPHS</p>","","","training","","","","","","",""
"null","null","html-keyboard-response","373","700819","0.0-15.0-0.42","67407b1fdd5d63e5b542d325","69d7901e3430d13455efb336","69e8b649ba24d5ff4f3b7b5d","<p style=""font-size: 60px; font-family: FragmentMono"">GHRJQXHO</p>","","","training","","","","","","",""
"null","null","html-keyboard-response","374","701832","0.0-15.0-0.43","67407b1fdd5d63e5b542d325","69d7901e3430d13455efb336","69e8b649ba24d5ff4f3b7b5d","<p style=""font-size: 60px; font-family: FragmentMono"">FPKYKUZ</p>","","","training","","","","","","",""
"null","null","html-keyboard-response","375","702833","0.0-15.0-0.44","67407b1fdd5d63e5b542d325","69d7901e3430d13455efb336","69e8b649ba24d5ff4f3b7b5d","<p style=""font-size: 60px; font-family: FragmentMono"">KVAQWUXS</p>","","","training","","","","","","",""
"null","null","html-keyboard-response","376","703835","0.0-15.0-0.45","67407b1fdd5d63e5b542d325","69d7901e3430d13455efb336","69e8b649ba24d5ff4f3b7b5d","<p style=""font-size: 60px; font-family: FragmentMono"">TREHBWGO</p>","","","training","","","","","","",""
"null","null","html-keyboard-response","377","704850","0.0-15.0-0.46","67407b1fdd5d63e5b542d325","69d7901e3430d13455efb336","69e8b649ba24d5ff4f3b7b5d","<p style=""font-size: 60px; font-family: FragmentMono"">XNZCUPHS</p>","","","training","","","","","","",""
"null","null","html-keyboard-response","378","705852","0.0-15.0-0.47","67407b1fdd5d63e5b542d325","69d7901e3430d13455efb336","69e8b649ba24d5ff4f3b7b5d","<p style=""font-size: 60px; font-family: FragmentMono"">SEWIYPEX</p>","","","training","","","","","","",""
"null","null","html-keyboard-response","379","706858","0.0-15.0-0.48","67407b1fdd5d63e5b542d325","69d7901e3430d13455efb336","69e8b649ba24d5ff4f3b7b5d","<p style=""font-size: 60px; font-family: FragmentMono"">MXCUIRBO</p>","","","training","","","","","","",""
"null","null","html-keyboard-response","380","707866","0.0-15.0-0.49","67407b1fdd5d63e5b542d325","69d7901e3430d13455efb336","69e8b649ba24d5ff4f3b7b5d","<p style=""font-size: 60px; font-family: FragmentMono"">SEWIYXHO</p>","","","training","","","","","","",""
"null","null","html-keyboard-response","381","708868","0.0-15.0-0.50","67407b1fdd5d63e5b542d325","69d7901e3430d13455efb336","69e8b649ba24d5ff4f3b7b5d","<p style=""font-size: 60px; font-family: FragmentMono"">XNZCUXS</p>","","","training","","","","","","",""
"null","null","html-keyboard-response","382","709871","0.0-15.0-0.51","67407b1fdd5d63e5b542d325","69d7901e3430d13455efb336","69e8b649ba24d5ff4f3b7b5d","<p style=""font-size: 60px; font-family: FragmentMono"">UABSUPHS</p>","","","training","","","","","","",""
"null","null","html-keyboard-response","383","710876","0.0-15.0-0.52","67407b1fdd5d63e5b542d325","69d7901e3430d13455efb336","69e8b649ba24d5ff4f3b7b5d","<p style=""font-size: 60px; font-family: FragmentMono"">ESDZQKUZ</p>","","","training","","","","","","",""
"null","null","html-keyboard-response","384","711877","0.0-15.0-0.53","67407b1fdd5d63e5b542d325","69d7901e3430d13455efb336","69e8b649ba24d5ff4f3b7b5d","<p style=""font-size: 60px; font-family: FragmentMono"">DOFTBEHK</p>","","","training","","","","","","",""
"null","null","html-keyboard-response","385","712891","0.0-15.0-0.54","67407b1fdd5d63e5b542d325","69d7901e3430d13455efb336","69e8b649ba24d5ff4f3b7b5d","<p style=""font-size: 60px; font-family: FragmentMono"">PSZTQUPHS</p>","","","training","","","","","","",""
"null","null","html-keyboard-response","386","713892","0.0-15.0-0.55","67407b1fdd5d63e5b542d325","69d7901e3430d13455efb336","69e8b649ba24d5ff4f3b7b5d","<p style=""font-size: 60px; font-family: FragmentMono"">ESDZQXHO</p>","","","training","","","","","","",""
"null","null","html-keyboard-response","387","714902","0.0-15.0-0.56","67407b1fdd5d63e5b542d325","69d7901e3430d13455efb336","69e8b649ba24d5ff4f3b7b5d","<p style=""font-size: 60px; font-family: FragmentMono"">WOFHBWGO</p>","","","training","","","","","","",""
"null","null","html-keyboard-response","388","715903","0.0-15.0-0.57","67407b1fdd5d63e5b542d325","69d7901e3430d13455efb336","69e8b649ba24d5ff4f3b7b5d","<p style=""font-size: 60px; font-family: FragmentMono"">TREHKUZ</p>","","","training","","","","","","",""
"null","null","html-keyboard-response","389","716903","0.0-15.0-0.58","67407b1fdd5d63e5b542d325","69d7901e3430d13455efb336","69e8b649ba24d5ff4f3b7b5d","<p style=""font-size: 60px; font-family: FragmentMono"">THVXZUXS</p>","","","training","","","","","","",""
"null","null","html-keyboard-response","390","717904","0.0-15.0-0.59","67407b1fdd5d63e5b542d325","69d7901e3430d13455efb336","69e8b649ba24d5ff4f3b7b5d","<p style=""font-size: 60px; font-family: FragmentMono"">ZKGBFBWGO</p>","","","training","","","","","","",""
"null","null","html-keyboard-response","391","718906","0.0-15.0-0.60","67407b1fdd5d63e5b542d325","69d7901e3430d13455efb336","69e8b649ba24d5ff4f3b7b5d","<p style=""font-size: 60px; font-family: FragmentMono"">MXCUIUXS</p>","","","training","","","","","","",""
"null","null","html-keyboard-response","392","719919","0.0-15.0-0.61","67407b1fdd5d63e5b542d325","69d7901e3430d13455efb336","69e8b649ba24d5ff4f3b7b5d","<p style=""font-size: 60px; font-family: FragmentMono"">WOFHPEX</p>","","","training","","","","","","",""
"null","null","html-keyboard-response","393","720927","0.0-15.0-0.62","67407b1fdd5d63e5b542d325","69d7901e3430d13455efb336","69e8b649ba24d5ff4f3b7b5d","<p style=""font-size: 60px; font-family: FragmentMono"">ZKGBFKUZ</p>","","","training","","","","","","",""
"null","null","html-keyboard-response","394","721937","0.0-15.0-0.63","67407b1fdd5d63e5b542d325","69d7901e3430d13455efb336","69e8b649ba24d5ff4f3b7b5d","<p style=""font-size: 60px; font-family: FragmentMono"">FPKYBWGO</p>","","","training","","","","","","",""
"null","null","html-keyboard-response","395","722950","0.0-15.0-0.64","67407b1fdd5d63e5b542d325","69d7901e3430d13455efb336","69e8b649ba24d5ff4f3b7b5d","<p style=""font-size: 60px; font-family: FragmentMono"">PSZTQRBO</p>","","","training","","","","","","",""
"null","null","html-keyboard-response","396","723954","0.0-15.0-0.65","67407b1fdd5d63e5b542d325","69d7901e3430d13455efb336","69e8b649ba24d5ff4f3b7b5d","<p style=""font-size: 60px; font-family: FragmentMono"">ZIKMOUPHS</p>","","","training","","","","","","",""
"null","null","html-keyboard-response","397","724955","0.0-15.0-0.66","67407b1fdd5d63e5b542d325","69d7901e3430d13455efb336","69e8b649ba24d5ff4f3b7b5d","<p style=""font-size: 60px; font-family: FragmentMono"">UABSRBO</p>","","","training","","","","","","",""
"null","null","html-keyboard-response","398","725965","0.0-15.0-0.67","67407b1fdd5d63e5b542d325","69d7901e3430d13455efb336","69e8b649ba24d5ff4f3b7b5d","<p style=""font-size: 60px; font-family: FragmentMono"">MXCUIEHK</p>","","","training","","","","","","",""
"null","null","html-keyboard-response","399","726966","0.0-15.0-0.68","67407b1fdd5d63e5b542d325","69d7901e3430d13455efb336","69e8b649ba24d5ff4f3b7b5d","<p style=""font-size: 60px; font-family: FragmentMono"">ESDZQJWTI</p>","","","training","","","","","","",""
"null","null","html-keyboard-response","400","727967","0.0-15.0-0.69","67407b1fdd5d63e5b542d325","69d7901e3430d13455efb336","69e8b649ba24d5ff4f3b7b5d","<p style=""font-size: 60px; font-family: FragmentMono"">TREHXHO</p>","","","training","","","","","","",""
"null","null","html-keyboard-response","401","728971","0.0-15.0-0.70","67407b1fdd5d63e5b542d325","69d7901e3430d13455efb336","69e8b649ba24d5ff4f3b7b5d","<p style=""font-size: 60px; font-family: FragmentMono"">XBQDTWYN</p>","","","training","","","","","","",""
"null","null","html-keyboard-response","402","729973","0.0-15.0-0.71","67407b1fdd5d63e5b542d325","69d7901e3430d13455efb336","69e8b649ba24d5ff4f3b7b5d","<p style=""font-size: 60px; font-family: FragmentMono"">WOFHJWTI</p>","","","training","","","","","","",""
"null","null","html-keyboard-response","403","730982","0.0-15.0-0.72","67407b1fdd5d63e5b542d325","69d7901e3430d13455efb336","69e8b649ba24d5ff4f3b7b5d","<p style=""font-size: 60px; font-family: FragmentMono"">OEDRAPEX</p>","","","training","","","","","","",""
"null","null","html-keyboard-response","404","731984","0.0-15.0-0.73","67407b1fdd5d63e5b542d325","69d7901e3430d13455efb336","69e8b649ba24d5ff4f3b7b5d","<p style=""font-size: 60px; font-family: FragmentMono"">LUCWDUXS</p>","","","training","","","","","","",""
"null","null","html-keyboard-response","405","732986","0.0-15.0-0.74","67407b1fdd5d63e5b542d325","69d7901e3430d13455efb336","69e8b649ba24d5ff4f3b7b5d","<p style=""font-size: 60px; font-family: FragmentMono"">KVAQWTWYN</p>","","","training","","","","","","",""
"null","null","html-keyboard-response","406","733989","0.0-15.0-0.75","67407b1fdd5d63e5b542d325","69d7901e3430d13455efb336","69e8b649ba24d5ff4f3b7b5d","<p style=""font-size: 60px; font-family: FragmentMono"">OEDRAJWTI</p>","","","training","","","","","","",""
"null","null","html-keyboard-response","407","734990","0.0-15.0-0.76","67407b1fdd5d63e5b542d325","69d7901e3430d13455efb336","69e8b649ba24d5ff4f3b7b5d","<p style=""font-size: 60px; font-family: FragmentMono"">XBQDUPHS</p>","","","training","","","","","","",""
"null","null","html-keyboard-response","408","735992","0.0-15.0-0.77","67407b1fdd5d63e5b542d325","69d7901e3430d13455efb336","69e8b649ba24d5ff4f3b7b5d","<p style=""font-size: 60px; font-family: FragmentMono"">UABSTWYN</p>","","","training","","","","","","",""
"null","null","html-keyboard-response","409","736993","0.0-15.0-0.78","67407b1fdd5d63e5b542d325","69d7901e3430d13455efb336","69e8b649ba24d5ff4f3b7b5d","<p style=""font-size: 60px; font-family: FragmentMono"">CQPCOBWGO</p>","","","training","","","","","","",""
"null","null","html-keyboard-response","410","737994","0.0-15.0-0.79","67407b1fdd5d63e5b542d325","69d7901e3430d13455efb336","69e8b649ba24d5ff4f3b7b5d","<p style=""font-size: 60px; font-family: FragmentMono"">THVXZEHK</p>","","","training","","","","","","",""
"12361"," ","html-keyboard-response","411","750356","0.0-16.0","67407b1fdd5d63e5b542d325","69d7901e3430d13455efb336","69e8b649ba24d5ff4f3b7b5d","<p style=""font-size: 30px"">Great, you've seen the fifth block of words. You may now take a short break.</p>
      <p style=""font-size: 30px"">Press the spacebar when you're ready to continue.</p>","","","","","","","","","",""
"null","null","html-keyboard-response","412","751364","0.0-17.0-0.0","67407b1fdd5d63e5b542d325","69d7901e3430d13455efb336","69e8b649ba24d5ff4f3b7b5d","<p style=""font-size: 60px; font-family: FragmentMono"">CQPCOBWGO</p>","","","training","","","","","","",""
"null","null","html-keyboard-response","413","752365","0.0-17.0-0.1","67407b1fdd5d63e5b542d325","69d7901e3430d13455efb336","69e8b649ba24d5ff4f3b7b5d","<p style=""font-size: 60px; font-family: FragmentMono"">LUCWDEHK</p>","","","training","","","","","","",""
"null","null","html-keyboard-response","414","753377","0.0-17.0-0.2","67407b1fdd5d63e5b542d325","69d7901e3430d13455efb336","69e8b649ba24d5ff4f3b7b5d","<p style=""font-size: 60px; font-family: FragmentMono"">ESDZQBWGO</p>","","","training","","","","","","",""
"null","null","html-keyboard-response","415","754394","0.0-17.0-0.3","67407b1fdd5d63e5b542d325","69d7901e3430d13455efb336","69e8b649ba24d5ff4f3b7b5d","<p style=""font-size: 60px; font-family: FragmentMono"">UABSTWYN</p>","","","training","","","","","","",""
"null","null","html-keyboard-response","416","755394","0.0-17.0-0.4","67407b1fdd5d63e5b542d325","69d7901e3430d13455efb336","69e8b649ba24d5ff4f3b7b5d","<p style=""font-size: 60px; font-family: FragmentMono"">ZKGBFBWGO</p>","","","training","","","","","","",""
"null","null","html-keyboard-response","417","756397","0.0-17.0-0.5","67407b1fdd5d63e5b542d325","69d7901e3430d13455efb336","69e8b649ba24d5ff4f3b7b5d","<p style=""font-size: 60px; font-family: FragmentMono"">DOFTBTWYN</p>","","","training","","","","","","",""
"null","null","html-keyboard-response","418","757398","0.0-17.0-0.6","67407b1fdd5d63e5b542d325","69d7901e3430d13455efb336","69e8b649ba24d5ff4f3b7b5d","<p style=""font-size: 60px; font-family: FragmentMono"">SEWIYKUZ</p>","","","training","","","","","","",""
"null","null","html-keyboard-response","419","758399","0.0-17.0-0.7","67407b1fdd5d63e5b542d325","69d7901e3430d13455efb336","69e8b649ba24d5ff4f3b7b5d","<p style=""font-size: 60px; font-family: FragmentMono"">KVAQWTWYN</p>","","","training","","","","","","",""
"null","null","html-keyboard-response","420","759409","0.0-17.0-0.8","67407b1fdd5d63e5b542d325","69d7901e3430d13455efb336","69e8b649ba24d5ff4f3b7b5d","<p style=""font-size: 60px; font-family: FragmentMono"">SEWIYXHO</p>","","","training","","","","","","",""
"null","null","html-keyboard-response","421","760416","0.0-17.0-0.9","67407b1fdd5d63e5b542d325","69d7901e3430d13455efb336","69e8b649ba24d5ff4f3b7b5d","<p style=""font-size: 60px; font-family: FragmentMono"">CQPCOPEX</p>","","","training","","","","","","",""
"null","null","html-keyboard-response","422","761418","0.0-17.0-0.10","67407b1fdd5d63e5b542d325","69d7901e3430d13455efb336","69e8b649ba24d5ff4f3b7b5d","<p style=""font-size: 60px; font-family: FragmentMono"">GHRJQXHO</p>","","","training","","","","","","",""
"null","null","html-keyboard-response","423","762427","0.0-17.0-0.11","67407b1fdd5d63e5b542d325","69d7901e3430d13455efb336","69e8b649ba24d5ff4f3b7b5d","<p style=""font-size: 60px; font-family: FragmentMono"">FPKYPEX</p>","","","training","","","","","","",""
"null","null","html-keyboard-response","424","763434","0.0-17.0-0.12","67407b1fdd5d63e5b542d325","69d7901e3430d13455efb336","69e8b649ba24d5ff4f3b7b5d","<p style=""font-size: 60px; font-family: FragmentMono"">OEDRABWGO</p>","","","training","","","","","","",""
"null","null","html-keyboard-response","425","764445","0.0-17.0-0.13","67407b1fdd5d63e5b542d325","69d7901e3430d13455efb336","69e8b649ba24d5ff4f3b7b5d","<p style=""font-size: 60px; font-family: FragmentMono"">PSZTQUPHS</p>","","","training","","","","","","",""
"null","null","html-keyboard-response","426","765448","0.0-17.0-0.14","67407b1fdd5d63e5b542d325","69d7901e3430d13455efb336","69e8b649ba24d5ff4f3b7b5d","<p style=""font-size: 60px; font-family: FragmentMono"">GHRJQKUZ</p>","","","training","","","","","","",""
"null","null","html-keyboard-response","427","766450","0.0-17.0-0.15","67407b1fdd5d63e5b542d325","69d7901e3430d13455efb336","69e8b649ba24d5ff4f3b7b5d","<p style=""font-size: 60px; font-family: FragmentMono"">WOFHJWTI</p>","","","training","","","","","","",""
"null","null","html-keyboard-response","428","767452","0.0-17.0-0.16","67407b1fdd5d63e5b542d325","69d7901e3430d13455efb336","69e8b649ba24d5ff4f3b7b5d","<p style=""font-size: 60px; font-family: FragmentMono"">UABSUPHS</p>","","","training","","","","","","",""
"null","null","html-keyboard-response","429","768453","0.0-17.0-0.17","67407b1fdd5d63e5b542d325","69d7901e3430d13455efb336","69e8b649ba24d5ff4f3b7b5d","<p style=""font-size: 60px; font-family: FragmentMono"">WOFHBWGO</p>","","","training","","","","","","",""
"null","null","html-keyboard-response","430","769453","0.0-17.0-0.18","67407b1fdd5d63e5b542d325","69d7901e3430d13455efb336","69e8b649ba24d5ff4f3b7b5d","<p style=""font-size: 60px; font-family: FragmentMono"">XNZCUXS</p>","","","training","","","","","","",""
"null","null","html-keyboard-response","431","770454","0.0-17.0-0.19","67407b1fdd5d63e5b542d325","69d7901e3430d13455efb336","69e8b649ba24d5ff4f3b7b5d","<p style=""font-size: 60px; font-family: FragmentMono"">TREHXHO</p>","","","training","","","","","","",""
"null","null","html-keyboard-response","432","771458","0.0-17.0-0.20","67407b1fdd5d63e5b542d325","69d7901e3430d13455efb336","69e8b649ba24d5ff4f3b7b5d","<p style=""font-size: 60px; font-family: FragmentMono"">ZIKMOEHK</p>","","","training","","","","","","",""
"null","null","html-keyboard-response","433","772459","0.0-17.0-0.21","67407b1fdd5d63e5b542d325","69d7901e3430d13455efb336","69e8b649ba24d5ff4f3b7b5d","<p style=""font-size: 60px; font-family: FragmentMono"">SEWIYPEX</p>","","","training","","","","","","",""
"null","null","html-keyboard-response","434","773462","0.0-17.0-0.22","67407b1fdd5d63e5b542d325","69d7901e3430d13455efb336","69e8b649ba24d5ff4f3b7b5d","<p style=""font-size: 60px; font-family: FragmentMono"">CQPCOJWTI</p>","","","training","","","","","","",""
"null","null","html-keyboard-response","435","774472","0.0-17.0-0.23","67407b1fdd5d63e5b542d325","69d7901e3430d13455efb336","69e8b649ba24d5ff4f3b7b5d","<p style=""font-size: 60px; font-family: FragmentMono"">THVXZUPHS</p>","","","training","","","","","","",""
"null","null","html-keyboard-response","436","775486","0.0-17.0-0.24","67407b1fdd5d63e5b542d325","69d7901e3430d13455efb336","69e8b649ba24d5ff4f3b7b5d","<p style=""font-size: 60px; font-family: FragmentMono"">TREHPEX</p>","","","training","","","","","","",""
"null","null","html-keyboard-response","437","776496","0.0-17.0-0.25","67407b1fdd5d63e5b542d325","69d7901e3430d13455efb336","69e8b649ba24d5ff4f3b7b5d","<p style=""font-size: 60px; font-family: FragmentMono"">ZKGBFJWTI</p>","","","training","","","","","","",""
"null","null","html-keyboard-response","438","777501","0.0-17.0-0.26","67407b1fdd5d63e5b542d325","69d7901e3430d13455efb336","69e8b649ba24d5ff4f3b7b5d","<p style=""font-size: 60px; font-family: FragmentMono"">XBQDEHK</p>","","","training","","","","","","",""
"null","null","html-keyboard-response","439","778514","0.0-17.0-0.27","67407b1fdd5d63e5b542d325","69d7901e3430d13455efb336","69e8b649ba24d5ff4f3b7b5d","<p style=""font-size: 60px; font-family: FragmentMono"">WOFHKUZ</p>","","","training","","","","","","",""
"null","null","html-keyboard-response","440","779515","0.0-17.0-0.28","67407b1fdd5d63e5b542d325","69d7901e3430d13455efb336","69e8b649ba24d5ff4f3b7b5d","<p style=""font-size: 60px; font-family: FragmentMono"">TREHBWGO</p>","","","training","","","","","","",""
"null","null","html-keyboard-response","441","780519","0.0-17.0-0.29","67407b1fdd5d63e5b542d325","69d7901e3430d13455efb336","69e8b649ba24d5ff4f3b7b5d","<p style=""font-size: 60px; font-family: FragmentMono"">ZIKMORBO</p>","","","training","","","","","","",""
"null","null","html-keyboard-response","442","781533","0.0-17.0-0.30","67407b1fdd5d63e5b542d325","69d7901e3430d13455efb336","69e8b649ba24d5ff4f3b7b5d","<p style=""font-size: 60px; font-family: FragmentMono"">CQPCOXHO</p>","","","training","","","","","","",""
"null","null","html-keyboard-response","443","782546","0.0-17.0-0.31","67407b1fdd5d63e5b542d325","69d7901e3430d13455efb336","69e8b649ba24d5ff4f3b7b5d","<p style=""font-size: 60px; font-family: FragmentMono"">ESDZQKUZ</p>","","","training","","","","","","",""
"null","null","html-keyboard-response","444","783551","0.0-17.0-0.32","67407b1fdd5d63e5b542d325","69d7901e3430d13455efb336","69e8b649ba24d5ff4f3b7b5d","<p style=""font-size: 60px; font-family: FragmentMono"">UABSUXS</p>","","","training","","","","","","",""
"null","null","html-keyboard-response","445","784555","0.0-17.0-0.33","67407b1fdd5d63e5b542d325","69d7901e3430d13455efb336","69e8b649ba24d5ff4f3b7b5d","<p style=""font-size: 60px; font-family: FragmentMono"">GHRJQJWTI</p>","","","training","","","","","","",""
"null","null","html-keyboard-response","446","785557","0.0-17.0-0.34","67407b1fdd5d63e5b542d325","69d7901e3430d13455efb336","69e8b649ba24d5ff4f3b7b5d","<p style=""font-size: 60px; font-family: FragmentMono"">ZUKXOKUZ</p>","","","training","","","","","","",""
"null","null","html-keyboard-response","447","786558","0.0-17.0-0.35","67407b1fdd5d63e5b542d325","69d7901e3430d13455efb336","69e8b649ba24d5ff4f3b7b5d","<p style=""font-size: 60px; font-family: FragmentMono"">ESDZQJWTI</p>","","","training","","","","","","",""
"null","null","html-keyboard-response","448","787571","0.0-17.0-0.36","67407b1fdd5d63e5b542d325","69d7901e3430d13455efb336","69e8b649ba24d5ff4f3b7b5d","<p style=""font-size: 60px; font-family: FragmentMono"">MXCUIEHK</p>","","","training","","","","","","",""
"null","null","html-keyboard-response","449","788583","0.0-17.0-0.37","67407b1fdd5d63e5b542d325","69d7901e3430d13455efb336","69e8b649ba24d5ff4f3b7b5d","<p style=""font-size: 60px; font-family: FragmentMono"">THVXZRBO</p>","","","training","","","","","","",""
"null","null","html-keyboard-response","450","789585","0.0-17.0-0.38","67407b1fdd5d63e5b542d325","69d7901e3430d13455efb336","69e8b649ba24d5ff4f3b7b5d","<p style=""font-size: 60px; font-family: FragmentMono"">FPKYXHO</p>","","","training","","","","","","",""
"null","null","html-keyboard-response","451","790587","0.0-17.0-0.39","67407b1fdd5d63e5b542d325","69d7901e3430d13455efb336","69e8b649ba24d5ff4f3b7b5d","<p style=""font-size: 60px; font-family: FragmentMono"">ZUKXOJWTI</p>","","","training","","","","","","",""
"null","null","html-keyboard-response","452","791588","0.0-17.0-0.40","67407b1fdd5d63e5b542d325","69d7901e3430d13455efb336","69e8b649ba24d5ff4f3b7b5d","<p style=""font-size: 60px; font-family: FragmentMono"">GHRJQBWGO</p>","","","training","","","","","","",""
"null","null","html-keyboard-response","453","792590","0.0-17.0-0.41","67407b1fdd5d63e5b542d325","69d7901e3430d13455efb336","69e8b649ba24d5ff4f3b7b5d","<p style=""font-size: 60px; font-family: FragmentMono"">DOFTBEHK</p>","","","training","","","","","","",""
"null","null","html-keyboard-response","454","793591","0.0-17.0-0.42","67407b1fdd5d63e5b542d325","69d7901e3430d13455efb336","69e8b649ba24d5ff4f3b7b5d","<p style=""font-size: 60px; font-family: FragmentMono"">OEDRAJWTI</p>","","","training","","","","","","",""
"null","null","html-keyboard-response","455","794592","0.0-17.0-0.43","67407b1fdd5d63e5b542d325","69d7901e3430d13455efb336","69e8b649ba24d5ff4f3b7b5d","<p style=""font-size: 60px; font-family: FragmentMono"">PSZTQTWYN</p>","","","training","","","","","","",""
"null","null","html-keyboard-response","456","795597","0.0-17.0-0.44","67407b1fdd5d63e5b542d325","69d7901e3430d13455efb336","69e8b649ba24d5ff4f3b7b5d","<p style=""font-size: 60px; font-family: FragmentMono"">THVXZUXS</p>","","","training","","","","","","",""
"null","null","html-keyboard-response","457","796598","0.0-17.0-0.45","67407b1fdd5d63e5b542d325","69d7901e3430d13455efb336","69e8b649ba24d5ff4f3b7b5d","<p style=""font-size: 60px; font-family: FragmentMono"">XBQDTWYN</p>","","","training","","","","","","",""
"null","null","html-keyboard-response","458","797599","0.0-17.0-0.46","67407b1fdd5d63e5b542d325","69d7901e3430d13455efb336","69e8b649ba24d5ff4f3b7b5d","<p style=""font-size: 60px; font-family: FragmentMono"">PSZTQEHK</p>","","","training","","","","","","",""
"null","null","html-keyboard-response","459","798614","0.0-17.0-0.47","67407b1fdd5d63e5b542d325","69d7901e3430d13455efb336","69e8b649ba24d5ff4f3b7b5d","<p style=""font-size: 60px; font-family: FragmentMono"">FPKYBWGO</p>","","","training","","","","","","",""
"null","null","html-keyboard-response","460","799624","0.0-17.0-0.48","67407b1fdd5d63e5b542d325","69d7901e3430d13455efb336","69e8b649ba24d5ff4f3b7b5d","<p style=""font-size: 60px; font-family: FragmentMono"">THVXZEHK</p>","","","training","","","","","","",""
"null","null","html-keyboard-response","461","800627","0.0-17.0-0.49","67407b1fdd5d63e5b542d325","69d7901e3430d13455efb336","69e8b649ba24d5ff4f3b7b5d","<p style=""font-size: 60px; font-family: FragmentMono"">UABSRBO</p>","","","training","","","","","","",""
"null","null","html-keyboard-response","462","801635","0.0-17.0-0.50","67407b1fdd5d63e5b542d325","69d7901e3430d13455efb336","69e8b649ba24d5ff4f3b7b5d","<p style=""font-size: 60px; font-family: FragmentMono"">ZUKXOXHO</p>","","","training","","","","","","",""
"null","null","html-keyboard-response","463","802636","0.0-17.0-0.51","67407b1fdd5d63e5b542d325","69d7901e3430d13455efb336","69e8b649ba24d5ff4f3b7b5d","<p style=""font-size: 60px; font-family: FragmentMono"">WOFHPEX</p>","","","training","","","","","","",""
"null","null","html-keyboard-response","464","803648","0.0-17.0-0.52","67407b1fdd5d63e5b542d325","69d7901e3430d13455efb336","69e8b649ba24d5ff4f3b7b5d","<p style=""font-size: 60px; font-family: FragmentMono"">ZIKMOUXS</p>","","","training","","","","","","",""
"null","null","html-keyboard-response","465","804653","0.0-17.0-0.53","67407b1fdd5d63e5b542d325","69d7901e3430d13455efb336","69e8b649ba24d5ff4f3b7b5d","<p style=""font-size: 60px; font-family: FragmentMono"">OEDRAPEX</p>","","","training","","","","","","",""
"null","null","html-keyboard-response","466","805654","0.0-17.0-0.54","67407b1fdd5d63e5b542d325","69d7901e3430d13455efb336","69e8b649ba24d5ff4f3b7b5d","<p style=""font-size: 60px; font-family: FragmentMono"">DOFTBUPHS</p>","","","training","","","","","","",""
"null","null","html-keyboard-response","467","806661","0.0-17.0-0.55","67407b1fdd5d63e5b542d325","69d7901e3430d13455efb336","69e8b649ba24d5ff4f3b7b5d","<p style=""font-size: 60px; font-family: FragmentMono"">MXCUIUXS</p>","","","training","","","","","","",""
"null","null","html-keyboard-response","468","807662","0.0-17.0-0.56","67407b1fdd5d63e5b542d325","69d7901e3430d13455efb336","69e8b649ba24d5ff4f3b7b5d","<p style=""font-size: 60px; font-family: FragmentMono"">XNZCUPHS</p>","","","training","","","","","","",""
"null","null","html-keyboard-response","469","808663","0.0-17.0-0.57","67407b1fdd5d63e5b542d325","69d7901e3430d13455efb336","69e8b649ba24d5ff4f3b7b5d","<p style=""font-size: 60px; font-family: FragmentMono"">SEWIYJWTI</p>","","","training","","","","","","",""
"null","null","html-keyboard-response","470","809672","0.0-17.0-0.58","67407b1fdd5d63e5b542d325","69d7901e3430d13455efb336","69e8b649ba24d5ff4f3b7b5d","<p style=""font-size: 60px; font-family: FragmentMono"">PSZTQRBO</p>","","","training","","","","","","",""
"null","null","html-keyboard-response","471","810684","0.0-17.0-0.59","67407b1fdd5d63e5b542d325","69d7901e3430d13455efb336","69e8b649ba24d5ff4f3b7b5d","<p style=""font-size: 60px; font-family: FragmentMono"">TREHKUZ</p>","","","training","","","","","","",""
"null","null","html-keyboard-response","472","811691","0.0-17.0-0.60","67407b1fdd5d63e5b542d325","69d7901e3430d13455efb336","69e8b649ba24d5ff4f3b7b5d","<p style=""font-size: 60px; font-family: FragmentMono"">XBQDUXS</p>","","","training","","","","","","",""
"null","null","html-keyboard-response","473","812702","0.0-17.0-0.61","67407b1fdd5d63e5b542d325","69d7901e3430d13455efb336","69e8b649ba24d5ff4f3b7b5d","<p style=""font-size: 60px; font-family: FragmentMono"">ZUKXOPEX</p>","","","training","","","","","","",""
"null","null","html-keyboard-response","474","813703","0.0-17.0-0.62","67407b1fdd5d63e5b542d325","69d7901e3430d13455efb336","69e8b649ba24d5ff4f3b7b5d","<p style=""font-size: 60px; font-family: FragmentMono"">KVAQWUPHS</p>","","","training","","","","","","",""
"null","null","html-keyboard-response","475","814711","0.0-17.0-0.63","67407b1fdd5d63e5b542d325","69d7901e3430d13455efb336","69e8b649ba24d5ff4f3b7b5d","<p style=""font-size: 60px; font-family: FragmentMono"">DOFTBRBO</p>","","","training","","","","","","",""
"null","null","html-keyboard-response","476","815724","0.0-17.0-0.64","67407b1fdd5d63e5b542d325","69d7901e3430d13455efb336","69e8b649ba24d5ff4f3b7b5d","<p style=""font-size: 60px; font-family: FragmentMono"">KVAQWEHK</p>","","","training","","","","","","",""
"null","null","html-keyboard-response","477","816733","0.0-17.0-0.65","67407b1fdd5d63e5b542d325","69d7901e3430d13455efb336","69e8b649ba24d5ff4f3b7b5d","<p style=""font-size: 60px; font-family: FragmentMono"">ZIKMOUPHS</p>","","","training","","","","","","",""
"null","null","html-keyboard-response","478","817735","0.0-17.0-0.66","67407b1fdd5d63e5b542d325","69d7901e3430d13455efb336","69e8b649ba24d5ff4f3b7b5d","<p style=""font-size: 60px; font-family: FragmentMono"">MXCUIRBO</p>","","","training","","","","","","",""
"null","null","html-keyboard-response","479","818735","0.0-17.0-0.67","67407b1fdd5d63e5b542d325","69d7901e3430d13455efb336","69e8b649ba24d5ff4f3b7b5d","<p style=""font-size: 60px; font-family: FragmentMono"">XNZCTWYN</p>","","","training","","","","","","",""
"null","null","html-keyboard-response","480","819736","0.0-17.0-0.68","67407b1fdd5d63e5b542d325","69d7901e3430d13455efb336","69e8b649ba24d5ff4f3b7b5d","<p style=""font-size: 60px; font-family: FragmentMono"">LUCWDUXS</p>","","","training","","","","","","",""
"null","null","html-keyboard-response","481","820740","0.0-17.0-0.69","67407b1fdd5d63e5b542d325","69d7901e3430d13455efb336","69e8b649ba24d5ff4f3b7b5d","<p style=""font-size: 60px; font-family: FragmentMono"">ESDZQXHO</p>","","","training","","","","","","",""
"null","null","html-keyboard-response","482","821741","0.0-17.0-0.70","67407b1fdd5d63e5b542d325","69d7901e3430d13455efb336","69e8b649ba24d5ff4f3b7b5d","<p style=""font-size: 60px; font-family: FragmentMono"">LUCWDRBO</p>","","","training","","","","","","",""
"null","null","html-keyboard-response","483","822751","0.0-17.0-0.71","67407b1fdd5d63e5b542d325","69d7901e3430d13455efb336","69e8b649ba24d5ff4f3b7b5d","<p style=""font-size: 60px; font-family: FragmentMono"">ZKGBFPEX</p>","","","training","","","","","","",""
"null","null","html-keyboard-response","484","823751","0.0-17.0-0.72","67407b1fdd5d63e5b542d325","69d7901e3430d13455efb336","69e8b649ba24d5ff4f3b7b5d","<p style=""font-size: 60px; font-family: FragmentMono"">FPKYKUZ</p>","","","training","","","","","","",""
"null","null","html-keyboard-response","485","824757","0.0-17.0-0.73","67407b1fdd5d63e5b542d325","69d7901e3430d13455efb336","69e8b649ba24d5ff4f3b7b5d","<p style=""font-size: 60px; font-family: FragmentMono"">XNZCRBO</p>","","","training","","","","","","",""
"null","null","html-keyboard-response","486","825769","0.0-17.0-0.74","67407b1fdd5d63e5b542d325","69d7901e3430d13455efb336","69e8b649ba24d5ff4f3b7b5d","<p style=""font-size: 60px; font-family: FragmentMono"">XBQDUPHS</p>","","","training","","","","","","",""
"null","null","html-keyboard-response","487","826781","0.0-17.0-0.75","67407b1fdd5d63e5b542d325","69d7901e3430d13455efb336","69e8b649ba24d5ff4f3b7b5d","<p style=""font-size: 60px; font-family: FragmentMono"">ZKGBFKUZ</p>","","","training","","","","","","",""
"null","null","html-keyboard-response","488","827797","0.0-17.0-0.76","67407b1fdd5d63e5b542d325","69d7901e3430d13455efb336","69e8b649ba24d5ff4f3b7b5d","<p style=""font-size: 60px; font-family: FragmentMono"">LUCWDTWYN</p>","","","training","","","","","","",""
"null","null","html-keyboard-response","489","828806","0.0-17.0-0.77","67407b1fdd5d63e5b542d325","69d7901e3430d13455efb336","69e8b649ba24d5ff4f3b7b5d","<p style=""font-size: 60px; font-family: FragmentMono"">OEDRAXHO</p>","","","training","","","","","","",""
"null","null","html-keyboard-response","490","829817","0.0-17.0-0.78","67407b1fdd5d63e5b542d325","69d7901e3430d13455efb336","69e8b649ba24d5ff4f3b7b5d","<p style=""font-size: 60px; font-family: FragmentMono"">MXCUITWYN</p>","","","training","","","","","","",""
"null","null","html-keyboard-response","491","830826","0.0-17.0-0.79","67407b1fdd5d63e5b542d325","69d7901e3430d13455efb336","69e8b649ba24d5ff4f3b7b5d","<p style=""font-size: 60px; font-family: FragmentMono"">KVAQWUXS</p>","","","training","","","","","","",""
"21612"," ","html-keyboard-response","492","852439","0.0-18.0","67407b1fdd5d63e5b542d325","69d7901e3430d13455efb336","69e8b649ba24d5ff4f3b7b5d","<p style=""font-size: 30px"">Great, you've seen the sixth block of words. You may now take a short break.</p>
      <p style=""font-size: 30px"">Press the spacebar when you're ready to continue.</p>","","","","","","","","","",""
"null","null","html-keyboard-response","493","853440","0.0-19.0-0.0","67407b1fdd5d63e5b542d325","69d7901e3430d13455efb336","69e8b649ba24d5ff4f3b7b5d","<p style=""font-size: 60px; font-family: FragmentMono"">ESDZQJWTI</p>","","","training","","","","","","",""
"null","null","html-keyboard-response","494","854441","0.0-19.0-0.1","67407b1fdd5d63e5b542d325","69d7901e3430d13455efb336","69e8b649ba24d5ff4f3b7b5d","<p style=""font-size: 60px; font-family: FragmentMono"">ZKGBFBWGO</p>","","","training","","","","","","",""
"null","null","html-keyboard-response","495","855455","0.0-19.0-0.2","67407b1fdd5d63e5b542d325","69d7901e3430d13455efb336","69e8b649ba24d5ff4f3b7b5d","<p style=""font-size: 60px; font-family: FragmentMono"">ESDZQKUZ</p>","","","training","","","","","","",""
"null","null","html-keyboard-response","496","856458","0.0-19.0-0.3","67407b1fdd5d63e5b542d325","69d7901e3430d13455efb336","69e8b649ba24d5ff4f3b7b5d","<p style=""font-size: 60px; font-family: FragmentMono"">ZIKMORBO</p>","","","training","","","","","","",""
"null","null","html-keyboard-response","497","857459","0.0-19.0-0.4","67407b1fdd5d63e5b542d325","69d7901e3430d13455efb336","69e8b649ba24d5ff4f3b7b5d","<p style=""font-size: 60px; font-family: FragmentMono"">MXCUITWYN</p>","","","training","","","","","","",""
"null","null","html-keyboard-response","498","858465","0.0-19.0-0.5","67407b1fdd5d63e5b542d325","69d7901e3430d13455efb336","69e8b649ba24d5ff4f3b7b5d","<p style=""font-size: 60px; font-family: FragmentMono"">FPKYPEX</p>","","","training","","","","","","",""
"null","null","html-keyboard-response","499","859466","0.0-19.0-0.6","67407b1fdd5d63e5b542d325","69d7901e3430d13455efb336","69e8b649ba24d5ff4f3b7b5d","<p style=""font-size: 60px; font-family: FragmentMono"">XBQDEHK</p>","","","training","","","","","","",""
"null","null","html-keyboard-response","500","860467","0.0-19.0-0.7","67407b1fdd5d63e5b542d325","69d7901e3430d13455efb336","69e8b649ba24d5ff4f3b7b5d","<p style=""font-size: 60px; font-family: FragmentMono"">TREHPEX</p>","","","training","","","","","","",""
"null","null","html-keyboard-response","501","861483","0.0-19.0-0.8","67407b1fdd5d63e5b542d325","69d7901e3430d13455efb336","69e8b649ba24d5ff4f3b7b5d","<p style=""font-size: 60px; font-family: FragmentMono"">KVAQWTWYN</p>","","","training","","","","","","",""
"null","null","html-keyboard-response","502","862493","0.0-19.0-0.9","67407b1fdd5d63e5b542d325","69d7901e3430d13455efb336","69e8b649ba24d5ff4f3b7b5d","<p style=""font-size: 60px; font-family: FragmentMono"">XBQDUXS</p>","","","training","","","","","","",""
"null","null","html-keyboard-response","503","863509","0.0-19.0-0.10","67407b1fdd5d63e5b542d325","69d7901e3430d13455efb336","69e8b649ba24d5ff4f3b7b5d","<p style=""font-size: 60px; font-family: FragmentMono"">DOFTBTWYN</p>","","","training","","","","","","",""
"null","null","html-keyboard-response","504","864510","0.0-19.0-0.11","67407b1fdd5d63e5b542d325","69d7901e3430d13455efb336","69e8b649ba24d5ff4f3b7b5d","<p style=""font-size: 60px; font-family: FragmentMono"">XNZCUXS</p>","","","training","","","","","","",""
"null","null","html-keyboard-response","505","865516","0.0-19.0-0.12","67407b1fdd5d63e5b542d325","69d7901e3430d13455efb336","69e8b649ba24d5ff4f3b7b5d","<p style=""font-size: 60px; font-family: FragmentMono"">GHRJQBWGO</p>","","","training","","","","","","",""
"null","null","html-keyboard-response","506","866529","0.0-19.0-0.13","67407b1fdd5d63e5b542d325","69d7901e3430d13455efb336","69e8b649ba24d5ff4f3b7b5d","<p style=""font-size: 60px; font-family: FragmentMono"">SEWIYXHO</p>","","","training","","","","","","",""
"null","null","html-keyboard-response","507","867530","0.0-19.0-0.14","67407b1fdd5d63e5b542d325","69d7901e3430d13455efb336","69e8b649ba24d5ff4f3b7b5d","<p style=""font-size: 60px; font-family: FragmentMono"">ZUKXOKUZ</p>","","","training","","","","","","",""
"null","null","html-keyboard-response","508","868545","0.0-19.0-0.15","67407b1fdd5d63e5b542d325","69d7901e3430d13455efb336","69e8b649ba24d5ff4f3b7b5d","<p style=""font-size: 60px; font-family: FragmentMono"">CQPCOPEX</p>","","","training","","","","","","",""
"null","null","html-keyboard-response","509","869546","0.0-19.0-0.16","67407b1fdd5d63e5b542d325","69d7901e3430d13455efb336","69e8b649ba24d5ff4f3b7b5d","<p style=""font-size: 60px; font-family: FragmentMono"">MXCUIEHK</p>","","","training","","","","","","",""
"null","null","html-keyboard-response","510","870560","0.0-19.0-0.17","67407b1fdd5d63e5b542d325","69d7901e3430d13455efb336","69e8b649ba24d5ff4f3b7b5d","<p style=""font-size: 60px; font-family: FragmentMono"">PSZTQRBO</p>","","","training","","","","","","",""
"null","null","html-keyboard-response","511","871576","0.0-19.0-0.18","67407b1fdd5d63e5b542d325","69d7901e3430d13455efb336","69e8b649ba24d5ff4f3b7b5d","<p style=""font-size: 60px; font-family: FragmentMono"">ZUKXOJWTI</p>","","","training","","","","","","",""
"null","null","html-keyboard-response","512","872577","0.0-19.0-0.19","67407b1fdd5d63e5b542d325","69d7901e3430d13455efb336","69e8b649ba24d5ff4f3b7b5d","<p style=""font-size: 60px; font-family: FragmentMono"">KVAQWEHK</p>","","","training","","","","","","",""
"null","null","html-keyboard-response","513","873578","0.0-19.0-0.20","67407b1fdd5d63e5b542d325","69d7901e3430d13455efb336","69e8b649ba24d5ff4f3b7b5d","<p style=""font-size: 60px; font-family: FragmentMono"">FPKYKUZ</p>","","","training","","","","","","",""
"null","null","html-keyboard-response","514","874582","0.0-19.0-0.21","67407b1fdd5d63e5b542d325","69d7901e3430d13455efb336","69e8b649ba24d5ff4f3b7b5d","<p style=""font-size: 60px; font-family: FragmentMono"">THVXZRBO</p>","","","training","","","","","","",""
"null","null","html-keyboard-response","515","875588","0.0-19.0-0.22","67407b1fdd5d63e5b542d325","69d7901e3430d13455efb336","69e8b649ba24d5ff4f3b7b5d","<p style=""font-size: 60px; font-family: FragmentMono"">DOFTBEHK</p>","","","training","","","","","","",""
"null","null","html-keyboard-response","516","876601","0.0-19.0-0.23","67407b1fdd5d63e5b542d325","69d7901e3430d13455efb336","69e8b649ba24d5ff4f3b7b5d","<p style=""font-size: 60px; font-family: FragmentMono"">TREHXHO</p>","","","training","","","","","","",""
"null","null","html-keyboard-response","517","877607","0.0-19.0-0.24","67407b1fdd5d63e5b542d325","69d7901e3430d13455efb336","69e8b649ba24d5ff4f3b7b5d","<p style=""font-size: 60px; font-family: FragmentMono"">THVXZUPHS</p>","","","training","","","","","","",""
"null","null","html-keyboard-response","518","878610","0.0-19.0-0.25","67407b1fdd5d63e5b542d325","69d7901e3430d13455efb336","69e8b649ba24d5ff4f3b7b5d","<p style=""font-size: 60px; font-family: FragmentMono"">ZIKMOEHK</p>","","","training","","","","","","",""
"null","null","html-keyboard-response","519","879612","0.0-19.0-0.26","67407b1fdd5d63e5b542d325","69d7901e3430d13455efb336","69e8b649ba24d5ff4f3b7b5d","<p style=""font-size: 60px; font-family: FragmentMono"">MXCUIRBO</p>","","","training","","","","","","",""
"null","null","html-keyboard-response","520","880629","0.0-19.0-0.27","67407b1fdd5d63e5b542d325","69d7901e3430d13455efb336","69e8b649ba24d5ff4f3b7b5d","<p style=""font-size: 60px; font-family: FragmentMono"">SEWIYJWTI</p>","","","training","","","","","","",""
"null","null","html-keyboard-response","521","881630","0.0-19.0-0.28","67407b1fdd5d63e5b542d325","69d7901e3430d13455efb336","69e8b649ba24d5ff4f3b7b5d","<p style=""font-size: 60px; font-family: FragmentMono"">XBQDUPHS</p>","","","training","","","","","","",""
"null","null","html-keyboard-response","522","882644","0.0-19.0-0.29","67407b1fdd5d63e5b542d325","69d7901e3430d13455efb336","69e8b649ba24d5ff4f3b7b5d","<p style=""font-size: 60px; font-family: FragmentMono"">GHRJQJWTI</p>","","","training","","","","","","",""
"null","null","html-keyboard-response","523","883657","0.0-19.0-0.30","67407b1fdd5d63e5b542d325","69d7901e3430d13455efb336","69e8b649ba24d5ff4f3b7b5d","<p style=""font-size: 60px; font-family: FragmentMono"">WOFHBWGO</p>","","","training","","","","","","",""
"null","null","html-keyboard-response","524","884667","0.0-19.0-0.31","67407b1fdd5d63e5b542d325","69d7901e3430d13455efb336","69e8b649ba24d5ff4f3b7b5d","<p style=""font-size: 60px; font-family: FragmentMono"">FPKYXHO</p>","","","training","","","","","","",""
"null","null","html-keyboard-response","525","885668","0.0-19.0-0.32","67407b1fdd5d63e5b542d325","69d7901e3430d13455efb336","69e8b649ba24d5ff4f3b7b5d","<p style=""font-size: 60px; font-family: FragmentMono"">XNZCTWYN</p>","","","training","","","","","","",""
"null","null","html-keyboard-response","526","886682","0.0-19.0-0.33","67407b1fdd5d63e5b542d325","69d7901e3430d13455efb336","69e8b649ba24d5ff4f3b7b5d","<p style=""font-size: 60px; font-family: FragmentMono"">GHRJQXHO</p>","","","training","","","","","","",""
"null","null","html-keyboard-response","527","887694","0.0-19.0-0.34","67407b1fdd5d63e5b542d325","69d7901e3430d13455efb336","69e8b649ba24d5ff4f3b7b5d","<p style=""font-size: 60px; font-family: FragmentMono"">CQPCOJWTI</p>","","","training","","","","","","",""
"null","null","html-keyboard-response","528","888706","0.0-19.0-0.35","67407b1fdd5d63e5b542d325","69d7901e3430d13455efb336","69e8b649ba24d5ff4f3b7b5d","<p style=""font-size: 60px; font-family: FragmentMono"">UABSUXS</p>","","","training","","","","","","",""
"null","null","html-keyboard-response","529","889723","0.0-19.0-0.36","67407b1fdd5d63e5b542d325","69d7901e3430d13455efb336","69e8b649ba24d5ff4f3b7b5d","<p style=""font-size: 60px; font-family: FragmentMono"">ESDZQBWGO</p>","","","training","","","","","","",""
"null","null","html-keyboard-response","530","890724","0.0-19.0-0.37","67407b1fdd5d63e5b542d325","69d7901e3430d13455efb336","69e8b649ba24d5ff4f3b7b5d","<p style=""font-size: 60px; font-family: FragmentMono"">THVXZEHK</p>","","","training","","","","","","",""
"null","null","html-keyboard-response","531","891724","0.0-19.0-0.38","67407b1fdd5d63e5b542d325","69d7901e3430d13455efb336","69e8b649ba24d5ff4f3b7b5d","<p style=""font-size: 60px; font-family: FragmentMono"">OEDRABWGO</p>","","","training","","","","","","",""
"null","null","html-keyboard-response","532","892736","0.0-19.0-0.39","67407b1fdd5d63e5b542d325","69d7901e3430d13455efb336","69e8b649ba24d5ff4f3b7b5d","<p style=""font-size: 60px; font-family: FragmentMono"">LUCWDUXS</p>","","","training","","","","","","",""
"null","null","html-keyboard-response","533","893748","0.0-19.0-0.40","67407b1fdd5d63e5b542d325","69d7901e3430d13455efb336","69e8b649ba24d5ff4f3b7b5d","<p style=""font-size: 60px; font-family: FragmentMono"">XNZCUPHS</p>","","","training","","","","","","",""
"null","null","html-keyboard-response","534","894756","0.0-19.0-0.41","67407b1fdd5d63e5b542d325","69d7901e3430d13455efb336","69e8b649ba24d5ff4f3b7b5d","<p style=""font-size: 60px; font-family: FragmentMono"">ZKGBFKUZ</p>","","","training","","","","","","",""
"null","null","html-keyboard-response","535","895771","0.0-19.0-0.42","67407b1fdd5d63e5b542d325","69d7901e3430d13455efb336","69e8b649ba24d5ff4f3b7b5d","<p style=""font-size: 60px; font-family: FragmentMono"">TREHBWGO</p>","","","training","","","","","","",""
"null","null","html-keyboard-response","536","896773","0.0-19.0-0.43","67407b1fdd5d63e5b542d325","69d7901e3430d13455efb336","69e8b649ba24d5ff4f3b7b5d","<p style=""font-size: 60px; font-family: FragmentMono"">UABSRBO</p>","","","training","","","","","","",""
"null","null","html-keyboard-response","537","897789","0.0-19.0-0.44","67407b1fdd5d63e5b542d325","69d7901e3430d13455efb336","69e8b649ba24d5ff4f3b7b5d","<p style=""font-size: 60px; font-family: FragmentMono"">LUCWDEHK</p>","","","training","","","","","","",""
"null","null","html-keyboard-response","538","898802","0.0-19.0-0.45","67407b1fdd5d63e5b542d325","69d7901e3430d13455efb336","69e8b649ba24d5ff4f3b7b5d","<p style=""font-size: 60px; font-family: FragmentMono"">ZKGBFPEX</p>","","","training","","","","","","",""
"null","null","html-keyboard-response","539","899803","0.0-19.0-0.46","67407b1fdd5d63e5b542d325","69d7901e3430d13455efb336","69e8b649ba24d5ff4f3b7b5d","<p style=""font-size: 60px; font-family: FragmentMono"">TREHKUZ</p>","","","training","","","","","","",""
"null","null","html-keyboard-response","540","900804","0.0-19.0-0.47","67407b1fdd5d63e5b542d325","69d7901e3430d13455efb336","69e8b649ba24d5ff4f3b7b5d","<p style=""font-size: 60px; font-family: FragmentMono"">PSZTQTWYN</p>","","","training","","","","","","",""
"null","null","html-keyboard-response","541","901806","0.0-19.0-0.48","67407b1fdd5d63e5b542d325","69d7901e3430d13455efb336","69e8b649ba24d5ff4f3b7b5d","<p style=""font-size: 60px; font-family: FragmentMono"">ZKGBFJWTI</p>","","","training","","","","","","",""
"null","null","html-keyboard-response","542","902816","0.0-19.0-0.49","67407b1fdd5d63e5b542d325","69d7901e3430d13455efb336","69e8b649ba24d5ff4f3b7b5d","<p style=""font-size: 60px; font-family: FragmentMono"">ZIKMOUPHS</p>","","","training","","","","","","",""
"null","null","html-keyboard-response","543","903830","0.0-19.0-0.50","67407b1fdd5d63e5b542d325","69d7901e3430d13455efb336","69e8b649ba24d5ff4f3b7b5d","<p style=""font-size: 60px; font-family: FragmentMono"">WOFHKUZ</p>","","","training","","","","","","",""
"null","null","html-keyboard-response","544","904842","0.0-19.0-0.51","67407b1fdd5d63e5b542d325","69d7901e3430d13455efb336","69e8b649ba24d5ff4f3b7b5d","<p style=""font-size: 60px; font-family: FragmentMono"">UABSTWYN</p>","","","training","","","","","","",""
"null","null","html-keyboard-response","545","905842","0.0-19.0-0.52","67407b1fdd5d63e5b542d325","69d7901e3430d13455efb336","69e8b649ba24d5ff4f3b7b5d","<p style=""font-size: 60px; font-family: FragmentMono"">ZUKXOPEX</p>","","","training","","","","","","",""
"null","null","html-keyboard-response","546","906848","0.0-19.0-0.53","67407b1fdd5d63e5b542d325","69d7901e3430d13455efb336","69e8b649ba24d5ff4f3b7b5d","<p style=""font-size: 60px; font-family: FragmentMono"">FPKYBWGO</p>","","","training","","","","","","",""
"null","null","html-keyboard-response","547","907864","0.0-19.0-0.54","67407b1fdd5d63e5b542d325","69d7901e3430d13455efb336","69e8b649ba24d5ff4f3b7b5d","<p style=""font-size: 60px; font-family: FragmentMono"">WOFHJWTI</p>","","","training","","","","","","",""
"null","null","html-keyboard-response","548","908865","0.0-19.0-0.55","67407b1fdd5d63e5b542d325","69d7901e3430d13455efb336","69e8b649ba24d5ff4f3b7b5d","<p style=""font-size: 60px; font-family: FragmentMono"">XBQDTWYN</p>","","","training","","","","","","",""
"null","null","html-keyboard-response","549","909865","0.0-19.0-0.56","67407b1fdd5d63e5b542d325","69d7901e3430d13455efb336","69e8b649ba24d5ff4f3b7b5d","<p style=""font-size: 60px; font-family: FragmentMono"">OEDRAPEX</p>","","","training","","","","","","",""
"null","null","html-keyboard-response","550","910867","0.0-19.0-0.57","67407b1fdd5d63e5b542d325","69d7901e3430d13455efb336","69e8b649ba24d5ff4f3b7b5d","<p style=""font-size: 60px; font-family: FragmentMono"">ZIKMOUXS</p>","","","training","","","","","","",""
"null","null","html-keyboard-response","551","911879","0.0-19.0-0.58","67407b1fdd5d63e5b542d325","69d7901e3430d13455efb336","69e8b649ba24d5ff4f3b7b5d","<p style=""font-size: 60px; font-family: FragmentMono"">PSZTQUPHS</p>","","","training","","","","","","",""
"null","null","html-keyboard-response","552","912883","0.0-19.0-0.59","67407b1fdd5d63e5b542d325","69d7901e3430d13455efb336","69e8b649ba24d5ff4f3b7b5d","<p style=""font-size: 60px; font-family: FragmentMono"">OEDRAXHO</p>","","","training","","","","","","",""
"null","null","html-keyboard-response","553","913897","0.0-19.0-0.60","67407b1fdd5d63e5b542d325","69d7901e3430d13455efb336","69e8b649ba24d5ff4f3b7b5d","<p style=""font-size: 60px; font-family: FragmentMono"">SEWIYPEX</p>","","","training","","","","","","",""
"null","null","html-keyboard-response","554","914898","0.0-19.0-0.61","67407b1fdd5d63e5b542d325","69d7901e3430d13455efb336","69e8b649ba24d5ff4f3b7b5d","<p style=""font-size: 60px; font-family: FragmentMono"">KVAQWUPHS</p>","","","training","","","","","","",""
"null","null","html-keyboard-response","555","915899","0.0-19.0-0.62","67407b1fdd5d63e5b542d325","69d7901e3430d13455efb336","69e8b649ba24d5ff4f3b7b5d","<p style=""font-size: 60px; font-family: FragmentMono"">THVXZUXS</p>","","","training","","","","","","",""
"null","null","html-keyboard-response","556","916900","0.0-19.0-0.63","67407b1fdd5d63e5b542d325","69d7901e3430d13455efb336","69e8b649ba24d5ff4f3b7b5d","<p style=""font-size: 60px; font-family: FragmentMono"">DOFTBUPHS</p>","","","training","","","","","","",""
"null","null","html-keyboard-response","557","917913","0.0-19.0-0.64","67407b1fdd5d63e5b542d325","69d7901e3430d13455efb336","69e8b649ba24d5ff4f3b7b5d","<p style=""font-size: 60px; font-family: FragmentMono"">OEDRAJWTI</p>","","","training","","","","","","",""
"null","null","html-keyboard-response","558","918914","0.0-19.0-0.65","67407b1fdd5d63e5b542d325","69d7901e3430d13455efb336","69e8b649ba24d5ff4f3b7b5d","<p style=""font-size: 60px; font-family: FragmentMono"">GHRJQKUZ</p>","","","training","","","","","","",""
"null","null","html-keyboard-response","559","919929","0.0-19.0-0.66","67407b1fdd5d63e5b542d325","69d7901e3430d13455efb336","69e8b649ba24d5ff4f3b7b5d","<p style=""font-size: 60px; font-family: FragmentMono"">CQPCOBWGO</p>","","","training","","","","","","",""
"null","null","html-keyboard-response","560","920939","0.0-19.0-0.67","67407b1fdd5d63e5b542d325","69d7901e3430d13455efb336","69e8b649ba24d5ff4f3b7b5d","<p style=""font-size: 60px; font-family: FragmentMono"">LUCWDRBO</p>","","","training","","","","","","",""
"null","null","html-keyboard-response","561","921941","0.0-19.0-0.68","67407b1fdd5d63e5b542d325","69d7901e3430d13455efb336","69e8b649ba24d5ff4f3b7b5d","<p style=""font-size: 60px; font-family: FragmentMono"">MXCUIUXS</p>","","","training","","","","","","",""
"null","null","html-keyboard-response","562","922941","0.0-19.0-0.69","67407b1fdd5d63e5b542d325","69d7901e3430d13455efb336","69e8b649ba24d5ff4f3b7b5d","<p style=""font-size: 60px; font-family: FragmentMono"">ESDZQXHO</p>","","","training","","","","","","",""
"null","null","html-keyboard-response","563","923942","0.0-19.0-0.70","67407b1fdd5d63e5b542d325","69d7901e3430d13455efb336","69e8b649ba24d5ff4f3b7b5d","<p style=""font-size: 60px; font-family: FragmentMono"">KVAQWUXS</p>","","","training","","","","","","",""
"null","null","html-keyboard-response","564","924944","0.0-19.0-0.71","67407b1fdd5d63e5b542d325","69d7901e3430d13455efb336","69e8b649ba24d5ff4f3b7b5d","<p style=""font-size: 60px; font-family: FragmentMono"">ZUKXOXHO</p>","","","training","","","","","","",""
"null","null","html-keyboard-response","565","925960","0.0-19.0-0.72","67407b1fdd5d63e5b542d325","69d7901e3430d13455efb336","69e8b649ba24d5ff4f3b7b5d","<p style=""font-size: 60px; font-family: FragmentMono"">UABSUPHS</p>","","","training","","","","","","",""
"null","null","html-keyboard-response","566","926962","0.0-19.0-0.73","67407b1fdd5d63e5b542d325","69d7901e3430d13455efb336","69e8b649ba24d5ff4f3b7b5d","<p style=""font-size: 60px; font-family: FragmentMono"">PSZTQEHK</p>","","","training","","","","","","",""
"null","null","html-keyboard-response","567","927965","0.0-19.0-0.74","67407b1fdd5d63e5b542d325","69d7901e3430d13455efb336","69e8b649ba24d5ff4f3b7b5d","<p style=""font-size: 60px; font-family: FragmentMono"">XNZCRBO</p>","","","training","","","","","","",""
"null","null","html-keyboard-response","568","928965","0.0-19.0-0.75","67407b1fdd5d63e5b542d325","69d7901e3430d13455efb336","69e8b649ba24d5ff4f3b7b5d","<p style=""font-size: 60px; font-family: FragmentMono"">LUCWDTWYN</p>","","","training","","","","","","",""
"null","null","html-keyboard-response","569","929972","0.0-19.0-0.76","67407b1fdd5d63e5b542d325","69d7901e3430d13455efb336","69e8b649ba24d5ff4f3b7b5d","<p style=""font-size: 60px; font-family: FragmentMono"">SEWIYKUZ</p>","","","training","","","","","","",""
"null","null","html-keyboard-response","570","930983","0.0-19.0-0.77","67407b1fdd5d63e5b542d325","69d7901e3430d13455efb336","69e8b649ba24d5ff4f3b7b5d","<p style=""font-size: 60px; font-family: FragmentMono"">WOFHPEX</p>","","","training","","","","","","",""
"null","null","html-keyboard-response","571","931990","0.0-19.0-0.78","67407b1fdd5d63e5b542d325","69d7901e3430d13455efb336","69e8b649ba24d5ff4f3b7b5d","<p style=""font-size: 60px; font-family: FragmentMono"">CQPCOXHO</p>","","","training","","","","","","",""
"null","null","html-keyboard-response","572","933004","0.0-19.0-0.79","67407b1fdd5d63e5b542d325","69d7901e3430d13455efb336","69e8b649ba24d5ff4f3b7b5d","<p style=""font-size: 60px; font-family: FragmentMono"">DOFTBRBO</p>","","","training","","","","","","",""
"7676"," ","html-keyboard-response","573","940680","0.0-20.0","67407b1fdd5d63e5b542d325","69d7901e3430d13455efb336","69e8b649ba24d5ff4f3b7b5d","<p style=""font-size: 30px"">Great, you've seen the seventh block of words. You may now take a short break.</p>
      <p style=""font-size: 30px"">Press the spacebar when you're ready to continue.</p>","","","","","","","","","",""
"null","null","html-keyboard-response","574","941681","0.0-21.0-0.0","67407b1fdd5d63e5b542d325","69d7901e3430d13455efb336","69e8b649ba24d5ff4f3b7b5d","<p style=""font-size: 60px; font-family: FragmentMono"">ZUKXOKUZ</p>","","","training","","","","","","",""
"null","null","html-keyboard-response","575","942682","0.0-21.0-0.1","67407b1fdd5d63e5b542d325","69d7901e3430d13455efb336","69e8b649ba24d5ff4f3b7b5d","<p style=""font-size: 60px; font-family: FragmentMono"">SEWIYXHO</p>","","","training","","","","","","",""
"null","null","html-keyboard-response","576","943684","0.0-21.0-0.2","67407b1fdd5d63e5b542d325","69d7901e3430d13455efb336","69e8b649ba24d5ff4f3b7b5d","<p style=""font-size: 60px; font-family: FragmentMono"">ESDZQBWGO</p>","","","training","","","","","","",""
"null","null","html-keyboard-response","577","944686","0.0-21.0-0.3","67407b1fdd5d63e5b542d325","69d7901e3430d13455efb336","69e8b649ba24d5ff4f3b7b5d","<p style=""font-size: 60px; font-family: FragmentMono"">ZKGBFJWTI</p>","","","training","","","","","","",""
"null","null","html-keyboard-response","578","945696","0.0-21.0-0.4","67407b1fdd5d63e5b542d325","69d7901e3430d13455efb336","69e8b649ba24d5ff4f3b7b5d","<p style=""font-size: 60px; font-family: FragmentMono"">KVAQWTWYN</p>","","","training","","","","","","",""
"null","null","html-keyboard-response","579","946699","0.0-21.0-0.5","67407b1fdd5d63e5b542d325","69d7901e3430d13455efb336","69e8b649ba24d5ff4f3b7b5d","<p style=""font-size: 60px; font-family: FragmentMono"">XBQDUPHS</p>","","","training","","","","","","",""
"null","null","html-keyboard-response","580","947700","0.0-21.0-0.6","67407b1fdd5d63e5b542d325","69d7901e3430d13455efb336","69e8b649ba24d5ff4f3b7b5d","<p style=""font-size: 60px; font-family: FragmentMono"">FPKYBWGO</p>","","","training","","","","","","",""
"null","null","html-keyboard-response","581","948701","0.0-21.0-0.7","67407b1fdd5d63e5b542d325","69d7901e3430d13455efb336","69e8b649ba24d5ff4f3b7b5d","<p style=""font-size: 60px; font-family: FragmentMono"">ESDZQKUZ</p>","","","training","","","","","","",""
"null","null","html-keyboard-response","582","949703","0.0-21.0-0.8","67407b1fdd5d63e5b542d325","69d7901e3430d13455efb336","69e8b649ba24d5ff4f3b7b5d","<p style=""font-size: 60px; font-family: FragmentMono"">KVAQWEHK</p>","","","training","","","","","","",""
"null","null","html-keyboard-response","583","950709","0.0-21.0-0.9","67407b1fdd5d63e5b542d325","69d7901e3430d13455efb336","69e8b649ba24d5ff4f3b7b5d","<p style=""font-size: 60px; font-family: FragmentMono"">FPKYPEX</p>","","","training","","","","","","",""
"null","null","html-keyboard-response","584","951715","0.0-21.0-0.10","67407b1fdd5d63e5b542d325","69d7901e3430d13455efb336","69e8b649ba24d5ff4f3b7b5d","<p style=""font-size: 60px; font-family: FragmentMono"">ZIKMORBO</p>","","","training","","","","","","",""
"null","null","html-keyboard-response","585","952716","0.0-21.0-0.11","67407b1fdd5d63e5b542d325","69d7901e3430d13455efb336","69e8b649ba24d5ff4f3b7b5d","<p style=""font-size: 60px; font-family: FragmentMono"">WOFHKUZ</p>","","","training","","","","","","",""
"null","null","html-keyboard-response","586","953726","0.0-21.0-0.12","67407b1fdd5d63e5b542d325","69d7901e3430d13455efb336","69e8b649ba24d5ff4f3b7b5d","<p style=""font-size: 60px; font-family: FragmentMono"">THVXZUXS</p>","","","training","","","","","","",""
"null","null","html-keyboard-response","587","954727","0.0-21.0-0.13","67407b1fdd5d63e5b542d325","69d7901e3430d13455efb336","69e8b649ba24d5ff4f3b7b5d","<p style=""font-size: 60px; font-family: FragmentMono"">GHRJQJWTI</p>","","","training","","","","","","",""
"null","null","html-keyboard-response","588","955743","0.0-21.0-0.14","67407b1fdd5d63e5b542d325","69d7901e3430d13455efb336","69e8b649ba24d5ff4f3b7b5d","<p style=""font-size: 60px; font-family: FragmentMono"">SEWIYPEX</p>","","","training","","","","","","",""
"null","null","html-keyboard-response","589","956744","0.0-21.0-0.15","67407b1fdd5d63e5b542d325","69d7901e3430d13455efb336","69e8b649ba24d5ff4f3b7b5d","<p style=""font-size: 60px; font-family: FragmentMono"">CQPCOXHO</p>","","","training","","","","","","",""
"null","null","html-keyboard-response","590","957756","0.0-21.0-0.16","67407b1fdd5d63e5b542d325","69d7901e3430d13455efb336","69e8b649ba24d5ff4f3b7b5d","<p style=""font-size: 60px; font-family: FragmentMono"">KVAQWUPHS</p>","","","training","","","","","","",""
"null","null","html-keyboard-response","591","958758","0.0-21.0-0.17","67407b1fdd5d63e5b542d325","69d7901e3430d13455efb336","69e8b649ba24d5ff4f3b7b5d","<p style=""font-size: 60px; font-family: FragmentMono"">XBQDEHK</p>","","","training","","","","","","",""
"null","null","html-keyboard-response","592","959761","0.0-21.0-0.18","67407b1fdd5d63e5b542d325","69d7901e3430d13455efb336","69e8b649ba24d5ff4f3b7b5d","<p style=""font-size: 60px; font-family: FragmentMono"">XNZCTWYN</p>","","","training","","","","","","",""
"null","null","html-keyboard-response","593","960776","0.0-21.0-0.19","67407b1fdd5d63e5b542d325","69d7901e3430d13455efb336","69e8b649ba24d5ff4f3b7b5d","<p style=""font-size: 60px; font-family: FragmentMono"">CQPCOJWTI</p>","","","training","","","","","","",""
"null","null","html-keyboard-response","594","961777","0.0-21.0-0.20","67407b1fdd5d63e5b542d325","69d7901e3430d13455efb336","69e8b649ba24d5ff4f3b7b5d","<p style=""font-size: 60px; font-family: FragmentMono"">XBQDTWYN</p>","","","training","","","","","","",""
"null","null","html-keyboard-response","595","962778","0.0-21.0-0.21","67407b1fdd5d63e5b542d325","69d7901e3430d13455efb336","69e8b649ba24d5ff4f3b7b5d","<p style=""font-size: 60px; font-family: FragmentMono"">OEDRAPEX</p>","","","training","","","","","","",""
"null","null","html-keyboard-response","596","963787","0.0-21.0-0.22","67407b1fdd5d63e5b542d325","69d7901e3430d13455efb336","69e8b649ba24d5ff4f3b7b5d","<p style=""font-size: 60px; font-family: FragmentMono"">GHRJQKUZ</p>","","","training","","","","","","",""
"null","null","html-keyboard-response","597","964791","0.0-21.0-0.23","67407b1fdd5d63e5b542d325","69d7901e3430d13455efb336","69e8b649ba24d5ff4f3b7b5d","<p style=""font-size: 60px; font-family: FragmentMono"">OEDRAXHO</p>","","","training","","","","","","",""
"null","null","html-keyboard-response","598","965793","0.0-21.0-0.24","67407b1fdd5d63e5b542d325","69d7901e3430d13455efb336","69e8b649ba24d5ff4f3b7b5d","<p style=""font-size: 60px; font-family: FragmentMono"">UABSUPHS</p>","","","training","","","","","","",""
"null","null","html-keyboard-response","599","966797","0.0-21.0-0.25","67407b1fdd5d63e5b542d325","69d7901e3430d13455efb336","69e8b649ba24d5ff4f3b7b5d","<p style=""font-size: 60px; font-family: FragmentMono"">SEWIYJWTI</p>","","","training","","","","","","",""
"null","null","html-keyboard-response","600","967805","0.0-21.0-0.26","67407b1fdd5d63e5b542d325","69d7901e3430d13455efb336","69e8b649ba24d5ff4f3b7b5d","<p style=""font-size: 60px; font-family: FragmentMono"">GHRJQBWGO</p>","","","training","","","","","","",""
"null","null","html-keyboard-response","601","968813","0.0-21.0-0.27","67407b1fdd5d63e5b542d325","69d7901e3430d13455efb336","69e8b649ba24d5ff4f3b7b5d","<p style=""font-size: 60px; font-family: FragmentMono"">MXCUITWYN</p>","","","training","","","","","","",""
"null","null","html-keyboard-response","602","969814","0.0-21.0-0.28","67407b1fdd5d63e5b542d325","69d7901e3430d13455efb336","69e8b649ba24d5ff4f3b7b5d","<p style=""font-size: 60px; font-family: FragmentMono"">PSZTQUPHS</p>","","","training","","","","","","",""
"null","null","html-keyboard-response","603","970821","0.0-21.0-0.29","67407b1fdd5d63e5b542d325","69d7901e3430d13455efb336","69e8b649ba24d5ff4f3b7b5d","<p style=""font-size: 60px; font-family: FragmentMono"">KVAQWUXS</p>","","","training","","","","","","",""
"null","null","html-keyboard-response","604","971822","0.0-21.0-0.30","67407b1fdd5d63e5b542d325","69d7901e3430d13455efb336","69e8b649ba24d5ff4f3b7b5d","<p style=""font-size: 60px; font-family: FragmentMono"">MXCUIEHK</p>","","","training","","","","","","",""
"null","null","html-keyboard-response","605","972822","0.0-21.0-0.31","67407b1fdd5d63e5b542d325","69d7901e3430d13455efb336","69e8b649ba24d5ff4f3b7b5d","<p style=""font-size: 60px; font-family: FragmentMono"">ZUKXOJWTI</p>","","","training","","","","","","",""
"null","null","html-keyboard-response","606","973838","0.0-21.0-0.32","67407b1fdd5d63e5b542d325","69d7901e3430d13455efb336","69e8b649ba24d5ff4f3b7b5d","<p style=""font-size: 60px; font-family: FragmentMono"">TREHBWGO</p>","","","training","","","","","","",""
"null","null","html-keyboard-response","607","974854","0.0-21.0-0.33","67407b1fdd5d63e5b542d325","69d7901e3430d13455efb336","69e8b649ba24d5ff4f3b7b5d","<p style=""font-size: 60px; font-family: FragmentMono"">FPKYKUZ</p>","","","training","","","","","","",""
"null","null","html-keyboard-response","608","975856","0.0-21.0-0.34","67407b1fdd5d63e5b542d325","69d7901e3430d13455efb336","69e8b649ba24d5ff4f3b7b5d","<p style=""font-size: 60px; font-family: FragmentMono"">PSZTQRBO</p>","","","training","","","","","","",""
"null","null","html-keyboard-response","609","976866","0.0-21.0-0.35","67407b1fdd5d63e5b542d325","69d7901e3430d13455efb336","69e8b649ba24d5ff4f3b7b5d","<p style=""font-size: 60px; font-family: FragmentMono"">OEDRABWGO</p>","","","training","","","","","","",""
"null","null","html-keyboard-response","610","977868","0.0-21.0-0.36","67407b1fdd5d63e5b542d325","69d7901e3430d13455efb336","69e8b649ba24d5ff4f3b7b5d","<p style=""font-size: 60px; font-family: FragmentMono"">ZIKMOUPHS</p>","","","training","","","","","","",""
"null","null","html-keyboard-response","611","978869","0.0-21.0-0.37","67407b1fdd5d63e5b542d325","69d7901e3430d13455efb336","69e8b649ba24d5ff4f3b7b5d","<p style=""font-size: 60px; font-family: FragmentMono"">CQPCOBWGO</p>","","","training","","","","","","",""
"null","null","html-keyboard-response","612","979884","0.0-21.0-0.38","67407b1fdd5d63e5b542d325","69d7901e3430d13455efb336","69e8b649ba24d5ff4f3b7b5d","<p style=""font-size: 60px; font-family: FragmentMono"">ZIKMOUXS</p>","","","training","","","","","","",""
"null","null","html-keyboard-response","613","980886","0.0-21.0-0.39","67407b1fdd5d63e5b542d325","69d7901e3430d13455efb336","69e8b649ba24d5ff4f3b7b5d","<p style=""font-size: 60px; font-family: FragmentMono"">THVXZRBO</p>","","","training","","","","","","",""
"null","null","html-keyboard-response","614","981899","0.0-21.0-0.40","67407b1fdd5d63e5b542d325","69d7901e3430d13455efb336","69e8b649ba24d5ff4f3b7b5d","<p style=""font-size: 60px; font-family: FragmentMono"">MXCUIUXS</p>","","","training","","","","","","",""
"null","null","html-keyboard-response","615","982908","0.0-21.0-0.41","67407b1fdd5d63e5b542d325","69d7901e3430d13455efb336","69e8b649ba24d5ff4f3b7b5d","<p style=""font-size: 60px; font-family: FragmentMono"">DOFTBRBO</p>","","","training","","","","","","",""
"null","null","html-keyboard-response","616","983909","0.0-21.0-0.42","67407b1fdd5d63e5b542d325","69d7901e3430d13455efb336","69e8b649ba24d5ff4f3b7b5d","<p style=""font-size: 60px; font-family: FragmentMono"">WOFHPEX</p>","","","training","","","","","","",""
"null","null","html-keyboard-response","617","984910","0.0-21.0-0.43","67407b1fdd5d63e5b542d325","69d7901e3430d13455efb336","69e8b649ba24d5ff4f3b7b5d","<p style=""font-size: 60px; font-family: FragmentMono"">LUCWDEHK</p>","","","training","","","","","","",""
"null","null","html-keyboard-response","618","985913","0.0-21.0-0.44","67407b1fdd5d63e5b542d325","69d7901e3430d13455efb336","69e8b649ba24d5ff4f3b7b5d","<p style=""font-size: 60px; font-family: FragmentMono"">ZKGBFKUZ</p>","","","training","","","","","","",""
"null","null","html-keyboard-response","619","986926","0.0-21.0-0.45","67407b1fdd5d63e5b542d325","69d7901e3430d13455efb336","69e8b649ba24d5ff4f3b7b5d","<p style=""font-size: 60px; font-family: FragmentMono"">LUCWDRBO</p>","","","training","","","","","","",""
"null","null","html-keyboard-response","620","987927","0.0-21.0-0.46","67407b1fdd5d63e5b542d325","69d7901e3430d13455efb336","69e8b649ba24d5ff4f3b7b5d","<p style=""font-size: 60px; font-family: FragmentMono"">PSZTQEHK</p>","","","training","","","","","","",""
"null","null","html-keyboard-response","621","988929","0.0-21.0-0.47","67407b1fdd5d63e5b542d325","69d7901e3430d13455efb336","69e8b649ba24d5ff4f3b7b5d","<p style=""font-size: 60px; font-family: FragmentMono"">ZKGBFPEX</p>","","","training","","","","","","",""
"null","null","html-keyboard-response","622","989932","0.0-21.0-0.48","67407b1fdd5d63e5b542d325","69d7901e3430d13455efb336","69e8b649ba24d5ff4f3b7b5d","<p style=""font-size: 60px; font-family: FragmentMono"">DOFTBEHK</p>","","","training","","","","","","",""
"null","null","html-keyboard-response","623","990942","0.0-21.0-0.49","67407b1fdd5d63e5b542d325","69d7901e3430d13455efb336","69e8b649ba24d5ff4f3b7b5d","<p style=""font-size: 60px; font-family: FragmentMono"">UABSRBO</p>","","","training","","","","","","",""
"null","null","html-keyboard-response","624","991944","0.0-21.0-0.50","67407b1fdd5d63e5b542d325","69d7901e3430d13455efb336","69e8b649ba24d5ff4f3b7b5d","<p style=""font-size: 60px; font-family: FragmentMono"">WOFHBWGO</p>","","","training","","","","","","",""
"null","null","html-keyboard-response","625","992947","0.0-21.0-0.51","67407b1fdd5d63e5b542d325","69d7901e3430d13455efb336","69e8b649ba24d5ff4f3b7b5d","<p style=""font-size: 60px; font-family: FragmentMono"">DOFTBUPHS</p>","","","training","","","","","","",""
"null","null","html-keyboard-response","626","993948","0.0-21.0-0.52","67407b1fdd5d63e5b542d325","69d7901e3430d13455efb336","69e8b649ba24d5ff4f3b7b5d","<p style=""font-size: 60px; font-family: FragmentMono"">ZUKXOPEX</p>","","","training","","","","","","",""
"null","null","html-keyboard-response","627","994949","0.0-21.0-0.53","67407b1fdd5d63e5b542d325","69d7901e3430d13455efb336","69e8b649ba24d5ff4f3b7b5d","<p style=""font-size: 60px; font-family: FragmentMono"">ESDZQXHO</p>","","","training","","","","","","",""
"null","null","html-keyboard-response","628","995963","0.0-21.0-0.54","67407b1fdd5d63e5b542d325","69d7901e3430d13455efb336","69e8b649ba24d5ff4f3b7b5d","<p style=""font-size: 60px; font-family: FragmentMono"">SEWIYKUZ</p>","","","training","","","","","","",""
"null","null","html-keyboard-response","629","996973","0.0-21.0-0.55","67407b1fdd5d63e5b542d325","69d7901e3430d13455efb336","69e8b649ba24d5ff4f3b7b5d","<p style=""font-size: 60px; font-family: FragmentMono"">CQPCOPEX</p>","","","training","","","","","","",""
"null","null","html-keyboard-response","630","997986","0.0-21.0-0.56","67407b1fdd5d63e5b542d325","69d7901e3430d13455efb336","69e8b649ba24d5ff4f3b7b5d","<p style=""font-size: 60px; font-family: FragmentMono"">DOFTBTWYN</p>","","","training","","","","","","",""
"null","null","html-keyboard-response","631","998987","0.0-21.0-0.57","67407b1fdd5d63e5b542d325","69d7901e3430d13455efb336","69e8b649ba24d5ff4f3b7b5d","<p style=""font-size: 60px; font-family: FragmentMono"">FPKYXHO</p>","","","training","","","","","","",""
"null","null","html-keyboard-response","632","999990","0.0-21.0-0.58","67407b1fdd5d63e5b542d325","69d7901e3430d13455efb336","69e8b649ba24d5ff4f3b7b5d","<p style=""font-size: 60px; font-family: FragmentMono"">THVXZUPHS</p>","","","training","","","","","","",""
"null","null","html-keyboard-response","633","1000991","0.0-21.0-0.59","67407b1fdd5d63e5b542d325","69d7901e3430d13455efb336","69e8b649ba24d5ff4f3b7b5d","<p style=""font-size: 60px; font-family: FragmentMono"">TREHPEX</p>","","","training","","","","","","",""
"null","null","html-keyboard-response","634","1001992","0.0-21.0-0.60","67407b1fdd5d63e5b542d325","69d7901e3430d13455efb336","69e8b649ba24d5ff4f3b7b5d","<p style=""font-size: 60px; font-family: FragmentMono"">PSZTQTWYN</p>","","","training","","","","","","",""
"null","null","html-keyboard-response","635","1002992","0.0-21.0-0.61","67407b1fdd5d63e5b542d325","69d7901e3430d13455efb336","69e8b649ba24d5ff4f3b7b5d","<p style=""font-size: 60px; font-family: FragmentMono"">ZUKXOXHO</p>","","","training","","","","","","",""
"null","null","html-keyboard-response","636","1003994","0.0-21.0-0.62","67407b1fdd5d63e5b542d325","69d7901e3430d13455efb336","69e8b649ba24d5ff4f3b7b5d","<p style=""font-size: 60px; font-family: FragmentMono"">THVXZEHK</p>","","","training","","","","","","",""
"null","null","html-keyboard-response","637","1005001","0.0-21.0-0.63","67407b1fdd5d63e5b542d325","69d7901e3430d13455efb336","69e8b649ba24d5ff4f3b7b5d","<p style=""font-size: 60px; font-family: FragmentMono"">TREHXHO</p>","","","training","","","","","","",""
"null","null","html-keyboard-response","638","1006017","0.0-21.0-0.64","67407b1fdd5d63e5b542d325","69d7901e3430d13455efb336","69e8b649ba24d5ff4f3b7b5d","<p style=""font-size: 60px; font-family: FragmentMono"">XNZCRBO</p>","","","training","","","","","","",""
"null","null","html-keyboard-response","639","1007018","0.0-21.0-0.65","67407b1fdd5d63e5b542d325","69d7901e3430d13455efb336","69e8b649ba24d5ff4f3b7b5d","<p style=""font-size: 60px; font-family: FragmentMono"">OEDRAJWTI</p>","","","training","","","","","","",""
"null","null","html-keyboard-response","640","1008021","0.0-21.0-0.66","67407b1fdd5d63e5b542d325","69d7901e3430d13455efb336","69e8b649ba24d5ff4f3b7b5d","<p style=""font-size: 60px; font-family: FragmentMono"">XBQDUXS</p>","","","training","","","","","","",""
"null","null","html-keyboard-response","641","1009022","0.0-21.0-0.67","67407b1fdd5d63e5b542d325","69d7901e3430d13455efb336","69e8b649ba24d5ff4f3b7b5d","<p style=""font-size: 60px; font-family: FragmentMono"">ZIKMOEHK</p>","","","training","","","","","","",""
"null","null","html-keyboard-response","642","1010038","0.0-21.0-0.68","67407b1fdd5d63e5b542d325","69d7901e3430d13455efb336","69e8b649ba24d5ff4f3b7b5d","<p style=""font-size: 60px; font-family: FragmentMono"">UABSTWYN</p>","","","training","","","","","","",""
"null","null","html-keyboard-response","643","1011045","0.0-21.0-0.69","67407b1fdd5d63e5b542d325","69d7901e3430d13455efb336","69e8b649ba24d5ff4f3b7b5d","<p style=""font-size: 60px; font-family: FragmentMono"">TREHKUZ</p>","","","training","","","","","","",""
"null","null","html-keyboard-response","644","1012046","0.0-21.0-0.70","67407b1fdd5d63e5b542d325","69d7901e3430d13455efb336","69e8b649ba24d5ff4f3b7b5d","<p style=""font-size: 60px; font-family: FragmentMono"">MXCUIRBO</p>","","","training","","","","","","",""
"null","null","html-keyboard-response","645","1013054","0.0-21.0-0.71","67407b1fdd5d63e5b542d325","69d7901e3430d13455efb336","69e8b649ba24d5ff4f3b7b5d","<p style=""font-size: 60px; font-family: FragmentMono"">ZKGBFBWGO</p>","","","training","","","","","","",""
"null","null","html-keyboard-response","646","1014067","0.0-21.0-0.72","67407b1fdd5d63e5b542d325","69d7901e3430d13455efb336","69e8b649ba24d5ff4f3b7b5d","<p style=""font-size: 60px; font-family: FragmentMono"">LUCWDTWYN</p>","","","training","","","","","","",""
"null","null","html-keyboard-response","647","1015081","0.0-21.0-0.73","67407b1fdd5d63e5b542d325","69d7901e3430d13455efb336","69e8b649ba24d5ff4f3b7b5d","<p style=""font-size: 60px; font-family: FragmentMono"">UABSUXS</p>","","","training","","","","","","",""
"null","null","html-keyboard-response","648","1016087","0.0-21.0-0.74","67407b1fdd5d63e5b542d325","69d7901e3430d13455efb336","69e8b649ba24d5ff4f3b7b5d","<p style=""font-size: 60px; font-family: FragmentMono"">WOFHJWTI</p>","","","training","","","","","","",""
"null","null","html-keyboard-response","649","1017089","0.0-21.0-0.75","67407b1fdd5d63e5b542d325","69d7901e3430d13455efb336","69e8b649ba24d5ff4f3b7b5d","<p style=""font-size: 60px; font-family: FragmentMono"">XNZCUPHS</p>","","","training","","","","","","",""
"null","null","html-keyboard-response","650","1018100","0.0-21.0-0.76","67407b1fdd5d63e5b542d325","69d7901e3430d13455efb336","69e8b649ba24d5ff4f3b7b5d","<p style=""font-size: 60px; font-family: FragmentMono"">LUCWDUXS</p>","","","training","","","","","","",""
"null","null","html-keyboard-response","651","1019115","0.0-21.0-0.77","67407b1fdd5d63e5b542d325","69d7901e3430d13455efb336","69e8b649ba24d5ff4f3b7b5d","<p style=""font-size: 60px; font-family: FragmentMono"">ESDZQJWTI</p>","","","training","","","","","","",""
"null","null","html-keyboard-response","652","1020119","0.0-21.0-0.78","67407b1fdd5d63e5b542d325","69d7901e3430d13455efb336","69e8b649ba24d5ff4f3b7b5d","<p style=""font-size: 60px; font-family: FragmentMono"">XNZCUXS</p>","","","training","","","","","","",""
"null","null","html-keyboard-response","653","1021132","0.0-21.0-0.79","67407b1fdd5d63e5b542d325","69d7901e3430d13455efb336","69e8b649ba24d5ff4f3b7b5d","<p style=""font-size: 60px; font-family: FragmentMono"">GHRJQXHO</p>","","","training","","","","","","",""
"16853"," ","html-keyboard-response","654","1037986","0.0-22.0","67407b1fdd5d63e5b542d325","69d7901e3430d13455efb336","69e8b649ba24d5ff4f3b7b5d","<p style=""font-size: 30px"">Great! You've seen all the words that we received from space.</p>
      <p style=""font-size: 30px"">Press the spacebar when you're ready to continue.</p>","","","","","","","","","",""
"76757"," ","html-keyboard-response","655","1114744","0.0-23.0","67407b1fdd5d63e5b542d325","69d7901e3430d13455efb336","69e8b649ba24d5ff4f3b7b5d","<p style=""font-size: 30px"">In this second part, you'll be given some words from a new communication from the same group of aliens, and others that belong to a communication from a different group of aliens. However, the two communications arrived at the same time, so the words are mixed up. Your task is to identify the words that belong to the same group of aliens as the communication you saw in the first part of the experiment.</p>
      <p style=""font-size: 30px"">This is a very tricky task, since both alien groups use the same characters. Your meeting with the world leaders starts very soon, so you won't have much time to decide; you need to work quickly. Try to do your best using your intuition; you don't have much time to spend thinking about each word.</p>
      <p style=""font-size: 30px"">Press <strong>k</strong> when you think that the word you're being shown is from the same group of aliens as before, and <strong>d</strong> when you think it's from a communication from the other alien group.</p><p>Press the spacebar when you're ready to begin.</p>","","","","","","","","","",""
"5223","k","html-keyboard-response","656","1119968","0.0-24.0-0.0","67407b1fdd5d63e5b542d325","69d7901e3430d13455efb336","69e8b649ba24d5ff4f3b7b5d","<p style=""font-size: 30px;"">Does this word come from the alien group you studied previously?</p><br><p style=""font-size: 60px; font-family: FragmentMono"">ZKGBFEQZ<p style=""font-size: 15px"">Press <strong>k</strong> for yes, <strong>d</strong> for no.</p>","","","testing","ZKGBFEQZ","k","[""morphemeXmorcode""]","true","","",""
"4069"," ","html-keyboard-response","657","1124037","0.0-24.0-1.0-0.0","67407b1fdd5d63e5b542d325","69d7901e3430d13455efb336","69e8b649ba24d5ff4f3b7b5d","<p style=""font-size: 30px; color: red"">Careful! You were too slow for this word.</p>
      <p style=""font-size: 30px; color: red"">Try to be faster.</p><p></p><p>Press the spacebar to continue.</p>","","","","","","","","","",""
"1568","k","html-keyboard-response","658","1125605","0.0-24.0-0.1","67407b1fdd5d63e5b542d325","69d7901e3430d13455efb336","69e8b649ba24d5ff4f3b7b5d","<p style=""font-size: 30px;"">Does this word come from the alien group you studied previously?</p><br><p style=""font-size: 60px; font-family: FragmentMono"">RKSFAJE<p style=""font-size: 15px"">Press <strong>k</strong> for yes, <strong>d</strong> for no.</p>","","","testing","RKSFAJE","d","[""morcodeXmorcode""]","false","","",""
"943","k","html-keyboard-response","659","1126549","0.0-24.0-0.2","67407b1fdd5d63e5b542d325","69d7901e3430d13455efb336","69e8b649ba24d5ff4f3b7b5d","<p style=""font-size: 30px;"">Does this word come from the alien group you studied previously?</p><br><p style=""font-size: 60px; font-family: FragmentMono"">GHRJQPEX<p style=""font-size: 15px"">Press <strong>k</strong> for yes, <strong>d</strong> for no.</p>","","","testing","GHRJQPEX","k","[""morphemeXmorpheme""]","true","","",""
"935","k","html-keyboard-response","660","1127485","0.0-24.0-0.3","67407b1fdd5d63e5b542d325","69d7901e3430d13455efb336","69e8b649ba24d5ff4f3b7b5d","<p style=""font-size: 30px"">&emsp;</p><br><p style=""font-size: 60px; font-family: FragmentMono"">UXJCSXD<p style=""font-size: 15px"">Press <strong>k</strong> for yes, <strong>d</strong> for no.</p>","","","testing","UXJCSXD","d","[""morcodeXmorcode""]","false","","",""
"952","k","html-keyboard-response","661","1128438","0.0-24.0-0.4","67407b1fdd5d63e5b542d325","69d7901e3430d13455efb336","69e8b649ba24d5ff4f3b7b5d","<p style=""font-size: 30px"">&emsp;</p><br><p style=""font-size: 60px; font-family: FragmentMono"">UABSKUZ<p style=""font-size: 15px"">Press <strong>k</strong> for yes, <strong>d</strong> for no.</p>","","","testing","UABSKUZ","d","[""morphemeXmorpheme""]","false","","",""
"895","d","html-keyboard-response","662","1129333","0.0-24.0-0.5","67407b1fdd5d63e5b542d325","69d7901e3430d13455efb336","69e8b649ba24d5ff4f3b7b5d","<p style=""font-size: 30px"">&emsp;</p><br><p style=""font-size: 60px; font-family: FragmentMono"">IOVFTWYN<p style=""font-size: 15px"">Press <strong>k</strong> for yes, <strong>d</strong> for no.</p>","","","testing","IOVFTWYN","k","[""morcodeXmorpheme""]","false","","",""
"980","d","html-keyboard-response","663","1130314","0.0-24.0-0.6","67407b1fdd5d63e5b542d325","69d7901e3430d13455efb336","69e8b649ba24d5ff4f3b7b5d","<p style=""font-size: 30px"">&emsp;</p><br><p style=""font-size: 60px; font-family: FragmentMono"">UCSUQFMC<p style=""font-size: 15px"">Press <strong>k</strong> for yes, <strong>d</strong> for no.</p>","","","testing","UCSUQFMC","d","[""morcodeXmorcode""]","true","","",""
"1029","k","html-keyboard-response","664","1131344","0.0-24.0-0.7","67407b1fdd5d63e5b542d325","69d7901e3430d13455efb336","69e8b649ba24d5ff4f3b7b5d","<p style=""font-size: 30px"">&emsp;</p><br><p style=""font-size: 60px; font-family: FragmentMono"">LUCWDUPHS<p style=""font-size: 15px"">Press <strong>k</strong> for yes, <strong>d</strong> for no.</p>","","","testing","LUCWDUPHS","k","[""morphemeXmorpheme""]","true","","",""
"1305","d","html-keyboard-response","665","1132650","0.0-24.0-0.8","67407b1fdd5d63e5b542d325","69d7901e3430d13455efb336","69e8b649ba24d5ff4f3b7b5d","<p style=""font-size: 30px"">&emsp;</p><br><p style=""font-size: 60px; font-family: FragmentMono"">QTDVRBO<p style=""font-size: 15px"">Press <strong>k</strong> for yes, <strong>d</strong> for no.</p>","","","testing","QTDVRBO","k","[""morcodeXmorpheme""]","false","","",""
"963","k","html-keyboard-response","666","1133613","0.0-24.0-0.9","67407b1fdd5d63e5b542d325","69d7901e3430d13455efb336","69e8b649ba24d5ff4f3b7b5d","<p style=""font-size: 30px"">&emsp;</p><br><p style=""font-size: 60px; font-family: FragmentMono"">ECKFXPNSG<p style=""font-size: 15px"">Press <strong>k</strong> for yes, <strong>d</strong> for no.</p>","","","testing","ECKFXPNSG","d","[""morcodeXmorcode""]","false","","",""
"850","k","html-keyboard-response","667","1134464","0.0-24.0-0.10","67407b1fdd5d63e5b542d325","69d7901e3430d13455efb336","69e8b649ba24d5ff4f3b7b5d","<p style=""font-size: 30px"">&emsp;</p><br><p style=""font-size: 60px; font-family: FragmentMono"">TREHLNYV<p style=""font-size: 15px"">Press <strong>k</strong> for yes, <strong>d</strong> for no.</p>","","","testing","TREHLNYV","k","[""morphemeXmorcode""]","true","","",""
"875","d","html-keyboard-response","668","1135339","0.0-24.0-0.11","67407b1fdd5d63e5b542d325","69d7901e3430d13455efb336","69e8b649ba24d5ff4f3b7b5d","<p style=""font-size: 30px"">&emsp;</p><br><p style=""font-size: 60px; font-family: FragmentMono"">SYJEOPYB<p style=""font-size: 15px"">Press <strong>k</strong> for yes, <strong>d</strong> for no.</p>","","","testing","SYJEOPYB","d","[""morcodeXmorcode""]","true","","",""
"1442","k","html-keyboard-response","669","1136782","0.0-24.0-0.12","67407b1fdd5d63e5b542d325","69d7901e3430d13455efb336","69e8b649ba24d5ff4f3b7b5d","<p style=""font-size: 30px"">&emsp;</p><br><p style=""font-size: 60px; font-family: FragmentMono"">BWRLYQVZ<p style=""font-size: 15px"">Press <strong>k</strong> for yes, <strong>d</strong> for no.</p>","","","testing","BWRLYQVZ","d","[""morcodeXmorcode""]","false","","",""
"991","k","html-keyboard-response","670","1137773","0.0-24.0-0.13","67407b1fdd5d63e5b542d325","69d7901e3430d13455efb336","69e8b649ba24d5ff4f3b7b5d","<p style=""font-size: 30px"">&emsp;</p><br><p style=""font-size: 60px; font-family: FragmentMono"">PQYCZJWTI<p style=""font-size: 15px"">Press <strong>k</strong> for yes, <strong>d</strong> for no.</p>","","","testing","PQYCZJWTI","k","[""morcodeXmorpheme""]","true","","",""
"1199","d","html-keyboard-response","671","1138973","0.0-24.0-0.14","67407b1fdd5d63e5b542d325","69d7901e3430d13455efb336","69e8b649ba24d5ff4f3b7b5d","<p style=""font-size: 30px"">&emsp;</p><br><p style=""font-size: 60px; font-family: FragmentMono"">NXGQGUXS<p style=""font-size: 15px"">Press <strong>k</strong> for yes, <strong>d</strong> for no.</p>","","","testing","NXGQGUXS","k","[""morcodeXmorpheme""]","false","","",""
"1206","d","html-keyboard-response","672","1140180","0.0-24.0-0.15","67407b1fdd5d63e5b542d325","69d7901e3430d13455efb336","69e8b649ba24d5ff4f3b7b5d","<p style=""font-size: 30px"">&emsp;</p><br><p style=""font-size: 60px; font-family: FragmentMono"">ILGFKUZ<p style=""font-size: 15px"">Press <strong>k</strong> for yes, <strong>d</strong> for no.</p>","","","testing","ILGFKUZ","k","[""morcodeXmorpheme""]","false","","",""
"735","k","html-keyboard-response","673","1140915","0.0-24.0-0.16","67407b1fdd5d63e5b542d325","69d7901e3430d13455efb336","69e8b649ba24d5ff4f3b7b5d","<p style=""font-size: 30px"">&emsp;</p><br><p style=""font-size: 60px; font-family: FragmentMono"">WOFHRBO<p style=""font-size: 15px"">Press <strong>k</strong> for yes, <strong>d</strong> for no.</p>","","","testing","WOFHRBO","d","[""morphemeXmorpheme""]","false","","",""
"1204","d","html-keyboard-response","674","1142120","0.0-24.0-0.17","67407b1fdd5d63e5b542d325","69d7901e3430d13455efb336","69e8b649ba24d5ff4f3b7b5d","<p style=""font-size: 30px"">&emsp;</p><br><p style=""font-size: 60px; font-family: FragmentMono"">AYNXOJWTI<p style=""font-size: 15px"">Press <strong>k</strong> for yes, <strong>d</strong> for no.</p>","","","testing","AYNXOJWTI","k","[""morcodeXmorpheme""]","false","","",""
"928","d","html-keyboard-response","675","1143050","0.0-24.0-0.18","67407b1fdd5d63e5b542d325","69d7901e3430d13455efb336","69e8b649ba24d5ff4f3b7b5d","<p style=""font-size: 30px"">&emsp;</p><br><p style=""font-size: 60px; font-family: FragmentMono"">ILINEDK<p style=""font-size: 15px"">Press <strong>k</strong> for yes, <strong>d</strong> for no.</p>","","","testing","ILINEDK","d","[""morcodeXmorcode""]","true","","",""
"996","d","html-keyboard-response","676","1144046","0.0-24.0-0.19","67407b1fdd5d63e5b542d325","69d7901e3430d13455efb336","69e8b649ba24d5ff4f3b7b5d","<p style=""font-size: 30px"">&emsp;</p><br><p style=""font-size: 60px; font-family: FragmentMono"">NYOZYAHE<p style=""font-size: 15px"">Press <strong>k</strong> for yes, <strong>d</strong> for no.</p>","","","testing","NYOZYAHE","d","[""morcodeXmorcode""]","true","","",""
"1919","k","html-keyboard-response","677","1145966","0.0-24.0-0.20","67407b1fdd5d63e5b542d325","69d7901e3430d13455efb336","69e8b649ba24d5ff4f3b7b5d","<p style=""font-size: 30px"">&emsp;</p><br><p style=""font-size: 60px; font-family: FragmentMono"">CQPCOEHK<p style=""font-size: 15px"">Press <strong>k</strong> for yes, <strong>d</strong> for no.</p>","","","testing","CQPCOEHK","d","[""morphemeXmorpheme""]","false","","",""
"1326","d","html-keyboard-response","678","1147292","0.0-24.0-0.21","67407b1fdd5d63e5b542d325","69d7901e3430d13455efb336","69e8b649ba24d5ff4f3b7b5d","<p style=""font-size: 30px"">&emsp;</p><br><p style=""font-size: 60px; font-family: FragmentMono"">DOFTBUYL<p style=""font-size: 15px"">Press <strong>k</strong> for yes, <strong>d</strong> for no.</p>","","","testing","DOFTBUYL","k","[""morphemeXmorcode""]","false","","",""
"798","k","html-keyboard-response","679","1148091","0.0-24.0-0.22","67407b1fdd5d63e5b542d325","69d7901e3430d13455efb336","69e8b649ba24d5ff4f3b7b5d","<p style=""font-size: 30px"">&emsp;</p><br><p style=""font-size: 60px; font-family: FragmentMono"">MXCUIYIUG<p style=""font-size: 15px"">Press <strong>k</strong> for yes, <strong>d</strong> for no.</p>","","","testing","MXCUIYIUG","k","[""morphemeXmorcode""]","true","","",""
"923","d","html-keyboard-response","680","1149015","0.0-24.0-0.23","67407b1fdd5d63e5b542d325","69d7901e3430d13455efb336","69e8b649ba24d5ff4f3b7b5d","<p style=""font-size: 30px"">&emsp;</p><br><p style=""font-size: 60px; font-family: FragmentMono"">UNYZCPRQ<p style=""font-size: 15px"">Press <strong>k</strong> for yes, <strong>d</strong> for no.</p>","","","testing","UNYZCPRQ","d","[""morcodeXmorcode""]","true","","",""
"973","d","html-keyboard-response","681","1149989","0.0-24.0-0.24","67407b1fdd5d63e5b542d325","69d7901e3430d13455efb336","69e8b649ba24d5ff4f3b7b5d","<p style=""font-size: 30px"">&emsp;</p><br><p style=""font-size: 60px; font-family: FragmentMono"">ESDZQOQG<p style=""font-size: 15px"">Press <strong>k</strong> for yes, <strong>d</strong> for no.</p>","","","testing","ESDZQOQG","k","[""morphemeXmorcode""]","false","","",""
"786","k","html-keyboard-response","682","1150775","0.0-24.0-0.25","67407b1fdd5d63e5b542d325","69d7901e3430d13455efb336","69e8b649ba24d5ff4f3b7b5d","<p style=""font-size: 30px"">&emsp;</p><br><p style=""font-size: 60px; font-family: FragmentMono"">XNZCKUZ<p style=""font-size: 15px"">Press <strong>k</strong> for yes, <strong>d</strong> for no.</p>","","","testing","XNZCKUZ","d","[""morphemeXmorpheme""]","false","","",""
"1205","d","html-keyboard-response","683","1151981","0.0-24.0-0.26","67407b1fdd5d63e5b542d325","69d7901e3430d13455efb336","69e8b649ba24d5ff4f3b7b5d","<p style=""font-size: 30px"">&emsp;</p><br><p style=""font-size: 60px; font-family: FragmentMono"">NTGLGXFSV<p style=""font-size: 15px"">Press <strong>k</strong> for yes, <strong>d</strong> for no.</p>","","","testing","NTGLGXFSV","d","[""morcodeXmorcode""]","true","","",""
"1012","k","html-keyboard-response","684","1152993","0.0-24.0-0.27","67407b1fdd5d63e5b542d325","69d7901e3430d13455efb336","69e8b649ba24d5ff4f3b7b5d","<p style=""font-size: 30px"">&emsp;</p><br><p style=""font-size: 60px; font-family: FragmentMono"">TNKDOUPHS<p style=""font-size: 15px"">Press <strong>k</strong> for yes, <strong>d</strong> for no.</p>","","","testing","TNKDOUPHS","k","[""morcodeXmorpheme""]","true","","",""
"1376","d","html-keyboard-response","685","1154369","0.0-24.0-0.28","67407b1fdd5d63e5b542d325","69d7901e3430d13455efb336","69e8b649ba24d5ff4f3b7b5d","<p style=""font-size: 30px"">&emsp;</p><br><p style=""font-size: 60px; font-family: FragmentMono"">OEDRAZKY<p style=""font-size: 15px"">Press <strong>k</strong> for yes, <strong>d</strong> for no.</p>","","","testing","OEDRAZKY","k","[""morphemeXmorcode""]","false","","",""
"950","k","html-keyboard-response","686","1155320","0.0-24.0-0.29","67407b1fdd5d63e5b542d325","69d7901e3430d13455efb336","69e8b649ba24d5ff4f3b7b5d","<p style=""font-size: 30px"">&emsp;</p><br><p style=""font-size: 60px; font-family: FragmentMono"">SEWIYBWGO<p style=""font-size: 15px"">Press <strong>k</strong> for yes, <strong>d</strong> for no.</p>","","","testing","SEWIYBWGO","k","[""morphemeXmorpheme""]","true","","",""
"1398","k","html-keyboard-response","687","1156719","0.0-24.0-0.30","67407b1fdd5d63e5b542d325","69d7901e3430d13455efb336","69e8b649ba24d5ff4f3b7b5d","<p style=""font-size: 30px"">&emsp;</p><br><p style=""font-size: 60px; font-family: FragmentMono"">HETVTEKU<p style=""font-size: 15px"">Press <strong>k</strong> for yes, <strong>d</strong> for no.</p>","","","testing","HETVTEKU","d","[""morcodeXmorcode""]","false","","",""
"1899","d","html-keyboard-response","688","1158619","0.0-24.0-0.31","67407b1fdd5d63e5b542d325","69d7901e3430d13455efb336","69e8b649ba24d5ff4f3b7b5d","<p style=""font-size: 30px"">&emsp;</p><br><p style=""font-size: 60px; font-family: FragmentMono"">PJPTISXD<p style=""font-size: 15px"">Press <strong>k</strong> for yes, <strong>d</strong> for no.</p>","","","testing","PJPTISXD","d","[""morcodeXmorcode""]","true","","",""
"669","k","html-keyboard-response","689","1159288","0.0-24.0-0.32","67407b1fdd5d63e5b542d325","69d7901e3430d13455efb336","69e8b649ba24d5ff4f3b7b5d","<p style=""font-size: 30px"">&emsp;</p><br><p style=""font-size: 60px; font-family: FragmentMono"">SEWIYUXS<p style=""font-size: 15px"">Press <strong>k</strong> for yes, <strong>d</strong> for no.</p>","","","testing","SEWIYUXS","d","[""morphemeXmorpheme""]","false","","",""
"1111","k","html-keyboard-response","690","1160400","0.0-24.0-0.33","67407b1fdd5d63e5b542d325","69d7901e3430d13455efb336","69e8b649ba24d5ff4f3b7b5d","<p style=""font-size: 30px"">&emsp;</p><br><p style=""font-size: 60px; font-family: FragmentMono"">XNZCEHK<p style=""font-size: 15px"">Press <strong>k</strong> for yes, <strong>d</strong> for no.</p>","","","testing","XNZCEHK","k","[""morphemeXmorpheme""]","true","","",""
"780","d","html-keyboard-response","691","1161180","0.0-24.0-0.34","67407b1fdd5d63e5b542d325","69d7901e3430d13455efb336","69e8b649ba24d5ff4f3b7b5d","<p style=""font-size: 30px"">&emsp;</p><br><p style=""font-size: 60px; font-family: FragmentMono"">VFZKDECB<p style=""font-size: 15px"">Press <strong>k</strong> for yes, <strong>d</strong> for no.</p>","","","testing","VFZKDECB","d","[""morcodeXmorcode""]","true","","",""
"925","k","html-keyboard-response","692","1162106","0.0-24.0-0.35","67407b1fdd5d63e5b542d325","69d7901e3430d13455efb336","69e8b649ba24d5ff4f3b7b5d","<p style=""font-size: 30px"">&emsp;</p><br><p style=""font-size: 60px; font-family: FragmentMono"">ZKGBFRBO<p style=""font-size: 15px"">Press <strong>k</strong> for yes, <strong>d</strong> for no.</p>","","","testing","ZKGBFRBO","d","[""morphemeXmorpheme""]","false","","",""
"1311","d","html-keyboard-response","693","1163417","0.0-24.0-0.36","67407b1fdd5d63e5b542d325","69d7901e3430d13455efb336","69e8b649ba24d5ff4f3b7b5d","<p style=""font-size: 30px"">&emsp;</p><br><p style=""font-size: 60px; font-family: FragmentMono"">LQUJOQXUT<p style=""font-size: 15px"">Press <strong>k</strong> for yes, <strong>d</strong> for no.</p>","","","testing","LQUJOQXUT","d","[""morcodeXmorcode""]","true","","",""
"1197","d","html-keyboard-response","694","1164615","0.0-24.0-0.37","67407b1fdd5d63e5b542d325","69d7901e3430d13455efb336","69e8b649ba24d5ff4f3b7b5d","<p style=""font-size: 30px"">&emsp;</p><br><p style=""font-size: 60px; font-family: FragmentMono"">ZUKXOMYZN<p style=""font-size: 15px"">Press <strong>k</strong> for yes, <strong>d</strong> for no.</p>","","","testing","ZUKXOMYZN","k","[""morphemeXmorcode""]","false","","",""
"1911","k","html-keyboard-response","695","1166527","0.0-24.0-0.38","67407b1fdd5d63e5b542d325","69d7901e3430d13455efb336","69e8b649ba24d5ff4f3b7b5d","<p style=""font-size: 30px"">&emsp;</p><br><p style=""font-size: 60px; font-family: FragmentMono"">KVAQWFBS<p style=""font-size: 15px"">Press <strong>k</strong> for yes, <strong>d</strong> for no.</p>","","","testing","KVAQWFBS","k","[""morphemeXmorcode""]","true","","",""
"1426","k","html-keyboard-response","696","1167954","0.0-24.0-0.39","67407b1fdd5d63e5b542d325","69d7901e3430d13455efb336","69e8b649ba24d5ff4f3b7b5d","<p style=""font-size: 30px"">&emsp;</p><br><p style=""font-size: 60px; font-family: FragmentMono"">LUCWDUMGW<p style=""font-size: 15px"">Press <strong>k</strong> for yes, <strong>d</strong> for no.</p>","","","testing","LUCWDUMGW","k","[""morphemeXmorcode""]","true","","",""
"819","k","html-keyboard-response","697","1168774","0.0-24.0-0.40","67407b1fdd5d63e5b542d325","69d7901e3430d13455efb336","69e8b649ba24d5ff4f3b7b5d","<p style=""font-size: 30px"">&emsp;</p><br><p style=""font-size: 60px; font-family: FragmentMono"">ZIKMOJWTI<p style=""font-size: 15px"">Press <strong>k</strong> for yes, <strong>d</strong> for no.</p>","","","testing","ZIKMOJWTI","d","[""morphemeXmorpheme""]","false","","",""
"750","k","html-keyboard-response","698","1169524","0.0-24.0-0.41","67407b1fdd5d63e5b542d325","69d7901e3430d13455efb336","69e8b649ba24d5ff4f3b7b5d","<p style=""font-size: 30px"">&emsp;</p><br><p style=""font-size: 60px; font-family: FragmentMono"">KVAQWRBO<p style=""font-size: 15px"">Press <strong>k</strong> for yes, <strong>d</strong> for no.</p>","","","testing","KVAQWRBO","k","[""morphemeXmorpheme""]","true","","",""
"926","d","html-keyboard-response","699","1170451","0.0-24.0-0.42","67407b1fdd5d63e5b542d325","69d7901e3430d13455efb336","69e8b649ba24d5ff4f3b7b5d","<p style=""font-size: 30px"">&emsp;</p><br><p style=""font-size: 60px; font-family: FragmentMono"">KUQVMEHK<p style=""font-size: 15px"">Press <strong>k</strong> for yes, <strong>d</strong> for no.</p>","","","testing","KUQVMEHK","k","[""morcodeXmorpheme""]","false","","",""
"663","k","html-keyboard-response","700","1171115","0.0-24.0-0.43","67407b1fdd5d63e5b542d325","69d7901e3430d13455efb336","69e8b649ba24d5ff4f3b7b5d","<p style=""font-size: 30px"">&emsp;</p><br><p style=""font-size: 60px; font-family: FragmentMono"">SEWIYFCJS<p style=""font-size: 15px"">Press <strong>k</strong> for yes, <strong>d</strong> for no.</p>","","","testing","SEWIYFCJS","k","[""morphemeXmorcode""]","true","","",""
"1057","k","html-keyboard-response","701","1172172","0.0-24.0-0.44","67407b1fdd5d63e5b542d325","69d7901e3430d13455efb336","69e8b649ba24d5ff4f3b7b5d","<p style=""font-size: 30px"">&emsp;</p><br><p style=""font-size: 60px; font-family: FragmentMono"">XBQDXHO<p style=""font-size: 15px"">Press <strong>k</strong> for yes, <strong>d</strong> for no.</p>","","","testing","XBQDXHO","d","[""morphemeXmorpheme""]","false","","",""
"756","k","html-keyboard-response","702","1172929","0.0-24.0-0.45","67407b1fdd5d63e5b542d325","69d7901e3430d13455efb336","69e8b649ba24d5ff4f3b7b5d","<p style=""font-size: 30px"">&emsp;</p><br><p style=""font-size: 60px; font-family: FragmentMono"">THVXZWPBQ<p style=""font-size: 15px"">Press <strong>k</strong> for yes, <strong>d</strong> for no.</p>","","","testing","THVXZWPBQ","k","[""morphemeXmorcode""]","true","","",""
"1327","k","html-keyboard-response","703","1174256","0.0-24.0-0.46","67407b1fdd5d63e5b542d325","69d7901e3430d13455efb336","69e8b649ba24d5ff4f3b7b5d","<p style=""font-size: 30px"">&emsp;</p><br><p style=""font-size: 60px; font-family: FragmentMono"">CQPCOBYM<p style=""font-size: 15px"">Press <strong>k</strong> for yes, <strong>d</strong> for no.</p>","","","testing","CQPCOBYM","k","[""morphemeXmorcode""]","true","","",""
"657","d","html-keyboard-response","704","1174914","0.0-24.0-0.47","67407b1fdd5d63e5b542d325","69d7901e3430d13455efb336","69e8b649ba24d5ff4f3b7b5d","<p style=""font-size: 30px"">&emsp;</p><br><p style=""font-size: 60px; font-family: FragmentMono"">ZCPBUPYB<p style=""font-size: 15px"">Press <strong>k</strong> for yes, <strong>d</strong> for no.</p>","","","testing","ZCPBUPYB","d","[""morcodeXmorcode""]","true","","",""
"1021","k","html-keyboard-response","705","1175936","0.0-24.0-0.48","67407b1fdd5d63e5b542d325","69d7901e3430d13455efb336","69e8b649ba24d5ff4f3b7b5d","<p style=""font-size: 30px"">&emsp;</p><br><p style=""font-size: 60px; font-family: FragmentMono"">OMPFKUZ<p style=""font-size: 15px"">Press <strong>k</strong> for yes, <strong>d</strong> for no.</p>","","","testing","OMPFKUZ","k","[""morcodeXmorpheme""]","true","","",""
"1692","k","html-keyboard-response","706","1177629","0.0-24.0-0.49","67407b1fdd5d63e5b542d325","69d7901e3430d13455efb336","69e8b649ba24d5ff4f3b7b5d","<p style=""font-size: 30px"">&emsp;</p><br><p style=""font-size: 60px; font-family: FragmentMono"">WOFHDRM<p style=""font-size: 15px"">Press <strong>k</strong> for yes, <strong>d</strong> for no.</p>","","","testing","WOFHDRM","k","[""morphemeXmorcode""]","true","","",""
"966","k","html-keyboard-response","707","1178595","0.0-24.0-0.50","67407b1fdd5d63e5b542d325","69d7901e3430d13455efb336","69e8b649ba24d5ff4f3b7b5d","<p style=""font-size: 30px"">&emsp;</p><br><p style=""font-size: 60px; font-family: FragmentMono"">QRBJTWYN<p style=""font-size: 15px"">Press <strong>k</strong> for yes, <strong>d</strong> for no.</p>","","","testing","QRBJTWYN","k","[""morcodeXmorpheme""]","true","","",""
"629","k","html-keyboard-response","708","1179224","0.0-24.0-0.51","67407b1fdd5d63e5b542d325","69d7901e3430d13455efb336","69e8b649ba24d5ff4f3b7b5d","<p style=""font-size: 30px"">&emsp;</p><br><p style=""font-size: 60px; font-family: FragmentMono"">LUCWDPEX<p style=""font-size: 15px"">Press <strong>k</strong> for yes, <strong>d</strong> for no.</p>","","","testing","LUCWDPEX","d","[""morphemeXmorpheme""]","false","","",""
"734","d","html-keyboard-response","709","1179959","0.0-24.0-0.52","67407b1fdd5d63e5b542d325","69d7901e3430d13455efb336","69e8b649ba24d5ff4f3b7b5d","<p style=""font-size: 30px"">&emsp;</p><br><p style=""font-size: 60px; font-family: FragmentMono"">VNJVSVRZA<p style=""font-size: 15px"">Press <strong>k</strong> for yes, <strong>d</strong> for no.</p>","","","testing","VNJVSVRZA","d","[""morcodeXmorcode""]","true","","",""
"999","d","html-keyboard-response","710","1180959","0.0-24.0-0.53","67407b1fdd5d63e5b542d325","69d7901e3430d13455efb336","69e8b649ba24d5ff4f3b7b5d","<p style=""font-size: 30px"">&emsp;</p><br><p style=""font-size: 60px; font-family: FragmentMono"">OGPGLQRJ<p style=""font-size: 15px"">Press <strong>k</strong> for yes, <strong>d</strong> for no.</p>","","","testing","OGPGLQRJ","d","[""morcodeXmorcode""]","true","","",""
"1329","d","html-keyboard-response","711","1182289","0.0-24.0-0.54","67407b1fdd5d63e5b542d325","69d7901e3430d13455efb336","69e8b649ba24d5ff4f3b7b5d","<p style=""font-size: 30px"">&emsp;</p><br><p style=""font-size: 60px; font-family: FragmentMono"">UYBKDWZHG<p style=""font-size: 15px"">Press <strong>k</strong> for yes, <strong>d</strong> for no.</p>","","","testing","UYBKDWZHG","d","[""morcodeXmorcode""]","true","","",""
"596","k","html-keyboard-response","712","1182885","0.0-24.0-0.55","67407b1fdd5d63e5b542d325","69d7901e3430d13455efb336","69e8b649ba24d5ff4f3b7b5d","<p style=""font-size: 30px"">&emsp;</p><br><p style=""font-size: 60px; font-family: FragmentMono"">XNZCMVH<p style=""font-size: 15px"">Press <strong>k</strong> for yes, <strong>d</strong> for no.</p>","","","testing","XNZCMVH","k","[""morphemeXmorcode""]","true","","",""
"890","d","html-keyboard-response","713","1183775","0.0-24.0-0.56","67407b1fdd5d63e5b542d325","69d7901e3430d13455efb336","69e8b649ba24d5ff4f3b7b5d","<p style=""font-size: 30px"">&emsp;</p><br><p style=""font-size: 60px; font-family: FragmentMono"">UWXVLQAIT<p style=""font-size: 15px"">Press <strong>k</strong> for yes, <strong>d</strong> for no.</p>","","","testing","UWXVLQAIT","d","[""morcodeXmorcode""]","true","","",""
"1048","k","html-keyboard-response","714","1184824","0.0-24.0-0.57","67407b1fdd5d63e5b542d325","69d7901e3430d13455efb336","69e8b649ba24d5ff4f3b7b5d","<p style=""font-size: 30px"">&emsp;</p><br><p style=""font-size: 60px; font-family: FragmentMono"">WMSDFYG<p style=""font-size: 15px"">Press <strong>k</strong> for yes, <strong>d</strong> for no.</p>","","","testing","WMSDFYG","d","[""morcodeXmorcode""]","false","","",""
"767","d","html-keyboard-response","715","1185592","0.0-24.0-0.58","67407b1fdd5d63e5b542d325","69d7901e3430d13455efb336","69e8b649ba24d5ff4f3b7b5d","<p style=""font-size: 30px"">&emsp;</p><br><p style=""font-size: 60px; font-family: FragmentMono"">UABSEHK<p style=""font-size: 15px"">Press <strong>k</strong> for yes, <strong>d</strong> for no.</p>","","","testing","UABSEHK","k","[""morphemeXmorpheme""]","false","","",""
"924","k","html-keyboard-response","716","1186517","0.0-24.0-0.59","67407b1fdd5d63e5b542d325","69d7901e3430d13455efb336","69e8b649ba24d5ff4f3b7b5d","<p style=""font-size: 30px"">&emsp;</p><br><p style=""font-size: 60px; font-family: FragmentMono"">UXVTIPEX<p style=""font-size: 15px"">Press <strong>k</strong> for yes, <strong>d</strong> for no.</p>","","","testing","UXVTIPEX","k","[""morcodeXmorpheme""]","true","","",""
"1002","k","html-keyboard-response","717","1187520","0.0-24.0-0.60","67407b1fdd5d63e5b542d325","69d7901e3430d13455efb336","69e8b649ba24d5ff4f3b7b5d","<p style=""font-size: 30px"">&emsp;</p><br><p style=""font-size: 60px; font-family: FragmentMono"">BWVFXHO<p style=""font-size: 15px"">Press <strong>k</strong> for yes, <strong>d</strong> for no.</p>","","","testing","BWVFXHO","k","[""morcodeXmorpheme""]","true","","",""
"5168","k","html-keyboard-response","718","1192688","0.0-24.0-0.61","67407b1fdd5d63e5b542d325","69d7901e3430d13455efb336","69e8b649ba24d5ff4f3b7b5d","<p style=""font-size: 30px"">&emsp;</p><br><p style=""font-size: 60px; font-family: FragmentMono"">WFQNZOQW<p style=""font-size: 15px"">Press <strong>k</strong> for yes, <strong>d</strong> for no.</p>","","","testing","WFQNZOQW","d","[""morcodeXmorcode""]","false","","",""
"1348"," ","html-keyboard-response","719","1194037","0.0-24.0-1.61-0.61","67407b1fdd5d63e5b542d325","69d7901e3430d13455efb336","69e8b649ba24d5ff4f3b7b5d","<p style=""font-size: 30px; color: red"">Careful! You were too slow for this word.</p>
      <p style=""font-size: 30px; color: red"">Try to be faster.</p><p></p><p>Press the spacebar to continue.</p>","","","","","","","","","",""
"340","k","html-keyboard-response","720","1194377","0.0-24.0-0.62","67407b1fdd5d63e5b542d325","69d7901e3430d13455efb336","69e8b649ba24d5ff4f3b7b5d","<p style=""font-size: 30px"">&emsp;</p><br><p style=""font-size: 60px; font-family: FragmentMono"">THVXZJWTI<p style=""font-size: 15px"">Press <strong>k</strong> for yes, <strong>d</strong> for no.</p>","","","testing","THVXZJWTI","d","[""morphemeXmorpheme""]","false","","",""
"1102","k","html-keyboard-response","721","1195480","0.0-24.0-0.63","67407b1fdd5d63e5b542d325","69d7901e3430d13455efb336","69e8b649ba24d5ff4f3b7b5d","<p style=""font-size: 30px"">&emsp;</p><br><p style=""font-size: 60px; font-family: FragmentMono"">ESDZQPEX<p style=""font-size: 15px"">Press <strong>k</strong> for yes, <strong>d</strong> for no.</p>","","","testing","ESDZQPEX","k","[""morphemeXmorpheme""]","true","","",""
"143","k","html-keyboard-response","722","1195623","0.0-24.0-0.64","67407b1fdd5d63e5b542d325","69d7901e3430d13455efb336","69e8b649ba24d5ff4f3b7b5d","<p style=""font-size: 30px"">&emsp;</p><br><p style=""font-size: 60px; font-family: FragmentMono"">AJDZURKNJ<p style=""font-size: 15px"">Press <strong>k</strong> for yes, <strong>d</strong> for no.</p>","","","testing","AJDZURKNJ","d","[""morcodeXmorcode""]","false","","",""
"652","k","html-keyboard-response","723","1196276","0.0-24.0-0.65","67407b1fdd5d63e5b542d325","69d7901e3430d13455efb336","69e8b649ba24d5ff4f3b7b5d","<p style=""font-size: 30px"">&emsp;</p><br><p style=""font-size: 60px; font-family: FragmentMono"">HRISUWSH<p style=""font-size: 15px"">Press <strong>k</strong> for yes, <strong>d</strong> for no.</p>","","","testing","HRISUWSH","d","[""morcodeXmorcode""]","false","","",""
"981","k","html-keyboard-response","724","1197257","0.0-24.0-0.66","67407b1fdd5d63e5b542d325","69d7901e3430d13455efb336","69e8b649ba24d5ff4f3b7b5d","<p style=""font-size: 30px"">&emsp;</p><br><p style=""font-size: 60px; font-family: FragmentMono"">FPKYJWTI<p style=""font-size: 15px"">Press <strong>k</strong> for yes, <strong>d</strong> for no.</p>","","","testing","FPKYJWTI","k","[""morphemeXmorpheme""]","true","","",""
"1026","k","html-keyboard-response","725","1198284","0.0-24.0-0.67","67407b1fdd5d63e5b542d325","69d7901e3430d13455efb336","69e8b649ba24d5ff4f3b7b5d","<p style=""font-size: 30px"">&emsp;</p><br><p style=""font-size: 60px; font-family: FragmentMono"">OEDRAKUZ<p style=""font-size: 15px"">Press <strong>k</strong> for yes, <strong>d</strong> for no.</p>","","","testing","OEDRAKUZ","k","[""morphemeXmorpheme""]","true","","",""
"763","d","html-keyboard-response","726","1199048","0.0-24.0-0.68","67407b1fdd5d63e5b542d325","69d7901e3430d13455efb336","69e8b649ba24d5ff4f3b7b5d","<p style=""font-size: 30px"">&emsp;</p><br><p style=""font-size: 60px; font-family: FragmentMono"">XBQDTGB<p style=""font-size: 15px"">Press <strong>k</strong> for yes, <strong>d</strong> for no.</p>","","","testing","XBQDTGB","k","[""morphemeXmorcode""]","false","","",""
"877","k","html-keyboard-response","727","1199925","0.0-24.0-0.69","67407b1fdd5d63e5b542d325","69d7901e3430d13455efb336","69e8b649ba24d5ff4f3b7b5d","<p style=""font-size: 30px"">&emsp;</p><br><p style=""font-size: 60px; font-family: FragmentMono"">YSWYOQVZ<p style=""font-size: 15px"">Press <strong>k</strong> for yes, <strong>d</strong> for no.</p>","","","testing","YSWYOQVZ","d","[""morcodeXmorcode""]","false","","",""
"1026","k","html-keyboard-response","728","1200952","0.0-24.0-0.70","67407b1fdd5d63e5b542d325","69d7901e3430d13455efb336","69e8b649ba24d5ff4f3b7b5d","<p style=""font-size: 30px"">&emsp;</p><br><p style=""font-size: 60px; font-family: FragmentMono"">PSZTQUXS<p style=""font-size: 15px"">Press <strong>k</strong> for yes, <strong>d</strong> for no.</p>","","","testing","PSZTQUXS","k","[""morphemeXmorpheme""]","true","","",""
"1521","d","html-keyboard-response","729","1202473","0.0-24.0-0.71","67407b1fdd5d63e5b542d325","69d7901e3430d13455efb336","69e8b649ba24d5ff4f3b7b5d","<p style=""font-size: 30px"">&emsp;</p><br><p style=""font-size: 60px; font-family: FragmentMono"">CHASSRBO<p style=""font-size: 15px"">Press <strong>k</strong> for yes, <strong>d</strong> for no.</p>","","","testing","CHASSRBO","k","[""morcodeXmorpheme""]","false","","",""
"912","k","html-keyboard-response","730","1203386","0.0-24.0-0.72","67407b1fdd5d63e5b542d325","69d7901e3430d13455efb336","69e8b649ba24d5ff4f3b7b5d","<p style=""font-size: 30px"">&emsp;</p><br><p style=""font-size: 60px; font-family: FragmentMono"">TREHTWYN<p style=""font-size: 15px"">Press <strong>k</strong> for yes, <strong>d</strong> for no.</p>","","","testing","TREHTWYN","d","[""morphemeXmorpheme""]","false","","",""
"1167","k","html-keyboard-response","731","1204553","0.0-24.0-0.73","67407b1fdd5d63e5b542d325","69d7901e3430d13455efb336","69e8b649ba24d5ff4f3b7b5d","<p style=""font-size: 30px"">&emsp;</p><br><p style=""font-size: 60px; font-family: FragmentMono"">FPKYVHGM<p style=""font-size: 15px"">Press <strong>k</strong> for yes, <strong>d</strong> for no.</p>","","","testing","FPKYVHGM","k","[""morphemeXmorcode""]","true","","",""
"1103","d","html-keyboard-response","732","1205657","0.0-24.0-0.74","67407b1fdd5d63e5b542d325","69d7901e3430d13455efb336","69e8b649ba24d5ff4f3b7b5d","<p style=""font-size: 30px"">&emsp;</p><br><p style=""font-size: 60px; font-family: FragmentMono"">HSXWWAEBW<p style=""font-size: 15px"">Press <strong>k</strong> for yes, <strong>d</strong> for no.</p>","","","testing","HSXWWAEBW","d","[""morcodeXmorcode""]","true","","",""
"700","k","html-keyboard-response","733","1206357","0.0-24.0-0.75","67407b1fdd5d63e5b542d325","69d7901e3430d13455efb336","69e8b649ba24d5ff4f3b7b5d","<p style=""font-size: 30px"">&emsp;</p><br><p style=""font-size: 60px; font-family: FragmentMono"">ZKGBFXHO<p style=""font-size: 15px"">Press <strong>k</strong> for yes, <strong>d</strong> for no.</p>","","","testing","ZKGBFXHO","k","[""morphemeXmorpheme""]","true","","",""
"660","k","html-keyboard-response","734","1207018","0.0-24.0-0.76","67407b1fdd5d63e5b542d325","69d7901e3430d13455efb336","69e8b649ba24d5ff4f3b7b5d","<p style=""font-size: 30px"">&emsp;</p><br><p style=""font-size: 60px; font-family: FragmentMono"">MXCUIPEX<p style=""font-size: 15px"">Press <strong>k</strong> for yes, <strong>d</strong> for no.</p>","","","testing","MXCUIPEX","d","[""morphemeXmorpheme""]","false","","",""
"783","d","html-keyboard-response","735","1207801","0.0-24.0-0.77","67407b1fdd5d63e5b542d325","69d7901e3430d13455efb336","69e8b649ba24d5ff4f3b7b5d","<p style=""font-size: 30px"">&emsp;</p><br><p style=""font-size: 60px; font-family: FragmentMono"">WDZBSXHO<p style=""font-size: 15px"">Press <strong>k</strong> for yes, <strong>d</strong> for no.</p>","","","testing","WDZBSXHO","k","[""morcodeXmorpheme""]","false","","",""
"387","k","html-keyboard-response","736","1208189","0.0-24.0-0.78","67407b1fdd5d63e5b542d325","69d7901e3430d13455efb336","69e8b649ba24d5ff4f3b7b5d","<p style=""font-size: 30px"">&emsp;</p><br><p style=""font-size: 60px; font-family: FragmentMono"">ZIKMOBVLT<p style=""font-size: 15px"">Press <strong>k</strong> for yes, <strong>d</strong> for no.</p>","","","testing","ZIKMOBVLT","k","[""morphemeXmorcode""]","true","","",""
"985","k","html-keyboard-response","737","1209174","0.0-24.0-0.79","67407b1fdd5d63e5b542d325","69d7901e3430d13455efb336","69e8b649ba24d5ff4f3b7b5d","<p style=""font-size: 30px"">&emsp;</p><br><p style=""font-size: 60px; font-family: FragmentMono"">ZUKXOUXS<p style=""font-size: 15px"">Press <strong>k</strong> for yes, <strong>d</strong> for no.</p>","","","testing","ZUKXOUXS","d","[""morphemeXmorpheme""]","false","","",""
"1031","k","html-keyboard-response","738","1210206","0.0-24.0-0.80","67407b1fdd5d63e5b542d325","69d7901e3430d13455efb336","69e8b649ba24d5ff4f3b7b5d","<p style=""font-size: 30px"">&emsp;</p><br><p style=""font-size: 60px; font-family: FragmentMono"">XVELSFYBT<p style=""font-size: 15px"">Press <strong>k</strong> for yes, <strong>d</strong> for no.</p>","","","testing","XVELSFYBT","d","[""morcodeXmorcode""]","false","","",""
"1033","d","html-keyboard-response","739","1211239","0.0-24.0-0.81","67407b1fdd5d63e5b542d325","69d7901e3430d13455efb336","69e8b649ba24d5ff4f3b7b5d","<p style=""font-size: 30px"">&emsp;</p><br><p style=""font-size: 60px; font-family: FragmentMono"">EKYAOOFG<p style=""font-size: 15px"">Press <strong>k</strong> for yes, <strong>d</strong> for no.</p>","","","testing","EKYAOOFG","d","[""morcodeXmorcode""]","true","","",""
"756","d","html-keyboard-response","740","1211996","0.0-24.0-0.82","67407b1fdd5d63e5b542d325","69d7901e3430d13455efb336","69e8b649ba24d5ff4f3b7b5d","<p style=""font-size: 30px"">&emsp;</p><br><p style=""font-size: 60px; font-family: FragmentMono"">SCEIPTP<p style=""font-size: 15px"">Press <strong>k</strong> for yes, <strong>d</strong> for no.</p>","","","testing","SCEIPTP","d","[""morcodeXmorcode""]","true","","",""
"961","d","html-keyboard-response","741","1212957","0.0-24.0-0.83","67407b1fdd5d63e5b542d325","69d7901e3430d13455efb336","69e8b649ba24d5ff4f3b7b5d","<p style=""font-size: 30px"">&emsp;</p><br><p style=""font-size: 60px; font-family: FragmentMono"">OEDRAEHK<p style=""font-size: 15px"">Press <strong>k</strong> for yes, <strong>d</strong> for no.</p>","","","testing","OEDRAEHK","d","[""morphemeXmorpheme""]","true","","",""
"743","k","html-keyboard-response","742","1213701","0.0-24.0-0.84","67407b1fdd5d63e5b542d325","69d7901e3430d13455efb336","69e8b649ba24d5ff4f3b7b5d","<p style=""font-size: 30px"">&emsp;</p><br><p style=""font-size: 60px; font-family: FragmentMono"">XBQDRBO<p style=""font-size: 15px"">Press <strong>k</strong> for yes, <strong>d</strong> for no.</p>","","","testing","XBQDRBO","k","[""morphemeXmorpheme""]","true","","",""
"830","k","html-keyboard-response","743","1214532","0.0-24.0-0.85","67407b1fdd5d63e5b542d325","69d7901e3430d13455efb336","69e8b649ba24d5ff4f3b7b5d","<p style=""font-size: 30px"">&emsp;</p><br><p style=""font-size: 60px; font-family: FragmentMono"">PWZEHDC<p style=""font-size: 15px"">Press <strong>k</strong> for yes, <strong>d</strong> for no.</p>","","","testing","PWZEHDC","d","[""morcodeXmorcode""]","false","","",""
"791","d","html-keyboard-response","744","1215324","0.0-24.0-0.86","67407b1fdd5d63e5b542d325","69d7901e3430d13455efb336","69e8b649ba24d5ff4f3b7b5d","<p style=""font-size: 30px"">&emsp;</p><br><p style=""font-size: 60px; font-family: FragmentMono"">IBDLLUPHS<p style=""font-size: 15px"">Press <strong>k</strong> for yes, <strong>d</strong> for no.</p>","","","testing","IBDLLUPHS","k","[""morcodeXmorpheme""]","false","","",""
"970","d","html-keyboard-response","745","1216295","0.0-24.0-0.87","67407b1fdd5d63e5b542d325","69d7901e3430d13455efb336","69e8b649ba24d5ff4f3b7b5d","<p style=""font-size: 30px"">&emsp;</p><br><p style=""font-size: 60px; font-family: FragmentMono"">UABSEYX<p style=""font-size: 15px"">Press <strong>k</strong> for yes, <strong>d</strong> for no.</p>","","","testing","UABSEYX","k","[""morphemeXmorcode""]","false","","",""
"1165","d","html-keyboard-response","746","1217461","0.0-24.0-0.88","67407b1fdd5d63e5b542d325","69d7901e3430d13455efb336","69e8b649ba24d5ff4f3b7b5d","<p style=""font-size: 30px"">&emsp;</p><br><p style=""font-size: 60px; font-family: FragmentMono"">XGWKDOJU<p style=""font-size: 15px"">Press <strong>k</strong> for yes, <strong>d</strong> for no.</p>","","","testing","XGWKDOJU","d","[""morcodeXmorcode""]","true","","",""
"1452","d","html-keyboard-response","747","1218913","0.0-24.0-0.89","67407b1fdd5d63e5b542d325","69d7901e3430d13455efb336","69e8b649ba24d5ff4f3b7b5d","<p style=""font-size: 30px"">&emsp;</p><br><p style=""font-size: 60px; font-family: FragmentMono"">DOFTBBWGO<p style=""font-size: 15px"">Press <strong>k</strong> for yes, <strong>d</strong> for no.</p>","","","testing","DOFTBBWGO","d","[""morphemeXmorpheme""]","true","","",""
"1076","k","html-keyboard-response","748","1219989","0.0-24.0-0.90","67407b1fdd5d63e5b542d325","69d7901e3430d13455efb336","69e8b649ba24d5ff4f3b7b5d","<p style=""font-size: 30px"">&emsp;</p><br><p style=""font-size: 60px; font-family: FragmentMono"">PSZTQJFN<p style=""font-size: 15px"">Press <strong>k</strong> for yes, <strong>d</strong> for no.</p>","","","testing","PSZTQJFN","k","[""morphemeXmorcode""]","true","","",""
"1227","k","html-keyboard-response","749","1221217","0.0-24.0-0.91","67407b1fdd5d63e5b542d325","69d7901e3430d13455efb336","69e8b649ba24d5ff4f3b7b5d","<p style=""font-size: 30px"">&emsp;</p><br><p style=""font-size: 60px; font-family: FragmentMono"">ESDZQUPHS<p style=""font-size: 15px"">Press <strong>k</strong> for yes, <strong>d</strong> for no.</p>","","","testing","ESDZQUPHS","d","[""morphemeXmorpheme""]","false","","",""
"740","k","html-keyboard-response","750","1221958","0.0-24.0-0.92","67407b1fdd5d63e5b542d325","69d7901e3430d13455efb336","69e8b649ba24d5ff4f3b7b5d","<p style=""font-size: 30px"">&emsp;</p><br><p style=""font-size: 60px; font-family: FragmentMono"">PSZTQBWGO<p style=""font-size: 15px"">Press <strong>k</strong> for yes, <strong>d</strong> for no.</p>","","","testing","PSZTQBWGO","d","[""morphemeXmorpheme""]","false","","",""
"668","k","html-keyboard-response","751","1222627","0.0-24.0-0.93","67407b1fdd5d63e5b542d325","69d7901e3430d13455efb336","69e8b649ba24d5ff4f3b7b5d","<p style=""font-size: 30px"">&emsp;</p><br><p style=""font-size: 60px; font-family: FragmentMono"">WOFHXHO<p style=""font-size: 15px"">Press <strong>k</strong> for yes, <strong>d</strong> for no.</p>","","","testing","WOFHXHO","k","[""morphemeXmorpheme""]","true","","",""
"653","k","html-keyboard-response","752","1223280","0.0-24.0-0.94","67407b1fdd5d63e5b542d325","69d7901e3430d13455efb336","69e8b649ba24d5ff4f3b7b5d","<p style=""font-size: 30px"">&emsp;</p><br><p style=""font-size: 60px; font-family: FragmentMono"">GHRJQUPHS<p style=""font-size: 15px"">Press <strong>k</strong> for yes, <strong>d</strong> for no.</p>","","","testing","GHRJQUPHS","d","[""morphemeXmorpheme""]","false","","",""
"631","k","html-keyboard-response","753","1223911","0.0-24.0-0.95","67407b1fdd5d63e5b542d325","69d7901e3430d13455efb336","69e8b649ba24d5ff4f3b7b5d","<p style=""font-size: 30px"">&emsp;</p><br><p style=""font-size: 60px; font-family: FragmentMono"">THFMMZKWO<p style=""font-size: 15px"">Press <strong>k</strong> for yes, <strong>d</strong> for no.</p>","","","testing","THFMMZKWO","d","[""morcodeXmorcode""]","false","","",""
"695","k","html-keyboard-response","754","1224607","0.0-24.0-0.96","67407b1fdd5d63e5b542d325","69d7901e3430d13455efb336","69e8b649ba24d5ff4f3b7b5d","<p style=""font-size: 30px"">&emsp;</p><br><p style=""font-size: 60px; font-family: FragmentMono"">KVAQWXHO<p style=""font-size: 15px"">Press <strong>k</strong> for yes, <strong>d</strong> for no.</p>","","","testing","KVAQWXHO","d","[""morphemeXmorpheme""]","false","","",""
"1033","k","html-keyboard-response","755","1225641","0.0-24.0-0.97","67407b1fdd5d63e5b542d325","69d7901e3430d13455efb336","69e8b649ba24d5ff4f3b7b5d","<p style=""font-size: 30px"">&emsp;</p><br><p style=""font-size: 60px; font-family: FragmentMono"">FPKYTWYN<p style=""font-size: 15px"">Press <strong>k</strong> for yes, <strong>d</strong> for no.</p>","","","testing","FPKYTWYN","d","[""morphemeXmorpheme""]","false","","",""
"583","k","html-keyboard-response","756","1226224","0.0-24.0-0.98","67407b1fdd5d63e5b542d325","69d7901e3430d13455efb336","69e8b649ba24d5ff4f3b7b5d","<p style=""font-size: 30px"">&emsp;</p><br><p style=""font-size: 60px; font-family: FragmentMono"">MXCUIUPHS<p style=""font-size: 15px"">Press <strong>k</strong> for yes, <strong>d</strong> for no.</p>","","","testing","MXCUIUPHS","k","[""morphemeXmorpheme""]","true","","",""
"1201","k","html-keyboard-response","757","1227426","0.0-24.0-0.99","67407b1fdd5d63e5b542d325","69d7901e3430d13455efb336","69e8b649ba24d5ff4f3b7b5d","<p style=""font-size: 30px"">&emsp;</p><br><p style=""font-size: 60px; font-family: FragmentMono"">OSHEZBWGO<p style=""font-size: 15px"">Press <strong>k</strong> for yes, <strong>d</strong> for no.</p>","","","testing","OSHEZBWGO","k","[""morcodeXmorpheme""]","true","","",""
"850","k","html-keyboard-response","758","1228277","0.0-24.0-0.100","67407b1fdd5d63e5b542d325","69d7901e3430d13455efb336","69e8b649ba24d5ff4f3b7b5d","<p style=""font-size: 30px"">&emsp;</p><br><p style=""font-size: 60px; font-family: FragmentMono"">BRTJCUXS<p style=""font-size: 15px"">Press <strong>k</strong> for yes, <strong>d</strong> for no.</p>","","","testing","BRTJCUXS","k","[""morcodeXmorpheme""]","true","","",""
"928","k","html-keyboard-response","759","1229205","0.0-24.0-0.101","67407b1fdd5d63e5b542d325","69d7901e3430d13455efb336","69e8b649ba24d5ff4f3b7b5d","<p style=""font-size: 30px"">&emsp;</p><br><p style=""font-size: 60px; font-family: FragmentMono"">PZKSDCP<p style=""font-size: 15px"">Press <strong>k</strong> for yes, <strong>d</strong> for no.</p>","","","testing","PZKSDCP","d","[""morcodeXmorcode""]","false","","",""
"926","d","html-keyboard-response","760","1230132","0.0-24.0-0.102","67407b1fdd5d63e5b542d325","69d7901e3430d13455efb336","69e8b649ba24d5ff4f3b7b5d","<p style=""font-size: 30px"">&emsp;</p><br><p style=""font-size: 60px; font-family: FragmentMono"">DOFTBUXS<p style=""font-size: 15px"">Press <strong>k</strong> for yes, <strong>d</strong> for no.</p>","","","testing","DOFTBUXS","k","[""morphemeXmorpheme""]","false","","",""
"1252","d","html-keyboard-response","761","1231384","0.0-24.0-0.103","67407b1fdd5d63e5b542d325","69d7901e3430d13455efb336","69e8b649ba24d5ff4f3b7b5d","<p style=""font-size: 30px"">&emsp;</p><br><p style=""font-size: 60px; font-family: FragmentMono"">HECNWBIWI<p style=""font-size: 15px"">Press <strong>k</strong> for yes, <strong>d</strong> for no.</p>","","","testing","HECNWBIWI","d","[""morcodeXmorcode""]","true","","",""
"915","k","html-keyboard-response","762","1232300","0.0-24.0-0.104","67407b1fdd5d63e5b542d325","69d7901e3430d13455efb336","69e8b649ba24d5ff4f3b7b5d","<p style=""font-size: 30px"">&emsp;</p><br><p style=""font-size: 60px; font-family: FragmentMono"">ZUKXOBWGO<p style=""font-size: 15px"">Press <strong>k</strong> for yes, <strong>d</strong> for no.</p>","","","testing","ZUKXOBWGO","k","[""morphemeXmorpheme""]","true","","",""
"647","d","html-keyboard-response","763","1232947","0.0-24.0-0.105","67407b1fdd5d63e5b542d325","69d7901e3430d13455efb336","69e8b649ba24d5ff4f3b7b5d","<p style=""font-size: 30px"">&emsp;</p><br><p style=""font-size: 60px; font-family: FragmentMono"">LMAZWCHB<p style=""font-size: 15px"">Press <strong>k</strong> for yes, <strong>d</strong> for no.</p>","","","testing","LMAZWCHB","d","[""morcodeXmorcode""]","true","","",""
"798","k","html-keyboard-response","764","1233746","0.0-24.0-0.106","67407b1fdd5d63e5b542d325","69d7901e3430d13455efb336","69e8b649ba24d5ff4f3b7b5d","<p style=""font-size: 30px"">&emsp;</p><br><p style=""font-size: 60px; font-family: FragmentMono"">RUOSFTPK<p style=""font-size: 15px"">Press <strong>k</strong> for yes, <strong>d</strong> for no.</p>","","","testing","RUOSFTPK","d","[""morcodeXmorcode""]","false","","",""
"937","k","html-keyboard-response","765","1234683","0.0-24.0-0.107","67407b1fdd5d63e5b542d325","69d7901e3430d13455efb336","69e8b649ba24d5ff4f3b7b5d","<p style=""font-size: 30px"">&emsp;</p><br><p style=""font-size: 60px; font-family: FragmentMono"">JNIWKEHK<p style=""font-size: 15px"">Press <strong>k</strong> for yes, <strong>d</strong> for no.</p>","","","testing","JNIWKEHK","k","[""morcodeXmorpheme""]","true","","",""
"1007","k","html-keyboard-response","766","1235690","0.0-24.0-0.108","67407b1fdd5d63e5b542d325","69d7901e3430d13455efb336","69e8b649ba24d5ff4f3b7b5d","<p style=""font-size: 30px"">&emsp;</p><br><p style=""font-size: 60px; font-family: FragmentMono"">CQPCOKUZ<p style=""font-size: 15px"">Press <strong>k</strong> for yes, <strong>d</strong> for no.</p>","","","testing","CQPCOKUZ","k","[""morphemeXmorpheme""]","true","","",""
"953","k","html-keyboard-response","767","1236644","0.0-24.0-0.109","67407b1fdd5d63e5b542d325","69d7901e3430d13455efb336","69e8b649ba24d5ff4f3b7b5d","<p style=""font-size: 30px"">&emsp;</p><br><p style=""font-size: 60px; font-family: FragmentMono"">GOZHMEDK<p style=""font-size: 15px"">Press <strong>k</strong> for yes, <strong>d</strong> for no.</p>","","","testing","GOZHMEDK","d","[""morcodeXmorcode""]","false","","",""
"1053","d","html-keyboard-response","768","1237697","0.0-24.0-0.110","67407b1fdd5d63e5b542d325","69d7901e3430d13455efb336","69e8b649ba24d5ff4f3b7b5d","<p style=""font-size: 30px"">&emsp;</p><br><p style=""font-size: 60px; font-family: FragmentMono"">IMJRFBWGO<p style=""font-size: 15px"">Press <strong>k</strong> for yes, <strong>d</strong> for no.</p>","","","testing","IMJRFBWGO","k","[""morcodeXmorpheme""]","false","","",""
"705","k","html-keyboard-response","769","1238403","0.0-24.0-0.111","67407b1fdd5d63e5b542d325","69d7901e3430d13455efb336","69e8b649ba24d5ff4f3b7b5d","<p style=""font-size: 30px"">&emsp;</p><br><p style=""font-size: 60px; font-family: FragmentMono"">GHRJQQDZ<p style=""font-size: 15px"">Press <strong>k</strong> for yes, <strong>d</strong> for no.</p>","","","testing","GHRJQQDZ","k","[""morphemeXmorcode""]","true","","",""
"585","k","html-keyboard-response","770","1238989","0.0-24.0-0.112","67407b1fdd5d63e5b542d325","69d7901e3430d13455efb336","69e8b649ba24d5ff4f3b7b5d","<p style=""font-size: 30px"">&emsp;</p><br><p style=""font-size: 60px; font-family: FragmentMono"">XUDJMPEX<p style=""font-size: 15px"">Press <strong>k</strong> for yes, <strong>d</strong> for no.</p>","","","testing","XUDJMPEX","k","[""morcodeXmorpheme""]","true","","",""
"588","k","html-keyboard-response","771","1239578","0.0-24.0-0.113","67407b1fdd5d63e5b542d325","69d7901e3430d13455efb336","69e8b649ba24d5ff4f3b7b5d","<p style=""font-size: 30px"">&emsp;</p><br><p style=""font-size: 60px; font-family: FragmentMono"">THVXZTWYN<p style=""font-size: 15px"">Press <strong>k</strong> for yes, <strong>d</strong> for no.</p>","","","testing","THVXZTWYN","k","[""morphemeXmorpheme""]","true","","",""
"1367","d","html-keyboard-response","772","1240946","0.0-24.0-0.114","67407b1fdd5d63e5b542d325","69d7901e3430d13455efb336","69e8b649ba24d5ff4f3b7b5d","<p style=""font-size: 30px"">&emsp;</p><br><p style=""font-size: 60px; font-family: FragmentMono"">XVELSFSZR<p style=""font-size: 15px"">Press <strong>k</strong> for yes, <strong>d</strong> for no.</p>","","","testing","XVELSFSZR","d","[""morcodeXmorcode""]","true","","",""
"979","d","html-keyboard-response","773","1241925","0.0-24.0-0.115","67407b1fdd5d63e5b542d325","69d7901e3430d13455efb336","69e8b649ba24d5ff4f3b7b5d","<p style=""font-size: 30px"">&emsp;</p><br><p style=""font-size: 60px; font-family: FragmentMono"">LOVBZQA<p style=""font-size: 15px"">Press <strong>k</strong> for yes, <strong>d</strong> for no.</p>","","","testing","LOVBZQA","d","[""morcodeXmorcode""]","true","","",""
"681","k","html-keyboard-response","774","1242606","0.0-24.0-0.116","67407b1fdd5d63e5b542d325","69d7901e3430d13455efb336","69e8b649ba24d5ff4f3b7b5d","<p style=""font-size: 30px"">&emsp;</p><br><p style=""font-size: 60px; font-family: FragmentMono"">TREHJWTI<p style=""font-size: 15px"">Press <strong>k</strong> for yes, <strong>d</strong> for no.</p>","","","testing","TREHJWTI","k","[""morphemeXmorpheme""]","true","","",""
"1085","d","html-keyboard-response","775","1243693","0.0-24.0-0.117","67407b1fdd5d63e5b542d325","69d7901e3430d13455efb336","69e8b649ba24d5ff4f3b7b5d","<p style=""font-size: 30px"">&emsp;</p><br><p style=""font-size: 60px; font-family: FragmentMono"">HNCXAWSH<p style=""font-size: 15px"">Press <strong>k</strong> for yes, <strong>d</strong> for no.</p>","","","testing","HNCXAWSH","d","[""morcodeXmorcode""]","true","","",""
"370","k","html-keyboard-response","776","1244063","0.0-24.0-0.118","67407b1fdd5d63e5b542d325","69d7901e3430d13455efb336","69e8b649ba24d5ff4f3b7b5d","<p style=""font-size: 30px"">&emsp;</p><br><p style=""font-size: 60px; font-family: FragmentMono"">NOQIOHRG<p style=""font-size: 15px"">Press <strong>k</strong> for yes, <strong>d</strong> for no.</p>","","","testing","NOQIOHRG","d","[""morcodeXmorcode""]","false","","",""
"1611","d","html-keyboard-response","777","1245675","0.0-24.0-0.119","67407b1fdd5d63e5b542d325","69d7901e3430d13455efb336","69e8b649ba24d5ff4f3b7b5d","<p style=""font-size: 30px"">&emsp;</p><br><p style=""font-size: 60px; font-family: FragmentMono"">ZIKMOTWYN<p style=""font-size: 15px"">Press <strong>k</strong> for yes, <strong>d</strong> for no.</p>","","","testing","ZIKMOTWYN","k","[""morphemeXmorpheme""]","false","","",""
"68210","{""testing_strategy"":""words that i saw before and similar once""}","survey-html-form","778","1313886","0.0-25.0","67407b1fdd5d63e5b542d325","69d7901e3430d13455efb336","69e8b649ba24d5ff4f3b7b5d","","","","","","","","","","",""
"30510"," ","html-keyboard-response","779","1344397","0.0-26.0","67407b1fdd5d63e5b542d325","69d7901e3430d13455efb336","69e8b649ba24d5ff4f3b7b5d","<p style=""font-size: 30px"">You've made it to the meeting on time, fantastic! The world leaders want to write a message back to the aliens, and need you to help them recognise which letter combinations you saw in their language. You'll have the choice between 2 letter combinations: one which was in the communication you saw, and one that wasn't. It's important to be friendly with these aliens, so it's important that you make the right choice!</p>
      <p style=""font-size: 30px"">Press <strong>d</strong> if you think that the letter combination on the <strong>left</strong> is the one you saw, or <strong>k</strong> if you think that it's the one on the <strong>right</strong>.</p>
      <p style=""font-size: 30px"">Press the spacebar when you're ready to begin.</p>","","","","","","","","","",""
"1928","d","html-keyboard-response","780","1346325","0.0-27.0-0.0","67407b1fdd5d63e5b542d325","69d7901e3430d13455efb336","69e8b649ba24d5ff4f3b7b5d","<p style=""font-size: 30px;"">Which letter combination have you already seen?</p><br><p style=""font-size: 60px; font-family: FragmentMono"">UPHS&emsp;&emsp;&emsp;&emsp;IFZB<p style=""font-size: 15px"">Press <strong>d</strong> for this letter combination&emsp;&emsp;&emsp;&emsp;&emsp;&emsp;&emsp;&emsp;&emsp;&emsp;&emsp;Press <strong>k</strong> for this letter combination</p>","","","familiarity","","d","","true","UPHS","IFZB",""
"1335","k","html-keyboard-response","781","1347661","0.0-27.0-0.1","67407b1fdd5d63e5b542d325","69d7901e3430d13455efb336","69e8b649ba24d5ff4f3b7b5d","<p style=""font-size: 30px;"">Which letter combination have you already seen?</p><br><p style=""font-size: 60px; font-family: FragmentMono"">SMUN&emsp;&emsp;&emsp;&emsp;JWTI<p style=""font-size: 15px"">Press <strong>d</strong> for this letter combination&emsp;&emsp;&emsp;&emsp;&emsp;&emsp;&emsp;&emsp;&emsp;&emsp;&emsp;Press <strong>k</strong> for this letter combination</p>","","","familiarity","","k","","true","JWTI","SMUN",""
"1217","d","html-keyboard-response","782","1348879","0.0-27.0-0.2","67407b1fdd5d63e5b542d325","69d7901e3430d13455efb336","69e8b649ba24d5ff4f3b7b5d","<p style=""font-size: 30px;"">Which letter combination have you already seen?</p><br><p style=""font-size: 60px; font-family: FragmentMono"">ESDZQ&emsp;&emsp;&emsp;&emsp;OVOUL<p style=""font-size: 15px"">Press <strong>d</strong> for this letter combination&emsp;&emsp;&emsp;&emsp;&emsp;&emsp;&emsp;&emsp;&emsp;&emsp;&emsp;Press <strong>k</strong> for this letter combination</p>","","","familiarity","","d","","true","ESDZQ","OVOUL",""
"1001","k","html-keyboard-response","783","1349880","0.0-27.0-0.3","67407b1fdd5d63e5b542d325","69d7901e3430d13455efb336","69e8b649ba24d5ff4f3b7b5d","<p style=""font-size: 30px"">&emsp;</p><br><p style=""font-size: 60px; font-family: FragmentMono"">RBO&emsp;&emsp;&emsp;&emsp;QHS<p style=""font-size: 15px"">Press <strong>d</strong> for this letter combination&emsp;&emsp;&emsp;&emsp;&emsp;&emsp;&emsp;&emsp;&emsp;&emsp;Press <strong>k</strong> for this letter combination</p>","","","familiarity","","d","","false","RBO","QHS",""
"1227","k","html-keyboard-response","784","1351108","0.0-27.0-0.4","67407b1fdd5d63e5b542d325","69d7901e3430d13455efb336","69e8b649ba24d5ff4f3b7b5d","<p style=""font-size: 30px"">&emsp;</p><br><p style=""font-size: 60px; font-family: FragmentMono"">QANKY&emsp;&emsp;&emsp;&emsp;THVXZ<p style=""font-size: 15px"">Press <strong>d</strong> for this letter combination&emsp;&emsp;&emsp;&emsp;&emsp;&emsp;&emsp;&emsp;&emsp;&emsp;Press <strong>k</strong> for this letter combination</p>","","","familiarity","","k","","true","THVXZ","QANKY",""
"1496","k","html-keyboard-response","785","1352604","0.0-27.0-0.5","67407b1fdd5d63e5b542d325","69d7901e3430d13455efb336","69e8b649ba24d5ff4f3b7b5d","<p style=""font-size: 30px"">&emsp;</p><br><p style=""font-size: 60px; font-family: FragmentMono"">EHK&emsp;&emsp;&emsp;&emsp;TUZ<p style=""font-size: 15px"">Press <strong>d</strong> for this letter combination&emsp;&emsp;&emsp;&emsp;&emsp;&emsp;&emsp;&emsp;&emsp;&emsp;Press <strong>k</strong> for this letter combination</p>","","","familiarity","","d","","false","EHK","TUZ",""
"1060","k","html-keyboard-response","786","1353665","0.0-27.0-0.6","67407b1fdd5d63e5b542d325","69d7901e3430d13455efb336","69e8b649ba24d5ff4f3b7b5d","<p style=""font-size: 30px"">&emsp;</p><br><p style=""font-size: 60px; font-family: FragmentMono"">HUVWU&emsp;&emsp;&emsp;&emsp;GHRJQ<p style=""font-size: 15px"">Press <strong>d</strong> for this letter combination&emsp;&emsp;&emsp;&emsp;&emsp;&emsp;&emsp;&emsp;&emsp;&emsp;Press <strong>k</strong> for this letter combination</p>","","","familiarity","","k","","true","GHRJQ","HUVWU",""
"1389","d","html-keyboard-response","787","1355055","0.0-27.0-0.7","67407b1fdd5d63e5b542d325","69d7901e3430d13455efb336","69e8b649ba24d5ff4f3b7b5d","<p style=""font-size: 30px"">&emsp;</p><br><p style=""font-size: 60px; font-family: FragmentMono"">ZTKEH&emsp;&emsp;&emsp;&emsp;DOFTB<p style=""font-size: 15px"">Press <strong>d</strong> for this letter combination&emsp;&emsp;&emsp;&emsp;&emsp;&emsp;&emsp;&emsp;&emsp;&emsp;Press <strong>k</strong> for this letter combination</p>","","","familiarity","","k","","false","DOFTB","ZTKEH",""
"1351","k","html-keyboard-response","788","1356407","0.0-27.0-0.8","67407b1fdd5d63e5b542d325","69d7901e3430d13455efb336","69e8b649ba24d5ff4f3b7b5d","<p style=""font-size: 30px"">&emsp;</p><br><p style=""font-size: 60px; font-family: FragmentMono"">QFREP&emsp;&emsp;&emsp;&emsp;LUCWD<p style=""font-size: 15px"">Press <strong>d</strong> for this letter combination&emsp;&emsp;&emsp;&emsp;&emsp;&emsp;&emsp;&emsp;&emsp;&emsp;Press <strong>k</strong> for this letter combination</p>","","","familiarity","","k","","true","LUCWD","QFREP",""
"1462","d","html-keyboard-response","789","1357869","0.0-27.0-0.9","67407b1fdd5d63e5b542d325","69d7901e3430d13455efb336","69e8b649ba24d5ff4f3b7b5d","<p style=""font-size: 30px"">&emsp;</p><br><p style=""font-size: 60px; font-family: FragmentMono"">SPIEF&emsp;&emsp;&emsp;&emsp;OEDRA<p style=""font-size: 15px"">Press <strong>d</strong> for this letter combination&emsp;&emsp;&emsp;&emsp;&emsp;&emsp;&emsp;&emsp;&emsp;&emsp;Press <strong>k</strong> for this letter combination</p>","","","familiarity","","k","","false","OEDRA","SPIEF",""
"1070","d","html-keyboard-response","790","1358940","0.0-27.0-0.10","67407b1fdd5d63e5b542d325","69d7901e3430d13455efb336","69e8b649ba24d5ff4f3b7b5d","<p style=""font-size: 30px"">&emsp;</p><br><p style=""font-size: 60px; font-family: FragmentMono"">TREH&emsp;&emsp;&emsp;&emsp;POKJ<p style=""font-size: 15px"">Press <strong>d</strong> for this letter combination&emsp;&emsp;&emsp;&emsp;&emsp;&emsp;&emsp;&emsp;&emsp;&emsp;Press <strong>k</strong> for this letter combination</p>","","","familiarity","","d","","true","TREH","POKJ",""
"768","k","html-keyboard-response","791","1359708","0.0-27.0-0.11","67407b1fdd5d63e5b542d325","69d7901e3430d13455efb336","69e8b649ba24d5ff4f3b7b5d","<p style=""font-size: 30px"">&emsp;</p><br><p style=""font-size: 60px; font-family: FragmentMono"">BLZE&emsp;&emsp;&emsp;&emsp;XBQD<p style=""font-size: 15px"">Press <strong>d</strong> for this letter combination&emsp;&emsp;&emsp;&emsp;&emsp;&emsp;&emsp;&emsp;&emsp;&emsp;Press <strong>k</strong> for this letter combination</p>","","","familiarity","","k","","true","XBQD","BLZE",""
"970","k","html-keyboard-response","792","1360679","0.0-27.0-0.12","67407b1fdd5d63e5b542d325","69d7901e3430d13455efb336","69e8b649ba24d5ff4f3b7b5d","<p style=""font-size: 30px"">&emsp;</p><br><p style=""font-size: 60px; font-family: FragmentMono"">TPABL&emsp;&emsp;&emsp;&emsp;ZKGBF<p style=""font-size: 15px"">Press <strong>d</strong> for this letter combination&emsp;&emsp;&emsp;&emsp;&emsp;&emsp;&emsp;&emsp;&emsp;&emsp;Press <strong>k</strong> for this letter combination</p>","","","familiarity","","k","","true","ZKGBF","TPABL",""
"1428","d","html-keyboard-response","793","1362107","0.0-27.0-0.13","67407b1fdd5d63e5b542d325","69d7901e3430d13455efb336","69e8b649ba24d5ff4f3b7b5d","<p style=""font-size: 30px"">&emsp;</p><br><p style=""font-size: 60px; font-family: FragmentMono"">MXCUI&emsp;&emsp;&emsp;&emsp;COVWC<p style=""font-size: 15px"">Press <strong>d</strong> for this letter combination&emsp;&emsp;&emsp;&emsp;&emsp;&emsp;&emsp;&emsp;&emsp;&emsp;Press <strong>k</strong> for this letter combination</p>","","","familiarity","","d","","true","MXCUI","COVWC",""
"1150","k","html-keyboard-response","794","1363258","0.0-27.0-0.14","67407b1fdd5d63e5b542d325","69d7901e3430d13455efb336","69e8b649ba24d5ff4f3b7b5d","<p style=""font-size: 30px"">&emsp;</p><br><p style=""font-size: 60px; font-family: FragmentMono"">FICD&emsp;&emsp;&emsp;&emsp;XNZC<p style=""font-size: 15px"">Press <strong>d</strong> for this letter combination&emsp;&emsp;&emsp;&emsp;&emsp;&emsp;&emsp;&emsp;&emsp;&emsp;Press <strong>k</strong> for this letter combination</p>","","","familiarity","","k","","true","XNZC","FICD",""
"1678","k","html-keyboard-response","795","1364936","0.0-27.0-0.15","67407b1fdd5d63e5b542d325","69d7901e3430d13455efb336","69e8b649ba24d5ff4f3b7b5d","<p style=""font-size: 30px"">&emsp;</p><br><p style=""font-size: 60px; font-family: FragmentMono"">PWAQA&emsp;&emsp;&emsp;&emsp;CQPCO<p style=""font-size: 15px"">Press <strong>d</strong> for this letter combination&emsp;&emsp;&emsp;&emsp;&emsp;&emsp;&emsp;&emsp;&emsp;&emsp;Press <strong>k</strong> for this letter combination</p>","","","familiarity","","k","","true","CQPCO","PWAQA",""
"1078","k","html-keyboard-response","796","1366015","0.0-27.0-0.16","67407b1fdd5d63e5b542d325","69d7901e3430d13455efb336","69e8b649ba24d5ff4f3b7b5d","<p style=""font-size: 30px"">&emsp;</p><br><p style=""font-size: 60px; font-family: FragmentMono"">FPKY&emsp;&emsp;&emsp;&emsp;JXPX<p style=""font-size: 15px"">Press <strong>d</strong> for this letter combination&emsp;&emsp;&emsp;&emsp;&emsp;&emsp;&emsp;&emsp;&emsp;&emsp;Press <strong>k</strong> for this letter combination</p>","","","familiarity","","d","","false","FPKY","JXPX",""
"3038","k","html-keyboard-response","797","1369054","0.0-27.0-0.17","67407b1fdd5d63e5b542d325","69d7901e3430d13455efb336","69e8b649ba24d5ff4f3b7b5d","<p style=""font-size: 30px"">&emsp;</p><br><p style=""font-size: 60px; font-family: FragmentMono"">IDEUB&emsp;&emsp;&emsp;&emsp;ZIKMO<p style=""font-size: 15px"">Press <strong>d</strong> for this letter combination&emsp;&emsp;&emsp;&emsp;&emsp;&emsp;&emsp;&emsp;&emsp;&emsp;Press <strong>k</strong> for this letter combination</p>","","","familiarity","","k","","true","ZIKMO","IDEUB",""
"901","d","html-keyboard-response","798","1369955","0.0-27.0-0.18","67407b1fdd5d63e5b542d325","69d7901e3430d13455efb336","69e8b649ba24d5ff4f3b7b5d","<p style=""font-size: 30px"">&emsp;</p><br><p style=""font-size: 60px; font-family: FragmentMono"">JXV&emsp;&emsp;&emsp;&emsp;PEX<p style=""font-size: 15px"">Press <strong>d</strong> for this letter combination&emsp;&emsp;&emsp;&emsp;&emsp;&emsp;&emsp;&emsp;&emsp;&emsp;Press <strong>k</strong> for this letter combination</p>","","","familiarity","","k","","false","PEX","JXV",""
"1420","d","html-keyboard-response","799","1371376","0.0-27.0-0.19","67407b1fdd5d63e5b542d325","69d7901e3430d13455efb336","69e8b649ba24d5ff4f3b7b5d","<p style=""font-size: 30px"">&emsp;</p><br><p style=""font-size: 60px; font-family: FragmentMono"">KVAQW&emsp;&emsp;&emsp;&emsp;YOWYC<p style=""font-size: 15px"">Press <strong>d</strong> for this letter combination&emsp;&emsp;&emsp;&emsp;&emsp;&emsp;&emsp;&emsp;&emsp;&emsp;Press <strong>k</strong> for this letter combination</p>","","","familiarity","","d","","true","KVAQW","YOWYC",""
"1265","d","html-keyboard-response","800","1372642","0.0-27.0-0.20","67407b1fdd5d63e5b542d325","69d7901e3430d13455efb336","69e8b649ba24d5ff4f3b7b5d","<p style=""font-size: 30px"">&emsp;</p><br><p style=""font-size: 60px; font-family: FragmentMono"">BWGO&emsp;&emsp;&emsp;&emsp;VFCG<p style=""font-size: 15px"">Press <strong>d</strong> for this letter combination&emsp;&emsp;&emsp;&emsp;&emsp;&emsp;&emsp;&emsp;&emsp;&emsp;Press <strong>k</strong> for this letter combination</p>","","","familiarity","","d","","true","BWGO","VFCG",""
"711","d","html-keyboard-response","801","1373354","0.0-27.0-0.21","67407b1fdd5d63e5b542d325","69d7901e3430d13455efb336","69e8b649ba24d5ff4f3b7b5d","<p style=""font-size: 30px"">&emsp;</p><br><p style=""font-size: 60px; font-family: FragmentMono"">WOFH&emsp;&emsp;&emsp;&emsp;INMO<p style=""font-size: 15px"">Press <strong>d</strong> for this letter combination&emsp;&emsp;&emsp;&emsp;&emsp;&emsp;&emsp;&emsp;&emsp;&emsp;Press <strong>k</strong> for this letter combination</p>","","","familiarity","","d","","true","WOFH","INMO",""
"1458","d","html-keyboard-response","802","1374813","0.0-27.0-0.22","67407b1fdd5d63e5b542d325","69d7901e3430d13455efb336","69e8b649ba24d5ff4f3b7b5d","<p style=""font-size: 30px"">&emsp;</p><br><p style=""font-size: 60px; font-family: FragmentMono"">UXS&emsp;&emsp;&emsp;&emsp;DGI<p style=""font-size: 15px"">Press <strong>d</strong> for this letter combination&emsp;&emsp;&emsp;&emsp;&emsp;&emsp;&emsp;&emsp;&emsp;&emsp;Press <strong>k</strong> for this letter combination</p>","","","familiarity","","d","","true","UXS","DGI",""
"1139","d","html-keyboard-response","803","1375952","0.0-27.0-0.23","67407b1fdd5d63e5b542d325","69d7901e3430d13455efb336","69e8b649ba24d5ff4f3b7b5d","<p style=""font-size: 30px"">&emsp;</p><br><p style=""font-size: 60px; font-family: FragmentMono"">UABS&emsp;&emsp;&emsp;&emsp;EDMK<p style=""font-size: 15px"">Press <strong>d</strong> for this letter combination&emsp;&emsp;&emsp;&emsp;&emsp;&emsp;&emsp;&emsp;&emsp;&emsp;Press <strong>k</strong> for this letter combination</p>","","","familiarity","","d","","true","UABS","EDMK",""
"734","d","html-keyboard-response","804","1376686","0.0-27.0-0.24","67407b1fdd5d63e5b542d325","69d7901e3430d13455efb336","69e8b649ba24d5ff4f3b7b5d","<p style=""font-size: 30px"">&emsp;</p><br><p style=""font-size: 60px; font-family: FragmentMono"">GQFHX&emsp;&emsp;&emsp;&emsp;PSZTQ<p style=""font-size: 15px"">Press <strong>d</strong> for this letter combination&emsp;&emsp;&emsp;&emsp;&emsp;&emsp;&emsp;&emsp;&emsp;&emsp;Press <strong>k</strong> for this letter combination</p>","","","familiarity","","k","","false","PSZTQ","GQFHX",""
"1943","k","html-keyboard-response","805","1378630","0.0-27.0-0.25","67407b1fdd5d63e5b542d325","69d7901e3430d13455efb336","69e8b649ba24d5ff4f3b7b5d","<p style=""font-size: 30px"">&emsp;</p><br><p style=""font-size: 60px; font-family: FragmentMono"">KFOFS&emsp;&emsp;&emsp;&emsp;ZUKXO<p style=""font-size: 15px"">Press <strong>d</strong> for this letter combination&emsp;&emsp;&emsp;&emsp;&emsp;&emsp;&emsp;&emsp;&emsp;&emsp;Press <strong>k</strong> for this letter combination</p>","","","familiarity","","k","","true","ZUKXO","KFOFS",""
"1932","d","html-keyboard-response","806","1380562","0.0-27.0-0.26","67407b1fdd5d63e5b542d325","69d7901e3430d13455efb336","69e8b649ba24d5ff4f3b7b5d","<p style=""font-size: 30px"">&emsp;</p><br><p style=""font-size: 60px; font-family: FragmentMono"">SEWIY&emsp;&emsp;&emsp;&emsp;PBIQU<p style=""font-size: 15px"">Press <strong>d</strong> for this letter combination&emsp;&emsp;&emsp;&emsp;&emsp;&emsp;&emsp;&emsp;&emsp;&emsp;Press <strong>k</strong> for this letter combination</p>","","","familiarity","","d","","true","SEWIY","PBIQU",""
"1113","d","html-keyboard-response","807","1381676","0.0-27.0-0.27","67407b1fdd5d63e5b542d325","69d7901e3430d13455efb336","69e8b649ba24d5ff4f3b7b5d","<p style=""font-size: 30px"">&emsp;</p><br><p style=""font-size: 60px; font-family: FragmentMono"">KUZ&emsp;&emsp;&emsp;&emsp;TSL<p style=""font-size: 15px"">Press <strong>d</strong> for this letter combination&emsp;&emsp;&emsp;&emsp;&emsp;&emsp;&emsp;&emsp;&emsp;&emsp;Press <strong>k</strong> for this letter combination</p>","","","familiarity","","d","","true","KUZ","TSL",""
"1006","d","html-keyboard-response","808","1382683","0.0-27.0-0.28","67407b1fdd5d63e5b542d325","69d7901e3430d13455efb336","69e8b649ba24d5ff4f3b7b5d","<p style=""font-size: 30px"">&emsp;</p><br><p style=""font-size: 60px; font-family: FragmentMono"">TWYN&emsp;&emsp;&emsp;&emsp;OAFQ<p style=""font-size: 15px"">Press <strong>d</strong> for this letter combination&emsp;&emsp;&emsp;&emsp;&emsp;&emsp;&emsp;&emsp;&emsp;&emsp;Press <strong>k</strong> for this letter combination</p>","","","familiarity","","d","","true","TWYN","OAFQ",""
"1272","d","html-keyboard-response","809","1383955","0.0-27.0-0.29","67407b1fdd5d63e5b542d325","69d7901e3430d13455efb336","69e8b649ba24d5ff4f3b7b5d","<p style=""font-size: 30px"">&emsp;</p><br><p style=""font-size: 60px; font-family: FragmentMono"">XHO&emsp;&emsp;&emsp;&emsp;LTW<p style=""font-size: 15px"">Press <strong>d</strong> for this letter combination&emsp;&emsp;&emsp;&emsp;&emsp;&emsp;&emsp;&emsp;&emsp;&emsp;Press <strong>k</strong> for this letter combination</p>","","","familiarity","","d","","true","XHO","LTW",""
"11538"," ","html-keyboard-response","810","1395493","0.0-28.0","67407b1fdd5d63e5b542d325","69d7901e3430d13455efb336","69e8b649ba24d5ff4f3b7b5d","<p style=""font-size: 30px"">Thank you for your help deciphering these alien communications! In this final part, we'd like you to answer the following questions on your history, use, proficiency, and attitudes towards your own languages.</p>
      <p style=""font-size: 30px"">The questionnaire contains 19 questions and will take only 10 minutes. Please answer every question honestly: this way we'll be able to guarantee a good outcome for this experiment.</p>
      <p style=""font-size: 30px"">Press the spacebar to begin.</p>","","","","","","","","","",""
"69814","{""Age"":""24"",""Gender"":""Woman"",""Education"":""College"",""L1"":""Italian"",""L2"":""English"",""L3"":""n/a"",""L4"":""n/a"",""otherLs"":""no""}","survey-html-form","811","1465309","0.0-29.0","67407b1fdd5d63e5b542d325","69d7901e3430d13455efb336","69e8b649ba24d5ff4f3b7b5d","","","","","","","","","","","bio_info"
"51247","{""AoAL1"":""0"",""AoAL2"":""0"",""AoEaseL1"":""0"",""AoEaseL2"":""0"",""yearsEduL1"":""20+"",""yearsEduL2"":""20+"",""yearsCountryL1"":""20+"",""yearsCountryL2"":""6"",""yearsFamilyL1"":""20+"",""yearsFamilyL2"":""20+"",""yearsWorkL1"":""20+"",""yearsWorkL2"":""20+""}","survey-html-form","812","1516567","0.0-30.0","67407b1fdd5d63e5b542d325","69d7901e3430d13455efb336","69e8b649ba24d5ff4f3b7b5d","","","","","","","","","","","history_info"
"97157","{""PercFriendsL1"":""50"",""PercFriendsL2"":""50"",""PercFamilyL1"":""60"",""PercFamilyL2"":""40"",""PercWorkL1"":""50"",""PercWorkL2"":""50"",""PercSelfL1"":""50"",""PercSelfL2"":""50"",""PercCountL1"":""50"",""PercCountL2"":""50""}","survey-html-form","813","1613731","0.0-31.0-0.0-0.0","67407b1fdd5d63e5b542d325","69d7901e3430d13455efb336","69e8b649ba24d5ff4f3b7b5d","","","","","","","","","","","use_info"
"26887","{""ProfSpeakL1"":""6"",""ProfSpeakL2"":""6"",""ProfUnderstandL1"":""6"",""ProfUnderstandL2"":""6"",""ProfReadL1"":""6"",""ProfReadL2"":""6"",""AttentionL1"":""2"",""AttentionL2"":""2"",""ProfWriteL1"":""6"",""ProfWriteL2"":""6""}","survey-html-form","814","1640623","0.0-32.0","67407b1fdd5d63e5b542d325","69d7901e3430d13455efb336","69e8b649ba24d5ff4f3b7b5d","","","","","","","","","","","proficiency_info"
"23830","{""AttSelfL1"":""6"",""AttSelfL2"":""6"",""AttCultureL1"":""6"",""AttCultureL2"":""6"",""AttNativeLevelL1"":""6"",""AttNativeLevelL2"":""6"",""AttMothertongueL1"":""6"",""AttMothertongueL2"":""6""}","survey-html-form","815","1664459","0.0-33.0","67407b1fdd5d63e5b542d325","69d7901e3430d13455efb336","69e8b649ba24d5ff4f3b7b5d","","","","","","","","","","","attitudes_info"
"22675","h","html-keyboard-response","816","1687135","0.0-34.0","67407b1fdd5d63e5b542d325","69d7901e3430d13455efb336","69e8b649ba24d5ff4f3b7b5d","<p style=""font-size: 30px""><u>Goal of the study:</u> This experiment intends to test if people with more experience with more languages are more capable of unconsciously processing statistical information of new words. The alien words you saw at the beginning of the study belonged to two different languages, and this difference was displayed in how word parts were assembled together. Thank you for your participation!</p>
      <p style=""font-size: 30px"">Data upload will take a few seconds. Please wait briefly, then you will be redirected to Prolific with your completion code. Press any key now to do so.</p>","","","","","","","","","",""
