"rt","response","trial_type","trial_index","time_elapsed","internal_node_id","subject_id","study_id","session_id","stimulus","question_order","success","task","item","correct_response","testing_condition","correct","target","confound","name"
"21829","{""ID"":""69ca93b861a695b1c1eec106""}","survey-html-form","0","21831","0.0-0.0","69ca93b861a695b1c1eec106","69cfc5a67eb051a242f7d83c","69d4e50d0ccfc13545482dd6","","","","","","","","","","",""
"16284"," ","html-keyboard-response","1","38116","0.0-1.0","69ca93b861a695b1c1eec106","69cfc5a67eb051a242f7d83c","69d4e50d0ccfc13545482dd6","<p style=""font-size: 30px;"">Before beginning, we ask that you read the consent information and confirm your agreement to participate in the experiment.</p>
      <p style=""font-size: 30px;""> We ask that you remember that this is a research project and that your participation is entirely voluntary. You can stop your participation at any time, without needing to provide any explanation. The study we're asking you to participate in aims at examining how readers process written words. You will be engaged in a session of apprximately 25-30 minutes, followed by a brief questionnaire. You will have the opportunity to take a few breaks during the experiment. You will be paid £4 for your participation, corresponding to a rate of £8/hour. While this experiment looks at cognitive faculties, this experiment doesn't constitute clinical proof of eventual pathologies.</p>
      <p style=""font-size: 30px;"">All of the information collected thanks to yours and others' participation will be held in a secure password-protected server, and will not be shared with anyone not authorised to view it. Your personal information will be kept with an arbitrary participant ID. Thanks to this data anonymity process, any researcher analysing the data won't be able to track the information back to a specific participant. Therefore, this process will make identifying you impossibile, even when results from the study will be published in scientific reviews, presented at congresses, or at any other public forum. More generally, the collected data will be treated in accordance with the laws on privacy and conformity to the Legislative Degree n. 196 ""Code regarding the protection of personal data"" of the 30th of June 2003 and to the European Regulation 2016/670 (General Data Protection Regulation - GDPR). The Data Protection Officer is Avv. Valentina Carollo, who can be contacted at the following email addresses: <a href=""mailto:dpo@sissa.it"">dpo@sissa.it</a> or <a href=""mailto:rpd@sissa.it"">rpd@sissa.it</a> - PEC: <a href=""mailto:protocollo@pec.sissa.it"">protocollo@pec.sissa.it</a>.</p>
      <p style=""font-size: 30px;""> Before expressing your consent to participate, we would like to remind you again that in case you need explanations on any aspect of the experimental procedure, the researcher is at your disposition (<a href=""mailto:aliebelt@sissa.it"">aliebelt@sissa.it</a>, <a href=""mailto:davide.crepaldi@sissa.it"">davide.crepaldi@sissa.it</a>). Please feel free to contact the researcher through the Messaging feature on Prolific if you have any questions or issues.</p>
      <p style=""font-size: 30px;"">If you would like to download the informed consent form, you can do so here: <a href=""BASL-Informed_Consent.pdf"" download>informed consent form</a>.</p>
      <p style=""font-size: 30px;"">We ask that you press the spacebar to proceed to the consent section.</p>","","","","","","","","","",""
"17542","{""consent1"":""YES"",""consent2"":""YES"",""consent3"":""YES"",""consent4"":""YES"",""consent5"":""YES"",""consent6"":""YES""}","survey-html-form","2","55659","0.0-2.0","69ca93b861a695b1c1eec106","69cfc5a67eb051a242f7d83c","69d4e50d0ccfc13545482dd6","","","","","","","","","","",""
"12134","{""Languages"":[""Dutch"",""English""]}","survey-multi-select","3","67831","0.0-3.0-0.0","69ca93b861a695b1c1eec106","69cfc5a67eb051a242f7d83c","69d4e50d0ccfc13545482dd6","","[0]","","","","","","","","",""
"6937","","fullscreen","4","75771","0.0-4.0","69ca93b861a695b1c1eec106","69cfc5a67eb051a242f7d83c","69d4e50d0ccfc13545482dd6","","","true","","","","","","","",""
"14841"," ","html-keyboard-response","5","90612","0.0-5.0","69ca93b861a695b1c1eec106","69cfc5a67eb051a242f7d83c","69d4e50d0ccfc13545482dd6","<p style=""font-size: 30px"">Welcome, and thank you very much for your time!</p>
      <p style=""font-size: 30px"">In this experiment, you'll be a language expert who's been asked to take a look at words that Earth has received in its first communication with aliens. Your task, in this first part of the experiment, is to pay close attention to the words you'll be shown; later, world leaders will ask you questions on what you saw. The words will be shown to you quite quickly; it seems that the aliens were in a hurry :-)</p>
      <p style=""font-size: 30px"">Press the spacebar to continue.<p>","","","","","","","","","",""
"null","null","html-keyboard-response","6","90621","0.0-6.0","69ca93b861a695b1c1eec106","69cfc5a67eb051a242f7d83c","69d4e50d0ccfc13545482dd6","<p style=""font-size: 1px; font-family: FragmentMono""> x </p>","","","","","","","","","",""
"null","null","html-keyboard-response","7","91626","0.0-7.0-0.0","69ca93b861a695b1c1eec106","69cfc5a67eb051a242f7d83c","69d4e50d0ccfc13545482dd6","<p style=""font-size: 60px; font-family: FragmentMono"">WAEMIJNO</p>","","","training","","","","","","",""
"null","null","html-keyboard-response","8","92634","0.0-7.0-0.1","69ca93b861a695b1c1eec106","69cfc5a67eb051a242f7d83c","69d4e50d0ccfc13545482dd6","<p style=""font-size: 60px; font-family: FragmentMono"">ZBTFMVCM</p>","","","training","","","","","","",""
"null","null","html-keyboard-response","9","93647","0.0-7.0-0.2","69ca93b861a695b1c1eec106","69cfc5a67eb051a242f7d83c","69d4e50d0ccfc13545482dd6","<p style=""font-size: 60px; font-family: FragmentMono"">NPVHKURO</p>","","","training","","","","","","",""
"null","null","html-keyboard-response","10","94658","0.0-7.0-0.3","69ca93b861a695b1c1eec106","69cfc5a67eb051a242f7d83c","69d4e50d0ccfc13545482dd6","<p style=""font-size: 60px; font-family: FragmentMono"">XPWJFJOEX</p>","","","training","","","","","","",""
"null","null","html-keyboard-response","11","95660","0.0-7.0-0.4","69ca93b861a695b1c1eec106","69cfc5a67eb051a242f7d83c","69d4e50d0ccfc13545482dd6","<p style=""font-size: 60px; font-family: FragmentMono"">YIDUNHPS</p>","","","training","","","","","","",""
"null","null","html-keyboard-response","12","96668","0.0-7.0-0.5","69ca93b861a695b1c1eec106","69cfc5a67eb051a242f7d83c","69d4e50d0ccfc13545482dd6","<p style=""font-size: 60px; font-family: FragmentMono"">EODBATUXE</p>","","","training","","","","","","",""
"null","null","html-keyboard-response","13","97680","0.0-7.0-0.6","69ca93b861a695b1c1eec106","69cfc5a67eb051a242f7d83c","69d4e50d0ccfc13545482dd6","<p style=""font-size: 60px; font-family: FragmentMono"">SHXVKGQKI</p>","","","training","","","","","","",""
"null","null","html-keyboard-response","14","98687","0.0-7.0-0.7","69ca93b861a695b1c1eec106","69cfc5a67eb051a242f7d83c","69d4e50d0ccfc13545482dd6","<p style=""font-size: 60px; font-family: FragmentMono"">YKJSIHPS</p>","","","training","","","","","","",""
"null","null","html-keyboard-response","15","99688","0.0-7.0-0.8","69ca93b861a695b1c1eec106","69cfc5a67eb051a242f7d83c","69d4e50d0ccfc13545482dd6","<p style=""font-size: 60px; font-family: FragmentMono"">UWQEONKMT</p>","","","training","","","","","","",""
"null","null","html-keyboard-response","16","100698","0.0-7.0-0.9","69ca93b861a695b1c1eec106","69cfc5a67eb051a242f7d83c","69d4e50d0ccfc13545482dd6","<p style=""font-size: 60px; font-family: FragmentMono"">XPWJFTUXE</p>","","","training","","","","","","",""
"null","null","html-keyboard-response","17","101700","0.0-7.0-0.10","69ca93b861a695b1c1eec106","69cfc5a67eb051a242f7d83c","69d4e50d0ccfc13545482dd6","<p style=""font-size: 60px; font-family: FragmentMono"">CGYAMURO</p>","","","training","","","","","","",""
"null","null","html-keyboard-response","18","102704","0.0-7.0-0.11","69ca93b861a695b1c1eec106","69cfc5a67eb051a242f7d83c","69d4e50d0ccfc13545482dd6","<p style=""font-size: 60px; font-family: FragmentMono"">SHXVKHPS</p>","","","training","","","","","","",""
"null","null","html-keyboard-response","19","103713","0.0-7.0-0.12","69ca93b861a695b1c1eec106","69cfc5a67eb051a242f7d83c","69d4e50d0ccfc13545482dd6","<p style=""font-size: 60px; font-family: FragmentMono"">RGWFWGQKI</p>","","","training","","","","","","",""
"null","null","html-keyboard-response","20","104716","0.0-7.0-0.13","69ca93b861a695b1c1eec106","69cfc5a67eb051a242f7d83c","69d4e50d0ccfc13545482dd6","<p style=""font-size: 60px; font-family: FragmentMono"">CGYAMTUXE</p>","","","training","","","","","","",""
"null","null","html-keyboard-response","21","105727","0.0-7.0-0.14","69ca93b861a695b1c1eec106","69cfc5a67eb051a242f7d83c","69d4e50d0ccfc13545482dd6","<p style=""font-size: 60px; font-family: FragmentMono"">YKJSIZBG</p>","","","training","","","","","","",""
"null","null","html-keyboard-response","22","106734","0.0-7.0-0.15","69ca93b861a695b1c1eec106","69cfc5a67eb051a242f7d83c","69d4e50d0ccfc13545482dd6","<p style=""font-size: 60px; font-family: FragmentMono"">RCSCSJOEX</p>","","","training","","","","","","",""
"null","null","html-keyboard-response","23","107741","0.0-7.0-0.16","69ca93b861a695b1c1eec106","69cfc5a67eb051a242f7d83c","69d4e50d0ccfc13545482dd6","<p style=""font-size: 60px; font-family: FragmentMono"">CGYAMRXV</p>","","","training","","","","","","",""
"null","null","html-keyboard-response","24","108744","0.0-7.0-0.17","69ca93b861a695b1c1eec106","69cfc5a67eb051a242f7d83c","69d4e50d0ccfc13545482dd6","<p style=""font-size: 60px; font-family: FragmentMono"">RCSCSNKMT</p>","","","training","","","","","","",""
"null","null","html-keyboard-response","25","109746","0.0-7.0-0.18","69ca93b861a695b1c1eec106","69cfc5a67eb051a242f7d83c","69d4e50d0ccfc13545482dd6","<p style=""font-size: 60px; font-family: FragmentMono"">FZLFHPS</p>","","","training","","","","","","",""
"null","null","html-keyboard-response","26","110749","0.0-7.0-0.19","69ca93b861a695b1c1eec106","69cfc5a67eb051a242f7d83c","69d4e50d0ccfc13545482dd6","<p style=""font-size: 60px; font-family: FragmentMono"">CTSBIZBG</p>","","","training","","","","","","",""
"null","null","html-keyboard-response","27","111756","0.0-7.0-0.20","69ca93b861a695b1c1eec106","69cfc5a67eb051a242f7d83c","69d4e50d0ccfc13545482dd6","<p style=""font-size: 60px; font-family: FragmentMono"">NPVHKJOEX</p>","","","training","","","","","","",""
"null","null","html-keyboard-response","28","112758","0.0-7.0-0.21","69ca93b861a695b1c1eec106","69cfc5a67eb051a242f7d83c","69d4e50d0ccfc13545482dd6","<p style=""font-size: 60px; font-family: FragmentMono"">XPWJFURO</p>","","","training","","","","","","",""
"null","null","html-keyboard-response","29","113759","0.0-7.0-0.22","69ca93b861a695b1c1eec106","69cfc5a67eb051a242f7d83c","69d4e50d0ccfc13545482dd6","<p style=""font-size: 60px; font-family: FragmentMono"">VFZKDNKMT</p>","","","training","","","","","","",""
"null","null","html-keyboard-response","30","114768","0.0-7.0-0.23","69ca93b861a695b1c1eec106","69cfc5a67eb051a242f7d83c","69d4e50d0ccfc13545482dd6","<p style=""font-size: 60px; font-family: FragmentMono"">NOQIMVCM</p>","","","training","","","","","","",""
"null","null","html-keyboard-response","31","115773","0.0-7.0-0.24","69ca93b861a695b1c1eec106","69cfc5a67eb051a242f7d83c","69d4e50d0ccfc13545482dd6","<p style=""font-size: 60px; font-family: FragmentMono"">WAEMIHPS</p>","","","training","","","","","","",""
"null","null","html-keyboard-response","32","116780","0.0-7.0-0.25","69ca93b861a695b1c1eec106","69cfc5a67eb051a242f7d83c","69d4e50d0ccfc13545482dd6","<p style=""font-size: 60px; font-family: FragmentMono"">QKSPURO</p>","","","training","","","","","","",""
"null","null","html-keyboard-response","33","117782","0.0-7.0-0.26","69ca93b861a695b1c1eec106","69cfc5a67eb051a242f7d83c","69d4e50d0ccfc13545482dd6","<p style=""font-size: 60px; font-family: FragmentMono"">WAEMIGQKI</p>","","","training","","","","","","",""
"null","null","html-keyboard-response","34","118789","0.0-7.0-0.27","69ca93b861a695b1c1eec106","69cfc5a67eb051a242f7d83c","69d4e50d0ccfc13545482dd6","<p style=""font-size: 60px; font-family: FragmentMono"">WOFHRXV</p>","","","training","","","","","","",""
"null","null","html-keyboard-response","35","119796","0.0-7.0-0.28","69ca93b861a695b1c1eec106","69cfc5a67eb051a242f7d83c","69d4e50d0ccfc13545482dd6","<p style=""font-size: 60px; font-family: FragmentMono"">UWQEOURO</p>","","","training","","","","","","",""
"null","null","html-keyboard-response","36","120807","0.0-7.0-0.29","69ca93b861a695b1c1eec106","69cfc5a67eb051a242f7d83c","69d4e50d0ccfc13545482dd6","<p style=""font-size: 60px; font-family: FragmentMono"">CTSBIMVCM</p>","","","training","","","","","","",""
"null","null","html-keyboard-response","37","121816","0.0-7.0-0.30","69ca93b861a695b1c1eec106","69cfc5a67eb051a242f7d83c","69d4e50d0ccfc13545482dd6","<p style=""font-size: 60px; font-family: FragmentMono"">FZLFJNO</p>","","","training","","","","","","",""
"null","null","html-keyboard-response","38","122819","0.0-7.0-0.31","69ca93b861a695b1c1eec106","69cfc5a67eb051a242f7d83c","69d4e50d0ccfc13545482dd6","<p style=""font-size: 60px; font-family: FragmentMono"">VFZKDURO</p>","","","training","","","","","","",""
"null","null","html-keyboard-response","39","123826","0.0-7.0-0.32","69ca93b861a695b1c1eec106","69cfc5a67eb051a242f7d83c","69d4e50d0ccfc13545482dd6","<p style=""font-size: 60px; font-family: FragmentMono"">QWVPXZBG</p>","","","training","","","","","","",""
"null","null","html-keyboard-response","40","124826","0.0-7.0-0.33","69ca93b861a695b1c1eec106","69cfc5a67eb051a242f7d83c","69d4e50d0ccfc13545482dd6","<p style=""font-size: 60px; font-family: FragmentMono"">YIDUNJNO</p>","","","training","","","","","","",""
"null","null","html-keyboard-response","41","125830","0.0-7.0-0.34","69ca93b861a695b1c1eec106","69cfc5a67eb051a242f7d83c","69d4e50d0ccfc13545482dd6","<p style=""font-size: 60px; font-family: FragmentMono"">QWVPXMVCM</p>","","","training","","","","","","",""
"null","null","html-keyboard-response","42","126846","0.0-7.0-0.35","69ca93b861a695b1c1eec106","69cfc5a67eb051a242f7d83c","69d4e50d0ccfc13545482dd6","<p style=""font-size: 60px; font-family: FragmentMono"">NPVHKNKMT</p>","","","training","","","","","","",""
"null","null","html-keyboard-response","43","127853","0.0-7.0-0.36","69ca93b861a695b1c1eec106","69cfc5a67eb051a242f7d83c","69d4e50d0ccfc13545482dd6","<p style=""font-size: 60px; font-family: FragmentMono"">WAEMIZBG</p>","","","training","","","","","","",""
"null","null","html-keyboard-response","44","128863","0.0-7.0-0.37","69ca93b861a695b1c1eec106","69cfc5a67eb051a242f7d83c","69d4e50d0ccfc13545482dd6","<p style=""font-size: 60px; font-family: FragmentMono"">NOQIJNO</p>","","","training","","","","","","",""
"null","null","html-keyboard-response","45","129868","0.0-7.0-0.38","69ca93b861a695b1c1eec106","69cfc5a67eb051a242f7d83c","69d4e50d0ccfc13545482dd6","<p style=""font-size: 60px; font-family: FragmentMono"">ZUKXOJOEX</p>","","","training","","","","","","",""
"null","null","html-keyboard-response","46","130874","0.0-7.0-0.39","69ca93b861a695b1c1eec106","69cfc5a67eb051a242f7d83c","69d4e50d0ccfc13545482dd6","<p style=""font-size: 60px; font-family: FragmentMono"">QKSPNKMT</p>","","","training","","","","","","",""
"null","null","html-keyboard-response","47","131884","0.0-7.0-0.40","69ca93b861a695b1c1eec106","69cfc5a67eb051a242f7d83c","69d4e50d0ccfc13545482dd6","<p style=""font-size: 60px; font-family: FragmentMono"">EODBARXV</p>","","","training","","","","","","",""
"null","null","html-keyboard-response","48","132887","0.0-7.0-0.41","69ca93b861a695b1c1eec106","69cfc5a67eb051a242f7d83c","69d4e50d0ccfc13545482dd6","<p style=""font-size: 60px; font-family: FragmentMono"">ZBTFZBG</p>","","","training","","","","","","",""
"null","null","html-keyboard-response","49","133899","0.0-7.0-0.42","69ca93b861a695b1c1eec106","69cfc5a67eb051a242f7d83c","69d4e50d0ccfc13545482dd6","<p style=""font-size: 60px; font-family: FragmentMono"">CGYAMJOEX</p>","","","training","","","","","","",""
"null","null","html-keyboard-response","50","134907","0.0-7.0-0.43","69ca93b861a695b1c1eec106","69cfc5a67eb051a242f7d83c","69d4e50d0ccfc13545482dd6","<p style=""font-size: 60px; font-family: FragmentMono"">FZLFGQKI</p>","","","training","","","","","","",""
"null","null","html-keyboard-response","51","135910","0.0-7.0-0.44","69ca93b861a695b1c1eec106","69cfc5a67eb051a242f7d83c","69d4e50d0ccfc13545482dd6","<p style=""font-size: 60px; font-family: FragmentMono"">EODBAURO</p>","","","training","","","","","","",""
"null","null","html-keyboard-response","52","136919","0.0-7.0-0.45","69ca93b861a695b1c1eec106","69cfc5a67eb051a242f7d83c","69d4e50d0ccfc13545482dd6","<p style=""font-size: 60px; font-family: FragmentMono"">QWVPXHPS</p>","","","training","","","","","","",""
"null","null","html-keyboard-response","53","137925","0.0-7.0-0.46","69ca93b861a695b1c1eec106","69cfc5a67eb051a242f7d83c","69d4e50d0ccfc13545482dd6","<p style=""font-size: 60px; font-family: FragmentMono"">SHXVKMVCM</p>","","","training","","","","","","",""
"null","null","html-keyboard-response","54","138928","0.0-7.0-0.47","69ca93b861a695b1c1eec106","69cfc5a67eb051a242f7d83c","69d4e50d0ccfc13545482dd6","<p style=""font-size: 60px; font-family: FragmentMono"">QWVPXJNO</p>","","","training","","","","","","",""
"null","null","html-keyboard-response","55","139933","0.0-7.0-0.48","69ca93b861a695b1c1eec106","69cfc5a67eb051a242f7d83c","69d4e50d0ccfc13545482dd6","<p style=""font-size: 60px; font-family: FragmentMono"">UWQEOTUXE</p>","","","training","","","","","","",""
"null","null","html-keyboard-response","56","140948","0.0-7.0-0.49","69ca93b861a695b1c1eec106","69cfc5a67eb051a242f7d83c","69d4e50d0ccfc13545482dd6","<p style=""font-size: 60px; font-family: FragmentMono"">YKJSIMVCM</p>","","","training","","","","","","",""
"null","null","html-keyboard-response","57","141959","0.0-7.0-0.50","69ca93b861a695b1c1eec106","69cfc5a67eb051a242f7d83c","69d4e50d0ccfc13545482dd6","<p style=""font-size: 60px; font-family: FragmentMono"">VFZKDJOEX</p>","","","training","","","","","","",""
"null","null","html-keyboard-response","58","142968","0.0-7.0-0.51","69ca93b861a695b1c1eec106","69cfc5a67eb051a242f7d83c","69d4e50d0ccfc13545482dd6","<p style=""font-size: 60px; font-family: FragmentMono"">XPWJFNKMT</p>","","","training","","","","","","",""
"null","null","html-keyboard-response","59","143982","0.0-7.0-0.52","69ca93b861a695b1c1eec106","69cfc5a67eb051a242f7d83c","69d4e50d0ccfc13545482dd6","<p style=""font-size: 60px; font-family: FragmentMono"">RGWFWZBG</p>","","","training","","","","","","",""
"null","null","html-keyboard-response","60","144985","0.0-7.0-0.53","69ca93b861a695b1c1eec106","69cfc5a67eb051a242f7d83c","69d4e50d0ccfc13545482dd6","<p style=""font-size: 60px; font-family: FragmentMono"">QKSPTUXE</p>","","","training","","","","","","",""
"null","null","html-keyboard-response","61","145990","0.0-7.0-0.54","69ca93b861a695b1c1eec106","69cfc5a67eb051a242f7d83c","69d4e50d0ccfc13545482dd6","<p style=""font-size: 60px; font-family: FragmentMono"">CTSBIJNO</p>","","","training","","","","","","",""
"null","null","html-keyboard-response","62","147002","0.0-7.0-0.55","69ca93b861a695b1c1eec106","69cfc5a67eb051a242f7d83c","69d4e50d0ccfc13545482dd6","<p style=""font-size: 60px; font-family: FragmentMono"">QKSPJOEX</p>","","","training","","","","","","",""
"null","null","html-keyboard-response","63","148009","0.0-7.0-0.56","69ca93b861a695b1c1eec106","69cfc5a67eb051a242f7d83c","69d4e50d0ccfc13545482dd6","<p style=""font-size: 60px; font-family: FragmentMono"">FZLFZBG</p>","","","training","","","","","","",""
"null","null","html-keyboard-response","64","149018","0.0-7.0-0.57","69ca93b861a695b1c1eec106","69cfc5a67eb051a242f7d83c","69d4e50d0ccfc13545482dd6","<p style=""font-size: 60px; font-family: FragmentMono"">UWQEORXV</p>","","","training","","","","","","",""
"null","null","html-keyboard-response","65","150020","0.0-7.0-0.58","69ca93b861a695b1c1eec106","69cfc5a67eb051a242f7d83c","69d4e50d0ccfc13545482dd6","<p style=""font-size: 60px; font-family: FragmentMono"">RCSCSTUXE</p>","","","training","","","","","","",""
"null","null","html-keyboard-response","66","151022","0.0-7.0-0.59","69ca93b861a695b1c1eec106","69cfc5a67eb051a242f7d83c","69d4e50d0ccfc13545482dd6","<p style=""font-size: 60px; font-family: FragmentMono"">WOFHJOEX</p>","","","training","","","","","","",""
"null","null","html-keyboard-response","67","152033","0.0-7.0-0.60","69ca93b861a695b1c1eec106","69cfc5a67eb051a242f7d83c","69d4e50d0ccfc13545482dd6","<p style=""font-size: 60px; font-family: FragmentMono"">VFZKDRXV</p>","","","training","","","","","","",""
"null","null","html-keyboard-response","68","153033","0.0-7.0-0.61","69ca93b861a695b1c1eec106","69cfc5a67eb051a242f7d83c","69d4e50d0ccfc13545482dd6","<p style=""font-size: 60px; font-family: FragmentMono"">NOQIHPS</p>","","","training","","","","","","",""
"null","null","html-keyboard-response","69","154045","0.0-7.0-0.62","69ca93b861a695b1c1eec106","69cfc5a67eb051a242f7d83c","69d4e50d0ccfc13545482dd6","<p style=""font-size: 60px; font-family: FragmentMono"">ZBTFGQKI</p>","","","training","","","","","","",""
"null","null","html-keyboard-response","70","155047","0.0-7.0-0.63","69ca93b861a695b1c1eec106","69cfc5a67eb051a242f7d83c","69d4e50d0ccfc13545482dd6","<p style=""font-size: 60px; font-family: FragmentMono"">SHXVKZBG</p>","","","training","","","","","","",""
"null","null","html-keyboard-response","71","156058","0.0-7.0-0.64","69ca93b861a695b1c1eec106","69cfc5a67eb051a242f7d83c","69d4e50d0ccfc13545482dd6","<p style=""font-size: 60px; font-family: FragmentMono"">WOFHNKMT</p>","","","training","","","","","","",""
"null","null","html-keyboard-response","72","157064","0.0-7.0-0.65","69ca93b861a695b1c1eec106","69cfc5a67eb051a242f7d83c","69d4e50d0ccfc13545482dd6","<p style=""font-size: 60px; font-family: FragmentMono"">ZBTFHPS</p>","","","training","","","","","","",""
"null","null","html-keyboard-response","73","158071","0.0-7.0-0.66","69ca93b861a695b1c1eec106","69cfc5a67eb051a242f7d83c","69d4e50d0ccfc13545482dd6","<p style=""font-size: 60px; font-family: FragmentMono"">NOQIGQKI</p>","","","training","","","","","","",""
"null","null","html-keyboard-response","74","159077","0.0-7.0-0.67","69ca93b861a695b1c1eec106","69cfc5a67eb051a242f7d83c","69d4e50d0ccfc13545482dd6","<p style=""font-size: 60px; font-family: FragmentMono"">ZUKXOTUXE</p>","","","training","","","","","","",""
"null","null","html-keyboard-response","75","160084","0.0-7.0-0.68","69ca93b861a695b1c1eec106","69cfc5a67eb051a242f7d83c","69d4e50d0ccfc13545482dd6","<p style=""font-size: 60px; font-family: FragmentMono"">RCSCSRXV</p>","","","training","","","","","","",""
"null","null","html-keyboard-response","76","161086","0.0-7.0-0.69","69ca93b861a695b1c1eec106","69cfc5a67eb051a242f7d83c","69d4e50d0ccfc13545482dd6","<p style=""font-size: 60px; font-family: FragmentMono"">RGWFWMVCM</p>","","","training","","","","","","",""
"null","null","html-keyboard-response","77","162092","0.0-7.0-0.70","69ca93b861a695b1c1eec106","69cfc5a67eb051a242f7d83c","69d4e50d0ccfc13545482dd6","<p style=""font-size: 60px; font-family: FragmentMono"">YKJSIJNO</p>","","","training","","","","","","",""
"null","null","html-keyboard-response","78","163098","0.0-7.0-0.71","69ca93b861a695b1c1eec106","69cfc5a67eb051a242f7d83c","69d4e50d0ccfc13545482dd6","<p style=""font-size: 60px; font-family: FragmentMono"">NPVHKRXV</p>","","","training","","","","","","",""
"null","null","html-keyboard-response","79","164101","0.0-7.0-0.72","69ca93b861a695b1c1eec106","69cfc5a67eb051a242f7d83c","69d4e50d0ccfc13545482dd6","<p style=""font-size: 60px; font-family: FragmentMono"">CTSBIGQKI</p>","","","training","","","","","","",""
"null","null","html-keyboard-response","80","165111","0.0-7.0-0.73","69ca93b861a695b1c1eec106","69cfc5a67eb051a242f7d83c","69d4e50d0ccfc13545482dd6","<p style=""font-size: 60px; font-family: FragmentMono"">ZUKXORXV</p>","","","training","","","","","","",""
"null","null","html-keyboard-response","81","166115","0.0-7.0-0.74","69ca93b861a695b1c1eec106","69cfc5a67eb051a242f7d83c","69d4e50d0ccfc13545482dd6","<p style=""font-size: 60px; font-family: FragmentMono"">EODBANKMT</p>","","","training","","","","","","",""
"null","null","html-keyboard-response","82","167117","0.0-7.0-0.75","69ca93b861a695b1c1eec106","69cfc5a67eb051a242f7d83c","69d4e50d0ccfc13545482dd6","<p style=""font-size: 60px; font-family: FragmentMono"">WOFHTUXE</p>","","","training","","","","","","",""
"null","null","html-keyboard-response","83","168122","0.0-7.0-0.76","69ca93b861a695b1c1eec106","69cfc5a67eb051a242f7d83c","69d4e50d0ccfc13545482dd6","<p style=""font-size: 60px; font-family: FragmentMono"">YIDUNMVCM</p>","","","training","","","","","","",""
"null","null","html-keyboard-response","84","169128","0.0-7.0-0.77","69ca93b861a695b1c1eec106","69cfc5a67eb051a242f7d83c","69d4e50d0ccfc13545482dd6","<p style=""font-size: 60px; font-family: FragmentMono"">RGWFWJNO</p>","","","training","","","","","","",""
"null","null","html-keyboard-response","85","170133","0.0-7.0-0.78","69ca93b861a695b1c1eec106","69cfc5a67eb051a242f7d83c","69d4e50d0ccfc13545482dd6","<p style=""font-size: 60px; font-family: FragmentMono"">YIDUNGQKI</p>","","","training","","","","","","",""
"null","null","html-keyboard-response","86","171144","0.0-7.0-0.79","69ca93b861a695b1c1eec106","69cfc5a67eb051a242f7d83c","69d4e50d0ccfc13545482dd6","<p style=""font-size: 60px; font-family: FragmentMono"">ZUKXOURO</p>","","","training","","","","","","",""
"5949"," ","html-keyboard-response","87","177093","0.0-8.0","69ca93b861a695b1c1eec106","69cfc5a67eb051a242f7d83c","69d4e50d0ccfc13545482dd6","<p style=""font-size: 30px"">Great, you've seen the first block of words. You may now take a short break.</p>
      <p style=""font-size: 30px"">Press the spacebar when you're ready to continue.</p>","","","","","","","","","",""
"null","null","html-keyboard-response","88","178097","0.0-9.0-0.0","69ca93b861a695b1c1eec106","69cfc5a67eb051a242f7d83c","69d4e50d0ccfc13545482dd6","<p style=""font-size: 60px; font-family: FragmentMono"">EODBATUXE</p>","","","training","","","","","","",""
"null","null","html-keyboard-response","89","179104","0.0-9.0-0.1","69ca93b861a695b1c1eec106","69cfc5a67eb051a242f7d83c","69d4e50d0ccfc13545482dd6","<p style=""font-size: 60px; font-family: FragmentMono"">YKJSIMVCM</p>","","","training","","","","","","",""
"null","null","html-keyboard-response","90","180111","0.0-9.0-0.2","69ca93b861a695b1c1eec106","69cfc5a67eb051a242f7d83c","69d4e50d0ccfc13545482dd6","<p style=""font-size: 60px; font-family: FragmentMono"">QKSPURO</p>","","","training","","","","","","",""
"null","null","html-keyboard-response","91","181114","0.0-9.0-0.3","69ca93b861a695b1c1eec106","69cfc5a67eb051a242f7d83c","69d4e50d0ccfc13545482dd6","<p style=""font-size: 60px; font-family: FragmentMono"">NOQIHPS</p>","","","training","","","","","","",""
"null","null","html-keyboard-response","92","182121","0.0-9.0-0.4","69ca93b861a695b1c1eec106","69cfc5a67eb051a242f7d83c","69d4e50d0ccfc13545482dd6","<p style=""font-size: 60px; font-family: FragmentMono"">QKSPTUXE</p>","","","training","","","","","","",""
"null","null","html-keyboard-response","93","183130","0.0-9.0-0.5","69ca93b861a695b1c1eec106","69cfc5a67eb051a242f7d83c","69d4e50d0ccfc13545482dd6","<p style=""font-size: 60px; font-family: FragmentMono"">ZBTFGQKI</p>","","","training","","","","","","",""
"null","null","html-keyboard-response","94","184136","0.0-9.0-0.6","69ca93b861a695b1c1eec106","69cfc5a67eb051a242f7d83c","69d4e50d0ccfc13545482dd6","<p style=""font-size: 60px; font-family: FragmentMono"">UWQEOTUXE</p>","","","training","","","","","","",""
"null","null","html-keyboard-response","95","185143","0.0-9.0-0.7","69ca93b861a695b1c1eec106","69cfc5a67eb051a242f7d83c","69d4e50d0ccfc13545482dd6","<p style=""font-size: 60px; font-family: FragmentMono"">VFZKDURO</p>","","","training","","","","","","",""
"null","null","html-keyboard-response","96","186150","0.0-9.0-0.8","69ca93b861a695b1c1eec106","69cfc5a67eb051a242f7d83c","69d4e50d0ccfc13545482dd6","<p style=""font-size: 60px; font-family: FragmentMono"">RCSCSJOEX</p>","","","training","","","","","","",""
"null","null","html-keyboard-response","97","187165","0.0-9.0-0.9","69ca93b861a695b1c1eec106","69cfc5a67eb051a242f7d83c","69d4e50d0ccfc13545482dd6","<p style=""font-size: 60px; font-family: FragmentMono"">VFZKDNKMT</p>","","","training","","","","","","",""
"null","null","html-keyboard-response","98","188181","0.0-9.0-0.10","69ca93b861a695b1c1eec106","69cfc5a67eb051a242f7d83c","69d4e50d0ccfc13545482dd6","<p style=""font-size: 60px; font-family: FragmentMono"">YKJSIZBG</p>","","","training","","","","","","",""
"null","null","html-keyboard-response","99","189190","0.0-9.0-0.11","69ca93b861a695b1c1eec106","69cfc5a67eb051a242f7d83c","69d4e50d0ccfc13545482dd6","<p style=""font-size: 60px; font-family: FragmentMono"">CGYAMRXV</p>","","","training","","","","","","",""
"null","null","html-keyboard-response","100","190197","0.0-9.0-0.12","69ca93b861a695b1c1eec106","69cfc5a67eb051a242f7d83c","69d4e50d0ccfc13545482dd6","<p style=""font-size: 60px; font-family: FragmentMono"">QKSPNKMT</p>","","","training","","","","","","",""
"null","null","html-keyboard-response","101","191204","0.0-9.0-0.13","69ca93b861a695b1c1eec106","69cfc5a67eb051a242f7d83c","69d4e50d0ccfc13545482dd6","<p style=""font-size: 60px; font-family: FragmentMono"">UWQEORXV</p>","","","training","","","","","","",""
"null","null","html-keyboard-response","102","192212","0.0-9.0-0.14","69ca93b861a695b1c1eec106","69cfc5a67eb051a242f7d83c","69d4e50d0ccfc13545482dd6","<p style=""font-size: 60px; font-family: FragmentMono"">CTSBIGQKI</p>","","","training","","","","","","",""
"null","null","html-keyboard-response","103","193227","0.0-9.0-0.15","69ca93b861a695b1c1eec106","69cfc5a67eb051a242f7d83c","69d4e50d0ccfc13545482dd6","<p style=""font-size: 60px; font-family: FragmentMono"">EODBANKMT</p>","","","training","","","","","","",""
"null","null","html-keyboard-response","104","194239","0.0-9.0-0.16","69ca93b861a695b1c1eec106","69cfc5a67eb051a242f7d83c","69d4e50d0ccfc13545482dd6","<p style=""font-size: 60px; font-family: FragmentMono"">YIDUNGQKI</p>","","","training","","","","","","",""
"null","null","html-keyboard-response","105","195247","0.0-9.0-0.17","69ca93b861a695b1c1eec106","69cfc5a67eb051a242f7d83c","69d4e50d0ccfc13545482dd6","<p style=""font-size: 60px; font-family: FragmentMono"">RCSCSRXV</p>","","","training","","","","","","",""
"null","null","html-keyboard-response","106","196263","0.0-9.0-0.18","69ca93b861a695b1c1eec106","69cfc5a67eb051a242f7d83c","69d4e50d0ccfc13545482dd6","<p style=""font-size: 60px; font-family: FragmentMono"">EODBAURO</p>","","","training","","","","","","",""
"null","null","html-keyboard-response","107","197278","0.0-9.0-0.19","69ca93b861a695b1c1eec106","69cfc5a67eb051a242f7d83c","69d4e50d0ccfc13545482dd6","<p style=""font-size: 60px; font-family: FragmentMono"">FZLFGQKI</p>","","","training","","","","","","",""
"null","null","html-keyboard-response","108","198279","0.0-9.0-0.20","69ca93b861a695b1c1eec106","69cfc5a67eb051a242f7d83c","69d4e50d0ccfc13545482dd6","<p style=""font-size: 60px; font-family: FragmentMono"">QWVPXMVCM</p>","","","training","","","","","","",""
"null","null","html-keyboard-response","109","199294","0.0-9.0-0.21","69ca93b861a695b1c1eec106","69cfc5a67eb051a242f7d83c","69d4e50d0ccfc13545482dd6","<p style=""font-size: 60px; font-family: FragmentMono"">RCSCSTUXE</p>","","","training","","","","","","",""
"null","null","html-keyboard-response","110","200299","0.0-9.0-0.22","69ca93b861a695b1c1eec106","69cfc5a67eb051a242f7d83c","69d4e50d0ccfc13545482dd6","<p style=""font-size: 60px; font-family: FragmentMono"">QWVPXZBG</p>","","","training","","","","","","",""
"null","null","html-keyboard-response","111","201302","0.0-9.0-0.23","69ca93b861a695b1c1eec106","69cfc5a67eb051a242f7d83c","69d4e50d0ccfc13545482dd6","<p style=""font-size: 60px; font-family: FragmentMono"">WAEMIHPS</p>","","","training","","","","","","",""
"null","null","html-keyboard-response","112","202311","0.0-9.0-0.24","69ca93b861a695b1c1eec106","69cfc5a67eb051a242f7d83c","69d4e50d0ccfc13545482dd6","<p style=""font-size: 60px; font-family: FragmentMono"">ZUKXORXV</p>","","","training","","","","","","",""
"null","null","html-keyboard-response","113","203317","0.0-9.0-0.25","69ca93b861a695b1c1eec106","69cfc5a67eb051a242f7d83c","69d4e50d0ccfc13545482dd6","<p style=""font-size: 60px; font-family: FragmentMono"">XPWJFNKMT</p>","","","training","","","","","","",""
"null","null","html-keyboard-response","114","204322","0.0-9.0-0.26","69ca93b861a695b1c1eec106","69cfc5a67eb051a242f7d83c","69d4e50d0ccfc13545482dd6","<p style=""font-size: 60px; font-family: FragmentMono"">NOQIJNO</p>","","","training","","","","","","",""
"null","null","html-keyboard-response","115","205327","0.0-9.0-0.27","69ca93b861a695b1c1eec106","69cfc5a67eb051a242f7d83c","69d4e50d0ccfc13545482dd6","<p style=""font-size: 60px; font-family: FragmentMono"">ZBTFHPS</p>","","","training","","","","","","",""
"null","null","html-keyboard-response","116","206331","0.0-9.0-0.28","69ca93b861a695b1c1eec106","69cfc5a67eb051a242f7d83c","69d4e50d0ccfc13545482dd6","<p style=""font-size: 60px; font-family: FragmentMono"">UWQEOURO</p>","","","training","","","","","","",""
"null","null","html-keyboard-response","117","207339","0.0-9.0-0.29","69ca93b861a695b1c1eec106","69cfc5a67eb051a242f7d83c","69d4e50d0ccfc13545482dd6","<p style=""font-size: 60px; font-family: FragmentMono"">NPVHKNKMT</p>","","","training","","","","","","",""
"null","null","html-keyboard-response","118","208348","0.0-9.0-0.30","69ca93b861a695b1c1eec106","69cfc5a67eb051a242f7d83c","69d4e50d0ccfc13545482dd6","<p style=""font-size: 60px; font-family: FragmentMono"">CTSBIMVCM</p>","","","training","","","","","","",""
"null","null","html-keyboard-response","119","209356","0.0-9.0-0.31","69ca93b861a695b1c1eec106","69cfc5a67eb051a242f7d83c","69d4e50d0ccfc13545482dd6","<p style=""font-size: 60px; font-family: FragmentMono"">FZLFHPS</p>","","","training","","","","","","",""
"null","null","html-keyboard-response","120","210362","0.0-9.0-0.32","69ca93b861a695b1c1eec106","69cfc5a67eb051a242f7d83c","69d4e50d0ccfc13545482dd6","<p style=""font-size: 60px; font-family: FragmentMono"">VFZKDJOEX</p>","","","training","","","","","","",""
"null","null","html-keyboard-response","121","211372","0.0-9.0-0.33","69ca93b861a695b1c1eec106","69cfc5a67eb051a242f7d83c","69d4e50d0ccfc13545482dd6","<p style=""font-size: 60px; font-family: FragmentMono"">SHXVKZBG</p>","","","training","","","","","","",""
"null","null","html-keyboard-response","122","212375","0.0-9.0-0.34","69ca93b861a695b1c1eec106","69cfc5a67eb051a242f7d83c","69d4e50d0ccfc13545482dd6","<p style=""font-size: 60px; font-family: FragmentMono"">ZUKXOTUXE</p>","","","training","","","","","","",""
"null","null","html-keyboard-response","123","213386","0.0-9.0-0.35","69ca93b861a695b1c1eec106","69cfc5a67eb051a242f7d83c","69d4e50d0ccfc13545482dd6","<p style=""font-size: 60px; font-family: FragmentMono"">YIDUNMVCM</p>","","","training","","","","","","",""
"null","null","html-keyboard-response","124","214393","0.0-9.0-0.36","69ca93b861a695b1c1eec106","69cfc5a67eb051a242f7d83c","69d4e50d0ccfc13545482dd6","<p style=""font-size: 60px; font-family: FragmentMono"">XPWJFURO</p>","","","training","","","","","","",""
"null","null","html-keyboard-response","125","215394","0.0-9.0-0.37","69ca93b861a695b1c1eec106","69cfc5a67eb051a242f7d83c","69d4e50d0ccfc13545482dd6","<p style=""font-size: 60px; font-family: FragmentMono"">QWVPXJNO</p>","","","training","","","","","","",""
"null","null","html-keyboard-response","126","216402","0.0-9.0-0.38","69ca93b861a695b1c1eec106","69cfc5a67eb051a242f7d83c","69d4e50d0ccfc13545482dd6","<p style=""font-size: 60px; font-family: FragmentMono"">WAEMIGQKI</p>","","","training","","","","","","",""
"null","null","html-keyboard-response","127","217403","0.0-9.0-0.39","69ca93b861a695b1c1eec106","69cfc5a67eb051a242f7d83c","69d4e50d0ccfc13545482dd6","<p style=""font-size: 60px; font-family: FragmentMono"">CGYAMURO</p>","","","training","","","","","","",""
"null","null","html-keyboard-response","128","218412","0.0-9.0-0.40","69ca93b861a695b1c1eec106","69cfc5a67eb051a242f7d83c","69d4e50d0ccfc13545482dd6","<p style=""font-size: 60px; font-family: FragmentMono"">SHXVKMVCM</p>","","","training","","","","","","",""
"null","null","html-keyboard-response","129","219417","0.0-9.0-0.41","69ca93b861a695b1c1eec106","69cfc5a67eb051a242f7d83c","69d4e50d0ccfc13545482dd6","<p style=""font-size: 60px; font-family: FragmentMono"">WAEMIZBG</p>","","","training","","","","","","",""
"null","null","html-keyboard-response","130","220418","0.0-9.0-0.42","69ca93b861a695b1c1eec106","69cfc5a67eb051a242f7d83c","69d4e50d0ccfc13545482dd6","<p style=""font-size: 60px; font-family: FragmentMono"">NPVHKRXV</p>","","","training","","","","","","",""
"null","null","html-keyboard-response","131","221434","0.0-9.0-0.43","69ca93b861a695b1c1eec106","69cfc5a67eb051a242f7d83c","69d4e50d0ccfc13545482dd6","<p style=""font-size: 60px; font-family: FragmentMono"">UWQEONKMT</p>","","","training","","","","","","",""
"null","null","html-keyboard-response","132","222438","0.0-9.0-0.44","69ca93b861a695b1c1eec106","69cfc5a67eb051a242f7d83c","69d4e50d0ccfc13545482dd6","<p style=""font-size: 60px; font-family: FragmentMono"">EODBARXV</p>","","","training","","","","","","",""
"null","null","html-keyboard-response","133","223445","0.0-9.0-0.45","69ca93b861a695b1c1eec106","69cfc5a67eb051a242f7d83c","69d4e50d0ccfc13545482dd6","<p style=""font-size: 60px; font-family: FragmentMono"">RGWFWJNO</p>","","","training","","","","","","",""
"null","null","html-keyboard-response","134","224449","0.0-9.0-0.46","69ca93b861a695b1c1eec106","69cfc5a67eb051a242f7d83c","69d4e50d0ccfc13545482dd6","<p style=""font-size: 60px; font-family: FragmentMono"">ZUKXOJOEX</p>","","","training","","","","","","",""
"null","null","html-keyboard-response","135","225464","0.0-9.0-0.47","69ca93b861a695b1c1eec106","69cfc5a67eb051a242f7d83c","69d4e50d0ccfc13545482dd6","<p style=""font-size: 60px; font-family: FragmentMono"">NOQIMVCM</p>","","","training","","","","","","",""
"null","null","html-keyboard-response","136","226467","0.0-9.0-0.48","69ca93b861a695b1c1eec106","69cfc5a67eb051a242f7d83c","69d4e50d0ccfc13545482dd6","<p style=""font-size: 60px; font-family: FragmentMono"">CTSBIJNO</p>","","","training","","","","","","",""
"null","null","html-keyboard-response","137","227476","0.0-9.0-0.49","69ca93b861a695b1c1eec106","69cfc5a67eb051a242f7d83c","69d4e50d0ccfc13545482dd6","<p style=""font-size: 60px; font-family: FragmentMono"">SHXVKGQKI</p>","","","training","","","","","","",""
"null","null","html-keyboard-response","138","228492","0.0-9.0-0.50","69ca93b861a695b1c1eec106","69cfc5a67eb051a242f7d83c","69d4e50d0ccfc13545482dd6","<p style=""font-size: 60px; font-family: FragmentMono"">ZUKXOURO</p>","","","training","","","","","","",""
"null","null","html-keyboard-response","139","229501","0.0-9.0-0.51","69ca93b861a695b1c1eec106","69cfc5a67eb051a242f7d83c","69d4e50d0ccfc13545482dd6","<p style=""font-size: 60px; font-family: FragmentMono"">CGYAMJOEX</p>","","","training","","","","","","",""
"null","null","html-keyboard-response","140","230505","0.0-9.0-0.52","69ca93b861a695b1c1eec106","69cfc5a67eb051a242f7d83c","69d4e50d0ccfc13545482dd6","<p style=""font-size: 60px; font-family: FragmentMono"">SHXVKHPS</p>","","","training","","","","","","",""
"null","null","html-keyboard-response","141","231521","0.0-9.0-0.53","69ca93b861a695b1c1eec106","69cfc5a67eb051a242f7d83c","69d4e50d0ccfc13545482dd6","<p style=""font-size: 60px; font-family: FragmentMono"">ZBTFMVCM</p>","","","training","","","","","","",""
"null","null","html-keyboard-response","142","232521","0.0-9.0-0.54","69ca93b861a695b1c1eec106","69cfc5a67eb051a242f7d83c","69d4e50d0ccfc13545482dd6","<p style=""font-size: 60px; font-family: FragmentMono"">YIDUNHPS</p>","","","training","","","","","","",""
"null","null","html-keyboard-response","143","233529","0.0-9.0-0.55","69ca93b861a695b1c1eec106","69cfc5a67eb051a242f7d83c","69d4e50d0ccfc13545482dd6","<p style=""font-size: 60px; font-family: FragmentMono"">FZLFZBG</p>","","","training","","","","","","",""
"null","null","html-keyboard-response","144","234533","0.0-9.0-0.56","69ca93b861a695b1c1eec106","69cfc5a67eb051a242f7d83c","69d4e50d0ccfc13545482dd6","<p style=""font-size: 60px; font-family: FragmentMono"">RGWFWGQKI</p>","","","training","","","","","","",""
"null","null","html-keyboard-response","145","235539","0.0-9.0-0.57","69ca93b861a695b1c1eec106","69cfc5a67eb051a242f7d83c","69d4e50d0ccfc13545482dd6","<p style=""font-size: 60px; font-family: FragmentMono"">WOFHTUXE</p>","","","training","","","","","","",""
"null","null","html-keyboard-response","146","236541","0.0-9.0-0.58","69ca93b861a695b1c1eec106","69cfc5a67eb051a242f7d83c","69d4e50d0ccfc13545482dd6","<p style=""font-size: 60px; font-family: FragmentMono"">NPVHKJOEX</p>","","","training","","","","","","",""
"null","null","html-keyboard-response","147","237546","0.0-9.0-0.59","69ca93b861a695b1c1eec106","69cfc5a67eb051a242f7d83c","69d4e50d0ccfc13545482dd6","<p style=""font-size: 60px; font-family: FragmentMono"">XPWJFTUXE</p>","","","training","","","","","","",""
"null","null","html-keyboard-response","148","238548","0.0-9.0-0.60","69ca93b861a695b1c1eec106","69cfc5a67eb051a242f7d83c","69d4e50d0ccfc13545482dd6","<p style=""font-size: 60px; font-family: FragmentMono"">ZBTFZBG</p>","","","training","","","","","","",""
"null","null","html-keyboard-response","149","239556","0.0-9.0-0.61","69ca93b861a695b1c1eec106","69cfc5a67eb051a242f7d83c","69d4e50d0ccfc13545482dd6","<p style=""font-size: 60px; font-family: FragmentMono"">YIDUNJNO</p>","","","training","","","","","","",""
"null","null","html-keyboard-response","150","240564","0.0-9.0-0.62","69ca93b861a695b1c1eec106","69cfc5a67eb051a242f7d83c","69d4e50d0ccfc13545482dd6","<p style=""font-size: 60px; font-family: FragmentMono"">CTSBIZBG</p>","","","training","","","","","","",""
"null","null","html-keyboard-response","151","241571","0.0-9.0-0.63","69ca93b861a695b1c1eec106","69cfc5a67eb051a242f7d83c","69d4e50d0ccfc13545482dd6","<p style=""font-size: 60px; font-family: FragmentMono"">NOQIGQKI</p>","","","training","","","","","","",""
"null","null","html-keyboard-response","152","242576","0.0-9.0-0.64","69ca93b861a695b1c1eec106","69cfc5a67eb051a242f7d83c","69d4e50d0ccfc13545482dd6","<p style=""font-size: 60px; font-family: FragmentMono"">VFZKDRXV</p>","","","training","","","","","","",""
"null","null","html-keyboard-response","153","243581","0.0-9.0-0.65","69ca93b861a695b1c1eec106","69cfc5a67eb051a242f7d83c","69d4e50d0ccfc13545482dd6","<p style=""font-size: 60px; font-family: FragmentMono"">RGWFWZBG</p>","","","training","","","","","","",""
"null","null","html-keyboard-response","154","244585","0.0-9.0-0.66","69ca93b861a695b1c1eec106","69cfc5a67eb051a242f7d83c","69d4e50d0ccfc13545482dd6","<p style=""font-size: 60px; font-family: FragmentMono"">WOFHRXV</p>","","","training","","","","","","",""
"null","null","html-keyboard-response","155","245590","0.0-9.0-0.67","69ca93b861a695b1c1eec106","69cfc5a67eb051a242f7d83c","69d4e50d0ccfc13545482dd6","<p style=""font-size: 60px; font-family: FragmentMono"">WAEMIJNO</p>","","","training","","","","","","",""
"null","null","html-keyboard-response","156","246593","0.0-9.0-0.68","69ca93b861a695b1c1eec106","69cfc5a67eb051a242f7d83c","69d4e50d0ccfc13545482dd6","<p style=""font-size: 60px; font-family: FragmentMono"">WOFHNKMT</p>","","","training","","","","","","",""
"null","null","html-keyboard-response","157","247598","0.0-9.0-0.69","69ca93b861a695b1c1eec106","69cfc5a67eb051a242f7d83c","69d4e50d0ccfc13545482dd6","<p style=""font-size: 60px; font-family: FragmentMono"">RGWFWMVCM</p>","","","training","","","","","","",""
"null","null","html-keyboard-response","158","248598","0.0-9.0-0.70","69ca93b861a695b1c1eec106","69cfc5a67eb051a242f7d83c","69d4e50d0ccfc13545482dd6","<p style=""font-size: 60px; font-family: FragmentMono"">QKSPJOEX</p>","","","training","","","","","","",""
"null","null","html-keyboard-response","159","249604","0.0-9.0-0.71","69ca93b861a695b1c1eec106","69cfc5a67eb051a242f7d83c","69d4e50d0ccfc13545482dd6","<p style=""font-size: 60px; font-family: FragmentMono"">CGYAMTUXE</p>","","","training","","","","","","",""
"null","null","html-keyboard-response","160","250615","0.0-9.0-0.72","69ca93b861a695b1c1eec106","69cfc5a67eb051a242f7d83c","69d4e50d0ccfc13545482dd6","<p style=""font-size: 60px; font-family: FragmentMono"">NPVHKURO</p>","","","training","","","","","","",""
"null","null","html-keyboard-response","161","251617","0.0-9.0-0.73","69ca93b861a695b1c1eec106","69cfc5a67eb051a242f7d83c","69d4e50d0ccfc13545482dd6","<p style=""font-size: 60px; font-family: FragmentMono"">QWVPXHPS</p>","","","training","","","","","","",""
"null","null","html-keyboard-response","162","252623","0.0-9.0-0.74","69ca93b861a695b1c1eec106","69cfc5a67eb051a242f7d83c","69d4e50d0ccfc13545482dd6","<p style=""font-size: 60px; font-family: FragmentMono"">YKJSIJNO</p>","","","training","","","","","","",""
"null","null","html-keyboard-response","163","253626","0.0-9.0-0.75","69ca93b861a695b1c1eec106","69cfc5a67eb051a242f7d83c","69d4e50d0ccfc13545482dd6","<p style=""font-size: 60px; font-family: FragmentMono"">XPWJFJOEX</p>","","","training","","","","","","",""
"null","null","html-keyboard-response","164","254630","0.0-9.0-0.76","69ca93b861a695b1c1eec106","69cfc5a67eb051a242f7d83c","69d4e50d0ccfc13545482dd6","<p style=""font-size: 60px; font-family: FragmentMono"">YKJSIHPS</p>","","","training","","","","","","",""
"null","null","html-keyboard-response","165","255637","0.0-9.0-0.77","69ca93b861a695b1c1eec106","69cfc5a67eb051a242f7d83c","69d4e50d0ccfc13545482dd6","<p style=""font-size: 60px; font-family: FragmentMono"">RCSCSNKMT</p>","","","training","","","","","","",""
"null","null","html-keyboard-response","166","256645","0.0-9.0-0.78","69ca93b861a695b1c1eec106","69cfc5a67eb051a242f7d83c","69d4e50d0ccfc13545482dd6","<p style=""font-size: 60px; font-family: FragmentMono"">FZLFJNO</p>","","","training","","","","","","",""
"null","null","html-keyboard-response","167","257656","0.0-9.0-0.79","69ca93b861a695b1c1eec106","69cfc5a67eb051a242f7d83c","69d4e50d0ccfc13545482dd6","<p style=""font-size: 60px; font-family: FragmentMono"">WOFHJOEX</p>","","","training","","","","","","",""
"3684"," ","html-keyboard-response","168","261340","0.0-10.0","69ca93b861a695b1c1eec106","69cfc5a67eb051a242f7d83c","69d4e50d0ccfc13545482dd6","<p style=""font-size: 30px"">Great, you've seen the second block of words. You may now take a short break.</p>
      <p style=""font-size: 30px"">Press the spacebar when you're ready to continue.</p>","","","","","","","","","",""
"null","null","html-keyboard-response","169","262341","0.0-11.0-0.0","69ca93b861a695b1c1eec106","69cfc5a67eb051a242f7d83c","69d4e50d0ccfc13545482dd6","<p style=""font-size: 60px; font-family: FragmentMono"">RGWFWMVCM</p>","","","training","","","","","","",""
"null","null","html-keyboard-response","170","263346","0.0-11.0-0.1","69ca93b861a695b1c1eec106","69cfc5a67eb051a242f7d83c","69d4e50d0ccfc13545482dd6","<p style=""font-size: 60px; font-family: FragmentMono"">WOFHTUXE</p>","","","training","","","","","","",""
"null","null","html-keyboard-response","171","264359","0.0-11.0-0.2","69ca93b861a695b1c1eec106","69cfc5a67eb051a242f7d83c","69d4e50d0ccfc13545482dd6","<p style=""font-size: 60px; font-family: FragmentMono"">ZUKXOJOEX</p>","","","training","","","","","","",""
"null","null","html-keyboard-response","172","265364","0.0-11.0-0.3","69ca93b861a695b1c1eec106","69cfc5a67eb051a242f7d83c","69d4e50d0ccfc13545482dd6","<p style=""font-size: 60px; font-family: FragmentMono"">NOQIJNO</p>","","","training","","","","","","",""
"null","null","html-keyboard-response","173","266365","0.0-11.0-0.4","69ca93b861a695b1c1eec106","69cfc5a67eb051a242f7d83c","69d4e50d0ccfc13545482dd6","<p style=""font-size: 60px; font-family: FragmentMono"">VFZKDRXV</p>","","","training","","","","","","",""
"null","null","html-keyboard-response","174","267367","0.0-11.0-0.5","69ca93b861a695b1c1eec106","69cfc5a67eb051a242f7d83c","69d4e50d0ccfc13545482dd6","<p style=""font-size: 60px; font-family: FragmentMono"">WAEMIHPS</p>","","","training","","","","","","",""
"null","null","html-keyboard-response","175","268382","0.0-11.0-0.6","69ca93b861a695b1c1eec106","69cfc5a67eb051a242f7d83c","69d4e50d0ccfc13545482dd6","<p style=""font-size: 60px; font-family: FragmentMono"">UWQEOTUXE</p>","","","training","","","","","","",""
"null","null","html-keyboard-response","176","269398","0.0-11.0-0.7","69ca93b861a695b1c1eec106","69cfc5a67eb051a242f7d83c","69d4e50d0ccfc13545482dd6","<p style=""font-size: 60px; font-family: FragmentMono"">FZLFHPS</p>","","","training","","","","","","",""
"null","null","html-keyboard-response","177","270404","0.0-11.0-0.8","69ca93b861a695b1c1eec106","69cfc5a67eb051a242f7d83c","69d4e50d0ccfc13545482dd6","<p style=""font-size: 60px; font-family: FragmentMono"">QKSPURO</p>","","","training","","","","","","",""
"null","null","html-keyboard-response","178","271414","0.0-11.0-0.9","69ca93b861a695b1c1eec106","69cfc5a67eb051a242f7d83c","69d4e50d0ccfc13545482dd6","<p style=""font-size: 60px; font-family: FragmentMono"">WAEMIJNO</p>","","","training","","","","","","",""
"null","null","html-keyboard-response","179","272419","0.0-11.0-0.10","69ca93b861a695b1c1eec106","69cfc5a67eb051a242f7d83c","69d4e50d0ccfc13545482dd6","<p style=""font-size: 60px; font-family: FragmentMono"">NPVHKURO</p>","","","training","","","","","","",""
"null","null","html-keyboard-response","180","273427","0.0-11.0-0.11","69ca93b861a695b1c1eec106","69cfc5a67eb051a242f7d83c","69d4e50d0ccfc13545482dd6","<p style=""font-size: 60px; font-family: FragmentMono"">NOQIHPS</p>","","","training","","","","","","",""
"null","null","html-keyboard-response","181","274429","0.0-11.0-0.12","69ca93b861a695b1c1eec106","69cfc5a67eb051a242f7d83c","69d4e50d0ccfc13545482dd6","<p style=""font-size: 60px; font-family: FragmentMono"">YIDUNGQKI</p>","","","training","","","","","","",""
"null","null","html-keyboard-response","182","275434","0.0-11.0-0.13","69ca93b861a695b1c1eec106","69cfc5a67eb051a242f7d83c","69d4e50d0ccfc13545482dd6","<p style=""font-size: 60px; font-family: FragmentMono"">YKJSIZBG</p>","","","training","","","","","","",""
"null","null","html-keyboard-response","183","276449","0.0-11.0-0.14","69ca93b861a695b1c1eec106","69cfc5a67eb051a242f7d83c","69d4e50d0ccfc13545482dd6","<p style=""font-size: 60px; font-family: FragmentMono"">RCSCSRXV</p>","","","training","","","","","","",""
"null","null","html-keyboard-response","184","277451","0.0-11.0-0.15","69ca93b861a695b1c1eec106","69cfc5a67eb051a242f7d83c","69d4e50d0ccfc13545482dd6","<p style=""font-size: 60px; font-family: FragmentMono"">CGYAMURO</p>","","","training","","","","","","",""
"null","null","html-keyboard-response","185","278458","0.0-11.0-0.16","69ca93b861a695b1c1eec106","69cfc5a67eb051a242f7d83c","69d4e50d0ccfc13545482dd6","<p style=""font-size: 60px; font-family: FragmentMono"">CTSBIMVCM</p>","","","training","","","","","","",""
"null","null","html-keyboard-response","186","279474","0.0-11.0-0.17","69ca93b861a695b1c1eec106","69cfc5a67eb051a242f7d83c","69d4e50d0ccfc13545482dd6","<p style=""font-size: 60px; font-family: FragmentMono"">XPWJFJOEX</p>","","","training","","","","","","",""
"null","null","html-keyboard-response","187","280478","0.0-11.0-0.18","69ca93b861a695b1c1eec106","69cfc5a67eb051a242f7d83c","69d4e50d0ccfc13545482dd6","<p style=""font-size: 60px; font-family: FragmentMono"">QWVPXZBG</p>","","","training","","","","","","",""
"null","null","html-keyboard-response","188","281479","0.0-11.0-0.19","69ca93b861a695b1c1eec106","69cfc5a67eb051a242f7d83c","69d4e50d0ccfc13545482dd6","<p style=""font-size: 60px; font-family: FragmentMono"">EODBANKMT</p>","","","training","","","","","","",""
"null","null","html-keyboard-response","189","282489","0.0-11.0-0.20","69ca93b861a695b1c1eec106","69cfc5a67eb051a242f7d83c","69d4e50d0ccfc13545482dd6","<p style=""font-size: 60px; font-family: FragmentMono"">QKSPJOEX</p>","","","training","","","","","","",""
"null","null","html-keyboard-response","190","283497","0.0-11.0-0.21","69ca93b861a695b1c1eec106","69cfc5a67eb051a242f7d83c","69d4e50d0ccfc13545482dd6","<p style=""font-size: 60px; font-family: FragmentMono"">XPWJFNKMT</p>","","","training","","","","","","",""
"null","null","html-keyboard-response","191","284505","0.0-11.0-0.22","69ca93b861a695b1c1eec106","69cfc5a67eb051a242f7d83c","69d4e50d0ccfc13545482dd6","<p style=""font-size: 60px; font-family: FragmentMono"">CTSBIGQKI</p>","","","training","","","","","","",""
"null","null","html-keyboard-response","192","285514","0.0-11.0-0.23","69ca93b861a695b1c1eec106","69cfc5a67eb051a242f7d83c","69d4e50d0ccfc13545482dd6","<p style=""font-size: 60px; font-family: FragmentMono"">QWVPXHPS</p>","","","training","","","","","","",""
"null","null","html-keyboard-response","193","286521","0.0-11.0-0.24","69ca93b861a695b1c1eec106","69cfc5a67eb051a242f7d83c","69d4e50d0ccfc13545482dd6","<p style=""font-size: 60px; font-family: FragmentMono"">SHXVKGQKI</p>","","","training","","","","","","",""
"null","null","html-keyboard-response","194","287527","0.0-11.0-0.25","69ca93b861a695b1c1eec106","69cfc5a67eb051a242f7d83c","69d4e50d0ccfc13545482dd6","<p style=""font-size: 60px; font-family: FragmentMono"">WOFHJOEX</p>","","","training","","","","","","",""
"null","null","html-keyboard-response","195","288531","0.0-11.0-0.26","69ca93b861a695b1c1eec106","69cfc5a67eb051a242f7d83c","69d4e50d0ccfc13545482dd6","<p style=""font-size: 60px; font-family: FragmentMono"">XPWJFURO</p>","","","training","","","","","","",""
"null","null","html-keyboard-response","196","289537","0.0-11.0-0.27","69ca93b861a695b1c1eec106","69cfc5a67eb051a242f7d83c","69d4e50d0ccfc13545482dd6","<p style=""font-size: 60px; font-family: FragmentMono"">QWVPXJNO</p>","","","training","","","","","","",""
"null","null","html-keyboard-response","197","290541","0.0-11.0-0.28","69ca93b861a695b1c1eec106","69cfc5a67eb051a242f7d83c","69d4e50d0ccfc13545482dd6","<p style=""font-size: 60px; font-family: FragmentMono"">CTSBIZBG</p>","","","training","","","","","","",""
"null","null","html-keyboard-response","198","291547","0.0-11.0-0.29","69ca93b861a695b1c1eec106","69cfc5a67eb051a242f7d83c","69d4e50d0ccfc13545482dd6","<p style=""font-size: 60px; font-family: FragmentMono"">ZBTFMVCM</p>","","","training","","","","","","",""
"null","null","html-keyboard-response","199","292552","0.0-11.0-0.30","69ca93b861a695b1c1eec106","69cfc5a67eb051a242f7d83c","69d4e50d0ccfc13545482dd6","<p style=""font-size: 60px; font-family: FragmentMono"">ZUKXORXV</p>","","","training","","","","","","",""
"null","null","html-keyboard-response","200","293563","0.0-11.0-0.31","69ca93b861a695b1c1eec106","69cfc5a67eb051a242f7d83c","69d4e50d0ccfc13545482dd6","<p style=""font-size: 60px; font-family: FragmentMono"">EODBATUXE</p>","","","training","","","","","","",""
"null","null","html-keyboard-response","201","294574","0.0-11.0-0.32","69ca93b861a695b1c1eec106","69cfc5a67eb051a242f7d83c","69d4e50d0ccfc13545482dd6","<p style=""font-size: 60px; font-family: FragmentMono"">RCSCSJOEX</p>","","","training","","","","","","",""
"null","null","html-keyboard-response","202","295581","0.0-11.0-0.33","69ca93b861a695b1c1eec106","69cfc5a67eb051a242f7d83c","69d4e50d0ccfc13545482dd6","<p style=""font-size: 60px; font-family: FragmentMono"">YIDUNJNO</p>","","","training","","","","","","",""
"null","null","html-keyboard-response","203","296583","0.0-11.0-0.34","69ca93b861a695b1c1eec106","69cfc5a67eb051a242f7d83c","69d4e50d0ccfc13545482dd6","<p style=""font-size: 60px; font-family: FragmentMono"">NPVHKNKMT</p>","","","training","","","","","","",""
"null","null","html-keyboard-response","204","297593","0.0-11.0-0.35","69ca93b861a695b1c1eec106","69cfc5a67eb051a242f7d83c","69d4e50d0ccfc13545482dd6","<p style=""font-size: 60px; font-family: FragmentMono"">FZLFZBG</p>","","","training","","","","","","",""
"null","null","html-keyboard-response","205","298600","0.0-11.0-0.36","69ca93b861a695b1c1eec106","69cfc5a67eb051a242f7d83c","69d4e50d0ccfc13545482dd6","<p style=""font-size: 60px; font-family: FragmentMono"">VFZKDJOEX</p>","","","training","","","","","","",""
"null","null","html-keyboard-response","206","299613","0.0-11.0-0.37","69ca93b861a695b1c1eec106","69cfc5a67eb051a242f7d83c","69d4e50d0ccfc13545482dd6","<p style=""font-size: 60px; font-family: FragmentMono"">FZLFJNO</p>","","","training","","","","","","",""
"null","null","html-keyboard-response","207","300618","0.0-11.0-0.38","69ca93b861a695b1c1eec106","69cfc5a67eb051a242f7d83c","69d4e50d0ccfc13545482dd6","<p style=""font-size: 60px; font-family: FragmentMono"">RCSCSNKMT</p>","","","training","","","","","","",""
"null","null","html-keyboard-response","208","301627","0.0-11.0-0.39","69ca93b861a695b1c1eec106","69cfc5a67eb051a242f7d83c","69d4e50d0ccfc13545482dd6","<p style=""font-size: 60px; font-family: FragmentMono"">YKJSIMVCM</p>","","","training","","","","","","",""
"null","null","html-keyboard-response","209","302629","0.0-11.0-0.40","69ca93b861a695b1c1eec106","69cfc5a67eb051a242f7d83c","69d4e50d0ccfc13545482dd6","<p style=""font-size: 60px; font-family: FragmentMono"">EODBARXV</p>","","","training","","","","","","",""
"null","null","html-keyboard-response","210","303634","0.0-11.0-0.41","69ca93b861a695b1c1eec106","69cfc5a67eb051a242f7d83c","69d4e50d0ccfc13545482dd6","<p style=""font-size: 60px; font-family: FragmentMono"">ZBTFGQKI</p>","","","training","","","","","","",""
"null","null","html-keyboard-response","211","304644","0.0-11.0-0.42","69ca93b861a695b1c1eec106","69cfc5a67eb051a242f7d83c","69d4e50d0ccfc13545482dd6","<p style=""font-size: 60px; font-family: FragmentMono"">NPVHKRXV</p>","","","training","","","","","","",""
"null","null","html-keyboard-response","212","305649","0.0-11.0-0.43","69ca93b861a695b1c1eec106","69cfc5a67eb051a242f7d83c","69d4e50d0ccfc13545482dd6","<p style=""font-size: 60px; font-family: FragmentMono"">YKJSIHPS</p>","","","training","","","","","","",""
"null","null","html-keyboard-response","213","306662","0.0-11.0-0.44","69ca93b861a695b1c1eec106","69cfc5a67eb051a242f7d83c","69d4e50d0ccfc13545482dd6","<p style=""font-size: 60px; font-family: FragmentMono"">CGYAMRXV</p>","","","training","","","","","","",""
"null","null","html-keyboard-response","214","307669","0.0-11.0-0.45","69ca93b861a695b1c1eec106","69cfc5a67eb051a242f7d83c","69d4e50d0ccfc13545482dd6","<p style=""font-size: 60px; font-family: FragmentMono"">ZUKXOTUXE</p>","","","training","","","","","","",""
"null","null","html-keyboard-response","215","308674","0.0-11.0-0.46","69ca93b861a695b1c1eec106","69cfc5a67eb051a242f7d83c","69d4e50d0ccfc13545482dd6","<p style=""font-size: 60px; font-family: FragmentMono"">QWVPXMVCM</p>","","","training","","","","","","",""
"null","null","html-keyboard-response","216","309678","0.0-11.0-0.47","69ca93b861a695b1c1eec106","69cfc5a67eb051a242f7d83c","69d4e50d0ccfc13545482dd6","<p style=""font-size: 60px; font-family: FragmentMono"">QKSPNKMT</p>","","","training","","","","","","",""
"null","null","html-keyboard-response","217","310684","0.0-11.0-0.48","69ca93b861a695b1c1eec106","69cfc5a67eb051a242f7d83c","69d4e50d0ccfc13545482dd6","<p style=""font-size: 60px; font-family: FragmentMono"">WAEMIGQKI</p>","","","training","","","","","","",""
"null","null","html-keyboard-response","218","311692","0.0-11.0-0.49","69ca93b861a695b1c1eec106","69cfc5a67eb051a242f7d83c","69d4e50d0ccfc13545482dd6","<p style=""font-size: 60px; font-family: FragmentMono"">CGYAMJOEX</p>","","","training","","","","","","",""
"null","null","html-keyboard-response","219","312698","0.0-11.0-0.50","69ca93b861a695b1c1eec106","69cfc5a67eb051a242f7d83c","69d4e50d0ccfc13545482dd6","<p style=""font-size: 60px; font-family: FragmentMono"">UWQEONKMT</p>","","","training","","","","","","",""
"null","null","html-keyboard-response","220","313709","0.0-11.0-0.51","69ca93b861a695b1c1eec106","69cfc5a67eb051a242f7d83c","69d4e50d0ccfc13545482dd6","<p style=""font-size: 60px; font-family: FragmentMono"">ZBTFHPS</p>","","","training","","","","","","",""
"null","null","html-keyboard-response","221","314717","0.0-11.0-0.52","69ca93b861a695b1c1eec106","69cfc5a67eb051a242f7d83c","69d4e50d0ccfc13545482dd6","<p style=""font-size: 60px; font-family: FragmentMono"">CGYAMTUXE</p>","","","training","","","","","","",""
"null","null","html-keyboard-response","222","315724","0.0-11.0-0.53","69ca93b861a695b1c1eec106","69cfc5a67eb051a242f7d83c","69d4e50d0ccfc13545482dd6","<p style=""font-size: 60px; font-family: FragmentMono"">WOFHRXV</p>","","","training","","","","","","",""
"null","null","html-keyboard-response","223","316734","0.0-11.0-0.54","69ca93b861a695b1c1eec106","69cfc5a67eb051a242f7d83c","69d4e50d0ccfc13545482dd6","<p style=""font-size: 60px; font-family: FragmentMono"">VFZKDURO</p>","","","training","","","","","","",""
"null","null","html-keyboard-response","224","317735","0.0-11.0-0.55","69ca93b861a695b1c1eec106","69cfc5a67eb051a242f7d83c","69d4e50d0ccfc13545482dd6","<p style=""font-size: 60px; font-family: FragmentMono"">WAEMIZBG</p>","","","training","","","","","","",""
"null","null","html-keyboard-response","225","318743","0.0-11.0-0.56","69ca93b861a695b1c1eec106","69cfc5a67eb051a242f7d83c","69d4e50d0ccfc13545482dd6","<p style=""font-size: 60px; font-family: FragmentMono"">QKSPTUXE</p>","","","training","","","","","","",""
"null","null","html-keyboard-response","226","319753","0.0-11.0-0.57","69ca93b861a695b1c1eec106","69cfc5a67eb051a242f7d83c","69d4e50d0ccfc13545482dd6","<p style=""font-size: 60px; font-family: FragmentMono"">VFZKDNKMT</p>","","","training","","","","","","",""
"null","null","html-keyboard-response","227","320759","0.0-11.0-0.58","69ca93b861a695b1c1eec106","69cfc5a67eb051a242f7d83c","69d4e50d0ccfc13545482dd6","<p style=""font-size: 60px; font-family: FragmentMono"">RGWFWZBG</p>","","","training","","","","","","",""
"null","null","html-keyboard-response","228","321766","0.0-11.0-0.59","69ca93b861a695b1c1eec106","69cfc5a67eb051a242f7d83c","69d4e50d0ccfc13545482dd6","<p style=""font-size: 60px; font-family: FragmentMono"">NPVHKJOEX</p>","","","training","","","","","","",""
"null","null","html-keyboard-response","229","322778","0.0-11.0-0.60","69ca93b861a695b1c1eec106","69cfc5a67eb051a242f7d83c","69d4e50d0ccfc13545482dd6","<p style=""font-size: 60px; font-family: FragmentMono"">WOFHNKMT</p>","","","training","","","","","","",""
"null","null","html-keyboard-response","230","323793","0.0-11.0-0.61","69ca93b861a695b1c1eec106","69cfc5a67eb051a242f7d83c","69d4e50d0ccfc13545482dd6","<p style=""font-size: 60px; font-family: FragmentMono"">EODBAURO</p>","","","training","","","","","","",""
"null","null","html-keyboard-response","231","324797","0.0-11.0-0.62","69ca93b861a695b1c1eec106","69cfc5a67eb051a242f7d83c","69d4e50d0ccfc13545482dd6","<p style=""font-size: 60px; font-family: FragmentMono"">SHXVKMVCM</p>","","","training","","","","","","",""
"null","null","html-keyboard-response","232","325805","0.0-11.0-0.63","69ca93b861a695b1c1eec106","69cfc5a67eb051a242f7d83c","69d4e50d0ccfc13545482dd6","<p style=""font-size: 60px; font-family: FragmentMono"">UWQEOURO</p>","","","training","","","","","","",""
"null","null","html-keyboard-response","233","326813","0.0-11.0-0.64","69ca93b861a695b1c1eec106","69cfc5a67eb051a242f7d83c","69d4e50d0ccfc13545482dd6","<p style=""font-size: 60px; font-family: FragmentMono"">XPWJFTUXE</p>","","","training","","","","","","",""
"null","null","html-keyboard-response","234","327818","0.0-11.0-0.65","69ca93b861a695b1c1eec106","69cfc5a67eb051a242f7d83c","69d4e50d0ccfc13545482dd6","<p style=""font-size: 60px; font-family: FragmentMono"">NOQIGQKI</p>","","","training","","","","","","",""
"null","null","html-keyboard-response","235","328826","0.0-11.0-0.66","69ca93b861a695b1c1eec106","69cfc5a67eb051a242f7d83c","69d4e50d0ccfc13545482dd6","<p style=""font-size: 60px; font-family: FragmentMono"">ZBTFZBG</p>","","","training","","","","","","",""
"null","null","html-keyboard-response","236","329837","0.0-11.0-0.67","69ca93b861a695b1c1eec106","69cfc5a67eb051a242f7d83c","69d4e50d0ccfc13545482dd6","<p style=""font-size: 60px; font-family: FragmentMono"">CTSBIJNO</p>","","","training","","","","","","",""
"null","null","html-keyboard-response","237","330839","0.0-11.0-0.68","69ca93b861a695b1c1eec106","69cfc5a67eb051a242f7d83c","69d4e50d0ccfc13545482dd6","<p style=""font-size: 60px; font-family: FragmentMono"">RCSCSTUXE</p>","","","training","","","","","","",""
"null","null","html-keyboard-response","238","331850","0.0-11.0-0.69","69ca93b861a695b1c1eec106","69cfc5a67eb051a242f7d83c","69d4e50d0ccfc13545482dd6","<p style=""font-size: 60px; font-family: FragmentMono"">FZLFGQKI</p>","","","training","","","","","","",""
"null","null","html-keyboard-response","239","332854","0.0-11.0-0.70","69ca93b861a695b1c1eec106","69cfc5a67eb051a242f7d83c","69d4e50d0ccfc13545482dd6","<p style=""font-size: 60px; font-family: FragmentMono"">YKJSIJNO</p>","","","training","","","","","","",""
"null","null","html-keyboard-response","240","333859","0.0-11.0-0.71","69ca93b861a695b1c1eec106","69cfc5a67eb051a242f7d83c","69d4e50d0ccfc13545482dd6","<p style=""font-size: 60px; font-family: FragmentMono"">SHXVKZBG</p>","","","training","","","","","","",""
"null","null","html-keyboard-response","241","334866","0.0-11.0-0.72","69ca93b861a695b1c1eec106","69cfc5a67eb051a242f7d83c","69d4e50d0ccfc13545482dd6","<p style=""font-size: 60px; font-family: FragmentMono"">RGWFWGQKI</p>","","","training","","","","","","",""
"null","null","html-keyboard-response","242","335873","0.0-11.0-0.73","69ca93b861a695b1c1eec106","69cfc5a67eb051a242f7d83c","69d4e50d0ccfc13545482dd6","<p style=""font-size: 60px; font-family: FragmentMono"">SHXVKHPS</p>","","","training","","","","","","",""
"null","null","html-keyboard-response","243","336881","0.0-11.0-0.74","69ca93b861a695b1c1eec106","69cfc5a67eb051a242f7d83c","69d4e50d0ccfc13545482dd6","<p style=""font-size: 60px; font-family: FragmentMono"">NOQIMVCM</p>","","","training","","","","","","",""
"null","null","html-keyboard-response","244","337893","0.0-11.0-0.75","69ca93b861a695b1c1eec106","69cfc5a67eb051a242f7d83c","69d4e50d0ccfc13545482dd6","<p style=""font-size: 60px; font-family: FragmentMono"">RGWFWJNO</p>","","","training","","","","","","",""
"null","null","html-keyboard-response","245","338901","0.0-11.0-0.76","69ca93b861a695b1c1eec106","69cfc5a67eb051a242f7d83c","69d4e50d0ccfc13545482dd6","<p style=""font-size: 60px; font-family: FragmentMono"">YIDUNHPS</p>","","","training","","","","","","",""
"null","null","html-keyboard-response","246","339910","0.0-11.0-0.77","69ca93b861a695b1c1eec106","69cfc5a67eb051a242f7d83c","69d4e50d0ccfc13545482dd6","<p style=""font-size: 60px; font-family: FragmentMono"">UWQEORXV</p>","","","training","","","","","","",""
"null","null","html-keyboard-response","247","340917","0.0-11.0-0.78","69ca93b861a695b1c1eec106","69cfc5a67eb051a242f7d83c","69d4e50d0ccfc13545482dd6","<p style=""font-size: 60px; font-family: FragmentMono"">ZUKXOURO</p>","","","training","","","","","","",""
"null","null","html-keyboard-response","248","341927","0.0-11.0-0.79","69ca93b861a695b1c1eec106","69cfc5a67eb051a242f7d83c","69d4e50d0ccfc13545482dd6","<p style=""font-size: 60px; font-family: FragmentMono"">YIDUNMVCM</p>","","","training","","","","","","",""
"3269"," ","html-keyboard-response","249","345197","0.0-12.0","69ca93b861a695b1c1eec106","69cfc5a67eb051a242f7d83c","69d4e50d0ccfc13545482dd6","<p style=""font-size: 30px"">Great, you've seen the third block of words. You may now take a short break.</p>
      <p style=""font-size: 30px"">Press the spacebar when you're ready to continue.</p>","","","","","","","","","",""
"null","null","html-keyboard-response","250","346212","0.0-13.0-0.0","69ca93b861a695b1c1eec106","69cfc5a67eb051a242f7d83c","69d4e50d0ccfc13545482dd6","<p style=""font-size: 60px; font-family: FragmentMono"">QWVPXZBG</p>","","","training","","","","","","",""
"null","null","html-keyboard-response","251","347222","0.0-13.0-0.1","69ca93b861a695b1c1eec106","69cfc5a67eb051a242f7d83c","69d4e50d0ccfc13545482dd6","<p style=""font-size: 60px; font-family: FragmentMono"">QKSPURO</p>","","","training","","","","","","",""
"null","null","html-keyboard-response","252","348229","0.0-13.0-0.2","69ca93b861a695b1c1eec106","69cfc5a67eb051a242f7d83c","69d4e50d0ccfc13545482dd6","<p style=""font-size: 60px; font-family: FragmentMono"">SHXVKZBG</p>","","","training","","","","","","",""
"null","null","html-keyboard-response","253","349234","0.0-13.0-0.3","69ca93b861a695b1c1eec106","69cfc5a67eb051a242f7d83c","69d4e50d0ccfc13545482dd6","<p style=""font-size: 60px; font-family: FragmentMono"">WOFHJOEX</p>","","","training","","","","","","",""
"null","null","html-keyboard-response","254","350239","0.0-13.0-0.4","69ca93b861a695b1c1eec106","69cfc5a67eb051a242f7d83c","69d4e50d0ccfc13545482dd6","<p style=""font-size: 60px; font-family: FragmentMono"">NOQIJNO</p>","","","training","","","","","","",""
"null","null","html-keyboard-response","255","351245","0.0-13.0-0.5","69ca93b861a695b1c1eec106","69cfc5a67eb051a242f7d83c","69d4e50d0ccfc13545482dd6","<p style=""font-size: 60px; font-family: FragmentMono"">VFZKDJOEX</p>","","","training","","","","","","",""
"null","null","html-keyboard-response","256","352250","0.0-13.0-0.6","69ca93b861a695b1c1eec106","69cfc5a67eb051a242f7d83c","69d4e50d0ccfc13545482dd6","<p style=""font-size: 60px; font-family: FragmentMono"">SHXVKHPS</p>","","","training","","","","","","",""
"null","null","html-keyboard-response","257","353266","0.0-13.0-0.7","69ca93b861a695b1c1eec106","69cfc5a67eb051a242f7d83c","69d4e50d0ccfc13545482dd6","<p style=""font-size: 60px; font-family: FragmentMono"">RGWFWGQKI</p>","","","training","","","","","","",""
"null","null","html-keyboard-response","258","354273","0.0-13.0-0.8","69ca93b861a695b1c1eec106","69cfc5a67eb051a242f7d83c","69d4e50d0ccfc13545482dd6","<p style=""font-size: 60px; font-family: FragmentMono"">FZLFJNO</p>","","","training","","","","","","",""
"null","null","html-keyboard-response","259","355281","0.0-13.0-0.9","69ca93b861a695b1c1eec106","69cfc5a67eb051a242f7d83c","69d4e50d0ccfc13545482dd6","<p style=""font-size: 60px; font-family: FragmentMono"">UWQEORXV</p>","","","training","","","","","","",""
"null","null","html-keyboard-response","260","356291","0.0-13.0-0.10","69ca93b861a695b1c1eec106","69cfc5a67eb051a242f7d83c","69d4e50d0ccfc13545482dd6","<p style=""font-size: 60px; font-family: FragmentMono"">ZBTFMVCM</p>","","","training","","","","","","",""
"null","null","html-keyboard-response","261","357304","0.0-13.0-0.11","69ca93b861a695b1c1eec106","69cfc5a67eb051a242f7d83c","69d4e50d0ccfc13545482dd6","<p style=""font-size: 60px; font-family: FragmentMono"">NOQIHPS</p>","","","training","","","","","","",""
"null","null","html-keyboard-response","262","358305","0.0-13.0-0.12","69ca93b861a695b1c1eec106","69cfc5a67eb051a242f7d83c","69d4e50d0ccfc13545482dd6","<p style=""font-size: 60px; font-family: FragmentMono"">YKJSIZBG</p>","","","training","","","","","","",""
"null","null","html-keyboard-response","263","359307","0.0-13.0-0.13","69ca93b861a695b1c1eec106","69cfc5a67eb051a242f7d83c","69d4e50d0ccfc13545482dd6","<p style=""font-size: 60px; font-family: FragmentMono"">EODBAURO</p>","","","training","","","","","","",""
"null","null","html-keyboard-response","264","360308","0.0-13.0-0.14","69ca93b861a695b1c1eec106","69cfc5a67eb051a242f7d83c","69d4e50d0ccfc13545482dd6","<p style=""font-size: 60px; font-family: FragmentMono"">YKJSIMVCM</p>","","","training","","","","","","",""
"null","null","html-keyboard-response","265","361310","0.0-13.0-0.15","69ca93b861a695b1c1eec106","69cfc5a67eb051a242f7d83c","69d4e50d0ccfc13545482dd6","<p style=""font-size: 60px; font-family: FragmentMono"">ZUKXOJOEX</p>","","","training","","","","","","",""
"null","null","html-keyboard-response","266","362314","0.0-13.0-0.16","69ca93b861a695b1c1eec106","69cfc5a67eb051a242f7d83c","69d4e50d0ccfc13545482dd6","<p style=""font-size: 60px; font-family: FragmentMono"">NOQIMVCM</p>","","","training","","","","","","",""
"null","null","html-keyboard-response","267","363320","0.0-13.0-0.17","69ca93b861a695b1c1eec106","69cfc5a67eb051a242f7d83c","69d4e50d0ccfc13545482dd6","<p style=""font-size: 60px; font-family: FragmentMono"">UWQEOTUXE</p>","","","training","","","","","","",""
"null","null","html-keyboard-response","268","364321","0.0-13.0-0.18","69ca93b861a695b1c1eec106","69cfc5a67eb051a242f7d83c","69d4e50d0ccfc13545482dd6","<p style=""font-size: 60px; font-family: FragmentMono"">YKJSIHPS</p>","","","training","","","","","","",""
"null","null","html-keyboard-response","269","365323","0.0-13.0-0.19","69ca93b861a695b1c1eec106","69cfc5a67eb051a242f7d83c","69d4e50d0ccfc13545482dd6","<p style=""font-size: 60px; font-family: FragmentMono"">SHXVKGQKI</p>","","","training","","","","","","",""
"null","null","html-keyboard-response","270","366324","0.0-13.0-0.20","69ca93b861a695b1c1eec106","69cfc5a67eb051a242f7d83c","69d4e50d0ccfc13545482dd6","<p style=""font-size: 60px; font-family: FragmentMono"">NPVHKRXV</p>","","","training","","","","","","",""
"null","null","html-keyboard-response","271","367327","0.0-13.0-0.21","69ca93b861a695b1c1eec106","69cfc5a67eb051a242f7d83c","69d4e50d0ccfc13545482dd6","<p style=""font-size: 60px; font-family: FragmentMono"">SHXVKMVCM</p>","","","training","","","","","","",""
"null","null","html-keyboard-response","272","368336","0.0-13.0-0.22","69ca93b861a695b1c1eec106","69cfc5a67eb051a242f7d83c","69d4e50d0ccfc13545482dd6","<p style=""font-size: 60px; font-family: FragmentMono"">VFZKDNKMT</p>","","","training","","","","","","",""
"null","null","html-keyboard-response","273","369340","0.0-13.0-0.23","69ca93b861a695b1c1eec106","69cfc5a67eb051a242f7d83c","69d4e50d0ccfc13545482dd6","<p style=""font-size: 60px; font-family: FragmentMono"">WAEMIHPS</p>","","","training","","","","","","",""
"null","null","html-keyboard-response","274","370348","0.0-13.0-0.24","69ca93b861a695b1c1eec106","69cfc5a67eb051a242f7d83c","69d4e50d0ccfc13545482dd6","<p style=""font-size: 60px; font-family: FragmentMono"">QWVPXJNO</p>","","","training","","","","","","",""
"null","null","html-keyboard-response","275","371350","0.0-13.0-0.25","69ca93b861a695b1c1eec106","69cfc5a67eb051a242f7d83c","69d4e50d0ccfc13545482dd6","<p style=""font-size: 60px; font-family: FragmentMono"">YIDUNHPS</p>","","","training","","","","","","",""
"null","null","html-keyboard-response","276","372358","0.0-13.0-0.26","69ca93b861a695b1c1eec106","69cfc5a67eb051a242f7d83c","69d4e50d0ccfc13545482dd6","<p style=""font-size: 60px; font-family: FragmentMono"">EODBARXV</p>","","","training","","","","","","",""
"null","null","html-keyboard-response","277","373365","0.0-13.0-0.27","69ca93b861a695b1c1eec106","69cfc5a67eb051a242f7d83c","69d4e50d0ccfc13545482dd6","<p style=""font-size: 60px; font-family: FragmentMono"">CGYAMJOEX</p>","","","training","","","","","","",""
"null","null","html-keyboard-response","278","374382","0.0-13.0-0.28","69ca93b861a695b1c1eec106","69cfc5a67eb051a242f7d83c","69d4e50d0ccfc13545482dd6","<p style=""font-size: 60px; font-family: FragmentMono"">WOFHTUXE</p>","","","training","","","","","","",""
"null","null","html-keyboard-response","279","375389","0.0-13.0-0.29","69ca93b861a695b1c1eec106","69cfc5a67eb051a242f7d83c","69d4e50d0ccfc13545482dd6","<p style=""font-size: 60px; font-family: FragmentMono"">RCSCSJOEX</p>","","","training","","","","","","",""
"null","null","html-keyboard-response","280","376395","0.0-13.0-0.30","69ca93b861a695b1c1eec106","69cfc5a67eb051a242f7d83c","69d4e50d0ccfc13545482dd6","<p style=""font-size: 60px; font-family: FragmentMono"">ZBTFZBG</p>","","","training","","","","","","",""
"null","null","html-keyboard-response","281","377404","0.0-13.0-0.31","69ca93b861a695b1c1eec106","69cfc5a67eb051a242f7d83c","69d4e50d0ccfc13545482dd6","<p style=""font-size: 60px; font-family: FragmentMono"">QWVPXMVCM</p>","","","training","","","","","","",""
"null","null","html-keyboard-response","282","378411","0.0-13.0-0.32","69ca93b861a695b1c1eec106","69cfc5a67eb051a242f7d83c","69d4e50d0ccfc13545482dd6","<p style=""font-size: 60px; font-family: FragmentMono"">XPWJFURO</p>","","","training","","","","","","",""
"null","null","html-keyboard-response","283","379416","0.0-13.0-0.33","69ca93b861a695b1c1eec106","69cfc5a67eb051a242f7d83c","69d4e50d0ccfc13545482dd6","<p style=""font-size: 60px; font-family: FragmentMono"">QKSPTUXE</p>","","","training","","","","","","",""
"null","null","html-keyboard-response","284","380425","0.0-13.0-0.34","69ca93b861a695b1c1eec106","69cfc5a67eb051a242f7d83c","69d4e50d0ccfc13545482dd6","<p style=""font-size: 60px; font-family: FragmentMono"">WAEMIZBG</p>","","","training","","","","","","",""
"null","null","html-keyboard-response","285","381439","0.0-13.0-0.35","69ca93b861a695b1c1eec106","69cfc5a67eb051a242f7d83c","69d4e50d0ccfc13545482dd6","<p style=""font-size: 60px; font-family: FragmentMono"">ZUKXORXV</p>","","","training","","","","","","",""
"null","null","html-keyboard-response","286","382448","0.0-13.0-0.36","69ca93b861a695b1c1eec106","69cfc5a67eb051a242f7d83c","69d4e50d0ccfc13545482dd6","<p style=""font-size: 60px; font-family: FragmentMono"">RGWFWZBG</p>","","","training","","","","","","",""
"null","null","html-keyboard-response","287","383450","0.0-13.0-0.37","69ca93b861a695b1c1eec106","69cfc5a67eb051a242f7d83c","69d4e50d0ccfc13545482dd6","<p style=""font-size: 60px; font-family: FragmentMono"">ZUKXOURO</p>","","","training","","","","","","",""
"null","null","html-keyboard-response","288","384460","0.0-13.0-0.38","69ca93b861a695b1c1eec106","69cfc5a67eb051a242f7d83c","69d4e50d0ccfc13545482dd6","<p style=""font-size: 60px; font-family: FragmentMono"">RGWFWJNO</p>","","","training","","","","","","",""
"null","null","html-keyboard-response","289","385461","0.0-13.0-0.39","69ca93b861a695b1c1eec106","69cfc5a67eb051a242f7d83c","69d4e50d0ccfc13545482dd6","<p style=""font-size: 60px; font-family: FragmentMono"">CGYAMRXV</p>","","","training","","","","","","",""
"null","null","html-keyboard-response","290","386469","0.0-13.0-0.40","69ca93b861a695b1c1eec106","69cfc5a67eb051a242f7d83c","69d4e50d0ccfc13545482dd6","<p style=""font-size: 60px; font-family: FragmentMono"">ZBTFGQKI</p>","","","training","","","","","","",""
"null","null","html-keyboard-response","291","387475","0.0-13.0-0.41","69ca93b861a695b1c1eec106","69cfc5a67eb051a242f7d83c","69d4e50d0ccfc13545482dd6","<p style=""font-size: 60px; font-family: FragmentMono"">VFZKDRXV</p>","","","training","","","","","","",""
"null","null","html-keyboard-response","292","388483","0.0-13.0-0.42","69ca93b861a695b1c1eec106","69cfc5a67eb051a242f7d83c","69d4e50d0ccfc13545482dd6","<p style=""font-size: 60px; font-family: FragmentMono"">ZUKXOTUXE</p>","","","training","","","","","","",""
"null","null","html-keyboard-response","293","389494","0.0-13.0-0.43","69ca93b861a695b1c1eec106","69cfc5a67eb051a242f7d83c","69d4e50d0ccfc13545482dd6","<p style=""font-size: 60px; font-family: FragmentMono"">RCSCSRXV</p>","","","training","","","","","","",""
"null","null","html-keyboard-response","294","390500","0.0-13.0-0.44","69ca93b861a695b1c1eec106","69cfc5a67eb051a242f7d83c","69d4e50d0ccfc13545482dd6","<p style=""font-size: 60px; font-family: FragmentMono"">VFZKDURO</p>","","","training","","","","","","",""
"null","null","html-keyboard-response","295","391507","0.0-13.0-0.45","69ca93b861a695b1c1eec106","69cfc5a67eb051a242f7d83c","69d4e50d0ccfc13545482dd6","<p style=""font-size: 60px; font-family: FragmentMono"">WAEMIJNO</p>","","","training","","","","","","",""
"null","null","html-keyboard-response","296","392513","0.0-13.0-0.46","69ca93b861a695b1c1eec106","69cfc5a67eb051a242f7d83c","69d4e50d0ccfc13545482dd6","<p style=""font-size: 60px; font-family: FragmentMono"">QKSPNKMT</p>","","","training","","","","","","",""
"null","null","html-keyboard-response","297","393516","0.0-13.0-0.47","69ca93b861a695b1c1eec106","69cfc5a67eb051a242f7d83c","69d4e50d0ccfc13545482dd6","<p style=""font-size: 60px; font-family: FragmentMono"">UWQEOURO</p>","","","training","","","","","","",""
"null","null","html-keyboard-response","298","394523","0.0-13.0-0.48","69ca93b861a695b1c1eec106","69cfc5a67eb051a242f7d83c","69d4e50d0ccfc13545482dd6","<p style=""font-size: 60px; font-family: FragmentMono"">RCSCSTUXE</p>","","","training","","","","","","",""
"null","null","html-keyboard-response","299","395526","0.0-13.0-0.49","69ca93b861a695b1c1eec106","69cfc5a67eb051a242f7d83c","69d4e50d0ccfc13545482dd6","<p style=""font-size: 60px; font-family: FragmentMono"">ZBTFHPS</p>","","","training","","","","","","",""
"null","null","html-keyboard-response","300","396528","0.0-13.0-0.50","69ca93b861a695b1c1eec106","69cfc5a67eb051a242f7d83c","69d4e50d0ccfc13545482dd6","<p style=""font-size: 60px; font-family: FragmentMono"">NPVHKURO</p>","","","training","","","","","","",""
"null","null","html-keyboard-response","301","397537","0.0-13.0-0.51","69ca93b861a695b1c1eec106","69cfc5a67eb051a242f7d83c","69d4e50d0ccfc13545482dd6","<p style=""font-size: 60px; font-family: FragmentMono"">XPWJFNKMT</p>","","","training","","","","","","",""
"null","null","html-keyboard-response","302","398540","0.0-13.0-0.52","69ca93b861a695b1c1eec106","69cfc5a67eb051a242f7d83c","69d4e50d0ccfc13545482dd6","<p style=""font-size: 60px; font-family: FragmentMono"">CGYAMTUXE</p>","","","training","","","","","","",""
"null","null","html-keyboard-response","303","399547","0.0-13.0-0.53","69ca93b861a695b1c1eec106","69cfc5a67eb051a242f7d83c","69d4e50d0ccfc13545482dd6","<p style=""font-size: 60px; font-family: FragmentMono"">YKJSIJNO</p>","","","training","","","","","","",""
"null","null","html-keyboard-response","304","400548","0.0-13.0-0.54","69ca93b861a695b1c1eec106","69cfc5a67eb051a242f7d83c","69d4e50d0ccfc13545482dd6","<p style=""font-size: 60px; font-family: FragmentMono"">EODBATUXE</p>","","","training","","","","","","",""
"null","null","html-keyboard-response","305","401549","0.0-13.0-0.55","69ca93b861a695b1c1eec106","69cfc5a67eb051a242f7d83c","69d4e50d0ccfc13545482dd6","<p style=""font-size: 60px; font-family: FragmentMono"">CTSBIMVCM</p>","","","training","","","","","","",""
"null","null","html-keyboard-response","306","402564","0.0-13.0-0.56","69ca93b861a695b1c1eec106","69cfc5a67eb051a242f7d83c","69d4e50d0ccfc13545482dd6","<p style=""font-size: 60px; font-family: FragmentMono"">RCSCSNKMT</p>","","","training","","","","","","",""
"null","null","html-keyboard-response","307","403565","0.0-13.0-0.57","69ca93b861a695b1c1eec106","69cfc5a67eb051a242f7d83c","69d4e50d0ccfc13545482dd6","<p style=""font-size: 60px; font-family: FragmentMono"">WAEMIGQKI</p>","","","training","","","","","","",""
"null","null","html-keyboard-response","308","404572","0.0-13.0-0.58","69ca93b861a695b1c1eec106","69cfc5a67eb051a242f7d83c","69d4e50d0ccfc13545482dd6","<p style=""font-size: 60px; font-family: FragmentMono"">RGWFWMVCM</p>","","","training","","","","","","",""
"null","null","html-keyboard-response","309","405581","0.0-13.0-0.59","69ca93b861a695b1c1eec106","69cfc5a67eb051a242f7d83c","69d4e50d0ccfc13545482dd6","<p style=""font-size: 60px; font-family: FragmentMono"">WOFHNKMT</p>","","","training","","","","","","",""
"null","null","html-keyboard-response","310","406586","0.0-13.0-0.60","69ca93b861a695b1c1eec106","69cfc5a67eb051a242f7d83c","69d4e50d0ccfc13545482dd6","<p style=""font-size: 60px; font-family: FragmentMono"">QWVPXHPS</p>","","","training","","","","","","",""
"null","null","html-keyboard-response","311","407590","0.0-13.0-0.61","69ca93b861a695b1c1eec106","69cfc5a67eb051a242f7d83c","69d4e50d0ccfc13545482dd6","<p style=""font-size: 60px; font-family: FragmentMono"">YIDUNJNO</p>","","","training","","","","","","",""
"null","null","html-keyboard-response","312","408594","0.0-13.0-0.62","69ca93b861a695b1c1eec106","69cfc5a67eb051a242f7d83c","69d4e50d0ccfc13545482dd6","<p style=""font-size: 60px; font-family: FragmentMono"">QKSPJOEX</p>","","","training","","","","","","",""
"null","null","html-keyboard-response","313","409603","0.0-13.0-0.63","69ca93b861a695b1c1eec106","69cfc5a67eb051a242f7d83c","69d4e50d0ccfc13545482dd6","<p style=""font-size: 60px; font-family: FragmentMono"">XPWJFTUXE</p>","","","training","","","","","","",""
"null","null","html-keyboard-response","314","410607","0.0-13.0-0.64","69ca93b861a695b1c1eec106","69cfc5a67eb051a242f7d83c","69d4e50d0ccfc13545482dd6","<p style=""font-size: 60px; font-family: FragmentMono"">NPVHKJOEX</p>","","","training","","","","","","",""
"null","null","html-keyboard-response","315","411620","0.0-13.0-0.65","69ca93b861a695b1c1eec106","69cfc5a67eb051a242f7d83c","69d4e50d0ccfc13545482dd6","<p style=""font-size: 60px; font-family: FragmentMono"">CGYAMURO</p>","","","training","","","","","","",""
"null","null","html-keyboard-response","316","412633","0.0-13.0-0.66","69ca93b861a695b1c1eec106","69cfc5a67eb051a242f7d83c","69d4e50d0ccfc13545482dd6","<p style=""font-size: 60px; font-family: FragmentMono"">XPWJFJOEX</p>","","","training","","","","","","",""
"null","null","html-keyboard-response","317","413644","0.0-13.0-0.67","69ca93b861a695b1c1eec106","69cfc5a67eb051a242f7d83c","69d4e50d0ccfc13545482dd6","<p style=""font-size: 60px; font-family: FragmentMono"">EODBANKMT</p>","","","training","","","","","","",""
"null","null","html-keyboard-response","318","414647","0.0-13.0-0.68","69ca93b861a695b1c1eec106","69cfc5a67eb051a242f7d83c","69d4e50d0ccfc13545482dd6","<p style=""font-size: 60px; font-family: FragmentMono"">FZLFGQKI</p>","","","training","","","","","","",""
"null","null","html-keyboard-response","319","415657","0.0-13.0-0.69","69ca93b861a695b1c1eec106","69cfc5a67eb051a242f7d83c","69d4e50d0ccfc13545482dd6","<p style=""font-size: 60px; font-family: FragmentMono"">CTSBIJNO</p>","","","training","","","","","","",""
"null","null","html-keyboard-response","320","416659","0.0-13.0-0.70","69ca93b861a695b1c1eec106","69cfc5a67eb051a242f7d83c","69d4e50d0ccfc13545482dd6","<p style=""font-size: 60px; font-family: FragmentMono"">FZLFHPS</p>","","","training","","","","","","",""
"null","null","html-keyboard-response","321","417667","0.0-13.0-0.71","69ca93b861a695b1c1eec106","69cfc5a67eb051a242f7d83c","69d4e50d0ccfc13545482dd6","<p style=""font-size: 60px; font-family: FragmentMono"">WOFHRXV</p>","","","training","","","","","","",""
"null","null","html-keyboard-response","322","418669","0.0-13.0-0.72","69ca93b861a695b1c1eec106","69cfc5a67eb051a242f7d83c","69d4e50d0ccfc13545482dd6","<p style=""font-size: 60px; font-family: FragmentMono"">UWQEONKMT</p>","","","training","","","","","","",""
"null","null","html-keyboard-response","323","419673","0.0-13.0-0.73","69ca93b861a695b1c1eec106","69cfc5a67eb051a242f7d83c","69d4e50d0ccfc13545482dd6","<p style=""font-size: 60px; font-family: FragmentMono"">YIDUNGQKI</p>","","","training","","","","","","",""
"null","null","html-keyboard-response","324","420678","0.0-13.0-0.74","69ca93b861a695b1c1eec106","69cfc5a67eb051a242f7d83c","69d4e50d0ccfc13545482dd6","<p style=""font-size: 60px; font-family: FragmentMono"">CTSBIZBG</p>","","","training","","","","","","",""
"null","null","html-keyboard-response","325","421682","0.0-13.0-0.75","69ca93b861a695b1c1eec106","69cfc5a67eb051a242f7d83c","69d4e50d0ccfc13545482dd6","<p style=""font-size: 60px; font-family: FragmentMono"">NOQIGQKI</p>","","","training","","","","","","",""
"null","null","html-keyboard-response","326","422694","0.0-13.0-0.76","69ca93b861a695b1c1eec106","69cfc5a67eb051a242f7d83c","69d4e50d0ccfc13545482dd6","<p style=""font-size: 60px; font-family: FragmentMono"">YIDUNMVCM</p>","","","training","","","","","","",""
"null","null","html-keyboard-response","327","423699","0.0-13.0-0.77","69ca93b861a695b1c1eec106","69cfc5a67eb051a242f7d83c","69d4e50d0ccfc13545482dd6","<p style=""font-size: 60px; font-family: FragmentMono"">FZLFZBG</p>","","","training","","","","","","",""
"null","null","html-keyboard-response","328","424707","0.0-13.0-0.78","69ca93b861a695b1c1eec106","69cfc5a67eb051a242f7d83c","69d4e50d0ccfc13545482dd6","<p style=""font-size: 60px; font-family: FragmentMono"">NPVHKNKMT</p>","","","training","","","","","","",""
"null","null","html-keyboard-response","329","425709","0.0-13.0-0.79","69ca93b861a695b1c1eec106","69cfc5a67eb051a242f7d83c","69d4e50d0ccfc13545482dd6","<p style=""font-size: 60px; font-family: FragmentMono"">CTSBIGQKI</p>","","","training","","","","","","",""
"3384"," ","html-keyboard-response","330","429094","0.0-14.0","69ca93b861a695b1c1eec106","69cfc5a67eb051a242f7d83c","69d4e50d0ccfc13545482dd6","<p style=""font-size: 30px"">Great, you've seen the fourth block of words. You may now take a short break.</p>
      <p style=""font-size: 30px"">Press the spacebar when you're ready to continue.</p>","","","","","","","","","",""
"null","null","html-keyboard-response","331","430106","0.0-15.0-0.0","69ca93b861a695b1c1eec106","69cfc5a67eb051a242f7d83c","69d4e50d0ccfc13545482dd6","<p style=""font-size: 60px; font-family: FragmentMono"">CGYAMURO</p>","","","training","","","","","","",""
"null","null","html-keyboard-response","332","431123","0.0-15.0-0.1","69ca93b861a695b1c1eec106","69cfc5a67eb051a242f7d83c","69d4e50d0ccfc13545482dd6","<p style=""font-size: 60px; font-family: FragmentMono"">WOFHTUXE</p>","","","training","","","","","","",""
"null","null","html-keyboard-response","333","432126","0.0-15.0-0.2","69ca93b861a695b1c1eec106","69cfc5a67eb051a242f7d83c","69d4e50d0ccfc13545482dd6","<p style=""font-size: 60px; font-family: FragmentMono"">EODBARXV</p>","","","training","","","","","","",""
"null","null","html-keyboard-response","334","433130","0.0-15.0-0.3","69ca93b861a695b1c1eec106","69cfc5a67eb051a242f7d83c","69d4e50d0ccfc13545482dd6","<p style=""font-size: 60px; font-family: FragmentMono"">UWQEOURO</p>","","","training","","","","","","",""
"null","null","html-keyboard-response","335","434138","0.0-15.0-0.4","69ca93b861a695b1c1eec106","69cfc5a67eb051a242f7d83c","69d4e50d0ccfc13545482dd6","<p style=""font-size: 60px; font-family: FragmentMono"">YIDUNGQKI</p>","","","training","","","","","","",""
"null","null","html-keyboard-response","336","435141","0.0-15.0-0.5","69ca93b861a695b1c1eec106","69cfc5a67eb051a242f7d83c","69d4e50d0ccfc13545482dd6","<p style=""font-size: 60px; font-family: FragmentMono"">RCSCSNKMT</p>","","","training","","","","","","",""
"null","null","html-keyboard-response","337","436149","0.0-15.0-0.6","69ca93b861a695b1c1eec106","69cfc5a67eb051a242f7d83c","69d4e50d0ccfc13545482dd6","<p style=""font-size: 60px; font-family: FragmentMono"">EODBATUXE</p>","","","training","","","","","","",""
"null","null","html-keyboard-response","338","437159","0.0-15.0-0.7","69ca93b861a695b1c1eec106","69cfc5a67eb051a242f7d83c","69d4e50d0ccfc13545482dd6","<p style=""font-size: 60px; font-family: FragmentMono"">YKJSIJNO</p>","","","training","","","","","","",""
"null","null","html-keyboard-response","339","438163","0.0-15.0-0.8","69ca93b861a695b1c1eec106","69cfc5a67eb051a242f7d83c","69d4e50d0ccfc13545482dd6","<p style=""font-size: 60px; font-family: FragmentMono"">VFZKDNKMT</p>","","","training","","","","","","",""
"null","null","html-keyboard-response","340","439172","0.0-15.0-0.9","69ca93b861a695b1c1eec106","69cfc5a67eb051a242f7d83c","69d4e50d0ccfc13545482dd6","<p style=""font-size: 60px; font-family: FragmentMono"">UWQEORXV</p>","","","training","","","","","","",""
"null","null","html-keyboard-response","341","440179","0.0-15.0-0.10","69ca93b861a695b1c1eec106","69cfc5a67eb051a242f7d83c","69d4e50d0ccfc13545482dd6","<p style=""font-size: 60px; font-family: FragmentMono"">QWVPXHPS</p>","","","training","","","","","","",""
"null","null","html-keyboard-response","342","441183","0.0-15.0-0.11","69ca93b861a695b1c1eec106","69cfc5a67eb051a242f7d83c","69d4e50d0ccfc13545482dd6","<p style=""font-size: 60px; font-family: FragmentMono"">WAEMIZBG</p>","","","training","","","","","","",""
"null","null","html-keyboard-response","343","442189","0.0-15.0-0.12","69ca93b861a695b1c1eec106","69cfc5a67eb051a242f7d83c","69d4e50d0ccfc13545482dd6","<p style=""font-size: 60px; font-family: FragmentMono"">CTSBIMVCM</p>","","","training","","","","","","",""
"null","null","html-keyboard-response","344","443201","0.0-15.0-0.13","69ca93b861a695b1c1eec106","69cfc5a67eb051a242f7d83c","69d4e50d0ccfc13545482dd6","<p style=""font-size: 60px; font-family: FragmentMono"">NPVHKNKMT</p>","","","training","","","","","","",""
"null","null","html-keyboard-response","345","444211","0.0-15.0-0.14","69ca93b861a695b1c1eec106","69cfc5a67eb051a242f7d83c","69d4e50d0ccfc13545482dd6","<p style=""font-size: 60px; font-family: FragmentMono"">SHXVKHPS</p>","","","training","","","","","","",""
"null","null","html-keyboard-response","346","445224","0.0-15.0-0.15","69ca93b861a695b1c1eec106","69cfc5a67eb051a242f7d83c","69d4e50d0ccfc13545482dd6","<p style=""font-size: 60px; font-family: FragmentMono"">VFZKDRXV</p>","","","training","","","","","","",""
"null","null","html-keyboard-response","347","446232","0.0-15.0-0.16","69ca93b861a695b1c1eec106","69cfc5a67eb051a242f7d83c","69d4e50d0ccfc13545482dd6","<p style=""font-size: 60px; font-family: FragmentMono"">RGWFWZBG</p>","","","training","","","","","","",""
"null","null","html-keyboard-response","348","447242","0.0-15.0-0.17","69ca93b861a695b1c1eec106","69cfc5a67eb051a242f7d83c","69d4e50d0ccfc13545482dd6","<p style=""font-size: 60px; font-family: FragmentMono"">RCSCSTUXE</p>","","","training","","","","","","",""
"null","null","html-keyboard-response","349","448250","0.0-15.0-0.18","69ca93b861a695b1c1eec106","69cfc5a67eb051a242f7d83c","69d4e50d0ccfc13545482dd6","<p style=""font-size: 60px; font-family: FragmentMono"">QWVPXJNO</p>","","","training","","","","","","",""
"null","null","html-keyboard-response","350","449258","0.0-15.0-0.19","69ca93b861a695b1c1eec106","69cfc5a67eb051a242f7d83c","69d4e50d0ccfc13545482dd6","<p style=""font-size: 60px; font-family: FragmentMono"">VFZKDJOEX</p>","","","training","","","","","","",""
"null","null","html-keyboard-response","351","450265","0.0-15.0-0.20","69ca93b861a695b1c1eec106","69cfc5a67eb051a242f7d83c","69d4e50d0ccfc13545482dd6","<p style=""font-size: 60px; font-family: FragmentMono"">NPVHKURO</p>","","","training","","","","","","",""
"null","null","html-keyboard-response","352","451274","0.0-15.0-0.21","69ca93b861a695b1c1eec106","69cfc5a67eb051a242f7d83c","69d4e50d0ccfc13545482dd6","<p style=""font-size: 60px; font-family: FragmentMono"">WOFHJOEX</p>","","","training","","","","","","",""
"null","null","html-keyboard-response","353","452276","0.0-15.0-0.22","69ca93b861a695b1c1eec106","69cfc5a67eb051a242f7d83c","69d4e50d0ccfc13545482dd6","<p style=""font-size: 60px; font-family: FragmentMono"">ZBTFGQKI</p>","","","training","","","","","","",""
"null","null","html-keyboard-response","354","453283","0.0-15.0-0.23","69ca93b861a695b1c1eec106","69cfc5a67eb051a242f7d83c","69d4e50d0ccfc13545482dd6","<p style=""font-size: 60px; font-family: FragmentMono"">UWQEONKMT</p>","","","training","","","","","","",""
"null","null","html-keyboard-response","355","454288","0.0-15.0-0.24","69ca93b861a695b1c1eec106","69cfc5a67eb051a242f7d83c","69d4e50d0ccfc13545482dd6","<p style=""font-size: 60px; font-family: FragmentMono"">FZLFJNO</p>","","","training","","","","","","",""
"null","null","html-keyboard-response","356","455294","0.0-15.0-0.25","69ca93b861a695b1c1eec106","69cfc5a67eb051a242f7d83c","69d4e50d0ccfc13545482dd6","<p style=""font-size: 60px; font-family: FragmentMono"">RGWFWGQKI</p>","","","training","","","","","","",""
"null","null","html-keyboard-response","357","456309","0.0-15.0-0.26","69ca93b861a695b1c1eec106","69cfc5a67eb051a242f7d83c","69d4e50d0ccfc13545482dd6","<p style=""font-size: 60px; font-family: FragmentMono"">EODBAURO</p>","","","training","","","","","","",""
"null","null","html-keyboard-response","358","457315","0.0-15.0-0.27","69ca93b861a695b1c1eec106","69cfc5a67eb051a242f7d83c","69d4e50d0ccfc13545482dd6","<p style=""font-size: 60px; font-family: FragmentMono"">XPWJFJOEX</p>","","","training","","","","","","",""
"null","null","html-keyboard-response","359","458331","0.0-15.0-0.28","69ca93b861a695b1c1eec106","69cfc5a67eb051a242f7d83c","69d4e50d0ccfc13545482dd6","<p style=""font-size: 60px; font-family: FragmentMono"">FZLFGQKI</p>","","","training","","","","","","",""
"null","null","html-keyboard-response","360","459342","0.0-15.0-0.29","69ca93b861a695b1c1eec106","69cfc5a67eb051a242f7d83c","69d4e50d0ccfc13545482dd6","<p style=""font-size: 60px; font-family: FragmentMono"">WAEMIHPS</p>","","","training","","","","","","",""
"null","null","html-keyboard-response","361","460349","0.0-15.0-0.30","69ca93b861a695b1c1eec106","69cfc5a67eb051a242f7d83c","69d4e50d0ccfc13545482dd6","<p style=""font-size: 60px; font-family: FragmentMono"">CTSBIZBG</p>","","","training","","","","","","",""
"null","null","html-keyboard-response","362","461364","0.0-15.0-0.31","69ca93b861a695b1c1eec106","69cfc5a67eb051a242f7d83c","69d4e50d0ccfc13545482dd6","<p style=""font-size: 60px; font-family: FragmentMono"">RGWFWJNO</p>","","","training","","","","","","",""
"null","null","html-keyboard-response","363","462374","0.0-15.0-0.32","69ca93b861a695b1c1eec106","69cfc5a67eb051a242f7d83c","69d4e50d0ccfc13545482dd6","<p style=""font-size: 60px; font-family: FragmentMono"">XPWJFNKMT</p>","","","training","","","","","","",""
"null","null","html-keyboard-response","364","463381","0.0-15.0-0.33","69ca93b861a695b1c1eec106","69cfc5a67eb051a242f7d83c","69d4e50d0ccfc13545482dd6","<p style=""font-size: 60px; font-family: FragmentMono"">WAEMIJNO</p>","","","training","","","","","","",""
"null","null","html-keyboard-response","365","464386","0.0-15.0-0.34","69ca93b861a695b1c1eec106","69cfc5a67eb051a242f7d83c","69d4e50d0ccfc13545482dd6","<p style=""font-size: 60px; font-family: FragmentMono"">FZLFZBG</p>","","","training","","","","","","",""
"null","null","html-keyboard-response","366","465399","0.0-15.0-0.35","69ca93b861a695b1c1eec106","69cfc5a67eb051a242f7d83c","69d4e50d0ccfc13545482dd6","<p style=""font-size: 60px; font-family: FragmentMono"">NOQIMVCM</p>","","","training","","","","","","",""
"null","null","html-keyboard-response","367","466402","0.0-15.0-0.36","69ca93b861a695b1c1eec106","69cfc5a67eb051a242f7d83c","69d4e50d0ccfc13545482dd6","<p style=""font-size: 60px; font-family: FragmentMono"">ZUKXORXV</p>","","","training","","","","","","",""
"null","null","html-keyboard-response","368","467407","0.0-15.0-0.37","69ca93b861a695b1c1eec106","69cfc5a67eb051a242f7d83c","69d4e50d0ccfc13545482dd6","<p style=""font-size: 60px; font-family: FragmentMono"">WAEMIGQKI</p>","","","training","","","","","","",""
"null","null","html-keyboard-response","369","468413","0.0-15.0-0.38","69ca93b861a695b1c1eec106","69cfc5a67eb051a242f7d83c","69d4e50d0ccfc13545482dd6","<p style=""font-size: 60px; font-family: FragmentMono"">NPVHKJOEX</p>","","","training","","","","","","",""
"null","null","html-keyboard-response","370","469416","0.0-15.0-0.39","69ca93b861a695b1c1eec106","69cfc5a67eb051a242f7d83c","69d4e50d0ccfc13545482dd6","<p style=""font-size: 60px; font-family: FragmentMono"">CGYAMRXV</p>","","","training","","","","","","",""
"null","null","html-keyboard-response","371","470424","0.0-15.0-0.40","69ca93b861a695b1c1eec106","69cfc5a67eb051a242f7d83c","69d4e50d0ccfc13545482dd6","<p style=""font-size: 60px; font-family: FragmentMono"">XPWJFURO</p>","","","training","","","","","","",""
"null","null","html-keyboard-response","372","471424","0.0-15.0-0.41","69ca93b861a695b1c1eec106","69cfc5a67eb051a242f7d83c","69d4e50d0ccfc13545482dd6","<p style=""font-size: 60px; font-family: FragmentMono"">UWQEOTUXE</p>","","","training","","","","","","",""
"null","null","html-keyboard-response","373","472427","0.0-15.0-0.42","69ca93b861a695b1c1eec106","69cfc5a67eb051a242f7d83c","69d4e50d0ccfc13545482dd6","<p style=""font-size: 60px; font-family: FragmentMono"">RCSCSRXV</p>","","","training","","","","","","",""
"null","null","html-keyboard-response","374","473441","0.0-15.0-0.43","69ca93b861a695b1c1eec106","69cfc5a67eb051a242f7d83c","69d4e50d0ccfc13545482dd6","<p style=""font-size: 60px; font-family: FragmentMono"">ZUKXOTUXE</p>","","","training","","","","","","",""
"null","null","html-keyboard-response","375","474452","0.0-15.0-0.44","69ca93b861a695b1c1eec106","69cfc5a67eb051a242f7d83c","69d4e50d0ccfc13545482dd6","<p style=""font-size: 60px; font-family: FragmentMono"">NPVHKRXV</p>","","","training","","","","","","",""
"null","null","html-keyboard-response","376","475454","0.0-15.0-0.45","69ca93b861a695b1c1eec106","69cfc5a67eb051a242f7d83c","69d4e50d0ccfc13545482dd6","<p style=""font-size: 60px; font-family: FragmentMono"">FZLFHPS</p>","","","training","","","","","","",""
"null","null","html-keyboard-response","377","476457","0.0-15.0-0.46","69ca93b861a695b1c1eec106","69cfc5a67eb051a242f7d83c","69d4e50d0ccfc13545482dd6","<p style=""font-size: 60px; font-family: FragmentMono"">WOFHRXV</p>","","","training","","","","","","",""
"null","null","html-keyboard-response","378","477465","0.0-15.0-0.47","69ca93b861a695b1c1eec106","69cfc5a67eb051a242f7d83c","69d4e50d0ccfc13545482dd6","<p style=""font-size: 60px; font-family: FragmentMono"">CTSBIGQKI</p>","","","training","","","","","","",""
"null","null","html-keyboard-response","379","478472","0.0-15.0-0.48","69ca93b861a695b1c1eec106","69cfc5a67eb051a242f7d83c","69d4e50d0ccfc13545482dd6","<p style=""font-size: 60px; font-family: FragmentMono"">YKJSIHPS</p>","","","training","","","","","","",""
"null","null","html-keyboard-response","380","479478","0.0-15.0-0.49","69ca93b861a695b1c1eec106","69cfc5a67eb051a242f7d83c","69d4e50d0ccfc13545482dd6","<p style=""font-size: 60px; font-family: FragmentMono"">SHXVKZBG</p>","","","training","","","","","","",""
"null","null","html-keyboard-response","381","480479","0.0-15.0-0.50","69ca93b861a695b1c1eec106","69cfc5a67eb051a242f7d83c","69d4e50d0ccfc13545482dd6","<p style=""font-size: 60px; font-family: FragmentMono"">NOQIGQKI</p>","","","training","","","","","","",""
"null","null","html-keyboard-response","382","481488","0.0-15.0-0.51","69ca93b861a695b1c1eec106","69cfc5a67eb051a242f7d83c","69d4e50d0ccfc13545482dd6","<p style=""font-size: 60px; font-family: FragmentMono"">YIDUNJNO</p>","","","training","","","","","","",""
"null","null","html-keyboard-response","383","482489","0.0-15.0-0.52","69ca93b861a695b1c1eec106","69cfc5a67eb051a242f7d83c","69d4e50d0ccfc13545482dd6","<p style=""font-size: 60px; font-family: FragmentMono"">QKSPJOEX</p>","","","training","","","","","","",""
"null","null","html-keyboard-response","384","483497","0.0-15.0-0.53","69ca93b861a695b1c1eec106","69cfc5a67eb051a242f7d83c","69d4e50d0ccfc13545482dd6","<p style=""font-size: 60px; font-family: FragmentMono"">YKJSIMVCM</p>","","","training","","","","","","",""
"null","null","html-keyboard-response","385","484501","0.0-15.0-0.54","69ca93b861a695b1c1eec106","69cfc5a67eb051a242f7d83c","69d4e50d0ccfc13545482dd6","<p style=""font-size: 60px; font-family: FragmentMono"">QWVPXZBG</p>","","","training","","","","","","",""
"null","null","html-keyboard-response","386","485504","0.0-15.0-0.55","69ca93b861a695b1c1eec106","69cfc5a67eb051a242f7d83c","69d4e50d0ccfc13545482dd6","<p style=""font-size: 60px; font-family: FragmentMono"">QKSPNKMT</p>","","","training","","","","","","",""
"null","null","html-keyboard-response","387","486506","0.0-15.0-0.56","69ca93b861a695b1c1eec106","69cfc5a67eb051a242f7d83c","69d4e50d0ccfc13545482dd6","<p style=""font-size: 60px; font-family: FragmentMono"">RCSCSJOEX</p>","","","training","","","","","","",""
"null","null","html-keyboard-response","388","487517","0.0-15.0-0.57","69ca93b861a695b1c1eec106","69cfc5a67eb051a242f7d83c","69d4e50d0ccfc13545482dd6","<p style=""font-size: 60px; font-family: FragmentMono"">CTSBIJNO</p>","","","training","","","","","","",""
"null","null","html-keyboard-response","389","488519","0.0-15.0-0.58","69ca93b861a695b1c1eec106","69cfc5a67eb051a242f7d83c","69d4e50d0ccfc13545482dd6","<p style=""font-size: 60px; font-family: FragmentMono"">ZUKXOURO</p>","","","training","","","","","","",""
"null","null","html-keyboard-response","390","489521","0.0-15.0-0.59","69ca93b861a695b1c1eec106","69cfc5a67eb051a242f7d83c","69d4e50d0ccfc13545482dd6","<p style=""font-size: 60px; font-family: FragmentMono"">QWVPXMVCM</p>","","","training","","","","","","",""
"null","null","html-keyboard-response","391","490526","0.0-15.0-0.60","69ca93b861a695b1c1eec106","69cfc5a67eb051a242f7d83c","69d4e50d0ccfc13545482dd6","<p style=""font-size: 60px; font-family: FragmentMono"">NOQIHPS</p>","","","training","","","","","","",""
"null","null","html-keyboard-response","392","491541","0.0-15.0-0.61","69ca93b861a695b1c1eec106","69cfc5a67eb051a242f7d83c","69d4e50d0ccfc13545482dd6","<p style=""font-size: 60px; font-family: FragmentMono"">ZBTFMVCM</p>","","","training","","","","","","",""
"null","null","html-keyboard-response","393","492546","0.0-15.0-0.62","69ca93b861a695b1c1eec106","69cfc5a67eb051a242f7d83c","69d4e50d0ccfc13545482dd6","<p style=""font-size: 60px; font-family: FragmentMono"">ZUKXOJOEX</p>","","","training","","","","","","",""
"null","null","html-keyboard-response","394","493549","0.0-15.0-0.63","69ca93b861a695b1c1eec106","69cfc5a67eb051a242f7d83c","69d4e50d0ccfc13545482dd6","<p style=""font-size: 60px; font-family: FragmentMono"">EODBANKMT</p>","","","training","","","","","","",""
"null","null","html-keyboard-response","395","494552","0.0-15.0-0.64","69ca93b861a695b1c1eec106","69cfc5a67eb051a242f7d83c","69d4e50d0ccfc13545482dd6","<p style=""font-size: 60px; font-family: FragmentMono"">SHXVKGQKI</p>","","","training","","","","","","",""
"null","null","html-keyboard-response","396","495563","0.0-15.0-0.65","69ca93b861a695b1c1eec106","69cfc5a67eb051a242f7d83c","69d4e50d0ccfc13545482dd6","<p style=""font-size: 60px; font-family: FragmentMono"">ZBTFZBG</p>","","","training","","","","","","",""
"null","null","html-keyboard-response","397","496568","0.0-15.0-0.66","69ca93b861a695b1c1eec106","69cfc5a67eb051a242f7d83c","69d4e50d0ccfc13545482dd6","<p style=""font-size: 60px; font-family: FragmentMono"">NOQIJNO</p>","","","training","","","","","","",""
"null","null","html-keyboard-response","398","497569","0.0-15.0-0.67","69ca93b861a695b1c1eec106","69cfc5a67eb051a242f7d83c","69d4e50d0ccfc13545482dd6","<p style=""font-size: 60px; font-family: FragmentMono"">YIDUNMVCM</p>","","","training","","","","","","",""
"null","null","html-keyboard-response","399","498572","0.0-15.0-0.68","69ca93b861a695b1c1eec106","69cfc5a67eb051a242f7d83c","69d4e50d0ccfc13545482dd6","<p style=""font-size: 60px; font-family: FragmentMono"">QKSPURO</p>","","","training","","","","","","",""
"null","null","html-keyboard-response","400","499580","0.0-15.0-0.69","69ca93b861a695b1c1eec106","69cfc5a67eb051a242f7d83c","69d4e50d0ccfc13545482dd6","<p style=""font-size: 60px; font-family: FragmentMono"">YKJSIZBG</p>","","","training","","","","","","",""
"null","null","html-keyboard-response","401","500584","0.0-15.0-0.70","69ca93b861a695b1c1eec106","69cfc5a67eb051a242f7d83c","69d4e50d0ccfc13545482dd6","<p style=""font-size: 60px; font-family: FragmentMono"">XPWJFTUXE</p>","","","training","","","","","","",""
"null","null","html-keyboard-response","402","501592","0.0-15.0-0.71","69ca93b861a695b1c1eec106","69cfc5a67eb051a242f7d83c","69d4e50d0ccfc13545482dd6","<p style=""font-size: 60px; font-family: FragmentMono"">CGYAMJOEX</p>","","","training","","","","","","",""
"null","null","html-keyboard-response","403","502601","0.0-15.0-0.72","69ca93b861a695b1c1eec106","69cfc5a67eb051a242f7d83c","69d4e50d0ccfc13545482dd6","<p style=""font-size: 60px; font-family: FragmentMono"">RGWFWMVCM</p>","","","training","","","","","","",""
"null","null","html-keyboard-response","404","503603","0.0-15.0-0.73","69ca93b861a695b1c1eec106","69cfc5a67eb051a242f7d83c","69d4e50d0ccfc13545482dd6","<p style=""font-size: 60px; font-family: FragmentMono"">QKSPTUXE</p>","","","training","","","","","","",""
"null","null","html-keyboard-response","405","504611","0.0-15.0-0.74","69ca93b861a695b1c1eec106","69cfc5a67eb051a242f7d83c","69d4e50d0ccfc13545482dd6","<p style=""font-size: 60px; font-family: FragmentMono"">SHXVKMVCM</p>","","","training","","","","","","",""
"null","null","html-keyboard-response","406","505627","0.0-15.0-0.75","69ca93b861a695b1c1eec106","69cfc5a67eb051a242f7d83c","69d4e50d0ccfc13545482dd6","<p style=""font-size: 60px; font-family: FragmentMono"">ZBTFHPS</p>","","","training","","","","","","",""
"null","null","html-keyboard-response","407","506630","0.0-15.0-0.76","69ca93b861a695b1c1eec106","69cfc5a67eb051a242f7d83c","69d4e50d0ccfc13545482dd6","<p style=""font-size: 60px; font-family: FragmentMono"">WOFHNKMT</p>","","","training","","","","","","",""
"null","null","html-keyboard-response","408","507634","0.0-15.0-0.77","69ca93b861a695b1c1eec106","69cfc5a67eb051a242f7d83c","69d4e50d0ccfc13545482dd6","<p style=""font-size: 60px; font-family: FragmentMono"">CGYAMTUXE</p>","","","training","","","","","","",""
"null","null","html-keyboard-response","409","508644","0.0-15.0-0.78","69ca93b861a695b1c1eec106","69cfc5a67eb051a242f7d83c","69d4e50d0ccfc13545482dd6","<p style=""font-size: 60px; font-family: FragmentMono"">YIDUNHPS</p>","","","training","","","","","","",""
"null","null","html-keyboard-response","410","509647","0.0-15.0-0.79","69ca93b861a695b1c1eec106","69cfc5a67eb051a242f7d83c","69d4e50d0ccfc13545482dd6","<p style=""font-size: 60px; font-family: FragmentMono"">VFZKDURO</p>","","","training","","","","","","",""
"4204"," ","html-keyboard-response","411","513852","0.0-16.0","69ca93b861a695b1c1eec106","69cfc5a67eb051a242f7d83c","69d4e50d0ccfc13545482dd6","<p style=""font-size: 30px"">Great, you've seen the fifth block of words. You may now take a short break.</p>
      <p style=""font-size: 30px"">Press the spacebar when you're ready to continue.</p>","","","","","","","","","",""
"null","null","html-keyboard-response","412","514853","0.0-17.0-0.0","69ca93b861a695b1c1eec106","69cfc5a67eb051a242f7d83c","69d4e50d0ccfc13545482dd6","<p style=""font-size: 60px; font-family: FragmentMono"">QWVPXJNO</p>","","","training","","","","","","",""
"null","null","html-keyboard-response","413","515866","0.0-17.0-0.1","69ca93b861a695b1c1eec106","69cfc5a67eb051a242f7d83c","69d4e50d0ccfc13545482dd6","<p style=""font-size: 60px; font-family: FragmentMono"">SHXVKZBG</p>","","","training","","","","","","",""
"null","null","html-keyboard-response","414","516867","0.0-17.0-0.2","69ca93b861a695b1c1eec106","69cfc5a67eb051a242f7d83c","69d4e50d0ccfc13545482dd6","<p style=""font-size: 60px; font-family: FragmentMono"">CGYAMTUXE</p>","","","training","","","","","","",""
"null","null","html-keyboard-response","415","517868","0.0-17.0-0.3","69ca93b861a695b1c1eec106","69cfc5a67eb051a242f7d83c","69d4e50d0ccfc13545482dd6","<p style=""font-size: 60px; font-family: FragmentMono"">WOFHNKMT</p>","","","training","","","","","","",""
"null","null","html-keyboard-response","416","518878","0.0-17.0-0.4","69ca93b861a695b1c1eec106","69cfc5a67eb051a242f7d83c","69d4e50d0ccfc13545482dd6","<p style=""font-size: 60px; font-family: FragmentMono"">CTSBIGQKI</p>","","","training","","","","","","",""
"null","null","html-keyboard-response","417","519889","0.0-17.0-0.5","69ca93b861a695b1c1eec106","69cfc5a67eb051a242f7d83c","69d4e50d0ccfc13545482dd6","<p style=""font-size: 60px; font-family: FragmentMono"">NOQIHPS</p>","","","training","","","","","","",""
"null","null","html-keyboard-response","418","520900","0.0-17.0-0.6","69ca93b861a695b1c1eec106","69cfc5a67eb051a242f7d83c","69d4e50d0ccfc13545482dd6","<p style=""font-size: 60px; font-family: FragmentMono"">SHXVKMVCM</p>","","","training","","","","","","",""
"null","null","html-keyboard-response","419","521910","0.0-17.0-0.7","69ca93b861a695b1c1eec106","69cfc5a67eb051a242f7d83c","69d4e50d0ccfc13545482dd6","<p style=""font-size: 60px; font-family: FragmentMono"">YKJSIZBG</p>","","","training","","","","","","",""
"null","null","html-keyboard-response","420","522911","0.0-17.0-0.8","69ca93b861a695b1c1eec106","69cfc5a67eb051a242f7d83c","69d4e50d0ccfc13545482dd6","<p style=""font-size: 60px; font-family: FragmentMono"">ZUKXOTUXE</p>","","","training","","","","","","",""
"null","null","html-keyboard-response","421","523927","0.0-17.0-0.9","69ca93b861a695b1c1eec106","69cfc5a67eb051a242f7d83c","69d4e50d0ccfc13545482dd6","<p style=""font-size: 60px; font-family: FragmentMono"">CTSBIMVCM</p>","","","training","","","","","","",""
"null","null","html-keyboard-response","422","524928","0.0-17.0-0.10","69ca93b861a695b1c1eec106","69cfc5a67eb051a242f7d83c","69d4e50d0ccfc13545482dd6","<p style=""font-size: 60px; font-family: FragmentMono"">NOQIGQKI</p>","","","training","","","","","","",""
"null","null","html-keyboard-response","423","525929","0.0-17.0-0.11","69ca93b861a695b1c1eec106","69cfc5a67eb051a242f7d83c","69d4e50d0ccfc13545482dd6","<p style=""font-size: 60px; font-family: FragmentMono"">FZLFZBG</p>","","","training","","","","","","",""
"null","null","html-keyboard-response","424","526939","0.0-17.0-0.12","69ca93b861a695b1c1eec106","69cfc5a67eb051a242f7d83c","69d4e50d0ccfc13545482dd6","<p style=""font-size: 60px; font-family: FragmentMono"">EODBANKMT</p>","","","training","","","","","","",""
"null","null","html-keyboard-response","425","527943","0.0-17.0-0.13","69ca93b861a695b1c1eec106","69cfc5a67eb051a242f7d83c","69d4e50d0ccfc13545482dd6","<p style=""font-size: 60px; font-family: FragmentMono"">ZUKXOURO</p>","","","training","","","","","","",""
"null","null","html-keyboard-response","426","528949","0.0-17.0-0.14","69ca93b861a695b1c1eec106","69cfc5a67eb051a242f7d83c","69d4e50d0ccfc13545482dd6","<p style=""font-size: 60px; font-family: FragmentMono"">CGYAMRXV</p>","","","training","","","","","","",""
"null","null","html-keyboard-response","427","529954","0.0-17.0-0.15","69ca93b861a695b1c1eec106","69cfc5a67eb051a242f7d83c","69d4e50d0ccfc13545482dd6","<p style=""font-size: 60px; font-family: FragmentMono"">YIDUNGQKI</p>","","","training","","","","","","",""
"null","null","html-keyboard-response","428","530957","0.0-17.0-0.16","69ca93b861a695b1c1eec106","69cfc5a67eb051a242f7d83c","69d4e50d0ccfc13545482dd6","<p style=""font-size: 60px; font-family: FragmentMono"">WAEMIZBG</p>","","","training","","","","","","",""
"null","null","html-keyboard-response","429","531966","0.0-17.0-0.17","69ca93b861a695b1c1eec106","69cfc5a67eb051a242f7d83c","69d4e50d0ccfc13545482dd6","<p style=""font-size: 60px; font-family: FragmentMono"">XPWJFTUXE</p>","","","training","","","","","","",""
"null","null","html-keyboard-response","430","532975","0.0-17.0-0.18","69ca93b861a695b1c1eec106","69cfc5a67eb051a242f7d83c","69d4e50d0ccfc13545482dd6","<p style=""font-size: 60px; font-family: FragmentMono"">RCSCSRXV</p>","","","training","","","","","","",""
"null","null","html-keyboard-response","431","533978","0.0-17.0-0.19","69ca93b861a695b1c1eec106","69cfc5a67eb051a242f7d83c","69d4e50d0ccfc13545482dd6","<p style=""font-size: 60px; font-family: FragmentMono"">NPVHKJOEX</p>","","","training","","","","","","",""
"null","null","html-keyboard-response","432","534985","0.0-17.0-0.20","69ca93b861a695b1c1eec106","69cfc5a67eb051a242f7d83c","69d4e50d0ccfc13545482dd6","<p style=""font-size: 60px; font-family: FragmentMono"">QWVPXZBG</p>","","","training","","","","","","",""
"null","null","html-keyboard-response","433","535989","0.0-17.0-0.21","69ca93b861a695b1c1eec106","69cfc5a67eb051a242f7d83c","69d4e50d0ccfc13545482dd6","<p style=""font-size: 60px; font-family: FragmentMono"">YKJSIJNO</p>","","","training","","","","","","",""
"null","null","html-keyboard-response","434","536994","0.0-17.0-0.22","69ca93b861a695b1c1eec106","69cfc5a67eb051a242f7d83c","69d4e50d0ccfc13545482dd6","<p style=""font-size: 60px; font-family: FragmentMono"">FZLFGQKI</p>","","","training","","","","","","",""
"null","null","html-keyboard-response","435","538003","0.0-17.0-0.23","69ca93b861a695b1c1eec106","69cfc5a67eb051a242f7d83c","69d4e50d0ccfc13545482dd6","<p style=""font-size: 60px; font-family: FragmentMono"">XPWJFNKMT</p>","","","training","","","","","","",""
"null","null","html-keyboard-response","436","539007","0.0-17.0-0.24","69ca93b861a695b1c1eec106","69cfc5a67eb051a242f7d83c","69d4e50d0ccfc13545482dd6","<p style=""font-size: 60px; font-family: FragmentMono"">WOFHTUXE</p>","","","training","","","","","","",""
"null","null","html-keyboard-response","437","540015","0.0-17.0-0.25","69ca93b861a695b1c1eec106","69cfc5a67eb051a242f7d83c","69d4e50d0ccfc13545482dd6","<p style=""font-size: 60px; font-family: FragmentMono"">ZUKXORXV</p>","","","training","","","","","","",""
"null","null","html-keyboard-response","438","541030","0.0-17.0-0.26","69ca93b861a695b1c1eec106","69cfc5a67eb051a242f7d83c","69d4e50d0ccfc13545482dd6","<p style=""font-size: 60px; font-family: FragmentMono"">QKSPJOEX</p>","","","training","","","","","","",""
"null","null","html-keyboard-response","439","542037","0.0-17.0-0.27","69ca93b861a695b1c1eec106","69cfc5a67eb051a242f7d83c","69d4e50d0ccfc13545482dd6","<p style=""font-size: 60px; font-family: FragmentMono"">YIDUNMVCM</p>","","","training","","","","","","",""
"null","null","html-keyboard-response","440","543040","0.0-17.0-0.28","69ca93b861a695b1c1eec106","69cfc5a67eb051a242f7d83c","69d4e50d0ccfc13545482dd6","<p style=""font-size: 60px; font-family: FragmentMono"">VFZKDNKMT</p>","","","training","","","","","","",""
"null","null","html-keyboard-response","441","544045","0.0-17.0-0.29","69ca93b861a695b1c1eec106","69cfc5a67eb051a242f7d83c","69d4e50d0ccfc13545482dd6","<p style=""font-size: 60px; font-family: FragmentMono"">YKJSIHPS</p>","","","training","","","","","","",""
"null","null","html-keyboard-response","442","545054","0.0-17.0-0.30","69ca93b861a695b1c1eec106","69cfc5a67eb051a242f7d83c","69d4e50d0ccfc13545482dd6","<p style=""font-size: 60px; font-family: FragmentMono"">NOQIJNO</p>","","","training","","","","","","",""
"null","null","html-keyboard-response","443","546055","0.0-17.0-0.31","69ca93b861a695b1c1eec106","69cfc5a67eb051a242f7d83c","69d4e50d0ccfc13545482dd6","<p style=""font-size: 60px; font-family: FragmentMono"">RGWFWGQKI</p>","","","training","","","","","","",""
"null","null","html-keyboard-response","444","547065","0.0-17.0-0.32","69ca93b861a695b1c1eec106","69cfc5a67eb051a242f7d83c","69d4e50d0ccfc13545482dd6","<p style=""font-size: 60px; font-family: FragmentMono"">NPVHKURO</p>","","","training","","","","","","",""
"null","null","html-keyboard-response","445","548075","0.0-17.0-0.33","69ca93b861a695b1c1eec106","69cfc5a67eb051a242f7d83c","69d4e50d0ccfc13545482dd6","<p style=""font-size: 60px; font-family: FragmentMono"">XPWJFJOEX</p>","","","training","","","","","","",""
"null","null","html-keyboard-response","446","549077","0.0-17.0-0.34","69ca93b861a695b1c1eec106","69cfc5a67eb051a242f7d83c","69d4e50d0ccfc13545482dd6","<p style=""font-size: 60px; font-family: FragmentMono"">QKSPTUXE</p>","","","training","","","","","","",""
"null","null","html-keyboard-response","447","550089","0.0-17.0-0.35","69ca93b861a695b1c1eec106","69cfc5a67eb051a242f7d83c","69d4e50d0ccfc13545482dd6","<p style=""font-size: 60px; font-family: FragmentMono"">WAEMIHPS</p>","","","training","","","","","","",""
"null","null","html-keyboard-response","448","551099","0.0-17.0-0.36","69ca93b861a695b1c1eec106","69cfc5a67eb051a242f7d83c","69d4e50d0ccfc13545482dd6","<p style=""font-size: 60px; font-family: FragmentMono"">EODBATUXE</p>","","","training","","","","","","",""
"null","null","html-keyboard-response","449","552107","0.0-17.0-0.37","69ca93b861a695b1c1eec106","69cfc5a67eb051a242f7d83c","69d4e50d0ccfc13545482dd6","<p style=""font-size: 60px; font-family: FragmentMono"">ZBTFGQKI</p>","","","training","","","","","","",""
"null","null","html-keyboard-response","450","553120","0.0-17.0-0.38","69ca93b861a695b1c1eec106","69cfc5a67eb051a242f7d83c","69d4e50d0ccfc13545482dd6","<p style=""font-size: 60px; font-family: FragmentMono"">RGWFWJNO</p>","","","training","","","","","","",""
"null","null","html-keyboard-response","451","554131","0.0-17.0-0.39","69ca93b861a695b1c1eec106","69cfc5a67eb051a242f7d83c","69d4e50d0ccfc13545482dd6","<p style=""font-size: 60px; font-family: FragmentMono"">ZBTFHPS</p>","","","training","","","","","","",""
"null","null","html-keyboard-response","452","555138","0.0-17.0-0.40","69ca93b861a695b1c1eec106","69cfc5a67eb051a242f7d83c","69d4e50d0ccfc13545482dd6","<p style=""font-size: 60px; font-family: FragmentMono"">RGWFWZBG</p>","","","training","","","","","","",""
"null","null","html-keyboard-response","453","556141","0.0-17.0-0.41","69ca93b861a695b1c1eec106","69cfc5a67eb051a242f7d83c","69d4e50d0ccfc13545482dd6","<p style=""font-size: 60px; font-family: FragmentMono"">QWVPXMVCM</p>","","","training","","","","","","",""
"null","null","html-keyboard-response","454","557143","0.0-17.0-0.42","69ca93b861a695b1c1eec106","69cfc5a67eb051a242f7d83c","69d4e50d0ccfc13545482dd6","<p style=""font-size: 60px; font-family: FragmentMono"">RCSCSTUXE</p>","","","training","","","","","","",""
"null","null","html-keyboard-response","455","558145","0.0-17.0-0.43","69ca93b861a695b1c1eec106","69cfc5a67eb051a242f7d83c","69d4e50d0ccfc13545482dd6","<p style=""font-size: 60px; font-family: FragmentMono"">SHXVKGQKI</p>","","","training","","","","","","",""
"null","null","html-keyboard-response","456","559151","0.0-17.0-0.44","69ca93b861a695b1c1eec106","69cfc5a67eb051a242f7d83c","69d4e50d0ccfc13545482dd6","<p style=""font-size: 60px; font-family: FragmentMono"">UWQEORXV</p>","","","training","","","","","","",""
"null","null","html-keyboard-response","457","560155","0.0-17.0-0.45","69ca93b861a695b1c1eec106","69cfc5a67eb051a242f7d83c","69d4e50d0ccfc13545482dd6","<p style=""font-size: 60px; font-family: FragmentMono"">RCSCSNKMT</p>","","","training","","","","","","",""
"null","null","html-keyboard-response","458","561162","0.0-17.0-0.46","69ca93b861a695b1c1eec106","69cfc5a67eb051a242f7d83c","69d4e50d0ccfc13545482dd6","<p style=""font-size: 60px; font-family: FragmentMono"">NOQIMVCM</p>","","","training","","","","","","",""
"null","null","html-keyboard-response","459","562169","0.0-17.0-0.47","69ca93b861a695b1c1eec106","69cfc5a67eb051a242f7d83c","69d4e50d0ccfc13545482dd6","<p style=""font-size: 60px; font-family: FragmentMono"">UWQEOURO</p>","","","training","","","","","","",""
"null","null","html-keyboard-response","460","563183","0.0-17.0-0.48","69ca93b861a695b1c1eec106","69cfc5a67eb051a242f7d83c","69d4e50d0ccfc13545482dd6","<p style=""font-size: 60px; font-family: FragmentMono"">FZLFJNO</p>","","","training","","","","","","",""
"null","null","html-keyboard-response","461","564191","0.0-17.0-0.49","69ca93b861a695b1c1eec106","69cfc5a67eb051a242f7d83c","69d4e50d0ccfc13545482dd6","<p style=""font-size: 60px; font-family: FragmentMono"">ZUKXOJOEX</p>","","","training","","","","","","",""
"null","null","html-keyboard-response","462","565196","0.0-17.0-0.50","69ca93b861a695b1c1eec106","69cfc5a67eb051a242f7d83c","69d4e50d0ccfc13545482dd6","<p style=""font-size: 60px; font-family: FragmentMono"">EODBARXV</p>","","","training","","","","","","",""
"null","null","html-keyboard-response","463","566205","0.0-17.0-0.51","69ca93b861a695b1c1eec106","69cfc5a67eb051a242f7d83c","69d4e50d0ccfc13545482dd6","<p style=""font-size: 60px; font-family: FragmentMono"">UWQEOTUXE</p>","","","training","","","","","","",""
"null","null","html-keyboard-response","464","567218","0.0-17.0-0.52","69ca93b861a695b1c1eec106","69cfc5a67eb051a242f7d83c","69d4e50d0ccfc13545482dd6","<p style=""font-size: 60px; font-family: FragmentMono"">WAEMIGQKI</p>","","","training","","","","","","",""
"null","null","html-keyboard-response","465","568226","0.0-17.0-0.53","69ca93b861a695b1c1eec106","69cfc5a67eb051a242f7d83c","69d4e50d0ccfc13545482dd6","<p style=""font-size: 60px; font-family: FragmentMono"">RGWFWMVCM</p>","","","training","","","","","","",""
"null","null","html-keyboard-response","466","569236","0.0-17.0-0.54","69ca93b861a695b1c1eec106","69cfc5a67eb051a242f7d83c","69d4e50d0ccfc13545482dd6","<p style=""font-size: 60px; font-family: FragmentMono"">VFZKDJOEX</p>","","","training","","","","","","",""
"null","null","html-keyboard-response","467","570243","0.0-17.0-0.55","69ca93b861a695b1c1eec106","69cfc5a67eb051a242f7d83c","69d4e50d0ccfc13545482dd6","<p style=""font-size: 60px; font-family: FragmentMono"">QWVPXHPS</p>","","","training","","","","","","",""
"null","null","html-keyboard-response","468","571249","0.0-17.0-0.56","69ca93b861a695b1c1eec106","69cfc5a67eb051a242f7d83c","69d4e50d0ccfc13545482dd6","<p style=""font-size: 60px; font-family: FragmentMono"">XPWJFURO</p>","","","training","","","","","","",""
"null","null","html-keyboard-response","469","572252","0.0-17.0-0.57","69ca93b861a695b1c1eec106","69cfc5a67eb051a242f7d83c","69d4e50d0ccfc13545482dd6","<p style=""font-size: 60px; font-family: FragmentMono"">NPVHKNKMT</p>","","","training","","","","","","",""
"null","null","html-keyboard-response","470","573263","0.0-17.0-0.58","69ca93b861a695b1c1eec106","69cfc5a67eb051a242f7d83c","69d4e50d0ccfc13545482dd6","<p style=""font-size: 60px; font-family: FragmentMono"">CGYAMJOEX</p>","","","training","","","","","","",""
"null","null","html-keyboard-response","471","574266","0.0-17.0-0.59","69ca93b861a695b1c1eec106","69cfc5a67eb051a242f7d83c","69d4e50d0ccfc13545482dd6","<p style=""font-size: 60px; font-family: FragmentMono"">FZLFHPS</p>","","","training","","","","","","",""
"null","null","html-keyboard-response","472","575272","0.0-17.0-0.60","69ca93b861a695b1c1eec106","69cfc5a67eb051a242f7d83c","69d4e50d0ccfc13545482dd6","<p style=""font-size: 60px; font-family: FragmentMono"">YIDUNJNO</p>","","","training","","","","","","",""
"null","null","html-keyboard-response","473","576276","0.0-17.0-0.61","69ca93b861a695b1c1eec106","69cfc5a67eb051a242f7d83c","69d4e50d0ccfc13545482dd6","<p style=""font-size: 60px; font-family: FragmentMono"">EODBAURO</p>","","","training","","","","","","",""
"null","null","html-keyboard-response","474","577281","0.0-17.0-0.62","69ca93b861a695b1c1eec106","69cfc5a67eb051a242f7d83c","69d4e50d0ccfc13545482dd6","<p style=""font-size: 60px; font-family: FragmentMono"">CTSBIJNO</p>","","","training","","","","","","",""
"null","null","html-keyboard-response","475","578284","0.0-17.0-0.63","69ca93b861a695b1c1eec106","69cfc5a67eb051a242f7d83c","69d4e50d0ccfc13545482dd6","<p style=""font-size: 60px; font-family: FragmentMono"">WOFHJOEX</p>","","","training","","","","","","",""
"null","null","html-keyboard-response","476","579299","0.0-17.0-0.64","69ca93b861a695b1c1eec106","69cfc5a67eb051a242f7d83c","69d4e50d0ccfc13545482dd6","<p style=""font-size: 60px; font-family: FragmentMono"">CTSBIZBG</p>","","","training","","","","","","",""
"null","null","html-keyboard-response","477","580310","0.0-17.0-0.65","69ca93b861a695b1c1eec106","69cfc5a67eb051a242f7d83c","69d4e50d0ccfc13545482dd6","<p style=""font-size: 60px; font-family: FragmentMono"">WAEMIJNO</p>","","","training","","","","","","",""
"null","null","html-keyboard-response","478","581323","0.0-17.0-0.66","69ca93b861a695b1c1eec106","69cfc5a67eb051a242f7d83c","69d4e50d0ccfc13545482dd6","<p style=""font-size: 60px; font-family: FragmentMono"">CGYAMURO</p>","","","training","","","","","","",""
"null","null","html-keyboard-response","479","582329","0.0-17.0-0.67","69ca93b861a695b1c1eec106","69cfc5a67eb051a242f7d83c","69d4e50d0ccfc13545482dd6","<p style=""font-size: 60px; font-family: FragmentMono"">WOFHRXV</p>","","","training","","","","","","",""
"null","null","html-keyboard-response","480","583334","0.0-17.0-0.68","69ca93b861a695b1c1eec106","69cfc5a67eb051a242f7d83c","69d4e50d0ccfc13545482dd6","<p style=""font-size: 60px; font-family: FragmentMono"">RCSCSJOEX</p>","","","training","","","","","","",""
"null","null","html-keyboard-response","481","584344","0.0-17.0-0.69","69ca93b861a695b1c1eec106","69cfc5a67eb051a242f7d83c","69d4e50d0ccfc13545482dd6","<p style=""font-size: 60px; font-family: FragmentMono"">VFZKDURO</p>","","","training","","","","","","",""
"null","null","html-keyboard-response","482","585349","0.0-17.0-0.70","69ca93b861a695b1c1eec106","69cfc5a67eb051a242f7d83c","69d4e50d0ccfc13545482dd6","<p style=""font-size: 60px; font-family: FragmentMono"">YKJSIMVCM</p>","","","training","","","","","","",""
"null","null","html-keyboard-response","483","586357","0.0-17.0-0.71","69ca93b861a695b1c1eec106","69cfc5a67eb051a242f7d83c","69d4e50d0ccfc13545482dd6","<p style=""font-size: 60px; font-family: FragmentMono"">NPVHKRXV</p>","","","training","","","","","","",""
"null","null","html-keyboard-response","484","587362","0.0-17.0-0.72","69ca93b861a695b1c1eec106","69cfc5a67eb051a242f7d83c","69d4e50d0ccfc13545482dd6","<p style=""font-size: 60px; font-family: FragmentMono"">ZBTFMVCM</p>","","","training","","","","","","",""
"null","null","html-keyboard-response","485","588371","0.0-17.0-0.73","69ca93b861a695b1c1eec106","69cfc5a67eb051a242f7d83c","69d4e50d0ccfc13545482dd6","<p style=""font-size: 60px; font-family: FragmentMono"">QKSPURO</p>","","","training","","","","","","",""
"null","null","html-keyboard-response","486","589380","0.0-17.0-0.74","69ca93b861a695b1c1eec106","69cfc5a67eb051a242f7d83c","69d4e50d0ccfc13545482dd6","<p style=""font-size: 60px; font-family: FragmentMono"">VFZKDRXV</p>","","","training","","","","","","",""
"null","null","html-keyboard-response","487","590382","0.0-17.0-0.75","69ca93b861a695b1c1eec106","69cfc5a67eb051a242f7d83c","69d4e50d0ccfc13545482dd6","<p style=""font-size: 60px; font-family: FragmentMono"">QKSPNKMT</p>","","","training","","","","","","",""
"null","null","html-keyboard-response","488","591386","0.0-17.0-0.76","69ca93b861a695b1c1eec106","69cfc5a67eb051a242f7d83c","69d4e50d0ccfc13545482dd6","<p style=""font-size: 60px; font-family: FragmentMono"">YIDUNHPS</p>","","","training","","","","","","",""
"null","null","html-keyboard-response","489","592396","0.0-17.0-0.77","69ca93b861a695b1c1eec106","69cfc5a67eb051a242f7d83c","69d4e50d0ccfc13545482dd6","<p style=""font-size: 60px; font-family: FragmentMono"">ZBTFZBG</p>","","","training","","","","","","",""
"null","null","html-keyboard-response","490","593408","0.0-17.0-0.78","69ca93b861a695b1c1eec106","69cfc5a67eb051a242f7d83c","69d4e50d0ccfc13545482dd6","<p style=""font-size: 60px; font-family: FragmentMono"">SHXVKHPS</p>","","","training","","","","","","",""
"null","null","html-keyboard-response","491","594411","0.0-17.0-0.79","69ca93b861a695b1c1eec106","69cfc5a67eb051a242f7d83c","69d4e50d0ccfc13545482dd6","<p style=""font-size: 60px; font-family: FragmentMono"">UWQEONKMT</p>","","","training","","","","","","",""
"3682"," ","html-keyboard-response","492","598094","0.0-18.0","69ca93b861a695b1c1eec106","69cfc5a67eb051a242f7d83c","69d4e50d0ccfc13545482dd6","<p style=""font-size: 30px"">Great, you've seen the sixth block of words. You may now take a short break.</p>
      <p style=""font-size: 30px"">Press the spacebar when you're ready to continue.</p>","","","","","","","","","",""
"null","null","html-keyboard-response","493","599109","0.0-19.0-0.0","69ca93b861a695b1c1eec106","69cfc5a67eb051a242f7d83c","69d4e50d0ccfc13545482dd6","<p style=""font-size: 60px; font-family: FragmentMono"">VFZKDJOEX</p>","","","training","","","","","","",""
"null","null","html-keyboard-response","494","600118","0.0-19.0-0.1","69ca93b861a695b1c1eec106","69cfc5a67eb051a242f7d83c","69d4e50d0ccfc13545482dd6","<p style=""font-size: 60px; font-family: FragmentMono"">RGWFWGQKI</p>","","","training","","","","","","",""
"null","null","html-keyboard-response","495","601126","0.0-19.0-0.2","69ca93b861a695b1c1eec106","69cfc5a67eb051a242f7d83c","69d4e50d0ccfc13545482dd6","<p style=""font-size: 60px; font-family: FragmentMono"">CGYAMURO</p>","","","training","","","","","","",""
"null","null","html-keyboard-response","496","602132","0.0-19.0-0.3","69ca93b861a695b1c1eec106","69cfc5a67eb051a242f7d83c","69d4e50d0ccfc13545482dd6","<p style=""font-size: 60px; font-family: FragmentMono"">ZUKXOTUXE</p>","","","training","","","","","","",""
"null","null","html-keyboard-response","497","603136","0.0-19.0-0.4","69ca93b861a695b1c1eec106","69cfc5a67eb051a242f7d83c","69d4e50d0ccfc13545482dd6","<p style=""font-size: 60px; font-family: FragmentMono"">CTSBIZBG</p>","","","training","","","","","","",""
"null","null","html-keyboard-response","498","604149","0.0-19.0-0.5","69ca93b861a695b1c1eec106","69cfc5a67eb051a242f7d83c","69d4e50d0ccfc13545482dd6","<p style=""font-size: 60px; font-family: FragmentMono"">YIDUNJNO</p>","","","training","","","","","","",""
"null","null","html-keyboard-response","499","605157","0.0-19.0-0.6","69ca93b861a695b1c1eec106","69cfc5a67eb051a242f7d83c","69d4e50d0ccfc13545482dd6","<p style=""font-size: 60px; font-family: FragmentMono"">WAEMIHPS</p>","","","training","","","","","","",""
"null","null","html-keyboard-response","500","606164","0.0-19.0-0.7","69ca93b861a695b1c1eec106","69cfc5a67eb051a242f7d83c","69d4e50d0ccfc13545482dd6","<p style=""font-size: 60px; font-family: FragmentMono"">YKJSIJNO</p>","","","training","","","","","","",""
"null","null","html-keyboard-response","501","607175","0.0-19.0-0.8","69ca93b861a695b1c1eec106","69cfc5a67eb051a242f7d83c","69d4e50d0ccfc13545482dd6","<p style=""font-size: 60px; font-family: FragmentMono"">NPVHKJOEX</p>","","","training","","","","","","",""
"null","null","html-keyboard-response","502","608183","0.0-19.0-0.9","69ca93b861a695b1c1eec106","69cfc5a67eb051a242f7d83c","69d4e50d0ccfc13545482dd6","<p style=""font-size: 60px; font-family: FragmentMono"">FZLFJNO</p>","","","training","","","","","","",""
"null","null","html-keyboard-response","503","609188","0.0-19.0-0.10","69ca93b861a695b1c1eec106","69cfc5a67eb051a242f7d83c","69d4e50d0ccfc13545482dd6","<p style=""font-size: 60px; font-family: FragmentMono"">ZUKXORXV</p>","","","training","","","","","","",""
"null","null","html-keyboard-response","504","610191","0.0-19.0-0.11","69ca93b861a695b1c1eec106","69cfc5a67eb051a242f7d83c","69d4e50d0ccfc13545482dd6","<p style=""font-size: 60px; font-family: FragmentMono"">NOQIGQKI</p>","","","training","","","","","","",""
"null","null","html-keyboard-response","505","611204","0.0-19.0-0.12","69ca93b861a695b1c1eec106","69cfc5a67eb051a242f7d83c","69d4e50d0ccfc13545482dd6","<p style=""font-size: 60px; font-family: FragmentMono"">VFZKDNKMT</p>","","","training","","","","","","",""
"null","null","html-keyboard-response","506","612211","0.0-19.0-0.13","69ca93b861a695b1c1eec106","69cfc5a67eb051a242f7d83c","69d4e50d0ccfc13545482dd6","<p style=""font-size: 60px; font-family: FragmentMono"">NPVHKRXV</p>","","","training","","","","","","",""
"null","null","html-keyboard-response","507","613219","0.0-19.0-0.14","69ca93b861a695b1c1eec106","69cfc5a67eb051a242f7d83c","69d4e50d0ccfc13545482dd6","<p style=""font-size: 60px; font-family: FragmentMono"">UWQEOTUXE</p>","","","training","","","","","","",""
"null","null","html-keyboard-response","508","614229","0.0-19.0-0.15","69ca93b861a695b1c1eec106","69cfc5a67eb051a242f7d83c","69d4e50d0ccfc13545482dd6","<p style=""font-size: 60px; font-family: FragmentMono"">FZLFGQKI</p>","","","training","","","","","","",""
"null","null","html-keyboard-response","509","615236","0.0-19.0-0.16","69ca93b861a695b1c1eec106","69cfc5a67eb051a242f7d83c","69d4e50d0ccfc13545482dd6","<p style=""font-size: 60px; font-family: FragmentMono"">QWVPXHPS</p>","","","training","","","","","","",""
"null","null","html-keyboard-response","510","616243","0.0-19.0-0.17","69ca93b861a695b1c1eec106","69cfc5a67eb051a242f7d83c","69d4e50d0ccfc13545482dd6","<p style=""font-size: 60px; font-family: FragmentMono"">EODBANKMT</p>","","","training","","","","","","",""
"null","null","html-keyboard-response","511","617253","0.0-19.0-0.18","69ca93b861a695b1c1eec106","69cfc5a67eb051a242f7d83c","69d4e50d0ccfc13545482dd6","<p style=""font-size: 60px; font-family: FragmentMono"">QKSPTUXE</p>","","","training","","","","","","",""
"null","null","html-keyboard-response","512","618263","0.0-19.0-0.19","69ca93b861a695b1c1eec106","69cfc5a67eb051a242f7d83c","69d4e50d0ccfc13545482dd6","<p style=""font-size: 60px; font-family: FragmentMono"">UWQEORXV</p>","","","training","","","","","","",""
"null","null","html-keyboard-response","513","619265","0.0-19.0-0.20","69ca93b861a695b1c1eec106","69cfc5a67eb051a242f7d83c","69d4e50d0ccfc13545482dd6","<p style=""font-size: 60px; font-family: FragmentMono"">SHXVKZBG</p>","","","training","","","","","","",""
"null","null","html-keyboard-response","514","620273","0.0-19.0-0.21","69ca93b861a695b1c1eec106","69cfc5a67eb051a242f7d83c","69d4e50d0ccfc13545482dd6","<p style=""font-size: 60px; font-family: FragmentMono"">YKJSIMVCM</p>","","","training","","","","","","",""
"null","null","html-keyboard-response","515","621283","0.0-19.0-0.22","69ca93b861a695b1c1eec106","69cfc5a67eb051a242f7d83c","69d4e50d0ccfc13545482dd6","<p style=""font-size: 60px; font-family: FragmentMono"">QKSPURO</p>","","","training","","","","","","",""
"null","null","html-keyboard-response","516","622291","0.0-19.0-0.23","69ca93b861a695b1c1eec106","69cfc5a67eb051a242f7d83c","69d4e50d0ccfc13545482dd6","<p style=""font-size: 60px; font-family: FragmentMono"">XPWJFTUXE</p>","","","training","","","","","","",""
"null","null","html-keyboard-response","517","623302","0.0-19.0-0.24","69ca93b861a695b1c1eec106","69cfc5a67eb051a242f7d83c","69d4e50d0ccfc13545482dd6","<p style=""font-size: 60px; font-family: FragmentMono"">YIDUNGQKI</p>","","","training","","","","","","",""
"null","null","html-keyboard-response","518","624315","0.0-19.0-0.25","69ca93b861a695b1c1eec106","69cfc5a67eb051a242f7d83c","69d4e50d0ccfc13545482dd6","<p style=""font-size: 60px; font-family: FragmentMono"">QWVPXMVCM</p>","","","training","","","","","","",""
"null","null","html-keyboard-response","519","625318","0.0-19.0-0.26","69ca93b861a695b1c1eec106","69cfc5a67eb051a242f7d83c","69d4e50d0ccfc13545482dd6","<p style=""font-size: 60px; font-family: FragmentMono"">ZUKXOURO</p>","","","training","","","","","","",""
"null","null","html-keyboard-response","520","626328","0.0-19.0-0.27","69ca93b861a695b1c1eec106","69cfc5a67eb051a242f7d83c","69d4e50d0ccfc13545482dd6","<p style=""font-size: 60px; font-family: FragmentMono"">RCSCSRXV</p>","","","training","","","","","","",""
"null","null","html-keyboard-response","521","627335","0.0-19.0-0.28","69ca93b861a695b1c1eec106","69cfc5a67eb051a242f7d83c","69d4e50d0ccfc13545482dd6","<p style=""font-size: 60px; font-family: FragmentMono"">YIDUNMVCM</p>","","","training","","","","","","",""
"null","null","html-keyboard-response","522","628339","0.0-19.0-0.29","69ca93b861a695b1c1eec106","69cfc5a67eb051a242f7d83c","69d4e50d0ccfc13545482dd6","<p style=""font-size: 60px; font-family: FragmentMono"">YKJSIHPS</p>","","","training","","","","","","",""
"null","null","html-keyboard-response","523","629348","0.0-19.0-0.30","69ca93b861a695b1c1eec106","69cfc5a67eb051a242f7d83c","69d4e50d0ccfc13545482dd6","<p style=""font-size: 60px; font-family: FragmentMono"">NOQIMVCM</p>","","","training","","","","","","",""
"null","null","html-keyboard-response","524","630357","0.0-19.0-0.31","69ca93b861a695b1c1eec106","69cfc5a67eb051a242f7d83c","69d4e50d0ccfc13545482dd6","<p style=""font-size: 60px; font-family: FragmentMono"">XPWJFJOEX</p>","","","training","","","","","","",""
"null","null","html-keyboard-response","525","631362","0.0-19.0-0.32","69ca93b861a695b1c1eec106","69cfc5a67eb051a242f7d83c","69d4e50d0ccfc13545482dd6","<p style=""font-size: 60px; font-family: FragmentMono"">WOFHNKMT</p>","","","training","","","","","","",""
"null","null","html-keyboard-response","526","632368","0.0-19.0-0.33","69ca93b861a695b1c1eec106","69cfc5a67eb051a242f7d83c","69d4e50d0ccfc13545482dd6","<p style=""font-size: 60px; font-family: FragmentMono"">EODBATUXE</p>","","","training","","","","","","",""
"null","null","html-keyboard-response","527","633376","0.0-19.0-0.34","69ca93b861a695b1c1eec106","69cfc5a67eb051a242f7d83c","69d4e50d0ccfc13545482dd6","<p style=""font-size: 60px; font-family: FragmentMono"">WOFHJOEX</p>","","","training","","","","","","",""
"null","null","html-keyboard-response","528","634385","0.0-19.0-0.35","69ca93b861a695b1c1eec106","69cfc5a67eb051a242f7d83c","69d4e50d0ccfc13545482dd6","<p style=""font-size: 60px; font-family: FragmentMono"">CTSBIGQKI</p>","","","training","","","","","","",""
"null","null","html-keyboard-response","529","635391","0.0-19.0-0.36","69ca93b861a695b1c1eec106","69cfc5a67eb051a242f7d83c","69d4e50d0ccfc13545482dd6","<p style=""font-size: 60px; font-family: FragmentMono"">CGYAMTUXE</p>","","","training","","","","","","",""
"null","null","html-keyboard-response","530","636396","0.0-19.0-0.37","69ca93b861a695b1c1eec106","69cfc5a67eb051a242f7d83c","69d4e50d0ccfc13545482dd6","<p style=""font-size: 60px; font-family: FragmentMono"">ZBTFHPS</p>","","","training","","","","","","",""
"null","null","html-keyboard-response","531","637412","0.0-19.0-0.38","69ca93b861a695b1c1eec106","69cfc5a67eb051a242f7d83c","69d4e50d0ccfc13545482dd6","<p style=""font-size: 60px; font-family: FragmentMono"">VFZKDRXV</p>","","","training","","","","","","",""
"null","null","html-keyboard-response","532","638419","0.0-19.0-0.39","69ca93b861a695b1c1eec106","69cfc5a67eb051a242f7d83c","69d4e50d0ccfc13545482dd6","<p style=""font-size: 60px; font-family: FragmentMono"">WAEMIGQKI</p>","","","training","","","","","","",""
"null","null","html-keyboard-response","533","639422","0.0-19.0-0.40","69ca93b861a695b1c1eec106","69cfc5a67eb051a242f7d83c","69d4e50d0ccfc13545482dd6","<p style=""font-size: 60px; font-family: FragmentMono"">SHXVKHPS</p>","","","training","","","","","","",""
"null","null","html-keyboard-response","534","640429","0.0-19.0-0.41","69ca93b861a695b1c1eec106","69cfc5a67eb051a242f7d83c","69d4e50d0ccfc13545482dd6","<p style=""font-size: 60px; font-family: FragmentMono"">CGYAMJOEX</p>","","","training","","","","","","",""
"null","null","html-keyboard-response","535","641434","0.0-19.0-0.42","69ca93b861a695b1c1eec106","69cfc5a67eb051a242f7d83c","69d4e50d0ccfc13545482dd6","<p style=""font-size: 60px; font-family: FragmentMono"">RGWFWZBG</p>","","","training","","","","","","",""
"null","null","html-keyboard-response","536","642440","0.0-19.0-0.43","69ca93b861a695b1c1eec106","69cfc5a67eb051a242f7d83c","69d4e50d0ccfc13545482dd6","<p style=""font-size: 60px; font-family: FragmentMono"">YIDUNHPS</p>","","","training","","","","","","",""
"null","null","html-keyboard-response","537","643446","0.0-19.0-0.44","69ca93b861a695b1c1eec106","69cfc5a67eb051a242f7d83c","69d4e50d0ccfc13545482dd6","<p style=""font-size: 60px; font-family: FragmentMono"">EODBARXV</p>","","","training","","","","","","",""
"null","null","html-keyboard-response","538","644450","0.0-19.0-0.45","69ca93b861a695b1c1eec106","69cfc5a67eb051a242f7d83c","69d4e50d0ccfc13545482dd6","<p style=""font-size: 60px; font-family: FragmentMono"">RCSCSTUXE</p>","","","training","","","","","","",""
"null","null","html-keyboard-response","539","645452","0.0-19.0-0.46","69ca93b861a695b1c1eec106","69cfc5a67eb051a242f7d83c","69d4e50d0ccfc13545482dd6","<p style=""font-size: 60px; font-family: FragmentMono"">ZBTFGQKI</p>","","","training","","","","","","",""
"null","null","html-keyboard-response","540","646463","0.0-19.0-0.47","69ca93b861a695b1c1eec106","69cfc5a67eb051a242f7d83c","69d4e50d0ccfc13545482dd6","<p style=""font-size: 60px; font-family: FragmentMono"">YKJSIZBG</p>","","","training","","","","","","",""
"null","null","html-keyboard-response","541","647467","0.0-19.0-0.48","69ca93b861a695b1c1eec106","69cfc5a67eb051a242f7d83c","69d4e50d0ccfc13545482dd6","<p style=""font-size: 60px; font-family: FragmentMono"">NPVHKURO</p>","","","training","","","","","","",""
"null","null","html-keyboard-response","542","648470","0.0-19.0-0.49","69ca93b861a695b1c1eec106","69cfc5a67eb051a242f7d83c","69d4e50d0ccfc13545482dd6","<p style=""font-size: 60px; font-family: FragmentMono"">NOQIHPS</p>","","","training","","","","","","",""
"null","null","html-keyboard-response","543","649479","0.0-19.0-0.50","69ca93b861a695b1c1eec106","69cfc5a67eb051a242f7d83c","69d4e50d0ccfc13545482dd6","<p style=""font-size: 60px; font-family: FragmentMono"">CGYAMRXV</p>","","","training","","","","","","",""
"null","null","html-keyboard-response","544","650481","0.0-19.0-0.51","69ca93b861a695b1c1eec106","69cfc5a67eb051a242f7d83c","69d4e50d0ccfc13545482dd6","<p style=""font-size: 60px; font-family: FragmentMono"">WAEMIJNO</p>","","","training","","","","","","",""
"null","null","html-keyboard-response","545","651491","0.0-19.0-0.52","69ca93b861a695b1c1eec106","69cfc5a67eb051a242f7d83c","69d4e50d0ccfc13545482dd6","<p style=""font-size: 60px; font-family: FragmentMono"">VFZKDURO</p>","","","training","","","","","","",""
"null","null","html-keyboard-response","546","652492","0.0-19.0-0.53","69ca93b861a695b1c1eec106","69cfc5a67eb051a242f7d83c","69d4e50d0ccfc13545482dd6","<p style=""font-size: 60px; font-family: FragmentMono"">CTSBIMVCM</p>","","","training","","","","","","",""
"null","null","html-keyboard-response","547","653494","0.0-19.0-0.54","69ca93b861a695b1c1eec106","69cfc5a67eb051a242f7d83c","69d4e50d0ccfc13545482dd6","<p style=""font-size: 60px; font-family: FragmentMono"">QWVPXJNO</p>","","","training","","","","","","",""
"null","null","html-keyboard-response","548","654501","0.0-19.0-0.55","69ca93b861a695b1c1eec106","69cfc5a67eb051a242f7d83c","69d4e50d0ccfc13545482dd6","<p style=""font-size: 60px; font-family: FragmentMono"">SHXVKMVCM</p>","","","training","","","","","","",""
"null","null","html-keyboard-response","549","655502","0.0-19.0-0.56","69ca93b861a695b1c1eec106","69cfc5a67eb051a242f7d83c","69d4e50d0ccfc13545482dd6","<p style=""font-size: 60px; font-family: FragmentMono"">QKSPJOEX</p>","","","training","","","","","","",""
"null","null","html-keyboard-response","550","656504","0.0-19.0-0.57","69ca93b861a695b1c1eec106","69cfc5a67eb051a242f7d83c","69d4e50d0ccfc13545482dd6","<p style=""font-size: 60px; font-family: FragmentMono"">FZLFHPS</p>","","","training","","","","","","",""
"null","null","html-keyboard-response","551","657507","0.0-19.0-0.58","69ca93b861a695b1c1eec106","69cfc5a67eb051a242f7d83c","69d4e50d0ccfc13545482dd6","<p style=""font-size: 60px; font-family: FragmentMono"">NOQIJNO</p>","","","training","","","","","","",""
"null","null","html-keyboard-response","552","658513","0.0-19.0-0.59","69ca93b861a695b1c1eec106","69cfc5a67eb051a242f7d83c","69d4e50d0ccfc13545482dd6","<p style=""font-size: 60px; font-family: FragmentMono"">WOFHRXV</p>","","","training","","","","","","",""
"null","null","html-keyboard-response","553","659516","0.0-19.0-0.60","69ca93b861a695b1c1eec106","69cfc5a67eb051a242f7d83c","69d4e50d0ccfc13545482dd6","<p style=""font-size: 60px; font-family: FragmentMono"">NPVHKNKMT</p>","","","training","","","","","","",""
"null","null","html-keyboard-response","554","660518","0.0-19.0-0.61","69ca93b861a695b1c1eec106","69cfc5a67eb051a242f7d83c","69d4e50d0ccfc13545482dd6","<p style=""font-size: 60px; font-family: FragmentMono"">XPWJFURO</p>","","","training","","","","","","",""
"null","null","html-keyboard-response","555","661530","0.0-19.0-0.62","69ca93b861a695b1c1eec106","69cfc5a67eb051a242f7d83c","69d4e50d0ccfc13545482dd6","<p style=""font-size: 60px; font-family: FragmentMono"">CTSBIJNO</p>","","","training","","","","","","",""
"null","null","html-keyboard-response","556","662534","0.0-19.0-0.63","69ca93b861a695b1c1eec106","69cfc5a67eb051a242f7d83c","69d4e50d0ccfc13545482dd6","<p style=""font-size: 60px; font-family: FragmentMono"">XPWJFNKMT</p>","","","training","","","","","","",""
"null","null","html-keyboard-response","557","663550","0.0-19.0-0.64","69ca93b861a695b1c1eec106","69cfc5a67eb051a242f7d83c","69d4e50d0ccfc13545482dd6","<p style=""font-size: 60px; font-family: FragmentMono"">ZBTFMVCM</p>","","","training","","","","","","",""
"null","null","html-keyboard-response","558","664555","0.0-19.0-0.65","69ca93b861a695b1c1eec106","69cfc5a67eb051a242f7d83c","69d4e50d0ccfc13545482dd6","<p style=""font-size: 60px; font-family: FragmentMono"">RCSCSNKMT</p>","","","training","","","","","","",""
"null","null","html-keyboard-response","559","665567","0.0-19.0-0.66","69ca93b861a695b1c1eec106","69cfc5a67eb051a242f7d83c","69d4e50d0ccfc13545482dd6","<p style=""font-size: 60px; font-family: FragmentMono"">FZLFZBG</p>","","","training","","","","","","",""
"null","null","html-keyboard-response","560","666571","0.0-19.0-0.67","69ca93b861a695b1c1eec106","69cfc5a67eb051a242f7d83c","69d4e50d0ccfc13545482dd6","<p style=""font-size: 60px; font-family: FragmentMono"">EODBAURO</p>","","","training","","","","","","",""
"null","null","html-keyboard-response","561","667580","0.0-19.0-0.68","69ca93b861a695b1c1eec106","69cfc5a67eb051a242f7d83c","69d4e50d0ccfc13545482dd6","<p style=""font-size: 60px; font-family: FragmentMono"">UWQEONKMT</p>","","","training","","","","","","",""
"null","null","html-keyboard-response","562","668585","0.0-19.0-0.69","69ca93b861a695b1c1eec106","69cfc5a67eb051a242f7d83c","69d4e50d0ccfc13545482dd6","<p style=""font-size: 60px; font-family: FragmentMono"">RCSCSJOEX</p>","","","training","","","","","","",""
"null","null","html-keyboard-response","563","669592","0.0-19.0-0.70","69ca93b861a695b1c1eec106","69cfc5a67eb051a242f7d83c","69d4e50d0ccfc13545482dd6","<p style=""font-size: 60px; font-family: FragmentMono"">RGWFWJNO</p>","","","training","","","","","","",""
"null","null","html-keyboard-response","564","670602","0.0-19.0-0.71","69ca93b861a695b1c1eec106","69cfc5a67eb051a242f7d83c","69d4e50d0ccfc13545482dd6","<p style=""font-size: 60px; font-family: FragmentMono"">QKSPNKMT</p>","","","training","","","","","","",""
"null","null","html-keyboard-response","565","671603","0.0-19.0-0.72","69ca93b861a695b1c1eec106","69cfc5a67eb051a242f7d83c","69d4e50d0ccfc13545482dd6","<p style=""font-size: 60px; font-family: FragmentMono"">WOFHTUXE</p>","","","training","","","","","","",""
"null","null","html-keyboard-response","566","672611","0.0-19.0-0.73","69ca93b861a695b1c1eec106","69cfc5a67eb051a242f7d83c","69d4e50d0ccfc13545482dd6","<p style=""font-size: 60px; font-family: FragmentMono"">ZBTFZBG</p>","","","training","","","","","","",""
"null","null","html-keyboard-response","567","673626","0.0-19.0-0.74","69ca93b861a695b1c1eec106","69cfc5a67eb051a242f7d83c","69d4e50d0ccfc13545482dd6","<p style=""font-size: 60px; font-family: FragmentMono"">UWQEOURO</p>","","","training","","","","","","",""
"null","null","html-keyboard-response","568","674628","0.0-19.0-0.75","69ca93b861a695b1c1eec106","69cfc5a67eb051a242f7d83c","69d4e50d0ccfc13545482dd6","<p style=""font-size: 60px; font-family: FragmentMono"">WAEMIZBG</p>","","","training","","","","","","",""
"null","null","html-keyboard-response","569","675634","0.0-19.0-0.76","69ca93b861a695b1c1eec106","69cfc5a67eb051a242f7d83c","69d4e50d0ccfc13545482dd6","<p style=""font-size: 60px; font-family: FragmentMono"">SHXVKGQKI</p>","","","training","","","","","","",""
"null","null","html-keyboard-response","570","676640","0.0-19.0-0.77","69ca93b861a695b1c1eec106","69cfc5a67eb051a242f7d83c","69d4e50d0ccfc13545482dd6","<p style=""font-size: 60px; font-family: FragmentMono"">RGWFWMVCM</p>","","","training","","","","","","",""
"null","null","html-keyboard-response","571","677646","0.0-19.0-0.78","69ca93b861a695b1c1eec106","69cfc5a67eb051a242f7d83c","69d4e50d0ccfc13545482dd6","<p style=""font-size: 60px; font-family: FragmentMono"">ZUKXOJOEX</p>","","","training","","","","","","",""
"null","null","html-keyboard-response","572","678658","0.0-19.0-0.79","69ca93b861a695b1c1eec106","69cfc5a67eb051a242f7d83c","69d4e50d0ccfc13545482dd6","<p style=""font-size: 60px; font-family: FragmentMono"">QWVPXZBG</p>","","","training","","","","","","",""
"3284"," ","html-keyboard-response","573","681942","0.0-20.0","69ca93b861a695b1c1eec106","69cfc5a67eb051a242f7d83c","69d4e50d0ccfc13545482dd6","<p style=""font-size: 30px"">Great, you've seen the seventh block of words. You may now take a short break.</p>
      <p style=""font-size: 30px"">Press the spacebar when you're ready to continue.</p>","","","","","","","","","",""
"null","null","html-keyboard-response","574","682956","0.0-21.0-0.0","69ca93b861a695b1c1eec106","69cfc5a67eb051a242f7d83c","69d4e50d0ccfc13545482dd6","<p style=""font-size: 60px; font-family: FragmentMono"">EODBANKMT</p>","","","training","","","","","","",""
"null","null","html-keyboard-response","575","683961","0.0-21.0-0.1","69ca93b861a695b1c1eec106","69cfc5a67eb051a242f7d83c","69d4e50d0ccfc13545482dd6","<p style=""font-size: 60px; font-family: FragmentMono"">SHXVKHPS</p>","","","training","","","","","","",""
"null","null","html-keyboard-response","576","684963","0.0-21.0-0.2","69ca93b861a695b1c1eec106","69cfc5a67eb051a242f7d83c","69d4e50d0ccfc13545482dd6","<p style=""font-size: 60px; font-family: FragmentMono"">NPVHKURO</p>","","","training","","","","","","",""
"null","null","html-keyboard-response","577","685965","0.0-21.0-0.3","69ca93b861a695b1c1eec106","69cfc5a67eb051a242f7d83c","69d4e50d0ccfc13545482dd6","<p style=""font-size: 60px; font-family: FragmentMono"">QKSPTUXE</p>","","","training","","","","","","",""
"null","null","html-keyboard-response","578","686973","0.0-21.0-0.4","69ca93b861a695b1c1eec106","69cfc5a67eb051a242f7d83c","69d4e50d0ccfc13545482dd6","<p style=""font-size: 60px; font-family: FragmentMono"">YIDUNMVCM</p>","","","training","","","","","","",""
"null","null","html-keyboard-response","579","687980","0.0-21.0-0.5","69ca93b861a695b1c1eec106","69cfc5a67eb051a242f7d83c","69d4e50d0ccfc13545482dd6","<p style=""font-size: 60px; font-family: FragmentMono"">FZLFHPS</p>","","","training","","","","","","",""
"null","null","html-keyboard-response","580","688985","0.0-21.0-0.6","69ca93b861a695b1c1eec106","69cfc5a67eb051a242f7d83c","69d4e50d0ccfc13545482dd6","<p style=""font-size: 60px; font-family: FragmentMono"">ZUKXORXV</p>","","","training","","","","","","",""
"null","null","html-keyboard-response","581","689994","0.0-21.0-0.7","69ca93b861a695b1c1eec106","69cfc5a67eb051a242f7d83c","69d4e50d0ccfc13545482dd6","<p style=""font-size: 60px; font-family: FragmentMono"">FZLFZBG</p>","","","training","","","","","","",""
"null","null","html-keyboard-response","582","691000","0.0-21.0-0.8","69ca93b861a695b1c1eec106","69cfc5a67eb051a242f7d83c","69d4e50d0ccfc13545482dd6","<p style=""font-size: 60px; font-family: FragmentMono"">RCSCSRXV</p>","","","training","","","","","","",""
"null","null","html-keyboard-response","583","692012","0.0-21.0-0.9","69ca93b861a695b1c1eec106","69cfc5a67eb051a242f7d83c","69d4e50d0ccfc13545482dd6","<p style=""font-size: 60px; font-family: FragmentMono"">QWVPXZBG</p>","","","training","","","","","","",""
"null","null","html-keyboard-response","584","693027","0.0-21.0-0.10","69ca93b861a695b1c1eec106","69cfc5a67eb051a242f7d83c","69d4e50d0ccfc13545482dd6","<p style=""font-size: 60px; font-family: FragmentMono"">CTSBIGQKI</p>","","","training","","","","","","",""
"null","null","html-keyboard-response","585","694033","0.0-21.0-0.11","69ca93b861a695b1c1eec106","69cfc5a67eb051a242f7d83c","69d4e50d0ccfc13545482dd6","<p style=""font-size: 60px; font-family: FragmentMono"">YIDUNHPS</p>","","","training","","","","","","",""
"null","null","html-keyboard-response","586","695044","0.0-21.0-0.12","69ca93b861a695b1c1eec106","69cfc5a67eb051a242f7d83c","69d4e50d0ccfc13545482dd6","<p style=""font-size: 60px; font-family: FragmentMono"">NPVHKNKMT</p>","","","training","","","","","","",""
"null","null","html-keyboard-response","587","696050","0.0-21.0-0.13","69ca93b861a695b1c1eec106","69cfc5a67eb051a242f7d83c","69d4e50d0ccfc13545482dd6","<p style=""font-size: 60px; font-family: FragmentMono"">WAEMIZBG</p>","","","training","","","","","","",""
"null","null","html-keyboard-response","588","697059","0.0-21.0-0.14","69ca93b861a695b1c1eec106","69cfc5a67eb051a242f7d83c","69d4e50d0ccfc13545482dd6","<p style=""font-size: 60px; font-family: FragmentMono"">WOFHRXV</p>","","","training","","","","","","",""
"null","null","html-keyboard-response","589","698068","0.0-21.0-0.15","69ca93b861a695b1c1eec106","69cfc5a67eb051a242f7d83c","69d4e50d0ccfc13545482dd6","<p style=""font-size: 60px; font-family: FragmentMono"">NOQIHPS</p>","","","training","","","","","","",""
"null","null","html-keyboard-response","590","699076","0.0-21.0-0.16","69ca93b861a695b1c1eec106","69cfc5a67eb051a242f7d83c","69d4e50d0ccfc13545482dd6","<p style=""font-size: 60px; font-family: FragmentMono"">SHXVKZBG</p>","","","training","","","","","","",""
"null","null","html-keyboard-response","591","700081","0.0-21.0-0.17","69ca93b861a695b1c1eec106","69cfc5a67eb051a242f7d83c","69d4e50d0ccfc13545482dd6","<p style=""font-size: 60px; font-family: FragmentMono"">QKSPURO</p>","","","training","","","","","","",""
"null","null","html-keyboard-response","592","701086","0.0-21.0-0.18","69ca93b861a695b1c1eec106","69cfc5a67eb051a242f7d83c","69d4e50d0ccfc13545482dd6","<p style=""font-size: 60px; font-family: FragmentMono"">CGYAMJOEX</p>","","","training","","","","","","",""
"null","null","html-keyboard-response","593","702095","0.0-21.0-0.19","69ca93b861a695b1c1eec106","69cfc5a67eb051a242f7d83c","69d4e50d0ccfc13545482dd6","<p style=""font-size: 60px; font-family: FragmentMono"">ZBTFGQKI</p>","","","training","","","","","","",""
"null","null","html-keyboard-response","594","703104","0.0-21.0-0.20","69ca93b861a695b1c1eec106","69cfc5a67eb051a242f7d83c","69d4e50d0ccfc13545482dd6","<p style=""font-size: 60px; font-family: FragmentMono"">VFZKDRXV</p>","","","training","","","","","","",""
"null","null","html-keyboard-response","595","704113","0.0-21.0-0.21","69ca93b861a695b1c1eec106","69cfc5a67eb051a242f7d83c","69d4e50d0ccfc13545482dd6","<p style=""font-size: 60px; font-family: FragmentMono"">EODBAURO</p>","","","training","","","","","","",""
"null","null","html-keyboard-response","596","705116","0.0-21.0-0.22","69ca93b861a695b1c1eec106","69cfc5a67eb051a242f7d83c","69d4e50d0ccfc13545482dd6","<p style=""font-size: 60px; font-family: FragmentMono"">NOQIMVCM</p>","","","training","","","","","","",""
"null","null","html-keyboard-response","597","706120","0.0-21.0-0.23","69ca93b861a695b1c1eec106","69cfc5a67eb051a242f7d83c","69d4e50d0ccfc13545482dd6","<p style=""font-size: 60px; font-family: FragmentMono"">XPWJFTUXE</p>","","","training","","","","","","",""
"null","null","html-keyboard-response","598","707128","0.0-21.0-0.24","69ca93b861a695b1c1eec106","69cfc5a67eb051a242f7d83c","69d4e50d0ccfc13545482dd6","<p style=""font-size: 60px; font-family: FragmentMono"">CTSBIMVCM</p>","","","training","","","","","","",""
"null","null","html-keyboard-response","599","708139","0.0-21.0-0.25","69ca93b861a695b1c1eec106","69cfc5a67eb051a242f7d83c","69d4e50d0ccfc13545482dd6","<p style=""font-size: 60px; font-family: FragmentMono"">FZLFGQKI</p>","","","training","","","","","","",""
"null","null","html-keyboard-response","600","709141","0.0-21.0-0.26","69ca93b861a695b1c1eec106","69cfc5a67eb051a242f7d83c","69d4e50d0ccfc13545482dd6","<p style=""font-size: 60px; font-family: FragmentMono"">YKJSIHPS</p>","","","training","","","","","","",""
"null","null","html-keyboard-response","601","710145","0.0-21.0-0.27","69ca93b861a695b1c1eec106","69cfc5a67eb051a242f7d83c","69d4e50d0ccfc13545482dd6","<p style=""font-size: 60px; font-family: FragmentMono"">EODBATUXE</p>","","","training","","","","","","",""
"null","null","html-keyboard-response","602","711152","0.0-21.0-0.28","69ca93b861a695b1c1eec106","69cfc5a67eb051a242f7d83c","69d4e50d0ccfc13545482dd6","<p style=""font-size: 60px; font-family: FragmentMono"">YKJSIJNO</p>","","","training","","","","","","",""
"null","null","html-keyboard-response","603","712158","0.0-21.0-0.29","69ca93b861a695b1c1eec106","69cfc5a67eb051a242f7d83c","69d4e50d0ccfc13545482dd6","<p style=""font-size: 60px; font-family: FragmentMono"">YIDUNGQKI</p>","","","training","","","","","","",""
"null","null","html-keyboard-response","604","713165","0.0-21.0-0.30","69ca93b861a695b1c1eec106","69cfc5a67eb051a242f7d83c","69d4e50d0ccfc13545482dd6","<p style=""font-size: 60px; font-family: FragmentMono"">NPVHKJOEX</p>","","","training","","","","","","",""
"null","null","html-keyboard-response","605","714172","0.0-21.0-0.31","69ca93b861a695b1c1eec106","69cfc5a67eb051a242f7d83c","69d4e50d0ccfc13545482dd6","<p style=""font-size: 60px; font-family: FragmentMono"">RCSCSTUXE</p>","","","training","","","","","","",""
"null","null","html-keyboard-response","606","715181","0.0-21.0-0.32","69ca93b861a695b1c1eec106","69cfc5a67eb051a242f7d83c","69d4e50d0ccfc13545482dd6","<p style=""font-size: 60px; font-family: FragmentMono"">YIDUNJNO</p>","","","training","","","","","","",""
"null","null","html-keyboard-response","607","716188","0.0-21.0-0.33","69ca93b861a695b1c1eec106","69cfc5a67eb051a242f7d83c","69d4e50d0ccfc13545482dd6","<p style=""font-size: 60px; font-family: FragmentMono"">WOFHTUXE</p>","","","training","","","","","","",""
"null","null","html-keyboard-response","608","717194","0.0-21.0-0.34","69ca93b861a695b1c1eec106","69cfc5a67eb051a242f7d83c","69d4e50d0ccfc13545482dd6","<p style=""font-size: 60px; font-family: FragmentMono"">YKJSIZBG</p>","","","training","","","","","","",""
"null","null","html-keyboard-response","609","718204","0.0-21.0-0.35","69ca93b861a695b1c1eec106","69cfc5a67eb051a242f7d83c","69d4e50d0ccfc13545482dd6","<p style=""font-size: 60px; font-family: FragmentMono"">ZUKXOURO</p>","","","training","","","","","","",""
"null","null","html-keyboard-response","610","719209","0.0-21.0-0.36","69ca93b861a695b1c1eec106","69cfc5a67eb051a242f7d83c","69d4e50d0ccfc13545482dd6","<p style=""font-size: 60px; font-family: FragmentMono"">CGYAMRXV</p>","","","training","","","","","","",""
"null","null","html-keyboard-response","611","720212","0.0-21.0-0.37","69ca93b861a695b1c1eec106","69cfc5a67eb051a242f7d83c","69d4e50d0ccfc13545482dd6","<p style=""font-size: 60px; font-family: FragmentMono"">RGWFWZBG</p>","","","training","","","","","","",""
"null","null","html-keyboard-response","612","721221","0.0-21.0-0.38","69ca93b861a695b1c1eec106","69cfc5a67eb051a242f7d83c","69d4e50d0ccfc13545482dd6","<p style=""font-size: 60px; font-family: FragmentMono"">UWQEOTUXE</p>","","","training","","","","","","",""
"null","null","html-keyboard-response","613","722229","0.0-21.0-0.39","69ca93b861a695b1c1eec106","69cfc5a67eb051a242f7d83c","69d4e50d0ccfc13545482dd6","<p style=""font-size: 60px; font-family: FragmentMono"">ZBTFZBG</p>","","","training","","","","","","",""
"null","null","html-keyboard-response","614","723239","0.0-21.0-0.40","69ca93b861a695b1c1eec106","69cfc5a67eb051a242f7d83c","69d4e50d0ccfc13545482dd6","<p style=""font-size: 60px; font-family: FragmentMono"">XPWJFJOEX</p>","","","training","","","","","","",""
"null","null","html-keyboard-response","615","724245","0.0-21.0-0.41","69ca93b861a695b1c1eec106","69cfc5a67eb051a242f7d83c","69d4e50d0ccfc13545482dd6","<p style=""font-size: 60px; font-family: FragmentMono"">WAEMIGQKI</p>","","","training","","","","","","",""
"null","null","html-keyboard-response","616","725252","0.0-21.0-0.42","69ca93b861a695b1c1eec106","69cfc5a67eb051a242f7d83c","69d4e50d0ccfc13545482dd6","<p style=""font-size: 60px; font-family: FragmentMono"">UWQEONKMT</p>","","","training","","","","","","",""
"null","null","html-keyboard-response","617","726267","0.0-21.0-0.43","69ca93b861a695b1c1eec106","69cfc5a67eb051a242f7d83c","69d4e50d0ccfc13545482dd6","<p style=""font-size: 60px; font-family: FragmentMono"">CTSBIJNO</p>","","","training","","","","","","",""
"null","null","html-keyboard-response","618","727272","0.0-21.0-0.44","69ca93b861a695b1c1eec106","69cfc5a67eb051a242f7d83c","69d4e50d0ccfc13545482dd6","<p style=""font-size: 60px; font-family: FragmentMono"">NPVHKRXV</p>","","","training","","","","","","",""
"null","null","html-keyboard-response","619","728277","0.0-21.0-0.45","69ca93b861a695b1c1eec106","69cfc5a67eb051a242f7d83c","69d4e50d0ccfc13545482dd6","<p style=""font-size: 60px; font-family: FragmentMono"">QWVPXHPS</p>","","","training","","","","","","",""
"null","null","html-keyboard-response","620","729284","0.0-21.0-0.46","69ca93b861a695b1c1eec106","69cfc5a67eb051a242f7d83c","69d4e50d0ccfc13545482dd6","<p style=""font-size: 60px; font-family: FragmentMono"">RCSCSNKMT</p>","","","training","","","","","","",""
"null","null","html-keyboard-response","621","730290","0.0-21.0-0.47","69ca93b861a695b1c1eec106","69cfc5a67eb051a242f7d83c","69d4e50d0ccfc13545482dd6","<p style=""font-size: 60px; font-family: FragmentMono"">QWVPXMVCM</p>","","","training","","","","","","",""
"null","null","html-keyboard-response","622","731298","0.0-21.0-0.48","69ca93b861a695b1c1eec106","69cfc5a67eb051a242f7d83c","69d4e50d0ccfc13545482dd6","<p style=""font-size: 60px; font-family: FragmentMono"">CGYAMURO</p>","","","training","","","","","","",""
"null","null","html-keyboard-response","623","732306","0.0-21.0-0.49","69ca93b861a695b1c1eec106","69cfc5a67eb051a242f7d83c","69d4e50d0ccfc13545482dd6","<p style=""font-size: 60px; font-family: FragmentMono"">WOFHNKMT</p>","","","training","","","","","","",""
"null","null","html-keyboard-response","624","733313","0.0-21.0-0.50","69ca93b861a695b1c1eec106","69cfc5a67eb051a242f7d83c","69d4e50d0ccfc13545482dd6","<p style=""font-size: 60px; font-family: FragmentMono"">RGWFWJNO</p>","","","training","","","","","","",""
"null","null","html-keyboard-response","625","734318","0.0-21.0-0.51","69ca93b861a695b1c1eec106","69cfc5a67eb051a242f7d83c","69d4e50d0ccfc13545482dd6","<p style=""font-size: 60px; font-family: FragmentMono"">VFZKDNKMT</p>","","","training","","","","","","",""
"null","null","html-keyboard-response","626","735324","0.0-21.0-0.52","69ca93b861a695b1c1eec106","69cfc5a67eb051a242f7d83c","69d4e50d0ccfc13545482dd6","<p style=""font-size: 60px; font-family: FragmentMono"">ZUKXOJOEX</p>","","","training","","","","","","",""
"null","null","html-keyboard-response","627","736327","0.0-21.0-0.53","69ca93b861a695b1c1eec106","69cfc5a67eb051a242f7d83c","69d4e50d0ccfc13545482dd6","<p style=""font-size: 60px; font-family: FragmentMono"">RGWFWGQKI</p>","","","training","","","","","","",""
"null","null","html-keyboard-response","628","737334","0.0-21.0-0.54","69ca93b861a695b1c1eec106","69cfc5a67eb051a242f7d83c","69d4e50d0ccfc13545482dd6","<p style=""font-size: 60px; font-family: FragmentMono"">SHXVKMVCM</p>","","","training","","","","","","",""
"null","null","html-keyboard-response","629","738341","0.0-21.0-0.55","69ca93b861a695b1c1eec106","69cfc5a67eb051a242f7d83c","69d4e50d0ccfc13545482dd6","<p style=""font-size: 60px; font-family: FragmentMono"">WOFHJOEX</p>","","","training","","","","","","",""
"null","null","html-keyboard-response","630","739347","0.0-21.0-0.56","69ca93b861a695b1c1eec106","69cfc5a67eb051a242f7d83c","69d4e50d0ccfc13545482dd6","<p style=""font-size: 60px; font-family: FragmentMono"">ZBTFMVCM</p>","","","training","","","","","","",""
"null","null","html-keyboard-response","631","740358","0.0-21.0-0.57","69ca93b861a695b1c1eec106","69cfc5a67eb051a242f7d83c","69d4e50d0ccfc13545482dd6","<p style=""font-size: 60px; font-family: FragmentMono"">WAEMIHPS</p>","","","training","","","","","","",""
"null","null","html-keyboard-response","632","741362","0.0-21.0-0.58","69ca93b861a695b1c1eec106","69cfc5a67eb051a242f7d83c","69d4e50d0ccfc13545482dd6","<p style=""font-size: 60px; font-family: FragmentMono"">VFZKDJOEX</p>","","","training","","","","","","",""
"null","null","html-keyboard-response","633","742365","0.0-21.0-0.59","69ca93b861a695b1c1eec106","69cfc5a67eb051a242f7d83c","69d4e50d0ccfc13545482dd6","<p style=""font-size: 60px; font-family: FragmentMono"">NOQIJNO</p>","","","training","","","","","","",""
"null","null","html-keyboard-response","634","743379","0.0-21.0-0.60","69ca93b861a695b1c1eec106","69cfc5a67eb051a242f7d83c","69d4e50d0ccfc13545482dd6","<p style=""font-size: 60px; font-family: FragmentMono"">VFZKDURO</p>","","","training","","","","","","",""
"null","null","html-keyboard-response","635","744384","0.0-21.0-0.61","69ca93b861a695b1c1eec106","69cfc5a67eb051a242f7d83c","69d4e50d0ccfc13545482dd6","<p style=""font-size: 60px; font-family: FragmentMono"">FZLFJNO</p>","","","training","","","","","","",""
"null","null","html-keyboard-response","636","745398","0.0-21.0-0.62","69ca93b861a695b1c1eec106","69cfc5a67eb051a242f7d83c","69d4e50d0ccfc13545482dd6","<p style=""font-size: 60px; font-family: FragmentMono"">QKSPNKMT</p>","","","training","","","","","","",""
"null","null","html-keyboard-response","637","746402","0.0-21.0-0.63","69ca93b861a695b1c1eec106","69cfc5a67eb051a242f7d83c","69d4e50d0ccfc13545482dd6","<p style=""font-size: 60px; font-family: FragmentMono"">WAEMIJNO</p>","","","training","","","","","","",""
"null","null","html-keyboard-response","638","747404","0.0-21.0-0.64","69ca93b861a695b1c1eec106","69cfc5a67eb051a242f7d83c","69d4e50d0ccfc13545482dd6","<p style=""font-size: 60px; font-family: FragmentMono"">RCSCSJOEX</p>","","","training","","","","","","",""
"null","null","html-keyboard-response","639","748408","0.0-21.0-0.65","69ca93b861a695b1c1eec106","69cfc5a67eb051a242f7d83c","69d4e50d0ccfc13545482dd6","<p style=""font-size: 60px; font-family: FragmentMono"">XPWJFURO</p>","","","training","","","","","","",""
"null","null","html-keyboard-response","640","749417","0.0-21.0-0.66","69ca93b861a695b1c1eec106","69cfc5a67eb051a242f7d83c","69d4e50d0ccfc13545482dd6","<p style=""font-size: 60px; font-family: FragmentMono"">ZBTFHPS</p>","","","training","","","","","","",""
"null","null","html-keyboard-response","641","750422","0.0-21.0-0.67","69ca93b861a695b1c1eec106","69cfc5a67eb051a242f7d83c","69d4e50d0ccfc13545482dd6","<p style=""font-size: 60px; font-family: FragmentMono"">CTSBIZBG</p>","","","training","","","","","","",""
"null","null","html-keyboard-response","642","751423","0.0-21.0-0.68","69ca93b861a695b1c1eec106","69cfc5a67eb051a242f7d83c","69d4e50d0ccfc13545482dd6","<p style=""font-size: 60px; font-family: FragmentMono"">QWVPXJNO</p>","","","training","","","","","","",""
"null","null","html-keyboard-response","643","752428","0.0-21.0-0.69","69ca93b861a695b1c1eec106","69cfc5a67eb051a242f7d83c","69d4e50d0ccfc13545482dd6","<p style=""font-size: 60px; font-family: FragmentMono"">XPWJFNKMT</p>","","","training","","","","","","",""
"null","null","html-keyboard-response","644","753435","0.0-21.0-0.70","69ca93b861a695b1c1eec106","69cfc5a67eb051a242f7d83c","69d4e50d0ccfc13545482dd6","<p style=""font-size: 60px; font-family: FragmentMono"">SHXVKGQKI</p>","","","training","","","","","","",""
"null","null","html-keyboard-response","645","754443","0.0-21.0-0.71","69ca93b861a695b1c1eec106","69cfc5a67eb051a242f7d83c","69d4e50d0ccfc13545482dd6","<p style=""font-size: 60px; font-family: FragmentMono"">UWQEOURO</p>","","","training","","","","","","",""
"null","null","html-keyboard-response","646","755449","0.0-21.0-0.72","69ca93b861a695b1c1eec106","69cfc5a67eb051a242f7d83c","69d4e50d0ccfc13545482dd6","<p style=""font-size: 60px; font-family: FragmentMono"">NOQIGQKI</p>","","","training","","","","","","",""
"null","null","html-keyboard-response","647","756457","0.0-21.0-0.73","69ca93b861a695b1c1eec106","69cfc5a67eb051a242f7d83c","69d4e50d0ccfc13545482dd6","<p style=""font-size: 60px; font-family: FragmentMono"">EODBARXV</p>","","","training","","","","","","",""
"null","null","html-keyboard-response","648","757458","0.0-21.0-0.74","69ca93b861a695b1c1eec106","69cfc5a67eb051a242f7d83c","69d4e50d0ccfc13545482dd6","<p style=""font-size: 60px; font-family: FragmentMono"">YKJSIMVCM</p>","","","training","","","","","","",""
"null","null","html-keyboard-response","649","758466","0.0-21.0-0.75","69ca93b861a695b1c1eec106","69cfc5a67eb051a242f7d83c","69d4e50d0ccfc13545482dd6","<p style=""font-size: 60px; font-family: FragmentMono"">UWQEORXV</p>","","","training","","","","","","",""
"null","null","html-keyboard-response","650","759473","0.0-21.0-0.76","69ca93b861a695b1c1eec106","69cfc5a67eb051a242f7d83c","69d4e50d0ccfc13545482dd6","<p style=""font-size: 60px; font-family: FragmentMono"">RGWFWMVCM</p>","","","training","","","","","","",""
"null","null","html-keyboard-response","651","760479","0.0-21.0-0.77","69ca93b861a695b1c1eec106","69cfc5a67eb051a242f7d83c","69d4e50d0ccfc13545482dd6","<p style=""font-size: 60px; font-family: FragmentMono"">ZUKXOTUXE</p>","","","training","","","","","","",""
"null","null","html-keyboard-response","652","761494","0.0-21.0-0.78","69ca93b861a695b1c1eec106","69cfc5a67eb051a242f7d83c","69d4e50d0ccfc13545482dd6","<p style=""font-size: 60px; font-family: FragmentMono"">QKSPJOEX</p>","","","training","","","","","","",""
"null","null","html-keyboard-response","653","762501","0.0-21.0-0.79","69ca93b861a695b1c1eec106","69cfc5a67eb051a242f7d83c","69d4e50d0ccfc13545482dd6","<p style=""font-size: 60px; font-family: FragmentMono"">CGYAMTUXE</p>","","","training","","","","","","",""
"3080"," ","html-keyboard-response","654","765582","0.0-22.0","69ca93b861a695b1c1eec106","69cfc5a67eb051a242f7d83c","69d4e50d0ccfc13545482dd6","<p style=""font-size: 30px"">Great! You've seen all the words that we received from space.</p>
      <p style=""font-size: 30px"">Press the spacebar when you're ready to continue.</p>","","","","","","","","","",""
"34631"," ","html-keyboard-response","655","800214","0.0-23.0","69ca93b861a695b1c1eec106","69cfc5a67eb051a242f7d83c","69d4e50d0ccfc13545482dd6","<p style=""font-size: 30px"">In this second part, you'll be given some words from a new communication from the same group of aliens, and others that belong to a communication from a different group of aliens. However, the two communications arrived at the same time, so the words are mixed up. Your task is to identify the words that belong to the same group of aliens as the communication you saw in the first part of the experiment.</p>
      <p style=""font-size: 30px"">This is a very tricky task, since both alien groups use the same characters. Your meeting with the world leaders starts very soon, so you won't have much time to decide; you need to work quickly. Try to do your best using your intuition; you don't have much time to spend thinking about each word.</p>
      <p style=""font-size: 30px"">Press <strong>k</strong> when you think that the word you're being shown is from the same group of aliens as before, and <strong>d</strong> when you think it's from a communication from the other alien group.</p><p>Press the spacebar when you're ready to begin.</p>","","","","","","","","","",""
"1774","d","html-keyboard-response","656","801989","0.0-24.0-0.0","69ca93b861a695b1c1eec106","69cfc5a67eb051a242f7d83c","69d4e50d0ccfc13545482dd6","<p style=""font-size: 30px;"">Does this word come from the alien group you studied previously?</p><br><p style=""font-size: 60px; font-family: FragmentMono"">WAEMIMVCM<p style=""font-size: 15px"">Press <strong>k</strong> for yes, <strong>d</strong> for no.</p>","","","testing","WAEMIMVCM","k","[""morphemeXmorpheme""]","false","","",""
"8190","d","html-keyboard-response","657","810181","0.0-24.0-0.1","69ca93b861a695b1c1eec106","69cfc5a67eb051a242f7d83c","69d4e50d0ccfc13545482dd6","<p style=""font-size: 30px;"">Does this word come from the alien group you studied previously?</p><br><p style=""font-size: 60px; font-family: FragmentMono"">YIDUNZBG<p style=""font-size: 15px"">Press <strong>k</strong> for yes, <strong>d</strong> for no.</p>","","","testing","YIDUNZBG","k","[""morphemeXmorpheme""]","false","","",""
"2968"," ","html-keyboard-response","658","813149","0.0-24.0-1.1-0.1","69ca93b861a695b1c1eec106","69cfc5a67eb051a242f7d83c","69d4e50d0ccfc13545482dd6","<p style=""font-size: 30px; color: red"">Careful! You were too slow for this word.</p>
      <p style=""font-size: 30px; color: red"">Try to be faster.</p><p></p><p>Press the spacebar to continue.</p>","","","","","","","","","",""
"1943","d","html-keyboard-response","659","815093","0.0-24.0-0.2","69ca93b861a695b1c1eec106","69cfc5a67eb051a242f7d83c","69d4e50d0ccfc13545482dd6","<p style=""font-size: 30px;"">Does this word come from the alien group you studied previously?</p><br><p style=""font-size: 60px; font-family: FragmentMono"">UWQEOYFHR<p style=""font-size: 15px"">Press <strong>k</strong> for yes, <strong>d</strong> for no.</p>","","","testing","UWQEOYFHR","k","[""morphemeXmorcode""]","false","","",""
"1055","d","html-keyboard-response","660","816149","0.0-24.0-0.3","69ca93b861a695b1c1eec106","69cfc5a67eb051a242f7d83c","69d4e50d0ccfc13545482dd6","<p style=""font-size: 30px"">&emsp;</p><br><p style=""font-size: 60px; font-family: FragmentMono"">PJPTIBWXL<p style=""font-size: 15px"">Press <strong>k</strong> for yes, <strong>d</strong> for no.</p>","","","testing","PJPTIBWXL","d","[""morcodeXmorcode""]","true","","",""
"1663","d","html-keyboard-response","661","817813","0.0-24.0-0.4","69ca93b861a695b1c1eec106","69cfc5a67eb051a242f7d83c","69d4e50d0ccfc13545482dd6","<p style=""font-size: 30px"">&emsp;</p><br><p style=""font-size: 60px; font-family: FragmentMono"">IDEUBNKMT<p style=""font-size: 15px"">Press <strong>k</strong> for yes, <strong>d</strong> for no.</p>","","","testing","IDEUBNKMT","k","[""morcodeXmorpheme""]","false","","",""
"1727","d","html-keyboard-response","662","819541","0.0-24.0-0.5","69ca93b861a695b1c1eec106","69cfc5a67eb051a242f7d83c","69d4e50d0ccfc13545482dd6","<p style=""font-size: 30px"">&emsp;</p><br><p style=""font-size: 60px; font-family: FragmentMono"">OEDRAVXB<p style=""font-size: 15px"">Press <strong>k</strong> for yes, <strong>d</strong> for no.</p>","","","testing","OEDRAVXB","d","[""morcodeXmorcode""]","true","","",""
"1295","k","html-keyboard-response","663","820837","0.0-24.0-0.6","69ca93b861a695b1c1eec106","69cfc5a67eb051a242f7d83c","69d4e50d0ccfc13545482dd6","<p style=""font-size: 30px"">&emsp;</p><br><p style=""font-size: 60px; font-family: FragmentMono"">CGYAMGQKI<p style=""font-size: 15px"">Press <strong>k</strong> for yes, <strong>d</strong> for no.</p>","","","testing","CGYAMGQKI","d","[""morphemeXmorpheme""]","false","","",""
"2111","k","html-keyboard-response","664","822949","0.0-24.0-0.7","69ca93b861a695b1c1eec106","69cfc5a67eb051a242f7d83c","69d4e50d0ccfc13545482dd6","<p style=""font-size: 30px"">&emsp;</p><br><p style=""font-size: 60px; font-family: FragmentMono"">WFQNZPTPZ<p style=""font-size: 15px"">Press <strong>k</strong> for yes, <strong>d</strong> for no.</p>","","","testing","WFQNZPTPZ","d","[""morcodeXmorcode""]","false","","",""
"1288"," ","html-keyboard-response","665","824237","0.0-24.0-1.7-0.7","69ca93b861a695b1c1eec106","69cfc5a67eb051a242f7d83c","69d4e50d0ccfc13545482dd6","<p style=""font-size: 30px; color: red"">Careful! You were too slow for this word.</p>
      <p style=""font-size: 30px; color: red"">Try to be faster.</p><p></p><p>Press the spacebar to continue.</p>","","","","","","","","","",""
"1710","d","html-keyboard-response","666","825948","0.0-24.0-0.8","69ca93b861a695b1c1eec106","69cfc5a67eb051a242f7d83c","69d4e50d0ccfc13545482dd6","<p style=""font-size: 30px"">&emsp;</p><br><p style=""font-size: 60px; font-family: FragmentMono"">CGYAMQTDV<p style=""font-size: 15px"">Press <strong>k</strong> for yes, <strong>d</strong> for no.</p>","","","testing","CGYAMQTDV","k","[""morphemeXmorcode""]","false","","",""
"928","k","html-keyboard-response","667","826877","0.0-24.0-0.9","69ca93b861a695b1c1eec106","69cfc5a67eb051a242f7d83c","69d4e50d0ccfc13545482dd6","<p style=""font-size: 30px"">&emsp;</p><br><p style=""font-size: 60px; font-family: FragmentMono"">UWQEOJOEX<p style=""font-size: 15px"">Press <strong>k</strong> for yes, <strong>d</strong> for no.</p>","","","testing","UWQEOJOEX","k","[""morphemeXmorpheme""]","true","","",""
"2463","d","html-keyboard-response","668","829341","0.0-24.0-0.10","69ca93b861a695b1c1eec106","69cfc5a67eb051a242f7d83c","69d4e50d0ccfc13545482dd6","<p style=""font-size: 30px"">&emsp;</p><br><p style=""font-size: 60px; font-family: FragmentMono"">JZPMAJH<p style=""font-size: 15px"">Press <strong>k</strong> for yes, <strong>d</strong> for no.</p>","","","testing","JZPMAJH","d","[""morcodeXmorcode""]","true","","",""
"632"," ","html-keyboard-response","669","829973","0.0-24.0-1.10-0.10","69ca93b861a695b1c1eec106","69cfc5a67eb051a242f7d83c","69d4e50d0ccfc13545482dd6","<p style=""font-size: 30px; color: red"">Careful! You were too slow for this word.</p>
      <p style=""font-size: 30px; color: red"">Try to be faster.</p><p></p><p>Press the spacebar to continue.</p>","","","","","","","","","",""
"1551","d","html-keyboard-response","670","831524","0.0-24.0-0.11","69ca93b861a695b1c1eec106","69cfc5a67eb051a242f7d83c","69d4e50d0ccfc13545482dd6","<p style=""font-size: 30px"">&emsp;</p><br><p style=""font-size: 60px; font-family: FragmentMono"">ZUKXOCGHN<p style=""font-size: 15px"">Press <strong>k</strong> for yes, <strong>d</strong> for no.</p>","","","testing","ZUKXOCGHN","k","[""morphemeXmorcode""]","false","","",""
"855","d","html-keyboard-response","671","832379","0.0-24.0-0.12","69ca93b861a695b1c1eec106","69cfc5a67eb051a242f7d83c","69d4e50d0ccfc13545482dd6","<p style=""font-size: 30px"">&emsp;</p><br><p style=""font-size: 60px; font-family: FragmentMono"">DRBWZBG<p style=""font-size: 15px"">Press <strong>k</strong> for yes, <strong>d</strong> for no.</p>","","","testing","DRBWZBG","k","[""morcodeXmorpheme""]","false","","",""
"1057","d","html-keyboard-response","672","833437","0.0-24.0-0.13","69ca93b861a695b1c1eec106","69cfc5a67eb051a242f7d83c","69d4e50d0ccfc13545482dd6","<p style=""font-size: 30px"">&emsp;</p><br><p style=""font-size: 60px; font-family: FragmentMono"">WAEMIEZUR<p style=""font-size: 15px"">Press <strong>k</strong> for yes, <strong>d</strong> for no.</p>","","","testing","WAEMIEZUR","k","[""morphemeXmorcode""]","false","","",""
"1815","d","html-keyboard-response","673","835253","0.0-24.0-0.14","69ca93b861a695b1c1eec106","69cfc5a67eb051a242f7d83c","69d4e50d0ccfc13545482dd6","<p style=""font-size: 30px"">&emsp;</p><br><p style=""font-size: 60px; font-family: FragmentMono"">HNCXAEDK<p style=""font-size: 15px"">Press <strong>k</strong> for yes, <strong>d</strong> for no.</p>","","","testing","HNCXAEDK","d","[""morcodeXmorcode""]","true","","",""
"999","d","html-keyboard-response","674","836253","0.0-24.0-0.15","69ca93b861a695b1c1eec106","69cfc5a67eb051a242f7d83c","69d4e50d0ccfc13545482dd6","<p style=""font-size: 30px"">&emsp;</p><br><p style=""font-size: 60px; font-family: FragmentMono"">THVXZZBG<p style=""font-size: 15px"">Press <strong>k</strong> for yes, <strong>d</strong> for no.</p>","","","testing","THVXZZBG","k","[""morcodeXmorpheme""]","false","","",""
"1839","d","html-keyboard-response","675","838093","0.0-24.0-0.16","69ca93b861a695b1c1eec106","69cfc5a67eb051a242f7d83c","69d4e50d0ccfc13545482dd6","<p style=""font-size: 30px"">&emsp;</p><br><p style=""font-size: 60px; font-family: FragmentMono"">VEVCHRXV<p style=""font-size: 15px"">Press <strong>k</strong> for yes, <strong>d</strong> for no.</p>","","","testing","VEVCHRXV","k","[""morcodeXmorpheme""]","false","","",""
"1023","k","html-keyboard-response","676","839117","0.0-24.0-0.17","69ca93b861a695b1c1eec106","69cfc5a67eb051a242f7d83c","69d4e50d0ccfc13545482dd6","<p style=""font-size: 30px"">&emsp;</p><br><p style=""font-size: 60px; font-family: FragmentMono"">IPHAQJNO<p style=""font-size: 15px"">Press <strong>k</strong> for yes, <strong>d</strong> for no.</p>","","","testing","IPHAQJNO","k","[""morcodeXmorpheme""]","true","","",""
"1391","d","html-keyboard-response","677","840509","0.0-24.0-0.18","69ca93b861a695b1c1eec106","69cfc5a67eb051a242f7d83c","69d4e50d0ccfc13545482dd6","<p style=""font-size: 30px"">&emsp;</p><br><p style=""font-size: 60px; font-family: FragmentMono"">QWBSJJFN<p style=""font-size: 15px"">Press <strong>k</strong> for yes, <strong>d</strong> for no.</p>","","","testing","QWBSJJFN","d","[""morcodeXmorcode""]","true","","",""
"1607","d","html-keyboard-response","678","842117","0.0-24.0-0.19","69ca93b861a695b1c1eec106","69cfc5a67eb051a242f7d83c","69d4e50d0ccfc13545482dd6","<p style=""font-size: 30px"">&emsp;</p><br><p style=""font-size: 60px; font-family: FragmentMono"">TLCHGBLZE<p style=""font-size: 15px"">Press <strong>k</strong> for yes, <strong>d</strong> for no.</p>","","","testing","TLCHGBLZE","d","[""morcodeXmorcode""]","true","","",""
"1111","k","html-keyboard-response","679","843229","0.0-24.0-0.20","69ca93b861a695b1c1eec106","69cfc5a67eb051a242f7d83c","69d4e50d0ccfc13545482dd6","<p style=""font-size: 30px"">&emsp;</p><br><p style=""font-size: 60px; font-family: FragmentMono"">NXGQGJNO<p style=""font-size: 15px"">Press <strong>k</strong> for yes, <strong>d</strong> for no.</p>","","","testing","NXGQGJNO","k","[""morcodeXmorpheme""]","true","","",""
"1768","d","html-keyboard-response","680","844997","0.0-24.0-0.21","69ca93b861a695b1c1eec106","69cfc5a67eb051a242f7d83c","69d4e50d0ccfc13545482dd6","<p style=""font-size: 30px"">&emsp;</p><br><p style=""font-size: 60px; font-family: FragmentMono"">QWBSJOWMF<p style=""font-size: 15px"">Press <strong>k</strong> for yes, <strong>d</strong> for no.</p>","","","testing","QWBSJOWMF","d","[""morcodeXmorcode""]","true","","",""
"904","d","html-keyboard-response","681","845901","0.0-24.0-0.22","69ca93b861a695b1c1eec106","69cfc5a67eb051a242f7d83c","69d4e50d0ccfc13545482dd6","<p style=""font-size: 30px"">&emsp;</p><br><p style=""font-size: 60px; font-family: FragmentMono"">RCSCSZBG<p style=""font-size: 15px"">Press <strong>k</strong> for yes, <strong>d</strong> for no.</p>","","","testing","RCSCSZBG","d","[""morphemeXmorpheme""]","true","","",""
"1255","d","html-keyboard-response","682","847157","0.0-24.0-0.23","69ca93b861a695b1c1eec106","69cfc5a67eb051a242f7d83c","69d4e50d0ccfc13545482dd6","<p style=""font-size: 30px"">&emsp;</p><br><p style=""font-size: 60px; font-family: FragmentMono"">QKSPRXV<p style=""font-size: 15px"">Press <strong>k</strong> for yes, <strong>d</strong> for no.</p>","","","testing","QKSPRXV","k","[""morphemeXmorpheme""]","false","","",""
"862","k","html-keyboard-response","683","848020","0.0-24.0-0.24","69ca93b861a695b1c1eec106","69cfc5a67eb051a242f7d83c","69d4e50d0ccfc13545482dd6","<p style=""font-size: 30px"">&emsp;</p><br><p style=""font-size: 60px; font-family: FragmentMono"">LUCWDJOEX<p style=""font-size: 15px"">Press <strong>k</strong> for yes, <strong>d</strong> for no.</p>","","","testing","LUCWDJOEX","k","[""morcodeXmorpheme""]","true","","",""
"2096","d","html-keyboard-response","684","850116","0.0-24.0-0.25","69ca93b861a695b1c1eec106","69cfc5a67eb051a242f7d83c","69d4e50d0ccfc13545482dd6","<p style=""font-size: 30px"">&emsp;</p><br><p style=""font-size: 60px; font-family: FragmentMono"">QWVPXNKMT<p style=""font-size: 15px"">Press <strong>k</strong> for yes, <strong>d</strong> for no.</p>","","","testing","QWVPXNKMT","d","[""morphemeXmorpheme""]","true","","",""
"656"," ","html-keyboard-response","685","850772","0.0-24.0-1.25-0.25","69ca93b861a695b1c1eec106","69cfc5a67eb051a242f7d83c","69d4e50d0ccfc13545482dd6","<p style=""font-size: 30px; color: red"">Careful! You were too slow for this word.</p>
      <p style=""font-size: 30px; color: red"">Try to be faster.</p><p></p><p>Press the spacebar to continue.</p>","","","","","","","","","",""
"952","d","html-keyboard-response","686","851724","0.0-24.0-0.26","69ca93b861a695b1c1eec106","69cfc5a67eb051a242f7d83c","69d4e50d0ccfc13545482dd6","<p style=""font-size: 30px"">&emsp;</p><br><p style=""font-size: 60px; font-family: FragmentMono"">JRZVHMVCM<p style=""font-size: 15px"">Press <strong>k</strong> for yes, <strong>d</strong> for no.</p>","","","testing","JRZVHMVCM","k","[""morcodeXmorpheme""]","false","","",""
"889","d","html-keyboard-response","687","852613","0.0-24.0-0.27","69ca93b861a695b1c1eec106","69cfc5a67eb051a242f7d83c","69d4e50d0ccfc13545482dd6","<p style=""font-size: 30px"">&emsp;</p><br><p style=""font-size: 60px; font-family: FragmentMono"">JZQMJLSKR<p style=""font-size: 15px"">Press <strong>k</strong> for yes, <strong>d</strong> for no.</p>","","","testing","JZQMJLSKR","d","[""morcodeXmorcode""]","true","","",""
"2686","d","html-keyboard-response","688","855300","0.0-24.0-0.28","69ca93b861a695b1c1eec106","69cfc5a67eb051a242f7d83c","69d4e50d0ccfc13545482dd6","<p style=""font-size: 30px"">&emsp;</p><br><p style=""font-size: 60px; font-family: FragmentMono"">AYNXOMZJH<p style=""font-size: 15px"">Press <strong>k</strong> for yes, <strong>d</strong> for no.</p>","","","testing","AYNXOMZJH","d","[""morcodeXmorcode""]","true","","",""
"375"," ","html-keyboard-response","689","855675","0.0-24.0-1.28-0.28","69ca93b861a695b1c1eec106","69cfc5a67eb051a242f7d83c","69d4e50d0ccfc13545482dd6","<p style=""font-size: 30px; color: red"">Careful! You were too slow for this word.</p>
      <p style=""font-size: 30px; color: red"">Try to be faster.</p><p></p><p>Press the spacebar to continue.</p>","","","","","","","","","",""
"1056","k","html-keyboard-response","690","856732","0.0-24.0-0.29","69ca93b861a695b1c1eec106","69cfc5a67eb051a242f7d83c","69d4e50d0ccfc13545482dd6","<p style=""font-size: 30px"">&emsp;</p><br><p style=""font-size: 60px; font-family: FragmentMono"">VDISURO<p style=""font-size: 15px"">Press <strong>k</strong> for yes, <strong>d</strong> for no.</p>","","","testing","VDISURO","k","[""morcodeXmorpheme""]","true","","",""
"1312","d","html-keyboard-response","691","858044","0.0-24.0-0.30","69ca93b861a695b1c1eec106","69cfc5a67eb051a242f7d83c","69d4e50d0ccfc13545482dd6","<p style=""font-size: 30px"">&emsp;</p><br><p style=""font-size: 60px; font-family: FragmentMono"">FEKLTGZX<p style=""font-size: 15px"">Press <strong>k</strong> for yes, <strong>d</strong> for no.</p>","","","testing","FEKLTGZX","d","[""morcodeXmorcode""]","true","","",""
"783","k","html-keyboard-response","692","858827","0.0-24.0-0.31","69ca93b861a695b1c1eec106","69cfc5a67eb051a242f7d83c","69d4e50d0ccfc13545482dd6","<p style=""font-size: 30px"">&emsp;</p><br><p style=""font-size: 60px; font-family: FragmentMono"">SHXVKJOEX<p style=""font-size: 15px"">Press <strong>k</strong> for yes, <strong>d</strong> for no.</p>","","","testing","SHXVKJOEX","d","[""morphemeXmorpheme""]","false","","",""
"1120","d","html-keyboard-response","693","859948","0.0-24.0-0.32","69ca93b861a695b1c1eec106","69cfc5a67eb051a242f7d83c","69d4e50d0ccfc13545482dd6","<p style=""font-size: 30px"">&emsp;</p><br><p style=""font-size: 60px; font-family: FragmentMono"">QWVPXCAVY<p style=""font-size: 15px"">Press <strong>k</strong> for yes, <strong>d</strong> for no.</p>","","","testing","QWVPXCAVY","k","[""morphemeXmorcode""]","false","","",""
"887","k","html-keyboard-response","694","860835","0.0-24.0-0.33","69ca93b861a695b1c1eec106","69cfc5a67eb051a242f7d83c","69d4e50d0ccfc13545482dd6","<p style=""font-size: 30px"">&emsp;</p><br><p style=""font-size: 60px; font-family: FragmentMono"">EODBAJOEX<p style=""font-size: 15px"">Press <strong>k</strong> for yes, <strong>d</strong> for no.</p>","","","testing","EODBAJOEX","k","[""morphemeXmorpheme""]","true","","",""
"969","k","html-keyboard-response","695","861805","0.0-24.0-0.34","69ca93b861a695b1c1eec106","69cfc5a67eb051a242f7d83c","69d4e50d0ccfc13545482dd6","<p style=""font-size: 30px"">&emsp;</p><br><p style=""font-size: 60px; font-family: FragmentMono"">NOQIURO<p style=""font-size: 15px"">Press <strong>k</strong> for yes, <strong>d</strong> for no.</p>","","","testing","NOQIURO","d","[""morphemeXmorpheme""]","false","","",""
"1710","d","html-keyboard-response","696","863516","0.0-24.0-0.35","69ca93b861a695b1c1eec106","69cfc5a67eb051a242f7d83c","69d4e50d0ccfc13545482dd6","<p style=""font-size: 30px"">&emsp;</p><br><p style=""font-size: 60px; font-family: FragmentMono"">WOFHZBG<p style=""font-size: 15px"">Press <strong>k</strong> for yes, <strong>d</strong> for no.</p>","","","testing","WOFHZBG","d","[""morphemeXmorpheme""]","true","","",""
"929","k","html-keyboard-response","697","864445","0.0-24.0-0.36","69ca93b861a695b1c1eec106","69cfc5a67eb051a242f7d83c","69d4e50d0ccfc13545482dd6","<p style=""font-size: 30px"">&emsp;</p><br><p style=""font-size: 60px; font-family: FragmentMono"">IDKYXGQKI<p style=""font-size: 15px"">Press <strong>k</strong> for yes, <strong>d</strong> for no.</p>","","","testing","IDKYXGQKI","k","[""morcodeXmorpheme""]","true","","",""
"663","k","html-keyboard-response","698","865108","0.0-24.0-0.37","69ca93b861a695b1c1eec106","69cfc5a67eb051a242f7d83c","69d4e50d0ccfc13545482dd6","<p style=""font-size: 30px"">&emsp;</p><br><p style=""font-size: 60px; font-family: FragmentMono"">QPMYJOEX<p style=""font-size: 15px"">Press <strong>k</strong> for yes, <strong>d</strong> for no.</p>","","","testing","QPMYJOEX","k","[""morcodeXmorpheme""]","true","","",""
"1040","d","html-keyboard-response","699","866149","0.0-24.0-0.38","69ca93b861a695b1c1eec106","69cfc5a67eb051a242f7d83c","69d4e50d0ccfc13545482dd6","<p style=""font-size: 30px"">&emsp;</p><br><p style=""font-size: 60px; font-family: FragmentMono"">YKJSINKMT<p style=""font-size: 15px"">Press <strong>k</strong> for yes, <strong>d</strong> for no.</p>","","","testing","YKJSINKMT","d","[""morphemeXmorpheme""]","true","","",""
"1318","d","html-keyboard-response","700","867468","0.0-24.0-0.39","69ca93b861a695b1c1eec106","69cfc5a67eb051a242f7d83c","69d4e50d0ccfc13545482dd6","<p style=""font-size: 30px"">&emsp;</p><br><p style=""font-size: 60px; font-family: FragmentMono"">CTSBITPK<p style=""font-size: 15px"">Press <strong>k</strong> for yes, <strong>d</strong> for no.</p>","","","testing","CTSBITPK","k","[""morphemeXmorcode""]","false","","",""
"1352","d","html-keyboard-response","701","868820","0.0-24.0-0.40","69ca93b861a695b1c1eec106","69cfc5a67eb051a242f7d83c","69d4e50d0ccfc13545482dd6","<p style=""font-size: 30px"">&emsp;</p><br><p style=""font-size: 60px; font-family: FragmentMono"">XQXQFNKMT<p style=""font-size: 15px"">Press <strong>k</strong> for yes, <strong>d</strong> for no.</p>","","","testing","XQXQFNKMT","k","[""morcodeXmorpheme""]","false","","",""
"1415","d","html-keyboard-response","702","870236","0.0-24.0-0.41","69ca93b861a695b1c1eec106","69cfc5a67eb051a242f7d83c","69d4e50d0ccfc13545482dd6","<p style=""font-size: 30px"">&emsp;</p><br><p style=""font-size: 60px; font-family: FragmentMono"">NPVHKDNYM<p style=""font-size: 15px"">Press <strong>k</strong> for yes, <strong>d</strong> for no.</p>","","","testing","NPVHKDNYM","k","[""morphemeXmorcode""]","false","","",""
"1608","d","html-keyboard-response","703","871845","0.0-24.0-0.42","69ca93b861a695b1c1eec106","69cfc5a67eb051a242f7d83c","69d4e50d0ccfc13545482dd6","<p style=""font-size: 30px"">&emsp;</p><br><p style=""font-size: 60px; font-family: FragmentMono"">JZUIEQFMC<p style=""font-size: 15px"">Press <strong>k</strong> for yes, <strong>d</strong> for no.</p>","","","testing","JZUIEQFMC","d","[""morcodeXmorcode""]","true","","",""
"1376","d","html-keyboard-response","704","873221","0.0-24.0-0.43","69ca93b861a695b1c1eec106","69cfc5a67eb051a242f7d83c","69d4e50d0ccfc13545482dd6","<p style=""font-size: 30px"">&emsp;</p><br><p style=""font-size: 60px; font-family: FragmentMono"">WDZBSTZF<p style=""font-size: 15px"">Press <strong>k</strong> for yes, <strong>d</strong> for no.</p>","","","testing","WDZBSTZF","d","[""morcodeXmorcode""]","true","","",""
"942","k","html-keyboard-response","705","874164","0.0-24.0-0.44","69ca93b861a695b1c1eec106","69cfc5a67eb051a242f7d83c","69d4e50d0ccfc13545482dd6","<p style=""font-size: 30px"">&emsp;</p><br><p style=""font-size: 60px; font-family: FragmentMono"">NPVHKHPS<p style=""font-size: 15px"">Press <strong>k</strong> for yes, <strong>d</strong> for no.</p>","","","testing","NPVHKHPS","d","[""morphemeXmorpheme""]","false","","",""
"1322","d","html-keyboard-response","706","875486","0.0-24.0-0.45","69ca93b861a695b1c1eec106","69cfc5a67eb051a242f7d83c","69d4e50d0ccfc13545482dd6","<p style=""font-size: 30px"">&emsp;</p><br><p style=""font-size: 60px; font-family: FragmentMono"">QKSPQHS<p style=""font-size: 15px"">Press <strong>k</strong> for yes, <strong>d</strong> for no.</p>","","","testing","QKSPQHS","k","[""morphemeXmorcode""]","false","","",""
"814","k","html-keyboard-response","707","876301","0.0-24.0-0.46","69ca93b861a695b1c1eec106","69cfc5a67eb051a242f7d83c","69d4e50d0ccfc13545482dd6","<p style=""font-size: 30px"">&emsp;</p><br><p style=""font-size: 60px; font-family: FragmentMono"">SHXVKJNO<p style=""font-size: 15px"">Press <strong>k</strong> for yes, <strong>d</strong> for no.</p>","","","testing","SHXVKJNO","k","[""morphemeXmorpheme""]","true","","",""
"1224","d","html-keyboard-response","708","877525","0.0-24.0-0.47","69ca93b861a695b1c1eec106","69cfc5a67eb051a242f7d83c","69d4e50d0ccfc13545482dd6","<p style=""font-size: 30px"">&emsp;</p><br><p style=""font-size: 60px; font-family: FragmentMono"">QTYRQILVQ<p style=""font-size: 15px"">Press <strong>k</strong> for yes, <strong>d</strong> for no.</p>","","","testing","QTYRQILVQ","d","[""morcodeXmorcode""]","true","","",""
"1631","k","html-keyboard-response","709","879157","0.0-24.0-0.48","69ca93b861a695b1c1eec106","69cfc5a67eb051a242f7d83c","69d4e50d0ccfc13545482dd6","<p style=""font-size: 30px"">&emsp;</p><br><p style=""font-size: 60px; font-family: FragmentMono"">ZUKXOGQKI<p style=""font-size: 15px"">Press <strong>k</strong> for yes, <strong>d</strong> for no.</p>","","","testing","ZUKXOGQKI","d","[""morphemeXmorpheme""]","false","","",""
"1415","k","html-keyboard-response","710","880573","0.0-24.0-0.49","69ca93b861a695b1c1eec106","69cfc5a67eb051a242f7d83c","69d4e50d0ccfc13545482dd6","<p style=""font-size: 30px"">&emsp;</p><br><p style=""font-size: 60px; font-family: FragmentMono"">VRIHBTUXE<p style=""font-size: 15px"">Press <strong>k</strong> for yes, <strong>d</strong> for no.</p>","","","testing","VRIHBTUXE","k","[""morcodeXmorpheme""]","true","","",""
"1062","k","html-keyboard-response","711","881636","0.0-24.0-0.50","69ca93b861a695b1c1eec106","69cfc5a67eb051a242f7d83c","69d4e50d0ccfc13545482dd6","<p style=""font-size: 30px"">&emsp;</p><br><p style=""font-size: 60px; font-family: FragmentMono"">WMZMMHPS<p style=""font-size: 15px"">Press <strong>k</strong> for yes, <strong>d</strong> for no.</p>","","","testing","WMZMMHPS","k","[""morcodeXmorpheme""]","true","","",""
"1632","d","html-keyboard-response","712","883269","0.0-24.0-0.51","69ca93b861a695b1c1eec106","69cfc5a67eb051a242f7d83c","69d4e50d0ccfc13545482dd6","<p style=""font-size: 30px"">&emsp;</p><br><p style=""font-size: 60px; font-family: FragmentMono"">VFZKDJIGU<p style=""font-size: 15px"">Press <strong>k</strong> for yes, <strong>d</strong> for no.</p>","","","testing","VFZKDJIGU","k","[""morphemeXmorcode""]","false","","",""
"1535","d","html-keyboard-response","713","884805","0.0-24.0-0.52","69ca93b861a695b1c1eec106","69cfc5a67eb051a242f7d83c","69d4e50d0ccfc13545482dd6","<p style=""font-size: 30px"">&emsp;</p><br><p style=""font-size: 60px; font-family: FragmentMono"">HUVWUJFN<p style=""font-size: 15px"">Press <strong>k</strong> for yes, <strong>d</strong> for no.</p>","","","testing","HUVWUJFN","d","[""morcodeXmorcode""]","true","","",""
"887","k","html-keyboard-response","714","885693","0.0-24.0-0.53","69ca93b861a695b1c1eec106","69cfc5a67eb051a242f7d83c","69d4e50d0ccfc13545482dd6","<p style=""font-size: 30px"">&emsp;</p><br><p style=""font-size: 60px; font-family: FragmentMono"">QWVPXGQKI<p style=""font-size: 15px"">Press <strong>k</strong> for yes, <strong>d</strong> for no.</p>","","","testing","QWVPXGQKI","k","[""morphemeXmorpheme""]","true","","",""
"2688","d","html-keyboard-response","715","888381","0.0-24.0-0.54","69ca93b861a695b1c1eec106","69cfc5a67eb051a242f7d83c","69d4e50d0ccfc13545482dd6","<p style=""font-size: 30px"">&emsp;</p><br><p style=""font-size: 60px; font-family: FragmentMono"">KLDSJAWSU<p style=""font-size: 15px"">Press <strong>k</strong> for yes, <strong>d</strong> for no.</p>","","","testing","KLDSJAWSU","d","[""morcodeXmorcode""]","true","","",""
"599"," ","html-keyboard-response","716","888981","0.0-24.0-1.54-0.54","69ca93b861a695b1c1eec106","69cfc5a67eb051a242f7d83c","69d4e50d0ccfc13545482dd6","<p style=""font-size: 30px; color: red"">Careful! You were too slow for this word.</p>
      <p style=""font-size: 30px; color: red"">Try to be faster.</p><p></p><p>Press the spacebar to continue.</p>","","","","","","","","","",""
"1382","d","html-keyboard-response","717","890364","0.0-24.0-0.55","69ca93b861a695b1c1eec106","69cfc5a67eb051a242f7d83c","69d4e50d0ccfc13545482dd6","<p style=""font-size: 30px"">&emsp;</p><br><p style=""font-size: 60px; font-family: FragmentMono"">AEBWEYX<p style=""font-size: 15px"">Press <strong>k</strong> for yes, <strong>d</strong> for no.</p>","","","testing","AEBWEYX","d","[""morcodeXmorcode""]","true","","",""
"1312","d","html-keyboard-response","718","891677","0.0-24.0-0.56","69ca93b861a695b1c1eec106","69cfc5a67eb051a242f7d83c","69d4e50d0ccfc13545482dd6","<p style=""font-size: 30px"">&emsp;</p><br><p style=""font-size: 60px; font-family: FragmentMono"">YIDUNPMZ<p style=""font-size: 15px"">Press <strong>k</strong> for yes, <strong>d</strong> for no.</p>","","","testing","YIDUNPMZ","k","[""morphemeXmorcode""]","false","","",""
"999","k","html-keyboard-response","719","892677","0.0-24.0-0.57","69ca93b861a695b1c1eec106","69cfc5a67eb051a242f7d83c","69d4e50d0ccfc13545482dd6","<p style=""font-size: 30px"">&emsp;</p><br><p style=""font-size: 60px; font-family: FragmentMono"">NOQIZBG<p style=""font-size: 15px"">Press <strong>k</strong> for yes, <strong>d</strong> for no.</p>","","","testing","NOQIZBG","k","[""morphemeXmorpheme""]","true","","",""
"1751","d","html-keyboard-response","720","894429","0.0-24.0-0.58","69ca93b861a695b1c1eec106","69cfc5a67eb051a242f7d83c","69d4e50d0ccfc13545482dd6","<p style=""font-size: 30px"">&emsp;</p><br><p style=""font-size: 60px; font-family: FragmentMono"">SZIDKYI<p style=""font-size: 15px"">Press <strong>k</strong> for yes, <strong>d</strong> for no.</p>","","","testing","SZIDKYI","d","[""morcodeXmorcode""]","true","","",""
"1263","d","html-keyboard-response","721","895693","0.0-24.0-0.59","69ca93b861a695b1c1eec106","69cfc5a67eb051a242f7d83c","69d4e50d0ccfc13545482dd6","<p style=""font-size: 30px"">&emsp;</p><br><p style=""font-size: 60px; font-family: FragmentMono"">WZUYTVCEG<p style=""font-size: 15px"">Press <strong>k</strong> for yes, <strong>d</strong> for no.</p>","","","testing","WZUYTVCEG","d","[""morcodeXmorcode""]","true","","",""
"1551","d","html-keyboard-response","722","897245","0.0-24.0-0.60","69ca93b861a695b1c1eec106","69cfc5a67eb051a242f7d83c","69d4e50d0ccfc13545482dd6","<p style=""font-size: 30px"">&emsp;</p><br><p style=""font-size: 60px; font-family: FragmentMono"">SQBUDEIQ<p style=""font-size: 15px"">Press <strong>k</strong> for yes, <strong>d</strong> for no.</p>","","","testing","SQBUDEIQ","d","[""morcodeXmorcode""]","true","","",""
"1470","d","html-keyboard-response","723","898716","0.0-24.0-0.61","69ca93b861a695b1c1eec106","69cfc5a67eb051a242f7d83c","69d4e50d0ccfc13545482dd6","<p style=""font-size: 30px"">&emsp;</p><br><p style=""font-size: 60px; font-family: FragmentMono"">FZLFOBJA<p style=""font-size: 15px"">Press <strong>k</strong> for yes, <strong>d</strong> for no.</p>","","","testing","FZLFOBJA","k","[""morphemeXmorcode""]","false","","",""
"800","k","html-keyboard-response","724","899517","0.0-24.0-0.62","69ca93b861a695b1c1eec106","69cfc5a67eb051a242f7d83c","69d4e50d0ccfc13545482dd6","<p style=""font-size: 30px"">&emsp;</p><br><p style=""font-size: 60px; font-family: FragmentMono"">RGWFWTUXE<p style=""font-size: 15px"">Press <strong>k</strong> for yes, <strong>d</strong> for no.</p>","","","testing","RGWFWTUXE","d","[""morphemeXmorpheme""]","false","","",""
"1455","d","html-keyboard-response","725","900973","0.0-24.0-0.63","69ca93b861a695b1c1eec106","69cfc5a67eb051a242f7d83c","69d4e50d0ccfc13545482dd6","<p style=""font-size: 30px"">&emsp;</p><br><p style=""font-size: 60px; font-family: FragmentMono"">XGCBCQMO<p style=""font-size: 15px"">Press <strong>k</strong> for yes, <strong>d</strong> for no.</p>","","","testing","XGCBCQMO","d","[""morcodeXmorcode""]","true","","",""
"991","d","html-keyboard-response","726","901965","0.0-24.0-0.64","69ca93b861a695b1c1eec106","69cfc5a67eb051a242f7d83c","69d4e50d0ccfc13545482dd6","<p style=""font-size: 30px"">&emsp;</p><br><p style=""font-size: 60px; font-family: FragmentMono"">CGYAMNKMT<p style=""font-size: 15px"">Press <strong>k</strong> for yes, <strong>d</strong> for no.</p>","","","testing","CGYAMNKMT","k","[""morphemeXmorpheme""]","false","","",""
"1247","k","html-keyboard-response","727","903213","0.0-24.0-0.65","69ca93b861a695b1c1eec106","69cfc5a67eb051a242f7d83c","69d4e50d0ccfc13545482dd6","<p style=""font-size: 30px"">&emsp;</p><br><p style=""font-size: 60px; font-family: FragmentMono"">UWQEOJNO<p style=""font-size: 15px"">Press <strong>k</strong> for yes, <strong>d</strong> for no.</p>","","","testing","UWQEOJNO","d","[""morphemeXmorpheme""]","false","","",""
"983","d","html-keyboard-response","728","904197","0.0-24.0-0.66","69ca93b861a695b1c1eec106","69cfc5a67eb051a242f7d83c","69d4e50d0ccfc13545482dd6","<p style=""font-size: 30px"">&emsp;</p><br><p style=""font-size: 60px; font-family: FragmentMono"">VPKWHKUZ<p style=""font-size: 15px"">Press <strong>k</strong> for yes, <strong>d</strong> for no.</p>","","","testing","VPKWHKUZ","d","[""morcodeXmorcode""]","true","","",""
"1440","d","html-keyboard-response","729","905637","0.0-24.0-0.67","69ca93b861a695b1c1eec106","69cfc5a67eb051a242f7d83c","69d4e50d0ccfc13545482dd6","<p style=""font-size: 30px"">&emsp;</p><br><p style=""font-size: 60px; font-family: FragmentMono"">ZKGBFVCEG<p style=""font-size: 15px"">Press <strong>k</strong> for yes, <strong>d</strong> for no.</p>","","","testing","ZKGBFVCEG","d","[""morcodeXmorcode""]","true","","",""
"999","d","html-keyboard-response","730","906637","0.0-24.0-0.68","69ca93b861a695b1c1eec106","69cfc5a67eb051a242f7d83c","69d4e50d0ccfc13545482dd6","<p style=""font-size: 30px"">&emsp;</p><br><p style=""font-size: 60px; font-family: FragmentMono"">AQOZODCP<p style=""font-size: 15px"">Press <strong>k</strong> for yes, <strong>d</strong> for no.</p>","","","testing","AQOZODCP","d","[""morcodeXmorcode""]","true","","",""
"1406","d","html-keyboard-response","731","908044","0.0-24.0-0.69","69ca93b861a695b1c1eec106","69cfc5a67eb051a242f7d83c","69d4e50d0ccfc13545482dd6","<p style=""font-size: 30px"">&emsp;</p><br><p style=""font-size: 60px; font-family: FragmentMono"">ZBTFJQV<p style=""font-size: 15px"">Press <strong>k</strong> for yes, <strong>d</strong> for no.</p>","","","testing","ZBTFJQV","k","[""morphemeXmorcode""]","false","","",""
"1728","k","html-keyboard-response","732","909773","0.0-24.0-0.70","69ca93b861a695b1c1eec106","69cfc5a67eb051a242f7d83c","69d4e50d0ccfc13545482dd6","<p style=""font-size: 30px"">&emsp;</p><br><p style=""font-size: 60px; font-family: FragmentMono"">ZUKXONKMT<p style=""font-size: 15px"">Press <strong>k</strong> for yes, <strong>d</strong> for no.</p>","","","testing","ZUKXONKMT","k","[""morphemeXmorpheme""]","true","","",""
"1199","d","html-keyboard-response","733","910973","0.0-24.0-0.71","69ca93b861a695b1c1eec106","69cfc5a67eb051a242f7d83c","69d4e50d0ccfc13545482dd6","<p style=""font-size: 30px"">&emsp;</p><br><p style=""font-size: 60px; font-family: FragmentMono"">XPWJFMVH<p style=""font-size: 15px"">Press <strong>k</strong> for yes, <strong>d</strong> for no.</p>","","","testing","XPWJFMVH","k","[""morphemeXmorcode""]","false","","",""
"719","k","html-keyboard-response","734","911693","0.0-24.0-0.72","69ca93b861a695b1c1eec106","69cfc5a67eb051a242f7d83c","69d4e50d0ccfc13545482dd6","<p style=""font-size: 30px"">&emsp;</p><br><p style=""font-size: 60px; font-family: FragmentMono"">NPVHKTUXE<p style=""font-size: 15px"">Press <strong>k</strong> for yes, <strong>d</strong> for no.</p>","","","testing","NPVHKTUXE","k","[""morphemeXmorpheme""]","true","","",""
"590","k","html-keyboard-response","735","912284","0.0-24.0-0.73","69ca93b861a695b1c1eec106","69cfc5a67eb051a242f7d83c","69d4e50d0ccfc13545482dd6","<p style=""font-size: 30px"">&emsp;</p><br><p style=""font-size: 60px; font-family: FragmentMono"">ZBTFJOEX<p style=""font-size: 15px"">Press <strong>k</strong> for yes, <strong>d</strong> for no.</p>","","","testing","ZBTFJOEX","d","[""morphemeXmorpheme""]","false","","",""
"729","d","html-keyboard-response","736","913013","0.0-24.0-0.74","69ca93b861a695b1c1eec106","69cfc5a67eb051a242f7d83c","69d4e50d0ccfc13545482dd6","<p style=""font-size: 30px"">&emsp;</p><br><p style=""font-size: 60px; font-family: FragmentMono"">SHXVKYFJ<p style=""font-size: 15px"">Press <strong>k</strong> for yes, <strong>d</strong> for no.</p>","","","testing","SHXVKYFJ","k","[""morphemeXmorcode""]","false","","",""
"943","k","html-keyboard-response","737","913957","0.0-24.0-0.75","69ca93b861a695b1c1eec106","69cfc5a67eb051a242f7d83c","69d4e50d0ccfc13545482dd6","<p style=""font-size: 30px"">&emsp;</p><br><p style=""font-size: 60px; font-family: FragmentMono"">CTSBIHPS<p style=""font-size: 15px"">Press <strong>k</strong> for yes, <strong>d</strong> for no.</p>","","","testing","CTSBIHPS","k","[""morphemeXmorpheme""]","true","","",""
"1199","d","html-keyboard-response","738","915157","0.0-24.0-0.76","69ca93b861a695b1c1eec106","69cfc5a67eb051a242f7d83c","69d4e50d0ccfc13545482dd6","<p style=""font-size: 30px"">&emsp;</p><br><p style=""font-size: 60px; font-family: FragmentMono"">FZLFMVCM<p style=""font-size: 15px"">Press <strong>k</strong> for yes, <strong>d</strong> for no.</p>","","","testing","FZLFMVCM","k","[""morphemeXmorpheme""]","false","","",""
"1079","d","html-keyboard-response","739","916236","0.0-24.0-0.77","69ca93b861a695b1c1eec106","69cfc5a67eb051a242f7d83c","69d4e50d0ccfc13545482dd6","<p style=""font-size: 30px"">&emsp;</p><br><p style=""font-size: 60px; font-family: FragmentMono"">RGWFWPYB<p style=""font-size: 15px"">Press <strong>k</strong> for yes, <strong>d</strong> for no.</p>","","","testing","RGWFWPYB","k","[""morphemeXmorcode""]","false","","",""
"696","k","html-keyboard-response","740","916933","0.0-24.0-0.78","69ca93b861a695b1c1eec106","69cfc5a67eb051a242f7d83c","69d4e50d0ccfc13545482dd6","<p style=""font-size: 30px"">&emsp;</p><br><p style=""font-size: 60px; font-family: FragmentMono"">VFZKDTUXE<p style=""font-size: 15px"">Press <strong>k</strong> for yes, <strong>d</strong> for no.</p>","","","testing","VFZKDTUXE","k","[""morphemeXmorpheme""]","true","","",""
"1422","d","html-keyboard-response","741","918356","0.0-24.0-0.79","69ca93b861a695b1c1eec106","69cfc5a67eb051a242f7d83c","69d4e50d0ccfc13545482dd6","<p style=""font-size: 30px"">&emsp;</p><br><p style=""font-size: 60px; font-family: FragmentMono"">YKJSITQZU<p style=""font-size: 15px"">Press <strong>k</strong> for yes, <strong>d</strong> for no.</p>","","","testing","YKJSITQZU","k","[""morphemeXmorcode""]","false","","",""
"1305","d","html-keyboard-response","742","919661","0.0-24.0-0.80","69ca93b861a695b1c1eec106","69cfc5a67eb051a242f7d83c","69d4e50d0ccfc13545482dd6","<p style=""font-size: 30px"">&emsp;</p><br><p style=""font-size: 60px; font-family: FragmentMono"">XPWJFMVCM<p style=""font-size: 15px"">Press <strong>k</strong> for yes, <strong>d</strong> for no.</p>","","","testing","XPWJFMVCM","d","[""morphemeXmorpheme""]","true","","",""
"1824","d","html-keyboard-response","743","921485","0.0-24.0-0.81","69ca93b861a695b1c1eec106","69cfc5a67eb051a242f7d83c","69d4e50d0ccfc13545482dd6","<p style=""font-size: 30px"">&emsp;</p><br><p style=""font-size: 60px; font-family: FragmentMono"">UYBKDWDB<p style=""font-size: 15px"">Press <strong>k</strong> for yes, <strong>d</strong> for no.</p>","","","testing","UYBKDWDB","d","[""morcodeXmorcode""]","true","","",""
"766","k","html-keyboard-response","744","922252","0.0-24.0-0.82","69ca93b861a695b1c1eec106","69cfc5a67eb051a242f7d83c","69d4e50d0ccfc13545482dd6","<p style=""font-size: 30px"">&emsp;</p><br><p style=""font-size: 60px; font-family: FragmentMono"">VIWBZTUXE<p style=""font-size: 15px"">Press <strong>k</strong> for yes, <strong>d</strong> for no.</p>","","","testing","VIWBZTUXE","k","[""morcodeXmorpheme""]","true","","",""
"1344","d","html-keyboard-response","745","923596","0.0-24.0-0.83","69ca93b861a695b1c1eec106","69cfc5a67eb051a242f7d83c","69d4e50d0ccfc13545482dd6","<p style=""font-size: 30px"">&emsp;</p><br><p style=""font-size: 60px; font-family: FragmentMono"">UWXVLLHW<p style=""font-size: 15px"">Press <strong>k</strong> for yes, <strong>d</strong> for no.</p>","","","testing","UWXVLLHW","d","[""morcodeXmorcode""]","true","","",""
"1048","d","html-keyboard-response","746","924645","0.0-24.0-0.84","69ca93b861a695b1c1eec106","69cfc5a67eb051a242f7d83c","69d4e50d0ccfc13545482dd6","<p style=""font-size: 30px"">&emsp;</p><br><p style=""font-size: 60px; font-family: FragmentMono"">GQFHXMJWM<p style=""font-size: 15px"">Press <strong>k</strong> for yes, <strong>d</strong> for no.</p>","","","testing","GQFHXMJWM","d","[""morcodeXmorcode""]","true","","",""
"799","k","html-keyboard-response","747","925445","0.0-24.0-0.85","69ca93b861a695b1c1eec106","69cfc5a67eb051a242f7d83c","69d4e50d0ccfc13545482dd6","<p style=""font-size: 30px"">&emsp;</p><br><p style=""font-size: 60px; font-family: FragmentMono"">CTSBITUXE<p style=""font-size: 15px"">Press <strong>k</strong> for yes, <strong>d</strong> for no.</p>","","","testing","CTSBITUXE","d","[""morphemeXmorpheme""]","false","","",""
"847","k","html-keyboard-response","748","926293","0.0-24.0-0.86","69ca93b861a695b1c1eec106","69cfc5a67eb051a242f7d83c","69d4e50d0ccfc13545482dd6","<p style=""font-size: 30px"">&emsp;</p><br><p style=""font-size: 60px; font-family: FragmentMono"">HJZOGGQKI<p style=""font-size: 15px"">Press <strong>k</strong> for yes, <strong>d</strong> for no.</p>","","","testing","HJZOGGQKI","k","[""morcodeXmorpheme""]","true","","",""
"655","d","html-keyboard-response","749","926949","0.0-24.0-0.87","69ca93b861a695b1c1eec106","69cfc5a67eb051a242f7d83c","69d4e50d0ccfc13545482dd6","<p style=""font-size: 30px"">&emsp;</p><br><p style=""font-size: 60px; font-family: FragmentMono"">PNLMMVCM<p style=""font-size: 15px"">Press <strong>k</strong> for yes, <strong>d</strong> for no.</p>","","","testing","PNLMMVCM","k","[""morcodeXmorpheme""]","false","","",""
"1158","k","html-keyboard-response","750","928108","0.0-24.0-0.88","69ca93b861a695b1c1eec106","69cfc5a67eb051a242f7d83c","69d4e50d0ccfc13545482dd6","<p style=""font-size: 30px"">&emsp;</p><br><p style=""font-size: 60px; font-family: FragmentMono"">ZBTFJNO<p style=""font-size: 15px"">Press <strong>k</strong> for yes, <strong>d</strong> for no.</p>","","","testing","ZBTFJNO","k","[""morphemeXmorpheme""]","true","","",""
"793","d","html-keyboard-response","751","928901","0.0-24.0-0.89","69ca93b861a695b1c1eec106","69cfc5a67eb051a242f7d83c","69d4e50d0ccfc13545482dd6","<p style=""font-size: 30px"">&emsp;</p><br><p style=""font-size: 60px; font-family: FragmentMono"">EODBAXNZC<p style=""font-size: 15px"">Press <strong>k</strong> for yes, <strong>d</strong> for no.</p>","","","testing","EODBAXNZC","k","[""morphemeXmorcode""]","false","","",""
"863","k","html-keyboard-response","752","929765","0.0-24.0-0.90","69ca93b861a695b1c1eec106","69cfc5a67eb051a242f7d83c","69d4e50d0ccfc13545482dd6","<p style=""font-size: 30px"">&emsp;</p><br><p style=""font-size: 60px; font-family: FragmentMono"">VFZKDHPS<p style=""font-size: 15px"">Press <strong>k</strong> for yes, <strong>d</strong> for no.</p>","","","testing","VFZKDHPS","d","[""morphemeXmorpheme""]","false","","",""
"1431","d","html-keyboard-response","753","931197","0.0-24.0-0.91","69ca93b861a695b1c1eec106","69cfc5a67eb051a242f7d83c","69d4e50d0ccfc13545482dd6","<p style=""font-size: 30px"">&emsp;</p><br><p style=""font-size: 60px; font-family: FragmentMono"">FZLFRXV<p style=""font-size: 15px"">Press <strong>k</strong> for yes, <strong>d</strong> for no.</p>","","","testing","FZLFRXV","d","[""morphemeXmorpheme""]","true","","",""
"840","d","html-keyboard-response","754","932037","0.0-24.0-0.92","69ca93b861a695b1c1eec106","69cfc5a67eb051a242f7d83c","69d4e50d0ccfc13545482dd6","<p style=""font-size: 30px"">&emsp;</p><br><p style=""font-size: 60px; font-family: FragmentMono"">WOFHGYV<p style=""font-size: 15px"">Press <strong>k</strong> for yes, <strong>d</strong> for no.</p>","","","testing","WOFHGYV","k","[""morphemeXmorcode""]","false","","",""
"1270","d","html-keyboard-response","755","933308","0.0-24.0-0.93","69ca93b861a695b1c1eec106","69cfc5a67eb051a242f7d83c","69d4e50d0ccfc13545482dd6","<p style=""font-size: 30px"">&emsp;</p><br><p style=""font-size: 60px; font-family: FragmentMono"">YWQLAUHUZ<p style=""font-size: 15px"">Press <strong>k</strong> for yes, <strong>d</strong> for no.</p>","","","testing","YWQLAUHUZ","d","[""morcodeXmorcode""]","true","","",""
"1208","d","html-keyboard-response","756","934517","0.0-24.0-0.94","69ca93b861a695b1c1eec106","69cfc5a67eb051a242f7d83c","69d4e50d0ccfc13545482dd6","<p style=""font-size: 30px"">&emsp;</p><br><p style=""font-size: 60px; font-family: FragmentMono"">VPKWHYVN<p style=""font-size: 15px"">Press <strong>k</strong> for yes, <strong>d</strong> for no.</p>","","","testing","VPKWHYVN","d","[""morcodeXmorcode""]","true","","",""
"1287","d","html-keyboard-response","757","935805","0.0-24.0-0.95","69ca93b861a695b1c1eec106","69cfc5a67eb051a242f7d83c","69d4e50d0ccfc13545482dd6","<p style=""font-size: 30px"">&emsp;</p><br><p style=""font-size: 60px; font-family: FragmentMono"">COMFVQBTR<p style=""font-size: 15px"">Press <strong>k</strong> for yes, <strong>d</strong> for no.</p>","","","testing","COMFVQBTR","d","[""morcodeXmorcode""]","true","","",""
"1039","k","html-keyboard-response","758","936845","0.0-24.0-0.96","69ca93b861a695b1c1eec106","69cfc5a67eb051a242f7d83c","69d4e50d0ccfc13545482dd6","<p style=""font-size: 30px"">&emsp;</p><br><p style=""font-size: 60px; font-family: FragmentMono"">EODBAJNO<p style=""font-size: 15px"">Press <strong>k</strong> for yes, <strong>d</strong> for no.</p>","","","testing","EODBAJNO","d","[""morphemeXmorpheme""]","false","","",""
"687","d","html-keyboard-response","759","937533","0.0-24.0-0.97","69ca93b861a695b1c1eec106","69cfc5a67eb051a242f7d83c","69d4e50d0ccfc13545482dd6","<p style=""font-size: 30px"">&emsp;</p><br><p style=""font-size: 60px; font-family: FragmentMono"">QKSPMVCM<p style=""font-size: 15px"">Press <strong>k</strong> for yes, <strong>d</strong> for no.</p>","","","testing","QKSPMVCM","d","[""morphemeXmorpheme""]","true","","",""
"1207","d","html-keyboard-response","760","938741","0.0-24.0-0.98","69ca93b861a695b1c1eec106","69cfc5a67eb051a242f7d83c","69d4e50d0ccfc13545482dd6","<p style=""font-size: 30px"">&emsp;</p><br><p style=""font-size: 60px; font-family: FragmentMono"">DNHQMPEX<p style=""font-size: 15px"">Press <strong>k</strong> for yes, <strong>d</strong> for no.</p>","","","testing","DNHQMPEX","d","[""morcodeXmorcode""]","true","","",""
"2599","d","html-keyboard-response","761","941341","0.0-24.0-0.99","69ca93b861a695b1c1eec106","69cfc5a67eb051a242f7d83c","69d4e50d0ccfc13545482dd6","<p style=""font-size: 30px"">&emsp;</p><br><p style=""font-size: 60px; font-family: FragmentMono"">YAHEKSN<p style=""font-size: 15px"">Press <strong>k</strong> for yes, <strong>d</strong> for no.</p>","","","testing","YAHEKSN","d","[""morcodeXmorcode""]","true","","",""
"799"," ","html-keyboard-response","762","942140","0.0-24.0-1.99-0.99","69ca93b861a695b1c1eec106","69cfc5a67eb051a242f7d83c","69d4e50d0ccfc13545482dd6","<p style=""font-size: 30px; color: red"">Careful! You were too slow for this word.</p>
      <p style=""font-size: 30px; color: red"">Try to be faster.</p><p></p><p>Press the spacebar to continue.</p>","","","","","","","","","",""
"1456","d","html-keyboard-response","763","943597","0.0-24.0-0.100","69ca93b861a695b1c1eec106","69cfc5a67eb051a242f7d83c","69d4e50d0ccfc13545482dd6","<p style=""font-size: 30px"">&emsp;</p><br><p style=""font-size: 60px; font-family: FragmentMono"">NLQDRXV<p style=""font-size: 15px"">Press <strong>k</strong> for yes, <strong>d</strong> for no.</p>","","","testing","NLQDRXV","k","[""morcodeXmorpheme""]","false","","",""
"863","d","html-keyboard-response","764","944461","0.0-24.0-0.101","69ca93b861a695b1c1eec106","69cfc5a67eb051a242f7d83c","69d4e50d0ccfc13545482dd6","<p style=""font-size: 30px"">&emsp;</p><br><p style=""font-size: 60px; font-family: FragmentMono"">SWUTOPRQ<p style=""font-size: 15px"">Press <strong>k</strong> for yes, <strong>d</strong> for no.</p>","","","testing","SWUTOPRQ","d","[""morcodeXmorcode""]","true","","",""
"815","d","html-keyboard-response","765","945277","0.0-24.0-0.102","69ca93b861a695b1c1eec106","69cfc5a67eb051a242f7d83c","69d4e50d0ccfc13545482dd6","<p style=""font-size: 30px"">&emsp;</p><br><p style=""font-size: 60px; font-family: FragmentMono"">HECNWJEGI<p style=""font-size: 15px"">Press <strong>k</strong> for yes, <strong>d</strong> for no.</p>","","","testing","HECNWJEGI","d","[""morcodeXmorcode""]","true","","",""
"1471","k","html-keyboard-response","766","946749","0.0-24.0-0.103","69ca93b861a695b1c1eec106","69cfc5a67eb051a242f7d83c","69d4e50d0ccfc13545482dd6","<p style=""font-size: 30px"">&emsp;</p><br><p style=""font-size: 60px; font-family: FragmentMono"">NOQIKBY<p style=""font-size: 15px"">Press <strong>k</strong> for yes, <strong>d</strong> for no.</p>","","","testing","NOQIKBY","k","[""morphemeXmorcode""]","true","","",""
"1423","k","html-keyboard-response","767","948173","0.0-24.0-0.104","69ca93b861a695b1c1eec106","69cfc5a67eb051a242f7d83c","69d4e50d0ccfc13545482dd6","<p style=""font-size: 30px"">&emsp;</p><br><p style=""font-size: 60px; font-family: FragmentMono"">YIDUNURO<p style=""font-size: 15px"">Press <strong>k</strong> for yes, <strong>d</strong> for no.</p>","","","testing","YIDUNURO","d","[""morphemeXmorpheme""]","false","","",""
"1616","k","html-keyboard-response","768","949790","0.0-24.0-0.105","69ca93b861a695b1c1eec106","69cfc5a67eb051a242f7d83c","69d4e50d0ccfc13545482dd6","<p style=""font-size: 30px"">&emsp;</p><br><p style=""font-size: 60px; font-family: FragmentMono"">RGWFWHPS<p style=""font-size: 15px"">Press <strong>k</strong> for yes, <strong>d</strong> for no.</p>","","","testing","RGWFWHPS","k","[""morphemeXmorpheme""]","true","","",""
"1157","d","html-keyboard-response","769","950948","0.0-24.0-0.106","69ca93b861a695b1c1eec106","69cfc5a67eb051a242f7d83c","69d4e50d0ccfc13545482dd6","<p style=""font-size: 30px"">&emsp;</p><br><p style=""font-size: 60px; font-family: FragmentMono"">WAEMIRXV<p style=""font-size: 15px"">Press <strong>k</strong> for yes, <strong>d</strong> for no.</p>","","","testing","WAEMIRXV","d","[""morphemeXmorpheme""]","true","","",""
"1465","k","html-keyboard-response","770","952413","0.0-24.0-0.107","69ca93b861a695b1c1eec106","69cfc5a67eb051a242f7d83c","69d4e50d0ccfc13545482dd6","<p style=""font-size: 30px"">&emsp;</p><br><p style=""font-size: 60px; font-family: FragmentMono"">RCSCSURO<p style=""font-size: 15px"">Press <strong>k</strong> for yes, <strong>d</strong> for no.</p>","","","testing","RCSCSURO","k","[""morphemeXmorpheme""]","true","","",""
"830","d","html-keyboard-response","771","953244","0.0-24.0-0.108","69ca93b861a695b1c1eec106","69cfc5a67eb051a242f7d83c","69d4e50d0ccfc13545482dd6","<p style=""font-size: 30px"">&emsp;</p><br><p style=""font-size: 60px; font-family: FragmentMono"">UYFNLSF<p style=""font-size: 15px"">Press <strong>k</strong> for yes, <strong>d</strong> for no.</p>","","","testing","UYFNLSF","d","[""morcodeXmorcode""]","true","","",""
"1127","d","html-keyboard-response","772","954372","0.0-24.0-0.109","69ca93b861a695b1c1eec106","69cfc5a67eb051a242f7d83c","69d4e50d0ccfc13545482dd6","<p style=""font-size: 30px"">&emsp;</p><br><p style=""font-size: 60px; font-family: FragmentMono"">OWMFZRT<p style=""font-size: 15px"">Press <strong>k</strong> for yes, <strong>d</strong> for no.</p>","","","testing","OWMFZRT","d","[""morcodeXmorcode""]","true","","",""
"976","k","html-keyboard-response","773","955348","0.0-24.0-0.110","69ca93b861a695b1c1eec106","69cfc5a67eb051a242f7d83c","69d4e50d0ccfc13545482dd6","<p style=""font-size: 30px"">&emsp;</p><br><p style=""font-size: 60px; font-family: FragmentMono"">WOFHURO<p style=""font-size: 15px"">Press <strong>k</strong> for yes, <strong>d</strong> for no.</p>","","","testing","WOFHURO","k","[""morphemeXmorpheme""]","true","","",""
"1216","d","html-keyboard-response","774","956564","0.0-24.0-0.111","69ca93b861a695b1c1eec106","69cfc5a67eb051a242f7d83c","69d4e50d0ccfc13545482dd6","<p style=""font-size: 30px"">&emsp;</p><br><p style=""font-size: 60px; font-family: FragmentMono"">COMFVBTEH<p style=""font-size: 15px"">Press <strong>k</strong> for yes, <strong>d</strong> for no.</p>","","","testing","COMFVBTEH","d","[""morcodeXmorcode""]","true","","",""
"1064","k","html-keyboard-response","775","957629","0.0-24.0-0.112","69ca93b861a695b1c1eec106","69cfc5a67eb051a242f7d83c","69d4e50d0ccfc13545482dd6","<p style=""font-size: 30px"">&emsp;</p><br><p style=""font-size: 60px; font-family: FragmentMono"">XGWKDHPS<p style=""font-size: 15px"">Press <strong>k</strong> for yes, <strong>d</strong> for no.</p>","","","testing","XGWKDHPS","k","[""morcodeXmorpheme""]","true","","",""
"1247","d","html-keyboard-response","776","958877","0.0-24.0-0.113","69ca93b861a695b1c1eec106","69cfc5a67eb051a242f7d83c","69d4e50d0ccfc13545482dd6","<p style=""font-size: 30px"">&emsp;</p><br><p style=""font-size: 60px; font-family: FragmentMono"">XPWJFRXV<p style=""font-size: 15px"">Press <strong>k</strong> for yes, <strong>d</strong> for no.</p>","","","testing","XPWJFRXV","k","[""morphemeXmorpheme""]","false","","",""
"1710","d","html-keyboard-response","777","960588","0.0-24.0-0.114","69ca93b861a695b1c1eec106","69cfc5a67eb051a242f7d83c","69d4e50d0ccfc13545482dd6","<p style=""font-size: 30px"">&emsp;</p><br><p style=""font-size: 60px; font-family: FragmentMono"">RCSCSOQG<p style=""font-size: 15px"">Press <strong>k</strong> for yes, <strong>d</strong> for no.</p>","","","testing","RCSCSOQG","k","[""morphemeXmorcode""]","false","","",""
"1592","d","html-keyboard-response","778","962181","0.0-24.0-0.115","69ca93b861a695b1c1eec106","69cfc5a67eb051a242f7d83c","69d4e50d0ccfc13545482dd6","<p style=""font-size: 30px"">&emsp;</p><br><p style=""font-size: 60px; font-family: FragmentMono"">GRYLFDO<p style=""font-size: 15px"">Press <strong>k</strong> for yes, <strong>d</strong> for no.</p>","","","testing","GRYLFDO","d","[""morcodeXmorcode""]","true","","",""
"1535","d","html-keyboard-response","779","963717","0.0-24.0-0.116","69ca93b861a695b1c1eec106","69cfc5a67eb051a242f7d83c","69d4e50d0ccfc13545482dd6","<p style=""font-size: 30px"">&emsp;</p><br><p style=""font-size: 60px; font-family: FragmentMono"">COVWCURO<p style=""font-size: 15px"">Press <strong>k</strong> for yes, <strong>d</strong> for no.</p>","","","testing","COVWCURO","k","[""morcodeXmorpheme""]","false","","",""
"1063","k","html-keyboard-response","780","964781","0.0-24.0-0.117","69ca93b861a695b1c1eec106","69cfc5a67eb051a242f7d83c","69d4e50d0ccfc13545482dd6","<p style=""font-size: 30px"">&emsp;</p><br><p style=""font-size: 60px; font-family: FragmentMono"">YKJSIGQKI<p style=""font-size: 15px"">Press <strong>k</strong> for yes, <strong>d</strong> for no.</p>","","","testing","YKJSIGQKI","k","[""morphemeXmorpheme""]","true","","",""
"1559","d","html-keyboard-response","781","966341","0.0-24.0-0.118","69ca93b861a695b1c1eec106","69cfc5a67eb051a242f7d83c","69d4e50d0ccfc13545482dd6","<p style=""font-size: 30px"">&emsp;</p><br><p style=""font-size: 60px; font-family: FragmentMono"">THFMMLYEA<p style=""font-size: 15px"">Press <strong>k</strong> for yes, <strong>d</strong> for no.</p>","","","testing","THFMMLYEA","d","[""morcodeXmorcode""]","true","","",""
"1326","d","html-keyboard-response","782","967668","0.0-24.0-0.119","69ca93b861a695b1c1eec106","69cfc5a67eb051a242f7d83c","69d4e50d0ccfc13545482dd6","<p style=""font-size: 30px"">&emsp;</p><br><p style=""font-size: 60px; font-family: FragmentMono"">PQYCZHDC<p style=""font-size: 15px"">Press <strong>k</strong> for yes, <strong>d</strong> for no.</p>","","","testing","PQYCZHDC","d","[""morcodeXmorcode""]","true","","",""
"57549","{""testing_strategy"":""I remembered certain 3 or 4 letter combinations i saw in the first part.""}","survey-html-form","783","1025217","0.0-25.0","69ca93b861a695b1c1eec106","69cfc5a67eb051a242f7d83c","69d4e50d0ccfc13545482dd6","","","","","","","","","","",""
"22243"," ","html-keyboard-response","784","1047461","0.0-26.0","69ca93b861a695b1c1eec106","69cfc5a67eb051a242f7d83c","69d4e50d0ccfc13545482dd6","<p style=""font-size: 30px"">You've made it to the meeting on time, fantastic! The world leaders want to write a message back to the aliens, and need you to help them recognise which letter combinations you saw in their language. You'll have the choice between 2 letter combinations: one which was in the communication you saw, and one that wasn't. It's important to be friendly with these aliens, so it's important that you make the right choice!</p>
      <p style=""font-size: 30px"">Press <strong>d</strong> if you think that the letter combination on the <strong>left</strong> is the one you saw, or <strong>k</strong> if you think that it's the one on the <strong>right</strong>.</p>
      <p style=""font-size: 30px"">Press the spacebar when you're ready to begin.</p>","","","","","","","","","",""
"4615","k","html-keyboard-response","785","1052077","0.0-27.0-0.0","69ca93b861a695b1c1eec106","69cfc5a67eb051a242f7d83c","69d4e50d0ccfc13545482dd6","<p style=""font-size: 30px;"">Which letter combination have you already seen?</p><br><p style=""font-size: 60px; font-family: FragmentMono"">CTSBI&emsp;&emsp;&emsp;&emsp;BNPNC<p style=""font-size: 15px"">Press <strong>d</strong> for this letter combination&emsp;&emsp;&emsp;&emsp;&emsp;&emsp;&emsp;&emsp;&emsp;&emsp;&emsp;Press <strong>k</strong> for this letter combination</p>","","","familiarity","","d","","false","CTSBI","BNPNC",""
"4795","k","html-keyboard-response","786","1056873","0.0-27.0-0.1","69ca93b861a695b1c1eec106","69cfc5a67eb051a242f7d83c","69d4e50d0ccfc13545482dd6","<p style=""font-size: 30px;"">Which letter combination have you already seen?</p><br><p style=""font-size: 60px; font-family: FragmentMono"">RXV&emsp;&emsp;&emsp;&emsp;WKT<p style=""font-size: 15px"">Press <strong>d</strong> for this letter combination&emsp;&emsp;&emsp;&emsp;&emsp;&emsp;&emsp;&emsp;&emsp;&emsp;&emsp;Press <strong>k</strong> for this letter combination</p>","","","familiarity","","d","","false","RXV","WKT",""
"3748","d","html-keyboard-response","787","1060621","0.0-27.0-0.2","69ca93b861a695b1c1eec106","69cfc5a67eb051a242f7d83c","69d4e50d0ccfc13545482dd6","<p style=""font-size: 30px;"">Which letter combination have you already seen?</p><br><p style=""font-size: 60px; font-family: FragmentMono"">RGWFW&emsp;&emsp;&emsp;&emsp;KZLHI<p style=""font-size: 15px"">Press <strong>d</strong> for this letter combination&emsp;&emsp;&emsp;&emsp;&emsp;&emsp;&emsp;&emsp;&emsp;&emsp;&emsp;Press <strong>k</strong> for this letter combination</p>","","","familiarity","","d","","true","RGWFW","KZLHI",""
"3071","k","html-keyboard-response","788","1063693","0.0-27.0-0.3","69ca93b861a695b1c1eec106","69cfc5a67eb051a242f7d83c","69d4e50d0ccfc13545482dd6","<p style=""font-size: 30px"">&emsp;</p><br><p style=""font-size: 60px; font-family: FragmentMono"">PWEXE&emsp;&emsp;&emsp;&emsp;EODBA<p style=""font-size: 15px"">Press <strong>d</strong> for this letter combination&emsp;&emsp;&emsp;&emsp;&emsp;&emsp;&emsp;&emsp;&emsp;&emsp;Press <strong>k</strong> for this letter combination</p>","","","familiarity","","k","","true","EODBA","PWEXE",""
"1487","k","html-keyboard-response","789","1065181","0.0-27.0-0.4","69ca93b861a695b1c1eec106","69cfc5a67eb051a242f7d83c","69d4e50d0ccfc13545482dd6","<p style=""font-size: 30px"">&emsp;</p><br><p style=""font-size: 60px; font-family: FragmentMono"">BZE&emsp;&emsp;&emsp;&emsp;URO<p style=""font-size: 15px"">Press <strong>d</strong> for this letter combination&emsp;&emsp;&emsp;&emsp;&emsp;&emsp;&emsp;&emsp;&emsp;&emsp;Press <strong>k</strong> for this letter combination</p>","","","familiarity","","k","","true","URO","BZE",""
"3303","k","html-keyboard-response","790","1068485","0.0-27.0-0.5","69ca93b861a695b1c1eec106","69cfc5a67eb051a242f7d83c","69d4e50d0ccfc13545482dd6","<p style=""font-size: 30px"">&emsp;</p><br><p style=""font-size: 60px; font-family: FragmentMono"">ESDZQ&emsp;&emsp;&emsp;&emsp;VFZKD<p style=""font-size: 15px"">Press <strong>d</strong> for this letter combination&emsp;&emsp;&emsp;&emsp;&emsp;&emsp;&emsp;&emsp;&emsp;&emsp;Press <strong>k</strong> for this letter combination</p>","","","familiarity","","k","","true","VFZKD","ESDZQ",""
"4551","k","html-keyboard-response","791","1073037","0.0-27.0-0.6","69ca93b861a695b1c1eec106","69cfc5a67eb051a242f7d83c","69d4e50d0ccfc13545482dd6","<p style=""font-size: 30px"">&emsp;</p><br><p style=""font-size: 60px; font-family: FragmentMono"">KFOFS&emsp;&emsp;&emsp;&emsp;WAEMI<p style=""font-size: 15px"">Press <strong>d</strong> for this letter combination&emsp;&emsp;&emsp;&emsp;&emsp;&emsp;&emsp;&emsp;&emsp;&emsp;Press <strong>k</strong> for this letter combination</p>","","","familiarity","","k","","true","WAEMI","KFOFS",""
"2750","k","html-keyboard-response","792","1075788","0.0-27.0-0.7","69ca93b861a695b1c1eec106","69cfc5a67eb051a242f7d83c","69d4e50d0ccfc13545482dd6","<p style=""font-size: 30px"">&emsp;</p><br><p style=""font-size: 60px; font-family: FragmentMono"">IQEVF&emsp;&emsp;&emsp;&emsp;YIDUN<p style=""font-size: 15px"">Press <strong>d</strong> for this letter combination&emsp;&emsp;&emsp;&emsp;&emsp;&emsp;&emsp;&emsp;&emsp;&emsp;Press <strong>k</strong> for this letter combination</p>","","","familiarity","","k","","true","YIDUN","IQEVF",""
"5336","k","html-keyboard-response","793","1081125","0.0-27.0-0.8","69ca93b861a695b1c1eec106","69cfc5a67eb051a242f7d83c","69d4e50d0ccfc13545482dd6","<p style=""font-size: 30px"">&emsp;</p><br><p style=""font-size: 60px; font-family: FragmentMono"">IQYZ&emsp;&emsp;&emsp;&emsp;FZLF<p style=""font-size: 15px"">Press <strong>d</strong> for this letter combination&emsp;&emsp;&emsp;&emsp;&emsp;&emsp;&emsp;&emsp;&emsp;&emsp;Press <strong>k</strong> for this letter combination</p>","","","familiarity","","k","","true","FZLF","IQYZ",""
"2472","d","html-keyboard-response","794","1083597","0.0-27.0-0.9","69ca93b861a695b1c1eec106","69cfc5a67eb051a242f7d83c","69d4e50d0ccfc13545482dd6","<p style=""font-size: 30px"">&emsp;</p><br><p style=""font-size: 60px; font-family: FragmentMono"">QWVPX&emsp;&emsp;&emsp;&emsp;MKCIY<p style=""font-size: 15px"">Press <strong>d</strong> for this letter combination&emsp;&emsp;&emsp;&emsp;&emsp;&emsp;&emsp;&emsp;&emsp;&emsp;Press <strong>k</strong> for this letter combination</p>","","","familiarity","","d","","true","QWVPX","MKCIY",""
"3774","k","html-keyboard-response","795","1087373","0.0-27.0-0.10","69ca93b861a695b1c1eec106","69cfc5a67eb051a242f7d83c","69d4e50d0ccfc13545482dd6","<p style=""font-size: 30px"">&emsp;</p><br><p style=""font-size: 60px; font-family: FragmentMono"">QKSP&emsp;&emsp;&emsp;&emsp;KMSK<p style=""font-size: 15px"">Press <strong>d</strong> for this letter combination&emsp;&emsp;&emsp;&emsp;&emsp;&emsp;&emsp;&emsp;&emsp;&emsp;Press <strong>k</strong> for this letter combination</p>","","","familiarity","","d","","false","QKSP","KMSK",""
"1559","k","html-keyboard-response","796","1088932","0.0-27.0-0.11","69ca93b861a695b1c1eec106","69cfc5a67eb051a242f7d83c","69d4e50d0ccfc13545482dd6","<p style=""font-size: 30px"">&emsp;</p><br><p style=""font-size: 60px; font-family: FragmentMono"">AOGK&emsp;&emsp;&emsp;&emsp;NKMT<p style=""font-size: 15px"">Press <strong>d</strong> for this letter combination&emsp;&emsp;&emsp;&emsp;&emsp;&emsp;&emsp;&emsp;&emsp;&emsp;Press <strong>k</strong> for this letter combination</p>","","","familiarity","","k","","true","NKMT","AOGK",""
"2464","k","html-keyboard-response","797","1091397","0.0-27.0-0.12","69ca93b861a695b1c1eec106","69cfc5a67eb051a242f7d83c","69d4e50d0ccfc13545482dd6","<p style=""font-size: 30px"">&emsp;</p><br><p style=""font-size: 60px; font-family: FragmentMono"">PGNXD&emsp;&emsp;&emsp;&emsp;SHXVK<p style=""font-size: 15px"">Press <strong>d</strong> for this letter combination&emsp;&emsp;&emsp;&emsp;&emsp;&emsp;&emsp;&emsp;&emsp;&emsp;Press <strong>k</strong> for this letter combination</p>","","","familiarity","","k","","true","SHXVK","PGNXD",""
"1383","d","html-keyboard-response","798","1092781","0.0-27.0-0.13","69ca93b861a695b1c1eec106","69cfc5a67eb051a242f7d83c","69d4e50d0ccfc13545482dd6","<p style=""font-size: 30px"">&emsp;</p><br><p style=""font-size: 60px; font-family: FragmentMono"">HPS&emsp;&emsp;&emsp;&emsp;GLY<p style=""font-size: 15px"">Press <strong>d</strong> for this letter combination&emsp;&emsp;&emsp;&emsp;&emsp;&emsp;&emsp;&emsp;&emsp;&emsp;Press <strong>k</strong> for this letter combination</p>","","","familiarity","","d","","true","HPS","GLY",""
"3966","k","html-keyboard-response","799","1096748","0.0-27.0-0.14","69ca93b861a695b1c1eec106","69cfc5a67eb051a242f7d83c","69d4e50d0ccfc13545482dd6","<p style=""font-size: 30px"">&emsp;</p><br><p style=""font-size: 60px; font-family: FragmentMono"">PGF&emsp;&emsp;&emsp;&emsp;ZBG<p style=""font-size: 15px"">Press <strong>d</strong> for this letter combination&emsp;&emsp;&emsp;&emsp;&emsp;&emsp;&emsp;&emsp;&emsp;&emsp;Press <strong>k</strong> for this letter combination</p>","","","familiarity","","k","","true","ZBG","PGF",""
"4353","d","html-keyboard-response","800","1101101","0.0-27.0-0.15","69ca93b861a695b1c1eec106","69cfc5a67eb051a242f7d83c","69d4e50d0ccfc13545482dd6","<p style=""font-size: 30px"">&emsp;</p><br><p style=""font-size: 60px; font-family: FragmentMono"">FIDMG&emsp;&emsp;&emsp;&emsp;UWQEO<p style=""font-size: 15px"">Press <strong>d</strong> for this letter combination&emsp;&emsp;&emsp;&emsp;&emsp;&emsp;&emsp;&emsp;&emsp;&emsp;Press <strong>k</strong> for this letter combination</p>","","","familiarity","","k","","false","UWQEO","FIDMG",""
"1431","d","html-keyboard-response","801","1102533","0.0-27.0-0.16","69ca93b861a695b1c1eec106","69cfc5a67eb051a242f7d83c","69d4e50d0ccfc13545482dd6","<p style=""font-size: 30px"">&emsp;</p><br><p style=""font-size: 60px; font-family: FragmentMono"">JNO&emsp;&emsp;&emsp;&emsp;XHO<p style=""font-size: 15px"">Press <strong>d</strong> for this letter combination&emsp;&emsp;&emsp;&emsp;&emsp;&emsp;&emsp;&emsp;&emsp;&emsp;Press <strong>k</strong> for this letter combination</p>","","","familiarity","","d","","true","JNO","XHO",""
"4127","d","html-keyboard-response","802","1106661","0.0-27.0-0.17","69ca93b861a695b1c1eec106","69cfc5a67eb051a242f7d83c","69d4e50d0ccfc13545482dd6","<p style=""font-size: 30px"">&emsp;</p><br><p style=""font-size: 60px; font-family: FragmentMono"">NVLXN&emsp;&emsp;&emsp;&emsp;CGYAM<p style=""font-size: 15px"">Press <strong>d</strong> for this letter combination&emsp;&emsp;&emsp;&emsp;&emsp;&emsp;&emsp;&emsp;&emsp;&emsp;Press <strong>k</strong> for this letter combination</p>","","","familiarity","","k","","false","CGYAM","NVLXN",""
"2302","d","html-keyboard-response","803","1108964","0.0-27.0-0.18","69ca93b861a695b1c1eec106","69cfc5a67eb051a242f7d83c","69d4e50d0ccfc13545482dd6","<p style=""font-size: 30px"">&emsp;</p><br><p style=""font-size: 60px; font-family: FragmentMono"">NOQI&emsp;&emsp;&emsp;&emsp;UVIE<p style=""font-size: 15px"">Press <strong>d</strong> for this letter combination&emsp;&emsp;&emsp;&emsp;&emsp;&emsp;&emsp;&emsp;&emsp;&emsp;Press <strong>k</strong> for this letter combination</p>","","","familiarity","","d","","true","NOQI","UVIE",""
"4111","k","html-keyboard-response","804","1113076","0.0-27.0-0.19","69ca93b861a695b1c1eec106","69cfc5a67eb051a242f7d83c","69d4e50d0ccfc13545482dd6","<p style=""font-size: 30px"">&emsp;</p><br><p style=""font-size: 60px; font-family: FragmentMono"">SWOJ&emsp;&emsp;&emsp;&emsp;MVCM<p style=""font-size: 15px"">Press <strong>d</strong> for this letter combination&emsp;&emsp;&emsp;&emsp;&emsp;&emsp;&emsp;&emsp;&emsp;&emsp;Press <strong>k</strong> for this letter combination</p>","","","familiarity","","k","","true","MVCM","SWOJ",""
"3585","d","html-keyboard-response","805","1116661","0.0-27.0-0.20","69ca93b861a695b1c1eec106","69cfc5a67eb051a242f7d83c","69d4e50d0ccfc13545482dd6","<p style=""font-size: 30px"">&emsp;</p><br><p style=""font-size: 60px; font-family: FragmentMono"">NPVHK&emsp;&emsp;&emsp;&emsp;PHCHI<p style=""font-size: 15px"">Press <strong>d</strong> for this letter combination&emsp;&emsp;&emsp;&emsp;&emsp;&emsp;&emsp;&emsp;&emsp;&emsp;Press <strong>k</strong> for this letter combination</p>","","","familiarity","","d","","true","NPVHK","PHCHI",""
"1007","d","html-keyboard-response","806","1117669","0.0-27.0-0.21","69ca93b861a695b1c1eec106","69cfc5a67eb051a242f7d83c","69d4e50d0ccfc13545482dd6","<p style=""font-size: 30px"">&emsp;</p><br><p style=""font-size: 60px; font-family: FragmentMono"">TUXE&emsp;&emsp;&emsp;&emsp;JCPA<p style=""font-size: 15px"">Press <strong>d</strong> for this letter combination&emsp;&emsp;&emsp;&emsp;&emsp;&emsp;&emsp;&emsp;&emsp;&emsp;Press <strong>k</strong> for this letter combination</p>","","","familiarity","","d","","true","TUXE","JCPA",""
"4182","d","html-keyboard-response","807","1121852","0.0-27.0-0.22","69ca93b861a695b1c1eec106","69cfc5a67eb051a242f7d83c","69d4e50d0ccfc13545482dd6","<p style=""font-size: 30px"">&emsp;</p><br><p style=""font-size: 60px; font-family: FragmentMono"">ZBTF&emsp;&emsp;&emsp;&emsp;HPWY<p style=""font-size: 15px"">Press <strong>d</strong> for this letter combination&emsp;&emsp;&emsp;&emsp;&emsp;&emsp;&emsp;&emsp;&emsp;&emsp;Press <strong>k</strong> for this letter combination</p>","","","familiarity","","d","","true","ZBTF","HPWY",""
"4399","k","html-keyboard-response","808","1126247","0.0-27.0-0.23","69ca93b861a695b1c1eec106","69cfc5a67eb051a242f7d83c","69d4e50d0ccfc13545482dd6","<p style=""font-size: 30px"">&emsp;</p><br><p style=""font-size: 60px; font-family: FragmentMono"">IMJRF&emsp;&emsp;&emsp;&emsp;RCSCS<p style=""font-size: 15px"">Press <strong>d</strong> for this letter combination&emsp;&emsp;&emsp;&emsp;&emsp;&emsp;&emsp;&emsp;&emsp;&emsp;Press <strong>k</strong> for this letter combination</p>","","","familiarity","","k","","true","RCSCS","IMJRF",""
"2881","k","html-keyboard-response","809","1129128","0.0-27.0-0.24","69ca93b861a695b1c1eec106","69cfc5a67eb051a242f7d83c","69d4e50d0ccfc13545482dd6","<p style=""font-size: 30px"">&emsp;</p><br><p style=""font-size: 60px; font-family: FragmentMono"">ZBNO&emsp;&emsp;&emsp;&emsp;JOEX<p style=""font-size: 15px"">Press <strong>d</strong> for this letter combination&emsp;&emsp;&emsp;&emsp;&emsp;&emsp;&emsp;&emsp;&emsp;&emsp;Press <strong>k</strong> for this letter combination</p>","","","familiarity","","k","","true","JOEX","ZBNO",""
"2928","d","html-keyboard-response","810","1132057","0.0-27.0-0.25","69ca93b861a695b1c1eec106","69cfc5a67eb051a242f7d83c","69d4e50d0ccfc13545482dd6","<p style=""font-size: 30px"">&emsp;</p><br><p style=""font-size: 60px; font-family: FragmentMono"">WOFH&emsp;&emsp;&emsp;&emsp;TEKU<p style=""font-size: 15px"">Press <strong>d</strong> for this letter combination&emsp;&emsp;&emsp;&emsp;&emsp;&emsp;&emsp;&emsp;&emsp;&emsp;Press <strong>k</strong> for this letter combination</p>","","","familiarity","","d","","true","WOFH","TEKU",""
"3703","d","html-keyboard-response","811","1135760","0.0-27.0-0.26","69ca93b861a695b1c1eec106","69cfc5a67eb051a242f7d83c","69d4e50d0ccfc13545482dd6","<p style=""font-size: 30px"">&emsp;</p><br><p style=""font-size: 60px; font-family: FragmentMono"">MEOFI&emsp;&emsp;&emsp;&emsp;ZUKXO<p style=""font-size: 15px"">Press <strong>d</strong> for this letter combination&emsp;&emsp;&emsp;&emsp;&emsp;&emsp;&emsp;&emsp;&emsp;&emsp;Press <strong>k</strong> for this letter combination</p>","","","familiarity","","k","","false","ZUKXO","MEOFI",""
"2111","d","html-keyboard-response","812","1137872","0.0-27.0-0.27","69ca93b861a695b1c1eec106","69cfc5a67eb051a242f7d83c","69d4e50d0ccfc13545482dd6","<p style=""font-size: 30px"">&emsp;</p><br><p style=""font-size: 60px; font-family: FragmentMono"">XPWJF&emsp;&emsp;&emsp;&emsp;OXZKV<p style=""font-size: 15px"">Press <strong>d</strong> for this letter combination&emsp;&emsp;&emsp;&emsp;&emsp;&emsp;&emsp;&emsp;&emsp;&emsp;Press <strong>k</strong> for this letter combination</p>","","","familiarity","","d","","true","XPWJF","OXZKV",""
"4149","k","html-keyboard-response","813","1142023","0.0-27.0-0.28","69ca93b861a695b1c1eec106","69cfc5a67eb051a242f7d83c","69d4e50d0ccfc13545482dd6","<p style=""font-size: 30px"">&emsp;</p><br><p style=""font-size: 60px; font-family: FragmentMono"">AKUM&emsp;&emsp;&emsp;&emsp;GQKI<p style=""font-size: 15px"">Press <strong>d</strong> for this letter combination&emsp;&emsp;&emsp;&emsp;&emsp;&emsp;&emsp;&emsp;&emsp;&emsp;Press <strong>k</strong> for this letter combination</p>","","","familiarity","","k","","true","GQKI","AKUM",""
"5672","k","html-keyboard-response","814","1147695","0.0-27.0-0.29","69ca93b861a695b1c1eec106","69cfc5a67eb051a242f7d83c","69d4e50d0ccfc13545482dd6","<p style=""font-size: 30px"">&emsp;</p><br><p style=""font-size: 60px; font-family: FragmentMono"">EZSJI&emsp;&emsp;&emsp;&emsp;YKJSI<p style=""font-size: 15px"">Press <strong>d</strong> for this letter combination&emsp;&emsp;&emsp;&emsp;&emsp;&emsp;&emsp;&emsp;&emsp;&emsp;Press <strong>k</strong> for this letter combination</p>","","","familiarity","","k","","true","YKJSI","EZSJI",""
"11962"," ","html-keyboard-response","815","1159657","0.0-28.0","69ca93b861a695b1c1eec106","69cfc5a67eb051a242f7d83c","69d4e50d0ccfc13545482dd6","<p style=""font-size: 30px"">Thank you for your help deciphering these alien communications! In this final part, we'd like you to answer the following questions on your history, use, proficiency, and attitudes towards your own languages.</p>
      <p style=""font-size: 30px"">The questionnaire contains 19 questions and will take only 10 minutes. Please answer every question honestly: this way we'll be able to guarantee a good outcome for this experiment.</p>
      <p style=""font-size: 30px"">Press the spacebar to begin.</p>","","","","","","","","","",""
"55189","{""Age"":""19"",""Gender"":""Woman"",""Education"":""MinusHighSchool"",""L1"":""Dutch"",""L2"":""English"",""L3"":""n/a"",""L4"":""n/a"",""otherLs"":""No""}","survey-html-form","816","1214835","0.0-29.0","69ca93b861a695b1c1eec106","69cfc5a67eb051a242f7d83c","69d4e50d0ccfc13545482dd6","","","","","","","","","","","bio_info"
"80339","{""AoAL1"":""0"",""AoAL2"":""7"",""AoEaseL1"":""0"",""AoEaseL2"":""10"",""yearsEduL1"":""7"",""yearsEduL2"":""0"",""yearsCountryL1"":""19"",""yearsCountryL2"":""0"",""yearsFamilyL1"":""19"",""yearsFamilyL2"":""0"",""yearsWorkL1"":""0"",""yearsWorkL2"":""0""}","survey-html-form","817","1295168","0.0-30.0","69ca93b861a695b1c1eec106","69cfc5a67eb051a242f7d83c","69d4e50d0ccfc13545482dd6","","","","","","","","","","","history_info"
"59221","{""PercFriendsL1"":""60"",""PercFriendsL2"":""40"",""PercFamilyL1"":""100"",""PercFamilyL2"":""0"",""PercWorkL1"":""100"",""PercWorkL2"":""0"",""PercSelfL1"":""70"",""PercSelfL2"":""30"",""PercCountL1"":""90"",""PercCountL2"":""10""}","survey-html-form","818","1354381","0.0-31.0-0.0-0.0","69ca93b861a695b1c1eec106","69cfc5a67eb051a242f7d83c","69d4e50d0ccfc13545482dd6","","","","","","","","","","","use_info"
"33005","{""ProfSpeakL1"":""6"",""ProfSpeakL2"":""5"",""ProfUnderstandL1"":""6"",""ProfUnderstandL2"":""6"",""ProfReadL1"":""6"",""ProfReadL2"":""6"",""AttentionL1"":""2"",""AttentionL2"":""2"",""ProfWriteL1"":""5"",""ProfWriteL2"":""6""}","survey-html-form","819","1387377","0.0-32.0","69ca93b861a695b1c1eec106","69cfc5a67eb051a242f7d83c","69d4e50d0ccfc13545482dd6","","","","","","","","","","","proficiency_info"
"41101","{""AttSelfL1"":""6"",""AttSelfL2"":""5"",""AttCultureL1"":""6"",""AttCultureL2"":""4"",""AttNativeLevelL1"":""6"",""AttNativeLevelL2"":""6"",""AttMothertongueL1"":""6"",""AttMothertongueL2"":""3""}","survey-html-form","820","1428469","0.0-33.0","69ca93b861a695b1c1eec106","69cfc5a67eb051a242f7d83c","69d4e50d0ccfc13545482dd6","","","","","","","","","","","attitudes_info"
"17276"," ","html-keyboard-response","821","1445745","0.0-34.0","69ca93b861a695b1c1eec106","69cfc5a67eb051a242f7d83c","69d4e50d0ccfc13545482dd6","<p style=""font-size: 30px""><u>Goal of the study:</u> This experiment intends to test if people with more experience with more languages are more capable of unconsciously processing statistical information of new words. The alien words you saw at the beginning of the study belonged to two different languages, and this difference was displayed in how word parts were assembled together. Thank you for your participation!</p>
      <p style=""font-size: 30px"">Data upload will take a few seconds. Please wait briefly, then you will be redirected to Prolific with your completion code. Press any key now to do so.</p>","","","","","","","","","",""
