"rt","response","trial_type","trial_index","time_elapsed","internal_node_id","subject_id","study_id","session_id","stimulus","question_order","success","task","item","correct_response","testing_condition","correct","target","confound","name","view_history"
"8221","{""ID"":""69a6f5f930a06e13c4593d9d""}","survey-html-form","0","8222","0.0-0.0","69a6f5f930a06e13c4593d9d","69d7901e3430d13455efb336","69e6293fcc3eb2b5df051a49","","","","","","","","","","","",""
"58392"," ","html-keyboard-response","1","66615","0.0-1.0","69a6f5f930a06e13c4593d9d","69d7901e3430d13455efb336","69e6293fcc3eb2b5df051a49","<p style=""font-size: 30px;"">Before beginning, we ask that you read the consent information and confirm your agreement to participate in the experiment.</p>
      <p style=""font-size: 30px;""> We ask that you remember that this is a research project and that your participation is entirely voluntary. You can stop your participation at any time, without needing to provide any explanation. The study we're asking you to participate in aims at examining how readers process written words. You will be engaged in a session of apprximately 25-30 minutes, followed by a brief questionnaire. You will have the opportunity to take a few breaks during the experiment. You will be paid £4 for your participation, corresponding to a rate of £8/hour. While this experiment looks at cognitive faculties, this experiment doesn't constitute clinical proof of eventual pathologies.</p>
      <p style=""font-size: 30px;"">All of the information collected thanks to yours and others' participation will be held in a secure password-protected server, and will not be shared with anyone not authorised to view it. Your personal information will be kept with an arbitrary participant ID. Thanks to this data anonymity process, any researcher analysing the data won't be able to track the information back to a specific participant. Therefore, this process will make identifying you impossibile, even when results from the study will be published in scientific reviews, presented at congresses, or at any other public forum. More generally, the collected data will be treated in accordance with the laws on privacy and conformity to the Legislative Degree n. 196 ""Code regarding the protection of personal data"" of the 30th of June 2003 and to the European Regulation 2016/670 (General Data Protection Regulation - GDPR). The Data Protection Officer is Avv. Valentina Carollo, who can be contacted at the following email addresses: <a href=""mailto:dpo@sissa.it"">dpo@sissa.it</a> or <a href=""mailto:rpd@sissa.it"">rpd@sissa.it</a> - PEC: <a href=""mailto:protocollo@pec.sissa.it"">protocollo@pec.sissa.it</a>.</p>
      <p style=""font-size: 30px;""> Before expressing your consent to participate, we would like to remind you again that in case you need explanations on any aspect of the experimental procedure, the researcher is at your disposition (<a href=""mailto:aliebelt@sissa.it"">aliebelt@sissa.it</a>, <a href=""mailto:davide.crepaldi@sissa.it"">davide.crepaldi@sissa.it</a>). Please feel free to contact the researcher through the Messaging feature on Prolific if you have any questions or issues.</p>
      <p style=""font-size: 30px;"">If you would like to download the informed consent form, you can do so here: <a href=""BASL-Informed_Consent.pdf"" download>informed consent form</a>.</p>
      <p style=""font-size: 30px;"">We ask that you press the spacebar to proceed to the consent section.</p>","","","","","","","","","","",""
"30633","{""consent1"":""YES"",""consent2"":""YES"",""consent3"":""YES"",""consent4"":""YES"",""consent5"":""YES"",""consent6"":""YES""}","survey-html-form","2","97249","0.0-2.0","69a6f5f930a06e13c4593d9d","69d7901e3430d13455efb336","69e6293fcc3eb2b5df051a49","","","","","","","","","","","",""
"9990","{""Languages"":[""English"",""Spanish""]}","survey-multi-select","3","107283","0.0-3.0-0.0","69a6f5f930a06e13c4593d9d","69d7901e3430d13455efb336","69e6293fcc3eb2b5df051a49","","[0]","","","","","","","","","",""
"5715","","fullscreen","4","114002","0.0-4.0","69a6f5f930a06e13c4593d9d","69d7901e3430d13455efb336","69e6293fcc3eb2b5df051a49","","","true","","","","","","","","",""
"20998"," ","html-keyboard-response","5","135000","0.0-5.0","69a6f5f930a06e13c4593d9d","69d7901e3430d13455efb336","69e6293fcc3eb2b5df051a49","<p style=""font-size: 30px"">Welcome, and thank you very much for your time!</p>
      <p style=""font-size: 30px"">In this experiment, you'll be a language expert who's been asked to take a look at words that Earth has received in its first communication with aliens. Your task, in this first part of the experiment, is to pay close attention to the words you'll be shown; later, world leaders will ask you questions on what you saw. The words will be shown to you quite quickly; it seems that the aliens were in a hurry :-)</p>
      <p style=""font-size: 30px"">Press the spacebar to continue.<p>","","","","","","","","","","",""
"null","null","html-keyboard-response","6","135003","0.0-6.0","69a6f5f930a06e13c4593d9d","69d7901e3430d13455efb336","69e6293fcc3eb2b5df051a49","<p style=""font-size: 1px; font-family: FragmentMono""> x </p>","","","","","","","","","","",""
"null","null","html-keyboard-response","7","136005","0.0-7.0-0.0","69a6f5f930a06e13c4593d9d","69d7901e3430d13455efb336","69e6293fcc3eb2b5df051a49","<p style=""font-size: 60px; font-family: FragmentMono"">TCSBPBKN</p>","","","training","","","","","","","",""
"null","null","html-keyboard-response","8","137007","0.0-7.0-0.1","69a6f5f930a06e13c4593d9d","69d7901e3430d13455efb336","69e6293fcc3eb2b5df051a49","<p style=""font-size: 60px; font-family: FragmentMono"">HNCXANRGJ</p>","","","training","","","","","","","",""
"null","null","html-keyboard-response","9","138010","0.0-7.0-0.2","69a6f5f930a06e13c4593d9d","69d7901e3430d13455efb336","69e6293fcc3eb2b5df051a49","<p style=""font-size: 60px; font-family: FragmentMono"">SHXVKLSF</p>","","","training","","","","","","","",""
"null","null","html-keyboard-response","10","139012","0.0-7.0-0.3","69a6f5f930a06e13c4593d9d","69d7901e3430d13455efb336","69e6293fcc3eb2b5df051a49","<p style=""font-size: 60px; font-family: FragmentMono"">PGNXDRBO</p>","","","training","","","","","","","",""
"null","null","html-keyboard-response","11","140014","0.0-7.0-0.4","69a6f5f930a06e13c4593d9d","69d7901e3430d13455efb336","69e6293fcc3eb2b5df051a49","<p style=""font-size: 60px; font-family: FragmentMono"">HSXWWRWUK</p>","","","training","","","","","","","",""
"null","null","html-keyboard-response","12","141015","0.0-7.0-0.5","69a6f5f930a06e13c4593d9d","69d7901e3430d13455efb336","69e6293fcc3eb2b5df051a49","<p style=""font-size: 60px; font-family: FragmentMono"">PWEXEZRT</p>","","","training","","","","","","","",""
"null","null","html-keyboard-response","13","142016","0.0-7.0-0.6","69a6f5f930a06e13c4593d9d","69d7901e3430d13455efb336","69e6293fcc3eb2b5df051a49","<p style=""font-size: 60px; font-family: FragmentMono"">TCSBNRGJ</p>","","","training","","","","","","","",""
"null","null","html-keyboard-response","14","143017","0.0-7.0-0.7","69a6f5f930a06e13c4593d9d","69d7901e3430d13455efb336","69e6293fcc3eb2b5df051a49","<p style=""font-size: 60px; font-family: FragmentMono"">OPFHSHPS</p>","","","training","","","","","","","",""
"null","null","html-keyboard-response","15","144018","0.0-7.0-0.8","69a6f5f930a06e13c4593d9d","69d7901e3430d13455efb336","69e6293fcc3eb2b5df051a49","<p style=""font-size: 60px; font-family: FragmentMono"">IPHAQPNSG</p>","","","training","","","","","","","",""
"null","null","html-keyboard-response","16","145020","0.0-7.0-0.9","69a6f5f930a06e13c4593d9d","69d7901e3430d13455efb336","69e6293fcc3eb2b5df051a49","<p style=""font-size: 60px; font-family: FragmentMono"">STCKMVCEG</p>","","","training","","","","","","","",""
"null","null","html-keyboard-response","17","146021","0.0-7.0-0.10","69a6f5f930a06e13c4593d9d","69d7901e3430d13455efb336","69e6293fcc3eb2b5df051a49","<p style=""font-size: 60px; font-family: FragmentMono"">IMJRFRWUK</p>","","","training","","","","","","","",""
"null","null","html-keyboard-response","18","147024","0.0-7.0-0.11","69a6f5f930a06e13c4593d9d","69d7901e3430d13455efb336","69e6293fcc3eb2b5df051a49","<p style=""font-size: 60px; font-family: FragmentMono"">RGWFWHPS</p>","","","training","","","","","","","",""
"null","null","html-keyboard-response","19","148026","0.0-7.0-0.12","69a6f5f930a06e13c4593d9d","69d7901e3430d13455efb336","69e6293fcc3eb2b5df051a49","<p style=""font-size: 60px; font-family: FragmentMono"">KMSKNRGJ</p>","","","training","","","","","","","",""
"null","null","html-keyboard-response","20","149028","0.0-7.0-0.13","69a6f5f930a06e13c4593d9d","69d7901e3430d13455efb336","69e6293fcc3eb2b5df051a49","<p style=""font-size: 60px; font-family: FragmentMono"">SHXVKRBO</p>","","","training","","","","","","","",""
"null","null","html-keyboard-response","21","150030","0.0-7.0-0.14","69a6f5f930a06e13c4593d9d","69d7901e3430d13455efb336","69e6293fcc3eb2b5df051a49","<p style=""font-size: 60px; font-family: FragmentMono"">XQXQFPYB</p>","","","training","","","","","","","",""
"null","null","html-keyboard-response","22","151031","0.0-7.0-0.15","69a6f5f930a06e13c4593d9d","69d7901e3430d13455efb336","69e6293fcc3eb2b5df051a49","<p style=""font-size: 60px; font-family: FragmentMono"">CTOIVPNSG</p>","","","training","","","","","","","",""
"null","null","html-keyboard-response","23","152034","0.0-7.0-0.16","69a6f5f930a06e13c4593d9d","69d7901e3430d13455efb336","69e6293fcc3eb2b5df051a49","<p style=""font-size: 60px; font-family: FragmentMono"">SYJEOVCEG</p>","","","training","","","","","","","",""
"null","null","html-keyboard-response","24","153035","0.0-7.0-0.17","69a6f5f930a06e13c4593d9d","69d7901e3430d13455efb336","69e6293fcc3eb2b5df051a49","<p style=""font-size: 60px; font-family: FragmentMono"">TCSBRWUK</p>","","","training","","","","","","","",""
"null","null","html-keyboard-response","25","154037","0.0-7.0-0.18","69a6f5f930a06e13c4593d9d","69d7901e3430d13455efb336","69e6293fcc3eb2b5df051a49","<p style=""font-size: 60px; font-family: FragmentMono"">KFVHPBKN</p>","","","training","","","","","","","",""
"null","null","html-keyboard-response","26","155039","0.0-7.0-0.19","69a6f5f930a06e13c4593d9d","69d7901e3430d13455efb336","69e6293fcc3eb2b5df051a49","<p style=""font-size: 60px; font-family: FragmentMono"">IPHAQHPS</p>","","","training","","","","","","","",""
"null","null","html-keyboard-response","27","156041","0.0-7.0-0.20","69a6f5f930a06e13c4593d9d","69d7901e3430d13455efb336","69e6293fcc3eb2b5df051a49","<p style=""font-size: 60px; font-family: FragmentMono"">PGNXDLSF</p>","","","training","","","","","","","",""
"null","null","html-keyboard-response","28","157043","0.0-7.0-0.21","69a6f5f930a06e13c4593d9d","69d7901e3430d13455efb336","69e6293fcc3eb2b5df051a49","<p style=""font-size: 60px; font-family: FragmentMono"">UXJCHPS</p>","","","training","","","","","","","",""
"null","null","html-keyboard-response","29","158045","0.0-7.0-0.22","69a6f5f930a06e13c4593d9d","69d7901e3430d13455efb336","69e6293fcc3eb2b5df051a49","<p style=""font-size: 60px; font-family: FragmentMono"">PGNXDPNSG</p>","","","training","","","","","","","",""
"null","null","html-keyboard-response","30","159047","0.0-7.0-0.23","69a6f5f930a06e13c4593d9d","69d7901e3430d13455efb336","69e6293fcc3eb2b5df051a49","<p style=""font-size: 60px; font-family: FragmentMono"">HNCXAPYB</p>","","","training","","","","","","","",""
"null","null","html-keyboard-response","31","160049","0.0-7.0-0.24","69a6f5f930a06e13c4593d9d","69d7901e3430d13455efb336","69e6293fcc3eb2b5df051a49","<p style=""font-size: 60px; font-family: FragmentMono"">IMJRFVCEG</p>","","","training","","","","","","","",""
"null","null","html-keyboard-response","32","161051","0.0-7.0-0.25","69a6f5f930a06e13c4593d9d","69d7901e3430d13455efb336","69e6293fcc3eb2b5df051a49","<p style=""font-size: 60px; font-family: FragmentMono"">RGWFWRBO</p>","","","training","","","","","","","",""
"null","null","html-keyboard-response","33","162053","0.0-7.0-0.26","69a6f5f930a06e13c4593d9d","69d7901e3430d13455efb336","69e6293fcc3eb2b5df051a49","<p style=""font-size: 60px; font-family: FragmentMono"">PWEXEHPS</p>","","","training","","","","","","","",""
"null","null","html-keyboard-response","34","163055","0.0-7.0-0.27","69a6f5f930a06e13c4593d9d","69d7901e3430d13455efb336","69e6293fcc3eb2b5df051a49","<p style=""font-size: 60px; font-family: FragmentMono"">KFVHRWUK</p>","","","training","","","","","","","",""
"null","null","html-keyboard-response","35","164057","0.0-7.0-0.28","69a6f5f930a06e13c4593d9d","69d7901e3430d13455efb336","69e6293fcc3eb2b5df051a49","<p style=""font-size: 60px; font-family: FragmentMono"">VUWYKHPS</p>","","","training","","","","","","","",""
"null","null","html-keyboard-response","36","165059","0.0-7.0-0.29","69a6f5f930a06e13c4593d9d","69d7901e3430d13455efb336","69e6293fcc3eb2b5df051a49","<p style=""font-size: 60px; font-family: FragmentMono"">UXJCLSF</p>","","","training","","","","","","","",""
"null","null","html-keyboard-response","37","166062","0.0-7.0-0.30","69a6f5f930a06e13c4593d9d","69d7901e3430d13455efb336","69e6293fcc3eb2b5df051a49","<p style=""font-size: 60px; font-family: FragmentMono"">RGWFWZRT</p>","","","training","","","","","","","",""
"null","null","html-keyboard-response","38","167063","0.0-7.0-0.31","69a6f5f930a06e13c4593d9d","69d7901e3430d13455efb336","69e6293fcc3eb2b5df051a49","<p style=""font-size: 60px; font-family: FragmentMono"">HSXWWPYB</p>","","","training","","","","","","","",""
"null","null","html-keyboard-response","39","168065","0.0-7.0-0.32","69a6f5f930a06e13c4593d9d","69d7901e3430d13455efb336","69e6293fcc3eb2b5df051a49","<p style=""font-size: 60px; font-family: FragmentMono"">IPHAQZRT</p>","","","training","","","","","","","",""
"null","null","html-keyboard-response","40","169067","0.0-7.0-0.33","69a6f5f930a06e13c4593d9d","69d7901e3430d13455efb336","69e6293fcc3eb2b5df051a49","<p style=""font-size: 60px; font-family: FragmentMono"">PWEXEPNSG</p>","","","training","","","","","","","",""
"null","null","html-keyboard-response","41","170069","0.0-7.0-0.34","69a6f5f930a06e13c4593d9d","69d7901e3430d13455efb336","69e6293fcc3eb2b5df051a49","<p style=""font-size: 60px; font-family: FragmentMono"">IPHAQRBO</p>","","","training","","","","","","","",""
"null","null","html-keyboard-response","42","171072","0.0-7.0-0.35","69a6f5f930a06e13c4593d9d","69d7901e3430d13455efb336","69e6293fcc3eb2b5df051a49","<p style=""font-size: 60px; font-family: FragmentMono"">OPFHSPNSG</p>","","","training","","","","","","","",""
"null","null","html-keyboard-response","43","172073","0.0-7.0-0.36","69a6f5f930a06e13c4593d9d","69d7901e3430d13455efb336","69e6293fcc3eb2b5df051a49","<p style=""font-size: 60px; font-family: FragmentMono"">UXJCZRT</p>","","","training","","","","","","","",""
"null","null","html-keyboard-response","44","173075","0.0-7.0-0.37","69a6f5f930a06e13c4593d9d","69d7901e3430d13455efb336","69e6293fcc3eb2b5df051a49","<p style=""font-size: 60px; font-family: FragmentMono"">XQXQFVCEG</p>","","","training","","","","","","","",""
"null","null","html-keyboard-response","45","174077","0.0-7.0-0.38","69a6f5f930a06e13c4593d9d","69d7901e3430d13455efb336","69e6293fcc3eb2b5df051a49","<p style=""font-size: 60px; font-family: FragmentMono"">MVIVIPNSG</p>","","","training","","","","","","","",""
"null","null","html-keyboard-response","46","175079","0.0-7.0-0.39","69a6f5f930a06e13c4593d9d","69d7901e3430d13455efb336","69e6293fcc3eb2b5df051a49","<p style=""font-size: 60px; font-family: FragmentMono"">CTOIVRBO</p>","","","training","","","","","","","",""
"null","null","html-keyboard-response","47","176082","0.0-7.0-0.40","69a6f5f930a06e13c4593d9d","69d7901e3430d13455efb336","69e6293fcc3eb2b5df051a49","<p style=""font-size: 60px; font-family: FragmentMono"">XQXQFNRGJ</p>","","","training","","","","","","","",""
"null","null","html-keyboard-response","48","177083","0.0-7.0-0.41","69a6f5f930a06e13c4593d9d","69d7901e3430d13455efb336","69e6293fcc3eb2b5df051a49","<p style=""font-size: 60px; font-family: FragmentMono"">UXJCRBO</p>","","","training","","","","","","","",""
"null","null","html-keyboard-response","49","178085","0.0-7.0-0.42","69a6f5f930a06e13c4593d9d","69d7901e3430d13455efb336","69e6293fcc3eb2b5df051a49","<p style=""font-size: 60px; font-family: FragmentMono"">JRZVHPBKN</p>","","","training","","","","","","","",""
"null","null","html-keyboard-response","50","179087","0.0-7.0-0.43","69a6f5f930a06e13c4593d9d","69d7901e3430d13455efb336","69e6293fcc3eb2b5df051a49","<p style=""font-size: 60px; font-family: FragmentMono"">KMSKPYB</p>","","","training","","","","","","","",""
"null","null","html-keyboard-response","51","180088","0.0-7.0-0.44","69a6f5f930a06e13c4593d9d","69d7901e3430d13455efb336","69e6293fcc3eb2b5df051a49","<p style=""font-size: 60px; font-family: FragmentMono"">VUWYKRBO</p>","","","training","","","","","","","",""
"null","null","html-keyboard-response","52","181090","0.0-7.0-0.45","69a6f5f930a06e13c4593d9d","69d7901e3430d13455efb336","69e6293fcc3eb2b5df051a49","<p style=""font-size: 60px; font-family: FragmentMono"">RGWFWLSF</p>","","","training","","","","","","","",""
"null","null","html-keyboard-response","53","182092","0.0-7.0-0.46","69a6f5f930a06e13c4593d9d","69d7901e3430d13455efb336","69e6293fcc3eb2b5df051a49","<p style=""font-size: 60px; font-family: FragmentMono"">MVIVIHPS</p>","","","training","","","","","","","",""
"null","null","html-keyboard-response","54","183093","0.0-7.0-0.47","69a6f5f930a06e13c4593d9d","69d7901e3430d13455efb336","69e6293fcc3eb2b5df051a49","<p style=""font-size: 60px; font-family: FragmentMono"">PWEXELSF</p>","","","training","","","","","","","",""
"null","null","html-keyboard-response","55","184096","0.0-7.0-0.48","69a6f5f930a06e13c4593d9d","69d7901e3430d13455efb336","69e6293fcc3eb2b5df051a49","<p style=""font-size: 60px; font-family: FragmentMono"">STCKMPBKN</p>","","","training","","","","","","","",""
"null","null","html-keyboard-response","56","185098","0.0-7.0-0.49","69a6f5f930a06e13c4593d9d","69d7901e3430d13455efb336","69e6293fcc3eb2b5df051a49","<p style=""font-size: 60px; font-family: FragmentMono"">PGNXDZRT</p>","","","training","","","","","","","",""
"null","null","html-keyboard-response","57","186100","0.0-7.0-0.50","69a6f5f930a06e13c4593d9d","69d7901e3430d13455efb336","69e6293fcc3eb2b5df051a49","<p style=""font-size: 60px; font-family: FragmentMono"">IMJRFPBKN</p>","","","training","","","","","","","",""
"null","null","html-keyboard-response","58","187102","0.0-7.0-0.51","69a6f5f930a06e13c4593d9d","69d7901e3430d13455efb336","69e6293fcc3eb2b5df051a49","<p style=""font-size: 60px; font-family: FragmentMono"">SYJEORWUK</p>","","","training","","","","","","","",""
"null","null","html-keyboard-response","59","188103","0.0-7.0-0.52","69a6f5f930a06e13c4593d9d","69d7901e3430d13455efb336","69e6293fcc3eb2b5df051a49","<p style=""font-size: 60px; font-family: FragmentMono"">SHXVKZRT</p>","","","training","","","","","","","",""
"null","null","html-keyboard-response","60","189104","0.0-7.0-0.53","69a6f5f930a06e13c4593d9d","69d7901e3430d13455efb336","69e6293fcc3eb2b5df051a49","<p style=""font-size: 60px; font-family: FragmentMono"">HSXWWNRGJ</p>","","","training","","","","","","","",""
"null","null","html-keyboard-response","61","190106","0.0-7.0-0.54","69a6f5f930a06e13c4593d9d","69d7901e3430d13455efb336","69e6293fcc3eb2b5df051a49","<p style=""font-size: 60px; font-family: FragmentMono"">KMSKVCEG</p>","","","training","","","","","","","",""
"null","null","html-keyboard-response","62","191108","0.0-7.0-0.55","69a6f5f930a06e13c4593d9d","69d7901e3430d13455efb336","69e6293fcc3eb2b5df051a49","<p style=""font-size: 60px; font-family: FragmentMono"">XQXQFPBKN</p>","","","training","","","","","","","",""
"null","null","html-keyboard-response","63","192110","0.0-7.0-0.56","69a6f5f930a06e13c4593d9d","69d7901e3430d13455efb336","69e6293fcc3eb2b5df051a49","<p style=""font-size: 60px; font-family: FragmentMono"">OPFHSLSF</p>","","","training","","","","","","","",""
"null","null","html-keyboard-response","64","193112","0.0-7.0-0.57","69a6f5f930a06e13c4593d9d","69d7901e3430d13455efb336","69e6293fcc3eb2b5df051a49","<p style=""font-size: 60px; font-family: FragmentMono"">VUWYKPNSG</p>","","","training","","","","","","","",""
"null","null","html-keyboard-response","65","194114","0.0-7.0-0.58","69a6f5f930a06e13c4593d9d","69d7901e3430d13455efb336","69e6293fcc3eb2b5df051a49","<p style=""font-size: 60px; font-family: FragmentMono"">HNCXAPBKN</p>","","","training","","","","","","","",""
"null","null","html-keyboard-response","66","195115","0.0-7.0-0.59","69a6f5f930a06e13c4593d9d","69d7901e3430d13455efb336","69e6293fcc3eb2b5df051a49","<p style=""font-size: 60px; font-family: FragmentMono"">JRZVHRWUK</p>","","","training","","","","","","","",""
"null","null","html-keyboard-response","67","196117","0.0-7.0-0.60","69a6f5f930a06e13c4593d9d","69d7901e3430d13455efb336","69e6293fcc3eb2b5df051a49","<p style=""font-size: 60px; font-family: FragmentMono"">SHXVKPNSG</p>","","","training","","","","","","","",""
"null","null","html-keyboard-response","68","197119","0.0-7.0-0.61","69a6f5f930a06e13c4593d9d","69d7901e3430d13455efb336","69e6293fcc3eb2b5df051a49","<p style=""font-size: 60px; font-family: FragmentMono"">KFVHVCEG</p>","","","training","","","","","","","",""
"null","null","html-keyboard-response","69","198121","0.0-7.0-0.62","69a6f5f930a06e13c4593d9d","69d7901e3430d13455efb336","69e6293fcc3eb2b5df051a49","<p style=""font-size: 60px; font-family: FragmentMono"">TCSBPYB</p>","","","training","","","","","","","",""
"null","null","html-keyboard-response","70","199123","0.0-7.0-0.63","69a6f5f930a06e13c4593d9d","69d7901e3430d13455efb336","69e6293fcc3eb2b5df051a49","<p style=""font-size: 60px; font-family: FragmentMono"">STCKMRWUK</p>","","","training","","","","","","","",""
"null","null","html-keyboard-response","71","200125","0.0-7.0-0.64","69a6f5f930a06e13c4593d9d","69d7901e3430d13455efb336","69e6293fcc3eb2b5df051a49","<p style=""font-size: 60px; font-family: FragmentMono"">SYJEOPYB</p>","","","training","","","","","","","",""
"null","null","html-keyboard-response","72","201127","0.0-7.0-0.65","69a6f5f930a06e13c4593d9d","69d7901e3430d13455efb336","69e6293fcc3eb2b5df051a49","<p style=""font-size: 60px; font-family: FragmentMono"">CTOIVZRT</p>","","","training","","","","","","","",""
"null","null","html-keyboard-response","73","202128","0.0-7.0-0.66","69a6f5f930a06e13c4593d9d","69d7901e3430d13455efb336","69e6293fcc3eb2b5df051a49","<p style=""font-size: 60px; font-family: FragmentMono"">STCKMPYB</p>","","","training","","","","","","","",""
"null","null","html-keyboard-response","74","203129","0.0-7.0-0.67","69a6f5f930a06e13c4593d9d","69d7901e3430d13455efb336","69e6293fcc3eb2b5df051a49","<p style=""font-size: 60px; font-family: FragmentMono"">KFVHNRGJ</p>","","","training","","","","","","","",""
"null","null","html-keyboard-response","75","204131","0.0-7.0-0.68","69a6f5f930a06e13c4593d9d","69d7901e3430d13455efb336","69e6293fcc3eb2b5df051a49","<p style=""font-size: 60px; font-family: FragmentMono"">MVIVILSF</p>","","","training","","","","","","","",""
"null","null","html-keyboard-response","76","205132","0.0-7.0-0.69","69a6f5f930a06e13c4593d9d","69d7901e3430d13455efb336","69e6293fcc3eb2b5df051a49","<p style=""font-size: 60px; font-family: FragmentMono"">IMJRFNRGJ</p>","","","training","","","","","","","",""
"null","null","html-keyboard-response","77","206135","0.0-7.0-0.70","69a6f5f930a06e13c4593d9d","69d7901e3430d13455efb336","69e6293fcc3eb2b5df051a49","<p style=""font-size: 60px; font-family: FragmentMono"">CTOIVHPS</p>","","","training","","","","","","","",""
"null","null","html-keyboard-response","78","207136","0.0-7.0-0.71","69a6f5f930a06e13c4593d9d","69d7901e3430d13455efb336","69e6293fcc3eb2b5df051a49","<p style=""font-size: 60px; font-family: FragmentMono"">MVIVIRBO</p>","","","training","","","","","","","",""
"null","null","html-keyboard-response","79","208138","0.0-7.0-0.72","69a6f5f930a06e13c4593d9d","69d7901e3430d13455efb336","69e6293fcc3eb2b5df051a49","<p style=""font-size: 60px; font-family: FragmentMono"">VUWYKLSF</p>","","","training","","","","","","","",""
"null","null","html-keyboard-response","80","209140","0.0-7.0-0.73","69a6f5f930a06e13c4593d9d","69d7901e3430d13455efb336","69e6293fcc3eb2b5df051a49","<p style=""font-size: 60px; font-family: FragmentMono"">JRZVHNRGJ</p>","","","training","","","","","","","",""
"null","null","html-keyboard-response","81","210142","0.0-7.0-0.74","69a6f5f930a06e13c4593d9d","69d7901e3430d13455efb336","69e6293fcc3eb2b5df051a49","<p style=""font-size: 60px; font-family: FragmentMono"">SYJEOPBKN</p>","","","training","","","","","","","",""
"null","null","html-keyboard-response","82","211144","0.0-7.0-0.75","69a6f5f930a06e13c4593d9d","69d7901e3430d13455efb336","69e6293fcc3eb2b5df051a49","<p style=""font-size: 60px; font-family: FragmentMono"">HSXWWVCEG</p>","","","training","","","","","","","",""
"null","null","html-keyboard-response","83","212145","0.0-7.0-0.76","69a6f5f930a06e13c4593d9d","69d7901e3430d13455efb336","69e6293fcc3eb2b5df051a49","<p style=""font-size: 60px; font-family: FragmentMono"">OPFHSZRT</p>","","","training","","","","","","","",""
"null","null","html-keyboard-response","84","213148","0.0-7.0-0.77","69a6f5f930a06e13c4593d9d","69d7901e3430d13455efb336","69e6293fcc3eb2b5df051a49","<p style=""font-size: 60px; font-family: FragmentMono"">JRZVHPYB</p>","","","training","","","","","","","",""
"null","null","html-keyboard-response","85","214150","0.0-7.0-0.78","69a6f5f930a06e13c4593d9d","69d7901e3430d13455efb336","69e6293fcc3eb2b5df051a49","<p style=""font-size: 60px; font-family: FragmentMono"">HNCXAVCEG</p>","","","training","","","","","","","",""
"null","null","html-keyboard-response","86","215152","0.0-7.0-0.79","69a6f5f930a06e13c4593d9d","69d7901e3430d13455efb336","69e6293fcc3eb2b5df051a49","<p style=""font-size: 60px; font-family: FragmentMono"">KMSKRWUK</p>","","","training","","","","","","","",""
"3748"," ","html-keyboard-response","87","218900","0.0-8.0","69a6f5f930a06e13c4593d9d","69d7901e3430d13455efb336","69e6293fcc3eb2b5df051a49","<p style=""font-size: 30px"">Great, you've seen the first block of words. You may now take a short break.</p>
      <p style=""font-size: 30px"">Press the spacebar when you're ready to continue.</p>","","","","","","","","","","",""
"null","null","html-keyboard-response","88","219902","0.0-9.0-0.0","69a6f5f930a06e13c4593d9d","69d7901e3430d13455efb336","69e6293fcc3eb2b5df051a49","<p style=""font-size: 60px; font-family: FragmentMono"">IMJRFPBKN</p>","","","training","","","","","","","",""
"null","null","html-keyboard-response","89","220904","0.0-9.0-0.1","69a6f5f930a06e13c4593d9d","69d7901e3430d13455efb336","69e6293fcc3eb2b5df051a49","<p style=""font-size: 60px; font-family: FragmentMono"">KMSKPYB</p>","","","training","","","","","","","",""
"null","null","html-keyboard-response","90","221905","0.0-9.0-0.2","69a6f5f930a06e13c4593d9d","69d7901e3430d13455efb336","69e6293fcc3eb2b5df051a49","<p style=""font-size: 60px; font-family: FragmentMono"">CTOIVZRT</p>","","","training","","","","","","","",""
"null","null","html-keyboard-response","91","222906","0.0-9.0-0.3","69a6f5f930a06e13c4593d9d","69d7901e3430d13455efb336","69e6293fcc3eb2b5df051a49","<p style=""font-size: 60px; font-family: FragmentMono"">PGNXDRBO</p>","","","training","","","","","","","",""
"null","null","html-keyboard-response","92","223908","0.0-9.0-0.4","69a6f5f930a06e13c4593d9d","69d7901e3430d13455efb336","69e6293fcc3eb2b5df051a49","<p style=""font-size: 60px; font-family: FragmentMono"">UXJCHPS</p>","","","training","","","","","","","",""
"null","null","html-keyboard-response","93","224910","0.0-9.0-0.5","69a6f5f930a06e13c4593d9d","69d7901e3430d13455efb336","69e6293fcc3eb2b5df051a49","<p style=""font-size: 60px; font-family: FragmentMono"">TCSBPBKN</p>","","","training","","","","","","","",""
"null","null","html-keyboard-response","94","225912","0.0-9.0-0.6","69a6f5f930a06e13c4593d9d","69d7901e3430d13455efb336","69e6293fcc3eb2b5df051a49","<p style=""font-size: 60px; font-family: FragmentMono"">KFVHRWUK</p>","","","training","","","","","","","",""
"null","null","html-keyboard-response","95","226914","0.0-9.0-0.7","69a6f5f930a06e13c4593d9d","69d7901e3430d13455efb336","69e6293fcc3eb2b5df051a49","<p style=""font-size: 60px; font-family: FragmentMono"">XQXQFNRGJ</p>","","","training","","","","","","","",""
"null","null","html-keyboard-response","96","227916","0.0-9.0-0.8","69a6f5f930a06e13c4593d9d","69d7901e3430d13455efb336","69e6293fcc3eb2b5df051a49","<p style=""font-size: 60px; font-family: FragmentMono"">MVIVIRBO</p>","","","training","","","","","","","",""
"null","null","html-keyboard-response","97","228918","0.0-9.0-0.9","69a6f5f930a06e13c4593d9d","69d7901e3430d13455efb336","69e6293fcc3eb2b5df051a49","<p style=""font-size: 60px; font-family: FragmentMono"">JRZVHPBKN</p>","","","training","","","","","","","",""
"null","null","html-keyboard-response","98","229920","0.0-9.0-0.10","69a6f5f930a06e13c4593d9d","69d7901e3430d13455efb336","69e6293fcc3eb2b5df051a49","<p style=""font-size: 60px; font-family: FragmentMono"">KFVHNRGJ</p>","","","training","","","","","","","",""
"null","null","html-keyboard-response","99","230922","0.0-9.0-0.11","69a6f5f930a06e13c4593d9d","69d7901e3430d13455efb336","69e6293fcc3eb2b5df051a49","<p style=""font-size: 60px; font-family: FragmentMono"">RGWFWLSF</p>","","","training","","","","","","","",""
"null","null","html-keyboard-response","100","231925","0.0-9.0-0.12","69a6f5f930a06e13c4593d9d","69d7901e3430d13455efb336","69e6293fcc3eb2b5df051a49","<p style=""font-size: 60px; font-family: FragmentMono"">SYJEOPYB</p>","","","training","","","","","","","",""
"null","null","html-keyboard-response","101","232926","0.0-9.0-0.13","69a6f5f930a06e13c4593d9d","69d7901e3430d13455efb336","69e6293fcc3eb2b5df051a49","<p style=""font-size: 60px; font-family: FragmentMono"">PWEXEPNSG</p>","","","training","","","","","","","",""
"null","null","html-keyboard-response","102","233927","0.0-9.0-0.14","69a6f5f930a06e13c4593d9d","69d7901e3430d13455efb336","69e6293fcc3eb2b5df051a49","<p style=""font-size: 60px; font-family: FragmentMono"">PGNXDLSF</p>","","","training","","","","","","","",""
"null","null","html-keyboard-response","103","234929","0.0-9.0-0.15","69a6f5f930a06e13c4593d9d","69d7901e3430d13455efb336","69e6293fcc3eb2b5df051a49","<p style=""font-size: 60px; font-family: FragmentMono"">IMJRFRWUK</p>","","","training","","","","","","","",""
"null","null","html-keyboard-response","104","235930","0.0-9.0-0.16","69a6f5f930a06e13c4593d9d","69d7901e3430d13455efb336","69e6293fcc3eb2b5df051a49","<p style=""font-size: 60px; font-family: FragmentMono"">SHXVKRBO</p>","","","training","","","","","","","",""
"null","null","html-keyboard-response","105","236932","0.0-9.0-0.17","69a6f5f930a06e13c4593d9d","69d7901e3430d13455efb336","69e6293fcc3eb2b5df051a49","<p style=""font-size: 60px; font-family: FragmentMono"">OPFHSLSF</p>","","","training","","","","","","","",""
"null","null","html-keyboard-response","106","237934","0.0-9.0-0.18","69a6f5f930a06e13c4593d9d","69d7901e3430d13455efb336","69e6293fcc3eb2b5df051a49","<p style=""font-size: 60px; font-family: FragmentMono"">RGWFWRBO</p>","","","training","","","","","","","",""
"null","null","html-keyboard-response","107","238936","0.0-9.0-0.19","69a6f5f930a06e13c4593d9d","69d7901e3430d13455efb336","69e6293fcc3eb2b5df051a49","<p style=""font-size: 60px; font-family: FragmentMono"">IPHAQHPS</p>","","","training","","","","","","","",""
"null","null","html-keyboard-response","108","239938","0.0-9.0-0.20","69a6f5f930a06e13c4593d9d","69d7901e3430d13455efb336","69e6293fcc3eb2b5df051a49","<p style=""font-size: 60px; font-family: FragmentMono"">UXJCZRT</p>","","","training","","","","","","","",""
"null","null","html-keyboard-response","109","240940","0.0-9.0-0.21","69a6f5f930a06e13c4593d9d","69d7901e3430d13455efb336","69e6293fcc3eb2b5df051a49","<p style=""font-size: 60px; font-family: FragmentMono"">TCSBRWUK</p>","","","training","","","","","","","",""
"null","null","html-keyboard-response","110","241941","0.0-9.0-0.22","69a6f5f930a06e13c4593d9d","69d7901e3430d13455efb336","69e6293fcc3eb2b5df051a49","<p style=""font-size: 60px; font-family: FragmentMono"">SYJEOVCEG</p>","","","training","","","","","","","",""
"null","null","html-keyboard-response","111","242943","0.0-9.0-0.23","69a6f5f930a06e13c4593d9d","69d7901e3430d13455efb336","69e6293fcc3eb2b5df051a49","<p style=""font-size: 60px; font-family: FragmentMono"">JRZVHPYB</p>","","","training","","","","","","","",""
"null","null","html-keyboard-response","112","243945","0.0-9.0-0.24","69a6f5f930a06e13c4593d9d","69d7901e3430d13455efb336","69e6293fcc3eb2b5df051a49","<p style=""font-size: 60px; font-family: FragmentMono"">CTOIVHPS</p>","","","training","","","","","","","",""
"null","null","html-keyboard-response","113","244947","0.0-9.0-0.25","69a6f5f930a06e13c4593d9d","69d7901e3430d13455efb336","69e6293fcc3eb2b5df051a49","<p style=""font-size: 60px; font-family: FragmentMono"">UXJCRBO</p>","","","training","","","","","","","",""
"null","null","html-keyboard-response","114","245949","0.0-9.0-0.26","69a6f5f930a06e13c4593d9d","69d7901e3430d13455efb336","69e6293fcc3eb2b5df051a49","<p style=""font-size: 60px; font-family: FragmentMono"">STCKMRWUK</p>","","","training","","","","","","","",""
"null","null","html-keyboard-response","115","246951","0.0-9.0-0.27","69a6f5f930a06e13c4593d9d","69d7901e3430d13455efb336","69e6293fcc3eb2b5df051a49","<p style=""font-size: 60px; font-family: FragmentMono"">HNCXAVCEG</p>","","","training","","","","","","","",""
"null","null","html-keyboard-response","116","247952","0.0-9.0-0.28","69a6f5f930a06e13c4593d9d","69d7901e3430d13455efb336","69e6293fcc3eb2b5df051a49","<p style=""font-size: 60px; font-family: FragmentMono"">MVIVILSF</p>","","","training","","","","","","","",""
"null","null","html-keyboard-response","117","248954","0.0-9.0-0.29","69a6f5f930a06e13c4593d9d","69d7901e3430d13455efb336","69e6293fcc3eb2b5df051a49","<p style=""font-size: 60px; font-family: FragmentMono"">PGNXDZRT</p>","","","training","","","","","","","",""
"null","null","html-keyboard-response","118","249956","0.0-9.0-0.30","69a6f5f930a06e13c4593d9d","69d7901e3430d13455efb336","69e6293fcc3eb2b5df051a49","<p style=""font-size: 60px; font-family: FragmentMono"">HSXWWPYB</p>","","","training","","","","","","","",""
"null","null","html-keyboard-response","119","250958","0.0-9.0-0.31","69a6f5f930a06e13c4593d9d","69d7901e3430d13455efb336","69e6293fcc3eb2b5df051a49","<p style=""font-size: 60px; font-family: FragmentMono"">STCKMVCEG</p>","","","training","","","","","","","",""
"null","null","html-keyboard-response","120","251959","0.0-9.0-0.32","69a6f5f930a06e13c4593d9d","69d7901e3430d13455efb336","69e6293fcc3eb2b5df051a49","<p style=""font-size: 60px; font-family: FragmentMono"">HNCXAPBKN</p>","","","training","","","","","","","",""
"null","null","html-keyboard-response","121","252961","0.0-9.0-0.33","69a6f5f930a06e13c4593d9d","69d7901e3430d13455efb336","69e6293fcc3eb2b5df051a49","<p style=""font-size: 60px; font-family: FragmentMono"">KMSKNRGJ</p>","","","training","","","","","","","",""
"null","null","html-keyboard-response","122","253963","0.0-9.0-0.34","69a6f5f930a06e13c4593d9d","69d7901e3430d13455efb336","69e6293fcc3eb2b5df051a49","<p style=""font-size: 60px; font-family: FragmentMono"">HSXWWVCEG</p>","","","training","","","","","","","",""
"null","null","html-keyboard-response","123","254965","0.0-9.0-0.35","69a6f5f930a06e13c4593d9d","69d7901e3430d13455efb336","69e6293fcc3eb2b5df051a49","<p style=""font-size: 60px; font-family: FragmentMono"">XQXQFPBKN</p>","","","training","","","","","","","",""
"null","null","html-keyboard-response","124","255967","0.0-9.0-0.36","69a6f5f930a06e13c4593d9d","69d7901e3430d13455efb336","69e6293fcc3eb2b5df051a49","<p style=""font-size: 60px; font-family: FragmentMono"">IMJRFNRGJ</p>","","","training","","","","","","","",""
"null","null","html-keyboard-response","125","256969","0.0-9.0-0.37","69a6f5f930a06e13c4593d9d","69d7901e3430d13455efb336","69e6293fcc3eb2b5df051a49","<p style=""font-size: 60px; font-family: FragmentMono"">KFVHVCEG</p>","","","training","","","","","","","",""
"null","null","html-keyboard-response","126","257971","0.0-9.0-0.38","69a6f5f930a06e13c4593d9d","69d7901e3430d13455efb336","69e6293fcc3eb2b5df051a49","<p style=""font-size: 60px; font-family: FragmentMono"">UXJCLSF</p>","","","training","","","","","","","",""
"null","null","html-keyboard-response","127","258973","0.0-9.0-0.39","69a6f5f930a06e13c4593d9d","69d7901e3430d13455efb336","69e6293fcc3eb2b5df051a49","<p style=""font-size: 60px; font-family: FragmentMono"">RGWFWHPS</p>","","","training","","","","","","","",""
"null","null","html-keyboard-response","128","259975","0.0-9.0-0.40","69a6f5f930a06e13c4593d9d","69d7901e3430d13455efb336","69e6293fcc3eb2b5df051a49","<p style=""font-size: 60px; font-family: FragmentMono"">KMSKRWUK</p>","","","training","","","","","","","",""
"null","null","html-keyboard-response","129","260976","0.0-9.0-0.41","69a6f5f930a06e13c4593d9d","69d7901e3430d13455efb336","69e6293fcc3eb2b5df051a49","<p style=""font-size: 60px; font-family: FragmentMono"">PWEXEHPS</p>","","","training","","","","","","","",""
"null","null","html-keyboard-response","130","261978","0.0-9.0-0.42","69a6f5f930a06e13c4593d9d","69d7901e3430d13455efb336","69e6293fcc3eb2b5df051a49","<p style=""font-size: 60px; font-family: FragmentMono"">SHXVKLSF</p>","","","training","","","","","","","",""
"null","null","html-keyboard-response","131","262979","0.0-9.0-0.43","69a6f5f930a06e13c4593d9d","69d7901e3430d13455efb336","69e6293fcc3eb2b5df051a49","<p style=""font-size: 60px; font-family: FragmentMono"">PWEXEZRT</p>","","","training","","","","","","","",""
"null","null","html-keyboard-response","132","263981","0.0-9.0-0.44","69a6f5f930a06e13c4593d9d","69d7901e3430d13455efb336","69e6293fcc3eb2b5df051a49","<p style=""font-size: 60px; font-family: FragmentMono"">XQXQFVCEG</p>","","","training","","","","","","","",""
"null","null","html-keyboard-response","133","264982","0.0-9.0-0.45","69a6f5f930a06e13c4593d9d","69d7901e3430d13455efb336","69e6293fcc3eb2b5df051a49","<p style=""font-size: 60px; font-family: FragmentMono"">CTOIVRBO</p>","","","training","","","","","","","",""
"null","null","html-keyboard-response","134","265983","0.0-9.0-0.46","69a6f5f930a06e13c4593d9d","69d7901e3430d13455efb336","69e6293fcc3eb2b5df051a49","<p style=""font-size: 60px; font-family: FragmentMono"">VUWYKHPS</p>","","","training","","","","","","","",""
"null","null","html-keyboard-response","135","266984","0.0-9.0-0.47","69a6f5f930a06e13c4593d9d","69d7901e3430d13455efb336","69e6293fcc3eb2b5df051a49","<p style=""font-size: 60px; font-family: FragmentMono"">SYJEORWUK</p>","","","training","","","","","","","",""
"null","null","html-keyboard-response","136","267986","0.0-9.0-0.48","69a6f5f930a06e13c4593d9d","69d7901e3430d13455efb336","69e6293fcc3eb2b5df051a49","<p style=""font-size: 60px; font-family: FragmentMono"">MVIVIPNSG</p>","","","training","","","","","","","",""
"null","null","html-keyboard-response","137","268989","0.0-9.0-0.49","69a6f5f930a06e13c4593d9d","69d7901e3430d13455efb336","69e6293fcc3eb2b5df051a49","<p style=""font-size: 60px; font-family: FragmentMono"">JRZVHNRGJ</p>","","","training","","","","","","","",""
"null","null","html-keyboard-response","138","269991","0.0-9.0-0.50","69a6f5f930a06e13c4593d9d","69d7901e3430d13455efb336","69e6293fcc3eb2b5df051a49","<p style=""font-size: 60px; font-family: FragmentMono"">VUWYKLSF</p>","","","training","","","","","","","",""
"null","null","html-keyboard-response","139","270992","0.0-9.0-0.51","69a6f5f930a06e13c4593d9d","69d7901e3430d13455efb336","69e6293fcc3eb2b5df051a49","<p style=""font-size: 60px; font-family: FragmentMono"">XQXQFPYB</p>","","","training","","","","","","","",""
"null","null","html-keyboard-response","140","271993","0.0-9.0-0.52","69a6f5f930a06e13c4593d9d","69d7901e3430d13455efb336","69e6293fcc3eb2b5df051a49","<p style=""font-size: 60px; font-family: FragmentMono"">HSXWWRWUK</p>","","","training","","","","","","","",""
"null","null","html-keyboard-response","141","272995","0.0-9.0-0.53","69a6f5f930a06e13c4593d9d","69d7901e3430d13455efb336","69e6293fcc3eb2b5df051a49","<p style=""font-size: 60px; font-family: FragmentMono"">IPHAQPNSG</p>","","","training","","","","","","","",""
"null","null","html-keyboard-response","142","273996","0.0-9.0-0.54","69a6f5f930a06e13c4593d9d","69d7901e3430d13455efb336","69e6293fcc3eb2b5df051a49","<p style=""font-size: 60px; font-family: FragmentMono"">JRZVHRWUK</p>","","","training","","","","","","","",""
"null","null","html-keyboard-response","143","274998","0.0-9.0-0.55","69a6f5f930a06e13c4593d9d","69d7901e3430d13455efb336","69e6293fcc3eb2b5df051a49","<p style=""font-size: 60px; font-family: FragmentMono"">SHXVKPNSG</p>","","","training","","","","","","","",""
"null","null","html-keyboard-response","144","276000","0.0-9.0-0.56","69a6f5f930a06e13c4593d9d","69d7901e3430d13455efb336","69e6293fcc3eb2b5df051a49","<p style=""font-size: 60px; font-family: FragmentMono"">IMJRFVCEG</p>","","","training","","","","","","","",""
"null","null","html-keyboard-response","145","277001","0.0-9.0-0.57","69a6f5f930a06e13c4593d9d","69d7901e3430d13455efb336","69e6293fcc3eb2b5df051a49","<p style=""font-size: 60px; font-family: FragmentMono"">CTOIVPNSG</p>","","","training","","","","","","","",""
"null","null","html-keyboard-response","146","278003","0.0-9.0-0.58","69a6f5f930a06e13c4593d9d","69d7901e3430d13455efb336","69e6293fcc3eb2b5df051a49","<p style=""font-size: 60px; font-family: FragmentMono"">IPHAQRBO</p>","","","training","","","","","","","",""
"null","null","html-keyboard-response","147","279005","0.0-9.0-0.59","69a6f5f930a06e13c4593d9d","69d7901e3430d13455efb336","69e6293fcc3eb2b5df051a49","<p style=""font-size: 60px; font-family: FragmentMono"">TCSBPYB</p>","","","training","","","","","","","",""
"null","null","html-keyboard-response","148","280007","0.0-9.0-0.60","69a6f5f930a06e13c4593d9d","69d7901e3430d13455efb336","69e6293fcc3eb2b5df051a49","<p style=""font-size: 60px; font-family: FragmentMono"">PGNXDPNSG</p>","","","training","","","","","","","",""
"null","null","html-keyboard-response","149","281009","0.0-9.0-0.61","69a6f5f930a06e13c4593d9d","69d7901e3430d13455efb336","69e6293fcc3eb2b5df051a49","<p style=""font-size: 60px; font-family: FragmentMono"">SHXVKZRT</p>","","","training","","","","","","","",""
"null","null","html-keyboard-response","150","282010","0.0-9.0-0.62","69a6f5f930a06e13c4593d9d","69d7901e3430d13455efb336","69e6293fcc3eb2b5df051a49","<p style=""font-size: 60px; font-family: FragmentMono"">VUWYKRBO</p>","","","training","","","","","","","",""
"null","null","html-keyboard-response","151","283011","0.0-9.0-0.63","69a6f5f930a06e13c4593d9d","69d7901e3430d13455efb336","69e6293fcc3eb2b5df051a49","<p style=""font-size: 60px; font-family: FragmentMono"">TCSBNRGJ</p>","","","training","","","","","","","",""
"null","null","html-keyboard-response","152","284012","0.0-9.0-0.64","69a6f5f930a06e13c4593d9d","69d7901e3430d13455efb336","69e6293fcc3eb2b5df051a49","<p style=""font-size: 60px; font-family: FragmentMono"">STCKMPBKN</p>","","","training","","","","","","","",""
"null","null","html-keyboard-response","153","285012","0.0-9.0-0.65","69a6f5f930a06e13c4593d9d","69d7901e3430d13455efb336","69e6293fcc3eb2b5df051a49","<p style=""font-size: 60px; font-family: FragmentMono"">MVIVIHPS</p>","","","training","","","","","","","",""
"null","null","html-keyboard-response","154","286013","0.0-9.0-0.66","69a6f5f930a06e13c4593d9d","69d7901e3430d13455efb336","69e6293fcc3eb2b5df051a49","<p style=""font-size: 60px; font-family: FragmentMono"">KMSKVCEG</p>","","","training","","","","","","","",""
"null","null","html-keyboard-response","155","287015","0.0-9.0-0.67","69a6f5f930a06e13c4593d9d","69d7901e3430d13455efb336","69e6293fcc3eb2b5df051a49","<p style=""font-size: 60px; font-family: FragmentMono"">OPFHSPNSG</p>","","","training","","","","","","","",""
"null","null","html-keyboard-response","156","288015","0.0-9.0-0.68","69a6f5f930a06e13c4593d9d","69d7901e3430d13455efb336","69e6293fcc3eb2b5df051a49","<p style=""font-size: 60px; font-family: FragmentMono"">KFVHPBKN</p>","","","training","","","","","","","",""
"null","null","html-keyboard-response","157","289017","0.0-9.0-0.69","69a6f5f930a06e13c4593d9d","69d7901e3430d13455efb336","69e6293fcc3eb2b5df051a49","<p style=""font-size: 60px; font-family: FragmentMono"">IPHAQZRT</p>","","","training","","","","","","","",""
"null","null","html-keyboard-response","158","290021","0.0-9.0-0.70","69a6f5f930a06e13c4593d9d","69d7901e3430d13455efb336","69e6293fcc3eb2b5df051a49","<p style=""font-size: 60px; font-family: FragmentMono"">SYJEOPBKN</p>","","","training","","","","","","","",""
"null","null","html-keyboard-response","159","291025","0.0-9.0-0.71","69a6f5f930a06e13c4593d9d","69d7901e3430d13455efb336","69e6293fcc3eb2b5df051a49","<p style=""font-size: 60px; font-family: FragmentMono"">HSXWWNRGJ</p>","","","training","","","","","","","",""
"null","null","html-keyboard-response","160","292030","0.0-9.0-0.72","69a6f5f930a06e13c4593d9d","69d7901e3430d13455efb336","69e6293fcc3eb2b5df051a49","<p style=""font-size: 60px; font-family: FragmentMono"">OPFHSZRT</p>","","","training","","","","","","","",""
"null","null","html-keyboard-response","161","293033","0.0-9.0-0.73","69a6f5f930a06e13c4593d9d","69d7901e3430d13455efb336","69e6293fcc3eb2b5df051a49","<p style=""font-size: 60px; font-family: FragmentMono"">STCKMPYB</p>","","","training","","","","","","","",""
"null","null","html-keyboard-response","162","294037","0.0-9.0-0.74","69a6f5f930a06e13c4593d9d","69d7901e3430d13455efb336","69e6293fcc3eb2b5df051a49","<p style=""font-size: 60px; font-family: FragmentMono"">OPFHSHPS</p>","","","training","","","","","","","",""
"null","null","html-keyboard-response","163","295040","0.0-9.0-0.75","69a6f5f930a06e13c4593d9d","69d7901e3430d13455efb336","69e6293fcc3eb2b5df051a49","<p style=""font-size: 60px; font-family: FragmentMono"">RGWFWZRT</p>","","","training","","","","","","","",""
"null","null","html-keyboard-response","164","296043","0.0-9.0-0.76","69a6f5f930a06e13c4593d9d","69d7901e3430d13455efb336","69e6293fcc3eb2b5df051a49","<p style=""font-size: 60px; font-family: FragmentMono"">HNCXANRGJ</p>","","","training","","","","","","","",""
"null","null","html-keyboard-response","165","297047","0.0-9.0-0.77","69a6f5f930a06e13c4593d9d","69d7901e3430d13455efb336","69e6293fcc3eb2b5df051a49","<p style=""font-size: 60px; font-family: FragmentMono"">PWEXELSF</p>","","","training","","","","","","","",""
"null","null","html-keyboard-response","166","298050","0.0-9.0-0.78","69a6f5f930a06e13c4593d9d","69d7901e3430d13455efb336","69e6293fcc3eb2b5df051a49","<p style=""font-size: 60px; font-family: FragmentMono"">HNCXAPYB</p>","","","training","","","","","","","",""
"null","null","html-keyboard-response","167","299054","0.0-9.0-0.79","69a6f5f930a06e13c4593d9d","69d7901e3430d13455efb336","69e6293fcc3eb2b5df051a49","<p style=""font-size: 60px; font-family: FragmentMono"">VUWYKPNSG</p>","","","training","","","","","","","",""
"2606"," ","html-keyboard-response","168","301663","0.0-10.0","69a6f5f930a06e13c4593d9d","69d7901e3430d13455efb336","69e6293fcc3eb2b5df051a49","<p style=""font-size: 30px"">Great, you've seen the second block of words. You may now take a short break.</p>
      <p style=""font-size: 30px"">Press the spacebar when you're ready to continue.</p>","","","","","","","","","","",""
"null","null","html-keyboard-response","169","302666","0.0-11.0-0.0","69a6f5f930a06e13c4593d9d","69d7901e3430d13455efb336","69e6293fcc3eb2b5df051a49","<p style=""font-size: 60px; font-family: FragmentMono"">IPHAQRBO</p>","","","training","","","","","","","",""
"null","null","html-keyboard-response","170","303669","0.0-11.0-0.1","69a6f5f930a06e13c4593d9d","69d7901e3430d13455efb336","69e6293fcc3eb2b5df051a49","<p style=""font-size: 60px; font-family: FragmentMono"">STCKMRWUK</p>","","","training","","","","","","","",""
"null","null","html-keyboard-response","171","304672","0.0-11.0-0.2","69a6f5f930a06e13c4593d9d","69d7901e3430d13455efb336","69e6293fcc3eb2b5df051a49","<p style=""font-size: 60px; font-family: FragmentMono"">PGNXDLSF</p>","","","training","","","","","","","",""
"null","null","html-keyboard-response","172","305675","0.0-11.0-0.3","69a6f5f930a06e13c4593d9d","69d7901e3430d13455efb336","69e6293fcc3eb2b5df051a49","<p style=""font-size: 60px; font-family: FragmentMono"">VUWYKHPS</p>","","","training","","","","","","","",""
"null","null","html-keyboard-response","173","306677","0.0-11.0-0.4","69a6f5f930a06e13c4593d9d","69d7901e3430d13455efb336","69e6293fcc3eb2b5df051a49","<p style=""font-size: 60px; font-family: FragmentMono"">IPHAQPNSG</p>","","","training","","","","","","","",""
"null","null","html-keyboard-response","174","307680","0.0-11.0-0.5","69a6f5f930a06e13c4593d9d","69d7901e3430d13455efb336","69e6293fcc3eb2b5df051a49","<p style=""font-size: 60px; font-family: FragmentMono"">JRZVHPYB</p>","","","training","","","","","","","",""
"null","null","html-keyboard-response","175","308683","0.0-11.0-0.6","69a6f5f930a06e13c4593d9d","69d7901e3430d13455efb336","69e6293fcc3eb2b5df051a49","<p style=""font-size: 60px; font-family: FragmentMono"">KFVHVCEG</p>","","","training","","","","","","","",""
"null","null","html-keyboard-response","176","309686","0.0-11.0-0.7","69a6f5f930a06e13c4593d9d","69d7901e3430d13455efb336","69e6293fcc3eb2b5df051a49","<p style=""font-size: 60px; font-family: FragmentMono"">KMSKPYB</p>","","","training","","","","","","","",""
"null","null","html-keyboard-response","177","310690","0.0-11.0-0.8","69a6f5f930a06e13c4593d9d","69d7901e3430d13455efb336","69e6293fcc3eb2b5df051a49","<p style=""font-size: 60px; font-family: FragmentMono"">KFVHRWUK</p>","","","training","","","","","","","",""
"null","null","html-keyboard-response","178","311692","0.0-11.0-0.9","69a6f5f930a06e13c4593d9d","69d7901e3430d13455efb336","69e6293fcc3eb2b5df051a49","<p style=""font-size: 60px; font-family: FragmentMono"">HSXWWNRGJ</p>","","","training","","","","","","","",""
"null","null","html-keyboard-response","179","312695","0.0-11.0-0.10","69a6f5f930a06e13c4593d9d","69d7901e3430d13455efb336","69e6293fcc3eb2b5df051a49","<p style=""font-size: 60px; font-family: FragmentMono"">IMJRFRWUK</p>","","","training","","","","","","","",""
"null","null","html-keyboard-response","180","313698","0.0-11.0-0.11","69a6f5f930a06e13c4593d9d","69d7901e3430d13455efb336","69e6293fcc3eb2b5df051a49","<p style=""font-size: 60px; font-family: FragmentMono"">HSXWWVCEG</p>","","","training","","","","","","","",""
"null","null","html-keyboard-response","181","314700","0.0-11.0-0.12","69a6f5f930a06e13c4593d9d","69d7901e3430d13455efb336","69e6293fcc3eb2b5df051a49","<p style=""font-size: 60px; font-family: FragmentMono"">SYJEOPBKN</p>","","","training","","","","","","","",""
"null","null","html-keyboard-response","182","315702","0.0-11.0-0.13","69a6f5f930a06e13c4593d9d","69d7901e3430d13455efb336","69e6293fcc3eb2b5df051a49","<p style=""font-size: 60px; font-family: FragmentMono"">MVIVIHPS</p>","","","training","","","","","","","",""
"null","null","html-keyboard-response","183","316704","0.0-11.0-0.14","69a6f5f930a06e13c4593d9d","69d7901e3430d13455efb336","69e6293fcc3eb2b5df051a49","<p style=""font-size: 60px; font-family: FragmentMono"">KFVHPBKN</p>","","","training","","","","","","","",""
"null","null","html-keyboard-response","184","317706","0.0-11.0-0.15","69a6f5f930a06e13c4593d9d","69d7901e3430d13455efb336","69e6293fcc3eb2b5df051a49","<p style=""font-size: 60px; font-family: FragmentMono"">SYJEOPYB</p>","","","training","","","","","","","",""
"null","null","html-keyboard-response","185","318708","0.0-11.0-0.16","69a6f5f930a06e13c4593d9d","69d7901e3430d13455efb336","69e6293fcc3eb2b5df051a49","<p style=""font-size: 60px; font-family: FragmentMono"">MVIVIRBO</p>","","","training","","","","","","","",""
"null","null","html-keyboard-response","186","319710","0.0-11.0-0.17","69a6f5f930a06e13c4593d9d","69d7901e3430d13455efb336","69e6293fcc3eb2b5df051a49","<p style=""font-size: 60px; font-family: FragmentMono"">OPFHSPNSG</p>","","","training","","","","","","","",""
"null","null","html-keyboard-response","187","320713","0.0-11.0-0.18","69a6f5f930a06e13c4593d9d","69d7901e3430d13455efb336","69e6293fcc3eb2b5df051a49","<p style=""font-size: 60px; font-family: FragmentMono"">TCSBNRGJ</p>","","","training","","","","","","","",""
"null","null","html-keyboard-response","188","321715","0.0-11.0-0.19","69a6f5f930a06e13c4593d9d","69d7901e3430d13455efb336","69e6293fcc3eb2b5df051a49","<p style=""font-size: 60px; font-family: FragmentMono"">VUWYKPNSG</p>","","","training","","","","","","","",""
"null","null","html-keyboard-response","189","322717","0.0-11.0-0.20","69a6f5f930a06e13c4593d9d","69d7901e3430d13455efb336","69e6293fcc3eb2b5df051a49","<p style=""font-size: 60px; font-family: FragmentMono"">RGWFWHPS</p>","","","training","","","","","","","",""
"null","null","html-keyboard-response","190","323720","0.0-11.0-0.21","69a6f5f930a06e13c4593d9d","69d7901e3430d13455efb336","69e6293fcc3eb2b5df051a49","<p style=""font-size: 60px; font-family: FragmentMono"">XQXQFPYB</p>","","","training","","","","","","","",""
"null","null","html-keyboard-response","191","324722","0.0-11.0-0.22","69a6f5f930a06e13c4593d9d","69d7901e3430d13455efb336","69e6293fcc3eb2b5df051a49","<p style=""font-size: 60px; font-family: FragmentMono"">STCKMVCEG</p>","","","training","","","","","","","",""
"null","null","html-keyboard-response","192","325724","0.0-11.0-0.23","69a6f5f930a06e13c4593d9d","69d7901e3430d13455efb336","69e6293fcc3eb2b5df051a49","<p style=""font-size: 60px; font-family: FragmentMono"">PWEXEHPS</p>","","","training","","","","","","","",""
"null","null","html-keyboard-response","193","326726","0.0-11.0-0.24","69a6f5f930a06e13c4593d9d","69d7901e3430d13455efb336","69e6293fcc3eb2b5df051a49","<p style=""font-size: 60px; font-family: FragmentMono"">IMJRFNRGJ</p>","","","training","","","","","","","",""
"null","null","html-keyboard-response","194","327728","0.0-11.0-0.25","69a6f5f930a06e13c4593d9d","69d7901e3430d13455efb336","69e6293fcc3eb2b5df051a49","<p style=""font-size: 60px; font-family: FragmentMono"">TCSBPBKN</p>","","","training","","","","","","","",""
"null","null","html-keyboard-response","195","328730","0.0-11.0-0.26","69a6f5f930a06e13c4593d9d","69d7901e3430d13455efb336","69e6293fcc3eb2b5df051a49","<p style=""font-size: 60px; font-family: FragmentMono"">SYJEORWUK</p>","","","training","","","","","","","",""
"null","null","html-keyboard-response","196","329732","0.0-11.0-0.27","69a6f5f930a06e13c4593d9d","69d7901e3430d13455efb336","69e6293fcc3eb2b5df051a49","<p style=""font-size: 60px; font-family: FragmentMono"">XQXQFVCEG</p>","","","training","","","","","","","",""
"null","null","html-keyboard-response","197","330734","0.0-11.0-0.28","69a6f5f930a06e13c4593d9d","69d7901e3430d13455efb336","69e6293fcc3eb2b5df051a49","<p style=""font-size: 60px; font-family: FragmentMono"">CTOIVPNSG</p>","","","training","","","","","","","",""
"null","null","html-keyboard-response","198","331736","0.0-11.0-0.29","69a6f5f930a06e13c4593d9d","69d7901e3430d13455efb336","69e6293fcc3eb2b5df051a49","<p style=""font-size: 60px; font-family: FragmentMono"">IPHAQHPS</p>","","","training","","","","","","","",""
"null","null","html-keyboard-response","199","332739","0.0-11.0-0.30","69a6f5f930a06e13c4593d9d","69d7901e3430d13455efb336","69e6293fcc3eb2b5df051a49","<p style=""font-size: 60px; font-family: FragmentMono"">STCKMPBKN</p>","","","training","","","","","","","",""
"null","null","html-keyboard-response","200","333741","0.0-11.0-0.31","69a6f5f930a06e13c4593d9d","69d7901e3430d13455efb336","69e6293fcc3eb2b5df051a49","<p style=""font-size: 60px; font-family: FragmentMono"">CTOIVHPS</p>","","","training","","","","","","","",""
"null","null","html-keyboard-response","201","334743","0.0-11.0-0.32","69a6f5f930a06e13c4593d9d","69d7901e3430d13455efb336","69e6293fcc3eb2b5df051a49","<p style=""font-size: 60px; font-family: FragmentMono"">RGWFWLSF</p>","","","training","","","","","","","",""
"null","null","html-keyboard-response","202","335745","0.0-11.0-0.33","69a6f5f930a06e13c4593d9d","69d7901e3430d13455efb336","69e6293fcc3eb2b5df051a49","<p style=""font-size: 60px; font-family: FragmentMono"">UXJCRBO</p>","","","training","","","","","","","",""
"null","null","html-keyboard-response","203","336747","0.0-11.0-0.34","69a6f5f930a06e13c4593d9d","69d7901e3430d13455efb336","69e6293fcc3eb2b5df051a49","<p style=""font-size: 60px; font-family: FragmentMono"">HNCXAVCEG</p>","","","training","","","","","","","",""
"null","null","html-keyboard-response","204","337749","0.0-11.0-0.35","69a6f5f930a06e13c4593d9d","69d7901e3430d13455efb336","69e6293fcc3eb2b5df051a49","<p style=""font-size: 60px; font-family: FragmentMono"">IMJRFPBKN</p>","","","training","","","","","","","",""
"null","null","html-keyboard-response","205","338750","0.0-11.0-0.36","69a6f5f930a06e13c4593d9d","69d7901e3430d13455efb336","69e6293fcc3eb2b5df051a49","<p style=""font-size: 60px; font-family: FragmentMono"">HSXWWRWUK</p>","","","training","","","","","","","",""
"null","null","html-keyboard-response","206","339753","0.0-11.0-0.37","69a6f5f930a06e13c4593d9d","69d7901e3430d13455efb336","69e6293fcc3eb2b5df051a49","<p style=""font-size: 60px; font-family: FragmentMono"">SHXVKLSF</p>","","","training","","","","","","","",""
"null","null","html-keyboard-response","207","340755","0.0-11.0-0.38","69a6f5f930a06e13c4593d9d","69d7901e3430d13455efb336","69e6293fcc3eb2b5df051a49","<p style=""font-size: 60px; font-family: FragmentMono"">JRZVHPBKN</p>","","","training","","","","","","","",""
"null","null","html-keyboard-response","208","341757","0.0-11.0-0.39","69a6f5f930a06e13c4593d9d","69d7901e3430d13455efb336","69e6293fcc3eb2b5df051a49","<p style=""font-size: 60px; font-family: FragmentMono"">PGNXDZRT</p>","","","training","","","","","","","",""
"null","null","html-keyboard-response","209","342758","0.0-11.0-0.40","69a6f5f930a06e13c4593d9d","69d7901e3430d13455efb336","69e6293fcc3eb2b5df051a49","<p style=""font-size: 60px; font-family: FragmentMono"">HSXWWPYB</p>","","","training","","","","","","","",""
"null","null","html-keyboard-response","210","343759","0.0-11.0-0.41","69a6f5f930a06e13c4593d9d","69d7901e3430d13455efb336","69e6293fcc3eb2b5df051a49","<p style=""font-size: 60px; font-family: FragmentMono"">JRZVHRWUK</p>","","","training","","","","","","","",""
"null","null","html-keyboard-response","211","344761","0.0-11.0-0.42","69a6f5f930a06e13c4593d9d","69d7901e3430d13455efb336","69e6293fcc3eb2b5df051a49","<p style=""font-size: 60px; font-family: FragmentMono"">KFVHNRGJ</p>","","","training","","","","","","","",""
"null","null","html-keyboard-response","212","345763","0.0-11.0-0.43","69a6f5f930a06e13c4593d9d","69d7901e3430d13455efb336","69e6293fcc3eb2b5df051a49","<p style=""font-size: 60px; font-family: FragmentMono"">XQXQFPBKN</p>","","","training","","","","","","","",""
"null","null","html-keyboard-response","213","346765","0.0-11.0-0.44","69a6f5f930a06e13c4593d9d","69d7901e3430d13455efb336","69e6293fcc3eb2b5df051a49","<p style=""font-size: 60px; font-family: FragmentMono"">MVIVIPNSG</p>","","","training","","","","","","","",""
"null","null","html-keyboard-response","214","347766","0.0-11.0-0.45","69a6f5f930a06e13c4593d9d","69d7901e3430d13455efb336","69e6293fcc3eb2b5df051a49","<p style=""font-size: 60px; font-family: FragmentMono"">RGWFWZRT</p>","","","training","","","","","","","",""
"null","null","html-keyboard-response","215","348768","0.0-11.0-0.46","69a6f5f930a06e13c4593d9d","69d7901e3430d13455efb336","69e6293fcc3eb2b5df051a49","<p style=""font-size: 60px; font-family: FragmentMono"">STCKMPYB</p>","","","training","","","","","","","",""
"null","null","html-keyboard-response","216","349769","0.0-11.0-0.47","69a6f5f930a06e13c4593d9d","69d7901e3430d13455efb336","69e6293fcc3eb2b5df051a49","<p style=""font-size: 60px; font-family: FragmentMono"">PWEXEZRT</p>","","","training","","","","","","","",""
"null","null","html-keyboard-response","217","350770","0.0-11.0-0.48","69a6f5f930a06e13c4593d9d","69d7901e3430d13455efb336","69e6293fcc3eb2b5df051a49","<p style=""font-size: 60px; font-family: FragmentMono"">TCSBPYB</p>","","","training","","","","","","","",""
"null","null","html-keyboard-response","218","351771","0.0-11.0-0.49","69a6f5f930a06e13c4593d9d","69d7901e3430d13455efb336","69e6293fcc3eb2b5df051a49","<p style=""font-size: 60px; font-family: FragmentMono"">PGNXDRBO</p>","","","training","","","","","","","",""
"null","null","html-keyboard-response","219","352773","0.0-11.0-0.50","69a6f5f930a06e13c4593d9d","69d7901e3430d13455efb336","69e6293fcc3eb2b5df051a49","<p style=""font-size: 60px; font-family: FragmentMono"">MVIVILSF</p>","","","training","","","","","","","",""
"null","null","html-keyboard-response","220","353774","0.0-11.0-0.51","69a6f5f930a06e13c4593d9d","69d7901e3430d13455efb336","69e6293fcc3eb2b5df051a49","<p style=""font-size: 60px; font-family: FragmentMono"">VUWYKRBO</p>","","","training","","","","","","","",""
"null","null","html-keyboard-response","221","354777","0.0-11.0-0.52","69a6f5f930a06e13c4593d9d","69d7901e3430d13455efb336","69e6293fcc3eb2b5df051a49","<p style=""font-size: 60px; font-family: FragmentMono"">OPFHSHPS</p>","","","training","","","","","","","",""
"null","null","html-keyboard-response","222","355779","0.0-11.0-0.53","69a6f5f930a06e13c4593d9d","69d7901e3430d13455efb336","69e6293fcc3eb2b5df051a49","<p style=""font-size: 60px; font-family: FragmentMono"">CTOIVRBO</p>","","","training","","","","","","","",""
"null","null","html-keyboard-response","223","356781","0.0-11.0-0.54","69a6f5f930a06e13c4593d9d","69d7901e3430d13455efb336","69e6293fcc3eb2b5df051a49","<p style=""font-size: 60px; font-family: FragmentMono"">SHXVKZRT</p>","","","training","","","","","","","",""
"null","null","html-keyboard-response","224","357782","0.0-11.0-0.55","69a6f5f930a06e13c4593d9d","69d7901e3430d13455efb336","69e6293fcc3eb2b5df051a49","<p style=""font-size: 60px; font-family: FragmentMono"">PWEXEPNSG</p>","","","training","","","","","","","",""
"null","null","html-keyboard-response","225","358784","0.0-11.0-0.56","69a6f5f930a06e13c4593d9d","69d7901e3430d13455efb336","69e6293fcc3eb2b5df051a49","<p style=""font-size: 60px; font-family: FragmentMono"">IMJRFVCEG</p>","","","training","","","","","","","",""
"null","null","html-keyboard-response","226","359786","0.0-11.0-0.57","69a6f5f930a06e13c4593d9d","69d7901e3430d13455efb336","69e6293fcc3eb2b5df051a49","<p style=""font-size: 60px; font-family: FragmentMono"">RGWFWRBO</p>","","","training","","","","","","","",""
"null","null","html-keyboard-response","227","360788","0.0-11.0-0.58","69a6f5f930a06e13c4593d9d","69d7901e3430d13455efb336","69e6293fcc3eb2b5df051a49","<p style=""font-size: 60px; font-family: FragmentMono"">PWEXELSF</p>","","","training","","","","","","","",""
"null","null","html-keyboard-response","228","361790","0.0-11.0-0.59","69a6f5f930a06e13c4593d9d","69d7901e3430d13455efb336","69e6293fcc3eb2b5df051a49","<p style=""font-size: 60px; font-family: FragmentMono"">IPHAQZRT</p>","","","training","","","","","","","",""
"null","null","html-keyboard-response","229","362793","0.0-11.0-0.60","69a6f5f930a06e13c4593d9d","69d7901e3430d13455efb336","69e6293fcc3eb2b5df051a49","<p style=""font-size: 60px; font-family: FragmentMono"">UXJCHPS</p>","","","training","","","","","","","",""
"null","null","html-keyboard-response","230","363794","0.0-11.0-0.61","69a6f5f930a06e13c4593d9d","69d7901e3430d13455efb336","69e6293fcc3eb2b5df051a49","<p style=""font-size: 60px; font-family: FragmentMono"">CTOIVZRT</p>","","","training","","","","","","","",""
"null","null","html-keyboard-response","231","364796","0.0-11.0-0.62","69a6f5f930a06e13c4593d9d","69d7901e3430d13455efb336","69e6293fcc3eb2b5df051a49","<p style=""font-size: 60px; font-family: FragmentMono"">HNCXAPYB</p>","","","training","","","","","","","",""
"null","null","html-keyboard-response","232","365798","0.0-11.0-0.63","69a6f5f930a06e13c4593d9d","69d7901e3430d13455efb336","69e6293fcc3eb2b5df051a49","<p style=""font-size: 60px; font-family: FragmentMono"">KMSKNRGJ</p>","","","training","","","","","","","",""
"null","null","html-keyboard-response","233","366800","0.0-11.0-0.64","69a6f5f930a06e13c4593d9d","69d7901e3430d13455efb336","69e6293fcc3eb2b5df051a49","<p style=""font-size: 60px; font-family: FragmentMono"">PGNXDPNSG</p>","","","training","","","","","","","",""
"null","null","html-keyboard-response","234","367802","0.0-11.0-0.65","69a6f5f930a06e13c4593d9d","69d7901e3430d13455efb336","69e6293fcc3eb2b5df051a49","<p style=""font-size: 60px; font-family: FragmentMono"">XQXQFNRGJ</p>","","","training","","","","","","","",""
"null","null","html-keyboard-response","235","368804","0.0-11.0-0.66","69a6f5f930a06e13c4593d9d","69d7901e3430d13455efb336","69e6293fcc3eb2b5df051a49","<p style=""font-size: 60px; font-family: FragmentMono"">UXJCLSF</p>","","","training","","","","","","","",""
"null","null","html-keyboard-response","236","369806","0.0-11.0-0.67","69a6f5f930a06e13c4593d9d","69d7901e3430d13455efb336","69e6293fcc3eb2b5df051a49","<p style=""font-size: 60px; font-family: FragmentMono"">HNCXAPBKN</p>","","","training","","","","","","","",""
"null","null","html-keyboard-response","237","370807","0.0-11.0-0.68","69a6f5f930a06e13c4593d9d","69d7901e3430d13455efb336","69e6293fcc3eb2b5df051a49","<p style=""font-size: 60px; font-family: FragmentMono"">SHXVKPNSG</p>","","","training","","","","","","","",""
"null","null","html-keyboard-response","238","371808","0.0-11.0-0.69","69a6f5f930a06e13c4593d9d","69d7901e3430d13455efb336","69e6293fcc3eb2b5df051a49","<p style=""font-size: 60px; font-family: FragmentMono"">OPFHSZRT</p>","","","training","","","","","","","",""
"null","null","html-keyboard-response","239","372810","0.0-11.0-0.70","69a6f5f930a06e13c4593d9d","69d7901e3430d13455efb336","69e6293fcc3eb2b5df051a49","<p style=""font-size: 60px; font-family: FragmentMono"">JRZVHNRGJ</p>","","","training","","","","","","","",""
"null","null","html-keyboard-response","240","373812","0.0-11.0-0.71","69a6f5f930a06e13c4593d9d","69d7901e3430d13455efb336","69e6293fcc3eb2b5df051a49","<p style=""font-size: 60px; font-family: FragmentMono"">OPFHSLSF</p>","","","training","","","","","","","",""
"null","null","html-keyboard-response","241","374814","0.0-11.0-0.72","69a6f5f930a06e13c4593d9d","69d7901e3430d13455efb336","69e6293fcc3eb2b5df051a49","<p style=""font-size: 60px; font-family: FragmentMono"">KMSKRWUK</p>","","","training","","","","","","","",""
"null","null","html-keyboard-response","242","375815","0.0-11.0-0.73","69a6f5f930a06e13c4593d9d","69d7901e3430d13455efb336","69e6293fcc3eb2b5df051a49","<p style=""font-size: 60px; font-family: FragmentMono"">HNCXANRGJ</p>","","","training","","","","","","","",""
"null","null","html-keyboard-response","243","376817","0.0-11.0-0.74","69a6f5f930a06e13c4593d9d","69d7901e3430d13455efb336","69e6293fcc3eb2b5df051a49","<p style=""font-size: 60px; font-family: FragmentMono"">VUWYKLSF</p>","","","training","","","","","","","",""
"null","null","html-keyboard-response","244","377819","0.0-11.0-0.75","69a6f5f930a06e13c4593d9d","69d7901e3430d13455efb336","69e6293fcc3eb2b5df051a49","<p style=""font-size: 60px; font-family: FragmentMono"">SHXVKRBO</p>","","","training","","","","","","","",""
"null","null","html-keyboard-response","245","378821","0.0-11.0-0.76","69a6f5f930a06e13c4593d9d","69d7901e3430d13455efb336","69e6293fcc3eb2b5df051a49","<p style=""font-size: 60px; font-family: FragmentMono"">UXJCZRT</p>","","","training","","","","","","","",""
"null","null","html-keyboard-response","246","379823","0.0-11.0-0.77","69a6f5f930a06e13c4593d9d","69d7901e3430d13455efb336","69e6293fcc3eb2b5df051a49","<p style=""font-size: 60px; font-family: FragmentMono"">KMSKVCEG</p>","","","training","","","","","","","",""
"null","null","html-keyboard-response","247","380825","0.0-11.0-0.78","69a6f5f930a06e13c4593d9d","69d7901e3430d13455efb336","69e6293fcc3eb2b5df051a49","<p style=""font-size: 60px; font-family: FragmentMono"">TCSBRWUK</p>","","","training","","","","","","","",""
"null","null","html-keyboard-response","248","381827","0.0-11.0-0.79","69a6f5f930a06e13c4593d9d","69d7901e3430d13455efb336","69e6293fcc3eb2b5df051a49","<p style=""font-size: 60px; font-family: FragmentMono"">SYJEOVCEG</p>","","","training","","","","","","","",""
"2957"," ","html-keyboard-response","249","384785","0.0-12.0","69a6f5f930a06e13c4593d9d","69d7901e3430d13455efb336","69e6293fcc3eb2b5df051a49","<p style=""font-size: 30px"">Great, you've seen the third block of words. You may now take a short break.</p>
      <p style=""font-size: 30px"">Press the spacebar when you're ready to continue.</p>","","","","","","","","","","",""
"null","null","html-keyboard-response","250","385786","0.0-13.0-0.0","69a6f5f930a06e13c4593d9d","69d7901e3430d13455efb336","69e6293fcc3eb2b5df051a49","<p style=""font-size: 60px; font-family: FragmentMono"">CTOIVPNSG</p>","","","training","","","","","","","",""
"null","null","html-keyboard-response","251","386787","0.0-13.0-0.1","69a6f5f930a06e13c4593d9d","69d7901e3430d13455efb336","69e6293fcc3eb2b5df051a49","<p style=""font-size: 60px; font-family: FragmentMono"">SYJEOPBKN</p>","","","training","","","","","","","",""
"null","null","html-keyboard-response","252","387789","0.0-13.0-0.2","69a6f5f930a06e13c4593d9d","69d7901e3430d13455efb336","69e6293fcc3eb2b5df051a49","<p style=""font-size: 60px; font-family: FragmentMono"">TCSBRWUK</p>","","","training","","","","","","","",""
"null","null","html-keyboard-response","253","388790","0.0-13.0-0.3","69a6f5f930a06e13c4593d9d","69d7901e3430d13455efb336","69e6293fcc3eb2b5df051a49","<p style=""font-size: 60px; font-family: FragmentMono"">OPFHSHPS</p>","","","training","","","","","","","",""
"null","null","html-keyboard-response","254","389792","0.0-13.0-0.4","69a6f5f930a06e13c4593d9d","69d7901e3430d13455efb336","69e6293fcc3eb2b5df051a49","<p style=""font-size: 60px; font-family: FragmentMono"">CTOIVZRT</p>","","","training","","","","","","","",""
"null","null","html-keyboard-response","255","390794","0.0-13.0-0.5","69a6f5f930a06e13c4593d9d","69d7901e3430d13455efb336","69e6293fcc3eb2b5df051a49","<p style=""font-size: 60px; font-family: FragmentMono"">IMJRFVCEG</p>","","","training","","","","","","","",""
"null","null","html-keyboard-response","256","391796","0.0-13.0-0.6","69a6f5f930a06e13c4593d9d","69d7901e3430d13455efb336","69e6293fcc3eb2b5df051a49","<p style=""font-size: 60px; font-family: FragmentMono"">JRZVHNRGJ</p>","","","training","","","","","","","",""
"null","null","html-keyboard-response","257","392798","0.0-13.0-0.7","69a6f5f930a06e13c4593d9d","69d7901e3430d13455efb336","69e6293fcc3eb2b5df051a49","<p style=""font-size: 60px; font-family: FragmentMono"">TCSBPYB</p>","","","training","","","","","","","",""
"null","null","html-keyboard-response","258","393799","0.0-13.0-0.8","69a6f5f930a06e13c4593d9d","69d7901e3430d13455efb336","69e6293fcc3eb2b5df051a49","<p style=""font-size: 60px; font-family: FragmentMono"">MVIVIPNSG</p>","","","training","","","","","","","",""
"null","null","html-keyboard-response","259","394801","0.0-13.0-0.9","69a6f5f930a06e13c4593d9d","69d7901e3430d13455efb336","69e6293fcc3eb2b5df051a49","<p style=""font-size: 60px; font-family: FragmentMono"">VUWYKLSF</p>","","","training","","","","","","","",""
"null","null","html-keyboard-response","260","395803","0.0-13.0-0.10","69a6f5f930a06e13c4593d9d","69d7901e3430d13455efb336","69e6293fcc3eb2b5df051a49","<p style=""font-size: 60px; font-family: FragmentMono"">CTOIVRBO</p>","","","training","","","","","","","",""
"null","null","html-keyboard-response","261","396805","0.0-13.0-0.11","69a6f5f930a06e13c4593d9d","69d7901e3430d13455efb336","69e6293fcc3eb2b5df051a49","<p style=""font-size: 60px; font-family: FragmentMono"">PGNXDZRT</p>","","","training","","","","","","","",""
"null","null","html-keyboard-response","262","397807","0.0-13.0-0.12","69a6f5f930a06e13c4593d9d","69d7901e3430d13455efb336","69e6293fcc3eb2b5df051a49","<p style=""font-size: 60px; font-family: FragmentMono"">HNCXANRGJ</p>","","","training","","","","","","","",""
"null","null","html-keyboard-response","263","398809","0.0-13.0-0.13","69a6f5f930a06e13c4593d9d","69d7901e3430d13455efb336","69e6293fcc3eb2b5df051a49","<p style=""font-size: 60px; font-family: FragmentMono"">SYJEORWUK</p>","","","training","","","","","","","",""
"null","null","html-keyboard-response","264","399812","0.0-13.0-0.14","69a6f5f930a06e13c4593d9d","69d7901e3430d13455efb336","69e6293fcc3eb2b5df051a49","<p style=""font-size: 60px; font-family: FragmentMono"">VUWYKHPS</p>","","","training","","","","","","","",""
"null","null","html-keyboard-response","265","400814","0.0-13.0-0.15","69a6f5f930a06e13c4593d9d","69d7901e3430d13455efb336","69e6293fcc3eb2b5df051a49","<p style=""font-size: 60px; font-family: FragmentMono"">SHXVKLSF</p>","","","training","","","","","","","",""
"null","null","html-keyboard-response","266","401817","0.0-13.0-0.16","69a6f5f930a06e13c4593d9d","69d7901e3430d13455efb336","69e6293fcc3eb2b5df051a49","<p style=""font-size: 60px; font-family: FragmentMono"">MVIVIHPS</p>","","","training","","","","","","","",""
"null","null","html-keyboard-response","267","402817","0.0-13.0-0.17","69a6f5f930a06e13c4593d9d","69d7901e3430d13455efb336","69e6293fcc3eb2b5df051a49","<p style=""font-size: 60px; font-family: FragmentMono"">STCKMPBKN</p>","","","training","","","","","","","",""
"null","null","html-keyboard-response","268","403819","0.0-13.0-0.18","69a6f5f930a06e13c4593d9d","69d7901e3430d13455efb336","69e6293fcc3eb2b5df051a49","<p style=""font-size: 60px; font-family: FragmentMono"">IPHAQRBO</p>","","","training","","","","","","","",""
"null","null","html-keyboard-response","269","404821","0.0-13.0-0.19","69a6f5f930a06e13c4593d9d","69d7901e3430d13455efb336","69e6293fcc3eb2b5df051a49","<p style=""font-size: 60px; font-family: FragmentMono"">OPFHSLSF</p>","","","training","","","","","","","",""
"null","null","html-keyboard-response","270","405824","0.0-13.0-0.20","69a6f5f930a06e13c4593d9d","69d7901e3430d13455efb336","69e6293fcc3eb2b5df051a49","<p style=""font-size: 60px; font-family: FragmentMono"">STCKMVCEG</p>","","","training","","","","","","","",""
"null","null","html-keyboard-response","271","406826","0.0-13.0-0.21","69a6f5f930a06e13c4593d9d","69d7901e3430d13455efb336","69e6293fcc3eb2b5df051a49","<p style=""font-size: 60px; font-family: FragmentMono"">HSXWWRWUK</p>","","","training","","","","","","","",""
"null","null","html-keyboard-response","272","407828","0.0-13.0-0.22","69a6f5f930a06e13c4593d9d","69d7901e3430d13455efb336","69e6293fcc3eb2b5df051a49","<p style=""font-size: 60px; font-family: FragmentMono"">SYJEOPYB</p>","","","training","","","","","","","",""
"null","null","html-keyboard-response","273","408829","0.0-13.0-0.23","69a6f5f930a06e13c4593d9d","69d7901e3430d13455efb336","69e6293fcc3eb2b5df051a49","<p style=""font-size: 60px; font-family: FragmentMono"">IMJRFNRGJ</p>","","","training","","","","","","","",""
"null","null","html-keyboard-response","274","409832","0.0-13.0-0.24","69a6f5f930a06e13c4593d9d","69d7901e3430d13455efb336","69e6293fcc3eb2b5df051a49","<p style=""font-size: 60px; font-family: FragmentMono"">TCSBPBKN</p>","","","training","","","","","","","",""
"null","null","html-keyboard-response","275","410833","0.0-13.0-0.25","69a6f5f930a06e13c4593d9d","69d7901e3430d13455efb336","69e6293fcc3eb2b5df051a49","<p style=""font-size: 60px; font-family: FragmentMono"">KFVHRWUK</p>","","","training","","","","","","","",""
"null","null","html-keyboard-response","276","411834","0.0-13.0-0.26","69a6f5f930a06e13c4593d9d","69d7901e3430d13455efb336","69e6293fcc3eb2b5df051a49","<p style=""font-size: 60px; font-family: FragmentMono"">XQXQFPYB</p>","","","training","","","","","","","",""
"null","null","html-keyboard-response","277","412836","0.0-13.0-0.27","69a6f5f930a06e13c4593d9d","69d7901e3430d13455efb336","69e6293fcc3eb2b5df051a49","<p style=""font-size: 60px; font-family: FragmentMono"">SHXVKPNSG</p>","","","training","","","","","","","",""
"null","null","html-keyboard-response","278","413837","0.0-13.0-0.28","69a6f5f930a06e13c4593d9d","69d7901e3430d13455efb336","69e6293fcc3eb2b5df051a49","<p style=""font-size: 60px; font-family: FragmentMono"">RGWFWLSF</p>","","","training","","","","","","","",""
"null","null","html-keyboard-response","279","414839","0.0-13.0-0.29","69a6f5f930a06e13c4593d9d","69d7901e3430d13455efb336","69e6293fcc3eb2b5df051a49","<p style=""font-size: 60px; font-family: FragmentMono"">STCKMPYB</p>","","","training","","","","","","","",""
"null","null","html-keyboard-response","280","415841","0.0-13.0-0.30","69a6f5f930a06e13c4593d9d","69d7901e3430d13455efb336","69e6293fcc3eb2b5df051a49","<p style=""font-size: 60px; font-family: FragmentMono"">PGNXDLSF</p>","","","training","","","","","","","",""
"null","null","html-keyboard-response","281","416843","0.0-13.0-0.31","69a6f5f930a06e13c4593d9d","69d7901e3430d13455efb336","69e6293fcc3eb2b5df051a49","<p style=""font-size: 60px; font-family: FragmentMono"">KMSKRWUK</p>","","","training","","","","","","","",""
"null","null","html-keyboard-response","282","417845","0.0-13.0-0.32","69a6f5f930a06e13c4593d9d","69d7901e3430d13455efb336","69e6293fcc3eb2b5df051a49","<p style=""font-size: 60px; font-family: FragmentMono"">MVIVILSF</p>","","","training","","","","","","","",""
"null","null","html-keyboard-response","283","418848","0.0-13.0-0.33","69a6f5f930a06e13c4593d9d","69d7901e3430d13455efb336","69e6293fcc3eb2b5df051a49","<p style=""font-size: 60px; font-family: FragmentMono"">JRZVHPYB</p>","","","training","","","","","","","",""
"null","null","html-keyboard-response","284","419848","0.0-13.0-0.34","69a6f5f930a06e13c4593d9d","69d7901e3430d13455efb336","69e6293fcc3eb2b5df051a49","<p style=""font-size: 60px; font-family: FragmentMono"">KFVHNRGJ</p>","","","training","","","","","","","",""
"null","null","html-keyboard-response","285","420850","0.0-13.0-0.35","69a6f5f930a06e13c4593d9d","69d7901e3430d13455efb336","69e6293fcc3eb2b5df051a49","<p style=""font-size: 60px; font-family: FragmentMono"">RGWFWHPS</p>","","","training","","","","","","","",""
"null","null","html-keyboard-response","286","421851","0.0-13.0-0.36","69a6f5f930a06e13c4593d9d","69d7901e3430d13455efb336","69e6293fcc3eb2b5df051a49","<p style=""font-size: 60px; font-family: FragmentMono"">JRZVHRWUK</p>","","","training","","","","","","","",""
"null","null","html-keyboard-response","287","422853","0.0-13.0-0.37","69a6f5f930a06e13c4593d9d","69d7901e3430d13455efb336","69e6293fcc3eb2b5df051a49","<p style=""font-size: 60px; font-family: FragmentMono"">UXJCZRT</p>","","","training","","","","","","","",""
"null","null","html-keyboard-response","288","423855","0.0-13.0-0.38","69a6f5f930a06e13c4593d9d","69d7901e3430d13455efb336","69e6293fcc3eb2b5df051a49","<p style=""font-size: 60px; font-family: FragmentMono"">SYJEOVCEG</p>","","","training","","","","","","","",""
"null","null","html-keyboard-response","289","424856","0.0-13.0-0.39","69a6f5f930a06e13c4593d9d","69d7901e3430d13455efb336","69e6293fcc3eb2b5df051a49","<p style=""font-size: 60px; font-family: FragmentMono"">SHXVKRBO</p>","","","training","","","","","","","",""
"null","null","html-keyboard-response","290","425857","0.0-13.0-0.40","69a6f5f930a06e13c4593d9d","69d7901e3430d13455efb336","69e6293fcc3eb2b5df051a49","<p style=""font-size: 60px; font-family: FragmentMono"">OPFHSZRT</p>","","","training","","","","","","","",""
"null","null","html-keyboard-response","291","426859","0.0-13.0-0.41","69a6f5f930a06e13c4593d9d","69d7901e3430d13455efb336","69e6293fcc3eb2b5df051a49","<p style=""font-size: 60px; font-family: FragmentMono"">HSXWWPYB</p>","","","training","","","","","","","",""
"null","null","html-keyboard-response","292","427860","0.0-13.0-0.42","69a6f5f930a06e13c4593d9d","69d7901e3430d13455efb336","69e6293fcc3eb2b5df051a49","<p style=""font-size: 60px; font-family: FragmentMono"">UXJCRBO</p>","","","training","","","","","","","",""
"null","null","html-keyboard-response","293","428862","0.0-13.0-0.43","69a6f5f930a06e13c4593d9d","69d7901e3430d13455efb336","69e6293fcc3eb2b5df051a49","<p style=""font-size: 60px; font-family: FragmentMono"">KFVHVCEG</p>","","","training","","","","","","","",""
"null","null","html-keyboard-response","294","429864","0.0-13.0-0.44","69a6f5f930a06e13c4593d9d","69d7901e3430d13455efb336","69e6293fcc3eb2b5df051a49","<p style=""font-size: 60px; font-family: FragmentMono"">IPHAQPNSG</p>","","","training","","","","","","","",""
"null","null","html-keyboard-response","295","430866","0.0-13.0-0.45","69a6f5f930a06e13c4593d9d","69d7901e3430d13455efb336","69e6293fcc3eb2b5df051a49","<p style=""font-size: 60px; font-family: FragmentMono"">IMJRFPBKN</p>","","","training","","","","","","","",""
"null","null","html-keyboard-response","296","431867","0.0-13.0-0.46","69a6f5f930a06e13c4593d9d","69d7901e3430d13455efb336","69e6293fcc3eb2b5df051a49","<p style=""font-size: 60px; font-family: FragmentMono"">PWEXEPNSG</p>","","","training","","","","","","","",""
"null","null","html-keyboard-response","297","432869","0.0-13.0-0.47","69a6f5f930a06e13c4593d9d","69d7901e3430d13455efb336","69e6293fcc3eb2b5df051a49","<p style=""font-size: 60px; font-family: FragmentMono"">HNCXAPYB</p>","","","training","","","","","","","",""
"null","null","html-keyboard-response","298","433871","0.0-13.0-0.48","69a6f5f930a06e13c4593d9d","69d7901e3430d13455efb336","69e6293fcc3eb2b5df051a49","<p style=""font-size: 60px; font-family: FragmentMono"">XQXQFPBKN</p>","","","training","","","","","","","",""
"null","null","html-keyboard-response","299","434873","0.0-13.0-0.49","69a6f5f930a06e13c4593d9d","69d7901e3430d13455efb336","69e6293fcc3eb2b5df051a49","<p style=""font-size: 60px; font-family: FragmentMono"">OPFHSPNSG</p>","","","training","","","","","","","",""
"null","null","html-keyboard-response","300","435875","0.0-13.0-0.50","69a6f5f930a06e13c4593d9d","69d7901e3430d13455efb336","69e6293fcc3eb2b5df051a49","<p style=""font-size: 60px; font-family: FragmentMono"">HNCXAVCEG</p>","","","training","","","","","","","",""
"null","null","html-keyboard-response","301","436877","0.0-13.0-0.51","69a6f5f930a06e13c4593d9d","69d7901e3430d13455efb336","69e6293fcc3eb2b5df051a49","<p style=""font-size: 60px; font-family: FragmentMono"">PGNXDRBO</p>","","","training","","","","","","","",""
"null","null","html-keyboard-response","302","437879","0.0-13.0-0.52","69a6f5f930a06e13c4593d9d","69d7901e3430d13455efb336","69e6293fcc3eb2b5df051a49","<p style=""font-size: 60px; font-family: FragmentMono"">KMSKVCEG</p>","","","training","","","","","","","",""
"null","null","html-keyboard-response","303","438881","0.0-13.0-0.53","69a6f5f930a06e13c4593d9d","69d7901e3430d13455efb336","69e6293fcc3eb2b5df051a49","<p style=""font-size: 60px; font-family: FragmentMono"">IPHAQHPS</p>","","","training","","","","","","","",""
"null","null","html-keyboard-response","304","439882","0.0-13.0-0.54","69a6f5f930a06e13c4593d9d","69d7901e3430d13455efb336","69e6293fcc3eb2b5df051a49","<p style=""font-size: 60px; font-family: FragmentMono"">KMSKPYB</p>","","","training","","","","","","","",""
"null","null","html-keyboard-response","305","440885","0.0-13.0-0.55","69a6f5f930a06e13c4593d9d","69d7901e3430d13455efb336","69e6293fcc3eb2b5df051a49","<p style=""font-size: 60px; font-family: FragmentMono"">VUWYKPNSG</p>","","","training","","","","","","","",""
"null","null","html-keyboard-response","306","441886","0.0-13.0-0.56","69a6f5f930a06e13c4593d9d","69d7901e3430d13455efb336","69e6293fcc3eb2b5df051a49","<p style=""font-size: 60px; font-family: FragmentMono"">UXJCLSF</p>","","","training","","","","","","","",""
"null","null","html-keyboard-response","307","442888","0.0-13.0-0.57","69a6f5f930a06e13c4593d9d","69d7901e3430d13455efb336","69e6293fcc3eb2b5df051a49","<p style=""font-size: 60px; font-family: FragmentMono"">JRZVHPBKN</p>","","","training","","","","","","","",""
"null","null","html-keyboard-response","308","443890","0.0-13.0-0.58","69a6f5f930a06e13c4593d9d","69d7901e3430d13455efb336","69e6293fcc3eb2b5df051a49","<p style=""font-size: 60px; font-family: FragmentMono"">XQXQFVCEG</p>","","","training","","","","","","","",""
"null","null","html-keyboard-response","309","444893","0.0-13.0-0.59","69a6f5f930a06e13c4593d9d","69d7901e3430d13455efb336","69e6293fcc3eb2b5df051a49","<p style=""font-size: 60px; font-family: FragmentMono"">CTOIVHPS</p>","","","training","","","","","","","",""
"null","null","html-keyboard-response","310","445895","0.0-13.0-0.60","69a6f5f930a06e13c4593d9d","69d7901e3430d13455efb336","69e6293fcc3eb2b5df051a49","<p style=""font-size: 60px; font-family: FragmentMono"">IPHAQZRT</p>","","","training","","","","","","","",""
"null","null","html-keyboard-response","311","446897","0.0-13.0-0.61","69a6f5f930a06e13c4593d9d","69d7901e3430d13455efb336","69e6293fcc3eb2b5df051a49","<p style=""font-size: 60px; font-family: FragmentMono"">PWEXELSF</p>","","","training","","","","","","","",""
"null","null","html-keyboard-response","312","447899","0.0-13.0-0.62","69a6f5f930a06e13c4593d9d","69d7901e3430d13455efb336","69e6293fcc3eb2b5df051a49","<p style=""font-size: 60px; font-family: FragmentMono"">HSXWWVCEG</p>","","","training","","","","","","","",""
"null","null","html-keyboard-response","313","448901","0.0-13.0-0.63","69a6f5f930a06e13c4593d9d","69d7901e3430d13455efb336","69e6293fcc3eb2b5df051a49","<p style=""font-size: 60px; font-family: FragmentMono"">PWEXEHPS</p>","","","training","","","","","","","",""
"null","null","html-keyboard-response","314","449903","0.0-13.0-0.64","69a6f5f930a06e13c4593d9d","69d7901e3430d13455efb336","69e6293fcc3eb2b5df051a49","<p style=""font-size: 60px; font-family: FragmentMono"">HNCXAPBKN</p>","","","training","","","","","","","",""
"null","null","html-keyboard-response","315","450904","0.0-13.0-0.65","69a6f5f930a06e13c4593d9d","69d7901e3430d13455efb336","69e6293fcc3eb2b5df051a49","<p style=""font-size: 60px; font-family: FragmentMono"">VUWYKRBO</p>","","","training","","","","","","","",""
"null","null","html-keyboard-response","316","451906","0.0-13.0-0.66","69a6f5f930a06e13c4593d9d","69d7901e3430d13455efb336","69e6293fcc3eb2b5df051a49","<p style=""font-size: 60px; font-family: FragmentMono"">STCKMRWUK</p>","","","training","","","","","","","",""
"null","null","html-keyboard-response","317","452908","0.0-13.0-0.67","69a6f5f930a06e13c4593d9d","69d7901e3430d13455efb336","69e6293fcc3eb2b5df051a49","<p style=""font-size: 60px; font-family: FragmentMono"">MVIVIRBO</p>","","","training","","","","","","","",""
"null","null","html-keyboard-response","318","453910","0.0-13.0-0.68","69a6f5f930a06e13c4593d9d","69d7901e3430d13455efb336","69e6293fcc3eb2b5df051a49","<p style=""font-size: 60px; font-family: FragmentMono"">RGWFWZRT</p>","","","training","","","","","","","",""
"null","null","html-keyboard-response","319","454912","0.0-13.0-0.69","69a6f5f930a06e13c4593d9d","69d7901e3430d13455efb336","69e6293fcc3eb2b5df051a49","<p style=""font-size: 60px; font-family: FragmentMono"">TCSBNRGJ</p>","","","training","","","","","","","",""
"null","null","html-keyboard-response","320","455914","0.0-13.0-0.70","69a6f5f930a06e13c4593d9d","69d7901e3430d13455efb336","69e6293fcc3eb2b5df051a49","<p style=""font-size: 60px; font-family: FragmentMono"">PWEXEZRT</p>","","","training","","","","","","","",""
"null","null","html-keyboard-response","321","456915","0.0-13.0-0.71","69a6f5f930a06e13c4593d9d","69d7901e3430d13455efb336","69e6293fcc3eb2b5df051a49","<p style=""font-size: 60px; font-family: FragmentMono"">RGWFWRBO</p>","","","training","","","","","","","",""
"null","null","html-keyboard-response","322","457916","0.0-13.0-0.72","69a6f5f930a06e13c4593d9d","69d7901e3430d13455efb336","69e6293fcc3eb2b5df051a49","<p style=""font-size: 60px; font-family: FragmentMono"">PGNXDPNSG</p>","","","training","","","","","","","",""
"null","null","html-keyboard-response","323","458918","0.0-13.0-0.73","69a6f5f930a06e13c4593d9d","69d7901e3430d13455efb336","69e6293fcc3eb2b5df051a49","<p style=""font-size: 60px; font-family: FragmentMono"">KMSKNRGJ</p>","","","training","","","","","","","",""
"null","null","html-keyboard-response","324","459919","0.0-13.0-0.74","69a6f5f930a06e13c4593d9d","69d7901e3430d13455efb336","69e6293fcc3eb2b5df051a49","<p style=""font-size: 60px; font-family: FragmentMono"">KFVHPBKN</p>","","","training","","","","","","","",""
"null","null","html-keyboard-response","325","460920","0.0-13.0-0.75","69a6f5f930a06e13c4593d9d","69d7901e3430d13455efb336","69e6293fcc3eb2b5df051a49","<p style=""font-size: 60px; font-family: FragmentMono"">XQXQFNRGJ</p>","","","training","","","","","","","",""
"null","null","html-keyboard-response","326","461922","0.0-13.0-0.76","69a6f5f930a06e13c4593d9d","69d7901e3430d13455efb336","69e6293fcc3eb2b5df051a49","<p style=""font-size: 60px; font-family: FragmentMono"">IMJRFRWUK</p>","","","training","","","","","","","",""
"null","null","html-keyboard-response","327","462925","0.0-13.0-0.77","69a6f5f930a06e13c4593d9d","69d7901e3430d13455efb336","69e6293fcc3eb2b5df051a49","<p style=""font-size: 60px; font-family: FragmentMono"">HSXWWNRGJ</p>","","","training","","","","","","","",""
"null","null","html-keyboard-response","328","463926","0.0-13.0-0.78","69a6f5f930a06e13c4593d9d","69d7901e3430d13455efb336","69e6293fcc3eb2b5df051a49","<p style=""font-size: 60px; font-family: FragmentMono"">SHXVKZRT</p>","","","training","","","","","","","",""
"null","null","html-keyboard-response","329","464927","0.0-13.0-0.79","69a6f5f930a06e13c4593d9d","69d7901e3430d13455efb336","69e6293fcc3eb2b5df051a49","<p style=""font-size: 60px; font-family: FragmentMono"">UXJCHPS</p>","","","training","","","","","","","",""
"2383"," ","html-keyboard-response","330","467311","0.0-14.0","69a6f5f930a06e13c4593d9d","69d7901e3430d13455efb336","69e6293fcc3eb2b5df051a49","<p style=""font-size: 30px"">Great, you've seen the fourth block of words. You may now take a short break.</p>
      <p style=""font-size: 30px"">Press the spacebar when you're ready to continue.</p>","","","","","","","","","","",""
"null","null","html-keyboard-response","331","468313","0.0-15.0-0.0","69a6f5f930a06e13c4593d9d","69d7901e3430d13455efb336","69e6293fcc3eb2b5df051a49","<p style=""font-size: 60px; font-family: FragmentMono"">KMSKRWUK</p>","","","training","","","","","","","",""
"null","null","html-keyboard-response","332","469314","0.0-15.0-0.1","69a6f5f930a06e13c4593d9d","69d7901e3430d13455efb336","69e6293fcc3eb2b5df051a49","<p style=""font-size: 60px; font-family: FragmentMono"">CTOIVZRT</p>","","","training","","","","","","","",""
"null","null","html-keyboard-response","333","470315","0.0-15.0-0.2","69a6f5f930a06e13c4593d9d","69d7901e3430d13455efb336","69e6293fcc3eb2b5df051a49","<p style=""font-size: 60px; font-family: FragmentMono"">SHXVKPNSG</p>","","","training","","","","","","","",""
"null","null","html-keyboard-response","334","471318","0.0-15.0-0.3","69a6f5f930a06e13c4593d9d","69d7901e3430d13455efb336","69e6293fcc3eb2b5df051a49","<p style=""font-size: 60px; font-family: FragmentMono"">CTOIVHPS</p>","","","training","","","","","","","",""
"null","null","html-keyboard-response","335","472320","0.0-15.0-0.4","69a6f5f930a06e13c4593d9d","69d7901e3430d13455efb336","69e6293fcc3eb2b5df051a49","<p style=""font-size: 60px; font-family: FragmentMono"">HNCXAPBKN</p>","","","training","","","","","","","",""
"null","null","html-keyboard-response","336","473320","0.0-15.0-0.5","69a6f5f930a06e13c4593d9d","69d7901e3430d13455efb336","69e6293fcc3eb2b5df051a49","<p style=""font-size: 60px; font-family: FragmentMono"">MVIVIPNSG</p>","","","training","","","","","","","",""
"null","null","html-keyboard-response","337","474323","0.0-15.0-0.6","69a6f5f930a06e13c4593d9d","69d7901e3430d13455efb336","69e6293fcc3eb2b5df051a49","<p style=""font-size: 60px; font-family: FragmentMono"">RGWFWZRT</p>","","","training","","","","","","","",""
"null","null","html-keyboard-response","338","475325","0.0-15.0-0.7","69a6f5f930a06e13c4593d9d","69d7901e3430d13455efb336","69e6293fcc3eb2b5df051a49","<p style=""font-size: 60px; font-family: FragmentMono"">IPHAQHPS</p>","","","training","","","","","","","",""
"null","null","html-keyboard-response","339","476327","0.0-15.0-0.8","69a6f5f930a06e13c4593d9d","69d7901e3430d13455efb336","69e6293fcc3eb2b5df051a49","<p style=""font-size: 60px; font-family: FragmentMono"">SYJEOPBKN</p>","","","training","","","","","","","",""
"null","null","html-keyboard-response","340","477328","0.0-15.0-0.9","69a6f5f930a06e13c4593d9d","69d7901e3430d13455efb336","69e6293fcc3eb2b5df051a49","<p style=""font-size: 60px; font-family: FragmentMono"">PGNXDPNSG</p>","","","training","","","","","","","",""
"null","null","html-keyboard-response","341","478330","0.0-15.0-0.10","69a6f5f930a06e13c4593d9d","69d7901e3430d13455efb336","69e6293fcc3eb2b5df051a49","<p style=""font-size: 60px; font-family: FragmentMono"">UXJCLSF</p>","","","training","","","","","","","",""
"null","null","html-keyboard-response","342","479331","0.0-15.0-0.11","69a6f5f930a06e13c4593d9d","69d7901e3430d13455efb336","69e6293fcc3eb2b5df051a49","<p style=""font-size: 60px; font-family: FragmentMono"">OPFHSZRT</p>","","","training","","","","","","","",""
"null","null","html-keyboard-response","343","480333","0.0-15.0-0.12","69a6f5f930a06e13c4593d9d","69d7901e3430d13455efb336","69e6293fcc3eb2b5df051a49","<p style=""font-size: 60px; font-family: FragmentMono"">IMJRFRWUK</p>","","","training","","","","","","","",""
"null","null","html-keyboard-response","344","481335","0.0-15.0-0.13","69a6f5f930a06e13c4593d9d","69d7901e3430d13455efb336","69e6293fcc3eb2b5df051a49","<p style=""font-size: 60px; font-family: FragmentMono"">OPFHSLSF</p>","","","training","","","","","","","",""
"null","null","html-keyboard-response","345","482337","0.0-15.0-0.14","69a6f5f930a06e13c4593d9d","69d7901e3430d13455efb336","69e6293fcc3eb2b5df051a49","<p style=""font-size: 60px; font-family: FragmentMono"">PWEXEZRT</p>","","","training","","","","","","","",""
"null","null","html-keyboard-response","346","483339","0.0-15.0-0.15","69a6f5f930a06e13c4593d9d","69d7901e3430d13455efb336","69e6293fcc3eb2b5df051a49","<p style=""font-size: 60px; font-family: FragmentMono"">CTOIVPNSG</p>","","","training","","","","","","","",""
"null","null","html-keyboard-response","347","484341","0.0-15.0-0.16","69a6f5f930a06e13c4593d9d","69d7901e3430d13455efb336","69e6293fcc3eb2b5df051a49","<p style=""font-size: 60px; font-family: FragmentMono"">JRZVHPBKN</p>","","","training","","","","","","","",""
"null","null","html-keyboard-response","348","485343","0.0-15.0-0.17","69a6f5f930a06e13c4593d9d","69d7901e3430d13455efb336","69e6293fcc3eb2b5df051a49","<p style=""font-size: 60px; font-family: FragmentMono"">PWEXEHPS</p>","","","training","","","","","","","",""
"null","null","html-keyboard-response","349","486345","0.0-15.0-0.18","69a6f5f930a06e13c4593d9d","69d7901e3430d13455efb336","69e6293fcc3eb2b5df051a49","<p style=""font-size: 60px; font-family: FragmentMono"">MVIVIRBO</p>","","","training","","","","","","","",""
"null","null","html-keyboard-response","350","487346","0.0-15.0-0.19","69a6f5f930a06e13c4593d9d","69d7901e3430d13455efb336","69e6293fcc3eb2b5df051a49","<p style=""font-size: 60px; font-family: FragmentMono"">IPHAQPNSG</p>","","","training","","","","","","","",""
"null","null","html-keyboard-response","351","488348","0.0-15.0-0.20","69a6f5f930a06e13c4593d9d","69d7901e3430d13455efb336","69e6293fcc3eb2b5df051a49","<p style=""font-size: 60px; font-family: FragmentMono"">JRZVHNRGJ</p>","","","training","","","","","","","",""
"null","null","html-keyboard-response","352","489350","0.0-15.0-0.21","69a6f5f930a06e13c4593d9d","69d7901e3430d13455efb336","69e6293fcc3eb2b5df051a49","<p style=""font-size: 60px; font-family: FragmentMono"">UXJCRBO</p>","","","training","","","","","","","",""
"null","null","html-keyboard-response","353","490352","0.0-15.0-0.22","69a6f5f930a06e13c4593d9d","69d7901e3430d13455efb336","69e6293fcc3eb2b5df051a49","<p style=""font-size: 60px; font-family: FragmentMono"">KFVHRWUK</p>","","","training","","","","","","","",""
"null","null","html-keyboard-response","354","491354","0.0-15.0-0.23","69a6f5f930a06e13c4593d9d","69d7901e3430d13455efb336","69e6293fcc3eb2b5df051a49","<p style=""font-size: 60px; font-family: FragmentMono"">SHXVKZRT</p>","","","training","","","","","","","",""
"null","null","html-keyboard-response","355","492356","0.0-15.0-0.24","69a6f5f930a06e13c4593d9d","69d7901e3430d13455efb336","69e6293fcc3eb2b5df051a49","<p style=""font-size: 60px; font-family: FragmentMono"">TCSBRWUK</p>","","","training","","","","","","","",""
"null","null","html-keyboard-response","356","493358","0.0-15.0-0.25","69a6f5f930a06e13c4593d9d","69d7901e3430d13455efb336","69e6293fcc3eb2b5df051a49","<p style=""font-size: 60px; font-family: FragmentMono"">HNCXAPYB</p>","","","training","","","","","","","",""
"null","null","html-keyboard-response","357","494360","0.0-15.0-0.26","69a6f5f930a06e13c4593d9d","69d7901e3430d13455efb336","69e6293fcc3eb2b5df051a49","<p style=""font-size: 60px; font-family: FragmentMono"">PGNXDRBO</p>","","","training","","","","","","","",""
"null","null","html-keyboard-response","358","495362","0.0-15.0-0.27","69a6f5f930a06e13c4593d9d","69d7901e3430d13455efb336","69e6293fcc3eb2b5df051a49","<p style=""font-size: 60px; font-family: FragmentMono"">JRZVHPYB</p>","","","training","","","","","","","",""
"null","null","html-keyboard-response","359","496364","0.0-15.0-0.28","69a6f5f930a06e13c4593d9d","69d7901e3430d13455efb336","69e6293fcc3eb2b5df051a49","<p style=""font-size: 60px; font-family: FragmentMono"">HSXWWVCEG</p>","","","training","","","","","","","",""
"null","null","html-keyboard-response","360","497364","0.0-15.0-0.29","69a6f5f930a06e13c4593d9d","69d7901e3430d13455efb336","69e6293fcc3eb2b5df051a49","<p style=""font-size: 60px; font-family: FragmentMono"">TCSBNRGJ</p>","","","training","","","","","","","",""
"null","null","html-keyboard-response","361","498366","0.0-15.0-0.30","69a6f5f930a06e13c4593d9d","69d7901e3430d13455efb336","69e6293fcc3eb2b5df051a49","<p style=""font-size: 60px; font-family: FragmentMono"">XQXQFVCEG</p>","","","training","","","","","","","",""
"null","null","html-keyboard-response","362","499368","0.0-15.0-0.31","69a6f5f930a06e13c4593d9d","69d7901e3430d13455efb336","69e6293fcc3eb2b5df051a49","<p style=""font-size: 60px; font-family: FragmentMono"">HSXWWNRGJ</p>","","","training","","","","","","","",""
"null","null","html-keyboard-response","363","500370","0.0-15.0-0.32","69a6f5f930a06e13c4593d9d","69d7901e3430d13455efb336","69e6293fcc3eb2b5df051a49","<p style=""font-size: 60px; font-family: FragmentMono"">JRZVHRWUK</p>","","","training","","","","","","","",""
"null","null","html-keyboard-response","364","501372","0.0-15.0-0.33","69a6f5f930a06e13c4593d9d","69d7901e3430d13455efb336","69e6293fcc3eb2b5df051a49","<p style=""font-size: 60px; font-family: FragmentMono"">TCSBPYB</p>","","","training","","","","","","","",""
"null","null","html-keyboard-response","365","502374","0.0-15.0-0.34","69a6f5f930a06e13c4593d9d","69d7901e3430d13455efb336","69e6293fcc3eb2b5df051a49","<p style=""font-size: 60px; font-family: FragmentMono"">SYJEOVCEG</p>","","","training","","","","","","","",""
"null","null","html-keyboard-response","366","503376","0.0-15.0-0.35","69a6f5f930a06e13c4593d9d","69d7901e3430d13455efb336","69e6293fcc3eb2b5df051a49","<p style=""font-size: 60px; font-family: FragmentMono"">XQXQFNRGJ</p>","","","training","","","","","","","",""
"null","null","html-keyboard-response","367","504377","0.0-15.0-0.36","69a6f5f930a06e13c4593d9d","69d7901e3430d13455efb336","69e6293fcc3eb2b5df051a49","<p style=""font-size: 60px; font-family: FragmentMono"">UXJCZRT</p>","","","training","","","","","","","",""
"null","null","html-keyboard-response","368","505379","0.0-15.0-0.37","69a6f5f930a06e13c4593d9d","69d7901e3430d13455efb336","69e6293fcc3eb2b5df051a49","<p style=""font-size: 60px; font-family: FragmentMono"">KFVHPBKN</p>","","","training","","","","","","","",""
"null","null","html-keyboard-response","369","506381","0.0-15.0-0.38","69a6f5f930a06e13c4593d9d","69d7901e3430d13455efb336","69e6293fcc3eb2b5df051a49","<p style=""font-size: 60px; font-family: FragmentMono"">RGWFWLSF</p>","","","training","","","","","","","",""
"null","null","html-keyboard-response","370","507382","0.0-15.0-0.39","69a6f5f930a06e13c4593d9d","69d7901e3430d13455efb336","69e6293fcc3eb2b5df051a49","<p style=""font-size: 60px; font-family: FragmentMono"">STCKMPYB</p>","","","training","","","","","","","",""
"null","null","html-keyboard-response","371","508384","0.0-15.0-0.40","69a6f5f930a06e13c4593d9d","69d7901e3430d13455efb336","69e6293fcc3eb2b5df051a49","<p style=""font-size: 60px; font-family: FragmentMono"">RGWFWRBO</p>","","","training","","","","","","","",""
"null","null","html-keyboard-response","372","509387","0.0-15.0-0.41","69a6f5f930a06e13c4593d9d","69d7901e3430d13455efb336","69e6293fcc3eb2b5df051a49","<p style=""font-size: 60px; font-family: FragmentMono"">MVIVIHPS</p>","","","training","","","","","","","",""
"null","null","html-keyboard-response","373","510387","0.0-15.0-0.42","69a6f5f930a06e13c4593d9d","69d7901e3430d13455efb336","69e6293fcc3eb2b5df051a49","<p style=""font-size: 60px; font-family: FragmentMono"">CTOIVRBO</p>","","","training","","","","","","","",""
"null","null","html-keyboard-response","374","511390","0.0-15.0-0.43","69a6f5f930a06e13c4593d9d","69d7901e3430d13455efb336","69e6293fcc3eb2b5df051a49","<p style=""font-size: 60px; font-family: FragmentMono"">HNCXANRGJ</p>","","","training","","","","","","","",""
"null","null","html-keyboard-response","375","512392","0.0-15.0-0.44","69a6f5f930a06e13c4593d9d","69d7901e3430d13455efb336","69e6293fcc3eb2b5df051a49","<p style=""font-size: 60px; font-family: FragmentMono"">TCSBPBKN</p>","","","training","","","","","","","",""
"null","null","html-keyboard-response","376","513394","0.0-15.0-0.45","69a6f5f930a06e13c4593d9d","69d7901e3430d13455efb336","69e6293fcc3eb2b5df051a49","<p style=""font-size: 60px; font-family: FragmentMono"">VUWYKRBO</p>","","","training","","","","","","","",""
"null","null","html-keyboard-response","377","514396","0.0-15.0-0.46","69a6f5f930a06e13c4593d9d","69d7901e3430d13455efb336","69e6293fcc3eb2b5df051a49","<p style=""font-size: 60px; font-family: FragmentMono"">OPFHSPNSG</p>","","","training","","","","","","","",""
"null","null","html-keyboard-response","378","515399","0.0-15.0-0.47","69a6f5f930a06e13c4593d9d","69d7901e3430d13455efb336","69e6293fcc3eb2b5df051a49","<p style=""font-size: 60px; font-family: FragmentMono"">SHXVKRBO</p>","","","training","","","","","","","",""
"null","null","html-keyboard-response","379","516400","0.0-15.0-0.48","69a6f5f930a06e13c4593d9d","69d7901e3430d13455efb336","69e6293fcc3eb2b5df051a49","<p style=""font-size: 60px; font-family: FragmentMono"">VUWYKLSF</p>","","","training","","","","","","","",""
"null","null","html-keyboard-response","380","517402","0.0-15.0-0.49","69a6f5f930a06e13c4593d9d","69d7901e3430d13455efb336","69e6293fcc3eb2b5df051a49","<p style=""font-size: 60px; font-family: FragmentMono"">SYJEOPYB</p>","","","training","","","","","","","",""
"null","null","html-keyboard-response","381","518404","0.0-15.0-0.50","69a6f5f930a06e13c4593d9d","69d7901e3430d13455efb336","69e6293fcc3eb2b5df051a49","<p style=""font-size: 60px; font-family: FragmentMono"">VUWYKHPS</p>","","","training","","","","","","","",""
"null","null","html-keyboard-response","382","519405","0.0-15.0-0.51","69a6f5f930a06e13c4593d9d","69d7901e3430d13455efb336","69e6293fcc3eb2b5df051a49","<p style=""font-size: 60px; font-family: FragmentMono"">MVIVILSF</p>","","","training","","","","","","","",""
"null","null","html-keyboard-response","383","520408","0.0-15.0-0.52","69a6f5f930a06e13c4593d9d","69d7901e3430d13455efb336","69e6293fcc3eb2b5df051a49","<p style=""font-size: 60px; font-family: FragmentMono"">RGWFWHPS</p>","","","training","","","","","","","",""
"null","null","html-keyboard-response","384","521410","0.0-15.0-0.53","69a6f5f930a06e13c4593d9d","69d7901e3430d13455efb336","69e6293fcc3eb2b5df051a49","<p style=""font-size: 60px; font-family: FragmentMono"">SHXVKLSF</p>","","","training","","","","","","","",""
"null","null","html-keyboard-response","385","522413","0.0-15.0-0.54","69a6f5f930a06e13c4593d9d","69d7901e3430d13455efb336","69e6293fcc3eb2b5df051a49","<p style=""font-size: 60px; font-family: FragmentMono"">KFVHNRGJ</p>","","","training","","","","","","","",""
"null","null","html-keyboard-response","386","523415","0.0-15.0-0.55","69a6f5f930a06e13c4593d9d","69d7901e3430d13455efb336","69e6293fcc3eb2b5df051a49","<p style=""font-size: 60px; font-family: FragmentMono"">IMJRFVCEG</p>","","","training","","","","","","","",""
"null","null","html-keyboard-response","387","524417","0.0-15.0-0.56","69a6f5f930a06e13c4593d9d","69d7901e3430d13455efb336","69e6293fcc3eb2b5df051a49","<p style=""font-size: 60px; font-family: FragmentMono"">XQXQFPYB</p>","","","training","","","","","","","",""
"null","null","html-keyboard-response","388","525419","0.0-15.0-0.57","69a6f5f930a06e13c4593d9d","69d7901e3430d13455efb336","69e6293fcc3eb2b5df051a49","<p style=""font-size: 60px; font-family: FragmentMono"">IPHAQRBO</p>","","","training","","","","","","","",""
"null","null","html-keyboard-response","389","526420","0.0-15.0-0.58","69a6f5f930a06e13c4593d9d","69d7901e3430d13455efb336","69e6293fcc3eb2b5df051a49","<p style=""font-size: 60px; font-family: FragmentMono"">HNCXAVCEG</p>","","","training","","","","","","","",""
"null","null","html-keyboard-response","390","527421","0.0-15.0-0.59","69a6f5f930a06e13c4593d9d","69d7901e3430d13455efb336","69e6293fcc3eb2b5df051a49","<p style=""font-size: 60px; font-family: FragmentMono"">PGNXDZRT</p>","","","training","","","","","","","",""
"null","null","html-keyboard-response","391","528423","0.0-15.0-0.60","69a6f5f930a06e13c4593d9d","69d7901e3430d13455efb336","69e6293fcc3eb2b5df051a49","<p style=""font-size: 60px; font-family: FragmentMono"">PWEXELSF</p>","","","training","","","","","","","",""
"null","null","html-keyboard-response","392","529425","0.0-15.0-0.61","69a6f5f930a06e13c4593d9d","69d7901e3430d13455efb336","69e6293fcc3eb2b5df051a49","<p style=""font-size: 60px; font-family: FragmentMono"">HSXWWRWUK</p>","","","training","","","","","","","",""
"null","null","html-keyboard-response","393","530427","0.0-15.0-0.62","69a6f5f930a06e13c4593d9d","69d7901e3430d13455efb336","69e6293fcc3eb2b5df051a49","<p style=""font-size: 60px; font-family: FragmentMono"">UXJCHPS</p>","","","training","","","","","","","",""
"null","null","html-keyboard-response","394","531429","0.0-15.0-0.63","69a6f5f930a06e13c4593d9d","69d7901e3430d13455efb336","69e6293fcc3eb2b5df051a49","<p style=""font-size: 60px; font-family: FragmentMono"">VUWYKPNSG</p>","","","training","","","","","","","",""
"null","null","html-keyboard-response","395","532430","0.0-15.0-0.64","69a6f5f930a06e13c4593d9d","69d7901e3430d13455efb336","69e6293fcc3eb2b5df051a49","<p style=""font-size: 60px; font-family: FragmentMono"">IMJRFNRGJ</p>","","","training","","","","","","","",""
"null","null","html-keyboard-response","396","533432","0.0-15.0-0.65","69a6f5f930a06e13c4593d9d","69d7901e3430d13455efb336","69e6293fcc3eb2b5df051a49","<p style=""font-size: 60px; font-family: FragmentMono"">KMSKPYB</p>","","","training","","","","","","","",""
"null","null","html-keyboard-response","397","534433","0.0-15.0-0.66","69a6f5f930a06e13c4593d9d","69d7901e3430d13455efb336","69e6293fcc3eb2b5df051a49","<p style=""font-size: 60px; font-family: FragmentMono"">STCKMVCEG</p>","","","training","","","","","","","",""
"null","null","html-keyboard-response","398","535435","0.0-15.0-0.67","69a6f5f930a06e13c4593d9d","69d7901e3430d13455efb336","69e6293fcc3eb2b5df051a49","<p style=""font-size: 60px; font-family: FragmentMono"">PWEXEPNSG</p>","","","training","","","","","","","",""
"null","null","html-keyboard-response","399","536437","0.0-15.0-0.68","69a6f5f930a06e13c4593d9d","69d7901e3430d13455efb336","69e6293fcc3eb2b5df051a49","<p style=""font-size: 60px; font-family: FragmentMono"">STCKMRWUK</p>","","","training","","","","","","","",""
"null","null","html-keyboard-response","400","537439","0.0-15.0-0.69","69a6f5f930a06e13c4593d9d","69d7901e3430d13455efb336","69e6293fcc3eb2b5df051a49","<p style=""font-size: 60px; font-family: FragmentMono"">PGNXDLSF</p>","","","training","","","","","","","",""
"null","null","html-keyboard-response","401","538441","0.0-15.0-0.70","69a6f5f930a06e13c4593d9d","69d7901e3430d13455efb336","69e6293fcc3eb2b5df051a49","<p style=""font-size: 60px; font-family: FragmentMono"">STCKMPBKN</p>","","","training","","","","","","","",""
"null","null","html-keyboard-response","402","539442","0.0-15.0-0.71","69a6f5f930a06e13c4593d9d","69d7901e3430d13455efb336","69e6293fcc3eb2b5df051a49","<p style=""font-size: 60px; font-family: FragmentMono"">KMSKNRGJ</p>","","","training","","","","","","","",""
"null","null","html-keyboard-response","403","540445","0.0-15.0-0.72","69a6f5f930a06e13c4593d9d","69d7901e3430d13455efb336","69e6293fcc3eb2b5df051a49","<p style=""font-size: 60px; font-family: FragmentMono"">SYJEORWUK</p>","","","training","","","","","","","",""
"null","null","html-keyboard-response","404","541446","0.0-15.0-0.73","69a6f5f930a06e13c4593d9d","69d7901e3430d13455efb336","69e6293fcc3eb2b5df051a49","<p style=""font-size: 60px; font-family: FragmentMono"">KMSKVCEG</p>","","","training","","","","","","","",""
"null","null","html-keyboard-response","405","542449","0.0-15.0-0.74","69a6f5f930a06e13c4593d9d","69d7901e3430d13455efb336","69e6293fcc3eb2b5df051a49","<p style=""font-size: 60px; font-family: FragmentMono"">XQXQFPBKN</p>","","","training","","","","","","","",""
"null","null","html-keyboard-response","406","543450","0.0-15.0-0.75","69a6f5f930a06e13c4593d9d","69d7901e3430d13455efb336","69e6293fcc3eb2b5df051a49","<p style=""font-size: 60px; font-family: FragmentMono"">KFVHVCEG</p>","","","training","","","","","","","",""
"null","null","html-keyboard-response","407","544452","0.0-15.0-0.76","69a6f5f930a06e13c4593d9d","69d7901e3430d13455efb336","69e6293fcc3eb2b5df051a49","<p style=""font-size: 60px; font-family: FragmentMono"">IPHAQZRT</p>","","","training","","","","","","","",""
"null","null","html-keyboard-response","408","545454","0.0-15.0-0.77","69a6f5f930a06e13c4593d9d","69d7901e3430d13455efb336","69e6293fcc3eb2b5df051a49","<p style=""font-size: 60px; font-family: FragmentMono"">HSXWWPYB</p>","","","training","","","","","","","",""
"null","null","html-keyboard-response","409","546455","0.0-15.0-0.78","69a6f5f930a06e13c4593d9d","69d7901e3430d13455efb336","69e6293fcc3eb2b5df051a49","<p style=""font-size: 60px; font-family: FragmentMono"">OPFHSHPS</p>","","","training","","","","","","","",""
"null","null","html-keyboard-response","410","547457","0.0-15.0-0.79","69a6f5f930a06e13c4593d9d","69d7901e3430d13455efb336","69e6293fcc3eb2b5df051a49","<p style=""font-size: 60px; font-family: FragmentMono"">IMJRFPBKN</p>","","","training","","","","","","","",""
"2071"," ","html-keyboard-response","411","549529","0.0-16.0","69a6f5f930a06e13c4593d9d","69d7901e3430d13455efb336","69e6293fcc3eb2b5df051a49","<p style=""font-size: 30px"">Great, you've seen the fifth block of words. You may now take a short break.</p>
      <p style=""font-size: 30px"">Press the spacebar when you're ready to continue.</p>","","","","","","","","","","",""
"null","null","html-keyboard-response","412","550531","0.0-17.0-0.0","69a6f5f930a06e13c4593d9d","69d7901e3430d13455efb336","69e6293fcc3eb2b5df051a49","<p style=""font-size: 60px; font-family: FragmentMono"">JRZVHPBKN</p>","","","training","","","","","","","",""
"null","null","html-keyboard-response","413","551532","0.0-17.0-0.1","69a6f5f930a06e13c4593d9d","69d7901e3430d13455efb336","69e6293fcc3eb2b5df051a49","<p style=""font-size: 60px; font-family: FragmentMono"">KFVHRWUK</p>","","","training","","","","","","","",""
"null","null","html-keyboard-response","414","552532","0.0-17.0-0.2","69a6f5f930a06e13c4593d9d","69d7901e3430d13455efb336","69e6293fcc3eb2b5df051a49","<p style=""font-size: 60px; font-family: FragmentMono"">IPHAQHPS</p>","","","training","","","","","","","",""
"null","null","html-keyboard-response","415","553534","0.0-17.0-0.3","69a6f5f930a06e13c4593d9d","69d7901e3430d13455efb336","69e6293fcc3eb2b5df051a49","<p style=""font-size: 60px; font-family: FragmentMono"">KFVHNRGJ</p>","","","training","","","","","","","",""
"null","null","html-keyboard-response","416","554534","0.0-17.0-0.4","69a6f5f930a06e13c4593d9d","69d7901e3430d13455efb336","69e6293fcc3eb2b5df051a49","<p style=""font-size: 60px; font-family: FragmentMono"">SYJEOVCEG</p>","","","training","","","","","","","",""
"null","null","html-keyboard-response","417","555535","0.0-17.0-0.5","69a6f5f930a06e13c4593d9d","69d7901e3430d13455efb336","69e6293fcc3eb2b5df051a49","<p style=""font-size: 60px; font-family: FragmentMono"">UXJCRBO</p>","","","training","","","","","","","",""
"null","null","html-keyboard-response","418","556536","0.0-17.0-0.6","69a6f5f930a06e13c4593d9d","69d7901e3430d13455efb336","69e6293fcc3eb2b5df051a49","<p style=""font-size: 60px; font-family: FragmentMono"">TCSBPBKN</p>","","","training","","","","","","","",""
"null","null","html-keyboard-response","419","557538","0.0-17.0-0.7","69a6f5f930a06e13c4593d9d","69d7901e3430d13455efb336","69e6293fcc3eb2b5df051a49","<p style=""font-size: 60px; font-family: FragmentMono"">VUWYKPNSG</p>","","","training","","","","","","","",""
"null","null","html-keyboard-response","420","558539","0.0-17.0-0.8","69a6f5f930a06e13c4593d9d","69d7901e3430d13455efb336","69e6293fcc3eb2b5df051a49","<p style=""font-size: 60px; font-family: FragmentMono"">JRZVHRWUK</p>","","","training","","","","","","","",""
"null","null","html-keyboard-response","421","559540","0.0-17.0-0.9","69a6f5f930a06e13c4593d9d","69d7901e3430d13455efb336","69e6293fcc3eb2b5df051a49","<p style=""font-size: 60px; font-family: FragmentMono"">PGNXDPNSG</p>","","","training","","","","","","","",""
"null","null","html-keyboard-response","422","560541","0.0-17.0-0.10","69a6f5f930a06e13c4593d9d","69d7901e3430d13455efb336","69e6293fcc3eb2b5df051a49","<p style=""font-size: 60px; font-family: FragmentMono"">SHXVKRBO</p>","","","training","","","","","","","",""
"null","null","html-keyboard-response","423","561542","0.0-17.0-0.11","69a6f5f930a06e13c4593d9d","69d7901e3430d13455efb336","69e6293fcc3eb2b5df051a49","<p style=""font-size: 60px; font-family: FragmentMono"">IMJRFRWUK</p>","","","training","","","","","","","",""
"null","null","html-keyboard-response","424","562543","0.0-17.0-0.12","69a6f5f930a06e13c4593d9d","69d7901e3430d13455efb336","69e6293fcc3eb2b5df051a49","<p style=""font-size: 60px; font-family: FragmentMono"">OPFHSHPS</p>","","","training","","","","","","","",""
"null","null","html-keyboard-response","425","563544","0.0-17.0-0.13","69a6f5f930a06e13c4593d9d","69d7901e3430d13455efb336","69e6293fcc3eb2b5df051a49","<p style=""font-size: 60px; font-family: FragmentMono"">SYJEOPBKN</p>","","","training","","","","","","","",""
"null","null","html-keyboard-response","426","564545","0.0-17.0-0.14","69a6f5f930a06e13c4593d9d","69d7901e3430d13455efb336","69e6293fcc3eb2b5df051a49","<p style=""font-size: 60px; font-family: FragmentMono"">KMSKRWUK</p>","","","training","","","","","","","",""
"null","null","html-keyboard-response","427","565545","0.0-17.0-0.15","69a6f5f930a06e13c4593d9d","69d7901e3430d13455efb336","69e6293fcc3eb2b5df051a49","<p style=""font-size: 60px; font-family: FragmentMono"">XQXQFPYB</p>","","","training","","","","","","","",""
"null","null","html-keyboard-response","428","566547","0.0-17.0-0.16","69a6f5f930a06e13c4593d9d","69d7901e3430d13455efb336","69e6293fcc3eb2b5df051a49","<p style=""font-size: 60px; font-family: FragmentMono"">STCKMVCEG</p>","","","training","","","","","","","",""
"null","null","html-keyboard-response","429","567548","0.0-17.0-0.17","69a6f5f930a06e13c4593d9d","69d7901e3430d13455efb336","69e6293fcc3eb2b5df051a49","<p style=""font-size: 60px; font-family: FragmentMono"">JRZVHNRGJ</p>","","","training","","","","","","","",""
"null","null","html-keyboard-response","430","568549","0.0-17.0-0.18","69a6f5f930a06e13c4593d9d","69d7901e3430d13455efb336","69e6293fcc3eb2b5df051a49","<p style=""font-size: 60px; font-family: FragmentMono"">KFVHPBKN</p>","","","training","","","","","","","",""
"null","null","html-keyboard-response","431","569549","0.0-17.0-0.19","69a6f5f930a06e13c4593d9d","69d7901e3430d13455efb336","69e6293fcc3eb2b5df051a49","<p style=""font-size: 60px; font-family: FragmentMono"">PWEXEHPS</p>","","","training","","","","","","","",""
"null","null","html-keyboard-response","432","570550","0.0-17.0-0.20","69a6f5f930a06e13c4593d9d","69d7901e3430d13455efb336","69e6293fcc3eb2b5df051a49","<p style=""font-size: 60px; font-family: FragmentMono"">IMJRFVCEG</p>","","","training","","","","","","","",""
"null","null","html-keyboard-response","433","571551","0.0-17.0-0.21","69a6f5f930a06e13c4593d9d","69d7901e3430d13455efb336","69e6293fcc3eb2b5df051a49","<p style=""font-size: 60px; font-family: FragmentMono"">PWEXEPNSG</p>","","","training","","","","","","","",""
"null","null","html-keyboard-response","434","572553","0.0-17.0-0.22","69a6f5f930a06e13c4593d9d","69d7901e3430d13455efb336","69e6293fcc3eb2b5df051a49","<p style=""font-size: 60px; font-family: FragmentMono"">VUWYKLSF</p>","","","training","","","","","","","",""
"null","null","html-keyboard-response","435","573554","0.0-17.0-0.23","69a6f5f930a06e13c4593d9d","69d7901e3430d13455efb336","69e6293fcc3eb2b5df051a49","<p style=""font-size: 60px; font-family: FragmentMono"">OPFHSZRT</p>","","","training","","","","","","","",""
"null","null","html-keyboard-response","436","574555","0.0-17.0-0.24","69a6f5f930a06e13c4593d9d","69d7901e3430d13455efb336","69e6293fcc3eb2b5df051a49","<p style=""font-size: 60px; font-family: FragmentMono"">VUWYKHPS</p>","","","training","","","","","","","",""
"null","null","html-keyboard-response","437","575556","0.0-17.0-0.25","69a6f5f930a06e13c4593d9d","69d7901e3430d13455efb336","69e6293fcc3eb2b5df051a49","<p style=""font-size: 60px; font-family: FragmentMono"">PGNXDRBO</p>","","","training","","","","","","","",""
"null","null","html-keyboard-response","438","576557","0.0-17.0-0.26","69a6f5f930a06e13c4593d9d","69d7901e3430d13455efb336","69e6293fcc3eb2b5df051a49","<p style=""font-size: 60px; font-family: FragmentMono"">KMSKVCEG</p>","","","training","","","","","","","",""
"null","null","html-keyboard-response","439","577558","0.0-17.0-0.27","69a6f5f930a06e13c4593d9d","69d7901e3430d13455efb336","69e6293fcc3eb2b5df051a49","<p style=""font-size: 60px; font-family: FragmentMono"">IPHAQRBO</p>","","","training","","","","","","","",""
"null","null","html-keyboard-response","440","578559","0.0-17.0-0.28","69a6f5f930a06e13c4593d9d","69d7901e3430d13455efb336","69e6293fcc3eb2b5df051a49","<p style=""font-size: 60px; font-family: FragmentMono"">HSXWWPYB</p>","","","training","","","","","","","",""
"null","null","html-keyboard-response","441","579560","0.0-17.0-0.29","69a6f5f930a06e13c4593d9d","69d7901e3430d13455efb336","69e6293fcc3eb2b5df051a49","<p style=""font-size: 60px; font-family: FragmentMono"">SHXVKZRT</p>","","","training","","","","","","","",""
"null","null","html-keyboard-response","442","580561","0.0-17.0-0.30","69a6f5f930a06e13c4593d9d","69d7901e3430d13455efb336","69e6293fcc3eb2b5df051a49","<p style=""font-size: 60px; font-family: FragmentMono"">SYJEORWUK</p>","","","training","","","","","","","",""
"null","null","html-keyboard-response","443","581562","0.0-17.0-0.31","69a6f5f930a06e13c4593d9d","69d7901e3430d13455efb336","69e6293fcc3eb2b5df051a49","<p style=""font-size: 60px; font-family: FragmentMono"">STCKMPYB</p>","","","training","","","","","","","",""
"null","null","html-keyboard-response","444","582562","0.0-17.0-0.32","69a6f5f930a06e13c4593d9d","69d7901e3430d13455efb336","69e6293fcc3eb2b5df051a49","<p style=""font-size: 60px; font-family: FragmentMono"">PGNXDZRT</p>","","","training","","","","","","","",""
"null","null","html-keyboard-response","445","583563","0.0-17.0-0.33","69a6f5f930a06e13c4593d9d","69d7901e3430d13455efb336","69e6293fcc3eb2b5df051a49","<p style=""font-size: 60px; font-family: FragmentMono"">KMSKNRGJ</p>","","","training","","","","","","","",""
"null","null","html-keyboard-response","446","584564","0.0-17.0-0.34","69a6f5f930a06e13c4593d9d","69d7901e3430d13455efb336","69e6293fcc3eb2b5df051a49","<p style=""font-size: 60px; font-family: FragmentMono"">TCSBRWUK</p>","","","training","","","","","","","",""
"null","null","html-keyboard-response","447","585566","0.0-17.0-0.35","69a6f5f930a06e13c4593d9d","69d7901e3430d13455efb336","69e6293fcc3eb2b5df051a49","<p style=""font-size: 60px; font-family: FragmentMono"">MVIVILSF</p>","","","training","","","","","","","",""
"null","null","html-keyboard-response","448","586567","0.0-17.0-0.36","69a6f5f930a06e13c4593d9d","69d7901e3430d13455efb336","69e6293fcc3eb2b5df051a49","<p style=""font-size: 60px; font-family: FragmentMono"">HNCXANRGJ</p>","","","training","","","","","","","",""
"null","null","html-keyboard-response","449","587569","0.0-17.0-0.37","69a6f5f930a06e13c4593d9d","69d7901e3430d13455efb336","69e6293fcc3eb2b5df051a49","<p style=""font-size: 60px; font-family: FragmentMono"">SYJEOPYB</p>","","","training","","","","","","","",""
"null","null","html-keyboard-response","450","588569","0.0-17.0-0.38","69a6f5f930a06e13c4593d9d","69d7901e3430d13455efb336","69e6293fcc3eb2b5df051a49","<p style=""font-size: 60px; font-family: FragmentMono"">KFVHVCEG</p>","","","training","","","","","","","",""
"null","null","html-keyboard-response","451","589571","0.0-17.0-0.39","69a6f5f930a06e13c4593d9d","69d7901e3430d13455efb336","69e6293fcc3eb2b5df051a49","<p style=""font-size: 60px; font-family: FragmentMono"">HSXWWNRGJ</p>","","","training","","","","","","","",""
"null","null","html-keyboard-response","452","590572","0.0-17.0-0.40","69a6f5f930a06e13c4593d9d","69d7901e3430d13455efb336","69e6293fcc3eb2b5df051a49","<p style=""font-size: 60px; font-family: FragmentMono"">PGNXDLSF</p>","","","training","","","","","","","",""
"null","null","html-keyboard-response","453","591573","0.0-17.0-0.41","69a6f5f930a06e13c4593d9d","69d7901e3430d13455efb336","69e6293fcc3eb2b5df051a49","<p style=""font-size: 60px; font-family: FragmentMono"">SHXVKPNSG</p>","","","training","","","","","","","",""
"null","null","html-keyboard-response","454","592575","0.0-17.0-0.42","69a6f5f930a06e13c4593d9d","69d7901e3430d13455efb336","69e6293fcc3eb2b5df051a49","<p style=""font-size: 60px; font-family: FragmentMono"">KMSKPYB</p>","","","training","","","","","","","",""
"null","null","html-keyboard-response","455","593576","0.0-17.0-0.43","69a6f5f930a06e13c4593d9d","69d7901e3430d13455efb336","69e6293fcc3eb2b5df051a49","<p style=""font-size: 60px; font-family: FragmentMono"">MVIVIPNSG</p>","","","training","","","","","","","",""
"null","null","html-keyboard-response","456","594578","0.0-17.0-0.44","69a6f5f930a06e13c4593d9d","69d7901e3430d13455efb336","69e6293fcc3eb2b5df051a49","<p style=""font-size: 60px; font-family: FragmentMono"">CTOIVRBO</p>","","","training","","","","","","","",""
"null","null","html-keyboard-response","457","595579","0.0-17.0-0.45","69a6f5f930a06e13c4593d9d","69d7901e3430d13455efb336","69e6293fcc3eb2b5df051a49","<p style=""font-size: 60px; font-family: FragmentMono"">HSXWWVCEG</p>","","","training","","","","","","","",""
"null","null","html-keyboard-response","458","596580","0.0-17.0-0.46","69a6f5f930a06e13c4593d9d","69d7901e3430d13455efb336","69e6293fcc3eb2b5df051a49","<p style=""font-size: 60px; font-family: FragmentMono"">HNCXAPYB</p>","","","training","","","","","","","",""
"null","null","html-keyboard-response","459","597581","0.0-17.0-0.47","69a6f5f930a06e13c4593d9d","69d7901e3430d13455efb336","69e6293fcc3eb2b5df051a49","<p style=""font-size: 60px; font-family: FragmentMono"">CTOIVHPS</p>","","","training","","","","","","","",""
"null","null","html-keyboard-response","460","598582","0.0-17.0-0.48","69a6f5f930a06e13c4593d9d","69d7901e3430d13455efb336","69e6293fcc3eb2b5df051a49","<p style=""font-size: 60px; font-family: FragmentMono"">OPFHSPNSG</p>","","","training","","","","","","","",""
"null","null","html-keyboard-response","461","599583","0.0-17.0-0.49","69a6f5f930a06e13c4593d9d","69d7901e3430d13455efb336","69e6293fcc3eb2b5df051a49","<p style=""font-size: 60px; font-family: FragmentMono"">MVIVIRBO</p>","","","training","","","","","","","",""
"null","null","html-keyboard-response","462","600584","0.0-17.0-0.50","69a6f5f930a06e13c4593d9d","69d7901e3430d13455efb336","69e6293fcc3eb2b5df051a49","<p style=""font-size: 60px; font-family: FragmentMono"">IMJRFPBKN</p>","","","training","","","","","","","",""
"null","null","html-keyboard-response","463","601585","0.0-17.0-0.51","69a6f5f930a06e13c4593d9d","69d7901e3430d13455efb336","69e6293fcc3eb2b5df051a49","<p style=""font-size: 60px; font-family: FragmentMono"">UXJCHPS</p>","","","training","","","","","","","",""
"null","null","html-keyboard-response","464","602586","0.0-17.0-0.52","69a6f5f930a06e13c4593d9d","69d7901e3430d13455efb336","69e6293fcc3eb2b5df051a49","<p style=""font-size: 60px; font-family: FragmentMono"">STCKMPBKN</p>","","","training","","","","","","","",""
"null","null","html-keyboard-response","465","603587","0.0-17.0-0.53","69a6f5f930a06e13c4593d9d","69d7901e3430d13455efb336","69e6293fcc3eb2b5df051a49","<p style=""font-size: 60px; font-family: FragmentMono"">CTOIVZRT</p>","","","training","","","","","","","",""
"null","null","html-keyboard-response","466","604588","0.0-17.0-0.54","69a6f5f930a06e13c4593d9d","69d7901e3430d13455efb336","69e6293fcc3eb2b5df051a49","<p style=""font-size: 60px; font-family: FragmentMono"">UXJCLSF</p>","","","training","","","","","","","",""
"null","null","html-keyboard-response","467","605590","0.0-17.0-0.55","69a6f5f930a06e13c4593d9d","69d7901e3430d13455efb336","69e6293fcc3eb2b5df051a49","<p style=""font-size: 60px; font-family: FragmentMono"">MVIVIHPS</p>","","","training","","","","","","","",""
"null","null","html-keyboard-response","468","606591","0.0-17.0-0.56","69a6f5f930a06e13c4593d9d","69d7901e3430d13455efb336","69e6293fcc3eb2b5df051a49","<p style=""font-size: 60px; font-family: FragmentMono"">RGWFWRBO</p>","","","training","","","","","","","",""
"null","null","html-keyboard-response","469","607593","0.0-17.0-0.57","69a6f5f930a06e13c4593d9d","69d7901e3430d13455efb336","69e6293fcc3eb2b5df051a49","<p style=""font-size: 60px; font-family: FragmentMono"">JRZVHPYB</p>","","","training","","","","","","","",""
"null","null","html-keyboard-response","470","608594","0.0-17.0-0.58","69a6f5f930a06e13c4593d9d","69d7901e3430d13455efb336","69e6293fcc3eb2b5df051a49","<p style=""font-size: 60px; font-family: FragmentMono"">IMJRFNRGJ</p>","","","training","","","","","","","",""
"null","null","html-keyboard-response","471","609595","0.0-17.0-0.59","69a6f5f930a06e13c4593d9d","69d7901e3430d13455efb336","69e6293fcc3eb2b5df051a49","<p style=""font-size: 60px; font-family: FragmentMono"">OPFHSLSF</p>","","","training","","","","","","","",""
"null","null","html-keyboard-response","472","610596","0.0-17.0-0.60","69a6f5f930a06e13c4593d9d","69d7901e3430d13455efb336","69e6293fcc3eb2b5df051a49","<p style=""font-size: 60px; font-family: FragmentMono"">RGWFWHPS</p>","","","training","","","","","","","",""
"null","null","html-keyboard-response","473","611596","0.0-17.0-0.61","69a6f5f930a06e13c4593d9d","69d7901e3430d13455efb336","69e6293fcc3eb2b5df051a49","<p style=""font-size: 60px; font-family: FragmentMono"">PWEXELSF</p>","","","training","","","","","","","",""
"null","null","html-keyboard-response","474","612598","0.0-17.0-0.62","69a6f5f930a06e13c4593d9d","69d7901e3430d13455efb336","69e6293fcc3eb2b5df051a49","<p style=""font-size: 60px; font-family: FragmentMono"">TCSBNRGJ</p>","","","training","","","","","","","",""
"null","null","html-keyboard-response","475","613599","0.0-17.0-0.63","69a6f5f930a06e13c4593d9d","69d7901e3430d13455efb336","69e6293fcc3eb2b5df051a49","<p style=""font-size: 60px; font-family: FragmentMono"">IPHAQZRT</p>","","","training","","","","","","","",""
"null","null","html-keyboard-response","476","614600","0.0-17.0-0.64","69a6f5f930a06e13c4593d9d","69d7901e3430d13455efb336","69e6293fcc3eb2b5df051a49","<p style=""font-size: 60px; font-family: FragmentMono"">HNCXAPBKN</p>","","","training","","","","","","","",""
"null","null","html-keyboard-response","477","615601","0.0-17.0-0.65","69a6f5f930a06e13c4593d9d","69d7901e3430d13455efb336","69e6293fcc3eb2b5df051a49","<p style=""font-size: 60px; font-family: FragmentMono"">RGWFWZRT</p>","","","training","","","","","","","",""
"null","null","html-keyboard-response","478","616602","0.0-17.0-0.66","69a6f5f930a06e13c4593d9d","69d7901e3430d13455efb336","69e6293fcc3eb2b5df051a49","<p style=""font-size: 60px; font-family: FragmentMono"">XQXQFPBKN</p>","","","training","","","","","","","",""
"null","null","html-keyboard-response","479","617602","0.0-17.0-0.67","69a6f5f930a06e13c4593d9d","69d7901e3430d13455efb336","69e6293fcc3eb2b5df051a49","<p style=""font-size: 60px; font-family: FragmentMono"">RGWFWLSF</p>","","","training","","","","","","","",""
"null","null","html-keyboard-response","480","618604","0.0-17.0-0.68","69a6f5f930a06e13c4593d9d","69d7901e3430d13455efb336","69e6293fcc3eb2b5df051a49","<p style=""font-size: 60px; font-family: FragmentMono"">PWEXEZRT</p>","","","training","","","","","","","",""
"null","null","html-keyboard-response","481","619604","0.0-17.0-0.69","69a6f5f930a06e13c4593d9d","69d7901e3430d13455efb336","69e6293fcc3eb2b5df051a49","<p style=""font-size: 60px; font-family: FragmentMono"">SHXVKLSF</p>","","","training","","","","","","","",""
"null","null","html-keyboard-response","482","620606","0.0-17.0-0.70","69a6f5f930a06e13c4593d9d","69d7901e3430d13455efb336","69e6293fcc3eb2b5df051a49","<p style=""font-size: 60px; font-family: FragmentMono"">XQXQFNRGJ</p>","","","training","","","","","","","",""
"null","null","html-keyboard-response","483","621607","0.0-17.0-0.71","69a6f5f930a06e13c4593d9d","69d7901e3430d13455efb336","69e6293fcc3eb2b5df051a49","<p style=""font-size: 60px; font-family: FragmentMono"">UXJCZRT</p>","","","training","","","","","","","",""
"null","null","html-keyboard-response","484","622609","0.0-17.0-0.72","69a6f5f930a06e13c4593d9d","69d7901e3430d13455efb336","69e6293fcc3eb2b5df051a49","<p style=""font-size: 60px; font-family: FragmentMono"">CTOIVPNSG</p>","","","training","","","","","","","",""
"null","null","html-keyboard-response","485","623610","0.0-17.0-0.73","69a6f5f930a06e13c4593d9d","69d7901e3430d13455efb336","69e6293fcc3eb2b5df051a49","<p style=""font-size: 60px; font-family: FragmentMono"">VUWYKRBO</p>","","","training","","","","","","","",""
"null","null","html-keyboard-response","486","624612","0.0-17.0-0.74","69a6f5f930a06e13c4593d9d","69d7901e3430d13455efb336","69e6293fcc3eb2b5df051a49","<p style=""font-size: 60px; font-family: FragmentMono"">IPHAQPNSG</p>","","","training","","","","","","","",""
"null","null","html-keyboard-response","487","625614","0.0-17.0-0.75","69a6f5f930a06e13c4593d9d","69d7901e3430d13455efb336","69e6293fcc3eb2b5df051a49","<p style=""font-size: 60px; font-family: FragmentMono"">TCSBPYB</p>","","","training","","","","","","","",""
"null","null","html-keyboard-response","488","626616","0.0-17.0-0.76","69a6f5f930a06e13c4593d9d","69d7901e3430d13455efb336","69e6293fcc3eb2b5df051a49","<p style=""font-size: 60px; font-family: FragmentMono"">STCKMRWUK</p>","","","training","","","","","","","",""
"null","null","html-keyboard-response","489","627619","0.0-17.0-0.77","69a6f5f930a06e13c4593d9d","69d7901e3430d13455efb336","69e6293fcc3eb2b5df051a49","<p style=""font-size: 60px; font-family: FragmentMono"">HNCXAVCEG</p>","","","training","","","","","","","",""
"null","null","html-keyboard-response","490","628620","0.0-17.0-0.78","69a6f5f930a06e13c4593d9d","69d7901e3430d13455efb336","69e6293fcc3eb2b5df051a49","<p style=""font-size: 60px; font-family: FragmentMono"">HSXWWRWUK</p>","","","training","","","","","","","",""
"null","null","html-keyboard-response","491","629622","0.0-17.0-0.79","69a6f5f930a06e13c4593d9d","69d7901e3430d13455efb336","69e6293fcc3eb2b5df051a49","<p style=""font-size: 60px; font-family: FragmentMono"">XQXQFVCEG</p>","","","training","","","","","","","",""
"2460"," ","html-keyboard-response","492","632083","0.0-18.0","69a6f5f930a06e13c4593d9d","69d7901e3430d13455efb336","69e6293fcc3eb2b5df051a49","<p style=""font-size: 30px"">Great, you've seen the sixth block of words. You may now take a short break.</p>
      <p style=""font-size: 30px"">Press the spacebar when you're ready to continue.</p>","","","","","","","","","","",""
"null","null","html-keyboard-response","493","633084","0.0-19.0-0.0","69a6f5f930a06e13c4593d9d","69d7901e3430d13455efb336","69e6293fcc3eb2b5df051a49","<p style=""font-size: 60px; font-family: FragmentMono"">SYJEOVCEG</p>","","","training","","","","","","","",""
"null","null","html-keyboard-response","494","634086","0.0-19.0-0.1","69a6f5f930a06e13c4593d9d","69d7901e3430d13455efb336","69e6293fcc3eb2b5df051a49","<p style=""font-size: 60px; font-family: FragmentMono"">TCSBPBKN</p>","","","training","","","","","","","",""
"null","null","html-keyboard-response","495","635087","0.0-19.0-0.2","69a6f5f930a06e13c4593d9d","69d7901e3430d13455efb336","69e6293fcc3eb2b5df051a49","<p style=""font-size: 60px; font-family: FragmentMono"">MVIVIRBO</p>","","","training","","","","","","","",""
"null","null","html-keyboard-response","496","636089","0.0-19.0-0.3","69a6f5f930a06e13c4593d9d","69d7901e3430d13455efb336","69e6293fcc3eb2b5df051a49","<p style=""font-size: 60px; font-family: FragmentMono"">KMSKPYB</p>","","","training","","","","","","","",""
"null","null","html-keyboard-response","497","637090","0.0-19.0-0.4","69a6f5f930a06e13c4593d9d","69d7901e3430d13455efb336","69e6293fcc3eb2b5df051a49","<p style=""font-size: 60px; font-family: FragmentMono"">PWEXEHPS</p>","","","training","","","","","","","",""
"null","null","html-keyboard-response","498","638092","0.0-19.0-0.5","69a6f5f930a06e13c4593d9d","69d7901e3430d13455efb336","69e6293fcc3eb2b5df051a49","<p style=""font-size: 60px; font-family: FragmentMono"">UXJCLSF</p>","","","training","","","","","","","",""
"null","null","html-keyboard-response","499","639094","0.0-19.0-0.6","69a6f5f930a06e13c4593d9d","69d7901e3430d13455efb336","69e6293fcc3eb2b5df051a49","<p style=""font-size: 60px; font-family: FragmentMono"">PWEXEZRT</p>","","","training","","","","","","","",""
"null","null","html-keyboard-response","500","640096","0.0-19.0-0.7","69a6f5f930a06e13c4593d9d","69d7901e3430d13455efb336","69e6293fcc3eb2b5df051a49","<p style=""font-size: 60px; font-family: FragmentMono"">OPFHSHPS</p>","","","training","","","","","","","",""
"null","null","html-keyboard-response","501","641098","0.0-19.0-0.8","69a6f5f930a06e13c4593d9d","69d7901e3430d13455efb336","69e6293fcc3eb2b5df051a49","<p style=""font-size: 60px; font-family: FragmentMono"">IMJRFPBKN</p>","","","training","","","","","","","",""
"null","null","html-keyboard-response","502","642100","0.0-19.0-0.9","69a6f5f930a06e13c4593d9d","69d7901e3430d13455efb336","69e6293fcc3eb2b5df051a49","<p style=""font-size: 60px; font-family: FragmentMono"">SHXVKZRT</p>","","","training","","","","","","","",""
"null","null","html-keyboard-response","503","643102","0.0-19.0-0.10","69a6f5f930a06e13c4593d9d","69d7901e3430d13455efb336","69e6293fcc3eb2b5df051a49","<p style=""font-size: 60px; font-family: FragmentMono"">IPHAQHPS</p>","","","training","","","","","","","",""
"null","null","html-keyboard-response","504","644103","0.0-19.0-0.11","69a6f5f930a06e13c4593d9d","69d7901e3430d13455efb336","69e6293fcc3eb2b5df051a49","<p style=""font-size: 60px; font-family: FragmentMono"">UXJCZRT</p>","","","training","","","","","","","",""
"null","null","html-keyboard-response","505","645105","0.0-19.0-0.12","69a6f5f930a06e13c4593d9d","69d7901e3430d13455efb336","69e6293fcc3eb2b5df051a49","<p style=""font-size: 60px; font-family: FragmentMono"">CTOIVPNSG</p>","","","training","","","","","","","",""
"null","null","html-keyboard-response","506","646106","0.0-19.0-0.13","69a6f5f930a06e13c4593d9d","69d7901e3430d13455efb336","69e6293fcc3eb2b5df051a49","<p style=""font-size: 60px; font-family: FragmentMono"">PGNXDZRT</p>","","","training","","","","","","","",""
"null","null","html-keyboard-response","507","647108","0.0-19.0-0.14","69a6f5f930a06e13c4593d9d","69d7901e3430d13455efb336","69e6293fcc3eb2b5df051a49","<p style=""font-size: 60px; font-family: FragmentMono"">STCKMPBKN</p>","","","training","","","","","","","",""
"null","null","html-keyboard-response","508","648110","0.0-19.0-0.15","69a6f5f930a06e13c4593d9d","69d7901e3430d13455efb336","69e6293fcc3eb2b5df051a49","<p style=""font-size: 60px; font-family: FragmentMono"">IMJRFRWUK</p>","","","training","","","","","","","",""
"null","null","html-keyboard-response","509","649112","0.0-19.0-0.16","69a6f5f930a06e13c4593d9d","69d7901e3430d13455efb336","69e6293fcc3eb2b5df051a49","<p style=""font-size: 60px; font-family: FragmentMono"">MVIVIPNSG</p>","","","training","","","","","","","",""
"null","null","html-keyboard-response","510","650114","0.0-19.0-0.17","69a6f5f930a06e13c4593d9d","69d7901e3430d13455efb336","69e6293fcc3eb2b5df051a49","<p style=""font-size: 60px; font-family: FragmentMono"">HNCXAPBKN</p>","","","training","","","","","","","",""
"null","null","html-keyboard-response","511","651116","0.0-19.0-0.18","69a6f5f930a06e13c4593d9d","69d7901e3430d13455efb336","69e6293fcc3eb2b5df051a49","<p style=""font-size: 60px; font-family: FragmentMono"">UXJCHPS</p>","","","training","","","","","","","",""
"null","null","html-keyboard-response","512","652118","0.0-19.0-0.19","69a6f5f930a06e13c4593d9d","69d7901e3430d13455efb336","69e6293fcc3eb2b5df051a49","<p style=""font-size: 60px; font-family: FragmentMono"">SHXVKRBO</p>","","","training","","","","","","","",""
"null","null","html-keyboard-response","513","653120","0.0-19.0-0.20","69a6f5f930a06e13c4593d9d","69d7901e3430d13455efb336","69e6293fcc3eb2b5df051a49","<p style=""font-size: 60px; font-family: FragmentMono"">VUWYKHPS</p>","","","training","","","","","","","",""
"null","null","html-keyboard-response","514","654122","0.0-19.0-0.21","69a6f5f930a06e13c4593d9d","69d7901e3430d13455efb336","69e6293fcc3eb2b5df051a49","<p style=""font-size: 60px; font-family: FragmentMono"">RGWFWRBO</p>","","","training","","","","","","","",""
"null","null","html-keyboard-response","515","655124","0.0-19.0-0.22","69a6f5f930a06e13c4593d9d","69d7901e3430d13455efb336","69e6293fcc3eb2b5df051a49","<p style=""font-size: 60px; font-family: FragmentMono"">KFVHNRGJ</p>","","","training","","","","","","","",""
"null","null","html-keyboard-response","516","656126","0.0-19.0-0.23","69a6f5f930a06e13c4593d9d","69d7901e3430d13455efb336","69e6293fcc3eb2b5df051a49","<p style=""font-size: 60px; font-family: FragmentMono"">RGWFWHPS</p>","","","training","","","","","","","",""
"null","null","html-keyboard-response","517","657128","0.0-19.0-0.24","69a6f5f930a06e13c4593d9d","69d7901e3430d13455efb336","69e6293fcc3eb2b5df051a49","<p style=""font-size: 60px; font-family: FragmentMono"">TCSBNRGJ</p>","","","training","","","","","","","",""
"null","null","html-keyboard-response","518","658129","0.0-19.0-0.25","69a6f5f930a06e13c4593d9d","69d7901e3430d13455efb336","69e6293fcc3eb2b5df051a49","<p style=""font-size: 60px; font-family: FragmentMono"">CTOIVZRT</p>","","","training","","","","","","","",""
"null","null","html-keyboard-response","519","659131","0.0-19.0-0.26","69a6f5f930a06e13c4593d9d","69d7901e3430d13455efb336","69e6293fcc3eb2b5df051a49","<p style=""font-size: 60px; font-family: FragmentMono"">HSXWWPYB</p>","","","training","","","","","","","",""
"null","null","html-keyboard-response","520","660133","0.0-19.0-0.27","69a6f5f930a06e13c4593d9d","69d7901e3430d13455efb336","69e6293fcc3eb2b5df051a49","<p style=""font-size: 60px; font-family: FragmentMono"">OPFHSZRT</p>","","","training","","","","","","","",""
"null","null","html-keyboard-response","521","661135","0.0-19.0-0.28","69a6f5f930a06e13c4593d9d","69d7901e3430d13455efb336","69e6293fcc3eb2b5df051a49","<p style=""font-size: 60px; font-family: FragmentMono"">SYJEORWUK</p>","","","training","","","","","","","",""
"null","null","html-keyboard-response","522","662137","0.0-19.0-0.29","69a6f5f930a06e13c4593d9d","69d7901e3430d13455efb336","69e6293fcc3eb2b5df051a49","<p style=""font-size: 60px; font-family: FragmentMono"">CTOIVRBO</p>","","","training","","","","","","","",""
"null","null","html-keyboard-response","523","663140","0.0-19.0-0.30","69a6f5f930a06e13c4593d9d","69d7901e3430d13455efb336","69e6293fcc3eb2b5df051a49","<p style=""font-size: 60px; font-family: FragmentMono"">MVIVIHPS</p>","","","training","","","","","","","",""
"null","null","html-keyboard-response","524","664142","0.0-19.0-0.31","69a6f5f930a06e13c4593d9d","69d7901e3430d13455efb336","69e6293fcc3eb2b5df051a49","<p style=""font-size: 60px; font-family: FragmentMono"">PGNXDPNSG</p>","","","training","","","","","","","",""
"null","null","html-keyboard-response","525","665144","0.0-19.0-0.32","69a6f5f930a06e13c4593d9d","69d7901e3430d13455efb336","69e6293fcc3eb2b5df051a49","<p style=""font-size: 60px; font-family: FragmentMono"">SHXVKLSF</p>","","","training","","","","","","","",""
"null","null","html-keyboard-response","526","666146","0.0-19.0-0.33","69a6f5f930a06e13c4593d9d","69d7901e3430d13455efb336","69e6293fcc3eb2b5df051a49","<p style=""font-size: 60px; font-family: FragmentMono"">JRZVHNRGJ</p>","","","training","","","","","","","",""
"null","null","html-keyboard-response","527","667148","0.0-19.0-0.34","69a6f5f930a06e13c4593d9d","69d7901e3430d13455efb336","69e6293fcc3eb2b5df051a49","<p style=""font-size: 60px; font-family: FragmentMono"">TCSBPYB</p>","","","training","","","","","","","",""
"null","null","html-keyboard-response","528","668150","0.0-19.0-0.35","69a6f5f930a06e13c4593d9d","69d7901e3430d13455efb336","69e6293fcc3eb2b5df051a49","<p style=""font-size: 60px; font-family: FragmentMono"">OPFHSPNSG</p>","","","training","","","","","","","",""
"null","null","html-keyboard-response","529","669152","0.0-19.0-0.36","69a6f5f930a06e13c4593d9d","69d7901e3430d13455efb336","69e6293fcc3eb2b5df051a49","<p style=""font-size: 60px; font-family: FragmentMono"">STCKMVCEG</p>","","","training","","","","","","","",""
"null","null","html-keyboard-response","530","670154","0.0-19.0-0.37","69a6f5f930a06e13c4593d9d","69d7901e3430d13455efb336","69e6293fcc3eb2b5df051a49","<p style=""font-size: 60px; font-family: FragmentMono"">PWEXELSF</p>","","","training","","","","","","","",""
"null","null","html-keyboard-response","531","671156","0.0-19.0-0.38","69a6f5f930a06e13c4593d9d","69d7901e3430d13455efb336","69e6293fcc3eb2b5df051a49","<p style=""font-size: 60px; font-family: FragmentMono"">KMSKRWUK</p>","","","training","","","","","","","",""
"null","null","html-keyboard-response","532","672158","0.0-19.0-0.39","69a6f5f930a06e13c4593d9d","69d7901e3430d13455efb336","69e6293fcc3eb2b5df051a49","<p style=""font-size: 60px; font-family: FragmentMono"">SHXVKPNSG</p>","","","training","","","","","","","",""
"null","null","html-keyboard-response","533","673160","0.0-19.0-0.40","69a6f5f930a06e13c4593d9d","69d7901e3430d13455efb336","69e6293fcc3eb2b5df051a49","<p style=""font-size: 60px; font-family: FragmentMono"">KFVHVCEG</p>","","","training","","","","","","","",""
"null","null","html-keyboard-response","534","674162","0.0-19.0-0.41","69a6f5f930a06e13c4593d9d","69d7901e3430d13455efb336","69e6293fcc3eb2b5df051a49","<p style=""font-size: 60px; font-family: FragmentMono"">JRZVHPBKN</p>","","","training","","","","","","","",""
"null","null","html-keyboard-response","535","675164","0.0-19.0-0.42","69a6f5f930a06e13c4593d9d","69d7901e3430d13455efb336","69e6293fcc3eb2b5df051a49","<p style=""font-size: 60px; font-family: FragmentMono"">PGNXDRBO</p>","","","training","","","","","","","",""
"null","null","html-keyboard-response","536","676166","0.0-19.0-0.43","69a6f5f930a06e13c4593d9d","69d7901e3430d13455efb336","69e6293fcc3eb2b5df051a49","<p style=""font-size: 60px; font-family: FragmentMono"">HSXWWVCEG</p>","","","training","","","","","","","",""
"null","null","html-keyboard-response","537","677168","0.0-19.0-0.44","69a6f5f930a06e13c4593d9d","69d7901e3430d13455efb336","69e6293fcc3eb2b5df051a49","<p style=""font-size: 60px; font-family: FragmentMono"">HNCXAPYB</p>","","","training","","","","","","","",""
"null","null","html-keyboard-response","538","678170","0.0-19.0-0.45","69a6f5f930a06e13c4593d9d","69d7901e3430d13455efb336","69e6293fcc3eb2b5df051a49","<p style=""font-size: 60px; font-family: FragmentMono"">JRZVHRWUK</p>","","","training","","","","","","","",""
"null","null","html-keyboard-response","539","679171","0.0-19.0-0.46","69a6f5f930a06e13c4593d9d","69d7901e3430d13455efb336","69e6293fcc3eb2b5df051a49","<p style=""font-size: 60px; font-family: FragmentMono"">SYJEOPYB</p>","","","training","","","","","","","",""
"null","null","html-keyboard-response","540","680173","0.0-19.0-0.47","69a6f5f930a06e13c4593d9d","69d7901e3430d13455efb336","69e6293fcc3eb2b5df051a49","<p style=""font-size: 60px; font-family: FragmentMono"">UXJCRBO</p>","","","training","","","","","","","",""
"null","null","html-keyboard-response","541","681175","0.0-19.0-0.48","69a6f5f930a06e13c4593d9d","69d7901e3430d13455efb336","69e6293fcc3eb2b5df051a49","<p style=""font-size: 60px; font-family: FragmentMono"">TCSBRWUK</p>","","","training","","","","","","","",""
"null","null","html-keyboard-response","542","682177","0.0-19.0-0.49","69a6f5f930a06e13c4593d9d","69d7901e3430d13455efb336","69e6293fcc3eb2b5df051a49","<p style=""font-size: 60px; font-family: FragmentMono"">HSXWWNRGJ</p>","","","training","","","","","","","",""
"null","null","html-keyboard-response","543","683178","0.0-19.0-0.50","69a6f5f930a06e13c4593d9d","69d7901e3430d13455efb336","69e6293fcc3eb2b5df051a49","<p style=""font-size: 60px; font-family: FragmentMono"">XQXQFPBKN</p>","","","training","","","","","","","",""
"null","null","html-keyboard-response","544","684180","0.0-19.0-0.51","69a6f5f930a06e13c4593d9d","69d7901e3430d13455efb336","69e6293fcc3eb2b5df051a49","<p style=""font-size: 60px; font-family: FragmentMono"">HSXWWRWUK</p>","","","training","","","","","","","",""
"null","null","html-keyboard-response","545","685182","0.0-19.0-0.52","69a6f5f930a06e13c4593d9d","69d7901e3430d13455efb336","69e6293fcc3eb2b5df051a49","<p style=""font-size: 60px; font-family: FragmentMono"">PWEXEPNSG</p>","","","training","","","","","","","",""
"null","null","html-keyboard-response","546","686184","0.0-19.0-0.53","69a6f5f930a06e13c4593d9d","69d7901e3430d13455efb336","69e6293fcc3eb2b5df051a49","<p style=""font-size: 60px; font-family: FragmentMono"">KMSKNRGJ</p>","","","training","","","","","","","",""
"null","null","html-keyboard-response","547","687186","0.0-19.0-0.54","69a6f5f930a06e13c4593d9d","69d7901e3430d13455efb336","69e6293fcc3eb2b5df051a49","<p style=""font-size: 60px; font-family: FragmentMono"">OPFHSLSF</p>","","","training","","","","","","","",""
"null","null","html-keyboard-response","548","688187","0.0-19.0-0.55","69a6f5f930a06e13c4593d9d","69d7901e3430d13455efb336","69e6293fcc3eb2b5df051a49","<p style=""font-size: 60px; font-family: FragmentMono"">IMJRFNRGJ</p>","","","training","","","","","","","",""
"null","null","html-keyboard-response","549","689189","0.0-19.0-0.56","69a6f5f930a06e13c4593d9d","69d7901e3430d13455efb336","69e6293fcc3eb2b5df051a49","<p style=""font-size: 60px; font-family: FragmentMono"">STCKMRWUK</p>","","","training","","","","","","","",""
"null","null","html-keyboard-response","550","690192","0.0-19.0-0.57","69a6f5f930a06e13c4593d9d","69d7901e3430d13455efb336","69e6293fcc3eb2b5df051a49","<p style=""font-size: 60px; font-family: FragmentMono"">HNCXANRGJ</p>","","","training","","","","","","","",""
"null","null","html-keyboard-response","551","691194","0.0-19.0-0.58","69a6f5f930a06e13c4593d9d","69d7901e3430d13455efb336","69e6293fcc3eb2b5df051a49","<p style=""font-size: 60px; font-family: FragmentMono"">KFVHRWUK</p>","","","training","","","","","","","",""
"null","null","html-keyboard-response","552","692196","0.0-19.0-0.59","69a6f5f930a06e13c4593d9d","69d7901e3430d13455efb336","69e6293fcc3eb2b5df051a49","<p style=""font-size: 60px; font-family: FragmentMono"">STCKMPYB</p>","","","training","","","","","","","",""
"null","null","html-keyboard-response","553","693196","0.0-19.0-0.60","69a6f5f930a06e13c4593d9d","69d7901e3430d13455efb336","69e6293fcc3eb2b5df051a49","<p style=""font-size: 60px; font-family: FragmentMono"">KFVHPBKN</p>","","","training","","","","","","","",""
"null","null","html-keyboard-response","554","694197","0.0-19.0-0.61","69a6f5f930a06e13c4593d9d","69d7901e3430d13455efb336","69e6293fcc3eb2b5df051a49","<p style=""font-size: 60px; font-family: FragmentMono"">VUWYKRBO</p>","","","training","","","","","","","",""
"null","null","html-keyboard-response","555","695199","0.0-19.0-0.62","69a6f5f930a06e13c4593d9d","69d7901e3430d13455efb336","69e6293fcc3eb2b5df051a49","<p style=""font-size: 60px; font-family: FragmentMono"">IPHAQPNSG</p>","","","training","","","","","","","",""
"null","null","html-keyboard-response","556","696202","0.0-19.0-0.63","69a6f5f930a06e13c4593d9d","69d7901e3430d13455efb336","69e6293fcc3eb2b5df051a49","<p style=""font-size: 60px; font-family: FragmentMono"">KMSKVCEG</p>","","","training","","","","","","","",""
"null","null","html-keyboard-response","557","697204","0.0-19.0-0.64","69a6f5f930a06e13c4593d9d","69d7901e3430d13455efb336","69e6293fcc3eb2b5df051a49","<p style=""font-size: 60px; font-family: FragmentMono"">XQXQFNRGJ</p>","","","training","","","","","","","",""
"null","null","html-keyboard-response","558","698205","0.0-19.0-0.65","69a6f5f930a06e13c4593d9d","69d7901e3430d13455efb336","69e6293fcc3eb2b5df051a49","<p style=""font-size: 60px; font-family: FragmentMono"">VUWYKLSF</p>","","","training","","","","","","","",""
"null","null","html-keyboard-response","559","699207","0.0-19.0-0.66","69a6f5f930a06e13c4593d9d","69d7901e3430d13455efb336","69e6293fcc3eb2b5df051a49","<p style=""font-size: 60px; font-family: FragmentMono"">IPHAQRBO</p>","","","training","","","","","","","",""
"null","null","html-keyboard-response","560","700208","0.0-19.0-0.67","69a6f5f930a06e13c4593d9d","69d7901e3430d13455efb336","69e6293fcc3eb2b5df051a49","<p style=""font-size: 60px; font-family: FragmentMono"">RGWFWLSF</p>","","","training","","","","","","","",""
"null","null","html-keyboard-response","561","701210","0.0-19.0-0.68","69a6f5f930a06e13c4593d9d","69d7901e3430d13455efb336","69e6293fcc3eb2b5df051a49","<p style=""font-size: 60px; font-family: FragmentMono"">HNCXAVCEG</p>","","","training","","","","","","","",""
"null","null","html-keyboard-response","562","702213","0.0-19.0-0.69","69a6f5f930a06e13c4593d9d","69d7901e3430d13455efb336","69e6293fcc3eb2b5df051a49","<p style=""font-size: 60px; font-family: FragmentMono"">MVIVILSF</p>","","","training","","","","","","","",""
"null","null","html-keyboard-response","563","703215","0.0-19.0-0.70","69a6f5f930a06e13c4593d9d","69d7901e3430d13455efb336","69e6293fcc3eb2b5df051a49","<p style=""font-size: 60px; font-family: FragmentMono"">VUWYKPNSG</p>","","","training","","","","","","","",""
"null","null","html-keyboard-response","564","704217","0.0-19.0-0.71","69a6f5f930a06e13c4593d9d","69d7901e3430d13455efb336","69e6293fcc3eb2b5df051a49","<p style=""font-size: 60px; font-family: FragmentMono"">RGWFWZRT</p>","","","training","","","","","","","",""
"null","null","html-keyboard-response","565","705219","0.0-19.0-0.72","69a6f5f930a06e13c4593d9d","69d7901e3430d13455efb336","69e6293fcc3eb2b5df051a49","<p style=""font-size: 60px; font-family: FragmentMono"">SYJEOPBKN</p>","","","training","","","","","","","",""
"null","null","html-keyboard-response","566","706221","0.0-19.0-0.73","69a6f5f930a06e13c4593d9d","69d7901e3430d13455efb336","69e6293fcc3eb2b5df051a49","<p style=""font-size: 60px; font-family: FragmentMono"">PGNXDLSF</p>","","","training","","","","","","","",""
"null","null","html-keyboard-response","567","707223","0.0-19.0-0.74","69a6f5f930a06e13c4593d9d","69d7901e3430d13455efb336","69e6293fcc3eb2b5df051a49","<p style=""font-size: 60px; font-family: FragmentMono"">XQXQFPYB</p>","","","training","","","","","","","",""
"null","null","html-keyboard-response","568","708224","0.0-19.0-0.75","69a6f5f930a06e13c4593d9d","69d7901e3430d13455efb336","69e6293fcc3eb2b5df051a49","<p style=""font-size: 60px; font-family: FragmentMono"">IPHAQZRT</p>","","","training","","","","","","","",""
"null","null","html-keyboard-response","569","709226","0.0-19.0-0.76","69a6f5f930a06e13c4593d9d","69d7901e3430d13455efb336","69e6293fcc3eb2b5df051a49","<p style=""font-size: 60px; font-family: FragmentMono"">CTOIVHPS</p>","","","training","","","","","","","",""
"null","null","html-keyboard-response","570","710227","0.0-19.0-0.77","69a6f5f930a06e13c4593d9d","69d7901e3430d13455efb336","69e6293fcc3eb2b5df051a49","<p style=""font-size: 60px; font-family: FragmentMono"">IMJRFVCEG</p>","","","training","","","","","","","",""
"null","null","html-keyboard-response","571","711230","0.0-19.0-0.78","69a6f5f930a06e13c4593d9d","69d7901e3430d13455efb336","69e6293fcc3eb2b5df051a49","<p style=""font-size: 60px; font-family: FragmentMono"">JRZVHPYB</p>","","","training","","","","","","","",""
"null","null","html-keyboard-response","572","712231","0.0-19.0-0.79","69a6f5f930a06e13c4593d9d","69d7901e3430d13455efb336","69e6293fcc3eb2b5df051a49","<p style=""font-size: 60px; font-family: FragmentMono"">XQXQFVCEG</p>","","","training","","","","","","","",""
"2113"," ","html-keyboard-response","573","714345","0.0-20.0","69a6f5f930a06e13c4593d9d","69d7901e3430d13455efb336","69e6293fcc3eb2b5df051a49","<p style=""font-size: 30px"">Great, you've seen the seventh block of words. You may now take a short break.</p>
      <p style=""font-size: 30px"">Press the spacebar when you're ready to continue.</p>","","","","","","","","","","",""
"null","null","html-keyboard-response","574","715346","0.0-21.0-0.0","69a6f5f930a06e13c4593d9d","69d7901e3430d13455efb336","69e6293fcc3eb2b5df051a49","<p style=""font-size: 60px; font-family: FragmentMono"">VUWYKRBO</p>","","","training","","","","","","","",""
"null","null","html-keyboard-response","575","716347","0.0-21.0-0.1","69a6f5f930a06e13c4593d9d","69d7901e3430d13455efb336","69e6293fcc3eb2b5df051a49","<p style=""font-size: 60px; font-family: FragmentMono"">PWEXEPNSG</p>","","","training","","","","","","","",""
"null","null","html-keyboard-response","576","717349","0.0-21.0-0.2","69a6f5f930a06e13c4593d9d","69d7901e3430d13455efb336","69e6293fcc3eb2b5df051a49","<p style=""font-size: 60px; font-family: FragmentMono"">XQXQFVCEG</p>","","","training","","","","","","","",""
"null","null","html-keyboard-response","577","718351","0.0-21.0-0.3","69a6f5f930a06e13c4593d9d","69d7901e3430d13455efb336","69e6293fcc3eb2b5df051a49","<p style=""font-size: 60px; font-family: FragmentMono"">SHXVKLSF</p>","","","training","","","","","","","",""
"null","null","html-keyboard-response","578","719352","0.0-21.0-0.4","69a6f5f930a06e13c4593d9d","69d7901e3430d13455efb336","69e6293fcc3eb2b5df051a49","<p style=""font-size: 60px; font-family: FragmentMono"">JRZVHRWUK</p>","","","training","","","","","","","",""
"null","null","html-keyboard-response","579","720354","0.0-21.0-0.5","69a6f5f930a06e13c4593d9d","69d7901e3430d13455efb336","69e6293fcc3eb2b5df051a49","<p style=""font-size: 60px; font-family: FragmentMono"">SYJEOVCEG</p>","","","training","","","","","","","",""
"null","null","html-keyboard-response","580","721355","0.0-21.0-0.6","69a6f5f930a06e13c4593d9d","69d7901e3430d13455efb336","69e6293fcc3eb2b5df051a49","<p style=""font-size: 60px; font-family: FragmentMono"">XQXQFNRGJ</p>","","","training","","","","","","","",""
"null","null","html-keyboard-response","581","722357","0.0-21.0-0.7","69a6f5f930a06e13c4593d9d","69d7901e3430d13455efb336","69e6293fcc3eb2b5df051a49","<p style=""font-size: 60px; font-family: FragmentMono"">HNCXAPYB</p>","","","training","","","","","","","",""
"null","null","html-keyboard-response","582","723359","0.0-21.0-0.8","69a6f5f930a06e13c4593d9d","69d7901e3430d13455efb336","69e6293fcc3eb2b5df051a49","<p style=""font-size: 60px; font-family: FragmentMono"">UXJCHPS</p>","","","training","","","","","","","",""
"null","null","html-keyboard-response","583","724361","0.0-21.0-0.9","69a6f5f930a06e13c4593d9d","69d7901e3430d13455efb336","69e6293fcc3eb2b5df051a49","<p style=""font-size: 60px; font-family: FragmentMono"">CTOIVPNSG</p>","","","training","","","","","","","",""
"null","null","html-keyboard-response","584","725362","0.0-21.0-0.10","69a6f5f930a06e13c4593d9d","69d7901e3430d13455efb336","69e6293fcc3eb2b5df051a49","<p style=""font-size: 60px; font-family: FragmentMono"">UXJCRBO</p>","","","training","","","","","","","",""
"null","null","html-keyboard-response","585","726364","0.0-21.0-0.11","69a6f5f930a06e13c4593d9d","69d7901e3430d13455efb336","69e6293fcc3eb2b5df051a49","<p style=""font-size: 60px; font-family: FragmentMono"">KFVHPBKN</p>","","","training","","","","","","","",""
"null","null","html-keyboard-response","586","727366","0.0-21.0-0.12","69a6f5f930a06e13c4593d9d","69d7901e3430d13455efb336","69e6293fcc3eb2b5df051a49","<p style=""font-size: 60px; font-family: FragmentMono"">IPHAQHPS</p>","","","training","","","","","","","",""
"null","null","html-keyboard-response","587","728368","0.0-21.0-0.13","69a6f5f930a06e13c4593d9d","69d7901e3430d13455efb336","69e6293fcc3eb2b5df051a49","<p style=""font-size: 60px; font-family: FragmentMono"">TCSBNRGJ</p>","","","training","","","","","","","",""
"null","null","html-keyboard-response","588","729369","0.0-21.0-0.14","69a6f5f930a06e13c4593d9d","69d7901e3430d13455efb336","69e6293fcc3eb2b5df051a49","<p style=""font-size: 60px; font-family: FragmentMono"">RGWFWZRT</p>","","","training","","","","","","","",""
"null","null","html-keyboard-response","589","730372","0.0-21.0-0.15","69a6f5f930a06e13c4593d9d","69d7901e3430d13455efb336","69e6293fcc3eb2b5df051a49","<p style=""font-size: 60px; font-family: FragmentMono"">MVIVIRBO</p>","","","training","","","","","","","",""
"null","null","html-keyboard-response","590","731374","0.0-21.0-0.16","69a6f5f930a06e13c4593d9d","69d7901e3430d13455efb336","69e6293fcc3eb2b5df051a49","<p style=""font-size: 60px; font-family: FragmentMono"">CTOIVHPS</p>","","","training","","","","","","","",""
"null","null","html-keyboard-response","591","732375","0.0-21.0-0.17","69a6f5f930a06e13c4593d9d","69d7901e3430d13455efb336","69e6293fcc3eb2b5df051a49","<p style=""font-size: 60px; font-family: FragmentMono"">OPFHSPNSG</p>","","","training","","","","","","","",""
"null","null","html-keyboard-response","592","733377","0.0-21.0-0.18","69a6f5f930a06e13c4593d9d","69d7901e3430d13455efb336","69e6293fcc3eb2b5df051a49","<p style=""font-size: 60px; font-family: FragmentMono"">VUWYKLSF</p>","","","training","","","","","","","",""
"null","null","html-keyboard-response","593","734378","0.0-21.0-0.19","69a6f5f930a06e13c4593d9d","69d7901e3430d13455efb336","69e6293fcc3eb2b5df051a49","<p style=""font-size: 60px; font-family: FragmentMono"">CTOIVRBO</p>","","","training","","","","","","","",""
"null","null","html-keyboard-response","594","735380","0.0-21.0-0.20","69a6f5f930a06e13c4593d9d","69d7901e3430d13455efb336","69e6293fcc3eb2b5df051a49","<p style=""font-size: 60px; font-family: FragmentMono"">KMSKVCEG</p>","","","training","","","","","","","",""
"null","null","html-keyboard-response","595","736381","0.0-21.0-0.21","69a6f5f930a06e13c4593d9d","69d7901e3430d13455efb336","69e6293fcc3eb2b5df051a49","<p style=""font-size: 60px; font-family: FragmentMono"">OPFHSHPS</p>","","","training","","","","","","","",""
"null","null","html-keyboard-response","596","737383","0.0-21.0-0.22","69a6f5f930a06e13c4593d9d","69d7901e3430d13455efb336","69e6293fcc3eb2b5df051a49","<p style=""font-size: 60px; font-family: FragmentMono"">VUWYKPNSG</p>","","","training","","","","","","","",""
"null","null","html-keyboard-response","597","738385","0.0-21.0-0.23","69a6f5f930a06e13c4593d9d","69d7901e3430d13455efb336","69e6293fcc3eb2b5df051a49","<p style=""font-size: 60px; font-family: FragmentMono"">HNCXAPBKN</p>","","","training","","","","","","","",""
"null","null","html-keyboard-response","598","739387","0.0-21.0-0.24","69a6f5f930a06e13c4593d9d","69d7901e3430d13455efb336","69e6293fcc3eb2b5df051a49","<p style=""font-size: 60px; font-family: FragmentMono"">UXJCLSF</p>","","","training","","","","","","","",""
"null","null","html-keyboard-response","599","740389","0.0-21.0-0.25","69a6f5f930a06e13c4593d9d","69d7901e3430d13455efb336","69e6293fcc3eb2b5df051a49","<p style=""font-size: 60px; font-family: FragmentMono"">SHXVKZRT</p>","","","training","","","","","","","",""
"null","null","html-keyboard-response","600","741391","0.0-21.0-0.26","69a6f5f930a06e13c4593d9d","69d7901e3430d13455efb336","69e6293fcc3eb2b5df051a49","<p style=""font-size: 60px; font-family: FragmentMono"">STCKMRWUK</p>","","","training","","","","","","","",""
"null","null","html-keyboard-response","601","742393","0.0-21.0-0.27","69a6f5f930a06e13c4593d9d","69d7901e3430d13455efb336","69e6293fcc3eb2b5df051a49","<p style=""font-size: 60px; font-family: FragmentMono"">KFVHNRGJ</p>","","","training","","","","","","","",""
"null","null","html-keyboard-response","602","743395","0.0-21.0-0.28","69a6f5f930a06e13c4593d9d","69d7901e3430d13455efb336","69e6293fcc3eb2b5df051a49","<p style=""font-size: 60px; font-family: FragmentMono"">PWEXEHPS</p>","","","training","","","","","","","",""
"null","null","html-keyboard-response","603","744397","0.0-21.0-0.29","69a6f5f930a06e13c4593d9d","69d7901e3430d13455efb336","69e6293fcc3eb2b5df051a49","<p style=""font-size: 60px; font-family: FragmentMono"">HSXWWPYB</p>","","","training","","","","","","","",""
"null","null","html-keyboard-response","604","745398","0.0-21.0-0.30","69a6f5f930a06e13c4593d9d","69d7901e3430d13455efb336","69e6293fcc3eb2b5df051a49","<p style=""font-size: 60px; font-family: FragmentMono"">SHXVKRBO</p>","","","training","","","","","","","",""
"null","null","html-keyboard-response","605","746400","0.0-21.0-0.31","69a6f5f930a06e13c4593d9d","69d7901e3430d13455efb336","69e6293fcc3eb2b5df051a49","<p style=""font-size: 60px; font-family: FragmentMono"">JRZVHNRGJ</p>","","","training","","","","","","","",""
"null","null","html-keyboard-response","606","747402","0.0-21.0-0.32","69a6f5f930a06e13c4593d9d","69d7901e3430d13455efb336","69e6293fcc3eb2b5df051a49","<p style=""font-size: 60px; font-family: FragmentMono"">SYJEOPYB</p>","","","training","","","","","","","",""
"null","null","html-keyboard-response","607","748404","0.0-21.0-0.33","69a6f5f930a06e13c4593d9d","69d7901e3430d13455efb336","69e6293fcc3eb2b5df051a49","<p style=""font-size: 60px; font-family: FragmentMono"">OPFHSZRT</p>","","","training","","","","","","","",""
"null","null","html-keyboard-response","608","749406","0.0-21.0-0.34","69a6f5f930a06e13c4593d9d","69d7901e3430d13455efb336","69e6293fcc3eb2b5df051a49","<p style=""font-size: 60px; font-family: FragmentMono"">RGWFWLSF</p>","","","training","","","","","","","",""
"null","null","html-keyboard-response","609","750409","0.0-21.0-0.35","69a6f5f930a06e13c4593d9d","69d7901e3430d13455efb336","69e6293fcc3eb2b5df051a49","<p style=""font-size: 60px; font-family: FragmentMono"">TCSBRWUK</p>","","","training","","","","","","","",""
"null","null","html-keyboard-response","610","751410","0.0-21.0-0.36","69a6f5f930a06e13c4593d9d","69d7901e3430d13455efb336","69e6293fcc3eb2b5df051a49","<p style=""font-size: 60px; font-family: FragmentMono"">IMJRFVCEG</p>","","","training","","","","","","","",""
"null","null","html-keyboard-response","611","752413","0.0-21.0-0.37","69a6f5f930a06e13c4593d9d","69d7901e3430d13455efb336","69e6293fcc3eb2b5df051a49","<p style=""font-size: 60px; font-family: FragmentMono"">RGWFWHPS</p>","","","training","","","","","","","",""
"null","null","html-keyboard-response","612","753414","0.0-21.0-0.38","69a6f5f930a06e13c4593d9d","69d7901e3430d13455efb336","69e6293fcc3eb2b5df051a49","<p style=""font-size: 60px; font-family: FragmentMono"">PGNXDRBO</p>","","","training","","","","","","","",""
"null","null","html-keyboard-response","613","754416","0.0-21.0-0.39","69a6f5f930a06e13c4593d9d","69d7901e3430d13455efb336","69e6293fcc3eb2b5df051a49","<p style=""font-size: 60px; font-family: FragmentMono"">MVIVIHPS</p>","","","training","","","","","","","",""
"null","null","html-keyboard-response","614","755418","0.0-21.0-0.40","69a6f5f930a06e13c4593d9d","69d7901e3430d13455efb336","69e6293fcc3eb2b5df051a49","<p style=""font-size: 60px; font-family: FragmentMono"">XQXQFPYB</p>","","","training","","","","","","","",""
"null","null","html-keyboard-response","615","756419","0.0-21.0-0.41","69a6f5f930a06e13c4593d9d","69d7901e3430d13455efb336","69e6293fcc3eb2b5df051a49","<p style=""font-size: 60px; font-family: FragmentMono"">PGNXDPNSG</p>","","","training","","","","","","","",""
"null","null","html-keyboard-response","616","757422","0.0-21.0-0.42","69a6f5f930a06e13c4593d9d","69d7901e3430d13455efb336","69e6293fcc3eb2b5df051a49","<p style=""font-size: 60px; font-family: FragmentMono"">STCKMPBKN</p>","","","training","","","","","","","",""
"null","null","html-keyboard-response","617","758422","0.0-21.0-0.43","69a6f5f930a06e13c4593d9d","69d7901e3430d13455efb336","69e6293fcc3eb2b5df051a49","<p style=""font-size: 60px; font-family: FragmentMono"">PWEXELSF</p>","","","training","","","","","","","",""
"null","null","html-keyboard-response","618","759424","0.0-21.0-0.44","69a6f5f930a06e13c4593d9d","69d7901e3430d13455efb336","69e6293fcc3eb2b5df051a49","<p style=""font-size: 60px; font-family: FragmentMono"">UXJCZRT</p>","","","training","","","","","","","",""
"null","null","html-keyboard-response","619","760426","0.0-21.0-0.45","69a6f5f930a06e13c4593d9d","69d7901e3430d13455efb336","69e6293fcc3eb2b5df051a49","<p style=""font-size: 60px; font-family: FragmentMono"">HSXWWRWUK</p>","","","training","","","","","","","",""
"null","null","html-keyboard-response","620","761427","0.0-21.0-0.46","69a6f5f930a06e13c4593d9d","69d7901e3430d13455efb336","69e6293fcc3eb2b5df051a49","<p style=""font-size: 60px; font-family: FragmentMono"">STCKMVCEG</p>","","","training","","","","","","","",""
"null","null","html-keyboard-response","621","762429","0.0-21.0-0.47","69a6f5f930a06e13c4593d9d","69d7901e3430d13455efb336","69e6293fcc3eb2b5df051a49","<p style=""font-size: 60px; font-family: FragmentMono"">IPHAQRBO</p>","","","training","","","","","","","",""
"null","null","html-keyboard-response","622","763431","0.0-21.0-0.48","69a6f5f930a06e13c4593d9d","69d7901e3430d13455efb336","69e6293fcc3eb2b5df051a49","<p style=""font-size: 60px; font-family: FragmentMono"">KFVHRWUK</p>","","","training","","","","","","","",""
"null","null","html-keyboard-response","623","764432","0.0-21.0-0.49","69a6f5f930a06e13c4593d9d","69d7901e3430d13455efb336","69e6293fcc3eb2b5df051a49","<p style=""font-size: 60px; font-family: FragmentMono"">OPFHSLSF</p>","","","training","","","","","","","",""
"null","null","html-keyboard-response","624","765434","0.0-21.0-0.50","69a6f5f930a06e13c4593d9d","69d7901e3430d13455efb336","69e6293fcc3eb2b5df051a49","<p style=""font-size: 60px; font-family: FragmentMono"">PWEXEZRT</p>","","","training","","","","","","","",""
"null","null","html-keyboard-response","625","766436","0.0-21.0-0.51","69a6f5f930a06e13c4593d9d","69d7901e3430d13455efb336","69e6293fcc3eb2b5df051a49","<p style=""font-size: 60px; font-family: FragmentMono"">TCSBPBKN</p>","","","training","","","","","","","",""
"null","null","html-keyboard-response","626","767438","0.0-21.0-0.52","69a6f5f930a06e13c4593d9d","69d7901e3430d13455efb336","69e6293fcc3eb2b5df051a49","<p style=""font-size: 60px; font-family: FragmentMono"">HNCXAVCEG</p>","","","training","","","","","","","",""
"null","null","html-keyboard-response","627","768440","0.0-21.0-0.53","69a6f5f930a06e13c4593d9d","69d7901e3430d13455efb336","69e6293fcc3eb2b5df051a49","<p style=""font-size: 60px; font-family: FragmentMono"">MVIVILSF</p>","","","training","","","","","","","",""
"null","null","html-keyboard-response","628","769441","0.0-21.0-0.54","69a6f5f930a06e13c4593d9d","69d7901e3430d13455efb336","69e6293fcc3eb2b5df051a49","<p style=""font-size: 60px; font-family: FragmentMono"">IPHAQZRT</p>","","","training","","","","","","","",""
"null","null","html-keyboard-response","629","770443","0.0-21.0-0.55","69a6f5f930a06e13c4593d9d","69d7901e3430d13455efb336","69e6293fcc3eb2b5df051a49","<p style=""font-size: 60px; font-family: FragmentMono"">HNCXANRGJ</p>","","","training","","","","","","","",""
"null","null","html-keyboard-response","630","771445","0.0-21.0-0.56","69a6f5f930a06e13c4593d9d","69d7901e3430d13455efb336","69e6293fcc3eb2b5df051a49","<p style=""font-size: 60px; font-family: FragmentMono"">IMJRFPBKN</p>","","","training","","","","","","","",""
"null","null","html-keyboard-response","631","772448","0.0-21.0-0.57","69a6f5f930a06e13c4593d9d","69d7901e3430d13455efb336","69e6293fcc3eb2b5df051a49","<p style=""font-size: 60px; font-family: FragmentMono"">PGNXDZRT</p>","","","training","","","","","","","",""
"null","null","html-keyboard-response","632","773449","0.0-21.0-0.58","69a6f5f930a06e13c4593d9d","69d7901e3430d13455efb336","69e6293fcc3eb2b5df051a49","<p style=""font-size: 60px; font-family: FragmentMono"">STCKMPYB</p>","","","training","","","","","","","",""
"null","null","html-keyboard-response","633","774451","0.0-21.0-0.59","69a6f5f930a06e13c4593d9d","69d7901e3430d13455efb336","69e6293fcc3eb2b5df051a49","<p style=""font-size: 60px; font-family: FragmentMono"">IMJRFNRGJ</p>","","","training","","","","","","","",""
"null","null","html-keyboard-response","634","775453","0.0-21.0-0.60","69a6f5f930a06e13c4593d9d","69d7901e3430d13455efb336","69e6293fcc3eb2b5df051a49","<p style=""font-size: 60px; font-family: FragmentMono"">CTOIVZRT</p>","","","training","","","","","","","",""
"null","null","html-keyboard-response","635","776454","0.0-21.0-0.61","69a6f5f930a06e13c4593d9d","69d7901e3430d13455efb336","69e6293fcc3eb2b5df051a49","<p style=""font-size: 60px; font-family: FragmentMono"">KMSKRWUK</p>","","","training","","","","","","","",""
"null","null","html-keyboard-response","636","777457","0.0-21.0-0.62","69a6f5f930a06e13c4593d9d","69d7901e3430d13455efb336","69e6293fcc3eb2b5df051a49","<p style=""font-size: 60px; font-family: FragmentMono"">MVIVIPNSG</p>","","","training","","","","","","","",""
"null","null","html-keyboard-response","637","778459","0.0-21.0-0.63","69a6f5f930a06e13c4593d9d","69d7901e3430d13455efb336","69e6293fcc3eb2b5df051a49","<p style=""font-size: 60px; font-family: FragmentMono"">SYJEOPBKN</p>","","","training","","","","","","","",""
"null","null","html-keyboard-response","638","779462","0.0-21.0-0.64","69a6f5f930a06e13c4593d9d","69d7901e3430d13455efb336","69e6293fcc3eb2b5df051a49","<p style=""font-size: 60px; font-family: FragmentMono"">TCSBPYB</p>","","","training","","","","","","","",""
"null","null","html-keyboard-response","639","780463","0.0-21.0-0.65","69a6f5f930a06e13c4593d9d","69d7901e3430d13455efb336","69e6293fcc3eb2b5df051a49","<p style=""font-size: 60px; font-family: FragmentMono"">VUWYKHPS</p>","","","training","","","","","","","",""
"null","null","html-keyboard-response","640","781465","0.0-21.0-0.66","69a6f5f930a06e13c4593d9d","69d7901e3430d13455efb336","69e6293fcc3eb2b5df051a49","<p style=""font-size: 60px; font-family: FragmentMono"">KMSKNRGJ</p>","","","training","","","","","","","",""
"null","null","html-keyboard-response","641","782466","0.0-21.0-0.67","69a6f5f930a06e13c4593d9d","69d7901e3430d13455efb336","69e6293fcc3eb2b5df051a49","<p style=""font-size: 60px; font-family: FragmentMono"">JRZVHPBKN</p>","","","training","","","","","","","",""
"null","null","html-keyboard-response","642","783468","0.0-21.0-0.68","69a6f5f930a06e13c4593d9d","69d7901e3430d13455efb336","69e6293fcc3eb2b5df051a49","<p style=""font-size: 60px; font-family: FragmentMono"">SYJEORWUK</p>","","","training","","","","","","","",""
"null","null","html-keyboard-response","643","784470","0.0-21.0-0.69","69a6f5f930a06e13c4593d9d","69d7901e3430d13455efb336","69e6293fcc3eb2b5df051a49","<p style=""font-size: 60px; font-family: FragmentMono"">PGNXDLSF</p>","","","training","","","","","","","",""
"null","null","html-keyboard-response","644","785471","0.0-21.0-0.70","69a6f5f930a06e13c4593d9d","69d7901e3430d13455efb336","69e6293fcc3eb2b5df051a49","<p style=""font-size: 60px; font-family: FragmentMono"">HSXWWNRGJ</p>","","","training","","","","","","","",""
"null","null","html-keyboard-response","645","786473","0.0-21.0-0.71","69a6f5f930a06e13c4593d9d","69d7901e3430d13455efb336","69e6293fcc3eb2b5df051a49","<p style=""font-size: 60px; font-family: FragmentMono"">RGWFWRBO</p>","","","training","","","","","","","",""
"null","null","html-keyboard-response","646","787475","0.0-21.0-0.72","69a6f5f930a06e13c4593d9d","69d7901e3430d13455efb336","69e6293fcc3eb2b5df051a49","<p style=""font-size: 60px; font-family: FragmentMono"">JRZVHPYB</p>","","","training","","","","","","","",""
"null","null","html-keyboard-response","647","788477","0.0-21.0-0.73","69a6f5f930a06e13c4593d9d","69d7901e3430d13455efb336","69e6293fcc3eb2b5df051a49","<p style=""font-size: 60px; font-family: FragmentMono"">IMJRFRWUK</p>","","","training","","","","","","","",""
"null","null","html-keyboard-response","648","789478","0.0-21.0-0.74","69a6f5f930a06e13c4593d9d","69d7901e3430d13455efb336","69e6293fcc3eb2b5df051a49","<p style=""font-size: 60px; font-family: FragmentMono"">HSXWWVCEG</p>","","","training","","","","","","","",""
"null","null","html-keyboard-response","649","790480","0.0-21.0-0.75","69a6f5f930a06e13c4593d9d","69d7901e3430d13455efb336","69e6293fcc3eb2b5df051a49","<p style=""font-size: 60px; font-family: FragmentMono"">XQXQFPBKN</p>","","","training","","","","","","","",""
"null","null","html-keyboard-response","650","791482","0.0-21.0-0.76","69a6f5f930a06e13c4593d9d","69d7901e3430d13455efb336","69e6293fcc3eb2b5df051a49","<p style=""font-size: 60px; font-family: FragmentMono"">SHXVKPNSG</p>","","","training","","","","","","","",""
"null","null","html-keyboard-response","651","792484","0.0-21.0-0.77","69a6f5f930a06e13c4593d9d","69d7901e3430d13455efb336","69e6293fcc3eb2b5df051a49","<p style=""font-size: 60px; font-family: FragmentMono"">KMSKPYB</p>","","","training","","","","","","","",""
"null","null","html-keyboard-response","652","793485","0.0-21.0-0.78","69a6f5f930a06e13c4593d9d","69d7901e3430d13455efb336","69e6293fcc3eb2b5df051a49","<p style=""font-size: 60px; font-family: FragmentMono"">KFVHVCEG</p>","","","training","","","","","","","",""
"null","null","html-keyboard-response","653","794488","0.0-21.0-0.79","69a6f5f930a06e13c4593d9d","69d7901e3430d13455efb336","69e6293fcc3eb2b5df051a49","<p style=""font-size: 60px; font-family: FragmentMono"">IPHAQPNSG</p>","","","training","","","","","","","",""
"3028"," ","html-keyboard-response","654","797516","0.0-22.0","69a6f5f930a06e13c4593d9d","69d7901e3430d13455efb336","69e6293fcc3eb2b5df051a49","<p style=""font-size: 30px"">Great! You've seen all the words that we received from space.</p>
      <p style=""font-size: 30px"">Press the spacebar when you're ready to continue.</p>","","","","","","","","","","",""
"34913"," ","html-keyboard-response","655","832430","0.0-23.0","69a6f5f930a06e13c4593d9d","69d7901e3430d13455efb336","69e6293fcc3eb2b5df051a49","<p style=""font-size: 30px"">In this second part, you'll be given some words from a new communication from the same group of aliens, and others that belong to a communication from a different group of aliens. However, the two communications arrived at the same time, so the words are mixed up. Your task is to identify the words that belong to the same group of aliens as the communication you saw in the first part of the experiment.</p>
      <p style=""font-size: 30px"">This is a very tricky task, since both alien groups use the same characters. Your meeting with the world leaders starts very soon, so you won't have much time to decide; you need to work quickly. Try to do your best using your intuition; you don't have much time to spend thinking about each word.</p>
      <p style=""font-size: 30px"">Press <strong>k</strong> when you think that the word you're being shown is from the same group of aliens as before, and <strong>d</strong> when you think it's from a communication from the other alien group.</p><p>Press the spacebar when you're ready to begin.</p>","","","","","","","","","","",""
"3006","d","html-keyboard-response","656","835436","0.0-24.0-0.0","69a6f5f930a06e13c4593d9d","69d7901e3430d13455efb336","69e6293fcc3eb2b5df051a49","<p style=""font-size: 30px;"">Does this word come from the alien group you studied previously?</p><br><p style=""font-size: 60px; font-family: FragmentMono"">TCSBVCEG<p style=""font-size: 15px"">Press <strong>k</strong> for yes, <strong>d</strong> for no.</p>","","","testing","TCSBVCEG","k","[""morphemeXmorpheme""]","false","","","",""
"1964"," ","html-keyboard-response","657","837400","0.0-24.0-1.0-0.0","69a6f5f930a06e13c4593d9d","69d7901e3430d13455efb336","69e6293fcc3eb2b5df051a49","<p style=""font-size: 30px; color: red"">Careful! You were too slow for this word.</p>
      <p style=""font-size: 30px; color: red"">Try to be faster.</p><p></p><p>Press the spacebar to continue.</p>","","","","","","","","","","",""
"865","k","html-keyboard-response","658","838266","0.0-24.0-0.1","69a6f5f930a06e13c4593d9d","69d7901e3430d13455efb336","69e6293fcc3eb2b5df051a49","<p style=""font-size: 30px;"">Does this word come from the alien group you studied previously?</p><br><p style=""font-size: 60px; font-family: FragmentMono"">HNCXARWUK<p style=""font-size: 15px"">Press <strong>k</strong> for yes, <strong>d</strong> for no.</p>","","","testing","HNCXARWUK","k","[""morphemeXmorpheme""]","true","","","",""
"1042","k","html-keyboard-response","659","839309","0.0-24.0-0.2","69a6f5f930a06e13c4593d9d","69d7901e3430d13455efb336","69e6293fcc3eb2b5df051a49","<p style=""font-size: 30px;"">Does this word come from the alien group you studied previously?</p><br><p style=""font-size: 60px; font-family: FragmentMono"">OPFHSNZE<p style=""font-size: 15px"">Press <strong>k</strong> for yes, <strong>d</strong> for no.</p>","","","testing","OPFHSNZE","k","[""morphemeXmorcode""]","true","","","",""
"773","k","html-keyboard-response","660","840082","0.0-24.0-0.3","69a6f5f930a06e13c4593d9d","69d7901e3430d13455efb336","69e6293fcc3eb2b5df051a49","<p style=""font-size: 30px"">&emsp;</p><br><p style=""font-size: 60px; font-family: FragmentMono"">EKYAOPYB<p style=""font-size: 15px"">Press <strong>k</strong> for yes, <strong>d</strong> for no.</p>","","","testing","EKYAOPYB","k","[""morcodeXmorpheme""]","true","","","",""
"926","k","html-keyboard-response","661","841008","0.0-24.0-0.4","69a6f5f930a06e13c4593d9d","69d7901e3430d13455efb336","69e6293fcc3eb2b5df051a49","<p style=""font-size: 30px"">&emsp;</p><br><p style=""font-size: 60px; font-family: FragmentMono"">MVIVIZRT<p style=""font-size: 15px"">Press <strong>k</strong> for yes, <strong>d</strong> for no.</p>","","","testing","MVIVIZRT","k","[""morphemeXmorpheme""]","true","","","",""
"963","k","html-keyboard-response","662","841971","0.0-24.0-0.5","69a6f5f930a06e13c4593d9d","69d7901e3430d13455efb336","69e6293fcc3eb2b5df051a49","<p style=""font-size: 30px"">&emsp;</p><br><p style=""font-size: 60px; font-family: FragmentMono"">KFVHRBO<p style=""font-size: 15px"">Press <strong>k</strong> for yes, <strong>d</strong> for no.</p>","","","testing","KFVHRBO","d","[""morphemeXmorpheme""]","false","","","",""
"1098","k","html-keyboard-response","663","843069","0.0-24.0-0.6","69a6f5f930a06e13c4593d9d","69d7901e3430d13455efb336","69e6293fcc3eb2b5df051a49","<p style=""font-size: 30px"">&emsp;</p><br><p style=""font-size: 60px; font-family: FragmentMono"">PGNXDHPS<p style=""font-size: 15px"">Press <strong>k</strong> for yes, <strong>d</strong> for no.</p>","","","testing","PGNXDHPS","k","[""morphemeXmorpheme""]","true","","","",""
"1135","k","html-keyboard-response","664","844204","0.0-24.0-0.7","69a6f5f930a06e13c4593d9d","69d7901e3430d13455efb336","69e6293fcc3eb2b5df051a49","<p style=""font-size: 30px"">&emsp;</p><br><p style=""font-size: 60px; font-family: FragmentMono"">PWEXEPYB<p style=""font-size: 15px"">Press <strong>k</strong> for yes, <strong>d</strong> for no.</p>","","","testing","PWEXEPYB","d","[""morphemeXmorpheme""]","false","","","",""
"957","d","html-keyboard-response","665","845162","0.0-24.0-0.8","69a6f5f930a06e13c4593d9d","69d7901e3430d13455efb336","69e6293fcc3eb2b5df051a49","<p style=""font-size: 30px"">&emsp;</p><br><p style=""font-size: 60px; font-family: FragmentMono"">FPKYISLN<p style=""font-size: 15px"">Press <strong>k</strong> for yes, <strong>d</strong> for no.</p>","","","testing","FPKYISLN","d","[""morcodeXmorcode""]","true","","","",""
"968","d","html-keyboard-response","666","846130","0.0-24.0-0.9","69a6f5f930a06e13c4593d9d","69d7901e3430d13455efb336","69e6293fcc3eb2b5df051a49","<p style=""font-size: 30px"">&emsp;</p><br><p style=""font-size: 60px; font-family: FragmentMono"">NJHGVLQXI<p style=""font-size: 15px"">Press <strong>k</strong> for yes, <strong>d</strong> for no.</p>","","","testing","NJHGVLQXI","d","[""morcodeXmorcode""]","true","","","",""
"1196","d","html-keyboard-response","667","847325","0.0-24.0-0.10","69a6f5f930a06e13c4593d9d","69d7901e3430d13455efb336","69e6293fcc3eb2b5df051a49","<p style=""font-size: 30px"">&emsp;</p><br><p style=""font-size: 60px; font-family: FragmentMono"">UMGWLSF<p style=""font-size: 15px"">Press <strong>k</strong> for yes, <strong>d</strong> for no.</p>","","","testing","UMGWLSF","k","[""morcodeXmorpheme""]","false","","","",""
"962","d","html-keyboard-response","668","848288","0.0-24.0-0.11","69a6f5f930a06e13c4593d9d","69d7901e3430d13455efb336","69e6293fcc3eb2b5df051a49","<p style=""font-size: 30px"">&emsp;</p><br><p style=""font-size: 60px; font-family: FragmentMono"">COMFVTUZ<p style=""font-size: 15px"">Press <strong>k</strong> for yes, <strong>d</strong> for no.</p>","","","testing","COMFVTUZ","d","[""morcodeXmorcode""]","true","","","",""
"922","k","html-keyboard-response","669","849210","0.0-24.0-0.12","69a6f5f930a06e13c4593d9d","69d7901e3430d13455efb336","69e6293fcc3eb2b5df051a49","<p style=""font-size: 30px"">&emsp;</p><br><p style=""font-size: 60px; font-family: FragmentMono"">XQXQFZRT<p style=""font-size: 15px"">Press <strong>k</strong> for yes, <strong>d</strong> for no.</p>","","","testing","XQXQFZRT","d","[""morphemeXmorpheme""]","false","","","",""
"2276","d","html-keyboard-response","670","851486","0.0-24.0-0.13","69a6f5f930a06e13c4593d9d","69d7901e3430d13455efb336","69e6293fcc3eb2b5df051a49","<p style=""font-size: 30px"">&emsp;</p><br><p style=""font-size: 60px; font-family: FragmentMono"">CTOIVOFG<p style=""font-size: 15px"">Press <strong>k</strong> for yes, <strong>d</strong> for no.</p>","","","testing","CTOIVOFG","k","[""morphemeXmorcode""]","false","","","",""
"731"," ","html-keyboard-response","671","852218","0.0-24.0-1.13-0.13","69a6f5f930a06e13c4593d9d","69d7901e3430d13455efb336","69e6293fcc3eb2b5df051a49","<p style=""font-size: 30px; color: red"">Careful! You were too slow for this word.</p>
      <p style=""font-size: 30px; color: red"">Try to be faster.</p><p></p><p>Press the spacebar to continue.</p>","","","","","","","","","","",""
"925","k","html-keyboard-response","672","853143","0.0-24.0-0.14","69a6f5f930a06e13c4593d9d","69d7901e3430d13455efb336","69e6293fcc3eb2b5df051a49","<p style=""font-size: 30px"">&emsp;</p><br><p style=""font-size: 60px; font-family: FragmentMono"">VUWYKRWUK<p style=""font-size: 15px"">Press <strong>k</strong> for yes, <strong>d</strong> for no.</p>","","","testing","VUWYKRWUK","d","[""morphemeXmorpheme""]","false","","","",""
"1097","k","html-keyboard-response","673","854240","0.0-24.0-0.15","69a6f5f930a06e13c4593d9d","69d7901e3430d13455efb336","69e6293fcc3eb2b5df051a49","<p style=""font-size: 30px"">&emsp;</p><br><p style=""font-size: 60px; font-family: FragmentMono"">PSZTQQAIT<p style=""font-size: 15px"">Press <strong>k</strong> for yes, <strong>d</strong> for no.</p>","","","testing","PSZTQQAIT","d","[""morcodeXmorcode""]","false","","","",""
"957","k","html-keyboard-response","674","855197","0.0-24.0-0.16","69a6f5f930a06e13c4593d9d","69d7901e3430d13455efb336","69e6293fcc3eb2b5df051a49","<p style=""font-size: 30px"">&emsp;</p><br><p style=""font-size: 60px; font-family: FragmentMono"">SHXVKNRGJ<p style=""font-size: 15px"">Press <strong>k</strong> for yes, <strong>d</strong> for no.</p>","","","testing","SHXVKNRGJ","d","[""morphemeXmorpheme""]","false","","","",""
"1165","k","html-keyboard-response","675","856362","0.0-24.0-0.17","69a6f5f930a06e13c4593d9d","69d7901e3430d13455efb336","69e6293fcc3eb2b5df051a49","<p style=""font-size: 30px"">&emsp;</p><br><p style=""font-size: 60px; font-family: FragmentMono"">VUWYKTGB<p style=""font-size: 15px"">Press <strong>k</strong> for yes, <strong>d</strong> for no.</p>","","","testing","VUWYKTGB","k","[""morphemeXmorcode""]","true","","","",""
"1117","d","html-keyboard-response","676","857479","0.0-24.0-0.18","69a6f5f930a06e13c4593d9d","69d7901e3430d13455efb336","69e6293fcc3eb2b5df051a49","<p style=""font-size: 30px"">&emsp;</p><br><p style=""font-size: 60px; font-family: FragmentMono"">TEKUBLHM<p style=""font-size: 15px"">Press <strong>k</strong> for yes, <strong>d</strong> for no.</p>","","","testing","TEKUBLHM","d","[""morcodeXmorcode""]","true","","","",""
"1204","d","html-keyboard-response","677","858683","0.0-24.0-0.19","69a6f5f930a06e13c4593d9d","69d7901e3430d13455efb336","69e6293fcc3eb2b5df051a49","<p style=""font-size: 30px"">&emsp;</p><br><p style=""font-size: 60px; font-family: FragmentMono"">PSZTQFQSI<p style=""font-size: 15px"">Press <strong>k</strong> for yes, <strong>d</strong> for no.</p>","","","testing","PSZTQFQSI","d","[""morcodeXmorcode""]","true","","","",""
"811","d","html-keyboard-response","678","859494","0.0-24.0-0.20","69a6f5f930a06e13c4593d9d","69d7901e3430d13455efb336","69e6293fcc3eb2b5df051a49","<p style=""font-size: 30px"">&emsp;</p><br><p style=""font-size: 60px; font-family: FragmentMono"">MVIVIRWUK<p style=""font-size: 15px"">Press <strong>k</strong> for yes, <strong>d</strong> for no.</p>","","","testing","MVIVIRWUK","d","[""morphemeXmorpheme""]","true","","","",""
"1151","k","html-keyboard-response","679","860646","0.0-24.0-0.21","69a6f5f930a06e13c4593d9d","69d7901e3430d13455efb336","69e6293fcc3eb2b5df051a49","<p style=""font-size: 30px"">&emsp;</p><br><p style=""font-size: 60px; font-family: FragmentMono"">VUWYKZRT<p style=""font-size: 15px"">Press <strong>k</strong> for yes, <strong>d</strong> for no.</p>","","","testing","VUWYKZRT","k","[""morphemeXmorpheme""]","true","","","",""
"958","k","html-keyboard-response","680","861605","0.0-24.0-0.22","69a6f5f930a06e13c4593d9d","69d7901e3430d13455efb336","69e6293fcc3eb2b5df051a49","<p style=""font-size: 30px"">&emsp;</p><br><p style=""font-size: 60px; font-family: FragmentMono"">STCKMHPS<p style=""font-size: 15px"">Press <strong>k</strong> for yes, <strong>d</strong> for no.</p>","","","testing","STCKMHPS","d","[""morphemeXmorpheme""]","false","","","",""
"1383","d","html-keyboard-response","681","862988","0.0-24.0-0.23","69a6f5f930a06e13c4593d9d","69d7901e3430d13455efb336","69e6293fcc3eb2b5df051a49","<p style=""font-size: 30px"">&emsp;</p><br><p style=""font-size: 60px; font-family: FragmentMono"">JRZVHLSF<p style=""font-size: 15px"">Press <strong>k</strong> for yes, <strong>d</strong> for no.</p>","","","testing","JRZVHLSF","d","[""morphemeXmorpheme""]","true","","","",""
"1307","k","html-keyboard-response","682","864295","0.0-24.0-0.24","69a6f5f930a06e13c4593d9d","69d7901e3430d13455efb336","69e6293fcc3eb2b5df051a49","<p style=""font-size: 30px"">&emsp;</p><br><p style=""font-size: 60px; font-family: FragmentMono"">TLCHGRBO<p style=""font-size: 15px"">Press <strong>k</strong> for yes, <strong>d</strong> for no.</p>","","","testing","TLCHGRBO","k","[""morcodeXmorpheme""]","true","","","",""
"836","k","html-keyboard-response","683","865132","0.0-24.0-0.25","69a6f5f930a06e13c4593d9d","69d7901e3430d13455efb336","69e6293fcc3eb2b5df051a49","<p style=""font-size: 30px"">&emsp;</p><br><p style=""font-size: 60px; font-family: FragmentMono"">XQTKWRWUK<p style=""font-size: 15px"">Press <strong>k</strong> for yes, <strong>d</strong> for no.</p>","","","testing","XQTKWRWUK","k","[""morcodeXmorpheme""]","true","","","",""
"801","k","html-keyboard-response","684","865934","0.0-24.0-0.26","69a6f5f930a06e13c4593d9d","69d7901e3430d13455efb336","69e6293fcc3eb2b5df051a49","<p style=""font-size: 30px"">&emsp;</p><br><p style=""font-size: 60px; font-family: FragmentMono"">PGNXDNRGJ<p style=""font-size: 15px"">Press <strong>k</strong> for yes, <strong>d</strong> for no.</p>","","","testing","PGNXDNRGJ","d","[""morphemeXmorpheme""]","false","","","",""
"1411","d","html-keyboard-response","685","867345","0.0-24.0-0.27","69a6f5f930a06e13c4593d9d","69d7901e3430d13455efb336","69e6293fcc3eb2b5df051a49","<p style=""font-size: 30px"">&emsp;</p><br><p style=""font-size: 60px; font-family: FragmentMono"">VIWBZZRT<p style=""font-size: 15px"">Press <strong>k</strong> for yes, <strong>d</strong> for no.</p>","","","testing","VIWBZZRT","k","[""morcodeXmorpheme""]","false","","","",""
"940","d","html-keyboard-response","686","868285","0.0-24.0-0.28","69a6f5f930a06e13c4593d9d","69d7901e3430d13455efb336","69e6293fcc3eb2b5df051a49","<p style=""font-size: 30px"">&emsp;</p><br><p style=""font-size: 60px; font-family: FragmentMono"">ZTKEHPBKN<p style=""font-size: 15px"">Press <strong>k</strong> for yes, <strong>d</strong> for no.</p>","","","testing","ZTKEHPBKN","k","[""morcodeXmorpheme""]","false","","","",""
"924","k","html-keyboard-response","687","869210","0.0-24.0-0.29","69a6f5f930a06e13c4593d9d","69d7901e3430d13455efb336","69e6293fcc3eb2b5df051a49","<p style=""font-size: 30px"">&emsp;</p><br><p style=""font-size: 60px; font-family: FragmentMono"">WMZMMILGF<p style=""font-size: 15px"">Press <strong>k</strong> for yes, <strong>d</strong> for no.</p>","","","testing","WMZMMILGF","d","[""morcodeXmorcode""]","false","","","",""
"859","k","html-keyboard-response","688","870069","0.0-24.0-0.30","69a6f5f930a06e13c4593d9d","69d7901e3430d13455efb336","69e6293fcc3eb2b5df051a49","<p style=""font-size: 30px"">&emsp;</p><br><p style=""font-size: 60px; font-family: FragmentMono"">SHXVKHPS<p style=""font-size: 15px"">Press <strong>k</strong> for yes, <strong>d</strong> for no.</p>","","","testing","SHXVKHPS","k","[""morphemeXmorpheme""]","true","","","",""
"924","k","html-keyboard-response","689","870994","0.0-24.0-0.31","69a6f5f930a06e13c4593d9d","69d7901e3430d13455efb336","69e6293fcc3eb2b5df051a49","<p style=""font-size: 30px"">&emsp;</p><br><p style=""font-size: 60px; font-family: FragmentMono"">NTGLGFMZ<p style=""font-size: 15px"">Press <strong>k</strong> for yes, <strong>d</strong> for no.</p>","","","testing","NTGLGFMZ","d","[""morcodeXmorcode""]","false","","","",""
"1019","d","html-keyboard-response","690","872013","0.0-24.0-0.32","69a6f5f930a06e13c4593d9d","69d7901e3430d13455efb336","69e6293fcc3eb2b5df051a49","<p style=""font-size: 30px"">&emsp;</p><br><p style=""font-size: 60px; font-family: FragmentMono"">LSZGAPNSG<p style=""font-size: 15px"">Press <strong>k</strong> for yes, <strong>d</strong> for no.</p>","","","testing","LSZGAPNSG","k","[""morcodeXmorpheme""]","false","","","",""
"1430","k","html-keyboard-response","691","873444","0.0-24.0-0.33","69a6f5f930a06e13c4593d9d","69d7901e3430d13455efb336","69e6293fcc3eb2b5df051a49","<p style=""font-size: 30px"">&emsp;</p><br><p style=""font-size: 60px; font-family: FragmentMono"">GEUHQEQVF<p style=""font-size: 15px"">Press <strong>k</strong> for yes, <strong>d</strong> for no.</p>","","","testing","GEUHQEQVF","d","[""morcodeXmorcode""]","false","","","",""
"836","d","html-keyboard-response","692","874280","0.0-24.0-0.34","69a6f5f930a06e13c4593d9d","69d7901e3430d13455efb336","69e6293fcc3eb2b5df051a49","<p style=""font-size: 30px"">&emsp;</p><br><p style=""font-size: 60px; font-family: FragmentMono"">REAHUGLY<p style=""font-size: 15px"">Press <strong>k</strong> for yes, <strong>d</strong> for no.</p>","","","testing","REAHUGLY","d","[""morcodeXmorcode""]","true","","","",""
"980","d","html-keyboard-response","693","875260","0.0-24.0-0.35","69a6f5f930a06e13c4593d9d","69d7901e3430d13455efb336","69e6293fcc3eb2b5df051a49","<p style=""font-size: 30px"">&emsp;</p><br><p style=""font-size: 60px; font-family: FragmentMono"">VEVCHURO<p style=""font-size: 15px"">Press <strong>k</strong> for yes, <strong>d</strong> for no.</p>","","","testing","VEVCHURO","d","[""morcodeXmorcode""]","true","","","",""
"1257","d","html-keyboard-response","694","876518","0.0-24.0-0.36","69a6f5f930a06e13c4593d9d","69d7901e3430d13455efb336","69e6293fcc3eb2b5df051a49","<p style=""font-size: 30px"">&emsp;</p><br><p style=""font-size: 60px; font-family: FragmentMono"">CEBGRBO<p style=""font-size: 15px"">Press <strong>k</strong> for yes, <strong>d</strong> for no.</p>","","","testing","CEBGRBO","k","[""morcodeXmorpheme""]","false","","","",""
"1115","d","html-keyboard-response","695","877633","0.0-24.0-0.37","69a6f5f930a06e13c4593d9d","69d7901e3430d13455efb336","69e6293fcc3eb2b5df051a49","<p style=""font-size: 30px"">&emsp;</p><br><p style=""font-size: 60px; font-family: FragmentMono"">NKMTUVIE<p style=""font-size: 15px"">Press <strong>k</strong> for yes, <strong>d</strong> for no.</p>","","","testing","NKMTUVIE","d","[""morcodeXmorcode""]","true","","","",""
"1162","k","html-keyboard-response","696","878795","0.0-24.0-0.38","69a6f5f930a06e13c4593d9d","69d7901e3430d13455efb336","69e6293fcc3eb2b5df051a49","<p style=""font-size: 30px"">&emsp;</p><br><p style=""font-size: 60px; font-family: FragmentMono"">KZLHIFBS<p style=""font-size: 15px"">Press <strong>k</strong> for yes, <strong>d</strong> for no.</p>","","","testing","KZLHIFBS","d","[""morcodeXmorcode""]","false","","","",""
"857","k","html-keyboard-response","697","879653","0.0-24.0-0.39","69a6f5f930a06e13c4593d9d","69d7901e3430d13455efb336","69e6293fcc3eb2b5df051a49","<p style=""font-size: 30px"">&emsp;</p><br><p style=""font-size: 60px; font-family: FragmentMono"">NJLIPBKN<p style=""font-size: 15px"">Press <strong>k</strong> for yes, <strong>d</strong> for no.</p>","","","testing","NJLIPBKN","k","[""morcodeXmorpheme""]","true","","","",""
"802","k","html-keyboard-response","698","880455","0.0-24.0-0.40","69a6f5f930a06e13c4593d9d","69d7901e3430d13455efb336","69e6293fcc3eb2b5df051a49","<p style=""font-size: 30px"">&emsp;</p><br><p style=""font-size: 60px; font-family: FragmentMono"">RGWFWMWYP<p style=""font-size: 15px"">Press <strong>k</strong> for yes, <strong>d</strong> for no.</p>","","","testing","RGWFWMWYP","k","[""morphemeXmorcode""]","true","","","",""
"770","k","html-keyboard-response","699","881225","0.0-24.0-0.41","69a6f5f930a06e13c4593d9d","69d7901e3430d13455efb336","69e6293fcc3eb2b5df051a49","<p style=""font-size: 30px"">&emsp;</p><br><p style=""font-size: 60px; font-family: FragmentMono"">KFVHEYX<p style=""font-size: 15px"">Press <strong>k</strong> for yes, <strong>d</strong> for no.</p>","","","testing","KFVHEYX","k","[""morphemeXmorcode""]","true","","","",""
"1085","k","html-keyboard-response","700","882311","0.0-24.0-0.42","69a6f5f930a06e13c4593d9d","69d7901e3430d13455efb336","69e6293fcc3eb2b5df051a49","<p style=""font-size: 30px"">&emsp;</p><br><p style=""font-size: 60px; font-family: FragmentMono"">HNCXAZRT<p style=""font-size: 15px"">Press <strong>k</strong> for yes, <strong>d</strong> for no.</p>","","","testing","HNCXAZRT","d","[""morphemeXmorpheme""]","false","","","",""
"826","k","html-keyboard-response","701","883137","0.0-24.0-0.43","69a6f5f930a06e13c4593d9d","69d7901e3430d13455efb336","69e6293fcc3eb2b5df051a49","<p style=""font-size: 30px"">&emsp;</p><br><p style=""font-size: 60px; font-family: FragmentMono"">STCKMBIWI<p style=""font-size: 15px"">Press <strong>k</strong> for yes, <strong>d</strong> for no.</p>","","","testing","STCKMBIWI","k","[""morphemeXmorcode""]","true","","","",""
"877","k","html-keyboard-response","702","884015","0.0-24.0-0.44","69a6f5f930a06e13c4593d9d","69d7901e3430d13455efb336","69e6293fcc3eb2b5df051a49","<p style=""font-size: 30px"">&emsp;</p><br><p style=""font-size: 60px; font-family: FragmentMono"">UWXVLDJZJ<p style=""font-size: 15px"">Press <strong>k</strong> for yes, <strong>d</strong> for no.</p>","","","testing","UWXVLDJZJ","d","[""morcodeXmorcode""]","false","","","",""
"970","k","html-keyboard-response","703","884985","0.0-24.0-0.45","69a6f5f930a06e13c4593d9d","69d7901e3430d13455efb336","69e6293fcc3eb2b5df051a49","<p style=""font-size: 30px"">&emsp;</p><br><p style=""font-size: 60px; font-family: FragmentMono"">KMSKPNSG<p style=""font-size: 15px"">Press <strong>k</strong> for yes, <strong>d</strong> for no.</p>","","","testing","KMSKPNSG","d","[""morphemeXmorpheme""]","false","","","",""
"968","k","html-keyboard-response","704","885953","0.0-24.0-0.46","69a6f5f930a06e13c4593d9d","69d7901e3430d13455efb336","69e6293fcc3eb2b5df051a49","<p style=""font-size: 30px"">&emsp;</p><br><p style=""font-size: 60px; font-family: FragmentMono"">UXJCAOGK<p style=""font-size: 15px"">Press <strong>k</strong> for yes, <strong>d</strong> for no.</p>","","","testing","UXJCAOGK","k","[""morphemeXmorcode""]","true","","","",""
"1218","d","html-keyboard-response","705","887171","0.0-24.0-0.47","69a6f5f930a06e13c4593d9d","69d7901e3430d13455efb336","69e6293fcc3eb2b5df051a49","<p style=""font-size: 30px"">&emsp;</p><br><p style=""font-size: 60px; font-family: FragmentMono"">JXTJXFYFI<p style=""font-size: 15px"">Press <strong>k</strong> for yes, <strong>d</strong> for no.</p>","","","testing","JXTJXFYFI","d","[""morcodeXmorcode""]","true","","","",""
"1153","d","html-keyboard-response","706","888324","0.0-24.0-0.48","69a6f5f930a06e13c4593d9d","69d7901e3430d13455efb336","69e6293fcc3eb2b5df051a49","<p style=""font-size: 30px"">&emsp;</p><br><p style=""font-size: 60px; font-family: FragmentMono"">COMFVEQVF<p style=""font-size: 15px"">Press <strong>k</strong> for yes, <strong>d</strong> for no.</p>","","","testing","COMFVEQVF","d","[""morcodeXmorcode""]","true","","","",""
"1087","k","html-keyboard-response","707","889412","0.0-24.0-0.49","69a6f5f930a06e13c4593d9d","69d7901e3430d13455efb336","69e6293fcc3eb2b5df051a49","<p style=""font-size: 30px"">&emsp;</p><br><p style=""font-size: 60px; font-family: FragmentMono"">PWEXERBO<p style=""font-size: 15px"">Press <strong>k</strong> for yes, <strong>d</strong> for no.</p>","","","testing","PWEXERBO","k","[""morphemeXmorpheme""]","true","","","",""
"805","k","html-keyboard-response","708","890217","0.0-24.0-0.50","69a6f5f930a06e13c4593d9d","69d7901e3430d13455efb336","69e6293fcc3eb2b5df051a49","<p style=""font-size: 30px"">&emsp;</p><br><p style=""font-size: 60px; font-family: FragmentMono"">GHRJQKSL<p style=""font-size: 15px"">Press <strong>k</strong> for yes, <strong>d</strong> for no.</p>","","","testing","GHRJQKSL","d","[""morcodeXmorcode""]","false","","","",""
"761","k","html-keyboard-response","709","890978","0.0-24.0-0.51","69a6f5f930a06e13c4593d9d","69d7901e3430d13455efb336","69e6293fcc3eb2b5df051a49","<p style=""font-size: 30px"">&emsp;</p><br><p style=""font-size: 60px; font-family: FragmentMono"">SYJEOHPS<p style=""font-size: 15px"">Press <strong>k</strong> for yes, <strong>d</strong> for no.</p>","","","testing","SYJEOHPS","d","[""morphemeXmorpheme""]","false","","","",""
"732","k","html-keyboard-response","710","891710","0.0-24.0-0.52","69a6f5f930a06e13c4593d9d","69d7901e3430d13455efb336","69e6293fcc3eb2b5df051a49","<p style=""font-size: 30px"">&emsp;</p><br><p style=""font-size: 60px; font-family: FragmentMono"">SHXVKCWV<p style=""font-size: 15px"">Press <strong>k</strong> for yes, <strong>d</strong> for no.</p>","","","testing","SHXVKCWV","k","[""morphemeXmorcode""]","true","","","",""
"940","k","html-keyboard-response","711","892651","0.0-24.0-0.53","69a6f5f930a06e13c4593d9d","69d7901e3430d13455efb336","69e6293fcc3eb2b5df051a49","<p style=""font-size: 30px"">&emsp;</p><br><p style=""font-size: 60px; font-family: FragmentMono"">JRZVHVCEG<p style=""font-size: 15px"">Press <strong>k</strong> for yes, <strong>d</strong> for no.</p>","","","testing","JRZVHVCEG","k","[""morphemeXmorpheme""]","true","","","",""
"1118","d","html-keyboard-response","712","893769","0.0-24.0-0.54","69a6f5f930a06e13c4593d9d","69d7901e3430d13455efb336","69e6293fcc3eb2b5df051a49","<p style=""font-size: 30px"">&emsp;</p><br><p style=""font-size: 60px; font-family: FragmentMono"">EYOGJQV<p style=""font-size: 15px"">Press <strong>k</strong> for yes, <strong>d</strong> for no.</p>","","","testing","EYOGJQV","d","[""morcodeXmorcode""]","true","","","",""
"55","d","html-keyboard-response","713","893824","0.0-24.0-0.55","69a6f5f930a06e13c4593d9d","69d7901e3430d13455efb336","69e6293fcc3eb2b5df051a49","<p style=""font-size: 30px"">&emsp;</p><br><p style=""font-size: 60px; font-family: FragmentMono"">IMJRFWXM<p style=""font-size: 15px"">Press <strong>k</strong> for yes, <strong>d</strong> for no.</p>","","","testing","IMJRFWXM","k","[""morphemeXmorcode""]","false","","","",""
"56","d","html-keyboard-response","714","893880","0.0-24.0-0.56","69a6f5f930a06e13c4593d9d","69d7901e3430d13455efb336","69e6293fcc3eb2b5df051a49","<p style=""font-size: 30px"">&emsp;</p><br><p style=""font-size: 60px; font-family: FragmentMono"">KMSKZBNO<p style=""font-size: 15px"">Press <strong>k</strong> for yes, <strong>d</strong> for no.</p>","","","testing","KMSKZBNO","k","[""morphemeXmorcode""]","false","","","",""
"1230","k","html-keyboard-response","715","895111","0.0-24.0-0.57","69a6f5f930a06e13c4593d9d","69d7901e3430d13455efb336","69e6293fcc3eb2b5df051a49","<p style=""font-size: 30px"">&emsp;</p><br><p style=""font-size: 60px; font-family: FragmentMono"">KSBZJVCEG<p style=""font-size: 15px"">Press <strong>k</strong> for yes, <strong>d</strong> for no.</p>","","","testing","KSBZJVCEG","k","[""morcodeXmorpheme""]","true","","","",""
"745","k","html-keyboard-response","716","895857","0.0-24.0-0.58","69a6f5f930a06e13c4593d9d","69d7901e3430d13455efb336","69e6293fcc3eb2b5df051a49","<p style=""font-size: 30px"">&emsp;</p><br><p style=""font-size: 60px; font-family: FragmentMono"">OPFHSRBO<p style=""font-size: 15px"">Press <strong>k</strong> for yes, <strong>d</strong> for no.</p>","","","testing","OPFHSRBO","k","[""morphemeXmorpheme""]","true","","","",""
"906","k","html-keyboard-response","717","896763","0.0-24.0-0.59","69a6f5f930a06e13c4593d9d","69d7901e3430d13455efb336","69e6293fcc3eb2b5df051a49","<p style=""font-size: 30px"">&emsp;</p><br><p style=""font-size: 60px; font-family: FragmentMono"">PWEXEVXB<p style=""font-size: 15px"">Press <strong>k</strong> for yes, <strong>d</strong> for no.</p>","","","testing","PWEXEVXB","k","[""morphemeXmorcode""]","true","","","",""
"855","k","html-keyboard-response","718","897619","0.0-24.0-0.60","69a6f5f930a06e13c4593d9d","69d7901e3430d13455efb336","69e6293fcc3eb2b5df051a49","<p style=""font-size: 30px"">&emsp;</p><br><p style=""font-size: 60px; font-family: FragmentMono"">CYMJLZSPY<p style=""font-size: 15px"">Press <strong>k</strong> for yes, <strong>d</strong> for no.</p>","","","testing","CYMJLZSPY","d","[""morcodeXmorcode""]","false","","","",""
"865","k","html-keyboard-response","719","898485","0.0-24.0-0.61","69a6f5f930a06e13c4593d9d","69d7901e3430d13455efb336","69e6293fcc3eb2b5df051a49","<p style=""font-size: 30px"">&emsp;</p><br><p style=""font-size: 60px; font-family: FragmentMono"">HTZXDSQBU<p style=""font-size: 15px"">Press <strong>k</strong> for yes, <strong>d</strong> for no.</p>","","","testing","HTZXDSQBU","d","[""morcodeXmorcode""]","false","","","",""
"701","k","html-keyboard-response","720","899186","0.0-24.0-0.62","69a6f5f930a06e13c4593d9d","69d7901e3430d13455efb336","69e6293fcc3eb2b5df051a49","<p style=""font-size: 30px"">&emsp;</p><br><p style=""font-size: 60px; font-family: FragmentMono"">HSXWWLRYW<p style=""font-size: 15px"">Press <strong>k</strong> for yes, <strong>d</strong> for no.</p>","","","testing","HSXWWLRYW","k","[""morphemeXmorcode""]","true","","","",""
"588","k","html-keyboard-response","721","899774","0.0-24.0-0.63","69a6f5f930a06e13c4593d9d","69d7901e3430d13455efb336","69e6293fcc3eb2b5df051a49","<p style=""font-size: 30px"">&emsp;</p><br><p style=""font-size: 60px; font-family: FragmentMono"">KFVHPYB<p style=""font-size: 15px"">Press <strong>k</strong> for yes, <strong>d</strong> for no.</p>","","","testing","KFVHPYB","k","[""morphemeXmorpheme""]","true","","","",""
"800","d","html-keyboard-response","722","900575","0.0-24.0-0.64","69a6f5f930a06e13c4593d9d","69d7901e3430d13455efb336","69e6293fcc3eb2b5df051a49","<p style=""font-size: 30px"">&emsp;</p><br><p style=""font-size: 60px; font-family: FragmentMono"">AYNXOUZQ<p style=""font-size: 15px"">Press <strong>k</strong> for yes, <strong>d</strong> for no.</p>","","","testing","AYNXOUZQ","d","[""morcodeXmorcode""]","true","","","",""
"1081","k","html-keyboard-response","723","901656","0.0-24.0-0.65","69a6f5f930a06e13c4593d9d","69d7901e3430d13455efb336","69e6293fcc3eb2b5df051a49","<p style=""font-size: 30px"">&emsp;</p><br><p style=""font-size: 60px; font-family: FragmentMono"">UCSUFQD<p style=""font-size: 15px"">Press <strong>k</strong> for yes, <strong>d</strong> for no.</p>","","","testing","UCSUFQD","d","[""morcodeXmorcode""]","false","","","",""
"866","k","html-keyboard-response","724","902522","0.0-24.0-0.66","69a6f5f930a06e13c4593d9d","69d7901e3430d13455efb336","69e6293fcc3eb2b5df051a49","<p style=""font-size: 30px"">&emsp;</p><br><p style=""font-size: 60px; font-family: FragmentMono"">FIDMGCEKG<p style=""font-size: 15px"">Press <strong>k</strong> for yes, <strong>d</strong> for no.</p>","","","testing","FIDMGCEKG","d","[""morcodeXmorcode""]","false","","","",""
"1199","k","html-keyboard-response","725","903722","0.0-24.0-0.67","69a6f5f930a06e13c4593d9d","69d7901e3430d13455efb336","69e6293fcc3eb2b5df051a49","<p style=""font-size: 30px"">&emsp;</p><br><p style=""font-size: 60px; font-family: FragmentMono"">PWAQAZRT<p style=""font-size: 15px"">Press <strong>k</strong> for yes, <strong>d</strong> for no.</p>","","","testing","PWAQAZRT","k","[""morcodeXmorpheme""]","true","","","",""
"1095","k","html-keyboard-response","726","904817","0.0-24.0-0.68","69a6f5f930a06e13c4593d9d","69d7901e3430d13455efb336","69e6293fcc3eb2b5df051a49","<p style=""font-size: 30px"">&emsp;</p><br><p style=""font-size: 60px; font-family: FragmentMono"">CTOIVVCEG<p style=""font-size: 15px"">Press <strong>k</strong> for yes, <strong>d</strong> for no.</p>","","","testing","CTOIVVCEG","d","[""morphemeXmorpheme""]","false","","","",""
"1225","k","html-keyboard-response","727","906042","0.0-24.0-0.69","69a6f5f930a06e13c4593d9d","69d7901e3430d13455efb336","69e6293fcc3eb2b5df051a49","<p style=""font-size: 30px"">&emsp;</p><br><p style=""font-size: 60px; font-family: FragmentMono"">VEWGPNSG<p style=""font-size: 15px"">Press <strong>k</strong> for yes, <strong>d</strong> for no.</p>","","","testing","VEWGPNSG","k","[""morcodeXmorpheme""]","true","","","",""
"839","d","html-keyboard-response","728","906881","0.0-24.0-0.70","69a6f5f930a06e13c4593d9d","69d7901e3430d13455efb336","69e6293fcc3eb2b5df051a49","<p style=""font-size: 30px"">&emsp;</p><br><p style=""font-size: 60px; font-family: FragmentMono"">LQUJOMGAL<p style=""font-size: 15px"">Press <strong>k</strong> for yes, <strong>d</strong> for no.</p>","","","testing","LQUJOMGAL","d","[""morcodeXmorcode""]","true","","","",""
"973","k","html-keyboard-response","729","907855","0.0-24.0-0.71","69a6f5f930a06e13c4593d9d","69d7901e3430d13455efb336","69e6293fcc3eb2b5df051a49","<p style=""font-size: 30px"">&emsp;</p><br><p style=""font-size: 60px; font-family: FragmentMono"">UXJCPNSG<p style=""font-size: 15px"">Press <strong>k</strong> for yes, <strong>d</strong> for no.</p>","","","testing","UXJCPNSG","k","[""morphemeXmorpheme""]","true","","","",""
"1170","d","html-keyboard-response","730","909026","0.0-24.0-0.72","69a6f5f930a06e13c4593d9d","69d7901e3430d13455efb336","69e6293fcc3eb2b5df051a49","<p style=""font-size: 30px"">&emsp;</p><br><p style=""font-size: 60px; font-family: FragmentMono"">STCKMNRGJ<p style=""font-size: 15px"">Press <strong>k</strong> for yes, <strong>d</strong> for no.</p>","","","testing","STCKMNRGJ","k","[""morphemeXmorpheme""]","false","","","",""
"1149","k","html-keyboard-response","731","910175","0.0-24.0-0.73","69a6f5f930a06e13c4593d9d","69d7901e3430d13455efb336","69e6293fcc3eb2b5df051a49","<p style=""font-size: 30px"">&emsp;</p><br><p style=""font-size: 60px; font-family: FragmentMono"">OPFHSPYB<p style=""font-size: 15px"">Press <strong>k</strong> for yes, <strong>d</strong> for no.</p>","","","testing","OPFHSPYB","d","[""morphemeXmorpheme""]","false","","","",""
"628","k","html-keyboard-response","732","910803","0.0-24.0-0.74","69a6f5f930a06e13c4593d9d","69d7901e3430d13455efb336","69e6293fcc3eb2b5df051a49","<p style=""font-size: 30px"">&emsp;</p><br><p style=""font-size: 60px; font-family: FragmentMono"">IDEUBQHS<p style=""font-size: 15px"">Press <strong>k</strong> for yes, <strong>d</strong> for no.</p>","","","testing","IDEUBQHS","d","[""morcodeXmorcode""]","false","","","",""
"841","k","html-keyboard-response","733","911644","0.0-24.0-0.75","69a6f5f930a06e13c4593d9d","69d7901e3430d13455efb336","69e6293fcc3eb2b5df051a49","<p style=""font-size: 30px"">&emsp;</p><br><p style=""font-size: 60px; font-family: FragmentMono"">LNPQVSBRC<p style=""font-size: 15px"">Press <strong>k</strong> for yes, <strong>d</strong> for no.</p>","","","testing","LNPQVSBRC","d","[""morcodeXmorcode""]","false","","","",""
"817","k","html-keyboard-response","734","912461","0.0-24.0-0.76","69a6f5f930a06e13c4593d9d","69d7901e3430d13455efb336","69e6293fcc3eb2b5df051a49","<p style=""font-size: 30px"">&emsp;</p><br><p style=""font-size: 60px; font-family: FragmentMono"">RGWFWPBKN<p style=""font-size: 15px"">Press <strong>k</strong> for yes, <strong>d</strong> for no.</p>","","","testing","RGWFWPBKN","d","[""morphemeXmorpheme""]","false","","","",""
"928","d","html-keyboard-response","735","913389","0.0-24.0-0.77","69a6f5f930a06e13c4593d9d","69d7901e3430d13455efb336","69e6293fcc3eb2b5df051a49","<p style=""font-size: 30px"">&emsp;</p><br><p style=""font-size: 60px; font-family: FragmentMono"">QPMYBYCY<p style=""font-size: 15px"">Press <strong>k</strong> for yes, <strong>d</strong> for no.</p>","","","testing","QPMYBYCY","d","[""morcodeXmorcode""]","true","","","",""
"985","d","html-keyboard-response","736","914374","0.0-24.0-0.78","69a6f5f930a06e13c4593d9d","69d7901e3430d13455efb336","69e6293fcc3eb2b5df051a49","<p style=""font-size: 30px"">&emsp;</p><br><p style=""font-size: 60px; font-family: FragmentMono"">JNIWKUZO<p style=""font-size: 15px"">Press <strong>k</strong> for yes, <strong>d</strong> for no.</p>","","","testing","JNIWKUZO","d","[""morcodeXmorcode""]","true","","","",""
"817","k","html-keyboard-response","737","915191","0.0-24.0-0.79","69a6f5f930a06e13c4593d9d","69d7901e3430d13455efb336","69e6293fcc3eb2b5df051a49","<p style=""font-size: 30px"">&emsp;</p><br><p style=""font-size: 60px; font-family: FragmentMono"">IPHAQLSF<p style=""font-size: 15px"">Press <strong>k</strong> for yes, <strong>d</strong> for no.</p>","","","testing","IPHAQLSF","k","[""morphemeXmorpheme""]","true","","","",""
"886","k","html-keyboard-response","738","916078","0.0-24.0-0.80","69a6f5f930a06e13c4593d9d","69d7901e3430d13455efb336","69e6293fcc3eb2b5df051a49","<p style=""font-size: 30px"">&emsp;</p><br><p style=""font-size: 60px; font-family: FragmentMono"">HJZOGCYT<p style=""font-size: 15px"">Press <strong>k</strong> for yes, <strong>d</strong> for no.</p>","","","testing","HJZOGCYT","d","[""morcodeXmorcode""]","false","","","",""
"846","k","html-keyboard-response","739","916924","0.0-24.0-0.81","69a6f5f930a06e13c4593d9d","69d7901e3430d13455efb336","69e6293fcc3eb2b5df051a49","<p style=""font-size: 30px"">&emsp;</p><br><p style=""font-size: 60px; font-family: FragmentMono"">OGPGLVCEG<p style=""font-size: 15px"">Press <strong>k</strong> for yes, <strong>d</strong> for no.</p>","","","testing","OGPGLVCEG","k","[""morcodeXmorpheme""]","true","","","",""
"849","k","html-keyboard-response","740","917774","0.0-24.0-0.82","69a6f5f930a06e13c4593d9d","69d7901e3430d13455efb336","69e6293fcc3eb2b5df051a49","<p style=""font-size: 30px"">&emsp;</p><br><p style=""font-size: 60px; font-family: FragmentMono"">TCSBPZKS<p style=""font-size: 15px"">Press <strong>k</strong> for yes, <strong>d</strong> for no.</p>","","","testing","TCSBPZKS","k","[""morphemeXmorcode""]","true","","","",""
"954","k","html-keyboard-response","741","918728","0.0-24.0-0.83","69a6f5f930a06e13c4593d9d","69d7901e3430d13455efb336","69e6293fcc3eb2b5df051a49","<p style=""font-size: 30px"">&emsp;</p><br><p style=""font-size: 60px; font-family: FragmentMono"">CQBFSTZF<p style=""font-size: 15px"">Press <strong>k</strong> for yes, <strong>d</strong> for no.</p>","","","testing","CQBFSTZF","d","[""morcodeXmorcode""]","false","","","",""
"807","d","html-keyboard-response","742","919535","0.0-24.0-0.84","69a6f5f930a06e13c4593d9d","69d7901e3430d13455efb336","69e6293fcc3eb2b5df051a49","<p style=""font-size: 30px"">&emsp;</p><br><p style=""font-size: 60px; font-family: FragmentMono"">FIDMGRFI<p style=""font-size: 15px"">Press <strong>k</strong> for yes, <strong>d</strong> for no.</p>","","","testing","FIDMGRFI","d","[""morcodeXmorcode""]","true","","","",""
"825","k","html-keyboard-response","743","920360","0.0-24.0-0.85","69a6f5f930a06e13c4593d9d","69d7901e3430d13455efb336","69e6293fcc3eb2b5df051a49","<p style=""font-size: 30px"">&emsp;</p><br><p style=""font-size: 60px; font-family: FragmentMono"">QTYRQQZBP<p style=""font-size: 15px"">Press <strong>k</strong> for yes, <strong>d</strong> for no.</p>","","","testing","QTYRQQZBP","d","[""morcodeXmorcode""]","false","","","",""
"753","d","html-keyboard-response","744","921113","0.0-24.0-0.86","69a6f5f930a06e13c4593d9d","69d7901e3430d13455efb336","69e6293fcc3eb2b5df051a49","<p style=""font-size: 30px"">&emsp;</p><br><p style=""font-size: 60px; font-family: FragmentMono"">PHCHIRWUK<p style=""font-size: 15px"">Press <strong>k</strong> for yes, <strong>d</strong> for no.</p>","","","testing","PHCHIRWUK","k","[""morcodeXmorpheme""]","false","","","",""
"876","d","html-keyboard-response","745","921989","0.0-24.0-0.87","69a6f5f930a06e13c4593d9d","69d7901e3430d13455efb336","69e6293fcc3eb2b5df051a49","<p style=""font-size: 30px"">&emsp;</p><br><p style=""font-size: 60px; font-family: FragmentMono"">IPHAQPEX<p style=""font-size: 15px"">Press <strong>k</strong> for yes, <strong>d</strong> for no.</p>","","","testing","IPHAQPEX","k","[""morphemeXmorcode""]","false","","","",""
"28","d","html-keyboard-response","746","922018","0.0-24.0-0.88","69a6f5f930a06e13c4593d9d","69d7901e3430d13455efb336","69e6293fcc3eb2b5df051a49","<p style=""font-size: 30px"">&emsp;</p><br><p style=""font-size: 60px; font-family: FragmentMono"">HSXWWPBKN<p style=""font-size: 15px"">Press <strong>k</strong> for yes, <strong>d</strong> for no.</p>","","","testing","HSXWWPBKN","k","[""morphemeXmorpheme""]","false","","","",""
"1434","d","html-keyboard-response","747","923452","0.0-24.0-0.89","69a6f5f930a06e13c4593d9d","69d7901e3430d13455efb336","69e6293fcc3eb2b5df051a49","<p style=""font-size: 30px"">&emsp;</p><br><p style=""font-size: 60px; font-family: FragmentMono"">TCSBLSF<p style=""font-size: 15px"">Press <strong>k</strong> for yes, <strong>d</strong> for no.</p>","","","testing","TCSBLSF","d","[""morphemeXmorpheme""]","true","","","",""
"934","k","html-keyboard-response","748","924386","0.0-24.0-0.90","69a6f5f930a06e13c4593d9d","69d7901e3430d13455efb336","69e6293fcc3eb2b5df051a49","<p style=""font-size: 30px"">&emsp;</p><br><p style=""font-size: 60px; font-family: FragmentMono"">TUSOGHPS<p style=""font-size: 15px"">Press <strong>k</strong> for yes, <strong>d</strong> for no.</p>","","","testing","TUSOGHPS","k","[""morcodeXmorpheme""]","true","","","",""
"1187","k","html-keyboard-response","749","925573","0.0-24.0-0.91","69a6f5f930a06e13c4593d9d","69d7901e3430d13455efb336","69e6293fcc3eb2b5df051a49","<p style=""font-size: 30px"">&emsp;</p><br><p style=""font-size: 60px; font-family: FragmentMono"">SJNXFJOEX<p style=""font-size: 15px"">Press <strong>k</strong> for yes, <strong>d</strong> for no.</p>","","","testing","SJNXFJOEX","d","[""morcodeXmorcode""]","false","","","",""
"944","k","html-keyboard-response","750","926517","0.0-24.0-0.92","69a6f5f930a06e13c4593d9d","69d7901e3430d13455efb336","69e6293fcc3eb2b5df051a49","<p style=""font-size: 30px"">&emsp;</p><br><p style=""font-size: 60px; font-family: FragmentMono"">XQXQFQWFU<p style=""font-size: 15px"">Press <strong>k</strong> for yes, <strong>d</strong> for no.</p>","","","testing","XQXQFQWFU","k","[""morphemeXmorcode""]","true","","","",""
"1000","d","html-keyboard-response","751","927518","0.0-24.0-0.93","69a6f5f930a06e13c4593d9d","69d7901e3430d13455efb336","69e6293fcc3eb2b5df051a49","<p style=""font-size: 30px"">&emsp;</p><br><p style=""font-size: 60px; font-family: FragmentMono"">OEDRAHDC<p style=""font-size: 15px"">Press <strong>k</strong> for yes, <strong>d</strong> for no.</p>","","","testing","OEDRAHDC","d","[""morcodeXmorcode""]","true","","","",""
"950","d","html-keyboard-response","752","928469","0.0-24.0-0.94","69a6f5f930a06e13c4593d9d","69d7901e3430d13455efb336","69e6293fcc3eb2b5df051a49","<p style=""font-size: 30px"">&emsp;</p><br><p style=""font-size: 60px; font-family: FragmentMono"">MVIVIPSU<p style=""font-size: 15px"">Press <strong>k</strong> for yes, <strong>d</strong> for no.</p>","","","testing","MVIVIPSU","k","[""morphemeXmorcode""]","false","","","",""
"53","d","html-keyboard-response","753","928523","0.0-24.0-0.95","69a6f5f930a06e13c4593d9d","69d7901e3430d13455efb336","69e6293fcc3eb2b5df051a49","<p style=""font-size: 30px"">&emsp;</p><br><p style=""font-size: 60px; font-family: FragmentMono"">CTOIVLSF<p style=""font-size: 15px"">Press <strong>k</strong> for yes, <strong>d</strong> for no.</p>","","","testing","CTOIVLSF","k","[""morphemeXmorpheme""]","false","","","",""
"1001","d","html-keyboard-response","754","929524","0.0-24.0-0.96","69a6f5f930a06e13c4593d9d","69d7901e3430d13455efb336","69e6293fcc3eb2b5df051a49","<p style=""font-size: 30px"">&emsp;</p><br><p style=""font-size: 60px; font-family: FragmentMono"">CGYAMRFI<p style=""font-size: 15px"">Press <strong>k</strong> for yes, <strong>d</strong> for no.</p>","","","testing","CGYAMRFI","d","[""morcodeXmorcode""]","true","","","",""
"902","d","html-keyboard-response","755","930426","0.0-24.0-0.97","69a6f5f930a06e13c4593d9d","69d7901e3430d13455efb336","69e6293fcc3eb2b5df051a49","<p style=""font-size: 30px"">&emsp;</p><br><p style=""font-size: 60px; font-family: FragmentMono"">SYJEOODOI<p style=""font-size: 15px"">Press <strong>k</strong> for yes, <strong>d</strong> for no.</p>","","","testing","SYJEOODOI","k","[""morphemeXmorcode""]","false","","","",""
"1417","k","html-keyboard-response","756","931844","0.0-24.0-0.98","69a6f5f930a06e13c4593d9d","69d7901e3430d13455efb336","69e6293fcc3eb2b5df051a49","<p style=""font-size: 30px"">&emsp;</p><br><p style=""font-size: 60px; font-family: FragmentMono"">IPHAQVCEG<p style=""font-size: 15px"">Press <strong>k</strong> for yes, <strong>d</strong> for no.</p>","","","testing","IPHAQVCEG","d","[""morphemeXmorpheme""]","false","","","",""
"915","d","html-keyboard-response","757","932759","0.0-24.0-0.99","69a6f5f930a06e13c4593d9d","69d7901e3430d13455efb336","69e6293fcc3eb2b5df051a49","<p style=""font-size: 30px"">&emsp;</p><br><p style=""font-size: 60px; font-family: FragmentMono"">QANKYKSL<p style=""font-size: 15px"">Press <strong>k</strong> for yes, <strong>d</strong> for no.</p>","","","testing","QANKYKSL","d","[""morcodeXmorcode""]","true","","","",""
"907","d","html-keyboard-response","758","933666","0.0-24.0-0.100","69a6f5f930a06e13c4593d9d","69d7901e3430d13455efb336","69e6293fcc3eb2b5df051a49","<p style=""font-size: 30px"">&emsp;</p><br><p style=""font-size: 60px; font-family: FragmentMono"">KMSKPBKN<p style=""font-size: 15px"">Press <strong>k</strong> for yes, <strong>d</strong> for no.</p>","","","testing","KMSKPBKN","k","[""morphemeXmorpheme""]","false","","","",""
"830","d","html-keyboard-response","759","934497","0.0-24.0-0.101","69a6f5f930a06e13c4593d9d","69d7901e3430d13455efb336","69e6293fcc3eb2b5df051a49","<p style=""font-size: 30px"">&emsp;</p><br><p style=""font-size: 60px; font-family: FragmentMono"">SEWIYLSF<p style=""font-size: 15px"">Press <strong>k</strong> for yes, <strong>d</strong> for no.</p>","","","testing","SEWIYLSF","k","[""morcodeXmorpheme""]","false","","","",""
"714","d","html-keyboard-response","760","935211","0.0-24.0-0.102","69a6f5f930a06e13c4593d9d","69d7901e3430d13455efb336","69e6293fcc3eb2b5df051a49","<p style=""font-size: 30px"">&emsp;</p><br><p style=""font-size: 60px; font-family: FragmentMono"">SYJEONRGJ<p style=""font-size: 15px"">Press <strong>k</strong> for yes, <strong>d</strong> for no.</p>","","","testing","SYJEONRGJ","k","[""morphemeXmorpheme""]","false","","","",""
"1567","d","html-keyboard-response","761","936778","0.0-24.0-0.103","69a6f5f930a06e13c4593d9d","69d7901e3430d13455efb336","69e6293fcc3eb2b5df051a49","<p style=""font-size: 30px"">&emsp;</p><br><p style=""font-size: 60px; font-family: FragmentMono"">PGNXDQVZ<p style=""font-size: 15px"">Press <strong>k</strong> for yes, <strong>d</strong> for no.</p>","","","testing","PGNXDQVZ","k","[""morphemeXmorcode""]","false","","","",""
"989","d","html-keyboard-response","762","937768","0.0-24.0-0.104","69a6f5f930a06e13c4593d9d","69d7901e3430d13455efb336","69e6293fcc3eb2b5df051a49","<p style=""font-size: 30px"">&emsp;</p><br><p style=""font-size: 60px; font-family: FragmentMono"">JZQMJECB<p style=""font-size: 15px"">Press <strong>k</strong> for yes, <strong>d</strong> for no.</p>","","","testing","JZQMJECB","d","[""morcodeXmorcode""]","true","","","",""
"1237","k","html-keyboard-response","763","939005","0.0-24.0-0.105","69a6f5f930a06e13c4593d9d","69d7901e3430d13455efb336","69e6293fcc3eb2b5df051a49","<p style=""font-size: 30px"">&emsp;</p><br><p style=""font-size: 60px; font-family: FragmentMono"">HSXWWPNSG<p style=""font-size: 15px"">Press <strong>k</strong> for yes, <strong>d</strong> for no.</p>","","","testing","HSXWWPNSG","d","[""morphemeXmorpheme""]","false","","","",""
"863","d","html-keyboard-response","764","939869","0.0-24.0-0.106","69a6f5f930a06e13c4593d9d","69d7901e3430d13455efb336","69e6293fcc3eb2b5df051a49","<p style=""font-size: 30px"">&emsp;</p><br><p style=""font-size: 60px; font-family: FragmentMono"">IMJRFPYB<p style=""font-size: 15px"">Press <strong>k</strong> for yes, <strong>d</strong> for no.</p>","","","testing","IMJRFPYB","k","[""morphemeXmorpheme""]","false","","","",""
"800","d","html-keyboard-response","765","940669","0.0-24.0-0.107","69a6f5f930a06e13c4593d9d","69d7901e3430d13455efb336","69e6293fcc3eb2b5df051a49","<p style=""font-size: 30px"">&emsp;</p><br><p style=""font-size: 60px; font-family: FragmentMono"">TGNLLHQ<p style=""font-size: 15px"">Press <strong>k</strong> for yes, <strong>d</strong> for no.</p>","","","testing","TGNLLHQ","d","[""morcodeXmorcode""]","true","","","",""
"839","d","html-keyboard-response","766","941509","0.0-24.0-0.108","69a6f5f930a06e13c4593d9d","69d7901e3430d13455efb336","69e6293fcc3eb2b5df051a49","<p style=""font-size: 30px"">&emsp;</p><br><p style=""font-size: 60px; font-family: FragmentMono"">JRZVHSCEI<p style=""font-size: 15px"">Press <strong>k</strong> for yes, <strong>d</strong> for no.</p>","","","testing","JRZVHSCEI","k","[""morphemeXmorcode""]","false","","","",""
"708","d","html-keyboard-response","767","942217","0.0-24.0-0.109","69a6f5f930a06e13c4593d9d","69d7901e3430d13455efb336","69e6293fcc3eb2b5df051a49","<p style=""font-size: 30px"">&emsp;</p><br><p style=""font-size: 60px; font-family: FragmentMono"">HNCXAOIWO<p style=""font-size: 15px"">Press <strong>k</strong> for yes, <strong>d</strong> for no.</p>","","","testing","HNCXAOIWO","k","[""morphemeXmorcode""]","false","","","",""
"1122","d","html-keyboard-response","768","943339","0.0-24.0-0.110","69a6f5f930a06e13c4593d9d","69d7901e3430d13455efb336","69e6293fcc3eb2b5df051a49","<p style=""font-size: 30px"">&emsp;</p><br><p style=""font-size: 60px; font-family: FragmentMono"">UXVTINRGJ<p style=""font-size: 15px"">Press <strong>k</strong> for yes, <strong>d</strong> for no.</p>","","","testing","UXVTINRGJ","k","[""morcodeXmorpheme""]","false","","","",""
"1198","d","html-keyboard-response","769","944537","0.0-24.0-0.111","69a6f5f930a06e13c4593d9d","69d7901e3430d13455efb336","69e6293fcc3eb2b5df051a49","<p style=""font-size: 30px"">&emsp;</p><br><p style=""font-size: 60px; font-family: FragmentMono"">BRSWXHPS<p style=""font-size: 15px"">Press <strong>k</strong> for yes, <strong>d</strong> for no.</p>","","","testing","BRSWXHPS","k","[""morcodeXmorpheme""]","false","","","",""
"1646","d","html-keyboard-response","770","946184","0.0-24.0-0.112","69a6f5f930a06e13c4593d9d","69d7901e3430d13455efb336","69e6293fcc3eb2b5df051a49","<p style=""font-size: 30px"">&emsp;</p><br><p style=""font-size: 60px; font-family: FragmentMono"">TNKDONRGJ<p style=""font-size: 15px"">Press <strong>k</strong> for yes, <strong>d</strong> for no.</p>","","","testing","TNKDONRGJ","k","[""morcodeXmorpheme""]","false","","","",""
"772","k","html-keyboard-response","771","946956","0.0-24.0-0.113","69a6f5f930a06e13c4593d9d","69d7901e3430d13455efb336","69e6293fcc3eb2b5df051a49","<p style=""font-size: 30px"">&emsp;</p><br><p style=""font-size: 60px; font-family: FragmentMono"">UXJCPBKN<p style=""font-size: 15px"">Press <strong>k</strong> for yes, <strong>d</strong> for no.</p>","","","testing","UXJCPBKN","d","[""morphemeXmorpheme""]","false","","","",""
"1615","k","html-keyboard-response","772","948571","0.0-24.0-0.114","69a6f5f930a06e13c4593d9d","69d7901e3430d13455efb336","69e6293fcc3eb2b5df051a49","<p style=""font-size: 30px"">&emsp;</p><br><p style=""font-size: 60px; font-family: FragmentMono"">RGWFWPNSG<p style=""font-size: 15px"">Press <strong>k</strong> for yes, <strong>d</strong> for no.</p>","","","testing","RGWFWPNSG","k","[""morphemeXmorpheme""]","true","","","",""
"1066","k","html-keyboard-response","773","949637","0.0-24.0-0.115","69a6f5f930a06e13c4593d9d","69d7901e3430d13455efb336","69e6293fcc3eb2b5df051a49","<p style=""font-size: 30px"">&emsp;</p><br><p style=""font-size: 60px; font-family: FragmentMono"">OXVJLUZO<p style=""font-size: 15px"">Press <strong>k</strong> for yes, <strong>d</strong> for no.</p>","","","testing","OXVJLUZO","d","[""morcodeXmorcode""]","false","","","",""
"1404","k","html-keyboard-response","774","951042","0.0-24.0-0.116","69a6f5f930a06e13c4593d9d","69d7901e3430d13455efb336","69e6293fcc3eb2b5df051a49","<p style=""font-size: 30px"">&emsp;</p><br><p style=""font-size: 60px; font-family: FragmentMono"">IMJRFRBO<p style=""font-size: 15px"">Press <strong>k</strong> for yes, <strong>d</strong> for no.</p>","","","testing","IMJRFRBO","d","[""morphemeXmorpheme""]","false","","","",""
"803","k","html-keyboard-response","775","951845","0.0-24.0-0.117","69a6f5f930a06e13c4593d9d","69d7901e3430d13455efb336","69e6293fcc3eb2b5df051a49","<p style=""font-size: 30px"">&emsp;</p><br><p style=""font-size: 60px; font-family: FragmentMono"">XQXQFRWUK<p style=""font-size: 15px"">Press <strong>k</strong> for yes, <strong>d</strong> for no.</p>","","","testing","XQXQFRWUK","k","[""morphemeXmorpheme""]","true","","","",""
"650","k","html-keyboard-response","776","952496","0.0-24.0-0.118","69a6f5f930a06e13c4593d9d","69d7901e3430d13455efb336","69e6293fcc3eb2b5df051a49","<p style=""font-size: 30px"">&emsp;</p><br><p style=""font-size: 60px; font-family: FragmentMono"">YWQLAPYB<p style=""font-size: 15px"">Press <strong>k</strong> for yes, <strong>d</strong> for no.</p>","","","testing","YWQLAPYB","k","[""morcodeXmorpheme""]","true","","","",""
"2116","d","html-keyboard-response","777","954612","0.0-24.0-0.119","69a6f5f930a06e13c4593d9d","69d7901e3430d13455efb336","69e6293fcc3eb2b5df051a49","<p style=""font-size: 30px"">&emsp;</p><br><p style=""font-size: 60px; font-family: FragmentMono"">ZSPYSZID<p style=""font-size: 15px"">Press <strong>k</strong> for yes, <strong>d</strong> for no.</p>","","","testing","ZSPYSZID","d","[""morcodeXmorcode""]","true","","","",""
"1032"," ","html-keyboard-response","778","955644","0.0-24.0-1.119-0.119","69a6f5f930a06e13c4593d9d","69d7901e3430d13455efb336","69e6293fcc3eb2b5df051a49","<p style=""font-size: 30px; color: red"">Careful! You were too slow for this word.</p>
      <p style=""font-size: 30px; color: red"">Try to be faster.</p><p></p><p>Press the spacebar to continue.</p>","","","","","","","","","","",""
"41045","{""testing_strategy"":""I looked at the first word, the third word, and the last word, and focused on filling the gaps in between""}","survey-html-form","779","996693","0.0-25.0","69a6f5f930a06e13c4593d9d","69d7901e3430d13455efb336","69e6293fcc3eb2b5df051a49","","","","","","","","","","","",""
"47604"," ","html-keyboard-response","780","1044298","0.0-26.0","69a6f5f930a06e13c4593d9d","69d7901e3430d13455efb336","69e6293fcc3eb2b5df051a49","<p style=""font-size: 30px"">You've made it to the meeting on time, fantastic! The world leaders want to write a message back to the aliens, and need you to help them recognise which letter combinations you saw in their language. You'll have the choice between 2 letter combinations: one which was in the communication you saw, and one that wasn't. It's important to be friendly with these aliens, so it's important that you make the right choice!</p>
      <p style=""font-size: 30px"">Press <strong>d</strong> if you think that the letter combination on the <strong>left</strong> is the one you saw, or <strong>k</strong> if you think that it's the one on the <strong>right</strong>.</p>
      <p style=""font-size: 30px"">Press the spacebar when you're ready to begin.</p>","","","","","","","","","","",""
"2862","k","html-keyboard-response","781","1047161","0.0-27.0-0.0","69a6f5f930a06e13c4593d9d","69d7901e3430d13455efb336","69e6293fcc3eb2b5df051a49","<p style=""font-size: 30px;"">Which letter combination have you already seen?</p><br><p style=""font-size: 60px; font-family: FragmentMono"">EYAEY&emsp;&emsp;&emsp;&emsp;RGWFW<p style=""font-size: 15px"">Press <strong>d</strong> for this letter combination&emsp;&emsp;&emsp;&emsp;&emsp;&emsp;&emsp;&emsp;&emsp;&emsp;&emsp;Press <strong>k</strong> for this letter combination</p>","","","familiarity","","k","","true","RGWFW","EYAEY","",""
"2168","k","html-keyboard-response","782","1049329","0.0-27.0-0.1","69a6f5f930a06e13c4593d9d","69d7901e3430d13455efb336","69e6293fcc3eb2b5df051a49","<p style=""font-size: 30px;"">Which letter combination have you already seen?</p><br><p style=""font-size: 60px; font-family: FragmentMono"">UYZY&emsp;&emsp;&emsp;&emsp;TCSB<p style=""font-size: 15px"">Press <strong>d</strong> for this letter combination&emsp;&emsp;&emsp;&emsp;&emsp;&emsp;&emsp;&emsp;&emsp;&emsp;&emsp;Press <strong>k</strong> for this letter combination</p>","","","familiarity","","k","","true","TCSB","UYZY","",""
"1813","d","html-keyboard-response","783","1051143","0.0-27.0-0.2","69a6f5f930a06e13c4593d9d","69d7901e3430d13455efb336","69e6293fcc3eb2b5df051a49","<p style=""font-size: 30px;"">Which letter combination have you already seen?</p><br><p style=""font-size: 60px; font-family: FragmentMono"">XQXQF&emsp;&emsp;&emsp;&emsp;KFOFS<p style=""font-size: 15px"">Press <strong>d</strong> for this letter combination&emsp;&emsp;&emsp;&emsp;&emsp;&emsp;&emsp;&emsp;&emsp;&emsp;&emsp;Press <strong>k</strong> for this letter combination</p>","","","familiarity","","d","","true","XQXQF","KFOFS","",""
"31","d","html-keyboard-response","784","1051174","0.0-27.0-0.3","69a6f5f930a06e13c4593d9d","69d7901e3430d13455efb336","69e6293fcc3eb2b5df051a49","<p style=""font-size: 30px"">&emsp;</p><br><p style=""font-size: 60px; font-family: FragmentMono"">AKUM&emsp;&emsp;&emsp;&emsp;VCEG<p style=""font-size: 15px"">Press <strong>d</strong> for this letter combination&emsp;&emsp;&emsp;&emsp;&emsp;&emsp;&emsp;&emsp;&emsp;&emsp;Press <strong>k</strong> for this letter combination</p>","","","familiarity","","k","","false","VCEG","AKUM","",""
"1002","k","html-keyboard-response","785","1052176","0.0-27.0-0.4","69a6f5f930a06e13c4593d9d","69d7901e3430d13455efb336","69e6293fcc3eb2b5df051a49","<p style=""font-size: 30px"">&emsp;</p><br><p style=""font-size: 60px; font-family: FragmentMono"">RWUK&emsp;&emsp;&emsp;&emsp;DWXD<p style=""font-size: 15px"">Press <strong>d</strong> for this letter combination&emsp;&emsp;&emsp;&emsp;&emsp;&emsp;&emsp;&emsp;&emsp;&emsp;Press <strong>k</strong> for this letter combination</p>","","","familiarity","","d","","false","RWUK","DWXD","",""
"941","k","html-keyboard-response","786","1053117","0.0-27.0-0.5","69a6f5f930a06e13c4593d9d","69d7901e3430d13455efb336","69e6293fcc3eb2b5df051a49","<p style=""font-size: 30px"">&emsp;</p><br><p style=""font-size: 60px; font-family: FragmentMono"">NPGVJ&emsp;&emsp;&emsp;&emsp;STCKM<p style=""font-size: 15px"">Press <strong>d</strong> for this letter combination&emsp;&emsp;&emsp;&emsp;&emsp;&emsp;&emsp;&emsp;&emsp;&emsp;Press <strong>k</strong> for this letter combination</p>","","","familiarity","","k","","true","STCKM","NPGVJ","",""
"1611","d","html-keyboard-response","787","1054729","0.0-27.0-0.6","69a6f5f930a06e13c4593d9d","69d7901e3430d13455efb336","69e6293fcc3eb2b5df051a49","<p style=""font-size: 30px"">&emsp;</p><br><p style=""font-size: 60px; font-family: FragmentMono"">KYV&emsp;&emsp;&emsp;&emsp;LSF<p style=""font-size: 15px"">Press <strong>d</strong> for this letter combination&emsp;&emsp;&emsp;&emsp;&emsp;&emsp;&emsp;&emsp;&emsp;&emsp;Press <strong>k</strong> for this letter combination</p>","","","familiarity","","k","","false","LSF","KYV","",""
"1867","k","html-keyboard-response","788","1056596","0.0-27.0-0.7","69a6f5f930a06e13c4593d9d","69d7901e3430d13455efb336","69e6293fcc3eb2b5df051a49","<p style=""font-size: 30px"">&emsp;</p><br><p style=""font-size: 60px; font-family: FragmentMono"">FWTPN&emsp;&emsp;&emsp;&emsp;CTOIV<p style=""font-size: 15px"">Press <strong>d</strong> for this letter combination&emsp;&emsp;&emsp;&emsp;&emsp;&emsp;&emsp;&emsp;&emsp;&emsp;Press <strong>k</strong> for this letter combination</p>","","","familiarity","","k","","true","CTOIV","FWTPN","",""
"1127","k","html-keyboard-response","789","1057724","0.0-27.0-0.8","69a6f5f930a06e13c4593d9d","69d7901e3430d13455efb336","69e6293fcc3eb2b5df051a49","<p style=""font-size: 30px"">&emsp;</p><br><p style=""font-size: 60px; font-family: FragmentMono"">SHXVK&emsp;&emsp;&emsp;&emsp;GQFHX<p style=""font-size: 15px"">Press <strong>d</strong> for this letter combination&emsp;&emsp;&emsp;&emsp;&emsp;&emsp;&emsp;&emsp;&emsp;&emsp;Press <strong>k</strong> for this letter combination</p>","","","familiarity","","d","","false","SHXVK","GQFHX","",""
"1377","k","html-keyboard-response","790","1059101","0.0-27.0-0.9","69a6f5f930a06e13c4593d9d","69d7901e3430d13455efb336","69e6293fcc3eb2b5df051a49","<p style=""font-size: 30px"">&emsp;</p><br><p style=""font-size: 60px; font-family: FragmentMono"">OLHX&emsp;&emsp;&emsp;&emsp;UXJC<p style=""font-size: 15px"">Press <strong>d</strong> for this letter combination&emsp;&emsp;&emsp;&emsp;&emsp;&emsp;&emsp;&emsp;&emsp;&emsp;Press <strong>k</strong> for this letter combination</p>","","","familiarity","","k","","true","UXJC","OLHX","",""
"1053","d","html-keyboard-response","791","1060154","0.0-27.0-0.10","69a6f5f930a06e13c4593d9d","69d7901e3430d13455efb336","69e6293fcc3eb2b5df051a49","<p style=""font-size: 30px"">&emsp;</p><br><p style=""font-size: 60px; font-family: FragmentMono"">VUWYK&emsp;&emsp;&emsp;&emsp;WGFUG<p style=""font-size: 15px"">Press <strong>d</strong> for this letter combination&emsp;&emsp;&emsp;&emsp;&emsp;&emsp;&emsp;&emsp;&emsp;&emsp;Press <strong>k</strong> for this letter combination</p>","","","familiarity","","d","","true","VUWYK","WGFUG","",""
"1252","d","html-keyboard-response","792","1061406","0.0-27.0-0.11","69a6f5f930a06e13c4593d9d","69d7901e3430d13455efb336","69e6293fcc3eb2b5df051a49","<p style=""font-size: 30px"">&emsp;</p><br><p style=""font-size: 60px; font-family: FragmentMono"">JGFH&emsp;&emsp;&emsp;&emsp;KMSK<p style=""font-size: 15px"">Press <strong>d</strong> for this letter combination&emsp;&emsp;&emsp;&emsp;&emsp;&emsp;&emsp;&emsp;&emsp;&emsp;Press <strong>k</strong> for this letter combination</p>","","","familiarity","","k","","false","KMSK","JGFH","",""
"1126","k","html-keyboard-response","793","1062533","0.0-27.0-0.12","69a6f5f930a06e13c4593d9d","69d7901e3430d13455efb336","69e6293fcc3eb2b5df051a49","<p style=""font-size: 30px"">&emsp;</p><br><p style=""font-size: 60px; font-family: FragmentMono"">YOWYC&emsp;&emsp;&emsp;&emsp;IPHAQ<p style=""font-size: 15px"">Press <strong>d</strong> for this letter combination&emsp;&emsp;&emsp;&emsp;&emsp;&emsp;&emsp;&emsp;&emsp;&emsp;Press <strong>k</strong> for this letter combination</p>","","","familiarity","","k","","true","IPHAQ","YOWYC","",""
"907","d","html-keyboard-response","794","1063440","0.0-27.0-0.13","69a6f5f930a06e13c4593d9d","69d7901e3430d13455efb336","69e6293fcc3eb2b5df051a49","<p style=""font-size: 30px"">&emsp;</p><br><p style=""font-size: 60px; font-family: FragmentMono"">SYJEO&emsp;&emsp;&emsp;&emsp;AJDZU<p style=""font-size: 15px"">Press <strong>d</strong> for this letter combination&emsp;&emsp;&emsp;&emsp;&emsp;&emsp;&emsp;&emsp;&emsp;&emsp;Press <strong>k</strong> for this letter combination</p>","","","familiarity","","d","","true","SYJEO","AJDZU","",""
"1048","d","html-keyboard-response","795","1064489","0.0-27.0-0.14","69a6f5f930a06e13c4593d9d","69d7901e3430d13455efb336","69e6293fcc3eb2b5df051a49","<p style=""font-size: 30px"">&emsp;</p><br><p style=""font-size: 60px; font-family: FragmentMono"">PNSG&emsp;&emsp;&emsp;&emsp;YAHE<p style=""font-size: 15px"">Press <strong>d</strong> for this letter combination&emsp;&emsp;&emsp;&emsp;&emsp;&emsp;&emsp;&emsp;&emsp;&emsp;Press <strong>k</strong> for this letter combination</p>","","","familiarity","","d","","true","PNSG","YAHE","",""
"1326","d","html-keyboard-response","796","1065815","0.0-27.0-0.15","69a6f5f930a06e13c4593d9d","69d7901e3430d13455efb336","69e6293fcc3eb2b5df051a49","<p style=""font-size: 30px"">&emsp;</p><br><p style=""font-size: 60px; font-family: FragmentMono"">PYB&emsp;&emsp;&emsp;&emsp;EQZ<p style=""font-size: 15px"">Press <strong>d</strong> for this letter combination&emsp;&emsp;&emsp;&emsp;&emsp;&emsp;&emsp;&emsp;&emsp;&emsp;Press <strong>k</strong> for this letter combination</p>","","","familiarity","","d","","true","PYB","EQZ","",""
"1713","d","html-keyboard-response","797","1067528","0.0-27.0-0.16","69a6f5f930a06e13c4593d9d","69d7901e3430d13455efb336","69e6293fcc3eb2b5df051a49","<p style=""font-size: 30px"">&emsp;</p><br><p style=""font-size: 60px; font-family: FragmentMono"">RBO&emsp;&emsp;&emsp;&emsp;AJE<p style=""font-size: 15px"">Press <strong>d</strong> for this letter combination&emsp;&emsp;&emsp;&emsp;&emsp;&emsp;&emsp;&emsp;&emsp;&emsp;Press <strong>k</strong> for this letter combination</p>","","","familiarity","","d","","true","RBO","AJE","",""
"1579","k","html-keyboard-response","798","1069108","0.0-27.0-0.17","69a6f5f930a06e13c4593d9d","69d7901e3430d13455efb336","69e6293fcc3eb2b5df051a49","<p style=""font-size: 30px"">&emsp;</p><br><p style=""font-size: 60px; font-family: FragmentMono"">IDKYX&emsp;&emsp;&emsp;&emsp;IMJRF<p style=""font-size: 15px"">Press <strong>d</strong> for this letter combination&emsp;&emsp;&emsp;&emsp;&emsp;&emsp;&emsp;&emsp;&emsp;&emsp;Press <strong>k</strong> for this letter combination</p>","","","familiarity","","k","","true","IMJRF","IDKYX","",""
"827","d","html-keyboard-response","799","1069935","0.0-27.0-0.18","69a6f5f930a06e13c4593d9d","69d7901e3430d13455efb336","69e6293fcc3eb2b5df051a49","<p style=""font-size: 30px"">&emsp;</p><br><p style=""font-size: 60px; font-family: FragmentMono"">PGNXD&emsp;&emsp;&emsp;&emsp;WRGAM<p style=""font-size: 15px"">Press <strong>d</strong> for this letter combination&emsp;&emsp;&emsp;&emsp;&emsp;&emsp;&emsp;&emsp;&emsp;&emsp;Press <strong>k</strong> for this letter combination</p>","","","familiarity","","d","","true","PGNXD","WRGAM","",""
"1808","k","html-keyboard-response","800","1071744","0.0-27.0-0.19","69a6f5f930a06e13c4593d9d","69d7901e3430d13455efb336","69e6293fcc3eb2b5df051a49","<p style=""font-size: 30px"">&emsp;</p><br><p style=""font-size: 60px; font-family: FragmentMono"">QKSP&emsp;&emsp;&emsp;&emsp;PBKN<p style=""font-size: 15px"">Press <strong>d</strong> for this letter combination&emsp;&emsp;&emsp;&emsp;&emsp;&emsp;&emsp;&emsp;&emsp;&emsp;Press <strong>k</strong> for this letter combination</p>","","","familiarity","","k","","true","PBKN","QKSP","",""
"896","k","html-keyboard-response","801","1072640","0.0-27.0-0.20","69a6f5f930a06e13c4593d9d","69d7901e3430d13455efb336","69e6293fcc3eb2b5df051a49","<p style=""font-size: 30px"">&emsp;</p><br><p style=""font-size: 60px; font-family: FragmentMono"">YSWYO&emsp;&emsp;&emsp;&emsp;PWEXE<p style=""font-size: 15px"">Press <strong>d</strong> for this letter combination&emsp;&emsp;&emsp;&emsp;&emsp;&emsp;&emsp;&emsp;&emsp;&emsp;Press <strong>k</strong> for this letter combination</p>","","","familiarity","","k","","true","PWEXE","YSWYO","",""
"990","d","html-keyboard-response","802","1073631","0.0-27.0-0.21","69a6f5f930a06e13c4593d9d","69d7901e3430d13455efb336","69e6293fcc3eb2b5df051a49","<p style=""font-size: 30px"">&emsp;</p><br><p style=""font-size: 60px; font-family: FragmentMono"">KFVH&emsp;&emsp;&emsp;&emsp;XEMO<p style=""font-size: 15px"">Press <strong>d</strong> for this letter combination&emsp;&emsp;&emsp;&emsp;&emsp;&emsp;&emsp;&emsp;&emsp;&emsp;Press <strong>k</strong> for this letter combination</p>","","","familiarity","","d","","true","KFVH","XEMO","",""
"1548","d","html-keyboard-response","803","1075179","0.0-27.0-0.22","69a6f5f930a06e13c4593d9d","69d7901e3430d13455efb336","69e6293fcc3eb2b5df051a49","<p style=""font-size: 30px"">&emsp;</p><br><p style=""font-size: 60px; font-family: FragmentMono"">HSTDK&emsp;&emsp;&emsp;&emsp;JRZVH<p style=""font-size: 15px"">Press <strong>d</strong> for this letter combination&emsp;&emsp;&emsp;&emsp;&emsp;&emsp;&emsp;&emsp;&emsp;&emsp;Press <strong>k</strong> for this letter combination</p>","","","familiarity","","k","","false","JRZVH","HSTDK","",""
"33","d","html-keyboard-response","804","1075213","0.0-27.0-0.23","69a6f5f930a06e13c4593d9d","69d7901e3430d13455efb336","69e6293fcc3eb2b5df051a49","<p style=""font-size: 30px"">&emsp;</p><br><p style=""font-size: 60px; font-family: FragmentMono"">PGF&emsp;&emsp;&emsp;&emsp;HPS<p style=""font-size: 15px"">Press <strong>d</strong> for this letter combination&emsp;&emsp;&emsp;&emsp;&emsp;&emsp;&emsp;&emsp;&emsp;&emsp;Press <strong>k</strong> for this letter combination</p>","","","familiarity","","k","","false","HPS","PGF","",""
"1400","d","html-keyboard-response","805","1076613","0.0-27.0-0.24","69a6f5f930a06e13c4593d9d","69d7901e3430d13455efb336","69e6293fcc3eb2b5df051a49","<p style=""font-size: 30px"">&emsp;</p><br><p style=""font-size: 60px; font-family: FragmentMono"">HNCXA&emsp;&emsp;&emsp;&emsp;CHTLQ<p style=""font-size: 15px"">Press <strong>d</strong> for this letter combination&emsp;&emsp;&emsp;&emsp;&emsp;&emsp;&emsp;&emsp;&emsp;&emsp;Press <strong>k</strong> for this letter combination</p>","","","familiarity","","d","","true","HNCXA","CHTLQ","",""
"1522","k","html-keyboard-response","806","1078136","0.0-27.0-0.25","69a6f5f930a06e13c4593d9d","69d7901e3430d13455efb336","69e6293fcc3eb2b5df051a49","<p style=""font-size: 30px"">&emsp;</p><br><p style=""font-size: 60px; font-family: FragmentMono"">NRGJ&emsp;&emsp;&emsp;&emsp;PTPZ<p style=""font-size: 15px"">Press <strong>d</strong> for this letter combination&emsp;&emsp;&emsp;&emsp;&emsp;&emsp;&emsp;&emsp;&emsp;&emsp;Press <strong>k</strong> for this letter combination</p>","","","familiarity","","d","","false","NRGJ","PTPZ","",""
"1307","d","html-keyboard-response","807","1079443","0.0-27.0-0.26","69a6f5f930a06e13c4593d9d","69d7901e3430d13455efb336","69e6293fcc3eb2b5df051a49","<p style=""font-size: 30px"">&emsp;</p><br><p style=""font-size: 60px; font-family: FragmentMono"">ZRT&emsp;&emsp;&emsp;&emsp;TSL<p style=""font-size: 15px"">Press <strong>d</strong> for this letter combination&emsp;&emsp;&emsp;&emsp;&emsp;&emsp;&emsp;&emsp;&emsp;&emsp;Press <strong>k</strong> for this letter combination</p>","","","familiarity","","d","","true","ZRT","TSL","",""
"1081","d","html-keyboard-response","808","1080525","0.0-27.0-0.27","69a6f5f930a06e13c4593d9d","69d7901e3430d13455efb336","69e6293fcc3eb2b5df051a49","<p style=""font-size: 30px"">&emsp;</p><br><p style=""font-size: 60px; font-family: FragmentMono"">HSXWW&emsp;&emsp;&emsp;&emsp;RKXAH<p style=""font-size: 15px"">Press <strong>d</strong> for this letter combination&emsp;&emsp;&emsp;&emsp;&emsp;&emsp;&emsp;&emsp;&emsp;&emsp;Press <strong>k</strong> for this letter combination</p>","","","familiarity","","d","","true","HSXWW","RKXAH","",""
"1264","d","html-keyboard-response","809","1081789","0.0-27.0-0.28","69a6f5f930a06e13c4593d9d","69d7901e3430d13455efb336","69e6293fcc3eb2b5df051a49","<p style=""font-size: 30px"">&emsp;</p><br><p style=""font-size: 60px; font-family: FragmentMono"">OPFHS&emsp;&emsp;&emsp;&emsp;OXZKV<p style=""font-size: 15px"">Press <strong>d</strong> for this letter combination&emsp;&emsp;&emsp;&emsp;&emsp;&emsp;&emsp;&emsp;&emsp;&emsp;Press <strong>k</strong> for this letter combination</p>","","","familiarity","","d","","true","OPFHS","OXZKV","",""
"1729","d","html-keyboard-response","810","1083518","0.0-27.0-0.29","69a6f5f930a06e13c4593d9d","69d7901e3430d13455efb336","69e6293fcc3eb2b5df051a49","<p style=""font-size: 30px"">&emsp;</p><br><p style=""font-size: 60px; font-family: FragmentMono"">MVIVI&emsp;&emsp;&emsp;&emsp;KUQVM<p style=""font-size: 15px"">Press <strong>d</strong> for this letter combination&emsp;&emsp;&emsp;&emsp;&emsp;&emsp;&emsp;&emsp;&emsp;&emsp;Press <strong>k</strong> for this letter combination</p>","","","familiarity","","d","","true","MVIVI","KUQVM","",""
"12496"," ","html-keyboard-response","811","1096014","0.0-28.0","69a6f5f930a06e13c4593d9d","69d7901e3430d13455efb336","69e6293fcc3eb2b5df051a49","<p style=""font-size: 30px"">Thank you for your help deciphering these alien communications! In this final part, we'd like you to answer the following questions on your history, use, proficiency, and attitudes towards your own languages.</p>
      <p style=""font-size: 30px"">The questionnaire contains 19 questions and will take only 10 minutes. Please answer every question honestly: this way we'll be able to guarantee a good outcome for this experiment.</p>
      <p style=""font-size: 30px"">Press the spacebar to begin.</p>","","","","","","","","","","",""
"36199","{""Age"":""22"",""Gender"":""Man"",""Education"":""MinusCollege"",""L1"":""English"",""L2"":""Spanish"",""L3"":""n/a"",""L4"":""n/a"",""otherLs"":""No""}","survey-html-form","812","1132215","0.0-29.0","69a6f5f930a06e13c4593d9d","69d7901e3430d13455efb336","69e6293fcc3eb2b5df051a49","","","","","","","","","","","bio_info",""
"36151","{""AoAL1"":""0"",""AoAL2"":""0"",""AoEaseL1"":""0"",""AoEaseL2"":""0"",""yearsEduL1"":""20+"",""yearsEduL2"":""20+"",""yearsCountryL1"":""20+"",""yearsCountryL2"":""20+"",""yearsFamilyL1"":""20+"",""yearsFamilyL2"":""20+"",""yearsWorkL1"":""20+"",""yearsWorkL2"":""20+""}","survey-html-form","813","1168376","0.0-30.0","69a6f5f930a06e13c4593d9d","69d7901e3430d13455efb336","69e6293fcc3eb2b5df051a49","","","","","","","","","","","history_info",""
"29572","{""PercFriendsL1"":""60"",""PercFriendsL2"":""50"",""PercFamilyL1"":""50"",""PercFamilyL2"":""50"",""PercWorkL1"":""70"",""PercWorkL2"":""40"",""PercSelfL1"":""80"",""PercSelfL2"":""40"",""PercCountL1"":""80"",""PercCountL2"":""60""}","survey-html-form","814","1197953","0.0-31.0-0.0-0.0","69a6f5f930a06e13c4593d9d","69d7901e3430d13455efb336","69e6293fcc3eb2b5df051a49","","","","","","","","","","","use_info",""
"3753","","instructions","815","1201707","0.0-31.0-0.0-1.0-0.0","69a6f5f930a06e13c4593d9d","69d7901e3430d13455efb336","69e6293fcc3eb2b5df051a49","","","","","","","","","","","use_info_prb","[{""page_index"":0,""viewing_time"":3753}]"
"34515","{""PercFriendsL1"":""60"",""PercFriendsL2"":""40"",""PercFamilyL1"":""50"",""PercFamilyL2"":""50"",""PercWorkL1"":""80"",""PercWorkL2"":""20"",""PercSelfL1"":""80"",""PercSelfL2"":""20"",""PercCountL1"":""60"",""PercCountL2"":""40""}","survey-html-form","816","1236229","0.0-31.0-0.1-0.1","69a6f5f930a06e13c4593d9d","69d7901e3430d13455efb336","69e6293fcc3eb2b5df051a49","","","","","","","","","","","use_info",""
"31434","{""ProfSpeakL1"":""6"",""ProfSpeakL2"":""6"",""ProfUnderstandL1"":""6"",""ProfUnderstandL2"":""6"",""ProfReadL1"":""6"",""ProfReadL2"":""6"",""AttentionL1"":""2"",""AttentionL2"":""2"",""ProfWriteL1"":""6"",""ProfWriteL2"":""6""}","survey-html-form","817","1267669","0.0-32.0","69a6f5f930a06e13c4593d9d","69d7901e3430d13455efb336","69e6293fcc3eb2b5df051a49","","","","","","","","","","","proficiency_info",""
"15244","{""AttSelfL1"":""6"",""AttSelfL2"":""6"",""AttCultureL1"":""6"",""AttCultureL2"":""6"",""AttNativeLevelL1"":""6"",""AttNativeLevelL2"":""6"",""AttMothertongueL1"":""6"",""AttMothertongueL2"":""6""}","survey-html-form","818","1282918","0.0-33.0","69a6f5f930a06e13c4593d9d","69d7901e3430d13455efb336","69e6293fcc3eb2b5df051a49","","","","","","","","","","","attitudes_info",""
"24991"," ","html-keyboard-response","819","1307910","0.0-34.0","69a6f5f930a06e13c4593d9d","69d7901e3430d13455efb336","69e6293fcc3eb2b5df051a49","<p style=""font-size: 30px""><u>Goal of the study:</u> This experiment intends to test if people with more experience with more languages are more capable of unconsciously processing statistical information of new words. The alien words you saw at the beginning of the study belonged to two different languages, and this difference was displayed in how word parts were assembled together. Thank you for your participation!</p>
      <p style=""font-size: 30px"">Data upload will take a few seconds. Please wait briefly, then you will be redirected to Prolific with your completion code. Press any key now to do so.</p>","","","","","","","","","","",""
