sbjID,familiarity_score
16,50.0
17,56.66666666666667
18,50.0
19,60.0
20,66.66666666666667
21,50.0
22,43.333333333333336
